target_fips,storm_year,storm_month,n_clean_neighbors,neighbor_fips
18021,2021,12,2,"18109,18109"
54037,2020,5,1,51840
31141,2023,8,6,"31003,31159,31003,31139,31159,31139"
38097,2023,4,2,"38003,38003"
32003,2024,6,2,"06037,32015"
51179,2025,6,1,51685
12079,2024,5,2,"12041,12041"
22023,2022,5,3,"48071,48291,48241"
22017,2021,4,2,"48459,48459"
12031,2025,5,2,"12007,12007"
56003,2020,8,2,"56017,56017"
17099,2021,7,2,"17175,17175"
05031,2022,5,3,"05037,47097,05037"
18133,2024,6,2,"18045,18045"
31181,2022,4,1,20123
29169,2023,4,1,29135
06015,2022,11,5,"06049,41029,41019,41019,41029"
42055,2024,1,2,"42009,42009"
18125,2021,6,2,"18101,18101"
39035,2021,3,2,"39077,39099"
48137,2023,10,2,"48323,48323"
17019,2023,4,1,17023
40089,2024,3,3,"40005,40013,40005"
40081,2021,6,2,"40103,40103"
12049,2022,4,1,12043
19189,2024,6,5,"19069,19069,19151,27091,27091"
17037,2024,8,1,17123
29061,2023,5,2,"29003,29003"
19095,2023,7,2,"19115,19115"
29219,2020,3,3,"17013,17013,17083"
54003,2024,8,1,51840
38057,2023,4,1,38083
55047,2020,7,1,55055
20137,2022,5,2,"31061,31061"
45029,2024,5,3,"45011,45011,45011"
20009,2024,7,1,20141
37197,2024,5,2,"37005,37005"
40091,2022,8,3,"40029,40005,40029"
13087,2023,3,1,13037
47147,2024,4,1,47169
29113,2020,7,2,"17083,17083"
32011,2023,7,5,"49003,49045,49023,49027,49045"
06043,2023,8,2,"06009,06009"
29215,2022,2,2,"29093,29073"
45059,2025,5,1,45023
48025,2023,8,2,"48007,48007"
48369,2023,7,4,"35037,35041,35041,35037"
36103,2025,6,1,44005
46095,2022,6,3,"46015,31103,31103"
31071,2023,8,4,"31003,31015,31103,31003"
47179,2024,9,1,37011
06029,2023,2,3,"06053,04012,06053"
46123,2024,7,2,"31091,31171"
54081,2021,1,1,51021
08033,2023,4,11,"08053,35045,35045,08053,08091,08091,08077,35045,49017,49025,49055"
22049,2025,5,1,22041
22079,2024,6,2,"22011,22011"
27077,2021,7,1,27029
13011,2024,7,4,"13281,13013,13013,13219"
29153,2024,9,3,"05065,05137,05065"
54097,2023,7,2,"54093,54093"
27019,2022,9,1,27103
51059,2021,8,1,51685
22021,2023,6,3,"22107,22107,22123"
28043,2021,6,1,28027
21083,2021,2,1,21143
21145,2020,7,4,"21055,21143,21143,21221"
13023,2020,8,1,13283
35007,2020,6,3,"08003,08021,08021"
08073,2020,7,1,08119
38047,2021,7,1,38083
05057,2025,1,4,"05113,05019,05019,05113"
01007,2022,6,2,"01057,01107"
05075,2023,6,8,"05111,29069,05021,29069,05065,05111,05021,05065"
30063,2024,5,5,"30053,30023,30023,30023,30053"
51053,2022,11,1,51595
26077,2024,2,1,55101
29107,2023,8,6,"20209,29037,29037,29083,29083,29089"
29033,2025,6,3,"29061,29063,29061"
46049,2021,7,2,"46005,46005"
51065,2021,5,1,51540
36101,2024,9,1,42023
01065,2022,2,2,"01107,01107"
26115,2023,4,4,"26059,26093,39123,39173"
31179,2021,8,6,"46027,46135,31043,46027,19193,31043"
55125,2024,8,2,"55037,55037"
47005,2020,9,2,"47183,47183"
39111,2024,3,2,"54073,54073"
51027,2021,3,1,51021
05107,2020,12,4,"05035,05123,05123,05035"
31053,2025,4,7,"31173,31143,31185,31167,31167,31173,31179"
19029,2023,4,4,"19145,19129,19145,19129"
40015,2023,10,4,"40043,40093,40043,40129"
05143,2021,4,1,05101
40143,2024,6,4,"40119,40103,40103,40119"
48137,2020,9,2,"48507,48507"
17009,2022,3,1,17013
13321,2022,8,1,13037
01123,2023,5,3,"13145,13145,13045"
47041,2022,8,3,"47087,47087,47061"
04017,2024,6,4,"35003,35006,35031,08033"
29201,2023,7,3,"29069,47095,29069"
21003,2022,2,3,"47027,47027,47087"
37101,2022,6,3,"37185,37185,37141"
01127,2023,6,2,"01007,01007"
48387,2023,6,1,40005
40091,2024,1,5,"40029,40133,40133,40005,40029"
13243,2021,5,1,13053
01055,2023,7,3,"13055,13055,13083"
47137,2022,5,3,"47087,47111,47087"
39005,2020,11,1,39143
38093,2023,4,2,"38083,38083"
21047,2022,8,3,"47083,47005,47083"
48139,2022,5,1,48425
17025,2020,8,3,"17035,17035,17101"
16033,2022,6,7,"16037,30031,30057,16037,30023,30057,30093"
40121,2024,4,5,"40013,40023,40069,40069,40023"
37039,2024,7,2,"13281,13281"
29011,2022,3,2,"29185,29185"
27109,2024,6,2,"55091,55091"
22045,2020,10,4,"22093,22077,22121,22077"
17129,2021,10,1,17039
05147,2024,3,3,"05035,05107,05035"
30029,2021,6,8,"30043,30059,16017,16021,16049,30023,30043,16017"
21177,2021,3,3,"21233,21233,21091"
44009,2020,8,2,"44001,44001"
18091,2020,5,2,"18131,18131"
35049,2020,8,3,"35006,08021,35006"
06013,2024,3,3,"06005,06005,06009"
29181,2021,6,1,29179
08015,2022,8,3,"08037,08019,08037"
01067,2023,1,3,"13259,13037,13037"
27067,2022,8,1,27103
13033,2020,1,1,13283
42131,2022,7,1,42025
20129,2023,7,1,08011
51185,2025,5,1,21195
31133,2022,4,2,"20013,20013"
13313,2021,4,1,13227
55033,2021,6,4,"27163,27025,27163,27163"
56001,2025,6,4,"08049,08107,08049,08107"
08063,2020,5,1,08025
16051,2022,9,3,"30001,30001,30057"
22009,2024,6,2,"22107,22107"
28089,2022,9,7,"28029,28053,28101,28029,28101,28053,28125"
06103,2025,1,2,"06093,06093"
35025,2023,8,1,35037
06023,2022,4,9,"41015,41033,06097,06049,06089,41029,41033,41035,06089"
25001,2020,11,1,44001
31119,2021,7,1,31051
54025,2025,5,1,51580
20133,2024,3,2,"20107,20107"
16071,2025,6,2,"32007,32007"
24017,2020,7,3,"51600,51610,51685"
47157,2020,5,3,"28009,28009,47069"
31135,2025,5,1,31047
34031,2022,5,4,"36005,36061,36079,36079"
20037,2021,7,2,"40035,40035"
39121,2025,6,1,54073
28115,2020,4,1,28009
45019,2022,6,2,"45089,45089"
01083,2022,3,3,"28141,47051,47051"
45049,2020,12,4,"13031,13031,45011,45011"
51181,2022,6,1,51740
42083,2023,4,2,"42039,42049"
25023,2020,10,3,"25007,25007,44001"
48215,2021,5,2,"48247,48247"
48129,2024,6,4,"48153,40009,40009,40129"
22019,2021,9,2,"22003,22003"
08081,2025,6,8,"08045,08037,08045,08049,49043,08045,49019,49043"
51153,2022,8,2,"51600,51610"
13321,2024,1,4,"13261,13315,13261,13315"
28071,2020,2,2,"28009,28009"
46117,2023,9,1,46015
40143,2021,5,3,"40103,40103,40035"
47167,2022,5,4,"05037,05123,47033,47033"
36111,2020,12,3,"36079,34031,36079"
46057,2021,9,10,"27081,27117,46079,46101,46005,27073,27081,27173,46005,46079"
21111,2025,5,6,"18143,21223,18025,21103,21223,21103"
24017,2023,8,1,51685
48019,2021,12,2,"48013,48013"
19173,2023,4,3,"19129,19129,29003"
04005,2020,7,2,"32017,49021"
39015,2020,8,2,"21201,21201"
51800,2025,6,1,37143
06007,2021,12,2,"06033,06033"
37049,2025,2,1,37187
54059,2025,5,3,"21071,21071,21119"
26055,2020,10,2,"26133,26133"
13091,2021,3,3,"13283,13209,13283"
19069,2023,6,4,"19189,19195,19189,19195"
35021,2024,7,3,"08023,35055,35055"
21049,2021,6,1,21097
05145,2021,6,1,05123
53013,2022,6,7,"41049,53005,53001,53005,53005,16009,53001"
22077,2024,1,1,22107
05007,2024,1,2,"05101,05101"
08089,2023,5,2,"08023,08043"
05147,2021,2,2,"05035,05035"
18069,2020,9,2,"18009,18009"
12113,2023,4,1,01035
21221,2024,9,6,"21055,21233,21219,21055,21139,21139"
08055,2021,7,7,"08021,08105,08021,08011,08053,08079,08105"
54041,2024,3,2,"54067,54067"
55007,2023,4,5,"55051,55005,55107,55005,55107"
06011,2021,10,4,"06045,06045,06055,06055"
22051,2020,7,2,"22093,22093"
13091,2024,4,2,"13283,13283"
13155,2023,7,4,"13271,13315,13271,13315"
47077,2025,5,3,"47069,28003,47069"
35029,2024,6,2,"35003,35003"
55009,2022,6,3,"26019,26019,26105"
40003,2020,7,2,"20033,20033"
12101,2023,6,5,"12049,12081,12049,12055,12081"
29171,2021,12,1,29103
20095,2023,4,4,"40003,40003,40053,40053"
47141,2024,6,4,"47177,47137,47137,47177"
13303,2022,6,4,"13301,13133,13301,13301"
22101,2021,4,5,"22047,22093,22047,22047,22077"
32013,2024,6,4,"16083,16083,32029,16087"
54031,2024,8,2,"51840,54093"
22075,2021,3,1,28045
18111,2023,5,3,"18181,18131,18181"
48181,2023,3,1,40005
18107,2024,6,1,18181
20193,2025,6,1,31065
29063,2020,4,7,"20043,20043,29033,29117,29177,29177,29117"
17093,2024,6,1,17123
28151,2024,2,4,"05107,28027,28027,28135"
48379,2020,5,2,"48119,48119"
20057,2024,6,1,40059
40073,2024,9,2,"40003,40003"
41067,2022,4,5,"41027,41065,41027,53059,41041"
08103,2024,9,3,"49009,08049,49009"
35059,2024,8,3,"08023,08023,35055"
51510,2022,8,3,"51610,51600,51610"
17163,2023,6,3,"17051,29186,29186"
13277,2023,1,1,13315
29023,2022,2,1,29093
51109,2024,6,1,51630
13073,2023,7,5,"13317,13163,13301,13317,13163"
08085,2020,5,4,"08053,08109,08053,49007"
13289,2020,5,1,13283
21221,2023,1,2,"47079,47079"
41045,2022,9,6,"16045,16045,16045,32027,41049,41037"
13239,2021,5,1,13053
16005,2020,5,3,"49005,49033,49005"
22113,2025,6,1,22007
28147,2023,4,4,"28065,28063,28065,28073"
48113,2024,6,1,48349
31001,2024,4,2,"31121,31121"
05021,2025,5,2,"29223,29143"
13121,2021,7,3,"13143,13149,13149"
37049,2022,1,3,"37095,37095,37095"
17191,2021,8,2,"17079,17079"
37023,2022,5,1,37199
48001,2023,9,1,48455
18101,2024,6,1,18173
47025,2025,2,9,"21051,21095,21121,21131,21121,21125,21147,21147,21095"
48301,2024,5,2,"48109,48109"
22105,2025,5,3,"22093,28147,28147"
21089,2020,2,1,21063
49017,2020,7,2,"32017,32017"
13001,2021,6,6,"13209,13309,13107,13107,13209,13283"
50021,2020,5,2,"50017,50017"
22001,2022,10,1,22077
25005,2021,6,1,25019
37143,2023,6,2,"37091,37091"
45073,2022,6,7,"13011,13195,13011,13281,13195,13281,13011"
05017,2022,7,4,"22083,22083,22083,28027"
29047,2021,8,2,"29107,29107"
51029,2021,7,1,51540
16005,2023,6,4,"49005,49033,49003,49005"
26057,2020,7,1,26133
13305,2023,12,2,"13279,13279"
51141,2021,7,2,"51640,51690"
30031,2024,7,1,30023
47017,2021,7,5,"47083,47071,47023,47071,47023"
36013,2025,6,5,"36037,36063,39007,42039,42039"
27073,2022,9,4,"27155,27081,27083,27081"
17073,2024,7,2,"17123,17123"
29041,2025,6,5,"29025,29025,29061,29137,29137"
36021,2022,4,1,36079
31021,2022,7,5,"19093,19193,19193,31043,31051"
17145,2023,6,1,29186
42129,2024,8,2,"54051,54069"
51075,2024,8,2,"51570,51670"
29027,2022,3,4,"29135,29135,29073,29073"
42105,2023,7,1,42093
51073,2022,6,1,51735
29219,2020,7,3,"17013,17013,17083"
38057,2023,8,1,38083
48405,2025,5,2,"48225,48455"
31107,2023,3,9,"31103,46027,31103,46067,46015,46067,46027,46067,46125"
06035,2024,12,2,"06093,06093"
35003,2022,6,3,"04009,04003,04009"
36113,2023,8,7,"36019,36033,50001,36033,36093,50001,50021"
20095,2020,3,1,20033
35017,2023,5,3,"35006,35053,35053"
17167,2024,4,1,17005
51137,2021,7,1,51540
17049,2025,6,2,"17159,17159"
18023,2023,2,3,"18181,18103,18181"
37031,2024,6,1,37177
06019,2021,7,4,"06079,06085,06079,06085"
49051,2024,7,2,"49009,49009"
06063,2023,5,5,"06011,06049,06049,06105,06105"
32015,2023,6,3,"32019,49003,49045"
56011,2022,6,2,"56009,56009"
47059,2020,7,3,"37199,37121,37199"
05037,2023,8,1,28143
31097,2022,5,2,"31147,31147"
36079,2024,5,3,"34031,34031,36005"
17095,2025,4,3,"19115,17123,17123"
20015,2024,2,1,40053
13183,2021,6,2,"13107,13279"
05115,2024,5,2,"05137,05137"
40041,2022,10,1,40105
51093,2022,5,2,"51740,51740"
13019,2025,6,1,13271
35059,2021,7,2,"08011,08011"
27075,2023,9,1,27061
30049,2025,5,4,"30047,30023,30057,30023"
01067,2021,12,1,13259
06017,2021,12,3,"32510,06013,32510"
06065,2024,9,4,"04027,04027,06037,06037"
29031,2023,1,4,"29123,29123,29186,29069"
51109,2021,5,1,51540
19153,2020,6,2,"19079,19079"
17201,2020,3,1,55055
40051,2021,7,2,"40033,40033"
22029,2022,5,9,"22047,22121,28063,22037,22121,28037,28063,22037,28037"
20051,2022,5,2,"20089,20123"
17191,2023,1,3,"17051,17051,17033"
13245,2023,1,8,"13107,13107,13125,13167,13301,13303,13301,13317"
37015,2022,6,2,"37185,37185"
13129,2023,4,11,"13067,13223,13233,13067,13121,13055,13233,13047,13055,13083,13047"
40153,2020,6,2,"20033,20033"
12099,2023,4,2,"12055,12055"
30013,2020,7,2,"30043,30077"
21225,2024,1,7,"17151,21139,21033,21139,21143,21033,21107"
40053,2021,7,2,"40103,40103"
31089,2024,8,5,"31011,31175,31011,31077,31175"
26077,2024,6,1,55101
47139,2025,6,1,37113
35043,2024,7,3,"35003,08021,35055"
19153,2023,7,2,"19079,19079"
48055,2021,5,2,"48287,48287"
18003,2024,2,1,39003
47111,2025,2,3,"21169,21053,47137"
48319,2020,5,1,48333
17099,2023,4,2,"17175,17175"
56003,2022,5,4,"56009,30031,56017,56017"
20051,2025,6,5,"20089,20123,20183,20147,20183"
12075,2020,2,1,12053
47141,2021,3,2,"47137,47137"
16043,2021,8,4,"30023,30043,30059,30043"
31073,2022,9,1,31099
21035,2024,2,4,"21139,21143,21033,21143"
55131,2022,11,3,"55047,55047,26105"
17187,2022,6,1,19115
19057,2021,12,2,"19183,19183"
29075,2020,7,3,"20043,29117,19145"
55119,2023,10,4,"55005,55035,55035,55005"
47113,2021,3,3,"47183,47183,28009"
37147,2025,4,2,"37187,37187"
17021,2022,6,1,17039
29061,2020,8,3,"29033,29177,29033"
41043,2022,4,13,"41041,41013,41035,41037,41013,41065,41019,41035,41041,41065,41071,41041,41071"
20071,2025,4,4,"08011,08025,08089,08011"
06065,2023,1,2,"04027,04027"
48387,2023,10,3,"40005,40013,40013"
38093,2023,8,2,"38083,38083"
45041,2022,5,2,"45043,45043"
17167,2021,3,1,17083
22095,2021,3,7,"22007,22047,22007,22007,28045,28005,28113"
47147,2021,7,1,47083
19091,2021,8,5,"19021,19041,19059,19021,19041"
45063,2021,6,2,"45011,45011"
21149,2020,6,1,21055
40123,2023,5,2,"40005,40005"
35001,2022,8,2,"35028,35028"
48321,2025,6,1,48285
19141,2024,7,4,"19093,19151,19093,19151"
47007,2024,5,5,"13047,47121,47121,47177,47177"
41053,2024,12,3,"41065,41007,41009"
29015,2024,4,5,"29101,29053,29053,29101,29107"
50019,2020,5,1,50017
51017,2025,4,3,"51580,51530,51678"
21177,2021,7,1,21091
05085,2023,4,1,05107
13171,2022,6,2,"13159,13159"
01067,2023,5,1,13259
55025,2023,3,3,"55047,55077,55047"
42099,2022,6,2,"42087,42093"
47069,2022,2,6,"28141,47033,47097,47017,47033,47053"
25021,2020,6,2,"44001,44001"
27003,2025,6,2,"27065,27065"
06065,2021,8,2,"04027,04027"
39025,2023,7,3,"21161,21201,21161"
06059,2022,12,4,"04012,06025,04012,06025"
01121,2024,5,1,13143
46059,2022,7,3,"46077,46015,46015"
48335,2022,6,3,"48115,48433,48115"
48067,2022,5,2,"05081,05081"
23025,2020,4,3,"23029,23023,23029"
33019,2020,5,2,"50017,50017"
26133,2023,7,6,"26111,26143,26111,26105,26143,26105"
31175,2020,7,3,"31011,31003,31011"
48237,2022,10,1,48487
56041,2024,7,2,"49009,49009"
08095,2024,4,2,"31085,31085"
01019,2024,8,2,"13143,13143"
28107,2022,5,5,"28013,28027,28027,28027,28013"
29181,2024,11,1,29207
51710,2023,12,2,"51735,51735"
08077,2020,8,4,"08053,08109,08065,49007"
05075,2020,9,4,"29069,29069,05065,05065"
51053,2024,8,4,"51570,51670,51670,51570"
17145,2020,3,2,"17121,17121"
30063,2021,8,10,"16061,16003,16061,41063,30073,30023,30023,30043,30023,16017"
01089,2022,7,2,"47127,47127"
13253,2023,3,1,13037
42067,2023,7,1,42093
48185,2025,5,7,"48051,48225,48407,48225,48407,48455,48051"
13139,2021,4,3,"13227,13281,13281"
39111,2021,6,2,"39115,39115"
38099,2021,7,1,27135
31127,2022,4,1,20013
01003,2022,7,3,"01035,01013,01035"
13117,2022,6,8,"13111,13013,13157,13247,13011,13013,13137,13157"
28071,2020,6,2,"28009,28009"
17121,2021,7,1,17079
12087,2022,5,1,12051
47011,2023,7,4,"13123,13047,13047,13083"
54099,2025,3,5,"21063,21175,21071,21195,21195"
45037,2023,7,1,13163
48447,2023,9,3,"48077,48133,48133"
45051,2025,5,2,"37141,37141"
04017,2021,9,1,08033
13115,2023,5,6,"13123,13213,13313,13047,13083,13313"
45069,2021,5,2,"37179,37179"
40079,2023,6,1,40005
28077,2021,6,3,"28005,28113,28113"
51051,2020,2,2,"21159,51720"
49057,2024,7,2,"16071,16071"
37049,2025,6,1,37187
39031,2021,6,1,39115
51191,2023,7,1,51021
37111,2021,6,3,"37087,47171,47171"
33007,2020,5,1,50017
27005,2024,7,1,27041
08007,2025,6,6,"08023,08051,08091,08083,35028,08083"
51173,2025,5,1,37005
01045,2023,3,1,13259
16031,2022,9,1,16025
18027,2024,6,3,"18173,17033,18173"
05011,2021,4,1,22027
22085,2022,3,2,"48241,48241"
40039,2022,12,3,"40093,40093,48211"
45003,2025,5,2,"13163,13163"
51085,2023,7,3,"51036,51036,51095"
22077,2024,5,3,"22039,22107,22039"
28045,2024,5,1,28111
47143,2023,8,3,"13047,13083,13313"
20027,2025,5,4,"20089,20123,20123,31169"
48351,2021,4,2,"22003,22003"
05147,2021,6,2,"05035,05035"
51710,2022,4,2,"51735,51735"
12119,2021,2,1,12055
55005,2021,4,5,"27025,27115,27025,27163,27163"
05117,2021,5,2,"05123,05123"
19035,2024,7,4,"19151,19151,19151,31173"
19135,2025,6,5,"19101,29199,19107,19101,19107"
48381,2023,5,2,"35037,35037"
55007,2023,8,4,"55005,55107,55005,55107"
39121,2024,2,1,54073
22103,2021,12,5,"22057,22057,22093,28091,28091"
29001,2022,3,1,19185
55123,2023,5,1,55141
47003,2023,8,1,47061
08079,2022,8,1,08111
13091,2024,8,2,"13283,13283"
48213,2025,6,5,"48225,48225,48231,48231,48379"
46029,2021,8,8,"46005,46077,27073,27081,46011,27073,46011,46077"
56039,2021,8,8,"16065,16065,16065,30043,30059,56017,16007,56017"
13147,2023,7,4,"13317,13011,13011,13157"
05049,2024,11,2,"05137,05137"
47037,2023,12,3,"47117,47081,47117"
48129,2023,2,3,"48211,40129,48211"
17033,2020,7,2,"17035,17035"
48207,2023,9,1,48133
41055,2024,8,10,"41049,41069,41027,41031,41069,41027,41049,53005,53059,53077"
17137,2021,5,2,"17083,17083"
01085,2023,6,1,01035
22009,2021,9,6,"22003,22047,22121,22003,22037,22121"
47129,2025,2,5,"47173,47137,21147,21231,47137"
06023,2024,1,5,"41015,41033,06049,41033,41035"
20095,2023,8,4,"40003,40003,40053,40053"
40045,2023,8,2,"40093,40093"
20065,2022,5,1,31061
13159,2021,5,3,"13021,13021,13141"
18099,2025,6,1,18103
32013,2024,10,3,"16027,16027,16087"
28029,2023,12,3,"22107,22107,28005"
13045,2021,12,3,"13233,13233,13233"
51107,2020,3,3,"51600,51610,51685"
39049,2025,5,5,"39083,39101,39117,39083,39101"
46085,2021,5,4,"31015,46009,46067,31015"
48497,2024,6,2,"48009,40067"
21213,2023,12,1,21061
06113,2024,2,1,06005
13009,2024,7,5,"13125,13301,13125,13163,13175"
40113,2024,4,4,"40053,40083,40119,40119"
54047,2023,5,3,"51021,51021,54089"
28151,2024,6,4,"05107,28027,28027,28135"
22049,2022,11,4,"22041,22083,22067,22083"
22099,2024,6,1,22039
48347,2024,12,1,48455
47031,2024,7,2,"47117,47117"
40015,2022,6,3,"40043,40093,40043"
45075,2020,4,2,"45089,45089"
48255,2022,5,1,48149
29051,2021,3,2,"29089,29073"
20053,2025,6,3,"20123,20141,20141"
27099,2020,6,2,"19067,19067"
05099,2024,12,3,"05039,05039,05113"
23017,2024,4,2,"23023,23023"
13277,2023,5,1,13315
39157,2025,6,8,"39083,39005,39083,39169,39099,39133,39153,39169"
47073,2023,2,1,51520
17101,2021,6,2,"17079,17079"
37109,2024,7,1,37011
28033,2025,5,2,"05077,05077"
05069,2024,8,4,"05011,05039,05039,05105"
48487,2021,4,2,"40033,40033"
21221,2023,5,2,"47079,47079"
19063,2021,6,11,"19021,19035,19141,19143,19141,19143,19021,19143,27033,27165,27165"
17173,2024,5,2,"17005,17005"
06007,2023,9,1,06105
45045,2021,5,2,"37087,37087"
49045,2022,7,7,"16083,49029,49039,49029,49039,49029,49033"
21237,2022,6,2,"21189,21189"
55013,2024,8,2,"27065,27065"
48359,2025,6,2,"35009,35009"
49017,2025,5,4,"08083,08085,49019,49019"
56035,2022,8,6,"56007,56017,49033,56041,56007,56041"
08035,2023,5,6,"08043,08019,08047,08093,08043,08093"
48385,2024,4,1,48323
22023,2021,4,1,22003
13001,2021,10,1,13309
48199,2024,1,4,"48339,48407,48407,48455"
12069,2021,4,2,"12055,12055"
18045,2023,7,1,18181
51083,2022,6,1,37185
20153,2024,7,2,"31085,31085"
05073,2025,4,3,"05109,05019,05109"
37113,2024,7,2,"13281,13281"
20027,2022,4,3,"20089,20123,20123"
28059,2024,8,2,"28111,28111"
29167,2024,4,1,29083
47043,2023,7,2,"47135,47135"
18047,2024,5,2,"18115,18115"
22103,2023,5,7,"22075,22075,22075,28113,28113,28035,28073"
13135,2024,7,3,"13219,13219,13219"
26157,2025,6,4,"26011,26051,26011,26069"
47005,2024,4,4,"47071,47081,47081,47101"
19131,2023,7,2,"19189,19189"
51163,2025,6,2,"51580,54063"
13155,2025,4,5,"13271,13315,13173,13271,13315"
20141,2022,4,1,31061
13275,2024,8,2,"13087,13087"
41017,2020,5,5,"32031,06049,41029,06049,32031"
32031,2024,7,5,"41035,32015,32015,32015,41035"
13177,2024,4,4,"13315,13193,13307,13307"
12061,2022,3,2,"12043,12051"
12069,2024,5,5,"12017,12055,12049,12055,12017"
31027,2023,6,12,"31043,31173,46127,31003,31015,31003,31173,46083,46125,46127,46067,46125"
27021,2025,4,1,27065
51145,2023,7,2,"51036,51036"
20095,2020,7,1,20033
21015,2025,6,1,21097
47179,2023,8,1,51520
48251,2020,5,1,48193
31129,2020,5,5,"31095,31095,31151,31095,31151"
48037,2021,4,2,"48459,48119"
18023,2023,6,3,"18181,18103,18181"
37065,2025,4,1,37187
18111,2020,8,1,18131
54109,2025,1,2,"21159,21195"
48181,2020,6,1,48119
33015,2024,8,1,25025
48061,2024,9,1,48047
01081,2024,5,2,"13053,13053"
42013,2025,3,1,42023
18123,2024,8,3,"18125,18173,18173"
17001,2020,6,6,"17017,17013,17017,29103,29205,29205"
31097,2022,9,3,"31023,31147,31147"
05029,2024,3,1,05137
45001,2025,5,1,13221
47055,2022,1,2,"28141,47051"
37071,2025,6,1,45023
22111,2025,5,4,"05011,05017,05011,05017"
48001,2022,5,1,48471
54047,2020,4,1,21159
08117,2022,7,2,"08047,08047"
01119,2025,5,3,"28023,28023,28061"
42007,2022,2,2,"54009,54009"
18175,2020,7,1,21223
20015,2024,6,1,40053
39135,2020,7,3,"18135,18075,18135"
53073,2021,11,3,"53029,53031,53029"
34027,2024,5,1,36085
48219,2020,3,4,"48369,48369,48165,48165"
48307,2022,5,3,"48093,48333,48333"
19127,2023,7,2,"19079,19079"
40055,2023,10,1,40129
01069,2022,1,1,01039
13277,2020,4,2,"13017,13017"
29031,2023,5,4,"29123,29123,29186,29069"
29141,2025,5,1,29151
30111,2020,6,2,"56033,56029"
08005,2024,5,2,"08019,08047"
21161,2024,7,4,"21097,21181,21097,21181"
55009,2025,5,7,"26019,26089,26019,26101,26101,26105,55041"
08097,2024,7,4,"08109,08029,08109,08029"
42121,2023,8,1,39007
28081,2022,8,7,"28013,28141,01075,28013,28139,28141,28139"
51061,2020,6,1,51685
04021,2024,8,2,"04027,04027"
47131,2022,7,5,"47033,47097,47017,47033,47017"
06093,2021,7,9,"41015,06045,41037,06045,41019,41015,41019,41019,41037"
48001,2025,6,1,48455
13001,2023,3,7,"13209,13271,13309,13107,13107,13209,13283"
13223,2021,8,1,13149
48385,2021,3,1,48507
13265,2025,6,8,"13219,13237,13009,13125,13237,13219,13125,13163"
17031,2024,6,2,"18111,18149"
30033,2022,8,1,30005
56007,2025,6,7,"08049,49009,08037,08045,08049,49009,49043"
48405,2024,1,2,"48225,48455"
40007,2023,2,4,"40043,40129,48211,48211"
38061,2023,6,2,"38083,30091"
37143,2020,9,2,"37095,37095"
20119,2020,5,1,20033
26111,2021,6,4,"26011,26113,26011,26129"
39037,2023,4,1,18009
47111,2025,6,2,"21053,47137"
28153,2025,5,4,"28039,28129,28129,28039"
46073,2021,10,4,"46035,46077,46035,46077"
13111,2024,8,1,13281
51001,2023,6,3,"51199,51199,51735"
18179,2025,4,1,18103
28035,2025,6,8,"28065,28129,28061,28129,28065,28039,28041,28039"
33001,2020,5,1,50017
22039,2020,4,2,"22077,22077"
16001,2021,5,6,"16075,16025,16047,16003,16075,32013"
47113,2021,7,8,"47039,47183,47071,47183,28009,28139,47039,47071"
40145,2021,5,2,"40035,40035"
13009,2021,4,2,"13021,13023"
54045,2025,6,2,"21159,21195"
45061,2024,8,1,45033
54103,2020,8,1,54021
32031,2021,6,3,"41035,41023,41035"
48087,2023,5,4,"40129,48211,40129,48211"
26053,2025,5,3,"55041,26083,55041"
30007,2023,6,2,"56039,30107"
29145,2021,7,2,"40035,40035"
23013,2021,6,1,23023
36111,2024,7,1,34031
46102,2024,4,4,"31017,31091,31103,31171"
29099,2025,6,3,"29073,29157,29157"
17185,2024,8,5,"18129,18125,18129,18173,18125"
06019,2023,4,7,"06079,06085,32019,06079,06087,06085,06087"
13201,2023,1,2,"13037,13037"
45029,2021,12,1,45043
25027,2024,7,2,"25025,25025"
27033,2023,10,3,"27013,27173,27013"
40123,2023,9,3,"40005,40005,40013"
01081,2021,4,3,"13053,13259,13053"
53069,2024,12,5,"53059,53053,53059,53067,53077"
17095,2022,7,3,"17071,19115,17071"
13297,2023,5,11,"13157,13121,13157,13133,13159,13035,13151,13159,13133,13157,13151"
18177,2024,6,1,18059
48101,2022,7,4,"48433,48275,48275,48433"
21151,2024,8,2,"21017,21017"
20005,2025,6,1,29063
12105,2020,8,3,"12027,12027,12027"
39089,2025,4,6,"39075,39101,39117,39005,39075,39117"
48035,2020,5,1,48333
29195,2023,3,1,29135
17061,2025,5,2,"17009,17009"
25021,2020,10,3,"25007,44001,44001"
48299,2022,7,1,48333
48053,2023,3,1,48193
48443,2024,5,2,"48377,48475"
26081,2020,6,1,26133
06065,2021,12,2,"04027,04027"
48439,2022,4,3,"48217,48217,48425"
48023,2023,9,2,"48077,48077"
48019,2022,4,2,"48013,48013"
19073,2021,6,1,19021
54013,2024,8,1,54073
13051,2024,5,2,"45049,45049"
36105,2025,5,2,"34037,34037"
06009,2023,1,2,"06013,06085"
06089,2024,2,3,"41035,41033,41035"
48089,2020,6,2,"48321,48321"
26065,2025,6,1,26117
12089,2025,5,1,12007
51015,2022,2,3,"51540,51678,51660"
10003,2024,7,1,34001
30065,2022,7,3,"30005,30015,30045"
01019,2024,12,2,"01095,01095"
06027,2020,8,11,"06083,06111,32005,32019,32021,32017,32021,32001,32017,32021,32033"
46009,2020,1,4,"31003,31027,31139,31027"
26081,2023,7,1,26105
01089,2022,11,1,47061
48465,2025,5,1,48507
55121,2024,6,2,"55091,55091"
18013,2025,6,1,18143
08067,2024,8,3,"08021,08109,35031"
13063,2021,4,1,13231
39125,2023,4,1,39173
48029,2020,3,1,48507
21221,2025,1,3,"21219,21139,21139"
48409,2025,4,5,"48057,48255,48047,48255,48057"
40107,2024,4,3,"40119,40083,40119"
36027,2022,4,2,"36087,36087"
17117,2021,3,1,17027
37131,2025,6,1,37187
18179,2022,3,1,18159
01123,2025,6,1,13149
08013,2023,5,5,"08019,08019,08117,08019,08093"
49009,2021,9,1,08107
35028,2020,5,3,"08021,35006,35031"
51810,2022,6,5,"51735,51740,51735,51740,51740"
48281,2022,4,2,"48093,48093"
08099,2020,6,1,08025
30025,2024,5,1,38089
28019,2021,9,1,28013
45085,2020,2,2,"45089,45089"
54017,2025,3,2,"54073,54073"
26071,2023,7,6,"55075,55051,55075,55075,55083,55051"
27169,2023,10,2,"55035,55035"
01063,2025,5,2,"01023,01023"
08041,2024,9,4,"08015,08027,08109,08027"
06019,2020,3,6,"06079,06099,32005,32019,32021,06079"
21097,2023,7,2,"21161,21161"
37013,2025,5,1,37143
48297,2022,4,2,"48247,48177"
13165,2020,2,1,13283
19033,2023,2,2,"19079,19079"
01045,2023,7,1,13259
53051,2020,6,4,"16079,30089,16009,53019"
27155,2021,10,5,"27073,27041,27121,27041,27121"
05129,2024,3,2,"05065,05065"
08125,2024,7,2,"31085,31085"
29223,2024,11,4,"29157,29157,29143,29201"
13221,2024,7,4,"13013,13013,13301,13301"
30067,2022,7,8,"30007,30043,30057,30007,30013,30045,30049,56017"
17077,2024,6,1,17003
22061,2023,4,1,05003
45005,2025,4,1,13163
48199,2022,12,2,"48071,48071"
13119,2020,2,1,13059
28069,2021,8,2,"01107,01107"
53069,2021,11,7,"53059,53027,53053,53059,53067,53077,53027"
23021,2021,6,1,23007
48201,2022,10,3,"48321,48481,48481"
53025,2022,6,8,"41049,53033,53057,53073,53033,53041,53053,53059"
21151,2021,7,1,21173
51051,2023,7,3,"54059,54059,51720"
47107,2023,8,4,"13213,13313,13111,13213"
51035,2021,3,3,"47091,51021,51021"
20019,2021,3,1,40103
51730,2024,10,2,"51670,51670"
16027,2021,6,7,"16015,16003,16015,32013,32013,41001,41023"
22055,2024,6,2,"22039,22039"
54055,2023,2,1,51045
19017,2025,4,2,"19055,19055"
47017,2025,2,1,47069
27163,2024,9,1,27065
22073,2023,3,4,"05003,22123,22123,05003"
47099,2024,3,8,"47071,47117,47081,47135,47081,47117,47071,47135"
47125,2020,7,2,"21221,21221"
29209,2021,5,1,05101
35037,2020,7,2,"48369,48369"
13111,2021,5,5,"13281,37043,37043,37075,37113"
24029,2023,7,1,34011
30037,2022,7,6,"30005,30015,30045,30059,30045,30059"
21123,2024,7,1,21061
37027,2025,5,1,37005
47033,2024,8,2,"47069,47069"
47189,2024,6,4,"47177,47177,47117,21213"
26019,2021,9,1,26029
36019,2021,7,1,50015
28049,2022,5,5,"28063,28063,28077,28065,28077"
05013,2021,2,1,22027
48409,2020,8,2,"48175,48175"
54097,2024,5,2,"54093,54093"
40073,2023,8,7,"40043,40003,40053,40103,40103,40003,40043"
20075,2021,7,1,08011
37027,2020,11,1,37121
40109,2021,8,1,40103
40149,2025,5,1,40057
26103,2020,7,2,"26095,26089"
42067,2025,4,1,42093
16055,2020,5,5,"16021,30089,16035,30061,30089"
17157,2023,3,1,29123
26051,2022,4,8,"26133,26133,26001,26039,26135,26039,26079,26135"
21115,2023,7,3,"21063,54059,21063"
51063,2022,8,1,51775
21043,2024,9,1,21159
47149,2025,5,1,47159
05041,2022,5,3,"22067,28027,28027"
06087,2024,4,4,"06031,06079,06047,06047"
54065,2020,3,1,51840
48295,2022,6,1,40043
18037,2020,7,1,21027
17119,2022,6,2,"17013,17013"
51159,2021,8,1,51131
17121,2023,4,3,"17159,17173,17159"
08073,2021,5,1,08011
28047,2023,9,1,28111
40143,2023,6,2,"40103,40103"
41013,2024,7,5,"41035,41049,41065,41049,41065"
20143,2022,4,2,"20089,20089"
28049,2025,6,5,"28051,28129,28065,28129,28051"
42123,2023,3,3,"39007,39155,39007"
48027,2021,5,2,"48287,48287"
01123,2022,5,1,13149
39041,2024,6,1,39021
26071,2020,6,3,"26083,26083,26083"
49057,2021,10,2,"16041,16041"
39147,2022,3,1,39005
39161,2025,5,3,"39063,39063,39173"
42073,2025,6,4,"39151,39133,39151,42039"
49049,2024,5,1,49009
08049,2022,7,6,"08093,08065,56007,56007,08065,08093"
08101,2023,8,9,"08109,08015,08093,08109,08003,08023,08109,08023,35007"
17067,2024,3,1,17017
21135,2023,1,2,"21063,21063"
51173,2022,8,1,51520
51019,2022,6,2,"51775,51678"
51183,2024,7,1,51670
29111,2022,9,1,17071
37189,2021,7,1,37121
28059,2024,12,4,"28041,28041,28111,28111"
13077,2021,4,2,"13231,13231"
13137,2024,12,2,"37113,37113"
18029,2025,2,1,21081
56041,2021,8,3,"16007,16041,16007"
22103,2023,9,3,"28005,28131,28131"
27001,2024,8,3,"27071,27009,27071"
19113,2021,12,2,"19183,19183"
51125,2022,7,2,"51540,51678"
05135,2023,2,3,"05055,05021,05055"
49053,2020,6,1,32033
13087,2022,6,1,13037
06077,2020,5,4,"06095,06095,06101,06113"
19091,2023,8,8,"19189,19195,19189,19021,19059,19021,19079,19079"
12047,2023,12,2,"12041,12041"
01061,2025,6,2,"01013,01035"
47133,2021,6,2,"47159,47159"
06095,2023,1,2,"06075,06075"
19031,2022,6,3,"19115,19183,19115"
21065,2024,8,1,21017
28031,2024,8,4,"28111,28077,28111,28077"
24031,2020,3,3,"51610,51600,51610"
26067,2020,8,2,"26065,26065"
17197,2024,1,2,"18111,18111"
55083,2020,4,2,"26019,26089"
28127,2021,5,1,28147
20173,2022,5,1,40053
19075,2020,7,2,"19079,19079"
35023,2023,8,3,"04023,35051,35051"
18127,2020,6,2,"18131,18131"
40023,2020,8,2,"48119,48119"
28159,2021,8,1,01107
28073,2025,6,3,"28129,28111,28147"
47149,2022,4,1,47051
51059,2025,5,1,51685
48293,2020,7,2,"48313,48313"
42059,2024,8,4,"54069,39111,54069,39111"
01069,2022,5,2,"01039,13037"
47081,2022,5,5,"47083,47005,47083,47005,47039"
18181,2025,5,3,"18023,18103,18023"
31119,2022,5,1,31051
17107,2023,7,3,"17147,17147,17147"
01031,2023,3,3,"01013,01035,01013"
29161,2022,6,2,"29151,29151"
47073,2020,5,1,51520
31011,2022,10,4,"31167,31179,31023,31167"
48449,2020,5,2,"48119,48119"
27139,2022,9,2,"27103,27103"
18095,2020,4,3,"18009,18075,18009"
06071,2022,6,4,"04027,06025,06079,06025"
18001,2023,4,2,"18009,18009"
30069,2021,8,1,30045
17173,2021,8,2,"17079,17079"
28127,2024,6,2,"28063,28147"
39175,2024,5,4,"39003,39173,39003,39173"
51013,2020,4,1,51600
32023,2021,7,1,32013
49037,2022,6,11,"04009,04009,08111,08029,08051,08111,08029,08051,08111,49039,49047"
01017,2021,12,2,"13149,13149"
30063,2023,8,10,"16057,16061,16069,16079,16003,16061,16069,16079,16017,16079"
34007,2025,5,1,34021
13245,2023,9,8,"13107,13107,13125,13167,13301,13303,13301,13317"
19193,2020,8,5,"19009,19085,19165,19085,31039"
39119,2021,9,2,"39083,39083"
16069,2020,2,9,"16079,30061,16059,16009,16079,53023,53023,16009,53023"
49053,2025,5,1,32033
13001,2023,7,7,"13209,13271,13309,13107,13107,13209,13283"
13223,2021,12,1,13149
37139,2025,5,2,"37187,37187"
18015,2021,7,2,"18159,18159"
50023,2021,3,3,"50009,50019,50019"
29091,2024,3,1,05065
08101,2020,7,6,"08109,08119,08109,08119,08003,08109"
51059,2023,12,2,"51683,51685"
20085,2020,6,5,"20043,20043,31147,31133,31147"
12003,2023,11,1,12041
48137,2024,6,2,"48323,48323"
46091,2022,8,2,"27155,27155"
29095,2020,8,3,"29033,29195,29033"
39167,2024,8,3,"54051,54103,54103"
05073,2022,7,2,"05081,05081"
21037,2025,2,3,"21081,21081,21097"
37125,2021,3,2,"37007,37007"
13249,2024,3,6,"13225,13053,13307,13307,13225,13293"
34025,2022,5,2,"36005,36061"
36069,2025,5,3,"36037,36037,36073"
22103,2020,8,2,"22093,28005"
39001,2021,7,1,21201
26157,2022,9,1,26069
48195,2023,2,1,48211
48363,2021,10,3,"48093,48035,48093"
38009,2023,6,2,"38083,38083"
37045,2025,5,2,"37011,45023"
48147,2020,11,1,48379
13009,2021,8,2,"13301,13021"
28143,2022,5,3,"05037,05123,05123"
32031,2021,10,2,"41035,41035"
37005,2020,1,2,"47091,47091"
46102,2024,8,1,31171
49019,2022,7,3,"08037,49039,49039"
06053,2020,3,2,"06051,06083"
31109,2025,4,8,"31143,31185,31059,31169,31185,31059,31143,31185"
19091,2020,7,2,"19079,19079"
35035,2025,6,2,"35057,35003"
37175,2025,6,2,"37113,37113"
39001,2024,8,1,21201
29015,2023,3,1,29135
49055,2020,6,3,"49007,49021,49007"
05075,2021,1,4,"29069,29069,05065,05065"
39157,2022,7,1,39005
54071,2023,9,3,"51660,54093,54093"
55073,2020,6,2,"55078,55078"
47013,2024,7,1,47137
17001,2022,3,3,"17071,17013,29103"
39067,2023,6,3,"39151,39075,39151"
28121,2022,7,4,"28063,28077,28065,28077"
01081,2021,8,3,"13053,13259,13053"
45001,2022,8,5,"13147,13195,13221,13317,13147"
17095,2022,11,1,19115
17127,2021,3,6,"17165,17181,17165,17181,21143,21039"
55009,2023,4,11,"55075,26101,26101,26105,55041,55075,55078,55135,55078,55097,55135"
19127,2025,4,1,19107
05141,2025,6,1,05065
39113,2020,4,1,18075
21145,2021,3,4,"17181,47183,21143,21143"
12105,2020,12,4,"12027,12015,12027,12027"
22011,2021,10,1,48241
08035,2020,6,2,"08019,08047"
48021,2024,4,2,"48477,48477"
08055,2025,6,15,"08021,08105,08021,08043,08011,08089,08025,08043,08089,08015,08043,08051,08053,08079,08105"
46013,2022,4,1,46005
48439,2022,8,1,48425
36003,2025,6,4,"36037,36037,42023,42023"
39043,2022,7,4,"39005,39005,39173,39173"
24017,2024,4,4,"51600,51683,51685,51630"
17135,2023,3,1,17035
18067,2022,6,2,"18157,18157"
39075,2021,5,4,"39077,39103,39099,39103"
30081,2024,8,2,"16035,16035"
24033,2024,1,1,51600
55013,2023,4,2,"55107,55107"
40153,2022,7,2,"40003,40003"
05139,2025,4,7,"05017,05025,05025,05039,05019,05039,05017"
36101,2025,5,2,"36037,42023"
01087,2022,2,2,"13053,13259"
19081,2023,7,4,"19067,19067,19079,19079"
12035,2025,5,1,12007
53065,2022,6,3,"53001,16021,16009"
12099,2020,11,4,"12015,12055,12015,12055"
49025,2021,6,2,"04012,08033"
20087,2023,6,1,20209
26113,2022,5,5,"26119,26135,26019,26135,26019"
46009,2020,5,4,"31003,31027,31139,31027"
41063,2024,7,9,"16087,16035,16035,16087,41049,53005,53071,53021,53071"
01025,2023,4,5,"28075,01013,01035,28041,01013"
48215,2020,8,2,"48247,48247"
18049,2023,6,4,"18181,18141,18181,18141"
29203,2025,6,5,"29223,05049,05049,05121,29223"
48405,2021,4,1,48455
19105,2021,12,1,19095
28109,2023,12,3,"28111,28077,28111"
39019,2022,3,1,54009
48499,2020,5,2,"48119,48119"
47041,2023,4,1,47061
48363,2023,3,1,48193
28147,2024,2,3,"28005,28063,28005"
39015,2024,5,2,"21201,21201"
18097,2025,4,2,"18023,18023"
29215,2024,12,1,29073
51001,2020,9,1,51735
05095,2021,3,3,"05035,28027,05035"
05043,2024,5,1,05107
40133,2021,4,2,"40029,40029"
16065,2023,8,3,"56039,56039,56039"
12077,2024,5,1,13087
48079,2023,7,3,"35005,35005,35037"
48187,2022,3,5,"48013,48149,48123,48149,48013"
53015,2022,3,6,"53027,53053,53067,53077,41027,53077"
17103,2022,6,1,17063
49025,2024,7,1,08033
42015,2023,2,1,42093
42105,2022,7,1,42093
26043,2020,8,1,26083
39047,2024,5,1,39021
06083,2022,9,1,06053
51023,2022,8,2,"51775,51678"
51171,2023,7,1,51660
22033,2022,6,7,"22007,22093,22095,22125,22007,22095,22125"
19089,2022,4,2,"19023,19023"
47037,2024,4,8,"21213,21219,47117,21213,47169,47081,47117,47169"
45085,2020,6,2,"45089,45089"
16031,2021,8,4,"16025,16047,16041,16047"
29019,2024,6,1,29173
16051,2020,4,4,"16029,16029,16059,16059"
38097,2024,6,3,"27029,27125,38099"
21207,2021,1,2,"47137,47137"
48467,2021,3,3,"48119,48459,48459"
41039,2025,3,5,"41013,41037,41033,06093,41037"
13121,2025,6,2,"13149,13149"
56019,2023,9,3,"56029,56017,56029"
17189,2025,5,1,29157
12113,2022,7,1,01035
17115,2020,3,3,"17129,17017,17129"
19049,2022,11,1,19079
41039,2020,9,7,"41013,41025,41037,41015,41033,06049,41037"
39009,2024,6,2,"54073,54073"
08069,2023,7,4,"08047,08019,08047,08117"
51057,2023,7,1,51095
28037,2020,4,2,"22037,22037"
08005,2021,6,2,"08019,08047"
42101,2023,7,1,34011
37189,2024,12,2,"37005,37005"
42117,2025,6,2,"42093,42023"
08097,2021,8,6,"08107,08107,08029,08053,08091,08029"
27061,2021,7,5,"27115,27029,27135,27153,27159"
34007,2022,2,1,34021
17149,2020,7,6,"17169,17017,17169,17083,17083,17017"
01077,2024,6,6,"28117,47117,47023,47101,47101,47135"
12105,2022,5,6,"12027,12027,12043,12027,12043,12051"
48347,2025,4,3,"48225,48455,48225"
37165,2022,6,2,"45033,45033"
13019,2024,6,3,"13065,13271,13065"
36115,2020,7,1,50017
29081,2023,3,1,29003
42113,2025,6,2,"42093,42093"
21069,2020,6,1,21063
08027,2023,5,9,"08015,08093,08003,08023,08003,08015,08053,08079,08105"
26025,2023,6,1,26093
51035,2021,7,2,"51021,51021"
55031,2023,4,5,"55005,55005,55107,55005,55107"
36087,2024,5,2,"36005,36005"
06107,2023,2,5,"06053,06069,06079,06053,06079"
21191,2024,9,4,"21201,21017,21181,21201"
22073,2023,7,4,"05003,22123,22123,05003"
13229,2023,1,1,13279
48167,2022,6,3,"48321,48291,48291"
37053,2021,6,2,"37073,51131"
40019,2021,5,3,"40033,40029,40033"
47099,2024,7,4,"47071,47117,47117,47071"
28081,2021,4,1,28009
48245,2023,8,1,48407
05063,2022,4,1,05037
48089,2022,3,6,"48177,48057,48321,48123,48177,48321"
55029,2020,4,2,"26009,55078"
13263,2025,5,4,"13259,13259,13307,13193"
26109,2021,5,2,"26089,26089"
06009,2020,4,3,"06051,32005,06051"
30047,2024,7,4,"30053,16035,30039,30053"
42107,2023,4,2,"42093,42093"
01027,2022,5,1,13149
17047,2024,3,1,17033
29219,2024,6,2,"17013,17013"
21113,2020,8,2,"21005,21005"
42029,2022,7,2,"42077,42077"
25023,2021,6,1,44001
38017,2024,5,1,38093
08071,2020,5,6,"08003,08021,08003,08109,08025,08025"
06095,2021,12,5,"06075,06075,06033,06033,06033"
17045,2021,8,1,17079
46039,2021,10,12,"27023,27083,27117,46101,27023,27083,27127,27117,46077,46079,46101,46077"
01011,2023,6,3,"13259,13053,13259"
42081,2024,9,2,"42023,42023"
46083,2020,3,1,31027
26051,2022,8,10,"26069,26133,26133,26001,26039,26069,26135,26039,26079,26135"
04013,2024,3,3,"04009,04009,04009"
38059,2021,5,1,38083
55129,2022,9,1,55119
41045,2020,6,8,"16045,16083,16045,16045,32027,32031,32031,41037"
08043,2021,7,7,"08065,08019,08065,08003,08053,08079,08105"
19117,2020,5,2,"29129,29129"
21083,2022,4,4,"47005,47017,47017,47053"
54065,2020,7,1,51840
47125,2023,12,2,"21107,47081"
21099,2021,2,3,"21001,21163,21001"
06051,2024,7,3,"06031,06069,32029"
47113,2020,3,1,28009
22089,2020,7,2,"22093,22093"
54011,2025,6,1,21159
19093,2025,6,2,"31173,31173"
47013,2021,4,1,47137
42123,2023,7,2,"39007,39007"
13299,2025,4,4,"12007,13173,13173,13271"
48027,2021,9,4,"48035,48333,48035,48217"
31121,2020,7,10,"31077,31011,31077,31011,31023,31037,31119,31167,31023,31159"
21187,2024,7,2,"21097,21097"
17029,2021,4,3,"17079,17079,18165"
48493,2024,4,2,"48123,48123"
31069,2021,7,2,"31117,31117"
31035,2023,4,2,"31159,31159"
48031,2024,4,1,48281
51175,2022,5,3,"37185,51595,51740"
35051,2020,7,4,"35006,48141,48141,35006"
39031,2023,7,3,"39151,39169,39151"
51730,2023,6,4,"51036,51183,51036,51183"
29069,2022,5,1,47097
05061,2025,4,2,"05019,05019"
17057,2023,5,2,"17175,17175"
28157,2021,3,5,"22077,22121,22077,22121,28113"
53039,2022,7,7,"41047,53021,53041,53033,53037,53041,53053"
27047,2023,8,3,"27013,27045,27013"
48109,2022,8,2,"48377,48377"
35007,2024,9,3,"08003,08021,08021"
28117,2020,2,4,"47069,28009,47069,28009"
40013,2025,5,1,48231
55003,2020,7,2,"26083,26083"
17067,2024,7,1,19087
19033,2020,5,2,"19079,19079"
29189,2023,4,4,"29186,29221,29186,29221"
54001,2022,6,2,"54049,54049"
37051,2025,2,2,"37141,37141"
22017,2020,11,2,"48459,48459"
39035,2025,4,11,"39007,39007,39005,39043,39077,39005,39169,39099,39151,39151,39169"
08069,2020,6,3,"08047,08019,08047"
51163,2024,5,2,"51580,51790"
31069,2024,8,2,"31117,31117"
06103,2021,4,4,"06033,06023,06033,06023"
31041,2023,10,2,"31089,31089"
13077,2021,8,7,"13143,13063,13063,13117,13231,13063,13231"
13227,2022,6,2,"13111,13111"
48347,2022,3,3,"48241,48373,48241"
18153,2025,6,2,"17159,17185"
17193,2020,4,1,17121
37117,2025,6,1,37143
47077,2021,7,2,"47183,28141"
12061,2021,2,2,"12055,12055"
48211,2022,4,2,"40043,40043"
12097,2024,10,4,"12049,12119,12049,12119"
06059,2021,12,4,"04012,06025,04012,06025"
47141,2025,2,2,"47137,47137"
32007,2024,8,2,"16071,16071"
51063,2021,4,1,51021
17131,2021,4,2,"17175,17175"
13179,2023,10,2,"13107,13279"
38035,2024,5,2,"27029,27125"
29071,2023,4,1,29186
40087,2022,12,1,40019
55003,2023,8,7,"55125,55125,55069,55107,55125,55005,55107"
38053,2024,5,2,"38089,38089"
13073,2021,2,2,"13317,13317"
47125,2022,4,2,"47005,47005"
47163,2020,7,2,"37121,51195"
12055,2022,6,3,"12051,12051,12051"
13095,2022,6,1,13307
30047,2021,6,3,"30073,16049,16017"
19177,2021,8,5,"29197,17071,29103,29103,29197"
48157,2022,3,6,"48149,48321,48071,48185,48239,48321"
29187,2021,3,2,"29179,17181"
40109,2023,5,2,"40093,40103"
20057,2020,8,2,"20033,20033"
24031,2020,7,3,"51610,51600,51610"
20059,2023,7,3,"20209,29037,29037"
17197,2024,5,2,"18111,18111"
21077,2020,4,1,21223
18103,2020,6,3,"18131,18131,18009"
22049,2024,12,1,22041
49013,2020,4,2,"49029,49033"
12011,2024,12,1,12015
49005,2022,9,3,"49029,56041,49029"
37075,2022,8,1,13291
37193,2025,5,2,"37011,37011"
01009,2023,7,1,01007
36029,2024,10,1,42049
18127,2020,10,2,"18131,18131"
17127,2024,8,7,"17165,17199,17069,17165,17003,17069,21055"
28047,2025,6,3,"28039,28039,28111"
47149,2022,8,5,"47127,47051,47061,47127,47159"
13305,2021,7,3,"13279,13107,13279"
06051,2021,6,6,"06069,32510,32001,32029,32510,32001"
51700,2020,11,2,"51735,51735"
48241,2025,6,2,"48225,48455"
48257,2022,8,1,48161
13311,2024,8,1,13013
41047,2025,4,10,"41027,41067,41013,41069,41041,41021,41027,41069,53039,41067"
48241,2020,12,1,48455
31017,2025,4,2,"31171,31171"
47157,2021,7,6,"05037,05123,28143,28143,28009,28009"
19173,2022,8,2,"19071,19071"
29179,2025,4,1,29017
42129,2022,3,1,54009
18095,2020,8,5,"18009,18075,18135,18009,18135"
34029,2024,8,2,"36081,36085"
06071,2022,10,4,"04027,06025,06079,06025"
20209,2021,5,1,29107
46003,2020,8,1,31107
26143,2022,10,7,"26119,26001,26069,26001,26007,26069,26119"
17173,2021,12,3,"17079,17079,17039"
49015,2022,6,2,"49047,49047"
26035,2021,9,5,"26129,26039,26039,26129,26135"
08041,2023,5,4,"08015,08093,08109,08093"
16085,2021,6,5,"41001,41063,16075,16061,41063"
47053,2024,4,5,"47075,47095,47023,47075,47095"
45083,2025,6,1,45023
55085,2024,4,4,"26071,55037,55003,26071"
18183,2025,5,1,18103
06035,2022,7,7,"41037,32001,32019,32027,32029,32510,41037"
40087,2021,4,1,40029
39161,2022,8,3,"18075,18075,39173"
17105,2025,5,3,"17123,17155,17123"
16069,2020,6,9,"16079,30061,16059,16009,16079,53023,53023,16009,53023"
51065,2020,12,1,51540
19011,2025,4,8,"19055,19107,19183,19115,19183,19055,19105,19107"
16043,2025,5,1,30023
35007,2021,8,2,"08021,08021"
18165,2022,6,4,"18157,18021,18021,18157"
18133,2025,6,1,18023
17077,2023,2,3,"29186,29123,29186"
48417,2022,6,5,"48093,48275,48433,48433,48275"
06043,2021,7,3,"06069,06085,06085"
12123,2025,6,3,"12041,12075,12041"
39035,2022,3,2,"39005,39005"
19027,2023,5,6,"19021,19093,19133,19021,19035,19093"
48373,2024,2,2,"48339,48339"
01125,2023,7,1,28087
39059,2023,4,6,"39075,39083,39115,39115,39075,39151"
51670,2023,6,3,"51036,51036,51183"
46123,2022,6,2,"31091,46015"
19095,2024,7,3,"19031,19031,19087"
47047,2021,3,2,"05035,05035"
01029,2023,8,4,"13055,13097,13121,13015"
56039,2020,8,9,"16029,16065,16065,16065,30043,56017,16029,49033,56017"
05103,2023,7,3,"05011,05003,05011"
21171,2022,7,2,"47087,47087"
51167,2020,2,2,"51520,51720"
17113,2020,4,1,17129
21043,2020,4,1,21159
40091,2023,8,1,40005
48345,2023,9,1,48011
27035,2023,9,8,"27061,27061,27153,27159,27009,27009,27145,27153"
17179,2023,4,2,"17147,17175"
32011,2024,7,1,16083
06073,2021,12,3,"04012,04027,04012"
12057,2023,6,4,"12027,12055,12027,12055"
19039,2020,4,2,"29129,29129"
18039,2025,5,1,18131
41013,2021,8,9,"41035,41037,41001,41049,41037,41065,41021,41049,41065"
26007,2020,8,1,26097
06071,2021,2,1,04027
39157,2022,11,7,"39083,39005,39083,39169,39133,39153,39169"
51161,2023,7,1,51750
49041,2020,6,6,"32017,49021,49007,32017,32033,49007"
47139,2023,1,7,"13123,13187,13291,13123,13313,13291,13313"
01081,2021,12,3,"13053,13259,13053"
55045,2020,5,2,"55055,55055"
22079,2020,12,1,22077
21107,2020,7,5,"21055,21143,21221,21221,21055"
21091,2020,8,2,"21163,21163"
26021,2024,2,3,"18149,18149,18149"
16033,2023,8,1,56039
17061,2024,4,2,"17017,29173"
35033,2020,8,2,"08021,08021"
56015,2022,6,2,"56009,56009"
39113,2020,8,2,"18075,18135"
18017,2022,5,3,"18157,18159,18157"
21145,2021,7,1,47183
46015,2020,6,1,31107
47073,2022,2,2,"51520,51167"
48473,2022,8,1,48071
39137,2023,4,7,"39147,39175,39095,39095,39123,39143,39147"
46013,2022,8,3,"46129,46129,46005"
48073,2024,1,7,"48161,48289,48455,48161,48289,48313,48455"
18167,2024,4,4,"17033,18045,17033,18045"
19195,2024,6,2,"19069,19069"
36025,2023,8,1,36093
46071,2024,4,1,31103
18001,2020,7,3,"18009,18135,18009"
12009,2024,4,1,12055
16007,2024,7,2,"16071,16071"
31089,2025,4,3,"31175,31077,31175"
19159,2023,4,2,"19145,19145"
29055,2021,4,2,"29179,29179"
21195,2022,3,4,"51167,51167,51167,51720"
55013,2023,8,2,"55107,55107"
22001,2020,5,1,22077
19157,2021,12,2,"19183,19183"
34005,2024,8,2,"36081,36085"
46049,2022,7,2,"46005,46005"
51065,2022,5,1,51540
48339,2024,12,2,"48455,48455"
13107,2025,6,13,"13109,13109,13125,13301,13319,13023,13091,13309,13319,13109,13209,13209,13309"
26113,2022,9,5,"26119,26135,26019,26135,26019"
32007,2021,5,4,"16053,16047,16053,32001"
48139,2020,4,1,48425
29039,2024,3,2,"29083,20107"
51153,2020,9,2,"51600,51610"
37039,2022,6,2,"13281,13281"
01003,2021,10,1,01039
16049,2024,9,6,"16087,30039,30023,30039,53013,53023"
18113,2023,6,7,"39161,18141,26149,26023,26149,26023,26059"
31125,2020,6,6,"31003,31119,31023,31037,31119,31167"
08089,2024,5,1,08023
39019,2022,7,1,54009
48191,2025,6,2,"40057,40057"
22015,2020,9,2,"22027,22027"
55103,2025,4,1,17085
47041,2023,8,1,47061
39067,2022,2,1,54009
12085,2020,6,2,"12055,12055"
40135,2025,4,1,05113
06081,2024,12,2,"06069,06069"
18169,2022,3,1,18159
22005,2023,5,3,"22037,22121,22121"
01107,2023,6,5,"01023,28075,01007,28105,28105"
05051,2025,6,7,"05019,05039,05053,05019,05109,05113,05053"
37031,2022,1,1,37141
21093,2025,6,4,"18025,18123,18025,18123"
47037,2024,8,1,21219
32011,2021,6,4,"32013,32001,32013,32001"
51005,2024,4,2,"51530,51678"
01045,2022,6,3,"13259,01039,01039"
01051,2024,1,3,"01085,01085,01017"
12057,2020,5,4,"12027,12055,12027,12055"
08085,2024,8,6,"08015,08109,08111,08033,08111,08033"
26033,2022,6,7,"26153,26029,26031,26153,26007,26031,26119"
30029,2022,6,17,"30101,30007,30013,30043,30059,16021,30039,30061,30015,30051,30101,30023,30039,30043,30061,30013,30015"
39157,2024,4,2,"39169,39169"
22061,2022,3,3,"22067,22083,22067"
44009,2021,8,2,"44001,44001"
17203,2023,4,3,"17147,17175,17175"
18053,2025,6,2,"18023,18023"
51740,2020,8,1,51735
11001,2025,5,1,51610
17115,2020,7,4,"17129,17017,17129,17035"
22079,2022,5,1,22125
47099,2021,10,2,"28141,47039"
51037,2022,5,1,37185
05129,2024,11,2,"05065,05065"
28113,2020,11,1,28109
39049,2021,7,2,"39083,39083"
53019,2024,5,4,"53025,53007,53017,53025"
45019,2020,5,2,"45089,45089"
13007,2024,4,2,"13061,13061"
51059,2024,1,2,"51683,51685"
08097,2021,12,7,"08093,08107,08107,49047,08029,08093,08029"
55051,2022,9,1,55119
26137,2022,5,4,"26153,26007,26001,26007"
34007,2022,6,1,34021
29171,2024,7,2,"29079,29079"
39063,2024,5,1,39123
16051,2023,9,1,56023
48457,2024,1,4,"48225,48455,48407,48455"
31053,2020,2,14,"19085,19133,31109,31141,31141,31167,31167,19155,31153,31025,31109,31153,19085,19155"
08039,2023,5,1,08043
42037,2022,9,3,"42025,42025,42077"
50007,2020,7,2,"50017,50017"
28093,2022,5,3,"28139,28013,28139"
18067,2024,3,2,"18181,18181"
51003,2021,6,1,51820
20035,2022,6,2,"40053,40053"
55031,2023,8,5,"55005,55005,55107,55005,55107"
06023,2023,4,6,"41015,41033,06097,06049,41029,41033"
48127,2020,3,1,48247
47111,2021,5,1,47137
24017,2021,7,1,51685
40111,2024,6,1,40119
17135,2020,6,5,"17083,17083,17017,17129,17035"
51550,2021,7,2,"51131,51131"
48245,2023,12,2,"48339,48407"
55029,2020,8,4,"26101,26165,26101,55078"
39049,2024,8,3,"39083,39117,39083"
40147,2025,6,1,20133
28115,2021,4,1,28009
19147,2022,5,14,"19025,19035,19093,19141,19035,19141,19143,19141,19143,27063,27063,19197,19197,19025"
01113,2024,3,5,"13061,13239,01017,13239,13307"
12007,2024,5,1,12041
40141,2022,4,2,"48077,48077"
48141,2022,7,1,48377
26013,2025,5,3,"26083,55041,26083"
51169,2025,2,5,"21013,21095,21095,21133,21195"
48215,2022,5,2,"48247,48247"
30099,2020,8,5,"30077,30089,30043,30077,30101"
04001,2021,8,3,"08033,08007,08033"
17045,2021,12,1,17079
13113,2022,6,1,13149
26121,2020,4,1,26133
19185,2021,6,2,"29197,29197"
31129,2024,4,5,"20123,20141,31095,31095,31095"
01047,2025,4,3,"01013,01023,01013"
17097,2023,1,2,"18141,26149"
13257,2020,5,1,13281
29083,2020,8,1,29195
53013,2020,5,1,16009
46007,2023,7,3,"31091,31103,31103"
47109,2021,3,1,28009
20157,2020,6,4,"31067,31067,31151,31151"
40065,2021,6,1,40033
20053,2024,9,3,"20123,20141,20141"
55043,2023,3,1,17015
45073,2023,6,8,"13011,13195,13011,13281,13311,13195,13281,13011"
48191,2022,5,2,"48197,48197"
39081,2024,9,3,"39151,39099,39151"
21099,2021,6,1,21163
48201,2020,1,3,"48321,48481,48481"
21221,2022,8,2,"47005,47083"
16047,2022,6,1,16037
47113,2020,7,1,28009
40013,2022,8,4,"40029,40019,40029,40019"
40141,2025,5,1,40057
51810,2024,7,3,"37177,51735,51735"
16059,2023,8,6,"16003,16035,16061,16069,16003,16045"
01077,2023,2,5,"28117,47023,47039,47109,47039"
22111,2024,3,2,"05011,05011"
16031,2023,5,11,"16063,16047,16063,16063,49005,16047,49045,49005,49011,49045,49057"
05145,2022,6,3,"05037,05037,05123"
51099,2023,9,1,51119
40121,2022,3,1,40133
22059,2020,4,1,22077
27111,2021,8,3,"27029,27149,27149"
49035,2025,5,3,"49009,32007,32033"
55009,2020,5,5,"26019,26089,26019,55078,55078"
29165,2025,6,5,"20043,20043,29063,29025,29063"
29069,2022,9,8,"05111,05035,05111,47045,47097,47095,47045,47095"
06031,2023,2,3,"06069,06069,06087"
40075,2021,6,2,"40033,40033"
48297,2024,5,7,"48391,48047,48247,48047,48123,48007,48391"
29037,2020,3,1,29177
29155,2021,7,1,05035
49035,2020,11,1,49039
18109,2021,3,1,18093
39105,2024,1,1,54073
08015,2020,7,7,"08119,08053,08019,08119,08003,08053,08105"
56013,2024,7,1,49009
28117,2020,6,2,"28009,28009"
17073,2022,8,3,"17071,19115,19115"
54031,2022,7,1,51660
16037,2024,9,1,16047
19047,2022,5,11,"19025,19073,19021,19035,19021,19025,19035,19035,19149,31043,46127"
29149,2025,6,3,"05065,05065,29223"
17111,2020,5,1,55055
51830,2022,8,1,51735
17193,2020,8,1,17101
27091,2022,9,10,"19041,19059,19091,19197,27103,19059,19143,27033,27105,27033"
22073,2025,4,5,"22041,05003,05017,22041,05003"
48245,2025,5,1,48407
39167,2023,2,1,54105
05101,2025,6,1,05137
17131,2021,8,2,"17175,17175"
48019,2021,4,2,"48507,48507"
55031,2020,7,1,27071
19073,2020,6,5,"19079,19009,19165,19009,19079"
20007,2023,7,4,"40053,40053,40093,40093"
12133,2022,4,1,01039
26101,2022,9,2,"26079,26079"
19197,2024,9,1,27091
17161,2022,9,1,17071
42015,2025,4,1,42093
22027,2023,7,3,"05003,05011,05003"
17047,2021,6,1,17079
01115,2023,6,2,"01007,01007"
42013,2024,6,4,"42057,42023,42055,42057"
19163,2023,7,2,"19115,19115"
51067,2024,4,1,51770
21157,2020,7,2,"21055,21055"
51105,2020,7,1,51720
26013,2022,4,2,"26083,26083"
40109,2023,9,2,"40093,40103"
47085,2023,12,2,"47101,47101"
24031,2020,11,1,51600
22005,2020,2,2,"22037,22077"
22105,2023,4,3,"22037,28091,22037"
27037,2021,6,3,"27019,27019,27025"
06001,2024,2,6,"06005,06009,06047,06009,06047,06109"
17157,2025,4,2,"17199,29017"
35017,2024,7,2,"04009,35006"
49029,2021,8,2,"16007,16041"
22117,2020,8,2,"28005,28005"
29139,2020,8,2,"17013,17013"
55111,2020,7,1,55055
13277,2024,1,1,13315
08041,2020,8,3,"08109,08025,08025"
21111,2023,4,2,"21223,21223"
13289,2021,5,3,"13107,13283,13309"
45073,2020,5,2,"13281,13281"
29161,2021,5,1,29179
05043,2023,1,7,"22067,22067,22123,28011,28151,05107,28011"
48371,2022,5,2,"48377,48377"
13239,2022,5,5,"13037,13037,13307,13053,13307"
19103,2024,7,2,"19087,19087"
48423,2024,3,3,"48161,48379,48379"
06051,2021,10,6,"06069,32510,32001,32029,32510,32001"
29115,2021,8,4,"29103,29197,29089,29103"
48113,2025,6,3,"48231,48231,48231"
13161,2020,3,5,"13017,13283,13017,13283,13283"
31085,2025,5,5,"31047,31065,31073,31047,08115"
35045,2022,6,5,"04009,08111,08111,35028,35028"
22113,2021,12,3,"22007,22047,22003"
22115,2024,6,2,"22039,22039"
51810,2021,6,2,"51735,51735"
35013,2020,3,2,"35017,35017"
36117,2025,5,2,"36037,36073"
19183,2024,7,1,19031
42129,2022,7,1,54009
31075,2025,4,2,"31171,31171"
13033,2024,8,4,"13175,13283,13125,13301"
26081,2024,5,2,"55101,55101"
47077,2020,3,2,"47069,47069"
13001,2022,6,1,13309
47155,2025,4,2,"37113,47173"
20033,2022,5,3,"40003,40003,40093"
08041,2023,9,2,"08015,08109"
32017,2021,7,3,"04012,32001,49039"
48297,2021,4,1,48247
27041,2025,6,2,"27155,27155"
21135,2025,2,9,"21063,21011,21181,21201,21201,21011,21063,21165,21175"
23025,2024,7,1,23023
26109,2023,7,6,"55037,55061,55083,55037,55041,55083"
48085,2021,3,3,"48119,48119,48379"
17179,2020,7,5,"17169,17129,17017,17129,17169"
17099,2022,11,2,"17175,17175"
49051,2022,6,6,"49047,49029,49029,49033,56041,49039"
17077,2023,6,3,"29186,29123,29186"
29189,2020,7,3,"17083,17013,17083"
37051,2022,5,3,"37141,45033,37141"
06027,2024,7,10,"06031,06069,06031,06037,06079,06111,06109,06037,06031,32015"
20167,2025,6,6,"20163,20123,20089,20123,20163,20183"
05075,2024,12,3,"05065,05137,05065"
17171,2024,5,4,"17013,17017,17013,29173"
48329,2022,6,1,48115
39035,2022,7,2,"39005,39005"
54033,2023,4,1,54093
51105,2025,6,8,"21051,21131,21235,21131,21193,21235,47173,21195"
19027,2023,9,6,"19021,19093,19133,19021,19035,19093"
47157,2024,12,2,"05077,47069"
47049,2021,10,4,"47027,47087,47027,47087"
51115,2020,9,2,"51735,51735"
16081,2022,9,2,"30001,30057"
16085,2024,11,6,"16087,16027,16075,16087,16035,16061"
29183,2025,6,2,"29073,29073"
13167,2024,8,3,"13125,13301,13125"
48357,2024,7,3,"40045,40059,40045"
25021,2021,6,2,"44001,44001"
37193,2024,1,2,"37011,37011"
55055,2023,10,2,"55047,55089"
51137,2022,7,1,51540
26123,2022,8,1,26037
20077,2023,6,1,40093
28057,2025,5,3,"28003,28139,28003"
55107,2025,6,1,55051
22029,2020,4,2,"22037,22037"
13037,2024,12,4,"13087,13259,13307,13307"
12071,2022,1,1,12027
48397,2021,3,2,"48119,48379"
01127,2024,12,2,"01095,01095"
51071,2024,5,2,"51063,51063"
54043,2025,1,3,"21159,21195,21159"
48035,2024,2,6,"48281,48093,48093,48281,48333,48145"
13243,2022,11,3,"13053,13261,13261"
05085,2022,11,1,05107
29029,2022,5,4,"29051,29135,29151,29135"
22055,2025,4,2,"22007,22007"
41005,2020,6,1,53011
28023,2024,6,1,28111
26021,2024,6,3,"18149,18149,18149"
51109,2022,5,1,51540
27079,2021,6,3,"27165,27019,27019"
18133,2024,2,2,"18045,18045"
12021,2022,6,2,"12043,12043"
51179,2020,8,1,51685
12015,2024,5,2,"12049,12049"
05005,2023,7,1,29149
13245,2024,1,7,"45005,45011,13125,13301,13301,13317,45011"
16035,2022,8,3,"16009,16009,30039"
48491,2025,5,2,"48051,48051"
47073,2022,6,2,"51520,51167"
27135,2024,8,4,"27029,27071,27071,38099"
17187,2020,5,2,"17169,17169"
37015,2023,6,1,37177
28013,2025,5,2,"28083,28019"
04015,2023,8,6,"49037,49021,49017,49021,49037,49021"
37023,2020,4,3,"37121,37121,37199"
51079,2021,9,1,51540
29085,2024,4,2,"29083,29083"
29029,2025,6,1,29151
20087,2022,5,2,"20013,20013"
26085,2024,8,3,"26019,26019,26079"
29129,2021,3,1,29197
29173,2025,6,2,"17009,29111"
51143,2021,4,1,51690
39161,2024,5,1,39173
05113,2022,7,3,"05081,05081,05081"
21133,2021,9,1,51720
48055,2022,5,1,48015
26051,2024,8,2,"26001,26079"
56003,2023,5,3,"56017,56039,56017"
51179,2023,9,1,51685
41061,2020,5,3,"16087,41025,53023"
55053,2023,4,1,55097
16043,2022,8,7,"30023,30093,30007,30043,30059,30043,30093"
37115,2020,4,2,"37121,37121"
37097,2025,5,1,37005
55119,2024,10,1,55051
48291,2025,5,2,"48455,48455"
48487,2022,6,6,"40075,40075,48077,48275,48275,48077"
48271,2022,5,2,"48127,48127"
26103,2024,6,4,"26089,55037,55037,27031"
19055,2021,12,1,19095
45019,2023,12,1,45005
51143,2024,5,1,51063
48381,2024,5,1,48153
01067,2021,4,1,13259
23031,2021,7,2,"23023,23007"
13139,2022,6,13,"13195,13059,13219,13111,13247,13281,13059,13195,13219,13111,13291,13281,13291"
13241,2022,8,4,"13011,13291,13291,13147"
31127,2023,6,2,"19145,29003"
46027,2025,4,3,"31179,31173,31179"
08073,2025,4,7,"08089,08043,08011,08089,08099,08043,08089"
12051,2021,10,1,12027
20191,2023,8,3,"40003,40003,40103"
39025,2021,6,3,"21097,21201,21097"
48023,2021,4,1,40033
26047,2022,9,5,"26153,26119,26141,26141,26153"
46027,2020,10,2,"31107,31107"
48411,2024,4,3,"48093,48099,48093"
37157,2021,7,1,51690
08045,2020,7,4,"08065,08065,49007,49007"
12057,2020,9,4,"12027,12055,12027,12055"
31059,2020,3,6,"31067,31067,31109,31023,31109,31023"
51197,2024,5,5,"51063,51640,37005,51640,51063"
17137,2022,5,2,"17013,17013"
16039,2023,8,4,"16045,16045,16053,16053"
37101,2025,5,1,37141
17183,2022,9,2,"17147,17147"
55049,2020,7,1,55055
31007,2025,6,1,08115
05085,2024,4,1,05107
37095,2025,2,2,"37143,37143"
06111,2021,10,2,"06079,06079"
48225,2022,4,5,"48241,48373,48185,48373,48185"
16033,2025,5,3,"30057,30023,30057"
05077,2021,3,2,"28027,28027"
13033,2021,5,6,"13031,13279,13283,13301,13031,13031"
39025,2024,7,3,"21097,21201,21097"
46059,2023,7,2,"46015,46015"
50023,2023,9,1,50013
20139,2024,5,1,20107
48257,2021,4,3,"48119,48379,48379"
39045,2025,4,1,39083
33019,2021,5,1,50009
19019,2020,3,1,19067
38067,2021,8,2,"27135,27135"
01033,2023,2,1,28117
48137,2020,5,2,"48507,48507"
30041,2023,6,1,30101
50025,2020,7,1,50017
18067,2024,7,2,"18181,18181"
20187,2023,7,2,"08011,08011"
20147,2022,4,1,20089
47011,2021,6,1,47105
48073,2021,4,3,"48455,48455,48459"
39093,2024,5,4,"39169,39085,39123,39169"
13191,2025,3,1,13109
31089,2022,7,2,"46009,46135"
01101,2022,7,2,"01013,01013"
01089,2023,7,2,"13083,47061"
48221,2023,3,1,48193
53077,2020,2,13,"53047,53007,53035,53061,53007,41027,53067,53069,53035,53045,53067,41027,53011"
40141,2022,8,2,"48197,48197"
49057,2022,6,4,"16041,16041,56023,56041"
48177,2023,5,2,"48175,48175"
21047,2022,4,3,"47083,47005,47083"
55113,2021,4,1,27115
47029,2020,7,1,37199
40039,2025,5,1,40057
01069,2023,3,1,13037
21137,2021,2,1,21001
17119,2021,9,2,"17133,17133"
29221,2022,5,2,"29073,29073"
21021,2025,6,5,"21199,21203,21199,21203,21239"
51095,2021,8,2,"51131,51735"
46085,2022,7,4,"46009,46067,31103,31103"
55067,2024,7,1,55037
01071,2023,1,5,"13055,13295,13295,47061,47061"
26103,2021,5,2,"26095,26089"
55079,2020,8,1,55055
28033,2024,12,2,"05077,05077"
31111,2025,5,11,"31019,31163,31175,31019,31073,31137,31065,31073,31171,31171,08115"
48201,2020,5,3,"48321,48481,48481"
55069,2025,5,3,"55041,55041,55051"
45035,2024,6,3,"45005,45049,45011"
51013,2022,8,1,51600
46069,2022,4,3,"46015,46005,46015"
51185,2020,7,1,51195
16031,2023,9,3,"49005,49005,49011"
05145,2022,10,4,"05037,05111,05037,05123"
40121,2022,7,1,40133
48137,2025,4,3,"48507,48163,48507"
48237,2022,2,1,48143
22085,2023,3,2,"48405,48405"
22125,2023,7,1,22107
28001,2024,2,2,"28005,28005"
01073,2022,4,1,01107
19063,2022,8,11,"19021,19035,19141,19143,19141,19143,19197,19021,19143,27033,27105"
55015,2022,8,3,"26105,26105,26127"
22077,2025,5,2,"22007,22007"
05147,2022,6,1,05023
39003,2025,6,4,"39147,39173,39101,39173"
51019,2021,9,1,51775
29037,2020,7,1,29177
17115,2022,4,2,"17129,17129"
47157,2020,1,3,"28009,28009,47069"
28067,2024,2,2,"28131,28131"
19109,2023,3,12,"19059,27063,19195,19021,19059,19021,19195,19079,27013,27161,27013,27063"
06061,2024,5,3,"06049,32029,32029"
40147,2024,2,1,40103
39121,2025,2,1,54073
17109,2020,4,1,17017
40113,2022,3,1,40053
13069,2023,7,6,"13315,13209,13279,13309,13309,13315"
56039,2022,8,11,"30001,30057,30007,30043,30057,30059,56007,56017,49033,56041,56017"
12095,2025,5,3,"12093,12049,12093"
47187,2023,8,1,47135
22039,2022,12,3,"22029,22077,22077"
31115,2020,6,2,"31003,31107"
51067,2021,7,1,51690
17033,2021,7,2,"18055,18055"
29095,2024,7,4,"29083,29083,29033,29033"
06077,2024,2,3,"06109,06047,06109"
20119,2024,8,2,"20097,20097"
20035,2024,3,4,"40053,40053,40103,40103"
48395,2022,4,4,"48185,48217,48185,48471"
20095,2024,8,4,"20097,40003,40003,20097"
48479,2021,5,2,"48507,48507"
51107,2021,3,1,51685
20037,2024,4,2,"20107,20107"
16071,2023,9,7,"16053,16083,16007,49033,49011,16007,49033"
39069,2023,4,8,"26059,39147,39175,39123,26059,39123,39143,39147"
17027,2023,4,1,17173
47123,2023,7,2,"13291,13213"
46081,2022,6,1,56009
13177,2025,6,9,"13093,13315,13037,13093,13193,13197,13307,13037,13307"
26055,2020,6,2,"26133,26133"
21237,2020,5,1,21063
21199,2024,7,1,47137
22099,2025,6,2,"22093,22029"
32033,2022,5,4,"16083,32001,49039,49039"
19003,2022,9,2,"19009,19009"
54059,2020,7,1,51195
17119,2023,2,4,"17051,17051,17051,17173"
48255,2023,5,2,"48391,48391"
34003,2022,3,2,"36079,36079"
13277,2024,5,1,13315
19149,2025,4,2,"19047,31173"
06063,2024,11,1,06093
20053,2021,12,1,20123
28161,2022,5,3,"28137,28137,28027"
20031,2024,3,3,"20107,20107,20107"
18025,2024,7,2,"18125,18173"
04013,2021,10,2,"06025,06025"
50027,2021,6,1,50009
37113,2022,6,8,"13137,13281,13111,13291,13281,13291,13137,13147"
23017,2020,10,2,"23023,23023"
30055,2024,6,3,"30109,30109,30109"
01049,2022,7,1,47051
22043,2021,4,1,22003
31065,2024,4,1,31085
13319,2021,12,2,"13309,13125"
48371,2022,9,2,"48377,48377"
08105,2024,8,4,"08023,08023,35055,08015"
17103,2021,6,1,17175
29115,2021,12,3,"29103,29197,29103"
45035,2021,5,1,45011
29177,2024,7,3,"29061,29101,29101"
51023,2021,8,1,51580
21093,2024,2,2,"21061,21061"
48121,2025,5,1,48231
40105,2020,11,1,20049
35013,2020,7,2,"35017,35017"
42007,2024,10,3,"39099,39151,39099"
56035,2023,8,7,"56017,16007,49033,56041,08081,49043,56041"
12107,2024,5,2,"12041,12017"
42063,2025,6,1,42023
01045,2021,2,1,13259
13033,2024,12,4,"13175,13283,13125,13301"
55089,2020,5,1,55055
13217,2024,2,2,"13133,13013"
21071,2021,7,1,51051
01125,2022,6,3,"01075,01075,01133"
29189,2025,5,1,29073
39001,2025,4,4,"21069,21205,21069,21201"
55007,2021,7,1,27115
54041,2022,6,1,54049
29189,2020,11,5,"17027,17083,17027,29073,17083"
06099,2021,1,2,"06013,06013"
49025,2025,5,3,"08083,08085,49019"
39029,2024,3,1,39169
54033,2023,8,1,54093
48131,2025,5,2,"48163,48255"
22049,2022,3,3,"22083,22067,22083"
13147,2021,6,2,"13317,37113"
13071,2024,5,1,13087
21143,2025,1,3,"21225,17127,17151"
13155,2021,10,1,13005
37091,2025,5,4,"37187,37143,37187,37143"
40057,2024,2,5,"40129,48487,48191,48191,48487"
20015,2022,5,1,40053
12069,2025,5,4,"12075,12093,12049,12093"
47021,2021,7,2,"47083,47083"
18069,2025,4,2,"18103,18103"
20095,2021,7,2,"40003,40003"
30049,2023,8,3,"30015,30107,30015"
13303,2020,9,1,13283
12085,2024,1,2,"12055,12055"
39051,2024,8,3,"39173,39123,39173"
40017,2020,9,1,40103
28033,2020,3,1,28009
33001,2021,7,1,50009
30067,2023,9,3,"30107,30107,56017"
26017,2021,8,2,"26129,26129"
35028,2024,8,4,"08021,35055,35006,35031"
13119,2021,4,1,37113
29217,2024,4,2,"29083,29083"
40023,2021,4,3,"40029,48119,48119"
19085,2022,7,6,"19027,19093,19193,19093,19193,19027"
28151,2022,5,3,"22067,28027,28027"
28075,2022,7,1,01107
29157,2022,4,4,"17133,29093,17133,29093"
49011,2020,5,5,"49005,49033,32033,49005,49033"
12071,2022,5,1,12027
39089,2023,5,9,"39075,39101,39117,39005,39075,39117,39139,39115,39115"
48255,2020,4,2,"48285,48285"
06019,2024,6,5,"06079,06109,06099,06109,06079"
12111,2023,4,1,12055
08081,2020,8,1,49007
45073,2022,2,7,"13011,13195,13011,13281,13195,13281,13011"
48167,2023,4,1,48481
27029,2023,7,2,"27159,27159"
53051,2024,9,3,"30053,30053,53019"
13067,2024,8,1,13143
18025,2021,6,5,"18101,18093,18101,21091,18093"
54095,2023,6,1,54105
30095,2023,8,2,"30107,30107"
30111,2021,6,1,56029
37011,2020,1,2,"37199,37199"
28153,2023,4,9,"28075,28075,28101,28075,28101,28123,28031,28035,28035"
40013,2021,4,4,"40029,40029,48119,48119"
49045,2020,6,9,"16083,32017,49005,49029,49029,49007,49005,49029,49033"
13245,2024,5,7,"45005,45011,13125,13301,13301,13317,45011"
47157,2023,8,9,"05111,05123,28143,05111,29069,47045,28143,47075,47075"
29510,2020,4,1,17083
42129,2024,4,2,"42009,42009"
48121,2022,4,1,40095
40125,2021,5,1,40029
37023,2020,8,3,"37121,37121,37199"
13059,2023,4,11,"13135,13139,13011,13135,13139,13011,13133,13211,13133,13265,13317"
17055,2021,6,2,"17181,17181"
20019,2025,6,1,20133
26053,2023,4,4,"55037,55041,55041,55085"
37117,2021,5,1,37137
47019,2022,4,3,"37199,51520,37199"
31143,2020,7,10,"31037,31109,31155,31011,31037,31119,31167,31109,31151,31151"
19121,2021,12,1,19185
13217,2021,1,1,13171
42073,2024,10,4,"39151,39133,39151,42039"
17151,2021,3,2,"17181,21143"
08093,2021,5,2,"08047,08047"
51001,2024,6,1,51735
13215,2021,7,3,"13259,13259,13269"
47059,2020,3,3,"37199,37121,37199"
06105,2021,10,6,"06021,06033,41029,41033,41035,06021"
05089,2024,12,3,"05065,05137,05137"
13287,2025,6,6,"13271,13093,13091,13093,13235,13271"
21185,2020,5,1,21005
18035,2023,7,1,18103
26103,2024,10,5,"26095,26153,26089,26153,55041"
48361,2022,7,1,48071
13177,2022,3,2,"13307,13307"
46102,2025,4,1,31171
31027,2021,5,5,"31043,31015,46009,46009,46067"
17057,2024,3,2,"17017,17017"
34001,2022,2,1,34021
12047,2021,7,2,"12041,12041"
01067,2021,8,1,13259
13063,2022,6,2,"13247,13247"
54017,2024,10,2,"54073,54073"
13201,2024,1,1,13061
29075,2023,6,1,19145
05055,2022,9,1,05111
48439,2020,3,1,48425
01063,2024,12,2,"01023,01023"
21191,2025,5,4,"21201,21017,21181,21201"
30073,2020,5,2,"30077,30089"
13237,2021,12,5,"13219,13221,13125,13301,13219"
47045,2020,11,5,"05035,29069,29069,47183,47183"
31059,2020,7,6,"31067,31067,31109,31023,31109,31023"
18089,2020,8,1,18131
28037,2024,1,3,"22107,22107,28077"
21003,2025,5,1,47159
42057,2022,5,1,42087
48423,2021,4,2,"48379,48379"
54035,2024,9,1,54073
17095,2023,7,1,19115
48001,2020,4,2,"48313,48313"
01109,2025,5,5,"13061,13259,01013,01085,01085"
35051,2024,6,3,"35006,48109,35006"
48005,2020,4,1,48313
53019,2023,4,9,"53001,53025,53063,53075,53017,53025,53057,53051,53063"
05085,2024,8,4,"05105,05025,05105,05067"
08119,2023,5,7,"08015,08109,08019,08047,08015,08019,08117"
53065,2020,1,3,"53047,53047,16009"
26037,2025,6,2,"26073,26073"
13273,2024,2,4,"13061,13061,13239,13193"
51121,2024,4,1,51770
37095,2025,6,2,"37143,37143"
13099,2025,6,1,13239
20005,2021,12,2,"31147,31147"
48459,2025,5,1,48379
51033,2023,6,3,"51119,51095,51119"
16069,2022,12,15,"16079,30061,16003,16009,16079,16003,53013,53023,53023,16009,53001,53013,53021,53023,53043"
29031,2021,4,1,29069
13205,2022,8,2,"13037,13037"
28145,2024,7,1,28107
05087,2025,6,1,05129
37163,2020,8,1,37079
54079,2023,7,3,"54105,54045,54059"
47059,2025,2,1,47067
49053,2021,8,1,04012
30095,2020,7,2,"56029,56029"
13051,2025,5,2,"13109,13109"
40101,2022,10,1,40063
55131,2022,7,3,"26127,26105,26127"
26019,2024,4,1,26029
22097,2021,5,7,"22125,22003,22047,22121,22125,22007,22047"
48469,2022,9,5,"48321,48025,48321,48481,48025"
23025,2021,8,3,"23015,23023,23015"
28081,2020,7,1,28009
48463,2022,5,5,"48013,48127,48127,48013,48127"
47081,2021,9,3,"47083,47083,47039"
37015,2020,9,1,37095
31031,2022,9,2,"31149,31149"
17081,2023,4,2,"17051,17159"
51119,2020,11,1,51735
21077,2021,2,2,"18115,18115"
54045,2020,4,1,21159
55083,2021,6,1,26089
22067,2020,11,2,"22027,22027"
18081,2022,6,1,18119
20173,2023,7,1,40053
20205,2024,8,1,20107
37169,2024,7,2,"37005,51063"
08115,2024,6,1,31085
45041,2022,1,2,"45043,45043"
47135,2021,7,4,"47083,47071,47083,47071"
55113,2021,8,2,"27017,27115"
48029,2021,3,1,48507
37013,2023,4,2,"37177,37177"
27049,2021,6,2,"27163,27163"
30049,2020,5,5,"30089,30023,30093,30023,30039"
42053,2025,6,5,"42023,42023,42039,42039,42049"
05013,2022,4,1,22067
36083,2023,6,5,"36093,36093,50001,50021,50021"
13181,2024,7,3,"13163,13301,13301"
06071,2023,8,2,"49025,06079"
31069,2025,4,2,"08115,08115"
53027,2021,1,8,"53029,53035,53055,53053,53077,53035,53053,53053"
18103,2024,5,2,"18181,18149"
26103,2021,9,1,26095
37089,2022,3,1,37199
19065,2023,7,2,"19067,19067"
17029,2020,7,2,"17079,17079"
18083,2024,6,2,"18173,18173"
48201,2020,9,2,"48407,48407"
53025,2020,5,5,"53019,53019,53057,53073,53053"
37171,2024,7,4,"51063,51640,51640,51063"
20005,2020,4,2,"31147,31147"
48223,2021,3,1,48459
19175,2022,11,2,"19145,19145"
27007,2023,5,3,"27153,27159,27159"
34039,2022,8,7,"36047,36061,34021,34019,34019,34021,36047"
06073,2020,12,4,"04012,04027,06037,04012"
47099,2022,2,2,"28141,47039"
01031,2022,12,3,"01013,01035,01013"
17203,2025,5,2,"17155,17155"
01109,2022,4,3,"13259,01039,01039"
26091,2023,3,7,"26023,26093,26163,26093,26163,39123,39173"
47189,2022,5,4,"47087,47111,47111,47111"
05085,2021,7,1,05107
18011,2022,3,6,"18157,18159,18159,18109,18109,18157"
08031,2023,5,3,"08019,08047,08093"
20137,2024,3,1,31073
06061,2024,9,2,"32029,32029"
37089,2020,10,1,37199
40073,2021,7,4,"40003,40103,40103,40003"
06101,2024,2,1,06005
22127,2021,5,1,22027
27093,2022,9,1,27103
16027,2022,6,4,"16087,16083,16087,16087"
31023,2025,5,10,"31167,31121,31125,31167,31081,31121,31059,31035,31059,31081"
48465,2020,3,1,48507
48469,2024,2,7,"48007,48321,48089,48321,48481,48089,48007"
48025,2025,6,2,"48493,48057"
45017,2022,7,1,45089
46095,2024,4,2,"31103,31103"
13207,2025,2,4,"13193,13237,13237,13319"
17121,2021,3,1,17079
06027,2023,1,5,"06053,06069,06079,32019,04012"
22103,2024,11,1,28147
51107,2021,7,1,51685
45037,2023,3,1,13163
22087,2024,1,2,"28131,28131"
19147,2024,6,3,"19093,27091,27091"
27119,2021,6,1,27135
51089,2024,4,2,"51063,51063"
27057,2023,7,2,"27153,27153"
40079,2023,2,1,40005
42081,2025,5,2,"42023,42023"
40027,2022,4,1,40133
32023,2022,7,5,"32019,32027,32031,32027,32019"
01113,2021,10,1,13307
12013,2021,2,2,"12037,12037"
37169,2021,6,1,51690
01103,2024,7,1,47055
20065,2025,4,7,"31065,31083,20183,31061,31083,20141,20183"
21027,2025,5,4,"18025,18025,21149,21177"
17119,2023,6,3,"17051,17051,17051"
51009,2024,6,2,"51530,51678"
51700,2024,8,2,"51735,51735"
17121,2024,4,4,"17005,17005,17145,17145"
28047,2024,9,3,"28039,28039,28111"
08101,2021,7,3,"08003,08011,08011"
46085,2024,4,2,"31103,31103"
28045,2024,1,1,28111
13277,2024,9,1,13315
47185,2021,6,2,"47159,47159"
46091,2023,8,1,27011
13103,2023,6,1,13107
48285,2024,12,3,"48493,48057,48057"
28049,2021,12,5,"28063,28063,28077,28065,28077"
21101,2020,9,2,"21055,21055"
29107,2025,6,2,"29025,29025"
05043,2023,9,3,"28011,05107,28011"
21091,2024,7,2,"18173,18173"
39041,2025,6,4,"39005,39075,39033,39033"
19065,2020,6,2,"19067,19067"
47165,2025,4,3,"47159,47159,47159"
48423,2024,11,2,"48379,48379"
39031,2024,3,3,"39151,39169,39151"
47003,2023,4,1,47061
19025,2021,7,7,"19035,19041,19093,19141,19041,19035,19093"
32003,2023,3,6,"04012,49025,04012,49001,49021,49027"
17023,2022,6,2,"18021,18021"
21141,2025,5,1,21149
13261,2021,3,3,"13053,13259,13259"
06041,2021,1,2,"06033,06045"
08049,2023,7,5,"08093,08045,08045,08103,08093"
06035,2021,10,7,"41035,41037,32001,32027,32029,32510,41037"
27115,2023,8,4,"27095,27095,27095,55005"
08101,2024,8,7,"08109,08015,08109,08003,08023,08109,08023"
01045,2021,6,1,13259
48287,2025,5,1,48285
37077,2022,6,3,"37185,37185,37185"
19067,2023,3,4,"19189,19195,19079,19195"
20161,2020,4,4,"31067,31133,31067,31095"
48199,2025,5,5,"48071,48071,48407,48407,48455"
45003,2023,8,3,"13107,13163,13163"
13045,2021,8,2,"13063,13117"
20167,2024,5,2,"20123,20123"
29199,2020,5,1,29205
29117,2025,6,2,"29063,29063"
08023,2020,7,4,"08105,08109,08105,08109"
48085,2021,11,1,40095
37177,2021,5,4,"37073,37137,37073,37073"
40147,2021,5,3,"40035,40103,40035"
51125,2023,7,1,51530
45007,2021,10,7,"13221,13317,13119,45047,45047,13119,13257"
26039,2020,7,2,"26089,26133"
19047,2024,6,3,"31173,19151,31173"
48311,2024,3,4,"48047,48247,48247,48323"
39087,2025,4,1,21159
20201,2024,8,7,"20089,20123,20089,31129,31059,31059,31129"
13071,2024,9,1,13087
08001,2020,7,3,"08019,08047,08119"
30103,2020,7,1,56033
22021,2025,2,1,22029
31105,2025,6,3,"08115,08014,08115"
42059,2022,7,1,54009
45025,2022,6,1,45033
54005,2023,2,1,54089
05095,2025,6,3,"05041,05041,05067"
12085,2024,5,2,"12055,12055"
46109,2021,8,4,"27073,27149,27149,27073"
17051,2021,6,2,"17079,17079"
26143,2020,5,4,"26133,26009,26009,26133"
54075,2023,2,2,"54089,54093"
17027,2020,7,1,17083
28127,2022,5,3,"28063,28091,28091"
35023,2024,8,4,"04009,04009,35003,35003"
36029,2025,6,3,"42049,36073,36073"
42015,2022,11,1,42093
23021,2022,12,1,23009
45085,2024,9,1,45033
48483,2022,10,4,"40057,40075,40043,40057"
22099,2022,9,4,"22121,22029,22121,22125"
47149,2023,4,1,47061
39113,2024,5,2,"39021,39021"
42027,2025,5,2,"42023,42023"
48003,2022,6,2,"48115,48115"
56027,2022,7,1,56007
51700,2021,7,4,"51131,51735,51131,51735"
48353,2022,7,2,"48433,48433"
20003,2025,5,3,"20133,20133,20133"
35025,2025,6,1,35009
01005,2022,6,4,"13053,13037,13053,13307"
18017,2021,8,1,18159
51740,2024,7,1,51735
05075,2022,3,1,05037
51640,2025,6,3,"51197,37005,51197"
48277,2022,11,2,"40005,40005"
48449,2021,5,2,"48459,48459"
31047,2021,8,1,31117
31015,2022,7,5,"46009,46135,46009,46015,46067"
48309,2022,4,1,48425
18001,2024,4,1,39003
45035,2023,2,2,"45009,45009"
19131,2023,3,2,"19189,19189"
12009,2023,7,1,12055
39165,2024,6,1,21023
18021,2023,8,1,17033
29510,2020,8,1,17083
13031,2023,8,6,"13279,13163,13167,13175,13279,13283"
17143,2020,5,1,17169
13011,2020,1,3,"13281,13059,13059"
08071,2021,7,3,"08003,08021,08003"
48121,2022,8,1,40095
40029,2022,4,3,"40133,40095,40133"
31185,2020,3,10,"31037,31109,31141,31155,31095,31141,31067,31095,31109,31109"
13001,2024,7,2,"13271,13283"
20097,2022,6,1,40003
08035,2021,8,2,"08019,08047"
12069,2024,1,3,"12055,12049,12055"
20103,2020,7,1,20043
31139,2021,8,7,"31051,46027,46135,31015,46009,46135,31051"
42045,2025,5,1,24029
46013,2023,6,1,46005
47019,2022,8,1,51520
46102,2022,7,2,"31091,31103"
24017,2025,6,3,"51610,51685,51630"
21015,2025,2,1,21097
19117,2021,7,1,29197
36009,2024,9,4,"42049,42023,42039,42049"
45007,2023,3,4,"13195,13221,13317,13195"
20025,2024,7,3,"40045,40045,40153"
37101,2021,3,1,37181
23003,2021,3,1,23007
51015,2023,8,2,"51530,51660"
48027,2022,11,2,"48193,48193"
54109,2020,3,1,21159
08071,2024,8,6,"08003,08021,35055,08003,08109,35055"
22111,2025,1,4,"05011,05017,05011,05017"
54101,2024,8,1,54093
39135,2020,3,1,18075
34027,2024,1,1,36085
20157,2024,5,3,"20123,20123,20141"
23029,2024,10,3,"23013,23027,23027"
19127,2023,3,2,"19079,19079"
28105,2022,5,3,"01107,01107,28013"
06001,2020,1,2,"06095,06069"
28149,2024,8,2,"28063,28063"
21175,2020,2,2,"21159,21159"
23007,2020,8,2,"23023,23023"
42031,2023,4,1,42039
18069,2022,7,3,"18009,18009,18075"
51005,2023,7,1,51530
13201,2024,5,1,13061
48021,2022,3,3,"48177,48015,48177"
41051,2025,2,11,"41065,41007,53015,41065,53039,41007,53015,53015,53039,53041,53077"
51195,2025,4,11,"21013,21131,21193,21119,21193,21071,21119,21159,21013,47067,47067"
06063,2021,12,2,"06021,06021"
42121,2023,4,6,"39007,39155,42049,39099,39155,42049"
39073,2023,3,2,"39115,39115"
20117,2025,4,1,31169
29021,2024,7,3,"29075,29061,29075"
12091,2025,6,3,"01013,01035,01035"
13267,2023,6,6,"13163,13167,13175,13283,13209,13283"
29089,2025,6,1,29137
22059,2024,3,1,22107
45001,2023,8,2,"13195,13317"
34035,2024,1,2,"36085,36085"
21089,2023,8,2,"21063,21161"
05121,2023,6,3,"29069,29069,05065"
13293,2021,4,3,"13021,13021,13053"
13223,2021,4,1,13227
48005,2020,8,3,"48313,48407,48407"
05067,2021,5,4,"05035,05123,05035,05123"
51059,2023,4,1,51685
18159,2020,7,1,18009
20135,2024,4,1,20141
39113,2021,4,2,"39021,39021"
49039,2020,6,3,"32033,32017,32033"
28157,2025,6,1,28113
18005,2025,4,2,"18143,18143"
42085,2022,9,2,"39007,39007"
35025,2022,5,1,48115
51097,2022,11,1,51131
55085,2020,7,1,55078
29137,2020,4,2,"29103,29103"
21213,2025,6,1,21177
08005,2022,8,3,"08019,08047,08093"
40153,2023,7,5,"40129,40129,48211,40003,40003"
18107,2021,10,3,"18159,18109,18109"
05063,2021,11,1,05037
24033,2020,7,2,"51600,51610"
12131,2022,11,2,"01013,01035"
12033,2025,6,1,01035
28141,2020,3,1,47069
30057,2020,8,7,"16065,16059,30023,56029,30023,30077,30023"
49003,2020,6,11,"16067,16083,16041,16083,32033,16041,49033,49029,32033,49029,49033"
30005,2024,8,1,30037
37103,2025,5,2,"37141,37141"
55065,2025,4,1,19097
51830,2021,6,2,"51131,51735"
38077,2021,7,1,27149
18049,2024,6,2,"18181,18181"
26053,2020,7,1,26083
13073,2025,5,3,"13163,13301,13163"
29183,2021,5,3,"17027,29073,29073"
54017,2023,6,1,54105
31167,2021,9,1,31051
47179,2020,3,4,"37121,51520,37121,37199"
21183,2024,2,3,"21061,21061,21233"
27015,2024,8,6,"27079,27091,27079,27173,27173,27091"
37175,2020,4,1,37199
48029,2021,7,1,48507
37013,2023,8,2,"37177,37177"
27047,2024,8,2,"27091,27079"
48039,2022,3,7,"48015,48071,48071,48057,48239,48015,48239"
27085,2022,8,2,"27103,27103"
42051,2023,1,1,54093
29187,2025,6,4,"29223,29017,29223,29017"
48421,2023,5,1,35037
17103,2023,6,1,17175
18035,2025,4,1,18103
20155,2024,6,1,20097
06071,2023,12,1,06079
51057,2021,6,1,51131
22117,2024,7,2,"28077,28077"
01077,2022,5,4,"28057,47039,47109,47039"
13139,2024,7,4,"13219,13281,13219,13281"
08083,2022,6,1,04009
17057,2021,6,2,"17175,17175"
33003,2021,3,3,"23007,50009,50009"
30053,2021,6,4,"53051,53063,53051,30073"
49035,2024,8,1,49009
17061,2020,7,1,17017
19023,2023,6,4,"19189,19195,19079,19079"
29169,2025,6,4,"29073,29151,29151,29073"
48167,2020,5,2,"48321,48481"
48119,2025,1,2,"48379,48379"
16015,2024,11,5,"16027,16047,16027,16075,16087"
40123,2021,12,1,40095
39009,2025,6,2,"54073,54073"
28037,2021,4,4,"28113,28113,28147,22125"
29175,2022,6,4,"29051,29135,29033,29103"
42101,2024,7,3,"34001,34001,34001"
51175,2023,7,4,"51595,51095,51036,51095"
19045,2022,11,1,19115
31161,2025,6,1,31171
42127,2024,5,2,"42131,42131"
20137,2024,7,1,31073
32017,2025,6,2,"32015,32007"
13273,2021,5,2,"13259,13259"
27065,2023,8,1,27009
40073,2021,11,2,"40003,40003"
16069,2024,9,6,"53013,53023,53023,53013,53021,53023"
08027,2024,5,5,"08015,08003,08023,08003,08015"
01011,2021,5,3,"13259,13053,13259"
28109,2023,4,8,"28113,28031,28111,28031,28065,28065,28077,28111"
01133,2022,2,3,"28057,28141,28057"
51165,2021,8,1,51540
37053,2022,6,1,51740
12086,2022,3,2,"12051,12051"
35005,2020,8,1,48141
05063,2023,4,2,"05111,05055"
48491,2024,5,8,"48099,48145,48281,48309,48281,48477,48145,48395"
26107,2024,5,1,26143
48419,2022,3,2,"48241,48241"
05139,2023,3,1,22123
01027,2023,5,2,"13045,13045"
33011,2023,12,2,"25025,25025"
06027,2023,5,2,"06079,32019"
53063,2022,12,10,"16079,16079,16079,53001,53025,53001,53003,53013,53021,53023"
08033,2025,6,7,"08053,08053,08091,08085,08091,08085,49019"
08011,2024,7,1,08023
48249,2020,8,2,"48247,48247"
38101,2021,6,2,"38083,38083"
13299,2023,3,1,13271
06017,2023,10,3,"06009,06109,06009"
49029,2025,5,1,49009
45043,2024,6,2,"45033,45033"
08041,2024,5,2,"08015,08109"
13079,2020,9,1,13235
41045,2021,6,6,"16003,16003,41063,41049,41069,41037"
47023,2020,5,1,28009
08043,2022,7,3,"08065,08019,08065"
19039,2024,7,2,"29129,29129"
27051,2023,5,7,"27153,27153,27159,27151,27011,27151,27011"
13159,2024,8,1,13219
01069,2025,4,3,"13061,13037,13061"
46037,2024,7,1,27073
37097,2024,5,1,37005
48473,2023,10,6,"48089,48481,48481,48313,48407,48051"
17077,2024,2,1,17003
06071,2025,5,1,06031
47185,2021,10,1,47087
47087,2021,3,2,"47137,47137"
13031,2025,4,3,"13163,13175,13283"
13163,2020,4,2,"13283,13283"
31069,2022,7,2,"31091,31091"
21039,2024,6,3,"17003,21139,17003"
05145,2023,2,2,"05111,05123"
42119,2023,8,2,"42093,42093"
38051,2023,6,1,38003
08123,2021,7,1,08047
47107,2023,4,3,"13213,13313,13213"
19153,2025,5,2,"19117,19117"
29179,2024,11,2,"29017,29207"
29127,2022,6,3,"17013,29103,29103"
39031,2024,7,4,"39151,39169,39117,39151"
26115,2025,6,2,"39123,39173"
26075,2023,7,5,"26023,26149,26023,26155,26155"
47071,2020,5,4,"47069,28057,47069,47069"
32003,2023,7,4,"49025,49001,49021,49027"
12097,2022,9,1,12027
29135,2025,4,2,"29151,29151"
51121,2021,5,2,"51021,51021"
51027,2023,5,1,51021
19171,2025,4,3,"19107,19183,19107"
28095,2022,7,7,"01057,01107,01057,01133,28013,28141,01107"
48179,2023,5,2,"40129,40129"
12031,2024,6,1,13065
48411,2023,4,2,"48193,48193"
17059,2024,2,7,"17151,21055,21139,17151,17199,21055,21233"
48297,2020,7,1,48247
26101,2020,4,5,"26089,26009,26089,26133,26133"
29189,2024,4,2,"17005,17013"
29101,2023,4,1,20209
19027,2021,6,6,"19021,19093,19193,19021,19035,19093"
16037,2025,5,3,"16045,16047,16045"
08069,2021,6,5,"08047,08019,08047,08107,08107"
17021,2024,4,2,"17005,17017"
45005,2023,7,2,"13107,13163"
51710,2020,11,2,"51735,51735"
13089,2022,6,2,"13013,13157"
20133,2021,6,1,40035
40109,2021,4,1,40103
17193,2021,4,2,"17165,17165"
38105,2024,9,1,38033
18129,2024,2,5,"17069,21233,17069,21055,21233"
13215,2025,2,4,"13259,13197,13259,13197"
19121,2020,6,2,"19009,19009"
56007,2020,6,2,"56017,56029"
29071,2024,4,1,17013
38041,2024,9,1,38033
20085,2021,12,2,"31147,31147"
30047,2022,6,9,"30035,30049,30073,30077,30099,30039,30061,30077,30061"
31031,2021,5,3,"31117,31015,31117"
30029,2023,8,10,"30101,16017,16035,30061,30015,30101,16017,16079,30061,30015"
41031,2023,5,13,"41037,41039,41003,41039,41053,41005,41053,41071,41005,41021,41027,53039,41021"
54011,2020,4,1,21159
53075,2022,12,17,"16055,16079,16035,16079,16035,41063,53025,41063,41063,53071,53005,53025,53071,41063,53025,16055,53051"
28121,2025,6,4,"28051,28061,28065,28061"
13299,2020,2,1,13017
46075,2023,6,1,46015
51079,2022,5,2,"51540,51660"
48227,2020,3,2,"48165,48165"
29179,2023,3,3,"29123,29221,29123"
12081,2020,9,3,"12055,12055,12055"
17041,2023,7,1,17035
39025,2025,5,3,"21097,21201,21097"
17007,2024,6,1,55101
31169,2022,4,2,"20089,20089"
47119,2023,8,2,"47135,47135"
21087,2020,1,1,21207
55033,2023,8,2,"55107,55107"
48401,2021,4,3,"48459,48459,48459"
22029,2021,2,4,"22047,22121,22121,28005"
47149,2023,8,1,47061
29073,2023,6,2,"29221,29221"
30095,2022,7,4,"30027,30031,30059,30059"
29009,2021,6,1,05101
29135,2020,8,1,29195
29169,2022,3,6,"29073,29151,29051,29135,29151,29073"
13103,2025,3,2,"13109,13109"
18093,2025,6,4,"18143,18025,18025,18143"
05147,2024,12,2,"05077,05077"
48159,2025,5,4,"48231,48231,48379,48379"
37189,2021,3,2,"37121,47163"
05075,2022,7,1,05037
31119,2023,9,2,"31089,31173"
13033,2025,4,4,"13175,13283,13125,13301"
48309,2022,8,4,"48425,48395,48161,48395"
26035,2022,9,3,"26079,26079,26135"
18153,2020,4,2,"17079,17079"
39005,2021,5,1,39143
16081,2020,4,2,"16029,56029"
42083,2025,6,2,"42039,42049"
12009,2023,11,3,"12093,12055,12093"
53011,2023,10,12,"41007,41057,41067,53069,41005,41027,41067,53041,53069,41027,53041,53077"
40087,2022,4,2,"40133,40133"
13011,2020,5,3,"13281,13059,13059"
51027,2020,4,2,"21159,21159"
22063,2025,5,4,"22007,22093,22093,28113"
31185,2020,7,8,"31037,31109,31155,31095,31067,31095,31109,31109"
35055,2020,11,6,"08003,08007,08105,08003,08007,35028"
38047,2023,9,1,38083
29101,2020,3,3,"29177,29033,29177"
19189,2020,6,1,19067
51107,2023,9,1,51685
51125,2025,4,2,"51530,51678"
45007,2023,7,3,"13195,13317,13195"
48243,2022,10,1,48103
37101,2021,7,1,37181
01127,2022,7,5,"01075,01107,01075,28057,01107"
01087,2023,8,2,"13053,13259"
51191,2025,5,3,"37011,37005,47067"
19075,2020,3,4,"19067,19067,19079,19079"
20085,2023,5,2,"31147,31147"
48111,2023,2,2,"35037,35037"
54063,2025,2,1,51580
08001,2022,4,3,"08019,08047,08093"
13093,2024,3,4,"13225,13225,13307,13271"
51193,2023,7,2,"51119,51119"
21043,2021,4,1,21115
17129,2025,5,1,17009
39159,2021,4,1,39083
46027,2024,7,1,31173
13017,2021,5,1,13309
37191,2021,8,2,"37127,37127"
20191,2022,11,3,"40003,40003,40103"
51085,2025,5,1,51630
21175,2020,6,2,"21159,21159"
17065,2024,8,12,"17145,17199,17069,18129,21225,17145,17069,17151,17199,17047,17047,18129"
05147,2023,4,5,"05035,05111,05111,05107,05035"
22015,2021,11,2,"22027,22027"
51041,2023,6,3,"51095,51183,51183"
13025,2025,6,1,13003
47073,2020,1,2,"47091,51520"
50007,2021,7,2,"50019,50019"
08055,2023,9,14,"08021,08105,08021,35007,35055,08043,35007,08043,08015,08043,08051,08053,08079,08105"
21105,2023,3,5,"47095,47079,47045,47095,47079"
19195,2022,5,3,"19023,19197,19197"
28097,2024,6,1,28135
37153,2022,6,1,45033
12115,2022,6,2,"12043,12051"
27075,2025,5,2,"26083,55051"
46029,2023,6,6,"46005,27081,27173,46011,27011,46011"
28051,2023,12,1,28135
16033,2024,8,1,30023
34005,2022,7,4,"34019,34019,42077,42095"
23005,2021,7,3,"23007,23007,23015"
22109,2021,3,3,"22047,22093,22093"
22111,2023,12,2,"05011,05011"
48257,2025,1,2,"48379,48379"
55009,2024,8,3,"26019,26089,26019"
22045,2022,12,3,"22077,22121,22077"
51059,2023,8,1,51685
19151,2023,5,12,"19035,19093,19141,19035,19059,19141,19143,19189,19059,19035,19093,19079"
22009,2023,7,5,"22107,22107,22121,22037,22121"
28091,2024,2,1,28131
46057,2022,3,8,"27081,27117,46079,46101,46005,27081,46005,46079"
21207,2022,7,2,"47027,47027"
47181,2022,3,6,"28141,47005,47017,28141,47109,47005"
18157,2020,9,1,18131
16049,2022,8,14,"16045,16087,16079,30061,16037,30001,16037,16045,30039,30061,30001,30023,30039,53023"
42109,2023,6,1,42093
28059,2021,7,2,"28045,28045"
48181,2025,5,2,"48231,48231"
39107,2020,7,3,"18009,18135,18135"
18167,2020,10,1,17079
06061,2023,3,8,"06013,32019,06049,32019,32029,41037,32019,32029"
29055,2022,4,1,29151
19025,2020,3,3,"19009,19165,19079"
05053,2023,6,1,05011
06013,2020,1,7,"06099,06101,06113,06099,06113,06033,06045"
34007,2023,8,2,"34011,34011"
05097,2022,4,1,05081
21173,2023,7,1,21201
24033,2020,11,1,51600
05111,2021,11,3,"05123,05123,47097"
04012,2020,8,1,32017
16011,2024,6,2,"16071,16071"
17105,2023,4,1,17147
06047,2025,2,4,"06031,06109,06109,06109"
19029,2025,4,2,"19047,19047"
20191,2021,3,3,"40003,40003,40103"
19101,2023,5,2,"19115,19115"
30105,2023,6,2,"30091,30091"
27005,2021,9,3,"27041,27153,27153"
04013,2022,8,3,"06025,04023,06025"
08085,2022,7,3,"08111,08111,49047"
47179,2020,7,4,"37121,51520,37121,37199"
56037,2025,5,2,"08107,08107"
13239,2023,7,3,"13307,13053,13307"
39019,2023,7,2,"39153,39169"
35035,2020,8,1,35017
51095,2020,11,1,51735
51061,2025,5,2,"51685,51630"
51800,2024,7,1,37177
01113,2025,5,4,"13061,13197,13197,13307"
51181,2024,8,1,51670
22079,2020,4,1,22077
05103,2021,6,2,"22027,22027"
48381,2020,7,2,"48369,48369"
05013,2022,12,3,"05003,05003,22067"
46121,2022,9,2,"31091,31149"
40037,2021,5,2,"40103,40103"
22045,2021,4,4,"22093,22077,22121,22077"
20011,2021,12,1,29185
19127,2020,6,2,"19079,19079"
12057,2021,5,4,"12027,12055,12027,12055"
30003,2024,6,1,30037
17057,2021,10,2,"17071,17071"
33003,2021,7,3,"23007,50009,50009"
16051,2021,8,3,"16081,16081,16081"
48389,2023,7,1,35005
17183,2023,5,4,"17147,17147,17023,18181"
48237,2021,5,1,40033
28161,2021,3,1,28027
08055,2020,8,6,"08021,08105,08021,08025,08053,08105"
55031,2021,7,2,"27025,27025"
12101,2020,12,1,12055
29015,2021,6,1,29107
37041,2023,12,2,"37177,37177"
55075,2021,6,1,26089
47099,2022,10,4,"28141,47071,47039,47071"
48213,2024,3,4,"48289,48289,48397,48379"
40147,2023,5,1,40103
21089,2025,5,4,"21063,21205,21069,21205"
08119,2025,6,8,"08015,08014,08019,08047,08015,08019,08065,08117"
13007,2025,4,2,"13061,13061"
19081,2023,3,2,"19079,19079"
05067,2023,2,7,"05055,29069,05035,05123,05055,05035,05123"
12035,2025,1,1,12007
47075,2022,2,5,"47053,28139,47109,47017,47053"
51073,2024,8,1,51735
12099,2020,7,2,"12055,12055"
31003,2024,8,6,"31077,31125,31167,31167,31077,31175"
20105,2025,6,4,"20089,20089,20163,20183"
55009,2021,7,1,26089
51153,2020,1,2,"51600,51610"
38017,2022,8,1,27155
51059,2020,7,1,51685
56025,2020,6,5,"56017,56029,56033,56017,56029"
18049,2023,2,4,"18181,18141,18181,18141"
31103,2025,4,1,31171
29155,2022,9,7,"05035,05111,47097,05021,47033,47053,47097"
12113,2025,6,1,01035
51003,2022,6,1,51660
48085,2025,6,1,48379
20035,2023,6,4,"40053,40053,40103,40103"
27167,2021,7,6,"27041,27149,27041,27153,27159,27149"
51550,2022,7,1,37055
35047,2024,7,1,35055
48325,2022,5,2,"48127,48127"
18107,2023,7,1,18181
05063,2023,8,3,"05111,05055,29149"
55029,2021,8,1,26029
19123,2025,6,10,"19101,19183,19117,19007,19051,19117,19185,19007,19051,19101"
18079,2020,4,1,21223
21035,2021,5,4,"47183,21143,21143,47183"
16065,2023,4,3,"56039,56039,56039"
21195,2020,2,1,51720
04017,2020,4,2,"35006,35031"
05139,2023,7,1,22123
31067,2022,10,2,"31023,31147"
21217,2025,5,1,21199
04001,2022,8,1,08111
51167,2024,9,1,21133
29099,2022,5,3,"29073,29093,29093"
13157,2025,6,3,"13221,13221,13221"
53057,2024,8,8,"53017,53033,53037,53035,53017,53025,53033,53035"
18163,2024,6,3,"21225,21225,21233"
46007,2024,7,2,"31091,31171"
16063,2024,7,2,"16083,16083"
48325,2025,6,3,"48255,48493,48493"
25027,2021,6,1,44001
01017,2023,6,3,"13045,13199,13199"
18175,2025,6,2,"21223,18123"
11001,2020,3,1,51610
13251,2020,8,1,13043
36091,2023,6,3,"36033,50001,50021"
16059,2024,8,4,"16035,30023,30023,30039"
29065,2024,11,2,"29073,29073"
05145,2023,6,3,"05065,05111,05123"
22125,2024,3,1,22107
48279,2023,5,2,"35041,35041"
22009,2020,4,1,22037
24005,2022,3,1,42043
16005,2022,7,2,"56023,49033"
54107,2024,8,1,39111
26117,2020,6,3,"26133,26133,26133"
51121,2021,9,1,51775
13145,2021,8,5,"13231,13053,13053,13269,13149"
13303,2021,5,7,"13301,13301,13107,13301,13107,13283,13023"
36013,2024,7,1,39007
35031,2022,7,2,"04009,35028"
13051,2021,4,2,"13031,13031"
17073,2023,8,2,"19115,19115"
20077,2024,6,2,"20097,40093"
31103,2020,8,3,"31107,31003,31107"
54025,2021,3,1,51580
47115,2023,5,2,"13047,13313"
48147,2022,5,2,"40095,40095"
38103,2023,4,1,38003
13177,2023,1,7,"13315,13037,13193,13197,13307,13037,13307"
51073,2021,7,4,"51131,51131,51131,51735"
48157,2020,6,2,"48321,48321"
13225,2021,3,3,"13021,13021,13023"
42085,2021,5,1,39055
28029,2024,2,3,"22107,22107,28005"
32017,2022,9,3,"04012,32001,49039"
24005,2025,4,2,"24035,24035"
06019,2025,2,2,"06109,06109"
21067,2020,5,1,21005
35017,2022,6,3,"04003,04009,04003"
17167,2023,5,5,"17173,17147,17173,17051,17173"
41061,2024,8,9,"16087,41049,41069,41049,53005,53013,53071,53013,53023"
26061,2023,7,3,"55037,55041,55125"
48009,2022,6,3,"48275,48275,48197"
47091,2025,5,2,"37005,37005"
32015,2022,7,5,"32019,32031,16083,32031,32031"
29215,2021,7,1,29073
35047,2021,6,1,35028
48149,2020,1,2,"48481,48481"
26017,2025,5,9,"26069,26129,26035,26073,26129,26143,26069,26035,26073"
19103,2022,6,3,"19087,19087,19101"
42103,2022,7,4,"36079,36087,42025,42095"
41059,2022,8,7,"41021,53023,53021,53077,53021,53023,53021"
47091,2020,11,5,"37121,37121,47171,51520,51520"
06029,2022,7,3,"06053,04012,06053"
31031,2021,9,3,"31117,31015,31117"
01113,2022,2,1,13307
04027,2024,1,1,04023
54011,2020,8,1,21159
16017,2024,9,1,16035
29207,2023,7,6,"29123,05021,05021,05055,47095,29123"
19093,2020,8,4,"19009,19085,19165,19085"
26013,2023,4,3,"55037,55041,55125"
54059,2021,3,1,21115
21039,2023,2,1,47079
37023,2021,4,4,"37121,47091,37121,37199"
08083,2024,8,5,"04009,35003,35006,35031,35031"
47069,2024,4,5,"28117,47071,28117,47071,47071"
25021,2022,8,4,"25001,25007,44005,25001"
40047,2022,4,1,40043
13079,2022,6,3,"13249,13159,13249"
51167,2021,8,4,"51021,51021,51520,51720"
35015,2023,8,5,"35041,35041,35051,48243,48243"
48341,2023,8,4,"48011,35037,35037,48011"
39089,2022,8,1,39005
37161,2024,12,2,"37011,37011"
47167,2021,4,3,"05123,29069,28009"
21083,2025,1,6,"29133,29133,17127,17153,21139,21139"
29165,2020,4,4,"20043,20043,29177,29177"
13289,2022,5,2,"13159,13309"
29047,2020,7,1,29033
21083,2020,7,3,"21221,21143,21221"
17191,2022,2,2,"17079,17079"
47185,2023,7,1,47061
30031,2023,6,2,"30107,56017"
19023,2020,7,2,"19079,19079"
48337,2021,10,1,40095
54081,2023,7,4,"54045,51021,54045,54059"
13181,2023,7,5,"13195,13163,13301,13265,13301"
13227,2022,2,2,"13111,13111"
40089,2023,6,2,"40005,40005"
08123,2023,4,1,08047
26081,2025,5,3,"26073,26105,26133"
26075,2025,4,2,"39171,39095"
47077,2021,3,1,47183
26119,2020,8,2,"26097,26097"
28025,2025,6,3,"28019,28019,28043"
19025,2023,8,7,"19035,19093,19141,19165,19035,19093,19079"
12097,2024,6,3,"12027,12049,12049"
31143,2024,4,3,"31053,31011,31167"
26075,2020,10,3,"26015,26015,39171"
13179,2023,6,2,"13107,13279"
28043,2023,12,3,"28027,28107,28107"
55115,2025,6,2,"55041,55041"
55003,2023,4,8,"55125,55125,55069,55085,55107,55125,55005,55107"
16013,2023,6,7,"16047,16053,49003,16047,16047,16053,16053"
51027,2020,8,6,"21133,21159,51195,51195,51195,21159"
47163,2020,3,1,37121
08014,2020,6,4,"08047,08019,08047,08119"
18095,2023,7,1,18103
54031,2020,6,1,51840
29189,2021,7,3,"17027,17027,29073"
29101,2020,7,3,"29177,29033,29177"
13081,2022,6,2,"13249,13307"
19055,2024,7,2,"19031,19031"
13069,2021,2,2,"13209,13279"
27085,2024,8,3,"27127,27173,27079"
16017,2023,1,7,"16009,16009,16035,30061,30061,16009,53043"
55083,2025,5,2,"26019,26089"
13061,2022,5,4,"13259,13259,13259,13307"
20167,2021,12,2,"20123,20123"
18011,2021,3,2,"18159,18159"
18083,2025,4,4,"17159,17159,17159,18129"
21059,2021,3,2,"21233,21233"
16053,2020,5,2,"16025,16025"
40149,2022,4,1,40043
12051,2024,5,5,"12027,12055,12115,12055,12055"
13285,2023,2,9,"13113,13121,13255,13215,13263,13231,13255,13263,13293"
48387,2022,11,1,40005
08103,2020,7,1,49007
48299,2024,3,3,"48281,48281,48333"
20085,2023,9,4,"20043,20043,31147,31147"
48139,2021,10,2,"48035,48035"
21137,2025,5,5,"21125,21147,21231,21109,21125"
40121,2023,9,1,40013
13257,2024,12,2,"13281,37113"
21075,2024,9,1,17003
22059,2021,10,3,"22097,22125,22003"
39159,2021,8,1,39083
30029,2025,5,2,"16035,30023"
55137,2023,6,3,"55141,55141,55015"
48257,2022,4,1,48217
47015,2024,7,1,47117
19139,2024,7,1,19087
35049,2024,7,6,"35006,35055,08021,35055,35006,35031"
53075,2024,9,9,"16035,16035,53025,53071,53005,53025,53071,53019,53025"
17065,2024,12,9,"17199,18129,21225,17087,17151,17199,17159,17185,18129"
05147,2023,8,5,"05035,05111,05111,05107,05035"
48159,2024,1,2,"48379,48379"
22113,2021,4,3,"22007,22047,22003"
05005,2021,6,1,05101
12119,2023,4,3,"12049,12055,12081"
41031,2020,8,4,"41025,41025,41037,41027"
47157,2021,3,4,"05123,29069,28009,28009"
34029,2024,4,2,"36081,36085"
13183,2023,6,2,"13107,13279"
04015,2021,7,2,"04027,06025"
01067,2022,6,3,"13259,13037,13037"
37101,2024,12,1,37141
21105,2023,7,3,"47095,47045,47095"
48175,2024,4,2,"48007,48239"
22119,2024,4,1,22127
46071,2022,7,1,31103
48301,2020,3,1,48165
21205,2024,2,1,21201
35039,2020,5,7,"08053,08105,08003,08105,35006,35031,35031"
45083,2025,2,1,45023
22095,2023,5,2,"22075,28113"
26063,2022,8,2,"26001,26135"
22059,2024,11,4,"22029,22041,22029,22041"
48129,2025,4,1,40057
48145,2020,4,1,48313
51009,2023,6,2,"51017,51530"
25025,2022,8,1,25001
08045,2021,9,3,"08065,08029,08065"
37029,2022,4,2,"51740,51740"
48257,2025,5,2,"48379,48379"
16011,2021,9,6,"16041,16025,16065,16007,16041,16065"
50001,2021,5,2,"50015,50015"
51179,2021,8,1,51685
22009,2023,11,2,"22107,22107"
19013,2024,3,2,"19069,19069"
46015,2021,10,4,"46035,46009,46067,46005"
28017,2023,9,3,"28161,28117,28019"
48241,2023,9,1,48455
44007,2022,6,5,"25001,25007,44005,44005,44005"
47157,2024,4,6,"05037,05123,28009,28009,47075,47075"
19053,2025,6,3,"19007,19007,29061"
26019,2023,7,4,"26029,26105,55075,55083"
51107,2022,5,2,"51600,51610"
40011,2022,8,2,"40075,40003"
13189,2023,6,8,"13107,13125,13167,13303,13125,13141,13265,13265"
31041,2020,5,2,"31077,31077"
48073,2025,5,2,"48455,48455"
40089,2020,5,1,48119
29211,2021,3,3,"29103,29197,29197"
51119,2024,8,1,51735
29017,2024,2,1,17003
48073,2020,11,3,"48455,48455,48459"
05001,2021,6,2,"05123,28027"
19025,2020,7,3,"19009,19165,19079"
18127,2025,5,2,"18131,18131"
21215,2025,5,2,"21239,21103"
40079,2025,6,1,05109
05097,2022,8,1,05081
45053,2021,6,1,13031
05041,2024,3,4,"05011,28027,28143,28027"
39149,2023,7,2,"39161,39161"
45075,2022,6,3,"45043,45089,45089"
48319,2022,5,1,48333
27053,2023,3,2,"27009,27095"
16013,2020,5,5,"16029,16059,16083,16059,16083"
48219,2025,6,1,35009
20191,2021,7,3,"40003,40003,40103"
06073,2021,8,3,"04012,04027,04012"
05027,2025,5,6,"05019,05109,05019,05039,05003,05011"
49051,2020,5,5,"49007,49029,49029,49033,49007"
01025,2024,12,2,"28023,28041"
17065,2023,4,1,17159
51107,2025,6,2,"51610,51685"
27157,2023,5,2,"55035,55035"
06107,2024,12,2,"06069,06037"
04005,2024,6,3,"04009,04009,08033"
49009,2020,6,4,"49007,49029,49033,49007"
47007,2023,4,5,"13047,13083,13295,13313,47061"
12001,2021,7,1,12119
40141,2023,10,2,"48077,48077"
27089,2024,6,6,"27029,27071,27029,27125,27029,27125"
21047,2023,6,1,47079
01099,2025,5,3,"01085,01023,01085"
29003,2020,5,4,"31147,31127,31147,19145"
13241,2023,8,5,"13011,13311,13291,13311,13291"
30011,2024,5,1,30109
22127,2022,1,1,22083
37039,2025,5,2,"13281,13281"
18063,2025,5,2,"18023,18023"
08101,2025,6,8,"08061,08015,08023,08011,08023,08061,08011,08061"
51173,2024,6,2,"37005,51640"
20191,2024,8,2,"40003,40003"
46059,2021,6,1,46077
20157,2021,12,2,"20123,20123"
51019,2024,4,5,"51063,51063,51770,51530,51678"
40083,2022,8,4,"40003,40053,40093,40093"
12057,2021,9,2,"12027,12027"
46115,2022,7,2,"46077,46077"
47015,2021,6,2,"47159,47159"
35049,2021,6,2,"08007,08021"
20027,2024,6,3,"20123,20123,31095"
21101,2024,8,5,"18125,17069,21055,21033,21055"
54035,2025,5,1,54073
36025,2023,4,1,36093
13013,2025,6,2,"13221,13221"
48365,2021,5,1,48459
39095,2020,11,2,"39143,39143"
22127,2025,2,1,22041
31089,2020,6,7,"31011,31119,31139,31027,31139,31011,31077"
21019,2020,1,4,"21063,21063,21159,21159"
05067,2023,6,8,"05055,29069,05035,05123,05065,05055,05035,05123"
20161,2024,3,1,31095
28017,2025,2,3,"28043,28019,28043"
42085,2024,10,7,"39133,39151,39007,39055,39133,39007,42049"
51059,2020,11,1,51685
48457,2025,5,4,"48225,48455,48407,48455"
21147,2024,4,2,"47137,47137"
06067,2023,1,7,"06041,06075,06097,06041,06055,06097,06055"
08029,2020,6,2,"08053,08109"
46085,2020,6,1,31107
46047,2022,6,1,56009
30015,2020,7,2,"30101,30101"
26039,2024,6,6,"26029,26089,26141,26001,26001,26029"
48149,2023,6,2,"48481,48481"
56023,2020,5,8,"16041,49005,16065,16041,16041,49005,49029,56029"
24033,2022,8,2,"51600,51610"
20173,2024,3,1,40053
54047,2022,6,2,"51167,51167"
40079,2022,5,1,05081
39149,2020,6,2,"18075,18075"
06073,2023,1,3,"04012,04027,04012"
19001,2022,8,1,19145
48219,2022,5,2,"48115,48115"
56035,2024,8,1,49009
23017,2023,5,3,"23023,23023,50009"
17097,2024,5,2,"55101,55101"
17065,2020,3,2,"17121,17121"
19133,2022,5,9,"19027,19021,19035,19035,19149,31043,46127,31043,31051"
48277,2023,9,2,"40005,40005"
46085,2023,7,5,"31015,46067,31015,31103,31103"
38085,2024,5,2,"38089,38089"
45003,2024,4,4,"13163,45005,13163,45005"
37175,2022,5,3,"37199,13137,13147"
34017,2022,5,3,"36005,36087,36005"
28045,2023,4,6,"22075,28035,28073,28091,28035,28111"
51710,2021,3,2,"51735,51735"
51017,2021,2,2,"51580,51820"
47153,2023,7,4,"13047,13083,13313,13083"
18021,2024,6,2,"18045,17033"
38031,2023,4,3,"38003,38003,38083"
49011,2024,8,1,16071
05043,2022,12,7,"22067,22067,22123,28011,28151,05107,28011"
11001,2020,7,1,51610
32033,2023,7,12,"49003,49001,49021,49039,49049,49001,49039,49041,49003,49011,49049,49057"
46121,2024,6,4,"31017,31091,31171,31017"
49017,2024,6,1,08033
27003,2021,4,4,"27115,27019,27115,27009"
18169,2020,6,2,"18131,18009"
35055,2021,5,6,"08003,08007,08105,08003,08007,35028"
40031,2022,6,1,48077
51185,2021,7,2,"51051,51051"
47187,2021,7,1,47083
21009,2021,1,1,21001
20183,2022,9,2,"31099,31099"
54037,2024,8,1,51840
56001,2021,8,2,"08107,08107"
17137,2020,4,8,"17169,17129,17169,17013,17083,17083,17013,17129"
21101,2021,7,1,21091
48279,2023,9,4,"35041,35041,48501,48501"
19067,2022,6,2,"19197,19197"
53063,2020,3,8,"16079,16079,30089,16079,53019,53047,53019,53023"
13145,2021,12,3,"13053,13053,13149"
27121,2023,4,5,"27153,27009,27153,27011,27011"
22103,2022,6,6,"22057,22057,22093,28091,28073,28091"
04007,2024,8,1,04027
19187,2021,7,3,"19021,19021,19041"
37093,2022,5,1,45033
49045,2024,9,1,32015
39105,2025,5,1,54073
21165,2020,7,2,"21063,21063"
20039,2024,7,1,31073
54025,2021,7,1,51580
13155,2024,5,4,"13271,13315,13271,13315"
31021,2021,12,5,"19093,19193,19193,31043,31051"
27061,2024,8,2,"27065,27029"
13069,2024,7,5,"13065,13315,13279,13315,13065"
29067,2025,5,2,"05049,05049"
47123,2021,6,3,"37043,37113,37113"
39097,2023,3,1,39101
19081,2020,6,4,"19067,19067,19079,19079"
30001,2024,6,2,"30039,30039"
01103,2022,2,1,47051
30099,2020,4,5,"30077,30089,30043,30077,30101"
45017,2023,3,1,45009
29037,2023,2,2,"20209,20209"
51139,2022,6,1,51660
36085,2022,3,5,"36061,34021,34021,36061,36061"
42085,2021,9,2,"39133,39133"
28029,2024,6,6,"22107,22107,28037,28147,28037,28147"
48173,2020,6,1,48165
20053,2024,5,3,"20123,20141,20141"
05003,2024,6,2,"05025,05025"
13321,2020,3,1,13017
48085,2022,9,1,40095
28129,2024,6,2,"28111,28077"
21021,2020,4,2,"21005,21005"
28033,2024,4,7,"05037,05123,28009,28107,05107,28027,28107"
28005,2025,5,4,"22095,28147,28147,22029"
21111,2021,7,2,"21163,21163"
16025,2024,5,2,"16083,16083"
27107,2024,6,4,"27029,27029,27029,27125"
21221,2022,4,2,"47005,47083"
48061,2023,10,1,48047
05023,2020,9,2,"05065,05065"
41017,2022,7,14,"32031,41047,41065,06049,41019,41029,06049,32031,41003,41019,41041,41003,41047,41053"
01113,2022,6,1,13307
12071,2020,6,3,"12027,12055,12055"
16057,2022,3,5,"30061,30061,53001,53021,53023"
54059,2021,7,3,"21115,51051,51051"
13107,2020,8,1,13161
21145,2023,1,1,47079
51077,2020,7,1,51520
51169,2023,5,3,"51520,51520,51720"
37155,2022,1,3,"37141,37141,45043"
56035,2021,7,5,"56017,56029,16007,16081,56029"
53057,2021,11,7,"53033,53037,53031,53035,53031,53033,53035"
20195,2025,6,5,"20141,20147,20141,20147,20183"
45015,2024,6,1,45011
29091,2021,5,1,29179
49035,2020,7,4,"49033,49033,32033,49007"
20069,2024,7,1,20097
23009,2021,6,2,"23015,23015"
29165,2020,8,4,"20043,20043,29177,29177"
37189,2020,2,1,37121
01049,2023,7,2,"13047,13313"
06039,2023,3,5,"06053,06069,06069,06085,32019"
22029,2021,10,9,"22097,22047,22097,22121,28063,22037,22121,28063,22037"
56031,2022,7,2,"56007,56007"
21083,2020,11,1,21143
13137,2023,7,8,"13157,13195,13013,13157,13187,13291,13187,13291"
48013,2025,6,2,"48507,48507"
04021,2023,9,1,04023
18101,2025,4,3,"18025,18123,18025"
12071,2023,7,3,"12027,12055,12055"
40013,2020,11,2,"48119,48119"
06045,2023,2,4,"06055,06013,06041,06055"
06059,2020,3,1,06111
31019,2020,8,2,"31077,31077"
16001,2023,5,4,"16075,16047,16003,16075"
18059,2025,5,1,18023
13091,2020,6,4,"13283,13017,13283,13017"
18051,2023,6,1,17033
22105,2021,9,6,"22037,22057,22093,28045,28091,22037"
13035,2021,8,5,"13063,13231,13021,13063,13231"
51760,2025,5,1,51670
51029,2022,5,1,51540
55101,2020,5,2,"55055,55055"
12069,2023,4,4,"12055,12049,12055,12081"
05073,2021,4,2,"22027,22027"
04011,2023,9,7,"08083,35006,35031,35045,04023,35006,35053"
18077,2025,6,2,"21103,21103"
40077,2025,6,1,05113
17155,2023,7,2,"17175,17175"
17073,2025,5,7,"17123,17155,19115,19045,19115,17123,19045"
26101,2022,5,6,"26079,26127,26133,26127,26079,26133"
21147,2021,1,2,"47137,47137"
36027,2024,6,1,34031
47035,2021,10,1,47087
51125,2024,3,3,"51790,51530,51678"
45039,2021,3,1,37179
47161,2022,2,3,"47017,47039,47017"
26043,2022,6,1,26083
13291,2024,12,2,"37113,37113"
20201,2025,4,7,"20089,20123,20089,31129,31059,31059,31129"
29207,2022,3,1,29093
21057,2024,7,2,"47137,47137"
39109,2020,1,1,18075
12095,2023,4,4,"12055,12049,12055,12081"
22099,2020,4,1,22093
01065,2024,12,1,01023
25013,2025,6,1,44009
23007,2024,5,2,"23023,23023"
48233,2023,4,1,48211
47147,2025,6,2,"21177,21177"
48029,2025,6,5,"48163,48255,48163,48507,48255"
27151,2021,9,5,"27173,27093,27173,27041,27041"
17167,2020,8,2,"17169,17083"
30049,2024,8,4,"30053,30023,30023,30039"
54089,2021,8,2,"51021,51021"
45073,2020,1,2,"13281,13281"
29161,2021,1,1,29179
47091,2022,8,2,"51520,51520"
28033,2021,3,3,"05123,28009,28027"
06007,2024,1,1,06105
33013,2020,8,1,50017
01093,2022,7,4,"01107,28141,01107,28141"
08097,2023,6,12,"08043,08093,08109,08117,08103,49047,08053,08091,08109,08093,08117,49037"
05131,2025,4,2,"05113,05113"
13297,2022,6,10,"13059,13157,13157,13133,13159,13159,13059,13133,13157,13221"
48201,2024,12,2,"48407,48407"
51091,2021,3,1,51820
21059,2024,8,5,"18125,18129,21225,21233,21233"
53027,2020,10,8,"53029,53035,53055,53053,53077,53035,53053,53053"
26013,2020,7,2,"26083,26083"
55111,2023,4,3,"55047,55077,55141"
54105,2024,5,2,"54073,54073"
12103,2024,7,1,12049
20019,2023,5,1,40103
29065,2021,12,2,"29073,29073"
31087,2024,6,1,31073
22095,2023,9,1,28005
21053,2022,1,2,"47087,47111"
31047,2022,4,1,31061
29077,2021,12,1,29185
55039,2025,5,1,26105
38015,2024,8,2,"38093,38089"
39061,2024,5,3,"18115,18115,21023"
21135,2020,4,2,"21063,21063"
29189,2020,3,3,"17083,17013,17083"
42033,2022,5,1,42087
51105,2025,2,11,"21051,21121,21131,21235,21131,21133,21193,21235,47173,21133,21195"
47157,2024,8,2,"05077,47069"
51091,2024,4,1,51790
51135,2022,3,1,37185
16001,2020,4,6,"16075,16025,16083,16075,16087,16083"
51045,2021,6,2,"51580,51021"
13059,2024,4,3,"13133,13133,13317"
08123,2020,7,1,08047
13197,2020,8,1,13081
29017,2024,6,1,17003
26153,2024,6,4,"26083,26047,26047,26141"
26081,2022,8,6,"26037,26037,26127,26105,26127,26133"
37117,2022,5,1,37185
48465,2024,6,1,48323
20149,2022,9,1,31147
35005,2024,7,2,"48109,48109"
39011,2025,4,3,"39063,39063,39101"
47023,2021,3,1,28009
48177,2021,10,3,"48477,48013,48013"
04011,2020,8,2,"35006,35006"
28029,2021,3,4,"28147,28005,28113,28147"
16019,2020,7,3,"16041,49033,56029"
36009,2025,5,7,"42049,36037,36063,36037,42023,42039,42049"
20077,2023,2,1,40093
13257,2023,8,5,"13157,13195,13195,13281,13311"
20143,2024,6,2,"20141,20141"
06087,2021,12,2,"06079,06075"
13315,2022,5,2,"13309,13309"
17021,2023,4,4,"17147,17051,17035,17051"
35053,2020,8,2,"35017,35017"
08013,2022,6,6,"08019,08019,08037,08107,08019,08093"
51115,2023,6,5,"51095,51735,51095,51735,51830"
48487,2023,10,3,"48077,48237,48077"
47007,2023,8,4,"13047,13083,13313,47061"
20177,2022,6,1,20013
51071,2024,1,2,"51063,51063"
21203,2022,8,1,21189
29049,2022,6,2,"29033,29033"
40055,2024,2,3,"40129,48487,40015"
28023,2024,2,1,28111
37089,2021,10,1,37199
16019,2023,8,4,"16007,16007,49033,56041"
26123,2025,5,10,"26101,26165,26101,26035,26073,26073,26035,26073,26113,26165"
48495,2023,9,3,"35005,35041,48501"
26011,2022,5,5,"26001,26135,26001,26039,26135"
20023,2024,7,1,31085
30049,2021,7,7,"30045,30073,30089,30023,30045,30023,30073"
22089,2025,6,3,"22007,22093,22093"
26123,2020,11,4,"26101,26165,26101,26165"
27027,2022,9,2,"27155,27155"
28057,2023,8,1,28087
45059,2024,12,1,45023
42101,2022,4,5,"34021,34021,42077,42095,42077"
48159,2021,4,4,"48459,48379,48379,48459"
21155,2020,6,2,"21005,21005"
40081,2022,11,2,"40103,40103"
12105,2021,2,4,"12027,12015,12027,12027"
18177,2020,6,2,"18075,18075"
48201,2021,11,6,"48321,48373,48185,48471,48185,48477"
06065,2022,6,2,"04027,04027"
19037,2023,3,1,19195
17041,2022,7,1,18171
39089,2021,4,2,"39115,39115"
35057,2022,6,1,35028
20075,2023,7,1,08011
36059,2022,8,6,"36079,36061,36047,36061,36079,36087"
38079,2023,4,1,38083
27007,2024,7,2,"38099,27125"
51033,2024,6,2,"51630,51630"
13253,2022,6,1,13037
28025,2022,7,6,"28013,01075,01107,01075,28057,28013"
48455,2020,4,2,"48313,48313"
21197,2022,8,1,21189
20161,2024,7,1,31095
13263,2024,2,5,"01017,13261,13307,13193,13225"
21207,2024,8,2,"47137,47137"
28099,2025,6,9,"28019,28051,01023,28023,28061,28023,28061,28129,28019"
48409,2024,3,1,48047
29199,2024,8,2,"19087,29211"
55119,2024,6,1,55003
21147,2024,8,2,"47137,47137"
06049,2021,10,8,"41029,41033,32001,32027,32029,32510,41019,41029"
48037,2023,10,1,05061
31031,2023,9,2,"31015,31089"
28035,2021,4,2,"28045,28045"
26131,2023,7,6,"55051,55125,55037,55041,55125,55051"
55083,2022,6,1,26019
51143,2024,1,1,51063
39155,2024,5,4,"39085,39085,39151,39151"
56007,2024,5,2,"49009,49009"
20173,2024,7,1,40053
26129,2022,8,6,"26007,26079,26119,26007,26119,26079"
48221,2024,7,1,48093
13167,2021,3,7,"13031,13279,13023,13209,13279,13141,13023"
45029,2022,4,1,45043
19175,2025,4,4,"19117,19185,19117,19185"
28077,2020,9,2,"28005,28109"
13117,2023,4,17,"13067,13123,13187,13045,13067,13089,13097,13113,13013,13089,13157,13247,13011,13013,13157,13187,13311"
05041,2021,6,2,"28027,28027"
39037,2022,3,2,"18065,18065"
47031,2023,12,2,"47117,47117"
37161,2020,5,5,"37199,37011,37011,37121,37199"
18137,2020,5,1,21223
46027,2020,6,3,"31107,31139,31107"
25027,2020,5,1,44001
27085,2023,4,1,27173
22031,2023,3,1,48405
29147,2020,3,11,"19071,19129,19137,19137,20043,19071,31127,31131,20043,31127,31147"
05013,2023,4,2,"05003,05003"
45037,2024,5,2,"13163,45011"
24031,2025,6,2,"51610,51610"
39009,2023,1,1,54105
04005,2021,9,3,"04012,04012,08033"
45003,2024,8,2,"13163,13163"
06071,2024,8,5,"04027,06031,06079,06111,06111"
26103,2022,9,4,"26153,26153,55037,55037"
49057,2025,5,5,"32007,49043,49043,32007,32033"
06067,2021,12,5,"06075,32510,06055,06033,06055"
32023,2023,9,3,"32019,49021,32019"
42021,2024,4,2,"42057,42023"
23031,2024,4,1,23023
51017,2021,6,2,"51580,51820"
28067,2022,5,1,28065
51191,2024,5,3,"37011,37005,51640"
27075,2021,4,1,27115
38021,2024,5,1,38093
18027,2025,4,3,"18025,18123,17185"
19077,2020,5,5,"19165,19165,19137,19155,19165"
20047,2020,4,1,20033
38095,2021,6,1,38083
16033,2020,7,4,"16065,16065,30023,30093"
48091,2022,6,1,48177
16027,2020,5,5,"16087,16083,16087,16087,41025"
01097,2024,3,2,"28111,28111"
13235,2021,12,1,13309
18063,2022,8,3,"18157,18105,18021"
26041,2023,7,7,"26029,55075,26029,26097,55061,55075,55083"
40031,2022,10,2,"40019,48487"
35027,2020,6,3,"48141,35017,35006"
22025,2021,5,4,"22077,22125,22077,22125"
06041,2020,8,3,"06113,06033,06045"
29147,2023,4,2,"19129,31147"
16023,2021,9,2,"16025,16065"
29133,2023,7,3,"47095,29069,47095"
45017,2020,6,1,45089
37087,2020,1,2,"37199,37199"
49031,2021,8,1,49039
27039,2023,7,3,"19195,27161,27161"
46067,2020,2,4,"31107,31107,31027,31107"
29167,2023,9,2,"29013,29083"
51710,2024,8,2,"51735,51735"
17005,2021,3,1,17083
51017,2024,7,4,"51580,51790,51530,51678"
47171,2025,4,2,"37011,37011"
56043,2023,4,2,"56039,56039"
08031,2024,5,2,"08019,08047"
21007,2024,9,1,21139
16067,2024,6,3,"16071,16083,16083"
40113,2023,7,1,40053
46127,2020,3,3,"19133,31027,31027"
16011,2020,5,7,"16041,16025,16067,16065,16059,16041,16065"
21009,2024,6,2,"21213,21213"
22025,2024,6,2,"22039,28063"
08067,2020,6,4,"08021,08105,08109,35031"
47045,2025,2,2,"29143,29143"
12053,2025,3,3,"12075,12105,12105"
55131,2020,6,2,"55055,55055"
31009,2025,6,4,"31019,31047,31163,31175"
47129,2021,6,3,"47137,47105,47137"
20049,2025,6,2,"20133,20133"
33011,2024,8,2,"25025,25025"
28047,2022,8,3,"22117,28073,28091"
24047,2021,5,1,51131
37131,2021,4,3,"37073,37181,37073"
23003,2025,6,5,"23009,23027,23011,23027,23009"
47065,2024,5,1,47177
48479,2022,9,3,"48249,48297,48297"
55079,2020,4,1,55055
55061,2020,9,4,"26089,26165,26165,26089"
21021,2020,8,2,"21005,21005"
39069,2024,8,4,"39147,39123,39123,39147"
48483,2025,5,2,"40057,40057"
49037,2024,6,11,"04009,35003,35006,35031,04009,08111,08029,08111,08029,08111,35031"
35033,2022,6,2,"35028,35028"
18071,2025,6,1,18025
01113,2022,10,3,"13145,13145,13307"
32003,2021,2,3,"04012,04012,32001"
21047,2020,7,3,"21055,21143,21143"
21145,2023,5,1,47079
05027,2024,1,1,05011
37155,2022,5,3,"37141,37141,45043"
48277,2025,6,2,"48231,48231"
08101,2022,7,1,08093
40039,2023,8,2,"40093,40093"
48251,2022,11,1,48193
42133,2025,3,2,"24029,24029"
32023,2025,2,4,"32007,32007,32013,32007"
13027,2024,8,2,"13101,13101"
13103,2024,6,2,"45005,45005"
45003,2021,7,1,13107
42019,2024,10,4,"39099,39099,42039,42039"
18167,2021,8,3,"17079,18055,18055"
37089,2020,2,1,37199
08017,2023,6,1,08011
26139,2025,5,1,26117
19135,2021,8,2,"29197,29197"
48001,2024,11,1,48455
12043,2024,10,1,12049
48453,2024,5,1,48281
32003,2024,3,2,"06059,32015"
48475,2023,9,2,"48243,48243"
39147,2024,3,3,"39003,39123,39123"
24015,2025,4,1,24035
49017,2021,9,1,08033
49003,2021,8,4,"16053,16041,16007,16041"
26113,2024,7,2,"26119,26089"
49049,2020,5,3,"32033,49029,32033"
12031,2025,2,2,"12007,12007"
01005,2023,8,3,"13053,13053,13307"
13035,2021,12,2,"13247,13247"
13017,2022,1,2,"13005,13309"
26111,2025,5,10,"26011,26113,26133,26143,26011,26129,26143,26117,26117,26133"
48279,2025,6,2,"35009,35009"
01031,2025,5,4,"01013,01035,01013,01085"
30009,2020,7,3,"56033,56033,56017"
39163,2021,6,1,39115
06023,2020,3,7,"41015,41033,06021,06033,06049,41029,41033"
34023,2024,8,3,"36081,36047,36081"
08023,2021,7,4,"08105,08007,08105,08011"
51125,2024,7,3,"51790,51530,51678"
31079,2020,5,2,"31077,31141"
13177,2025,2,7,"13093,13315,13093,13193,13197,13307,13307"
13069,2021,10,2,"13309,13309"
19089,2024,6,1,19069
12047,2024,6,4,"12041,13065,12041,13065"
39109,2020,5,1,18075
12095,2023,8,4,"12055,12049,12055,12081"
30001,2021,9,4,"16065,30043,30043,30043"
48289,2025,6,3,"48051,48455,48051"
08001,2021,7,2,"08019,08047"
26083,2021,6,1,26095
29099,2024,11,3,"29073,29157,29157"
28047,2024,1,1,28111
42009,2022,8,1,42087
17167,2025,6,2,"17009,17009"
17183,2024,3,5,"18111,18111,18181,18045,18045"
48241,2024,1,2,"48225,48455"
48233,2023,8,1,48011
41013,2020,5,3,"41037,32031,41037"
34025,2024,7,5,"34001,34001,36005,36047,36047"
23017,2020,6,2,"23023,23023"
42031,2022,11,1,42039
20099,2020,11,1,20049
19149,2020,6,1,19133
51025,2022,7,1,51595
12085,2025,5,3,"12015,12015,12105"
41011,2024,12,2,"41033,41033"
34013,2022,3,4,"36061,36087,36061,36087"
51109,2020,12,1,51540
17001,2021,4,1,29103
21187,2020,1,3,"21223,21005,21223"
50009,2020,7,2,"50017,50017"
28033,2021,7,7,"05037,05123,28009,28107,05107,28027,28107"
29035,2020,10,1,29069
32005,2024,12,2,"06109,06109"
21237,2023,2,1,21063
48507,2022,5,2,"48013,48013"
13119,2022,8,6,"13137,13157,13157,13221,13137,13137"
12105,2024,7,5,"12027,12027,12027,12115,12017"
46029,2022,9,4,"46005,46077,27081,46077"
21173,2024,3,1,21201
13317,2020,6,1,13059
13293,2025,5,5,"13193,13053,13197,13193,13197"
49011,2021,9,2,"49005,49005"
51059,2021,5,1,51685
33003,2025,6,1,23001
51510,2020,9,3,"51610,51600,51610"
13023,2020,5,1,13283
28161,2025,2,2,"28083,28083"
21031,2025,6,2,"21149,21149"
46013,2021,5,1,46005
28059,2025,4,4,"28041,28041,28111,28111"
36003,2024,7,2,"42023,42023"
40151,2024,9,2,"20097,20097"
17135,2022,4,1,17129
17075,2024,5,1,18181
42107,2025,6,2,"42093,42093"
13137,2020,10,4,"37043,37113,37043,37113"
08017,2020,5,2,"08025,08025"
12099,2024,6,2,"12055,12055"
12043,2021,9,2,"12027,12027"
48453,2021,4,2,"48287,48287"
47005,2020,6,1,21221
51091,2024,8,1,51790
51135,2022,7,1,37185
33009,2021,5,3,"50015,50019,50019"
51015,2021,7,1,51540
22019,2024,7,1,22039
39087,2020,2,1,21159
55095,2021,7,2,"27115,27115"
18117,2021,8,2,"18055,18055"
47019,2023,8,1,51520
18003,2025,4,2,"39171,39171"
46102,2023,7,2,"31091,31103"
38059,2023,7,1,38083
49019,2021,6,7,"08107,08029,08029,08091,49039,49039,08033"
18047,2022,2,2,"18065,18065"
21037,2021,2,2,"21023,21023"
29023,2023,7,5,"05055,29149,05055,29149,29123"
47141,2022,5,6,"47175,47027,47111,47027,47111,47175"
47041,2022,5,5,"47087,47087,47111,47175,47175"
13073,2024,12,3,"13163,13301,13163"
30053,2022,6,6,"30035,30049,30073,30077,30099,30061"
47113,2022,5,8,"47005,47039,47109,47097,28139,47109,47097,47039"
39001,2023,7,1,21201
48147,2021,5,1,48379
51125,2021,6,2,"51540,51820"
54071,2022,8,1,51660
51015,2024,8,2,"51530,51678"
42015,2022,3,1,42093
16059,2025,6,8,"16035,16061,16069,41063,16045,30023,30057,30023"
13085,2024,7,1,13013
08013,2022,10,4,"08019,08019,08019,08093"
11001,2022,7,1,51610
55019,2024,6,1,55091
29021,2022,6,3,"20013,20013,31147"
05145,2024,4,6,"05137,05065,05137,05037,05037,05123"
55095,2024,8,1,27065
42035,2025,6,1,42093
26159,2024,5,1,55101
48485,2023,10,2,"48237,48237"
39039,2022,8,2,"39173,39173"
42089,2024,8,1,34031
28073,2021,4,2,"28147,28045"
17167,2022,5,2,"17039,17039"
13273,2022,5,3,"13259,13249,13259"
48029,2022,9,1,48297
21149,2021,8,2,"21091,21091"
26011,2022,9,4,"26001,26135,26001,26135"
48403,2024,6,1,22011
21111,2020,3,4,"21223,21223,21005,21005"
29011,2023,9,2,"20107,29013"
48285,2021,3,1,48287
13121,2024,7,2,"13143,13013"
01081,2022,2,3,"13053,13259,13053"
01017,2022,4,2,"13149,13149"
05129,2023,8,2,"05065,05065"
08069,2022,8,6,"08047,08019,08037,08047,56007,56007"
48339,2022,1,3,"48373,48373,48015"
08005,2020,7,5,"08119,08019,08047,08119,08025"
01019,2022,9,3,"13295,13295,13295"
21151,2025,6,14,"21017,21173,21197,21129,21197,21017,21239,21051,21125,21129,21189,21239,21125,21199"
13267,2024,6,4,"13163,13175,13283,13283"
39077,2022,7,2,"39173,39173"
12105,2021,6,3,"12027,12027,12027"
16077,2023,7,5,"16063,16053,49003,49003,49005"
42127,2022,6,2,"42025,42095"
39063,2023,2,10,"39101,39095,39033,39077,39143,39095,39123,39143,39033,39101"
05067,2022,5,2,"05123,05123"
12061,2023,4,2,"12055,12055"
06065,2022,10,2,"04027,04027"
19037,2023,7,1,19195
13273,2025,6,9,"13061,13061,13239,13259,13093,13193,13197,13197,13259"
21225,2020,7,1,21143
51063,2023,6,5,"51045,51750,51021,51750,51045"
20207,2024,6,2,"20107,20107"
56007,2021,8,1,56017
28117,2025,5,2,"47069,47069"
25001,2020,8,1,44001
24017,2020,4,3,"51600,51610,51685"
31015,2020,6,4,"31003,31003,31027,31139"
41059,2023,6,16,"41069,41021,41069,53039,16003,16069,53003,53023,53021,53025,53039,53077,53021,53023,53075,53021"
17049,2020,4,2,"17121,17121"
39107,2021,3,3,"18009,39021,39137"
28115,2020,1,1,28009
12023,2025,1,7,"12007,12075,12007,12067,12075,12067,12007"
10003,2025,5,2,"24035,24035"
19163,2025,5,5,"19115,19105,19097,19105,19115"
51087,2023,6,2,"51095,51095"
27119,2024,5,2,"38099,38099"
17019,2021,7,1,17023
21035,2020,8,4,"21039,21143,21033,21143"
06091,2025,2,2,"32013,41037"
25023,2020,7,1,44001
18085,2025,6,4,"18103,18131,18131,18103"
28035,2021,8,4,"28091,28045,28091,28045"
42041,2024,6,1,42057
05139,2022,10,1,22083
54029,2024,8,8,"39019,39151,39019,39067,54069,54051,54069,54069"
20013,2020,3,3,"31133,31127,31133"
48375,2023,2,3,"35009,35037,35037"
19099,2020,5,1,19079
29139,2022,6,4,"29051,17013,29051,17013"
29213,2021,5,2,"05101,05101"
46117,2023,6,1,46015
47019,2020,7,3,"37199,51520,37199"
49013,2022,6,7,"49039,08081,49029,49033,56041,08081,49039"
38057,2021,7,1,38083
06057,2024,2,2,"06049,32029"
29183,2022,5,2,"29073,29073"
54017,2024,6,2,"54073,54073"
17185,2020,10,1,17079
27051,2021,6,4,"27153,27153,27159,27067"
39019,2024,3,1,39169
13211,2020,6,1,13059
39081,2023,6,3,"39151,39099,39151"
37035,2021,7,2,"37011,37011"
48027,2025,4,1,48051
51001,2022,9,1,51735
56037,2021,7,5,"08107,08107,56017,56029,16007"
45013,2024,4,2,"45005,45005"
49001,2025,5,2,"32033,32033"
27085,2023,8,4,"27145,27023,27173,27145"
17189,2024,4,2,"17005,29157"
51171,2024,1,2,"51840,51660"
45061,2022,5,2,"45033,45089"
28049,2024,11,5,"28051,28129,28065,28129,28051"
27137,2025,4,1,27065
29147,2020,7,13,"19003,19071,19129,19137,19003,19137,20043,19071,31127,31131,20043,31127,31147"
22047,2025,4,4,"22093,22095,22093,22029"
45037,2024,9,1,13163
56013,2021,9,2,"08107,30009"
04025,2020,5,1,32017
35006,2022,7,2,"04009,35028"
06091,2023,9,5,"06049,06049,32019,32029,41037"
05093,2024,6,5,"05037,05123,05037,47075,47075"
49015,2024,8,1,08033
55113,2024,7,1,27031
12103,2020,2,2,"12049,12053"
18019,2025,5,3,"18025,21103,21103"
51191,2024,9,4,"37009,37011,37005,37009"
28149,2022,7,4,"22083,22083,28063,28063"
54057,2023,8,1,54093
28157,2020,4,2,"22077,22077"
13067,2021,3,2,"13227,13227"
16067,2021,9,2,"16025,16025"
27027,2024,6,2,"27029,27041"
37035,2024,8,2,"37011,37011"
01097,2024,7,2,"28111,28111"
30097,2020,5,1,56029
19137,2022,9,1,19009
21191,2023,8,3,"21161,21201,21201"
08097,2022,2,7,"08093,08107,08107,49047,08029,08093,08029"
28081,2020,3,1,28009
48491,2022,4,2,"48149,48149"
39059,2025,6,4,"39075,39083,39075,39151"
46067,2020,6,4,"31107,31107,31027,31107"
04015,2020,7,4,"32033,49021,49021,49021"
51101,2023,7,4,"51095,51119,51036,51095"
01109,2023,8,1,13259
16077,2020,6,9,"16029,16041,16029,16025,16067,16067,16083,16041,49005"
41063,2020,5,8,"16045,16087,16035,16059,16061,16035,16061,16087"
26063,2021,8,3,"26129,26129,26135"
48305,2020,5,2,"48165,48165"
01011,2022,5,3,"13259,13053,13259"
48019,2020,1,2,"48507,48507"
48053,2022,6,2,"48333,48333"
46127,2020,7,3,"19133,31027,31027"
51165,2022,8,1,51540
17179,2025,6,2,"17123,17123"
38053,2023,6,2,"30091,30091"
48469,2025,6,2,"48255,48255"
30037,2023,5,1,30015
08043,2020,6,7,"08065,08019,08065,08025,08003,08053,08105"
18107,2024,3,1,18181
41059,2020,5,3,"41025,53023,53023"
01057,2023,6,3,"28087,28087,01007"
17047,2020,3,2,"17079,17121"
46109,2024,7,4,"27073,27149,27149,27073"
01027,2024,5,1,13143
24031,2024,2,1,51600
48415,2022,5,5,"48115,48433,48433,48081,48081"
27017,2023,8,1,27095
40109,2022,6,2,"40093,40133"
17195,2024,8,2,"17123,19031"
17081,2021,7,2,"17027,17027"
21013,2022,8,1,21189
46017,2021,7,2,"46005,46005"
10005,2023,7,2,"34011,34011"
53005,2020,5,5,"53037,53047,41027,53037,53053"
51167,2025,5,5,"21195,21195,47067,21095,21195"
41005,2022,4,3,"53059,53059,41021"
40079,2024,6,3,"40023,40005,40023"
17185,2022,3,1,17079
01009,2022,8,3,"01133,01057,01133"
36031,2020,3,1,50017
26139,2022,8,1,26127
32021,2021,7,2,"32029,32510"
41045,2022,6,11,"16045,16083,16045,16045,32027,32031,41013,41049,32031,41013,41037"
38093,2021,7,2,"38083,38083"
32003,2021,6,3,"04012,04012,32001"
46135,2020,7,3,"31139,31003,31139"
21211,2025,6,4,"21239,21239,21223,21223"
41023,2023,11,9,"16003,41031,41037,53005,53005,53013,53071,41031,41065"
16023,2020,5,4,"16029,16025,16067,16065"
41039,2021,1,6,"41031,41037,41015,41033,41037,41031"
48079,2022,6,1,48115
40093,2020,6,1,20033
51007,2025,5,1,51670
32023,2025,6,4,"32007,32007,32013,32007"
13061,2023,1,4,"13259,13259,13259,13307"
49015,2021,7,1,08033
19193,2024,7,1,31039
20169,2025,4,3,"20123,20141,20123"
08123,2022,7,1,08047
13019,2020,4,2,"13017,13017"
22109,2025,6,3,"22093,22093,22095"
48109,2023,2,4,"35005,35005,35027,35051"
27091,2021,4,6,"19041,19059,19059,19143,27033,27033"
18063,2024,5,1,18045
32003,2024,7,2,"06037,32015"
21127,2025,4,10,"21205,21205,21071,21153,21071,21195,21153,21165,21205,21237"
45077,2022,2,4,"13147,13137,13147,13257"
16043,2024,6,1,30023
32007,2023,7,12,"16053,16047,16053,49023,49027,49005,49011,49057,49011,49023,49049,49057"
22017,2021,5,2,"48459,48459"
51021,2022,6,2,"51167,51167"
12031,2025,6,2,"12007,12007"
16023,2023,6,1,16063
38035,2023,4,1,38003
17187,2025,4,1,19115
01005,2023,12,3,"13053,13053,13307"
46115,2021,7,2,"46077,46077"
31021,2022,4,5,"19093,19193,19193,31043,31051"
40089,2024,4,3,"40005,40013,40005"
29121,2020,7,3,"29033,29117,29117"
40081,2021,7,2,"40103,40103"
31095,2023,8,2,"31159,31159"
06037,2021,10,2,"06079,04012"
22103,2024,7,1,28147
30047,2020,5,7,"30077,16035,30039,30061,30077,16079,30061"
47065,2023,1,5,"13055,13213,13213,47061,47061"
29175,2020,5,5,"29033,29117,29103,29205,29205"
28063,2021,5,4,"28005,28005,28113,28147"
21011,2023,6,3,"21201,21201,21063"
48283,2024,3,5,"48323,48047,48247,48247,48323"
39067,2024,4,2,"39151,39151"
37165,2021,5,2,"37007,37007"
37085,2022,5,1,37141
55047,2020,8,1,55055
20137,2022,6,2,"31061,31061"
29007,2022,5,7,"29051,29135,29051,29151,29073,29151,17013"
28141,2024,10,3,"28139,47069,28139"
37067,2024,8,1,37005
20203,2025,4,3,"08061,08099,08099"
22095,2024,1,1,28005
19091,2024,6,3,"19069,27091,19069"
56005,2022,5,2,"56007,56043"
37055,2024,9,1,37137
29071,2025,4,1,29151
13081,2023,4,9,"13153,13193,13235,13193,13197,13307,13091,13235,13271"
29113,2020,8,2,"17083,17083"
47125,2024,4,5,"21033,47081,47085,47085,21213"
13017,2025,6,6,"13003,13091,13309,13091,13093,13235"
29215,2022,3,2,"29093,29073"
47045,2022,5,1,47017
01119,2024,12,7,"28023,28101,28159,28023,28061,28101,28159"
22099,2020,12,3,"22093,22121,22121"
27087,2021,7,1,27159
29125,2021,12,3,"29051,29135,29051"
30029,2024,8,4,"16035,30039,30023,30039"
28031,2025,6,4,"28111,28061,28111,28061"
13183,2021,3,1,13279
27017,2020,7,1,27071
42019,2023,6,5,"39099,39099,39155,42039,42039"
51025,2022,11,2,"37091,51595"
40089,2021,1,1,48119
17001,2021,8,2,"17071,29103"
12059,2022,4,2,"01039,01039"
22079,2024,7,2,"22011,22011"
37075,2023,2,1,13291
54097,2023,8,2,"54093,54093"
34029,2023,7,1,34011
28121,2021,12,4,"28063,28077,28065,28077"
17113,2022,6,3,"17091,17063,17091"
29107,2020,8,1,29117
13317,2025,4,4,"13163,13219,13125,13163"
48339,2025,6,5,"48071,48071,48455,48225,48455"
38005,2021,8,2,"38083,38083"
49037,2021,9,6,"08029,08029,08091,08091,08007,49039"
26137,2024,7,12,"26089,26047,26089,26097,26047,26097,26141,26143,26143,26141,26001,26143"
31115,2025,5,6,"31171,31019,31047,31163,31175,31175"
47183,2023,8,4,"47033,47045,47045,47095"
40051,2021,4,2,"40033,40033"
53011,2021,9,4,"41027,41027,53039,53077"
39033,2021,5,4,"39143,39083,39083,39143"
55049,2025,6,2,"17085,17085"
30093,2024,9,1,30039
37079,2021,7,1,37127
35007,2020,7,3,"08003,08021,08021"
28093,2024,7,8,"28139,05035,28107,28107,28117,28139,47075,05035"
05075,2023,7,10,"05111,29069,05021,29069,05065,05111,05021,29149,05065,29149"
29159,2022,3,6,"29185,29135,29185,29033,29135,29033"
42121,2024,10,4,"39007,42049,39099,42049"
46101,2021,4,8,"27083,27083,27101,27101,46077,46077,46087,46087"
46123,2021,5,2,"31015,31015"
39161,2023,2,1,39173
13305,2025,2,1,13109
46049,2021,8,2,"46005,46005"
51065,2021,6,1,51540
40095,2021,4,1,40029
47029,2022,5,2,"37099,37199"
56025,2024,9,1,08107
01003,2025,5,8,"01023,01035,28039,28041,01013,01035,01023,28041"
31053,2025,5,7,"31173,31143,31185,31167,31167,31173,31179"
32007,2020,6,8,"16067,32027,32031,41025,32001,32027,32017,49005"
39087,2020,6,1,21159
19119,2020,10,2,"19035,19035"
20097,2023,10,3,"40003,20083,20083"
39137,2025,6,8,"39171,39147,39095,39171,39095,39123,39143,39147"
05143,2021,5,1,05101
24013,2025,6,1,24029
40143,2024,7,4,"40119,40103,40103,40119"
22015,2024,4,1,22127
39163,2023,3,1,39115
30015,2024,6,1,30037
12057,2022,5,2,"12027,12027"
31109,2024,7,2,"31095,31095"
06075,2020,1,3,"06099,06095,06095"
55079,2022,6,2,"26127,26127"
47041,2022,9,1,47061
48363,2022,8,2,"48425,48425"
04017,2024,7,4,"35003,35006,35031,08033"
05053,2024,8,3,"05011,05105,05105"
28119,2025,5,3,"28043,28083,05077"
21125,2022,6,2,"21189,21189"
37025,2022,8,1,37003
01127,2023,7,2,"01007,01007"
13009,2022,6,7,"13125,13133,13301,13159,13133,13159,13125"
51125,2021,10,1,51540
13243,2021,6,1,13053
01055,2023,8,3,"13055,13055,13083"
48087,2024,7,2,"40129,40129"
42015,2022,7,1,42093
35013,2025,6,1,35003
27089,2023,9,1,27061
20117,2023,7,2,"31147,31147"
45085,2024,5,1,45033
08001,2023,4,3,"08019,08047,08093"
39087,2023,7,1,54059
22099,2022,5,5,"22057,22093,22121,22121,22125"
05145,2024,8,4,"05137,05105,05065,05137"
12011,2020,10,2,"12043,12043"
22045,2025,5,1,22093
16033,2022,7,7,"16037,30031,30057,16037,30023,30057,30093"
40121,2024,5,5,"40013,40023,40069,40069,40023"
51700,2021,3,5,"51131,51735,51131,51735,37073"
22071,2022,4,3,"22057,28045,28045"
01073,2024,2,1,01063
28073,2021,8,2,"28147,28045"
47127,2024,6,3,"47117,47177,47117"
21175,2021,6,1,21173
17167,2022,9,1,17147
05147,2024,4,3,"05035,05107,05035"
51019,2023,7,3,"51045,51045,51530"
48241,2021,4,1,48455
21177,2021,4,3,"21233,21233,21091"
54099,2020,1,1,21063
18091,2020,6,2,"18131,18131"
21111,2020,7,5,"21223,21027,21223,21005,21005"
41039,2024,8,3,"41031,41033,41031"
27067,2022,9,1,27103
01081,2022,6,3,"13053,13259,13053"
12063,2022,1,1,01039
13199,2020,10,1,13053
18169,2024,5,1,18149
13033,2020,2,1,13283
42131,2022,8,1,42025
46029,2024,6,3,"27073,27173,27073"
48339,2022,5,5,"48071,48071,48373,48373,48015"
34027,2022,6,4,"34021,36087,34021,42095"
12011,2023,11,2,"12093,12093"
16041,2023,4,7,"49003,49003,49057,49029,49043,49057,56041"
34005,2023,7,1,34011
21069,2024,5,2,"21023,21023"
48141,2024,7,3,"48109,48109,48377"
13293,2022,8,2,"13159,13053"
18149,2023,4,3,"18103,18181,18181"
18015,2022,3,2,"18159,18159"
16011,2022,5,7,"16041,16025,16037,56023,16037,16041,56023"
19001,2023,4,3,"19145,19165,19165"
06047,2023,1,5,"06053,06053,06087,06081,06087"
24015,2022,5,1,42043
12061,2023,8,3,"12043,12055,12055"
47121,2021,7,3,"13047,47105,47105"
39089,2021,12,1,39005
06049,2025,3,3,"41033,32013,41019"
18067,2023,4,4,"18181,18131,18181,18009"
35025,2023,9,1,35037
20151,2022,5,1,40003
21189,2020,9,3,"21119,21119,21133"
16049,2023,8,12,"16045,16057,16079,30061,16057,53003,53075,16045,30061,53003,53013,53023"
13189,2024,2,3,"13125,13125,13141"
31119,2021,8,1,31051
54025,2025,6,1,51580
24017,2020,8,3,"51600,51610,51685"
47099,2023,12,9,"28141,47071,47117,47081,47135,47081,47117,47071,47135"
45019,2022,7,2,"45089,45089"
47123,2025,5,2,"37113,37113"
25023,2025,5,1,44005
42043,2025,4,1,42093
13225,2025,6,5,"13023,13093,13235,13093,13197"
48215,2021,6,2,"48247,48247"
37045,2021,7,5,"37011,37021,45087,45023,45087"
48485,2022,6,3,"40075,48275,48197"
22019,2021,10,4,"22003,22003,48241,48241"
42079,2023,2,1,42093
27037,2023,8,1,27161
21067,2024,8,3,"21097,21181,21097"
20191,2022,3,2,"40003,40003"
22033,2021,9,6,"22007,22093,22125,22007,22045,22125"
01061,2023,1,2,"01013,01035"
47109,2020,4,1,28009
42045,2023,8,1,34011
22015,2021,3,2,"22027,22027"
53031,2021,1,5,"53057,53053,53053,53057,53073"
18069,2022,3,1,18159
13269,2024,7,3,"13053,13307,13053"
21111,2025,6,6,"18143,21223,18025,21103,21223,21103"
19051,2020,5,1,29103
24017,2023,9,1,51685
05095,2022,1,3,"28027,05037,05037"
27051,2021,10,3,"27153,27153,27067"
21099,2020,7,2,"21027,21027"
39015,2020,9,2,"21201,21201"
30057,2023,7,2,"56039,56039"
48059,2020,3,1,48333
30067,2020,8,2,"30043,56017"
08013,2024,7,3,"08019,08019,08019"
35045,2024,8,13,"04009,35003,35006,08021,08033,08111,08033,08111,35006,08021,35055,35006,08033"
17189,2024,8,1,29157
37049,2025,3,1,37187
47037,2025,2,1,47159
45027,2024,7,1,45033
13227,2023,4,11,"13067,13223,13233,13067,13121,13139,13187,13213,13213,13295,13313"
47115,2024,5,4,"47177,13047,47121,47177"
19109,2020,5,1,19079
56035,2025,6,2,"49009,49043"
20117,2020,6,10,"31147,31095,31095,31097,31109,31131,31151,31097,31127,31147"
22111,2023,4,3,"05011,05011,22123"
41043,2020,9,5,"41013,41025,41037,41013,41069"
21089,2023,4,2,"21063,21069"
05121,2023,2,2,"29069,29069"
29019,2025,4,4,"29137,29151,29151,29137"
40037,2022,5,1,40133
41003,2021,12,3,"41019,41035,41071"
31003,2022,7,3,"31103,46009,46135"
28163,2024,9,1,22107
26041,2022,6,8,"26083,26095,26019,26029,26083,26029,26095,26019"
23007,2023,5,2,"23023,23023"
12103,2020,6,1,12049
25005,2024,8,3,"25019,25025,25025"
48307,2020,4,2,"48333,48333"
31161,2023,9,3,"31091,31103,31091"
05147,2021,3,2,"05035,05035"
27029,2020,6,1,27071
08027,2022,8,1,08093
37035,2024,12,2,"37011,37011"
08055,2021,8,6,"08021,08105,08021,08053,08079,08105"
20035,2021,5,2,"40103,40103"
37051,2024,7,1,45033
37053,2020,9,2,"37095,37095"
22051,2020,8,3,"22093,22093,28109"
42121,2021,7,1,39099
39073,2021,6,2,"39115,39115"
13153,2024,4,7,"13175,13293,13261,13315,13261,13315,13175"
05063,2021,7,1,05037
12009,2020,2,1,12055
13155,2023,8,4,"13271,13315,13271,13315"
36021,2020,12,1,36079
17193,2024,3,1,17069
42107,2022,7,4,"42095,42093,42095,42093"
05067,2024,2,6,"05035,05123,05065,05137,05035,05123"
29079,2021,12,1,19185
18159,2023,4,3,"18009,18103,18103"
55009,2022,7,3,"26019,26019,26105"
21239,2021,6,1,21097
19001,2020,3,6,"19137,19145,19165,19137,19155,19165"
04001,2020,7,2,"35017,35017"
20095,2023,5,4,"40003,40003,40053,40053"
40045,2023,5,2,"40093,40093"
47141,2024,7,2,"47137,47137"
48251,2023,3,1,48193
22101,2021,5,5,"22047,22093,22047,22047,22077"
51137,2024,9,1,51630
48245,2024,6,3,"48373,48373,48407"
48019,2020,5,2,"48507,48507"
48053,2022,10,1,48193
51003,2023,6,2,"51017,51660"
16049,2020,7,12,"16045,16087,16079,30061,16045,30039,30061,30077,30089,30023,30039,53023"
39049,2025,2,5,"39083,39101,39117,39083,39101"
19111,2021,3,1,29103
21035,2022,5,4,"47005,47017,47005,47083"
18097,2021,6,1,18159
48409,2021,10,3,"48273,48013,48273"
20057,2024,7,1,40059
19123,2021,12,4,"19095,19183,19185,19095"
22117,2024,3,2,"28077,28077"
40109,2022,10,2,"40093,40103"
48047,2022,4,2,"48489,48489"
22067,2023,12,2,"05011,05011"
35059,2024,9,3,"08023,08023,35055"
48375,2020,5,1,48369
13285,2022,11,5,"13113,13121,13255,13231,13255"
29023,2022,3,1,29093
51109,2024,7,1,51630
46135,2025,5,1,31179
48295,2023,8,3,"40043,40129,40129"
05069,2024,5,2,"05107,05011"
29019,2020,8,2,"29195,29195"
06051,2025,5,1,06031
37029,2023,6,1,37091
51061,2023,4,1,51685
47093,2024,5,1,47121
27161,2024,8,2,"27091,27091"
18125,2023,4,1,17033
47131,2025,5,3,"29143,21039,29143"
54099,2023,8,1,21063
13121,2021,8,3,"13143,13149,13149"
35045,2021,7,11,"08021,08053,08079,08105,08033,08053,08033,08021,35028,35028,08033"
37021,2024,7,1,37011
18009,2025,4,1,18103
13151,2025,6,2,"13159,13159"
51810,2020,7,2,"51735,51735"
29005,2025,6,1,20043
12001,2020,11,2,"12017,12017"
17095,2020,6,1,17169
06033,2023,1,2,"06013,06041"
22105,2025,6,3,"22093,28147,28147"
47187,2022,3,1,47083
13035,2025,5,1,13237
29171,2020,5,1,29103
26003,2021,8,2,"26033,26029"
25005,2021,7,1,25019
29155,2022,1,4,"47097,47033,47053,47097"
18019,2022,8,2,"18071,18071"
48109,2023,6,3,"35005,35005,35051"
13179,2021,7,2,"13107,13279"
51029,2021,8,1,51540
16005,2023,7,4,"49005,49033,49003,49005"
17179,2024,2,1,17017
21213,2022,1,2,"47111,47111"
51141,2021,8,1,51640
45077,2022,6,3,"13147,13137,13147"
40025,2021,6,1,08011
17067,2020,11,2,"29103,29103"
31071,2025,6,6,"31019,31047,31163,31077,31163,31077"
08113,2024,7,1,08029
22097,2024,11,2,"22029,22029"
46103,2022,6,1,56009
31021,2022,8,5,"19093,19193,19193,31043,31051"
48147,2023,5,1,40005
40081,2021,11,2,"40133,40133"
17145,2023,7,1,29186
31039,2021,12,4,"19193,31043,31051,31051"
38025,2023,7,1,38083
29027,2022,4,4,"29135,29135,29073,29073"
47077,2022,5,8,"47005,47053,47109,47005,28141,47109,47033,47053"
13177,2024,1,4,"13315,13193,13307,13307"
51073,2022,7,1,51735
29219,2020,8,3,"17013,17013,17083"
19087,2021,12,3,"17071,17071,19095"
37085,2022,9,2,"37017,37017"
21217,2020,3,2,"21207,21207"
29049,2024,10,2,"29061,29061"
35003,2022,7,3,"04009,04003,04009"
21171,2021,12,2,"47087,47087"
16013,2024,8,2,"16071,16071"
17167,2024,5,1,17005
51137,2021,8,1,51540
20091,2020,5,1,29177
42003,2022,5,1,54009
17179,2022,9,1,17147
49051,2024,8,2,"49009,49009"
06063,2023,6,5,"06011,06049,06049,06105,06105"
19177,2022,6,8,"29197,19115,19183,19183,17071,29103,29103,29197"
47125,2024,8,1,21033
28057,2024,6,2,"28139,47071"
35047,2022,6,1,35028
21209,2023,6,1,21201
48337,2024,3,3,"40095,48009,48009"
18089,2022,6,2,"17063,17063"
13199,2022,6,3,"13149,13053,13149"
56009,2023,9,1,08081
17191,2020,1,2,"17079,17079"
17095,2025,5,3,"19115,17123,17123"
30031,2021,5,6,"16065,16081,30023,30045,56017,16081"
01001,2022,6,1,01013
54081,2021,6,1,51021
55059,2020,4,1,55055
53027,2024,7,10,"53029,53035,53055,53053,53059,53077,53035,53053,41007,53053"
37107,2022,3,1,37141
51077,2021,3,5,"47163,51021,47163,51520,51021"
13285,2024,4,1,13293
51079,2023,9,1,51660
22079,2024,11,1,22029
35033,2024,7,4,"08023,08021,08021,08023"
13033,2023,7,8,"13167,13175,13279,13283,13125,13167,13301,13303"
29031,2023,2,4,"29123,29123,29186,29069"
19153,2020,7,4,"19079,19001,19001,19079"
08041,2022,8,2,"08093,08093"
40077,2023,1,2,"40005,40005"
48297,2020,3,1,48247
20051,2022,6,2,"20089,20123"
51081,2021,6,1,37073
28081,2022,5,6,"28013,28141,28013,28139,28141,28139"
19049,2020,6,3,"19009,19079,19009"
31175,2023,9,3,"31089,31003,31089"
29119,2021,5,2,"40035,40035"
19169,2022,8,2,"19197,19197"
37015,2022,7,2,"37185,37185"
30017,2024,6,2,"30109,30109"
54053,2023,2,1,54105
16083,2021,8,3,"16015,16025,16025"
48273,2021,5,1,48247
13305,2025,6,1,13109
18153,2021,8,2,"17079,17079"
26045,2023,7,8,"26023,26059,26149,26155,26093,26155,26059,26093"
48139,2024,3,5,"48397,48161,48309,48397,48161"
20149,2021,12,1,31147
13003,2024,4,1,13271
17099,2023,5,2,"17175,17175"
47029,2022,9,1,37175
51027,2021,8,1,51021
47045,2021,1,5,"05035,29069,29069,47183,47183"
13015,2023,4,12,"13121,13097,13121,13055,13295,13123,13213,13295,13313,13045,13097,13123"
28071,2023,8,5,"28135,28143,28143,28117,28135"
21095,2021,8,1,51720
16037,2023,8,3,"16045,16003,16045"
12065,2024,12,2,"12067,12067"
48363,2022,12,1,48193
05103,2024,5,2,"05011,05011"
18105,2025,4,1,18143
06065,2023,2,2,"04027,04027"
45071,2025,2,2,"45023,45023"
01087,2024,12,2,"13053,13259"
18083,2021,10,1,17079
40091,2024,6,1,40005
06019,2023,1,7,"06079,06085,32019,06079,06087,06085,06087"
55129,2020,4,2,"27075,27075"
17163,2020,4,3,"17121,17083,17121"
06073,2022,10,3,"04012,04027,04012"
22059,2022,10,6,"22029,22077,22041,22083,22029,22041"
22071,2022,8,1,22117
06109,2020,8,6,"06005,32005,06005,32005,32019,32021"
05147,2024,8,2,"05077,05077"
12015,2023,4,4,"12049,12081,12049,12081"
49055,2021,8,3,"49039,08033,49039"
12119,2024,4,2,"12049,12055"
13311,2020,10,2,"37043,37043"
01105,2025,2,1,01023
47027,2020,1,2,"21207,21207"
12063,2022,5,1,01039
31017,2021,6,2,"31015,31015"
34011,2025,5,2,"24029,24035"
46071,2023,7,1,31103
17055,2020,1,1,17121
04009,2020,6,3,"35006,35031,35017"
47165,2022,3,2,"47027,47087"
13033,2020,6,1,13283
12115,2023,10,4,"12055,12049,12055,12049"
28127,2020,12,1,28147
47183,2025,5,5,"21035,21039,21157,21039,21035"
20149,2020,4,4,"31067,31133,31133,31147"
35057,2021,9,1,35028
46025,2021,8,3,"46011,46011,46079"
31169,2020,7,6,"31067,31159,31067,31067,31109,31159"
21073,2024,8,2,"21017,21097"
48125,2022,8,1,48197
08049,2020,6,2,"08065,08065"
26007,2024,7,2,"26143,26097"
22009,2024,11,1,22041
01033,2022,3,2,"28057,28057"
21179,2021,6,1,21163
44007,2023,6,2,"25007,25025"
13207,2022,6,1,13319
51127,2025,6,1,51830
18133,2021,8,2,"18055,18055"
55061,2021,7,2,"26089,26089"
32027,2021,5,3,"32029,32510,41037"
05075,2020,10,4,"29069,29069,05065,05065"
31041,2021,5,2,"31117,31117"
13219,2021,6,2,"13141,13317"
29211,2022,3,5,"29103,29197,19185,19185,29197"
17145,2020,4,2,"17121,17121"
46049,2023,5,2,"46005,46005"
37117,2023,1,2,"37091,37177"
21011,2020,7,1,21063
21019,2021,3,1,21115
18183,2023,2,1,18103
26129,2020,5,1,26009
20149,2023,5,1,31147
19081,2024,9,1,27091
01113,2023,8,1,13307
51191,2025,1,3,"37011,37005,47067"
37139,2023,6,1,37091
13139,2021,5,2,"13281,13281"
49043,2022,6,9,"08081,49047,49047,16041,56023,08081,56007,56023,56023"
48215,2021,10,4,"48247,48273,48273,48247"
01003,2022,8,3,"01035,01013,01035"
42079,2023,6,1,42093
13083,2022,11,5,"13047,13313,13047,13313,47061"
34003,2024,5,5,"36047,36085,36081,36047,36081"
40049,2021,12,2,"40095,40133"
13321,2024,6,3,"13315,13087,13315"
01061,2023,5,2,"01013,01035"
29103,2024,6,2,"29211,29175"
12087,2022,6,1,12051
54099,2025,4,5,"21063,21175,21071,21195,21195"
04005,2025,6,3,"08083,08085,49019"
20121,2023,5,1,20209
04013,2023,12,1,04023
23017,2022,12,3,"23023,23023,50009"
31037,2025,5,8,"31143,31185,31173,31179,31121,31125,31143,31179"
05095,2022,5,3,"28027,05037,05037"
13251,2023,7,4,"13107,13107,13163,13107"
12001,2022,7,2,"12029,12029"
48387,2025,4,1,05113
55069,2024,6,1,55003
27169,2023,7,2,"55035,55035"
24027,2025,5,3,"24029,24035,24029"
49057,2024,8,2,"16071,16071"
21165,2021,7,1,21115
46069,2021,5,1,46005
37019,2021,9,1,45043
38027,2021,6,1,38083
18073,2023,2,2,"18141,18141"
16033,2024,4,1,30023
55109,2023,8,2,"55107,55035"
19109,2020,9,1,19079
51173,2025,6,1,37005
18027,2024,7,3,"18173,17033,18173"
22107,2020,1,1,22077
22045,2022,8,1,22121
05011,2021,5,1,22027
55089,2022,7,2,"26105,26105"
22009,2023,3,6,"22107,22107,28001,22121,22037,22121"
23007,2023,9,2,"23023,23023"
40083,2023,8,4,"40003,40053,40093,40093"
19139,2022,6,3,"19183,19087,19183"
25003,2023,4,1,50021
13077,2024,2,4,"13143,13117,13293,01017"
29181,2023,4,4,"05055,29069,05055,29069"
30043,2023,6,1,56039
48351,2021,5,2,"22003,22003"
51710,2022,5,2,"51735,51735"
51183,2022,11,3,"51595,37091,51620"
12119,2021,3,1,12055
21123,2021,3,1,21163
51025,2021,7,3,"37127,37181,37181"
27135,2020,6,2,"27071,27071"
40111,2022,3,1,40133
22079,2023,3,1,22077
05117,2021,6,2,"05123,05123"
12109,2025,4,2,"12007,12007"
54041,2024,8,2,"54103,54103"
48073,2020,3,1,48313
18167,2020,6,2,"17035,17079"
39061,2020,8,2,"18115,18115"
40085,2022,8,2,"40069,40069"
12073,2024,5,2,"13087,13087"
23019,2025,6,5,"23013,23011,23011,23013,23015"
20041,2024,8,1,20123
13153,2024,8,5,"13175,13315,13249,13315,13175"
46029,2021,9,9,"46005,46077,27073,27081,27173,46011,27073,46011,46077"
12009,2020,6,1,12055
13147,2023,8,4,"13317,13011,13011,13157"
55021,2023,4,3,"55097,55141,55141"
29149,2024,11,2,"05065,05065"
39161,2020,3,2,"18075,18075"
12061,2025,5,2,"12105,12105"
21069,2021,8,2,"21173,21173"
06077,2023,3,7,"06075,06081,06085,06041,06075,06097,06085"
29125,2022,6,3,"29051,29135,29051"
29123,2021,3,3,"29179,17181,29179"
06055,2021,1,6,"06021,06045,06013,06013,06045,06101"
06047,2020,4,2,"06051,06051"
06023,2024,2,5,"41015,41033,06049,41033,41035"
19029,2020,6,9,"19145,19071,19129,19145,19085,19129,31153,31177,19085"
20065,2022,6,1,31061
05099,2021,12,1,22027
24017,2022,5,2,"51600,51610"
31129,2023,7,1,31159
48037,2024,6,2,"40023,40023"
28049,2022,2,5,"28063,28063,28077,28065,28077"
37007,2022,6,1,45033
51107,2020,4,3,"51600,51610,51685"
39049,2025,6,5,"39083,39101,39117,39083,39101"
39107,2023,4,1,18009
54097,2024,2,3,"54093,54093,54067"
27129,2023,4,5,"27013,27151,27151,27013,27081"
06099,2021,10,5,"06013,06075,06069,06013,06069"
25023,2022,8,3,"25007,25007,44005"
21195,2021,6,3,"21115,21115,51720"
18127,2023,4,6,"18131,18181,18141,18131,18141,18141"
05103,2021,2,2,"22027,22027"
54047,2023,6,5,"51021,51021,54089,54045,54045"
12071,2024,7,4,"12027,12055,12115,12055"
29205,2024,4,4,"29175,29173,29173,29175"
32033,2021,6,4,"32013,32001,49039,49039"
46121,2022,5,1,31091
48219,2023,5,2,"35041,35041"
42097,2022,5,5,"42087,42025,42077,42087,42087"
40129,2025,5,1,40057
18157,2025,4,1,18131
20163,2024,4,1,20123
05027,2023,4,2,"05003,05011"
13289,2025,4,9,"13091,13235,13093,13193,13235,13237,13091,13283,13309"
13213,2021,3,2,"13227,13227"
23017,2024,5,2,"23023,23023"
19165,2024,7,1,19093
39151,2021,5,5,"39083,39055,39055,39103,39103"
27013,2024,8,1,27127
37109,2024,8,1,37011
13287,2024,1,3,"13271,13261,13271"
48487,2021,5,2,"40033,40033"
30055,2023,7,1,30091
30069,2024,6,2,"30037,30037"
51061,2023,8,1,51685
45035,2020,6,1,45089
47051,2023,7,2,"13083,13083"
32033,2024,7,4,"16083,32015,32015,32015"
46121,2025,6,1,31171
49003,2025,5,4,"32013,32015,32033,32033"
17071,2020,4,2,"17169,17169"
29149,2023,3,3,"05021,05055,05021"
49017,2025,6,4,"08083,08085,49019,49019"
51810,2020,11,2,"51735,51735"
20103,2022,5,1,20013
51131,2022,7,2,"51740,51740"
21009,2022,1,3,"47111,47027,47111"
28145,2020,1,2,"47069,47069"
39139,2024,3,2,"39103,39169"
53047,2024,9,12,"53033,53037,53061,53037,53005,53021,53037,53077,53029,53055,53061,53055"
25005,2021,11,1,25019
29155,2022,5,4,"47097,47033,47053,47097"
20153,2024,8,2,"31065,31065"
28029,2022,5,5,"28037,28065,28091,28037,28065"
20035,2023,2,4,"40053,40053,40103,40103"
18033,2023,6,6,"39161,26023,26149,26023,26059,26059"
47043,2023,8,2,"47135,47135"
13135,2024,8,3,"13219,13219,13219"
22051,2022,5,4,"22007,22093,22093,28045"
39027,2023,8,1,21161
27001,2024,5,4,"27071,27009,27071,27075"
46065,2023,8,1,46015
48085,2020,8,2,"48119,48119"
48479,2020,4,2,"48507,48507"
39115,2024,9,1,54073
41041,2021,11,4,"41019,41035,41071,41071"
13255,2022,6,3,"13159,13149,13247"
13099,2024,1,1,13239
16071,2022,8,3,"16053,49033,49033"
36021,2022,9,2,"36071,36071"
16001,2024,7,3,"16083,16087,16083"
13153,2021,7,5,"13091,13269,13269,13269,13091"
48147,2023,9,1,40005
45079,2025,5,1,45023
01093,2023,7,3,"28087,28117,28087"
20103,2025,6,1,20043
41017,2020,6,5,"32031,06049,41029,06049,32031"
47123,2022,6,3,"13111,13291,13111"
32031,2024,8,5,"41035,32015,32015,32015,41035"
47075,2020,5,2,"28009,28009"
12033,2022,5,1,01039
13177,2024,5,4,"13315,13193,13307,13307"
12061,2022,4,2,"12043,12051"
48253,2024,4,1,48429
30005,2021,7,3,"30045,30073,30045"
49053,2020,3,1,32033
27021,2025,5,1,27065
51067,2023,7,1,51045
13157,2025,2,3,"13221,13221,13221"
28029,2025,6,7,"28065,28147,28113,28147,28129,28065,28129"
06085,2021,3,1,06013
36051,2025,6,3,"36063,36073,36073"
20029,2024,7,4,"20141,20141,31095,31095"
17161,2023,7,1,17175
20091,2020,9,1,20005
18023,2023,7,3,"18181,18103,18181"
01095,2023,2,2,"13055,13295"
06019,2021,12,4,"06079,06085,06079,06085"
29141,2022,5,3,"29051,29151,29051"
37065,2025,5,1,37187
06099,2023,3,8,"06013,06075,06081,06069,06013,06069,06081,06087"
19009,2024,6,1,19093
55083,2020,1,2,"26019,26089"
48181,2020,7,1,48119
17011,2022,5,1,17063
48061,2024,10,1,48047
05043,2022,4,2,"22067,22067"
42013,2025,4,1,42023
21157,2021,5,1,47183
18119,2021,6,3,"18093,18101,18093"
05029,2024,4,1,05137
18085,2024,6,2,"18149,18149"
48013,2023,5,1,48175
40023,2020,5,2,"48119,48119"
18175,2020,8,3,"21223,21163,21163"
12071,2021,6,1,12027
28135,2022,7,3,"28013,28137,28013"
55059,2020,8,1,55055
31055,2022,8,2,"31025,31025"
24019,2025,6,2,"24035,24035"
31035,2024,4,2,"31095,31121"
12003,2025,1,1,12041
50015,2020,8,2,"50017,50017"
12111,2022,5,4,"12043,12051,12043,12051"
29161,2022,3,4,"29093,29093,29151,29151"
17201,2020,8,1,55055
49035,2021,7,1,49039
05007,2021,3,2,"05101,05101"
08005,2024,6,2,"08019,08047"
21071,2020,6,1,51195
18147,2020,8,3,"21027,21163,21027"
51061,2020,7,1,51685
47093,2021,8,1,37075
17189,2023,4,3,"17051,17051,29186"
39129,2024,5,1,39021
13245,2023,6,8,"13107,13107,13125,13167,13301,13303,13301,13317"
13195,2025,6,3,"13219,13219,13219"
48113,2021,10,1,48217
19059,2024,7,4,"19151,27091,19151,27091"
13001,2023,4,7,"13209,13271,13309,13107,13107,13209,13283"
27127,2023,10,6,"27013,27105,27105,27023,27023,27073"
26003,2023,5,4,"55029,26097,26029,26097"
30071,2022,8,4,"30015,30041,30015,30045"
55095,2025,4,1,27065
25005,2023,4,1,25019
45053,2024,5,3,"13029,13029,45005"
47155,2021,8,3,"37075,37113,37075"
29047,2023,6,1,29037
48055,2021,10,1,48477
48091,2021,10,1,48013
04003,2020,6,2,"35017,35017"
36009,2023,6,3,"42049,42039,42049"
54107,2022,11,2,"39115,39115"
08093,2020,6,4,"08109,08047,08109,08047"
40045,2020,6,1,20033
19011,2021,12,2,"19183,19183"
39001,2021,4,3,"21023,21201,21023"
06043,2022,9,3,"06069,06085,06085"
19027,2024,7,4,"19151,19093,19093,19151"
18179,2025,5,1,18103
42103,2022,3,4,"36079,36087,42025,42095"
29221,2024,11,3,"29073,29073,29157"
06029,2022,3,1,04012
21029,2021,7,1,21163
33001,2020,6,1,50017
01129,2024,5,2,"28111,28111"
42105,2025,5,1,42093
39057,2024,5,2,"39021,39021"
37083,2025,5,2,"37187,37187"
08051,2021,5,7,"08065,08007,08079,08065,08003,08079,08105"
08107,2024,4,4,"08065,08019,08047,49009"
47021,2022,1,2,"47083,47083"
30007,2023,7,2,"56039,30107"
17029,2022,9,2,"17147,17147"
28151,2021,4,2,"28027,28027"
29007,2024,6,4,"29053,29089,17013,29089"
01111,2023,6,5,"13145,13097,13121,13145,13199"
40149,2023,8,3,"40129,40043,40129"
48341,2023,4,2,"35037,35037"
45071,2025,6,2,"45023,45023"
37161,2024,8,2,"37011,37011"
47083,2023,8,2,"47135,47135"
26123,2023,6,1,55071
12013,2024,12,1,13087
06063,2025,3,1,06093
27151,2022,9,2,"27155,27155"
55133,2023,3,1,55047
17163,2020,8,1,17083
47045,2024,6,3,"05035,47075,47075"
21017,2024,2,3,"21023,21201,21201"
51650,2025,6,1,51830
56009,2025,6,1,08107
40123,2023,10,3,"40005,40005,40013"
04021,2023,1,4,"04012,04027,04023,04027"
55099,2024,7,1,27031
48337,2021,6,2,"40033,40033"
37015,2021,3,2,"37073,37073"
22113,2022,8,2,"22007,22047"
26091,2025,5,4,"39171,39171,39123,39173"
29029,2023,3,2,"29135,29135"
48493,2022,3,3,"48123,48149,48123"
01023,2022,6,1,01107
31151,2025,4,7,"31035,31129,31143,31129,31035,31081,31143"
27145,2023,3,6,"27095,27151,27095,27151,27095,27159"
39089,2025,5,6,"39075,39101,39117,39005,39075,39117"
54105,2025,5,2,"54073,54073"
17055,2020,5,1,17121
51035,2024,5,2,"37005,37005"
20019,2024,5,1,40103
25021,2020,11,3,"25007,44001,44001"
48459,2024,6,1,48379
26081,2020,7,1,26133
31087,2025,6,4,"31047,31065,31073,31065"
08121,2020,5,1,08025
48465,2022,5,1,48327
25001,2024,5,2,"25019,25025"
18013,2022,6,2,"18119,18119"
24017,2024,1,3,"51600,51683,51685"
48019,2022,5,2,"48013,48013"
13229,2021,5,1,13279
46011,2022,9,10,"27083,27083,27101,27133,46099,46005,46087,46099,27133,46099"
27053,2021,6,5,"27025,27163,27163,27163,27009"
29189,2021,3,5,"17027,17083,17027,29073,17083"
04015,2024,6,2,"04027,06037"
01033,2022,7,4,"01133,28057,01133,28057"
21095,2020,4,1,51720
45037,2025,5,1,13163
46009,2020,2,4,"31003,31027,31139,31027"
17165,2020,6,1,21055
49001,2021,7,2,"49039,49039"
19159,2024,6,8,"19145,29129,19145,29061,29075,29079,29129,29075"
51105,2021,8,1,51720
22001,2021,7,5,"22003,22003,22099,22077,22099"
04009,2023,11,4,"35006,35031,04023,04023"
26081,2023,8,2,"55089,26105"
37117,2023,5,2,"37091,37177"
48465,2025,6,1,48507
29049,2020,5,4,"20043,29033,29117,29033"
18183,2023,6,2,"39161,18103"
05017,2021,4,1,28027
20149,2023,9,1,31147
19175,2023,5,2,"19145,19145"
08067,2024,9,3,"08021,08109,35031"
27083,2023,10,3,"27105,27023,27073"
19011,2023,5,1,19115
55063,2023,5,3,"55035,55141,55035"
16019,2021,7,4,"16007,16041,16007,56029"
22097,2023,7,1,22121
48029,2020,4,1,48507
31127,2022,9,1,19145
26127,2023,6,3,"55071,55015,55071"
37039,2023,8,9,"13085,13123,13187,13213,13187,13281,13311,13281,13213"
48403,2022,1,1,48457
28071,2025,5,3,"28043,28139,28043"
48409,2025,5,5,"48057,48255,48047,48255,48057"
22089,2023,5,1,22075
20143,2025,6,4,"20089,20141,20089,20141"
35001,2021,5,2,"35028,35028"
56019,2020,5,3,"56029,56017,56029"
16039,2021,5,3,"16053,32013,16053"
34003,2024,9,3,"36047,36085,36047"
05009,2024,5,1,05137
26103,2025,4,5,"26095,26153,26089,26153,55041"
27039,2024,7,1,27079
12011,2021,2,1,12015
27137,2024,7,3,"27065,27031,55003"
48149,2024,12,1,48493
13267,2022,1,1,13005
48281,2022,5,2,"48093,48093"
51051,2025,1,6,"21071,21119,21133,21159,21095,21133"
08099,2020,7,1,08025
08037,2020,6,3,"08019,08047,08019"
29127,2024,4,2,"17013,29175"
29049,2023,6,4,"29003,20209,29003,20209"
27095,2021,9,6,"27003,27025,27025,27153,27003,27171"
51051,2020,7,2,"21159,51720"
17041,2020,6,1,17035
37161,2021,7,10,"37087,37199,37011,37087,37011,37121,37199,45087,45059,45087"
06073,2024,7,2,"04027,06037"
26165,2022,8,5,"26039,26105,26127,26105,26039"
47083,2020,7,1,21221
29163,2021,9,1,29073
27049,2023,8,3,"27045,27161,55035"
19033,2023,3,2,"19079,19079"
56019,2023,6,1,56017
01045,2023,8,1,13259
26073,2022,8,2,"26037,26037"
35027,2024,7,4,"48109,35003,35003,35006"
55089,2022,11,2,"26105,26105"
26033,2023,8,6,"26029,26031,26047,26007,26031,26119"
35053,2024,9,1,35031
01073,2021,9,3,"01043,01107,01043"
41051,2022,4,6,"41065,41071,41065,41071,53041,53077"
28037,2020,1,2,"22037,22037"
48169,2022,5,4,"48115,48433,48433,48115"
26015,2023,6,5,"26023,26059,26149,26023,26149"
17109,2024,3,1,17017
51103,2021,6,2,"51131,51131"
08031,2022,6,3,"08019,08047,08093"
13033,2022,3,2,"13125,13301"
12073,2024,9,2,"13087,13087"
38003,2024,5,2,"38031,38031"
21225,2021,3,3,"17165,17165,21143"
28109,2022,1,3,"28065,28065,28077"
54003,2020,6,1,51840
45053,2021,2,1,13031
17033,2025,6,3,"17185,17185,17185"
21171,2023,12,2,"21061,47137"
47125,2025,2,1,21033
39161,2020,7,2,"18075,18075"
47121,2023,8,5,"13213,13313,13047,13083,13313"
13263,2025,2,4,"13259,13259,13307,13193"
36055,2025,6,2,"36063,36063"
24029,2023,8,1,34011
45025,2024,8,1,45033
21113,2020,5,2,"21005,21005"
13291,2021,3,3,"37075,37113,37113"
37027,2025,6,1,37005
47189,2024,7,2,"47117,21213"
42029,2022,4,3,"42077,42043,42077"
39167,2022,11,1,54105
51107,2020,8,3,"51600,51610,51685"
05013,2021,3,1,22027
20037,2023,9,3,"20107,20107,29013"
06025,2024,1,2,"06059,06059"
54097,2024,6,2,"54093,54093"
45069,2020,2,1,45089
42081,2024,6,4,"42131,42023,42023,42131"
45055,2025,5,2,"45023,45023"
26103,2020,8,2,"26095,26089"
27129,2023,8,10,"27013,27073,27151,27121,27145,27151,27145,27013,27073,27081"
42067,2025,5,1,42093
05135,2024,11,4,"05067,05137,05137,05067"
21047,2023,2,1,47079
16055,2020,6,5,"16021,30089,16035,30061,30089"
47105,2024,5,2,"47121,47121"
39011,2023,3,2,"39101,39175"
17185,2021,6,1,17079
47149,2025,6,1,47159
51173,2024,2,1,51520
54065,2020,4,1,51840
48269,2022,6,2,"48197,48197"
48219,2023,9,2,"35041,35041"
08073,2021,6,1,08011
40143,2023,7,2,"40103,40103"
45091,2021,7,1,45059
01005,2024,8,3,"13053,13053,13307"
47073,2023,7,1,51520
48191,2023,7,2,"48011,48011"
01123,2022,6,1,13149
37109,2024,12,1,37011
13287,2024,5,2,"13271,13271"
48201,2021,3,1,48199
12083,2024,4,2,"12041,12041"
42021,2025,4,1,42023
06059,2023,2,4,"04012,06025,04012,06025"
18141,2025,6,2,"18131,18131"
45045,2021,10,3,"45047,13147,45047"
51017,2022,6,1,51678
39031,2023,4,8,"39005,39151,39169,39005,39117,39139,39115,39151"
48283,2020,5,4,"48507,48247,48507,48247"
35013,2024,6,2,"48109,35003"
13049,2020,6,1,13005
39161,2025,6,3,"39063,39063,39173"
55019,2023,10,3,"55005,55107,55107"
21141,2024,6,4,"21061,21183,21183,21061"
16031,2024,7,1,32015
06101,2023,1,2,"06013,06055"
53067,2021,1,4,"53077,53035,53035,53077"
16033,2021,7,5,"16065,16081,16065,16049,30023"
16067,2022,5,5,"16025,16037,16083,16083,16025"
49049,2024,6,1,49009
08101,2023,9,10,"08109,08119,08015,08109,08119,08003,08023,08109,08023,35007"
37003,2024,7,2,"37011,37005"
47097,2020,4,1,47069
19041,2024,7,3,"19093,19093,27091"
37077,2021,7,2,"37127,37127"
48469,2023,1,3,"48007,48481,48007"
05035,2025,5,2,"05067,05067"
51183,2024,8,1,51670
45017,2021,6,1,45011
29037,2021,5,2,"29107,29107"
47179,2025,6,2,"37011,47067"
06103,2021,1,5,"06101,06033,06023,06033,06023"
20063,2024,6,1,20083
13077,2021,5,2,"13231,13231"
45007,2025,5,2,"13221,37113"
54031,2023,9,2,"51660,54093"
47043,2023,12,4,"47101,47135,47135,47117"
56041,2021,9,4,"16007,16041,49005,16007"
51119,2021,3,1,51735
13135,2024,12,3,"13219,13219,13219"
47065,2022,4,1,47051
47089,2025,2,3,"47067,47173,47173"
31135,2021,5,2,"31117,31117"
51125,2022,8,2,"51540,51678"
31089,2023,3,3,"31139,31139,46135"
21025,2021,7,1,21115
13187,2021,5,3,"13281,37043,13281"
39017,2020,8,1,18115
17033,2022,5,1,18021
32031,2024,12,6,"06093,32015,32015,32015,41013,41023"
39133,2024,4,8,"39085,39103,39007,39085,39169,39103,39169,39007"
13177,2024,9,4,"13315,13193,13307,13307"
54039,2023,2,4,"54089,54105,54089,54105"
49053,2020,7,1,32033
12069,2024,10,2,"12075,12049"
13087,2022,7,1,13037
19177,2021,5,4,"29197,29103,29103,29197"
21027,2024,4,1,21061
13303,2024,8,6,"13301,13301,13301,13175,13283,13175"
22025,2020,12,2,"22077,22077"
48457,2023,8,3,"48455,48407,48455"
48277,2023,5,2,"40005,40005"
21233,2020,7,3,"21143,21221,21143"
24023,2023,6,2,"54093,54093"
37131,2022,4,1,51595
17107,2020,7,4,"17017,17169,17017,17017"
48479,2023,9,2,"48047,48047"
55083,2020,5,2,"26019,26089"
54047,2025,3,3,"21195,21159,21195"
28127,2021,6,1,28147
18021,2024,2,2,"18045,17033"
27103,2021,9,12,"27165,27033,27127,27165,27023,27067,27085,27093,27127,27173,27019,27085"
17001,2020,11,1,29103
13139,2020,1,4,"13059,13281,13059,13281"
20173,2022,6,1,40053
48423,2023,10,1,48225
51133,2021,7,1,51131
28159,2021,9,1,01107
42007,2022,7,2,"54009,54009"
51059,2025,6,1,51685
22117,2021,10,5,"28045,28065,28077,28045,28077"
42027,2024,6,4,"42023,42023,42055,42057"
30033,2024,6,1,30109
41023,2024,7,9,"16087,41031,16087,53005,53005,53013,53071,41031,41065"
35025,2024,7,1,48109
30003,2021,5,2,"56029,56029"
01069,2022,6,2,"01039,13037"
48287,2024,4,3,"48395,48145,48395"
55085,2022,9,4,"55037,55078,55119,55119"
40007,2020,6,2,"20033,20033"
13271,2020,2,1,13283
47043,2022,4,2,"47005,47005"
28001,2020,4,2,"22077,22037"
22103,2022,2,5,"22057,22057,22093,28091,28091"
49045,2024,5,3,"16083,32015,16071"
48107,2022,8,1,48115
45035,2022,3,3,"45043,45089,45043"
39099,2022,9,1,39007
19131,2022,4,4,"19023,19197,19023,19023"
29159,2021,6,2,"29089,29089"
51061,2020,11,1,51685
48437,2020,5,1,48369
22063,2024,2,2,"28005,28005"
29129,2025,6,6,"19117,19007,19117,29061,29061,19007"
39131,2023,7,1,21161
37139,2025,6,2,"37187,37187"
18045,2025,5,2,"18023,18023"
46043,2020,7,1,31107
12095,2021,7,2,"12119,12119"
47143,2022,5,2,"47175,47175"
48405,2024,6,2,"48373,48455"
01119,2022,7,2,"01057,01075"
19161,2021,6,9,"19041,19141,19041,19141,19167,19193,19193,19193,19041"
26117,2023,7,6,"26155,26111,26145,26155,26111,26105"
30035,2020,6,2,"30077,30089"
30083,2023,6,2,"30091,30091"
47179,2022,5,2,"51520,37199"
31039,2022,4,4,"19193,31043,31051,31051"
08027,2021,8,3,"08053,08079,08105"
32013,2020,6,14,"16083,16083,32033,32001,32001,06049,06057,32001,32019,32029,41037,41037,16075,16087"
21011,2024,2,2,"21201,21201"
48085,2022,5,1,40095
29141,2021,1,1,29107
55061,2020,1,2,"26089,26089"
34025,2022,6,3,"34019,36005,36061"
36069,2025,6,3,"36037,36037,36073"
54033,2024,6,1,54093
48147,2025,6,1,48379
12085,2023,4,2,"12055,12055"
22049,2023,1,4,"22041,22083,22067,22083"
48187,2025,5,3,"48255,48285,48255"
37045,2025,6,2,"37011,45023"
17113,2020,1,1,17129
40145,2021,10,2,"40147,40147"
21043,2020,1,1,21159
28155,2021,6,1,28135
31027,2025,4,4,"31173,31167,31167,31173"
37055,2025,5,3,"37187,37143,37187"
21115,2020,5,2,"21063,21063"
19047,2021,12,6,"19021,19035,19021,19035,19035,31043"
51093,2021,6,2,"37073,37073"
46102,2024,9,1,31171
28065,2021,6,2,"28147,28147"
48025,2024,5,4,"48123,48123,48007,48007"
33003,2023,5,6,"33013,50009,33013,50005,50009,33013"
39051,2025,6,4,"39063,39173,39123,39173"
29091,2021,1,2,"05065,29179"
28131,2024,12,2,"28041,28041"
36119,2022,5,2,"36061,36061"
17167,2021,12,2,"17039,17039"
39001,2024,9,1,21201
05075,2021,2,4,"29069,29069,05065,05065"
17173,2020,1,3,"17079,17079,17121"
25001,2021,8,2,"44001,25019"
13199,2024,7,1,13053
05117,2023,6,4,"05107,05107,05123,05123"
16047,2020,5,2,"16067,16067"
55013,2020,4,1,27075
06007,2020,11,11,"06033,06113,06033,06045,06091,06061,06067,06113,06045,06061,06091"
13119,2023,8,2,"13157,13157"
47151,2025,5,9,"21125,21199,21235,21053,21199,47173,21235,47173,21053"
48307,2024,3,4,"48093,48333,48281,48333"
55009,2023,5,9,"55075,26105,55041,55075,55078,55135,55078,55097,55135"
19127,2025,5,1,19107
21093,2020,4,1,21005
21145,2021,4,4,"17181,47183,21143,21143"
30107,2022,9,2,"30015,30015"
29195,2023,8,7,"29175,29019,29019,29175,29101,29083,29101"
08035,2020,7,2,"08019,08047"
28109,2025,6,9,"22095,28113,28147,28111,28065,28065,28147,28039,28111"
22083,2023,12,2,"22107,22107"
19155,2023,8,3,"19133,19145,19145"
06057,2025,2,2,"32013,41037"
51183,2021,5,1,37073
20051,2024,7,1,20123
17135,2023,4,1,17035
42121,2025,6,4,"39007,42049,39099,42049"
28081,2024,6,3,"28139,28009,28139"
48089,2025,5,1,48057
30081,2024,9,2,"16035,16035"
26109,2024,7,5,"26089,55037,26083,26089,55037"
47035,2021,6,3,"47137,47159,47105"
48363,2020,3,2,"48425,48425"
08113,2020,6,2,"08053,08053"
05111,2025,2,1,05077
40061,2024,5,1,40005
13137,2021,10,9,"13119,13157,13013,13157,13119,13291,13291,13119,13147"
05139,2025,5,7,"05017,05025,05025,05039,05019,05039,05017"
01033,2022,11,1,28117
05039,2024,4,2,"05011,05011"
45065,2022,7,5,"13147,13195,13221,13317,13317"
51015,2022,7,3,"51540,51678,51660"
49025,2021,7,2,"04012,08033"
20087,2023,7,1,20209
46009,2020,6,4,"31003,31027,31139,31027"
29129,2022,5,3,"29115,29197,29115"
20201,2020,6,8,"31133,31097,31109,31131,31133,31151,31151,31151"
51105,2021,12,3,"51167,51167,51720"
54101,2023,7,1,54093
13071,2020,7,1,13081
20107,2025,6,2,"20133,20133"
48405,2021,5,1,48455
36031,2021,5,1,50015
42089,2022,7,3,"34019,42077,42077"
28083,2021,5,2,"28027,28027"
36049,2023,7,1,36033
28131,2023,4,6,"28031,28073,28041,28073,28091,28041"
42071,2025,6,2,"24029,24029"
19011,2023,9,2,"19107,19107"
17167,2020,4,2,"17169,17083"
55053,2024,6,1,55091
46053,2020,7,2,"31107,31107"
06105,2022,8,5,"06097,06049,06049,41029,41033"
48303,2020,3,2,"48369,48165"
51045,2024,5,3,"51580,51063,51063"
36027,2022,9,2,"36087,36087"
40133,2021,5,2,"40029,40029"
48187,2022,4,4,"48013,48149,48149,48013"
46023,2020,1,3,"31003,31027,31139"
39047,2024,6,1,39021
19045,2023,5,1,19115
20129,2021,3,1,08011
51171,2023,8,1,51660
51051,2025,5,4,"21071,21119,21159,21095"
05029,2021,5,1,05101
53041,2021,1,7,"53035,41027,53039,53005,53025,53037,53039"
22111,2022,7,2,"22083,22083"
01109,2024,8,1,13061
45085,2020,7,2,"45089,45089"
33003,2020,4,1,50017
16051,2020,5,4,"16029,16029,16059,16059"
40117,2024,6,2,"40083,40083"
21219,2022,1,1,47083
35015,2020,7,1,48141
20131,2025,4,2,"20043,20043"
48123,2021,10,1,48013
51121,2023,7,2,"51021,51021"
01121,2023,6,2,"13045,01007"
21207,2021,2,2,"47137,47137"
06063,2022,6,4,"06049,32031,06049,32031"
28121,2024,1,3,"28063,28077,28077"
37113,2020,1,2,"13281,13281"
06101,2021,12,7,"06021,06021,06033,32510,06013,06033,06055"
47099,2021,7,5,"01079,28141,47071,47039,47071"
39049,2021,4,4,"39083,39083,39021,39021"
28137,2020,1,1,28009
55039,2020,7,1,55055
45019,2020,2,2,"45089,45089"
05085,2025,6,5,"05041,05025,05053,05053,05067"
42101,2023,8,1,34011
08005,2021,7,2,"08019,08047"
13233,2022,11,2,"13295,13097"
48283,2025,5,5,"48255,48493,48507,48047,48507"
27045,2023,3,1,19195
13089,2024,8,1,13013
12105,2022,6,6,"12027,12027,12043,12027,12043,12051"
17045,2023,2,6,"17147,17033,17035,17035,17173,17147"
26091,2022,8,1,39173
37133,2020,9,1,37095
48347,2025,5,3,"48225,48455,48225"
36115,2020,8,1,50017
55071,2022,6,4,"26019,26127,26019,26127"
26025,2023,7,1,26093
51035,2021,8,2,"51021,51021"
28109,2022,5,3,"28065,28065,28077"
54055,2023,7,4,"51045,54059,54045,54059"
19121,2022,8,1,19185
48019,2024,2,1,48323
06107,2023,3,5,"06053,06069,06079,06053,06079"
39011,2020,6,1,18075
05063,2022,5,1,05037
38065,2023,8,2,"38083,38083"
01033,2024,4,3,"47071,28117,47071"
46095,2023,9,3,"46015,31103,31103"
26109,2021,6,2,"26089,26089"
55039,2023,8,4,"26105,55089,55089,55135"
30047,2024,8,4,"30053,16035,30039,30053"
12007,2024,2,1,12041
48027,2023,3,2,"48193,48193"
08077,2022,10,4,"49047,08065,49007,49047"
48329,2020,5,2,"48165,48165"
51087,2024,6,2,"51570,51670"
19111,2020,6,2,"17169,29103"
51105,2023,5,1,51720
25023,2021,7,1,44001
45061,2020,4,1,45089
26141,2021,9,9,"26135,26029,26047,26095,26029,26047,26095,26039,26135"
08071,2020,6,6,"08003,08021,08003,08109,08025,08025"
48273,2020,5,1,48247
05093,2022,5,6,"05037,05123,05037,47033,47053,47033"
26071,2022,4,3,"26083,26083,26083"
37169,2025,5,1,37005
19015,2020,7,1,19001
53013,2020,2,1,16009
38077,2023,7,4,"27011,38003,38003,27011"
30007,2020,8,5,"56029,30023,30077,30093,30077"
37117,2020,8,3,"37095,37079,37095"
13063,2023,2,12,"13135,13247,13067,13097,13135,13035,13217,13247,13035,13171,13199,13231"
26051,2022,9,6,"26069,26001,26069,26135,26079,26135"
47147,2022,1,2,"47083,47111"
38059,2021,6,1,38083
42071,2022,5,1,42077
17057,2020,5,3,"17017,17129,17017"
47071,2022,5,5,"28139,28057,47005,47017,47017"
45033,2020,5,2,"45089,45089"
08007,2024,7,12,"08003,08023,35055,08109,08111,08033,08111,08109,08003,08109,35055,35031"
06051,2024,8,3,"06031,06069,32029"
47185,2025,5,2,"47159,47159"
53069,2025,2,5,"53059,53053,53059,53067,53077"
47113,2020,4,1,28009
37043,2023,1,3,"13311,13187,13311"
13233,2021,3,1,13227
42123,2023,8,2,"39007,39007"
40089,2025,4,1,05109
31121,2020,8,5,"31077,31011,31077,31011,31167"
17029,2021,5,3,"17079,17079,18165"
13287,2024,9,2,"13271,13271"
31069,2021,8,2,"31117,31117"
21001,2022,1,1,47027
48031,2024,5,1,48281
19025,2025,6,2,"19047,19047"
48123,2023,3,2,"48391,48391"
51175,2022,6,3,"37185,51595,51740"
05061,2025,5,2,"05019,05019"
01075,2023,7,1,28105
13003,2025,2,1,13271
29047,2025,6,3,"29025,29063,29025"
39147,2022,8,1,39005
48297,2024,2,7,"48391,48047,48247,48047,48123,48007,48391"
51141,2025,5,1,37005
48063,2020,5,1,48119
37197,2025,6,2,"37005,37005"
16067,2022,9,2,"16025,16025"
48411,2022,5,4,"48093,48327,48327,48093"
22081,2024,4,2,"22127,22127"
40123,2022,6,1,40095
19033,2020,6,2,"19079,19079"
48207,2022,10,1,48487
13111,2020,2,1,13281
13215,2022,8,2,"13259,13259"
19189,2022,8,3,"19197,19197,19197"
31069,2024,9,2,"31117,31117"
18099,2024,7,1,18181
48355,2025,5,3,"48057,48047,48047"
51119,2021,7,1,51735
17193,2020,5,1,17121
26009,2022,5,10,"26031,26153,26119,26135,26019,26019,26153,26031,26119,26135"
47065,2022,8,3,"47051,47061,47061"
47089,2025,6,3,"47067,47173,47173"
48091,2025,5,2,"48493,48493"
20087,2020,4,1,20043
05135,2023,7,3,"05055,05021,05055"
05079,2024,3,4,"05107,05011,05107,05011"
35057,2020,9,5,"35006,35028,35039,35006,35006"
32007,2024,9,2,"16027,16047"
47163,2025,2,4,"37011,47067,37011,47067"
08001,2024,6,2,"08019,08047"
17007,2020,6,2,"55055,55055"
17185,2020,2,1,17079
38079,2021,7,1,38083
51137,2025,5,1,51630
26031,2024,7,1,26089
47135,2022,3,4,"47017,47083,47017,47083"
30085,2024,6,2,"30109,30109"
47125,2022,5,2,"47005,47005"
13017,2023,7,2,"13309,13235"
31043,2020,6,5,"19133,31027,19133,31021,31039"
17161,2022,6,3,"17071,19087,19183"
54039,2023,6,9,"54045,54109,54089,54105,54045,54059,54089,54109,54105"
13043,2024,3,6,"13029,13163,13175,13283,13029,13283"
48193,2022,4,3,"48217,48425,48425"
13095,2022,7,1,13307
20065,2024,7,1,20141
12005,2022,6,1,01039
19031,2022,11,2,"19115,19115"
45037,2024,1,2,"13163,45011"
54099,2021,3,2,"21115,21115"
47189,2021,10,1,47087
48079,2020,5,5,"48165,48369,48369,48165,48165"
42069,2022,5,3,"42025,42025,42095"
22047,2020,2,4,"22093,22093,22037,22037"
32001,2024,7,2,"32029,32029"
26103,2022,5,3,"26095,26153,26153"
24031,2020,8,3,"51610,51600,51610"
46017,2022,7,2,"46005,46005"
32023,2023,5,8,"32019,49001,49021,49027,32019,49023,49027,49045"
16055,2022,3,2,"16021,30061"
06113,2021,10,5,"06021,06021,06045,06013,06013"
17197,2024,6,2,"18111,18111"
55083,2020,9,1,26089
18103,2020,7,3,"18131,18131,18009"
49057,2020,7,3,"16041,16041,32033"
17185,2023,3,3,"17033,17033,17033"
08041,2020,5,3,"08109,08025,08025"
13139,2020,5,4,"13059,13281,13059,13281"
47165,2024,7,1,21219
13023,2023,4,18,"13271,13309,13315,13021,13079,13193,13225,13107,13167,13283,13309,13315,13021,13169,13009,13167,13169,13303"
17119,2024,4,2,"17013,17013"
42007,2022,11,1,39151
48293,2025,6,2,"48225,48051"
18015,2023,5,4,"18103,18131,18103,18131"
22107,2022,7,5,"22125,22083,22083,28037,28037"
47149,2022,9,4,"47127,47051,47061,47127"
51700,2020,12,2,"51735,51735"
48209,2025,5,1,48493
53069,2022,1,7,"53059,53027,53053,53059,53067,53077,53027"
20151,2023,7,1,40003
38091,2024,6,5,"38093,38099,38031,38093,38099"
51740,2023,12,1,51735
47081,2022,10,3,"47005,47005,47039"
31119,2022,10,5,"31125,31023,31125,31051,31173"
29161,2022,11,1,29221
29179,2025,5,1,29017
06071,2022,11,4,"04027,06025,06079,06025"
45035,2022,7,1,45089
16083,2025,5,5,"16027,32013,32013,32015,32033"
05001,2023,4,5,"28011,05123,28011,28027,28143"
49015,2022,7,2,"49047,49047"
53071,2020,2,1,53023
28067,2020,8,1,28109
08049,2024,5,2,"08065,08065"
41009,2021,1,1,41027
18183,2025,6,1,18103
53011,2022,11,10,"41007,41057,53069,41027,53041,53069,41027,53039,53041,53077"
22017,2022,5,1,05081
18015,2021,12,2,"18159,18159"
19091,2022,5,8,"19021,19041,19059,19021,19025,19041,19025,19073"
39035,2022,4,2,"39005,39005"
29121,2021,7,3,"29197,29089,29089"
38075,2024,8,1,38083
01125,2023,8,1,28087
31039,2022,8,4,"19193,31043,31051,31051"
28027,2025,5,8,"05041,05077,05017,05041,28083,28043,28083,05077"
48037,2020,5,1,48119
55061,2020,5,2,"26089,26089"
49007,2024,8,2,"49009,49009"
47047,2021,4,2,"05035,05035"
48205,2023,8,3,"35041,35047,35007"
13079,2021,1,7,"13023,13249,13171,13249,13263,13171,13263"
26059,2025,6,2,"39095,39095"
20015,2023,7,1,40053
42067,2022,6,1,42093
40091,2023,9,1,40005
55135,2020,4,1,55078
17125,2025,4,2,"17009,17009"
28057,2025,2,1,28139
19127,2022,8,1,19197
06053,2020,8,2,"06051,06083"
21209,2024,2,2,"21023,21201"
22029,2020,1,2,"22037,22037"
18039,2025,6,1,18131
21211,2020,4,2,"21223,21223"
16073,2022,5,8,"16045,16045,16025,16037,16053,32027,32031,16087"
47185,2022,2,1,47087
55073,2025,5,1,55041
36119,2022,9,4,"36061,36061,36071,36071"
06113,2023,3,6,"06097,06097,06013,06013,06041,06097"
17173,2020,5,3,"17079,17079,17121"
49041,2020,7,6,"32017,49021,49007,32017,32033,49007"
42121,2022,9,1,39007
29217,2025,6,2,"20133,20133"
31111,2023,4,1,31091
47055,2024,3,4,"47071,47101,47081,47101"
40023,2022,6,2,"40095,05081"
48483,2023,8,3,"40043,48011,48011"
47139,2023,2,7,"13123,13187,13291,13123,13313,13291,13313"
21091,2020,9,2,"21163,21163"
13305,2023,1,3,"13279,13107,13279"
01053,2023,4,3,"01013,01013,01013"
48339,2021,12,5,"48477,48373,48373,48015,48477"
55009,2023,9,2,"26105,55097"
29025,2021,6,2,"29107,29107"
39033,2022,5,2,"39005,39005"
28043,2022,7,1,28027
40059,2021,9,1,40003
21093,2020,8,1,21005
20021,2025,6,2,"20133,20133"
51003,2024,8,1,51790
28137,2025,1,1,05077
26111,2020,7,2,"26133,26133"
46013,2022,9,1,46005
48073,2024,2,7,"48161,48289,48455,48161,48289,48313,48455"
18167,2024,5,4,"17033,18045,17033,18045"
48291,2022,1,6,"48241,48457,48185,48471,48457,48471"
13135,2020,7,2,"13059,13059"
54003,2024,1,2,"42057,51840"
24025,2025,6,1,24035
12009,2024,5,1,12055
28115,2024,6,5,"28107,28117,28009,28117,28139"
17079,2023,5,4,"17051,17173,17051,17173"
06089,2024,11,1,41033
29153,2021,1,2,"05065,05065"
05113,2022,4,3,"05081,05081,05081"
46049,2022,8,4,"46129,46005,46129,46005"
51065,2022,6,1,51540
20085,2022,4,2,"31147,31147"
46125,2020,6,3,"31027,31027,31107"
06043,2023,1,3,"06069,06085,06085"
23013,2020,7,2,"23029,23023"
32007,2021,6,4,"16053,16047,16053,32001"
20013,2024,8,1,29003
47159,2022,4,2,"47027,47027"
29039,2024,4,2,"29083,20107"
29095,2022,6,2,"29033,29033"
51830,2020,11,1,51735
51095,2024,6,1,51735
21015,2021,6,1,21097
48303,2020,7,1,48369
48201,2023,3,2,"48481,48481"
54109,2021,1,1,51021
28005,2022,4,6,"22121,22125,28063,28063,28077,22125"
21105,2022,2,3,"47053,47017,47053"
19125,2025,5,6,"19007,19185,19107,19007,19051,19185"
17103,2022,11,1,17175
40135,2025,5,1,05113
01079,2024,6,1,47071
18151,2023,6,2,"26149,26149"
46023,2020,5,3,"31003,31027,31139"
49019,2024,5,4,"08029,08029,08033,49009"
20129,2021,7,1,08011
31027,2022,7,9,"31043,46127,46009,46083,46125,46127,46009,46067,46125"
21001,2025,6,5,"21199,21053,21053,21199,21231"
47037,2024,9,1,21219
54049,2024,8,2,"39111,54051"
22055,2020,5,2,"22077,22077"
27045,2020,6,1,19067
22059,2023,6,1,22107
22111,2022,11,5,"05011,05011,22083,22123,22083"
51005,2024,5,2,"51530,51678"
48207,2024,6,5,"48009,48487,48429,48009,48429"
33003,2020,8,1,50017
16051,2020,9,8,"16029,16029,16081,16037,16059,16059,16081,16081"
45015,2021,5,1,45011
22085,2021,7,1,22003
25007,2020,5,1,44001
19187,2023,5,2,"19021,19021"
20151,2020,4,2,"20033,20033"
51740,2020,9,1,51735
55027,2023,4,3,"55077,55015,55077"
01081,2023,6,4,"13053,13259,13199,13053"
55075,2020,7,3,"26019,26089,55078"
22079,2022,6,1,22125
18169,2025,5,1,18131
39049,2021,8,2,"39083,39083"
45019,2020,6,2,"45089,45089"
01015,2023,5,2,"13055,13045"
08119,2024,7,7,"08015,08109,08019,08047,08015,08019,08065"
05057,2021,9,2,"05133,05133"
10003,2023,8,3,"34011,34011,34011"
48477,2020,8,2,"48313,48313"
56033,2021,7,1,56029
34007,2022,7,1,34021
13019,2024,11,1,13271
42085,2023,7,4,"39151,39007,39007,42049"
22063,2021,3,9,"22007,22047,22093,22047,22121,28005,22093,28005,28113"
48439,2024,6,1,48349
30073,2024,8,1,30053
08027,2023,10,9,"08015,08003,08023,08003,08015,08051,08053,08079,08105"
29023,2023,3,3,"05055,05055,29123"
30105,2022,5,2,"30005,30027"
19073,2023,8,4,"19079,19021,19165,19079"
18003,2020,6,3,"18075,18009,18075"
51053,2025,5,2,"51670,51670"
13229,2023,6,1,13279
48167,2022,11,2,"48321,48481"
13073,2024,8,3,"13163,13301,13163"
08085,2021,6,4,"08053,08053,08033,08033"
24017,2021,8,1,51685
17135,2020,7,5,"17083,17083,17017,17129,17035"
22101,2020,12,5,"22047,22093,22047,22047,22077"
48089,2022,8,3,"48057,48321,48321"
55029,2020,9,4,"26101,26165,26101,55078"
39049,2024,9,5,"39083,39101,39117,39083,39101"
24025,2022,5,2,"42043,42043"
01101,2022,4,1,01039
45065,2024,4,3,"13195,13317,13317"
05111,2022,5,3,"05123,05123,47097"
51800,2023,6,9,"37177,37091,51095,51620,37091,51183,51620,51095,51199"
21047,2022,1,3,"47083,47005,47083"
37147,2021,8,2,"37127,37127"
27127,2022,10,10,"27103,27063,27105,27081,27117,27105,27117,27133,27103,27081"
47021,2024,7,4,"21219,21213,21219,47117"
51105,2023,9,1,51720
45027,2022,6,3,"45043,45033,45043"
42011,2022,7,3,"42025,42095,42025"
04001,2021,9,3,"08033,08007,08033"
27037,2024,8,2,"27079,27079"
05093,2022,9,15,"05037,05123,28033,28143,05037,05021,47095,47033,47053,47095,47033,47075,28033,28093,47075"
29099,2021,6,1,29073
01047,2025,5,3,"01013,01023,01013"
32021,2024,6,4,"06109,32015,32029,32015"
51149,2024,7,2,"51570,51570"
46007,2023,8,3,"31091,31103,31103"
47109,2021,4,1,28009
20157,2020,7,4,"31067,31067,31151,31151"
47111,2024,7,3,"21213,47137,21213"
49035,2022,5,4,"49033,49033,56041,49039"
04013,2024,8,3,"04009,04009,04009"
48029,2022,5,2,"48177,48177"
45073,2023,7,8,"13011,13195,13011,13281,13311,13195,13281,13011"
48389,2022,6,1,48377
13211,2021,10,6,"13221,13013,13059,13157,13221,13013"
30067,2021,8,3,"30043,30045,56017"
21017,2021,7,2,"21201,21201"
32005,2021,7,3,"32001,32029,32029"
37147,2024,9,2,"37137,37137"
48367,2023,9,2,"48077,48133"
51023,2024,6,4,"51580,51063,51530,51678"
48503,2022,2,1,48143
51077,2025,6,1,37011
48143,2020,4,2,"48333,48333"
21227,2024,7,2,"21183,21219"
48087,2022,6,3,"40075,48197,48197"
53069,2020,12,2,"53053,53077"
13109,2024,5,2,"13279,13279"
04025,2021,9,3,"04027,06025,04027"
29087,2022,6,2,"20013,20013"
23021,2020,7,2,"23029,23029"
45085,2022,4,3,"45089,45033,45089"
16031,2023,6,11,"16063,16047,16063,16063,49005,16047,49045,49005,49011,49045,49057"
05145,2022,7,3,"05037,05037,05123"
21001,2022,5,1,47027
22045,2023,4,1,22121
51051,2022,8,1,51720
51175,2022,10,1,51595
49035,2025,6,3,"49009,32007,32033"
55009,2020,6,5,"26019,26089,26019,55078,55078"
45031,2022,1,3,"45033,45089,45033"
40055,2022,9,2,"48197,48197"
13237,2024,7,4,"13219,13125,13301,13219"
25001,2020,4,1,44001
18005,2021,6,1,18093
47163,2022,5,2,"51167,51167"
47099,2023,4,1,47039
51036,2024,8,3,"51570,51670,51670"
08014,2022,8,4,"08047,08019,08047,08093"
19035,2025,4,4,"19047,19047,19047,31173"
56013,2024,8,1,49009
19179,2021,6,2,"29197,29197"
19033,2020,10,1,27043
17073,2022,9,3,"17071,19115,19115"
54031,2022,8,1,51660
42101,2025,5,2,"34021,34021"
20041,2025,4,1,20123
27061,2023,5,3,"27095,27153,27159"
13069,2023,4,7,"13315,13209,13279,13309,13091,13309,13315"
13245,2022,4,4,"13125,13301,13301,13317"
48339,2020,4,2,"48313,48313"
13187,2020,4,2,"13281,13281"
17111,2020,6,1,55055
29007,2025,4,3,"29151,29073,29151"
29097,2025,6,1,20133
54029,2024,4,1,39151
51067,2021,4,1,51690
17195,2022,11,3,"17175,17175,19115"
39063,2021,5,3,"39077,39143,39143"
47065,2022,12,4,"13213,13213,47061,47061"
12101,2024,7,5,"12017,12049,12049,12055,12017"
08039,2020,5,3,"08119,08119,08025"
48465,2021,5,1,48507
20095,2024,5,6,"20097,40003,40003,40053,20097,40053"
22073,2025,5,5,"22041,05003,05017,22041,05003"
47163,2025,6,4,"37011,47067,37011,47067"
31043,2025,4,3,"19047,31179,31179"
31035,2020,6,4,"31095,31151,31023,31151"
48245,2025,6,1,48407
39167,2023,3,1,54105
48019,2021,5,2,"48507,48507"
12133,2022,5,1,01039
29053,2023,8,4,"29175,29175,29083,29101"
31043,2020,10,1,19035
51001,2022,5,1,51735
48325,2024,5,2,"48323,48323"
13043,2024,7,4,"13163,13175,13283,13283"
21153,2023,2,1,21063
12089,2024,6,1,13065
21161,2025,4,7,"21097,21011,21181,21205,21205,21097,21181"
21155,2025,5,1,21199
13297,2024,4,3,"13117,13133,13133"
26127,2020,11,3,"26101,26165,26101"
47153,2022,2,2,"47051,47051"
18155,2025,4,4,"18143,21223,21103,21223"
01115,2023,7,2,"01007,01007"
48113,2022,6,1,48217
48157,2022,8,3,"48321,48071,48321"
31001,2022,4,3,"31061,20089,31061"
49001,2020,7,2,"32033,32033"
47009,2021,5,4,"37113,37087,37113,37087"
21157,2020,8,6,"21039,21055,21033,21055,21039,21033"
06017,2024,8,1,06109
17113,2025,5,1,17123
18035,2021,6,2,"18159,18159"
38005,2024,7,7,"38031,38099,38083,38099,38031,38083,38093"
22105,2023,5,2,"22037,22037"
26035,2023,7,6,"26017,26129,26017,26145,26129,26135"
42125,2024,8,3,"54103,39111,54103"
17157,2025,5,2,"17199,29017"
55111,2020,8,1,55055
37187,2023,4,2,"37091,37091"
35015,2022,9,2,"35041,35041"
17185,2023,7,3,"17033,17033,17033"
47155,2022,4,2,"37099,37099"
21083,2024,2,3,"21139,21139,21143"
16063,2020,7,2,"16083,16083"
46033,2022,4,2,"56009,56009"
08073,2023,7,3,"08043,08011,08043"
13239,2022,6,5,"13037,13037,13307,13053,13307"
22089,2022,5,3,"22007,22093,22093"
49021,2022,10,3,"49027,49027,49041"
25027,2023,6,3,"25025,25025,33013"
01017,2025,6,4,"01087,13149,01087,13149"
51061,2024,4,3,"51683,51685,51630"
47093,2025,5,1,47067
42123,2025,5,4,"39007,42023,39007,42023"
44007,2024,8,1,25025
36013,2023,6,3,"39007,42039,42039"
38035,2021,7,2,"27135,27029"
30065,2023,6,3,"30015,30107,30107"
35045,2022,7,5,"04009,08111,08111,35028,35028"
51023,2021,5,1,51580
22115,2024,7,2,"22039,22039"
42055,2022,5,5,"42043,42087,42043,42087,42043"
42119,2024,6,1,42023
36117,2025,6,2,"36037,36073"
56045,2022,6,1,56007
28001,2020,12,3,"22077,28005,28005"
38025,2021,6,1,38083
13033,2024,9,4,"13175,13283,13125,13301"
51073,2020,6,1,51735
47155,2025,5,2,"37113,47173"
20033,2022,6,3,"40003,40003,40093"
08041,2023,10,2,"08015,08109"
25005,2022,7,1,25019
19077,2023,6,3,"19165,19165,19165"
28067,2020,12,1,28109
48297,2021,5,1,48247
23025,2024,8,1,23023
26073,2021,8,1,26129
08027,2020,7,6,"08119,08003,08025,08003,08053,08105"
16015,2022,8,2,"16025,16087"
29091,2024,12,1,05065
17179,2020,8,2,"17169,17169"
20077,2020,6,1,20033
17077,2023,7,3,"29186,29123,29186"
19107,2024,7,2,"19087,19087"
22073,2020,9,2,"22027,22027"
37051,2022,6,3,"37141,45033,37141"
39035,2022,8,2,"39005,39005"
37183,2022,5,2,"37185,37185"
56009,2021,8,1,08107
47085,2022,5,3,"47017,47039,47039"
16029,2023,8,8,"49005,49033,56039,49005,49033,49033,56039,56041"
51167,2025,1,6,"21195,21195,47067,21095,21133,21195"
29003,2022,7,3,"20013,31147,31147"
13075,2025,4,2,"13173,13173"
18129,2020,6,1,21055
21119,2023,7,1,54059
01089,2021,10,2,"01043,01043"
25021,2021,7,2,"44001,44001"
13079,2021,5,2,"13023,13231"
51167,2020,7,2,"51520,51720"
55121,2023,5,1,55141
51137,2022,8,1,51540
18023,2024,3,4,"18181,18045,18045,18181"
46135,2020,3,3,"31139,31003,31139"
13095,2024,4,4,"13061,13261,13261,13307"
13081,2024,8,5,"13193,13193,13249,13307,13271"
55133,2022,6,1,26127
18089,2023,6,2,"18131,18181"
48013,2024,1,1,48123
48441,2022,5,4,"48433,48433,48081,48081"
24031,2022,5,3,"51610,51600,51610"
27043,2021,12,1,27063
06071,2021,7,4,"04027,06025,06079,06025"
22117,2022,2,5,"28045,28065,28077,28045,28077"
40109,2020,9,1,40103
28039,2022,1,1,28045
32023,2020,8,7,"06051,32019,32031,06051,49021,06051,32019"
48035,2024,3,6,"48281,48093,48093,48281,48333,48145"
55045,2025,4,2,"17085,17085"
29029,2022,6,4,"29051,29135,29151,29135"
54027,2020,6,1,51840
22055,2025,5,2,"22007,22007"
31111,2023,8,1,31091
23005,2025,6,3,"23011,23011,23015"
04019,2021,1,2,"04012,04012"
47139,2023,6,7,"13123,13187,13291,13123,13313,13291,13313"
47149,2024,6,2,"47177,47177"
23005,2020,12,3,"23007,23007,23015"
22041,2024,6,1,28063
27079,2021,7,3,"27165,27019,27019"
48257,2024,6,5,"48349,48161,48349,48379,48379"
40013,2021,1,4,"40029,40029,48119,48119"
56003,2020,5,2,"56017,56017"
05031,2022,2,3,"05037,47097,05037"
18133,2024,3,2,"18045,18045"
19043,2025,4,5,"19105,17085,19097,19105,17085"
05005,2023,8,1,29149
31119,2024,7,4,"31121,31039,31039,31173"
18125,2021,3,2,"18101,18101"
47073,2022,7,2,"51520,51167"
37015,2023,7,1,37177
17187,2020,6,2,"17169,17169"
28001,2022,5,3,"22125,22037,22125"
28137,2025,5,1,05077
40011,2021,9,1,40003
13189,2022,7,3,"13125,13125,13221"
31177,2024,7,3,"31039,31173,31039"
48073,2024,6,10,"48161,48289,48373,48455,48161,48349,48289,48313,48455,48471"
01031,2020,11,1,01085
26131,2025,5,3,"55051,55041,55051"
29005,2023,5,6,"19129,19129,29003,31147,29003,31147"
13249,2023,4,12,"13079,13153,13225,13053,13259,13263,13307,13307,13079,13225,13263,13293"
31075,2022,4,1,31103
13061,2021,4,3,"13259,13259,13259"
54027,2023,7,1,54093
30071,2023,4,3,"30015,30015,30107"
17021,2020,6,3,"17017,17129,17035"
21019,2025,4,6,"21063,21205,21063,21159,21175,21159"
21195,2022,8,1,51720
19181,2025,4,3,"19185,19007,19185"
53011,2024,8,6,"41007,41027,53041,41027,53041,53077"
05103,2022,4,1,22067
05097,2021,9,2,"05133,05133"
48055,2022,6,1,48015
40091,2022,5,2,"40133,40133"
21075,2022,2,1,47053
48417,2024,4,2,"48093,48009"
19011,2022,8,1,19115
29113,2020,4,2,"17083,17083"
16043,2022,9,1,30023
06109,2023,1,2,"32019,06085"
19133,2024,7,2,"31039,31039"
51107,2024,7,3,"51600,51683,51685"
48355,2024,1,4,"48391,48047,48047,48391"
35035,2024,7,2,"35003,48377"
51085,2024,8,1,51630
08089,2024,10,2,"08023,08027"
26103,2024,7,4,"26089,55037,55037,27031"
06067,2023,10,4,"06009,06009,06011,06011"
13209,2024,8,4,"13271,13175,13175,13271"
28031,2020,8,2,"28109,28109"
39067,2022,7,1,54009
48381,2024,6,1,48153
29153,2024,6,3,"05065,05137,05065"
01067,2021,5,1,13259
18137,2025,4,3,"18143,21223,18143"
18169,2022,8,1,18009
37191,2022,6,2,"37141,37141"
39025,2021,7,3,"21097,21201,21097"
49019,2024,9,4,"08107,08029,08029,49009"
22021,2023,3,3,"22107,22107,22123"
27033,2024,7,3,"27091,27173,27091"
22055,2020,9,6,"22039,22047,22039,22077,22047,22077"
32019,2024,9,2,"06109,32015"
51009,2022,5,1,51678
08045,2020,8,4,"08065,08065,49007,49007"
48473,2021,5,1,48287
48337,2022,2,1,40095
17137,2022,6,2,"17013,17013"
18089,2020,5,1,18131
33003,2020,12,1,23007
08055,2024,7,4,"08021,08021,35055,08015"
37101,2025,6,1,37141
48209,2022,6,3,"48149,48177,48177"
55075,2025,5,2,"26019,26089"
29065,2022,2,2,"29073,29073"
19113,2022,11,1,19115
28121,2024,9,1,28063
51053,2022,8,1,51595
48083,2023,9,2,"48133,48133"
24039,2023,7,1,51119
22079,2022,10,2,"22029,22077"
17071,2024,7,2,"19087,19087"
16033,2025,6,3,"30057,30023,30057"
55009,2025,6,7,"26019,26089,26019,26101,26101,26105,55041"
46025,2022,8,1,46079
46059,2023,8,2,"46015,46015"
06015,2024,1,6,"06105,06049,06105,41035,41019,41019"
20139,2024,6,1,20107
55021,2022,11,1,55097
08035,2022,8,4,"08019,08047,08093,08093"
19031,2023,5,3,"17015,19115,19115"
26145,2020,10,1,26011
47081,2021,6,2,"47083,47083"
26133,2024,8,5,"26143,26079,26143,26019,26079"
40143,2024,3,4,"40119,40103,40103,40119"
48395,2025,6,2,"48225,48225"
30041,2023,7,1,30101
46057,2024,7,2,"27073,27173"
13321,2022,5,1,13037
55061,2022,7,2,"26105,26105"
48073,2021,5,3,"48455,48455,48459"
08077,2021,9,6,"08107,08053,08091,08091,08065,08033"
29055,2023,2,1,29123
28021,2022,7,2,"28077,28037"
01101,2022,8,2,"01013,01013"
20173,2023,4,1,40053
48387,2023,3,1,40005
01113,2024,8,2,"13061,13307"
26055,2023,8,9,"26029,55029,55061,26143,26029,55029,26105,55061,26143"
41025,2024,5,12,"32015,06049,32029,41031,41069,41031,41035,41049,41069,06049,41035,16087"
28155,2023,12,3,"28161,28135,28161"
49057,2022,7,2,"56023,56041"
21047,2022,5,3,"47083,47005,47083"
06073,2022,2,3,"04012,04027,04012"
55109,2021,7,2,"27025,27025"
31053,2023,8,4,"19133,31173,31159,31173"
29051,2025,5,1,29073
06043,2020,4,2,"06051,06051"
18027,2022,6,2,"18021,18119"
19161,2020,6,7,"19009,19165,19009,19085,19133,19165,19133"
01133,2024,12,1,01095
29221,2022,6,2,"29073,29073"
51111,2022,5,2,"37185,37185"
40083,2021,7,1,40003
51095,2021,9,1,51735
49035,2022,9,4,"49033,49033,56041,49039"
28011,2021,5,2,"28135,28135"
08015,2022,5,2,"08029,08019"
29161,2024,11,2,"29151,29151"
08017,2025,4,6,"08011,08025,08089,08099,08025,08099"
13025,2021,8,2,"13005,13005"
48187,2024,5,1,48123
48201,2020,6,3,"48321,48481,48481"
55069,2025,6,3,"55041,55041,55051"
06065,2021,1,2,"04027,04027"
46121,2023,7,3,"31091,31015,31089"
32005,2021,11,4,"06027,32001,32029,32029"
39091,2023,3,3,"39101,39175,39101"
17023,2025,4,2,"17159,17159"
51185,2025,2,1,21195
34027,2022,2,4,"34021,36087,34021,42095"
01077,2023,7,3,"28117,47023,47135"
22111,2024,8,2,"05011,05011"
51750,2021,6,1,51021
45085,2022,8,2,"45089,45089"
51185,2020,8,1,51195
01045,2024,4,3,"13061,13239,13061"
05145,2022,11,2,"05111,05123"
40121,2022,8,2,"40069,40069"
48265,2022,5,1,48327
01073,2022,5,1,01107
45031,2022,5,3,"45033,45089,45033"
22077,2025,6,2,"22007,22007"
51019,2021,10,1,51775
29057,2021,12,2,"29185,29185"
29037,2020,8,1,29177
54025,2025,2,1,51580
47099,2023,8,2,"47135,47135"
48085,2024,9,1,48379
35031,2021,12,1,35028
39049,2023,5,5,"39083,39101,39117,39083,39101"
40147,2024,3,1,40103
47161,2024,4,7,"21033,21219,21033,47085,47135,47085,21219"
39017,2024,5,1,18115
21153,2020,5,3,"21159,21159,21063"
21199,2021,7,1,47137
36115,2022,9,1,50023
13113,2021,3,1,13231
51153,2022,5,2,"51600,51610"
40049,2021,4,2,"40029,40033"
04003,2024,9,2,"35003,04027"
31159,2025,4,8,"31035,31129,31169,31081,31121,31169,31035,31081"
39117,2021,5,2,"39077,39077"
20095,2024,9,4,"20097,40003,40003,20097"
46057,2021,6,7,"27081,46079,46005,27073,27081,46005,46079"
39167,2023,7,1,54105
29161,2023,3,1,29221
13199,2025,5,2,"13053,13197"
04005,2020,4,2,"32017,49021"
34041,2024,8,2,"34031,34031"
12131,2025,6,2,"01013,01035"
48325,2024,9,2,"48493,48493"
01095,2022,9,3,"13295,47051,47051"
47123,2023,8,4,"13111,13291,13111,13213"
51061,2021,7,1,51685
31067,2023,8,3,"31159,31147,31159"
39097,2025,5,1,39101
26055,2020,7,2,"26133,26133"
42043,2023,7,1,42093
51093,2025,5,1,51830
21199,2024,8,1,47137
48493,2023,5,1,48175
34019,2024,7,1,34031
06017,2024,12,1,06109
05145,2021,3,2,"05065,05123"
08091,2020,7,2,"08109,08109"
56035,2020,8,5,"56017,56029,16029,49033,56029"
22005,2020,7,1,22077
20157,2022,4,2,"20123,20123"
51173,2020,4,1,51520
48407,2022,9,1,48071
01005,2025,4,5,"13053,13037,13053,13197,13307"
05141,2021,4,2,"05101,05101"
39151,2022,5,2,"39005,39005"
06063,2024,12,1,06093
18069,2020,6,3,"18009,18009,18075"
50027,2021,7,1,50009
13289,2021,10,1,13309
47035,2022,4,1,47087
21101,2020,6,2,"21055,21055"
39127,2025,4,1,39083
37159,2022,8,1,37003
29189,2022,5,2,"29073,17013"
51061,2024,8,3,"51683,51685,51630"
04007,2023,7,3,"49025,49037,49037"
40105,2025,6,2,"20133,20133"
45035,2021,6,1,45011
47003,2023,1,1,47061
29169,2021,12,6,"29073,29151,29051,29135,29151,29073"
51163,2023,6,2,"51045,51045"
51023,2021,9,1,51775
51171,2022,8,1,51660
48121,2025,6,1,48231
16001,2022,6,6,"16037,16025,16037,16083,16087,16083"
40089,2022,11,2,"40005,40005"
35013,2020,8,2,"35017,35017"
48385,2025,5,2,"48163,48507"
51073,2020,10,1,51735
55089,2020,6,1,55055
13145,2022,6,3,"13053,13053,13149"
05099,2021,4,1,22027
47035,2025,5,2,"47137,47159"
08014,2024,5,3,"08047,08019,08047"
55003,2022,9,1,55119
29189,2025,6,1,29073
17035,2025,4,1,17159
21147,2020,2,2,"21207,21207"
18111,2023,2,3,"18181,18131,18181"
12065,2021,1,1,12037
55007,2021,8,2,"27017,27115"
30081,2023,7,6,"16003,16035,16061,16069,16035,30061"
19009,2022,5,5,"19025,19073,19093,19193,19073"
20201,2024,5,2,"20123,31097"
01093,2024,7,1,28117
48259,2021,8,1,48013
47077,2023,9,3,"47135,47033,47075"
21059,2020,8,2,"21027,21027"
20015,2022,6,1,40053
51145,2024,8,2,"51570,51670"
29093,2024,11,6,"29073,29017,29157,29157,29017,29207"
51510,2022,5,3,"51610,51600,51610"
17163,2023,3,3,"17051,29186,29186"
26011,2024,7,4,"26143,26001,26001,26143"
17161,2024,7,4,"19031,19087,19031,19031"
18031,2022,3,1,18065
28033,2020,4,1,28009
55117,2025,5,2,"26101,26101"
48481,2025,6,4,"48285,48057,48285,48057"
29115,2020,5,7,"29103,29033,29129,29033,29103,29205,29129"
17011,2023,5,1,17015
29131,2025,6,2,"29073,29073"
04015,2025,6,1,32033
54059,2022,1,1,51167
17191,2021,5,4,"17079,17165,17027,17079"
48013,2024,5,1,48123
40023,2021,5,1,40029
16077,2025,5,1,32007
30013,2023,5,2,"30107,30107"
01111,2024,8,2,"13143,13143"
12071,2022,6,1,12027
48493,2020,4,1,48285
27097,2021,9,10,"27141,27159,27141,27041,27067,27093,27141,27171,27041,27159"
18103,2022,8,1,18009
54043,2025,6,3,"21159,21195,21159"
47001,2024,7,1,47137
54073,2023,6,2,"54105,54105"
21133,2023,7,2,"54059,51720"
21205,2023,7,3,"21161,21201,21161"
35061,2020,6,1,35031
54037,2020,6,1,51840
29047,2021,5,2,"29107,29107"
31141,2023,9,6,"31003,31159,31003,31139,31159,31139"
13137,2024,1,3,"13195,13013,13117"
18031,2025,4,1,18143
30031,2024,4,1,30023
40013,2021,5,2,"40029,40029"
17099,2021,8,2,"17175,17175"
49045,2020,7,9,"16083,32017,49005,49029,49029,49007,49005,49029,49033"
18125,2021,7,2,"18055,18055"
17019,2023,5,1,17023
17145,2023,3,1,29186
13197,2024,3,7,"13193,13239,13193,13293,13193,13225,13293"
47157,2023,9,7,"05111,05123,28143,05111,28143,47075,47075"
13015,2021,7,2,"13143,13143"
42105,2023,4,1,42093
13059,2023,5,7,"13011,13011,13133,13211,13133,13265,13317"
29061,2023,6,2,"29003,29003"
26153,2023,7,7,"26031,26047,55029,55029,26031,26047,26141"
38057,2023,5,1,38083
41049,2023,8,9,"53013,53071,53021,53025,53071,53077,41027,53059,53077"
46102,2022,4,2,"31091,31103"
31143,2020,8,4,"31109,31011,31167,31109"
29099,2023,6,1,29123
45029,2024,6,3,"45011,45011,45011"
20009,2024,8,1,20141
39037,2024,5,2,"39021,39021"
36009,2024,6,1,42023
45063,2024,4,2,"45011,45011"
20077,2022,3,1,40093
19197,2020,5,2,"19067,19067"
13215,2021,8,3,"13259,13259,13269"
06043,2023,9,3,"06009,06003,06009"
48329,2024,4,1,48475
45059,2025,6,1,45023
39035,2024,5,6,"39007,39007,39169,39151,39151,39169"
33015,2024,1,1,25025
13199,2022,2,3,"13149,13053,13149"
18135,2022,7,2,"18009,18009"
06115,2020,5,8,"06011,06021,32031,32005,32031,32031,06011,06113"
46101,2024,7,1,27173
05013,2025,6,6,"05003,05053,05019,05053,05019,05003"
06029,2023,3,3,"06053,04012,06053"
12001,2025,6,1,12067
51115,2022,7,2,"51735,51735"
37137,2023,6,1,37177
46123,2024,8,1,31171
48321,2023,10,4,"48007,48391,48089,48089"
54101,2024,5,1,54093
13105,2021,5,1,13301
54087,2020,8,1,54021
39077,2024,3,7,"39103,39169,39123,39103,39123,39173,39173"
28031,2020,12,2,"28109,28109"
13177,2022,4,3,"13249,13307,13307"
53003,2022,6,3,"16009,53001,53021"
42099,2025,4,1,42093
20005,2023,6,6,"31147,29003,31147,20209,29003,20209"
21191,2025,6,4,"21201,21017,21181,21201"
13043,2023,3,6,"13163,13167,13175,13283,13209,13283"
29147,2025,6,5,"20043,29063,29061,29063,20043"
48481,2022,5,4,"48149,48149,48057,48057"
04021,2024,1,1,04023
17053,2024,6,2,"18111,18111"
16017,2022,6,5,"16009,16009,30061,30061,16009"
18055,2023,6,2,"17033,17033"
18057,2021,12,3,"18065,18065,18109"
48423,2021,5,2,"48379,48379"
48013,2021,4,2,"48507,48507"
29029,2024,3,2,"29083,29053"
46051,2025,5,2,"27155,27155"
17045,2022,5,3,"18171,18171,18021"
29045,2024,7,2,"19087,19087"
19153,2023,4,2,"19079,19079"
46039,2022,7,9,"27083,27117,46101,27083,27117,46077,46079,46101,46077"
48063,2024,4,1,48379
51035,2025,5,2,"37005,37005"
13265,2020,5,1,13059
48459,2025,6,1,48379
28025,2021,8,4,"28013,01107,28057,28013"
28145,2024,8,2,"47069,47069"
37163,2020,9,1,37079
39111,2024,4,2,"54073,54073"
05033,2021,4,1,05101
13305,2020,8,2,"13161,13043"
20067,2024,4,1,20083
49053,2021,9,1,04012
55131,2022,8,3,"26127,26105,26127"
01033,2023,7,1,28117
47081,2021,10,3,"47083,47083,47039"
55119,2023,7,10,"55005,55035,55035,55141,55097,55135,55141,55051,55125,55005"
48291,2024,2,4,"48473,48473,48455,48455"
24047,2023,7,1,51119
48479,2024,11,6,"48163,48507,48047,48047,48163,48507"
32001,2025,5,6,"32007,32013,32033,32013,32013,41037"
20147,2022,9,2,"31099,31099"
10005,2025,5,3,"24029,24035,24035"
21187,2025,4,7,"21223,21239,21097,21223,21017,21097,21239"
01123,2023,6,3,"13145,13145,13045"
17069,2020,7,2,"21143,21143"
22067,2025,6,4,"05011,05041,05011,22041"
19159,2025,6,5,"19117,19185,19117,19185,29061"
29061,2020,5,5,"29033,29177,29129,29129,29033"
08013,2021,5,4,"08019,08019,08107,08019"
35057,2024,8,4,"35006,35003,35006,35006"
51105,2022,8,1,51720
55083,2021,7,1,26089
46127,2025,6,5,"19047,31173,31173,31173,31179"
20173,2023,8,1,40053
20071,2020,7,1,08025
22057,2023,4,1,22075
48405,2022,1,3,"48373,48457,48457"
08115,2024,7,1,31085
31167,2021,6,1,31051
45029,2021,5,3,"45011,45011,45011"
16057,2024,9,3,"53013,53021,53023"
51149,2023,6,2,"51095,51095"
29093,2021,8,1,29073
06073,2022,6,3,"04012,04027,04012"
28111,2022,8,1,28073
45063,2021,3,2,"45011,45011"
16019,2022,7,3,"49033,56041,30031"
39125,2024,5,3,"39003,39173,39003"
39101,2021,4,4,"39077,39083,39083,39021"
48029,2021,4,1,48507
37013,2023,5,2,"37177,37177"
30061,2021,6,6,"16049,16061,16009,16017,16049,16017"
30049,2020,6,5,"30089,30023,30093,30023,30039"
29011,2022,4,2,"29185,29185"
35001,2022,5,2,"35028,35028"
40083,2021,11,1,40003
28031,2022,5,4,"28077,28091,28091,28077"
37083,2023,4,2,"37091,37091"
31069,2025,5,2,"08115,08115"
42117,2023,2,1,42093
06013,2024,4,3,"06005,06005,06009"
48083,2022,5,5,"48093,48333,48327,48327,48081"
08083,2022,3,1,04009
29127,2025,4,2,"17009,17009"
18083,2024,7,4,"17047,18129,18173,18173"
48201,2020,10,2,"48407,48407"
39091,2023,7,1,39161
35057,2021,5,1,35028
46059,2022,4,3,"46077,46015,46015"
22055,2022,6,4,"22007,22047,22007,22047"
21133,2020,4,2,"21159,51720"
27049,2024,8,1,27079
30061,2024,7,2,"30039,30053"
55033,2021,7,4,"27163,27025,27163,27163"
17137,2024,3,3,"17013,17013,29173"
06037,2023,8,1,06079
01085,2021,10,2,"01039,01039"
06103,2025,2,2,"06093,06093"
19013,2020,5,2,"19067,19067"
01019,2024,5,2,"13143,13143"
08077,2020,5,4,"08053,08109,08065,49007"
31145,2024,6,4,"31073,31085,31073,31085"
37199,2024,5,2,"37011,37011"
06111,2023,8,2,"06079,06079"
47157,2020,6,2,"28009,28009"
47171,2024,5,2,"37011,37011"
30063,2021,5,15,"16061,16069,16079,16003,16061,16069,41063,30073,30023,16079,30023,30043,30023,16017,16079"
53023,2021,6,9,"16003,16049,41001,53021,16009,53001,53021,53043,53063"
31135,2025,6,1,31047
12093,2021,4,1,12027
47063,2025,5,3,"47067,47173,47067"
01083,2022,4,3,"28141,47051,47051"
27129,2021,7,11,"27033,27165,27073,27019,27033,27083,27101,27019,27073,27081,27083"
48465,2020,4,1,48507
51165,2021,5,2,"51540,51820"
26051,2020,4,2,"26133,26133"
21197,2024,8,3,"21017,21017,21181"
06085,2024,2,3,"06039,06009,06109"
48185,2020,8,2,"48407,48407"
30045,2024,8,2,"30037,30037"
21023,2025,4,5,"21017,21181,21069,21069,21181"
06021,2023,3,3,"06055,06097,06097"
28071,2020,3,2,"28009,28009"
33011,2023,9,2,"25025,25025"
28047,2021,9,1,28091
40143,2021,6,3,"40103,40103,40035"
06027,2023,2,5,"06053,06069,06079,32019,04012"
46057,2021,10,10,"27081,27117,46079,46101,46005,27073,27081,27173,46005,46079"
18121,2025,4,1,18023
26141,2022,5,9,"26001,26135,26029,26095,26029,26095,26153,26039,26135"
27059,2023,8,3,"27009,27009,27145"
51107,2021,8,1,51685
04005,2020,8,2,"32017,49021"
19147,2024,7,3,"19093,27091,27091"
04017,2021,6,1,08033
45011,2025,4,1,13163
40079,2023,3,1,40005
42081,2025,6,2,"42023,42023"
28077,2021,3,3,"28005,28113,28113"
47105,2025,5,1,47173
38021,2023,4,2,"38003,38003"
27019,2024,8,2,"27079,27079"
19069,2023,7,4,"19189,19195,19189,19195"
51173,2025,2,1,37005
21049,2021,7,1,21097
21093,2021,6,1,21091
37049,2020,9,5,"37095,37095,37079,37095,37079"
18027,2024,3,1,17033
40071,2024,9,2,"40003,40003"
08101,2021,8,2,"08039,08039"
51173,2020,8,2,"51195,51520"
45003,2025,2,2,"13163,13163"
20183,2021,12,2,"20123,20123"
29147,2022,3,1,31147
51183,2022,7,1,51595
48201,2022,3,7,"48321,48015,48373,48185,48471,48015,48185"
31051,2025,4,1,31167
48381,2023,2,3,"35009,35037,35037"
20027,2020,8,1,31067
47107,2023,1,3,"13213,13313,13213"
51195,2023,7,1,54059
31051,2020,10,1,31107
39031,2024,4,3,"39151,39169,39151"
08053,2024,8,7,"08021,08015,08029,08033,08003,08015,08033"
01075,2024,3,1,28017
42001,2024,6,1,42057
20045,2023,7,4,"20209,29037,20209,29037"
21093,2024,7,4,"21183,21061,21183,21061"
22039,2021,9,1,22125
05049,2024,8,2,"05137,05137"
51027,2023,2,1,51021
16067,2023,5,3,"49003,16047,16047"
35029,2024,7,2,"35003,35003"
12107,2024,10,4,"12041,12075,12075,12119"
08101,2024,9,7,"08109,08015,08109,08003,08023,08109,08023"
13169,2024,7,2,"13175,13175"
22063,2023,9,2,"28005,28005"
28061,2023,12,2,"28111,28111"
19063,2024,6,3,"19151,19151,19151"
40003,2020,8,2,"20033,20033"
20161,2020,5,4,"31067,31133,31067,31095"
40075,2023,8,1,40129
26089,2023,8,8,"55061,26031,26047,26097,26097,55061,55075,55083"
51710,2020,8,2,"51735,51735"
21065,2022,8,2,"21189,21189"
37027,2020,4,1,37121
48497,2024,3,2,"48009,40067"
48085,2021,12,1,40095
29063,2020,5,7,"20043,20043,29033,29117,29177,29177,29117"
19047,2024,7,3,"31173,19151,31173"
54047,2023,2,3,"51021,51021,54089"
23013,2024,6,1,23023
21239,2024,7,1,21097
26059,2024,9,2,"39095,39095"
06001,2023,3,6,"06041,06097,06041,06087,06069,06087"
06095,2024,2,1,06005
48029,2024,11,3,"48163,48163,48507"
48021,2025,5,2,"48285,48051"
18121,2022,3,3,"18157,18157,18109"
01095,2024,6,1,13295
29141,2023,9,4,"29083,29089,29083,29101"
01091,2022,4,2,"01107,01107"
45051,2022,1,4,"37141,37141,45089,45089"
41017,2023,5,11,"41069,41069,06049,41019,41029,06049,41003,41019,41041,41003,41053"
41051,2023,10,12,"41065,41007,41057,53015,53069,41065,41007,41057,53015,53015,53041,53077"
31153,2023,6,2,"19145,19165"
31111,2022,7,1,31091
18101,2024,7,3,"18125,18125,18173"
56035,2022,5,9,"56007,56017,56043,49033,56041,08081,56007,56041,30031"
42007,2023,7,1,39151
12071,2022,10,4,"12027,12055,12115,12055"
39113,2024,6,2,"39021,39021"
42027,2025,6,2,"42023,42023"
13001,2021,7,6,"13209,13309,13107,13107,13209,13283"
06019,2024,11,4,"06079,06109,06109,06079"
29223,2021,3,2,"29069,29069"
20003,2025,6,3,"20133,20133,20133"
01005,2022,7,4,"13053,13037,13053,13307"
04019,2021,9,3,"04012,04012,06025"
26049,2022,8,1,26037
48371,2024,7,4,"48377,48109,48377,48109"
13137,2024,5,3,"13195,13013,13117"
26057,2020,8,5,"26065,26035,26133,26035,26065"
27139,2023,10,3,"27013,27161,27161"
13029,2023,8,1,13107
31015,2022,8,5,"46009,46135,46009,46015,46067"
49045,2025,5,3,"32013,32015,49043"
30031,2024,8,1,30023
48005,2025,5,2,"48407,48407"
17075,2023,6,1,18181
37017,2022,1,2,"45033,45033"
06059,2021,1,2,"04012,04012"
51045,2025,5,1,51580
21007,2025,1,7,"29201,17087,17127,17127,21139,29143,29201"
17143,2020,6,1,17169
08071,2021,8,1,08021
13275,2024,5,2,"13087,13087"
47161,2021,5,2,"21143,47183"
12069,2024,2,5,"12017,12055,12049,12055,12017"
20103,2020,8,1,20043
19089,2023,5,2,"19195,19195"
22025,2020,4,2,"22077,22077"
38057,2023,9,1,38083
46102,2022,8,2,"31091,31103"
48405,2025,6,2,"48225,48455"
48025,2022,4,4,"48013,48177,48013,48057"
27021,2020,7,2,"27071,27071"
47179,2023,5,1,51520
55087,2020,6,1,55078
36009,2024,10,5,"42049,36063,42023,42039,42049"
48039,2025,5,3,"48071,48071,48057"
13215,2021,12,2,"13259,13259"
23003,2021,4,1,23007
47059,2020,8,3,"37199,37121,37199"
13143,2025,6,1,13149
01081,2024,2,2,"13053,13053"
12029,2024,4,1,12017
19143,2024,7,2,"19151,27091"
01119,2025,2,3,"28023,28023,28061"
18175,2020,4,1,21223
20015,2024,3,1,40053
53015,2021,11,6,"53027,53053,53067,53077,41027,53077"
40037,2024,3,4,"40083,40103,40083,40103"
13177,2022,8,4,"13037,13307,13037,13307"
19127,2023,4,2,"19079,19079"
34001,2022,7,1,34021
12111,2022,1,2,"12043,12043"
40071,2021,6,2,"40003,40003"
51109,2021,6,1,51540
48021,2022,4,3,"48177,48015,48177"
29035,2021,4,1,29069
16079,2022,3,1,16021
13043,2023,7,6,"13163,13167,13175,13283,13209,13283"
16025,2023,8,2,"16053,16053"
42049,2024,5,1,39085
40153,2020,7,2,"20033,20033"
27159,2024,8,4,"27029,27029,27041,27041"
04015,2022,9,3,"04027,06025,49001"
05057,2025,6,4,"05113,05019,05019,05113"
18009,2022,3,2,"18065,18159"
12099,2023,5,2,"12055,12055"
27071,2021,7,3,"27029,27135,27135"
48057,2020,4,4,"48285,48481,48481,48285"
13263,2021,12,3,"13259,13259,13307"
16077,2022,8,3,"16025,16037,16053"
30013,2020,8,2,"30043,30077"
53019,2023,9,5,"53025,53007,53017,53025,53057"
12103,2025,5,3,"12049,12105,12105"
21225,2024,2,6,"17151,21139,21033,21139,21143,21033"
53065,2020,6,4,"53047,53047,16021,16009"
35039,2021,7,5,"08053,08079,08105,08003,08105"
17031,2024,3,2,"18111,18149"
30033,2022,5,3,"30027,30005,30027"
17045,2022,9,2,"17147,17147"
16049,2022,5,14,"16045,16087,30061,16037,30001,16037,16045,30039,30061,30077,30001,30023,30039,53023"
48465,2023,9,1,48323
39021,2023,2,1,39101
06105,2025,1,1,41033
13305,2020,12,3,"13161,13279,13279"
55029,2024,6,2,"26029,55037"
21035,2024,3,2,"21139,21033"
06105,2020,7,9,"06015,06021,06033,06049,06015,06049,41029,41033,06021"
39081,2025,6,3,"39151,39099,39151"
40153,2023,8,4,"40129,40129,40003,40003"
22039,2020,1,2,"22077,22077"
04021,2022,12,4,"04012,04027,04023,04027"
45065,2023,7,3,"13195,13317,13317"
37147,2025,5,2,"37187,37187"
54045,2025,3,2,"21159,21195"
12131,2022,12,2,"01013,01035"
45061,2024,5,1,45033
48087,2023,2,4,"40129,48211,40129,48211"
49025,2022,7,1,04012
49003,2020,7,11,"16067,16083,16041,16083,32033,16041,49033,49029,32033,49029,49033"
04001,2025,6,2,"08085,49019"
22033,2020,6,3,"22093,22077,22077"
21003,2022,7,3,"47027,47027,47087"
38077,2021,8,1,27149
26053,2020,8,1,26083
42045,2022,5,1,42077
49013,2021,7,2,"49039,49039"
29183,2021,6,3,"17027,29073,29073"
54017,2023,7,1,54105
12013,2024,8,1,13087
16013,2021,7,8,"16047,16053,16015,16015,16047,16047,16053,16053"
45041,2022,6,2,"45043,45043"
17167,2021,4,1,17083
41061,2022,7,6,"16087,41013,41049,41049,53005,53023"
54085,2024,8,3,"54103,39111,54103"
45063,2021,7,4,"45011,45059,45087,45011"
39125,2024,9,2,"39063,39173"
27047,2024,9,2,"27091,27079"
27085,2022,9,2,"27103,27103"
53015,2023,4,12,"41007,41057,53027,53049,53053,53067,53077,41027,53039,53077,41007,53049"
18035,2025,5,1,18103
48239,2023,5,4,"48007,48391,48175,48391"
37083,2023,8,2,"37091,37091"
55025,2023,4,3,"55047,55077,55047"
13139,2024,8,4,"13219,13281,13219,13281"
08083,2022,7,1,04009
25021,2020,7,2,"44001,44001"
06065,2021,9,2,"04027,04027"
27027,2023,7,5,"27159,27041,27153,27159,38003"
54013,2024,5,1,54073
01045,2024,12,3,"13061,13259,13061"
38065,2021,7,2,"38083,38083"
40081,2023,9,2,"40103,40103"
06037,2023,12,1,06079
31175,2020,8,3,"31011,31003,31011"
56041,2024,8,2,"49009,49009"
39059,2024,7,2,"39083,39151"
10003,2024,4,1,34001
12099,2020,4,2,"12055,12055"
20133,2024,8,2,"20107,20107"
47171,2024,9,2,"37011,37011"
06111,2023,12,3,"06079,06059,06079"
13031,2020,6,1,13283
46051,2022,8,3,"27155,27081,27155"
18011,2022,8,4,"18157,18109,18109,18157"
51530,2022,6,1,51678
31089,2021,8,2,"46009,46135"
26081,2023,4,1,26105
54029,2023,7,1,39151
27145,2021,6,5,"27149,27023,27149,27159,27019"
24011,2023,7,1,34011
35043,2021,7,3,"08007,08021,08007"
20019,2022,8,2,"40105,40105"
08067,2024,5,3,"08021,08109,35031"
18163,2021,2,1,21233
28109,2023,5,8,"28113,28031,28111,28031,28065,28065,28077,28111"
30097,2022,7,9,"30027,30007,30013,30031,30045,30049,30031,30027,30045"
29197,2025,6,4,"19117,19185,19101,19185"
51165,2021,9,1,51540
06057,2023,1,4,"06049,32019,32029,41037"
26051,2020,8,2,"26133,26133"
13081,2025,6,8,"13193,13235,13193,13197,13307,13091,13235,13271"
31043,2024,7,2,"19093,31039"
51001,2020,2,1,51735
27087,2023,9,1,27159
18079,2020,1,1,21223
21035,2021,2,5,"21039,47183,21143,21143,47183"
37097,2021,5,2,"37179,37179"
05139,2023,4,1,22123
37047,2021,9,1,45043
01027,2023,6,2,"13045,13045"
17121,2021,8,1,17079
55061,2024,8,2,"26089,26089"
47011,2023,8,8,"13111,13123,13129,13047,13129,13047,13083,13111"
48291,2021,5,2,"48455,48455"
51810,2022,3,5,"51735,51740,51735,51740,51740"
28021,2024,8,2,"28077,28037"
27095,2021,5,6,"27115,27025,27115,27025,27115,27153"
26071,2023,4,8,"55075,55051,55075,55075,55083,55085,55051,55085"
29139,2024,6,5,"29173,29175,17013,17013,29173"
32021,2025,2,4,"06109,32015,32015,32033"
40079,2023,7,1,40005
22057,2020,7,1,22047
39031,2021,7,1,39115
21097,2023,4,2,"21069,21069"
37013,2025,2,1,37143
08043,2022,8,3,"08065,08019,08065"
33007,2020,6,1,50017
26057,2022,4,1,26133
53051,2020,3,4,"16079,30089,16009,53019"
01069,2025,5,3,"13061,13037,13061"
27155,2021,7,3,"27073,27041,27041"
13211,2022,6,8,"13221,13247,13013,13059,13157,13221,13013,13247"
48109,2020,8,2,"48141,48141"
16015,2023,4,4,"16047,16003,16075,16003"
08101,2021,12,1,08093
45003,2025,6,2,"13163,13163"
06071,2025,6,1,06031
48313,2025,5,5,"48051,48455,48051,48407,48455"
41053,2021,12,1,41065
08089,2023,10,2,"08023,08043"
26103,2023,7,8,"55029,55037,55075,55037,55041,55125,55029,55075"
55005,2021,5,5,"27025,27115,27025,27163,27163"
48201,2022,7,1,48321
06039,2022,12,5,"06053,06069,06069,06085,32019"
40089,2021,10,1,48449
20169,2024,5,3,"20123,20141,20123"
38051,2023,7,1,38003
47107,2023,5,3,"13213,13313,13213"
26163,2025,4,1,39095
39091,2025,4,3,"39063,39101,39101"
18153,2023,6,1,17035
39031,2024,8,9,"39067,39005,39151,39169,39005,39117,39019,39067,39151"
29163,2024,6,1,29175
51730,2024,7,2,"51670,51670"
19025,2021,12,7,"19035,19041,19093,19141,19041,19035,19093"
32003,2023,8,2,"49025,49021"
28157,2022,4,4,"22121,22121,28063,28063"
51121,2021,6,2,"51021,51021"
29057,2022,4,2,"29185,29185"
13261,2021,8,6,"13269,13053,13259,13269,13269,13259"
31131,2022,10,4,"19145,19145,31023,31147"
12031,2024,7,1,13065
16023,2022,7,3,"16025,30001,30001"
17033,2020,8,2,"17035,17035"
30009,2024,6,2,"30037,30037"
21113,2020,1,2,"21005,21005"
18007,2023,8,2,"18131,18131"
26019,2021,6,2,"26113,26113"
17203,2022,9,1,17147
51710,2020,12,2,"51735,51735"
46109,2023,6,1,27151
26067,2023,6,4,"26155,26111,26145,26155"
40073,2023,5,7,"40043,40003,40053,40103,40103,40003,40043"
30039,2021,7,5,"30043,16049,30089,30043,16049"
20133,2021,7,1,40035
51119,2022,7,1,51735
40109,2021,5,1,40103
17195,2023,7,3,"17175,17175,19115"
13009,2024,8,5,"13125,13301,13125,13163,13175"
40113,2024,5,4,"40053,40083,40119,40119"
47047,2025,5,3,"28139,28003,28139"
18129,2024,3,5,"17069,21233,17069,21055,21233"
56029,2025,4,1,30057
51063,2022,5,1,51775
13073,2022,3,3,"13317,13301,13317"
39159,2024,6,1,39003
45075,2020,5,2,"45089,45089"
47125,2023,5,1,47079
06077,2021,10,4,"06075,06085,06075,06085"
41059,2022,5,8,"41013,41021,53023,53021,53077,53021,53023,53021"
13095,2023,7,3,"13261,13261,13307"
31031,2021,6,3,"31117,31015,31117"
26069,2022,4,5,"26007,26039,26007,26039,26119"
13311,2022,8,4,"13011,13011,13013,13157"
54005,2023,7,3,"54059,54059,54059"
39069,2025,6,5,"39147,39123,39123,39143,39147"
51079,2022,6,2,"51540,51660"
31017,2023,4,3,"31091,31015,31015"
42133,2024,6,2,"42055,42055"
45051,2022,5,4,"37141,37141,45089,45089"
45045,2021,6,2,"37087,37087"
44001,2022,6,2,"25001,25007"
48221,2022,4,2,"48093,48217"
53009,2021,1,5,"53029,53035,53029,53057,53073"
54075,2023,7,1,54093
29177,2023,8,5,"20209,20209,29037,29101,29101"
49057,2021,7,4,"16007,16041,16007,16041"
55013,2024,9,2,"27065,27065"
21047,2021,5,2,"21143,21143"
23031,2020,6,1,23023
18141,2020,8,2,"18131,18131"
17023,2021,3,2,"18165,18165"
55113,2020,5,3,"27075,27075,27075"
39119,2024,7,2,"39083,39083"
51191,2020,7,2,"51195,51195"
18015,2024,5,1,18045
47149,2023,9,1,47061
08101,2023,5,10,"08109,08015,08093,08109,08003,08023,08109,08011,08023,08011"
51173,2022,5,1,51520
22063,2022,5,9,"22007,22047,22093,22037,22047,22121,22037,22057,22093"
47185,2023,4,1,47061
20151,2024,7,1,40003
17133,2023,2,1,29221
13077,2021,1,2,"13263,13171"
20027,2022,5,3,"20089,20123,20123"
44007,2020,10,1,25007
40089,2023,3,2,"40005,40005"
13065,2020,6,1,13005
28137,2024,8,1,05077
28115,2022,7,3,"28137,28057,28139"
48073,2023,9,2,"48455,48455"
48499,2021,10,2,"48449,48449"
05001,2024,4,2,"05123,28027"
19025,2023,5,7,"19035,19093,19141,19165,19035,19093,19079"
12083,2022,7,1,12029
37017,2022,5,2,"45033,45033"
36045,2023,7,1,36033
18153,2020,5,3,"17035,17079,17079"
01059,2024,4,3,"28117,28117,47071"
05097,2025,6,3,"05039,05039,05053"
47053,2025,5,1,47069
41009,2022,1,6,"41027,53059,41071,41071,53059,53059"
08065,2023,8,7,"08043,08051,08109,08019,08043,08051,08019"
13275,2024,9,2,"13087,13087"
19057,2025,4,3,"19101,19183,19183"
22063,2025,6,4,"22007,22093,22093,28113"
19099,2022,11,1,19079
45063,2023,3,1,45009
13145,2024,7,2,"13053,13053"
22025,2020,8,2,"22077,22077"
32011,2022,7,4,"16083,32001,32027,32001"
19117,2021,12,1,29197
47179,2023,9,1,51520
48037,2021,5,1,48459
28029,2020,12,3,"28147,28005,28147"
35035,2023,10,1,35057
16073,2020,4,11,"16045,16045,16075,16025,32033,32027,32031,41025,16075,16087,41025"
51125,2025,5,2,"51530,51678"
45007,2023,8,3,"13195,13317,13195"
30087,2020,5,2,"56033,56033"
31077,2023,8,3,"31003,31003,31089"
18041,2020,7,2,"18135,18135"
12029,2024,8,1,12017
54109,2020,8,1,21159
27171,2021,4,6,"27067,27009,27009,27041,27067,27153"
45001,2025,6,1,13221
22111,2025,6,4,"05011,05017,05011,05017"
01119,2025,6,5,"28023,01065,01065,28023,28061"
20015,2024,7,1,40053
17129,2025,6,1,17009
48293,2020,4,2,"48313,48313"
12057,2024,7,5,"12027,12055,12027,12115,12055"
47127,2023,7,2,"47061,47061"
12117,2024,8,1,12119
21219,2020,6,1,21221
21175,2020,7,2,"21159,21159"
17125,2021,10,1,17039
51041,2023,7,3,"51095,51183,51183"
47073,2020,2,1,51520
17053,2023,5,2,"17147,17147"
29141,2025,6,1,29151
18025,2020,7,2,"21027,21027"
55067,2023,6,11,"55037,55075,55125,55097,55135,55141,55029,55075,55125,55097,55135"
06071,2022,3,5,"04027,06025,06031,06079,06025"
42019,2025,6,4,"39099,39099,42039,42039"
30111,2020,7,2,"56033,56029"
18167,2022,4,3,"17079,18119,18171"
21105,2023,4,5,"47095,47079,47045,47095,47079"
12063,2021,2,1,12037
46071,2022,4,1,31103
21161,2024,8,4,"21097,21181,21097,21181"
08097,2024,8,4,"08109,08029,08109,08029"
30063,2023,5,11,"16057,16061,16069,16079,16003,16061,16069,41063,16079,16017,16079"
31111,2024,4,7,"31071,31115,31073,31073,31171,31091,31171"
46029,2023,7,6,"46005,27081,27173,46011,27011,46011"
37151,2021,3,1,37007
16007,2022,7,3,"49029,56041,56041"
21139,2021,3,4,"17165,17165,21233,21039"
49011,2022,7,2,"49033,49033"
19193,2020,5,7,"19009,19085,19165,19085,31021,31021,31039"
12099,2023,9,2,"12055,12055"
18159,2025,6,2,"18103,18103"
39119,2021,6,2,"39083,39083"
48385,2021,4,1,48507
51059,2023,9,1,51685
19151,2023,6,12,"19035,19093,19141,19035,19059,19141,19143,19189,19059,19035,19093,19079"
47181,2022,4,6,"28141,47005,47017,28141,47109,47005"
53061,2021,1,8,"53037,53055,53037,53053,53077,53053,53055,53073"
29095,2020,5,2,"29033,29033"
20151,2021,6,1,40003
42109,2023,7,1,42093
13189,2023,3,9,"13107,13125,13167,13303,13125,13141,13265,13221,13265"
45023,2021,3,1,37179
26111,2021,7,2,"26113,26129"
30111,2023,8,1,30107
48181,2025,6,2,"48231,48231"
39107,2020,8,3,"18009,18135,18135"
12009,2025,5,4,"12093,12105,12093,12105"
21195,2023,4,1,51720
05053,2023,7,1,05011
47161,2023,2,1,47039
22039,2020,5,2,"22077,22077"
48121,2024,6,2,"40013,40095"
05097,2022,5,1,05081
16001,2021,6,6,"16075,16025,16047,16003,16075,32013"
06091,2024,7,1,32029
13009,2021,5,3,"13301,13021,13023"
40091,2023,1,1,40005
22033,2025,4,5,"22007,22093,22095,22007,22095"
01079,2022,5,4,"28141,28057,28141,28141"
32031,2021,7,3,"41035,41023,41035"
19047,2021,8,6,"19021,19035,19021,19035,19035,31043"
51043,2020,6,1,51840
48311,2021,5,2,"48247,48247"
36111,2024,8,1,34031
46102,2024,5,4,"31017,31091,31103,31171"
13283,2022,5,2,"13319,13319"
17065,2023,1,1,17159
30105,2023,7,2,"30091,30091"
13037,2024,1,5,"13239,13239,13307,13261,13307"
26111,2024,8,2,"26143,26143"
28003,2023,8,4,"47023,47075,47023,47023"
37035,2025,6,2,"37011,37011"
56037,2025,6,2,"08107,08107"
13239,2023,8,3,"13307,13053,13307"
39001,2024,5,3,"21023,21201,21023"
25027,2024,8,2,"25025,25025"
39019,2023,8,1,39169
39037,2021,12,2,"18065,18065"
51061,2025,6,2,"51685,51630"
05117,2023,2,4,"05107,05107,05123,05123"
28005,2023,4,6,"22121,28001,28063,28063,28077,28001"
55139,2023,4,5,"55071,55077,55097,55077,55097"
27123,2021,9,6,"27025,27141,27019,27141,27171,27025"
19111,2021,12,2,"19183,29103"
42051,2023,6,1,54093
29021,2023,4,2,"31147,20209"
01081,2021,5,3,"13053,13259,13053"
22079,2020,5,1,22077
47087,2024,9,2,"47137,47137"
24009,2025,5,3,"24029,24035,24035"
48339,2021,4,2,"48455,48455"
28073,2022,2,3,"28077,28077,28045"
48503,2021,9,1,48143
13139,2024,12,4,"13219,13281,13219,13281"
29183,2024,11,2,"29073,29073"
21001,2021,12,1,47027
48053,2023,4,1,48193
48023,2023,10,4,"48077,48237,48077,48237"
28161,2021,4,1,28027
40025,2023,8,2,"35007,35037"
18067,2022,3,2,"18157,18157"
27131,2021,9,2,"27163,27019"
18093,2022,4,4,"18021,18119,18109,18119"
30081,2024,5,2,"16035,16035"
05133,2025,4,2,"05109,05109"
48119,2025,6,2,"48379,48379"
21089,2025,6,4,"21063,21205,21069,21205"
19081,2023,4,2,"19079,19079"
29027,2024,6,5,"29173,29175,29053,29089,29175"
12099,2020,8,2,"12055,12055"
48133,2023,3,2,"48193,48193"
41063,2024,4,9,"16087,16035,16035,16087,41049,53005,53071,53021,53071"
29029,2021,10,2,"29051,29151"
46039,2024,8,1,27127
42085,2024,7,3,"39151,39007,39007"
13265,2022,6,6,"13219,13125,13059,13195,13219,13125"
48215,2020,5,2,"48247,48247"
56025,2020,7,5,"56017,56029,56033,56017,56029"
40151,2022,6,3,"40053,40043,40043"
18067,2025,4,1,18131
51003,2022,7,1,51660
06057,2023,5,4,"06049,32019,32029,41037"
29215,2024,9,1,29073
51001,2020,6,1,51735
35047,2024,8,1,35055
55029,2021,9,1,26029
40107,2024,5,3,"40119,40083,40119"
21157,2023,3,2,"47079,47079"
21035,2021,6,5,"47183,21143,21143,47183,47083"
24033,2022,5,2,"51600,51610"
16065,2023,5,3,"56039,56039,56039"
42069,2025,4,1,34037
12131,2024,9,1,01041
37147,2022,8,2,"37137,37137"
51023,2022,5,2,"51775,51678"
51810,2022,7,6,"37055,51735,51740,51735,51740,51740"
30025,2024,6,1,38089
16059,2021,8,8,"16015,16003,16061,41063,16003,16015,30023,30023"
16031,2021,5,5,"16025,16047,16041,16047,32013"
54017,2025,4,2,"54073,54073"
29099,2022,6,1,29073
31141,2024,7,2,"31039,31039"
53013,2021,6,17,"41023,41049,53005,16003,16049,41001,53003,53001,53005,53025,53003,53005,16009,53001,53003,53043,53063"
46007,2024,8,1,31171
28003,2020,7,2,"28009,28009"
29223,2023,3,4,"05021,29069,29221,29069"
06019,2020,4,3,"32005,32019,32021"
37013,2025,6,1,37143
19175,2021,12,2,"19185,19185"
56037,2022,5,11,"08107,49047,49047,49029,49033,08107,56009,56017,56043,49033,49033"
45073,2024,7,2,"13281,13281"
27073,2023,4,3,"27081,27081,46011"
25027,2021,7,1,44001
13237,2022,6,7,"13319,13219,13221,13125,13301,13319,13219"
27015,2021,12,6,"27063,27101,27105,27083,27101,27063"
17039,2023,4,1,17173
16015,2023,8,2,"16003,16003"
56013,2022,7,6,"30031,56023,56023,56041,30031,56023"
28113,2020,4,1,22037
41001,2022,8,4,"16045,16045,41049,53023"
05093,2025,4,5,"05067,05077,05067,29143,29143"
36091,2023,7,3,"36033,50001,50021"
42117,2025,3,2,"42093,42023"
17171,2025,6,2,"17009,17009"
16059,2024,9,4,"16035,30023,30023,30039"
13163,2020,9,2,"13283,13283"
30071,2024,6,1,30037
19085,2021,6,4,"19093,19193,19093,19193"
05145,2023,7,3,"05065,05111,05123"
20169,2024,9,3,"20123,20141,20123"
42113,2025,3,2,"42093,42093"
26025,2023,3,2,"26093,26161"
01085,2022,2,2,"01039,01039"
40127,2022,6,1,05081
48167,2022,3,1,48321
37053,2021,3,2,"37073,51131"
18005,2022,6,2,"18109,18109"
46095,2023,5,3,"46015,31103,31103"
35031,2022,8,1,35028
20077,2024,7,2,"20097,40093"
47125,2020,8,1,21033
18111,2022,5,3,"17063,18157,18171"
12131,2023,1,2,"01013,01035"
37137,2024,4,1,37177
18011,2024,5,1,18045
18155,2023,3,2,"21223,21223"
30099,2020,1,5,"30077,30089,30043,30077,30101"
35043,2023,4,9,"35057,35061,35053,35061,08021,35055,49037,35047,35057"
19021,2025,4,2,"19047,19047"
40109,2021,9,1,40133
29203,2022,2,2,"29093,29093"
06019,2025,3,2,"06109,06109"
21067,2020,6,1,21005
35017,2022,7,3,"04003,04009,04003"
48407,2020,4,1,48313
27113,2020,9,1,27071
05041,2022,6,3,"22067,28027,28027"
06107,2021,6,3,"06069,06079,06079"
47057,2021,5,1,47105
18037,2020,8,3,"21163,21027,21163"
20143,2022,5,2,"20089,20089"
42029,2025,5,2,"24029,24029"
22113,2024,6,3,"22039,22011,22039"
38101,2023,4,2,"38083,38083"
42123,2023,4,3,"39007,39155,39007"
16059,2023,1,5,"16003,16035,41063,16003,16045"
47009,2022,5,1,37099
27147,2024,9,2,"27079,27079"
35045,2020,6,8,"35006,08021,08053,08105,08053,35006,08021,35006"
48397,2025,5,1,48379
51077,2020,4,1,51520
21039,2023,3,1,47079
22115,2022,6,1,48241
27137,2021,6,3,"27115,27115,27115"
31017,2023,8,6,"31091,31015,31089,31089,31015,31089"
21063,2021,7,2,"21115,21115"
26071,2020,7,3,"26083,26083,26083"
29069,2022,2,1,47097
54107,2023,1,2,"39115,39115"
13023,2024,8,6,"13271,13315,13193,13225,13283,13315"
08049,2022,8,6,"08093,08065,56007,56007,08065,08093"
37029,2025,6,4,"37143,37143,37143,37187"
16043,2023,9,3,"56029,56023,56029"
47185,2023,8,1,47061
30031,2023,7,2,"30107,56017"
37021,2020,7,2,"37121,37121"
13181,2023,8,5,"13195,13163,13301,13265,13301"
17133,2023,6,1,29221
37189,2021,8,1,37121
42119,2025,6,3,"42023,42093,42093"
40089,2023,7,2,"40005,40005"
08123,2023,5,1,08047
17193,2020,1,1,17121
26075,2025,5,2,"39171,39095"
32003,2025,5,3,"32033,32015,32033"
28157,2024,1,4,"22107,22107,28063,28063"
20033,2023,6,3,"40003,40003,40093"
51027,2025,3,4,"21071,21119,21159,21159"
12079,2025,4,3,"12041,12041,13173"
53071,2021,6,10,"41023,41049,41063,41049,53025,53039,53077,41063,53001,53025"
31131,2024,7,1,31095
32007,2024,5,2,"16071,16071"
51097,2021,6,1,51131
13011,2020,10,1,13281
17161,2022,2,2,"17071,19183"
38043,2023,5,1,38003
12055,2022,3,3,"12051,12051,12051"
17179,2021,8,1,17175
29101,2020,8,5,"29177,29033,29177,29195,29195"
06103,2024,2,1,06049
13061,2022,6,4,"13259,13259,13259,13307"
48259,2022,4,1,48013
29007,2023,3,1,29135
20057,2020,5,2,"20033,20033"
24031,2020,4,3,"51610,51600,51610"
13243,2025,5,3,"13053,13197,13197"
18103,2020,3,3,"18131,18131,18009"
40137,2021,11,4,"40095,40099,40075,40099"
56029,2022,7,7,"30007,30043,30057,30059,30059,56007,56023"
35023,2023,9,1,04023
29113,2021,6,2,"29073,29073"
48299,2024,4,3,"48281,48281,48333"
18127,2020,7,2,"18131,18131"
47149,2022,5,1,47051
21137,2025,6,5,"21125,21147,21231,21109,21125"
40121,2023,10,1,40013
13017,2021,10,2,"13005,13309"
22041,2022,5,2,"22067,28063"
22085,2024,6,2,"22011,22011"
51700,2020,8,2,"51735,51735"
22071,2021,9,3,"22057,28045,28045"
48257,2022,5,1,48217
06053,2021,12,2,"06085,06085"
18091,2024,5,2,"18111,18181"
35049,2024,8,6,"35006,35055,08021,35055,35006,35031"
48259,2025,5,1,48493
22113,2021,5,5,"22007,22047,22099,22003,22099"
18181,2025,6,3,"18023,18103,18023"
47073,2020,6,2,"51520,51195"
04015,2021,8,2,"04027,06025"
06071,2022,7,4,"04027,06025,06079,06025"
13033,2024,1,5,"13175,13279,13283,13125,13301"
48073,2022,5,3,"48241,48373,48471"
36059,2025,6,1,44009
46071,2022,8,1,31103
49037,2022,7,7,"04009,04009,08111,08111,08111,49039,49047"
26035,2021,6,6,"26011,26129,26039,26039,26129,26135"
36043,2023,6,3,"36033,36093,36033"
13193,2020,8,4,"13081,13235,13235,13081"
22059,2024,12,4,"22029,22041,22029,22041"
48129,2025,5,1,40057
48145,2020,5,1,48313
49053,2025,6,1,32033
51009,2023,7,1,51530
37029,2022,5,2,"51740,51740"
35007,2021,5,4,"08003,08021,08011,08021"
26001,2021,7,3,"26039,26039,26137"
18165,2022,3,2,"18157,18157"
08101,2020,8,6,"08109,08119,08109,08119,08003,08109"
50001,2021,6,2,"50015,50015"
51081,2023,6,3,"37091,37091,51620"
39117,2022,7,2,"39005,39005"
05075,2024,5,4,"05065,05137,05037,05065"
12003,2023,12,1,12041
46057,2022,8,8,"27081,27117,46079,46101,46005,27081,46005,46079"
44007,2022,7,5,"25001,25007,44005,44005,44005"
48137,2024,7,2,"48323,48323"
41011,2021,2,3,"41033,41033,41035"
17187,2021,6,1,17175
51107,2022,6,2,"51600,51610"
13189,2023,7,8,"13107,13125,13167,13303,13125,13141,13265,13265"
31041,2020,6,2,"31077,31077"
35035,2022,6,1,48377
48447,2024,4,2,"48487,48487"
17037,2025,5,2,"17123,17155"
48073,2025,6,2,"48455,48455"
37125,2021,4,2,"37007,37007"
08037,2022,2,9,"49047,08019,08047,08093,08051,08081,56007,08019,08093"
20149,2022,6,3,"20013,20013,31147"
06061,2023,8,10,"06005,06005,06011,32019,06049,32019,32029,41037,32019,32029"
38009,2023,7,2,"38083,38083"
26055,2021,9,5,"26029,26039,26039,26029,26039"
05103,2023,4,3,"05011,05003,05011"
16001,2021,10,5,"16085,16025,16003,16085,16087"
55055,2023,3,1,55047
16019,2020,4,3,"16041,49033,56029"
13241,2020,8,2,"37075,37173"
13257,2023,5,5,"13157,13195,13195,13281,13311"
42079,2022,7,5,"42077,42095,42093,42095,42077"
45077,2021,5,2,"37087,37113"
06073,2021,9,3,"04012,04027,04012"
31109,2025,5,8,"31143,31185,31059,31169,31185,31059,31143,31185"
05027,2025,6,6,"05019,05109,05019,05039,05003,05011"
13321,2023,7,4,"13261,13315,13261,13315"
01061,2022,6,2,"01013,01035"
19117,2023,9,1,29197
20031,2025,6,2,"20133,20133"
04005,2024,7,3,"04009,04009,08033"
18069,2021,8,1,18159
48011,2023,2,1,48211
49055,2020,7,3,"49007,49021,49007"
28031,2021,8,2,"28091,28091"
45089,2024,7,2,"45033,45033"
55073,2020,7,2,"55078,55078"
13243,2022,4,1,13053
39067,2023,7,2,"39151,39151"
27089,2024,7,6,"27029,27071,27029,27125,27029,27125"
20117,2024,5,4,"31095,31095,31097,31097"
20045,2024,5,2,"20107,20107"
29021,2023,8,2,"31147,20209"
22079,2020,9,1,22077
39153,2022,7,2,"39005,39005"
35033,2020,5,2,"08021,08021"
18169,2023,8,1,18131
18063,2025,6,2,"18023,18023"
06045,2024,11,2,"06093,06093"
40037,2021,10,2,"40133,40147"
46059,2021,7,1,46077
22021,2024,3,2,"22107,22107"
39113,2020,5,1,18075
51019,2024,5,4,"51063,51063,51530,51678"
42031,2025,6,1,42039
30035,2025,5,1,30047
48021,2024,5,2,"48477,48477"
20027,2024,7,3,"20123,20123,31095"
21101,2024,9,5,"18125,17069,21055,21033,21055"
04015,2023,1,6,"49037,04027,06025,49001,49027,49037"
27105,2024,8,3,"27127,27091,27127"
21105,2025,1,4,"29143,17003,29143,29201"
48237,2021,10,1,48143
39043,2022,8,4,"39005,39005,39173,39173"
40009,2022,12,4,"40043,40043,48211,48211"
18067,2022,7,3,"18157,18157,18009"
17051,2020,7,4,"17079,17035,17079,17035"
20035,2020,10,2,"40103,40103"
39175,2021,5,4,"39077,39137,39077,39143"
55045,2023,3,1,17015
29201,2021,3,6,"17181,17181,21039,29069,47095,29069"
39065,2023,7,3,"39161,39161,39173"
46049,2022,4,2,"46005,46005"
36101,2025,6,2,"36037,42023"
31089,2020,7,7,"31011,31119,31139,31027,31139,31011,31077"
31179,2022,5,7,"46027,46135,31043,46027,46127,19193,31043"
21019,2020,2,4,"21063,21063,21159,21159"
19081,2023,8,4,"19067,19067,19079,19079"
05067,2023,7,8,"05055,29069,05035,05123,05065,05055,05035,05123"
41063,2024,8,9,"16087,16035,16035,16087,41049,53005,53071,53021,53071"
51153,2020,6,2,"51600,51610"
55131,2023,4,6,"55047,55015,55047,26105,55015,55071"
51059,2020,12,1,51685
49043,2021,5,2,"16007,16041"
16049,2024,6,6,"16087,30039,30023,30039,53013,53023"
42109,2025,4,1,42093
27149,2023,4,1,27153
20199,2025,4,3,"08061,08061,08099"
06057,2023,9,4,"06049,32019,32029,41037"
30015,2020,8,2,"30101,30101"
18097,2025,5,2,"18023,18023"
51001,2020,10,1,51735
05095,2021,4,3,"05035,28027,05035"
06097,2020,1,6,"06011,06021,06113,06021,06113,06113"
56023,2020,6,8,"16041,49005,16065,16041,16041,49005,49029,56029"
21195,2020,7,1,51720
17013,2025,6,1,17009
49025,2024,8,1,08033
42105,2022,8,1,42093
06091,2021,10,5,"32001,32027,32029,32510,41037"
46121,2021,6,1,31015
17025,2021,5,2,"17027,17027"
37161,2020,2,3,"37199,37121,37199"
06073,2023,2,3,"04012,04027,04012"
22033,2022,7,5,"22007,22093,22125,22007,22125"
40049,2022,6,2,"40095,40133"
19089,2022,5,2,"19023,19023"
48399,2022,5,2,"48327,48327"
22055,2020,1,2,"22077,22077"
46027,2020,3,3,"31107,31139,31107"
56035,2024,9,1,49009
27005,2023,7,3,"27041,27153,27153"
27111,2024,6,5,"27029,27121,27149,27121,27149"
01045,2022,3,3,"13259,01039,01039"
12057,2020,2,5,"12027,12055,12027,12053,12055"
16031,2021,9,4,"16025,16041,49005,49005"
17097,2024,6,2,"55101,55101"
51095,2022,9,2,"51620,51735"
29223,2023,7,4,"05021,29069,29149,29069"
49035,2023,9,4,"49003,49033,49033,49003"
45003,2024,5,4,"13163,45005,13163,45005"
45031,2020,4,1,45089
28011,2022,5,1,22067
39115,2025,3,1,54073
51710,2021,4,2,"51735,51735"
37019,2022,3,3,"45033,45033,45043"
12113,2022,8,1,01035
17115,2020,4,3,"17129,17017,17129"
31051,2024,7,3,"31039,31039,31167"
28113,2020,8,1,28109
11001,2020,8,1,51610
46121,2024,7,2,"31091,31171"
40085,2021,7,1,40033
42039,2021,9,1,39133
18169,2020,7,2,"18131,18009"
26041,2023,4,7,"26029,55075,26029,26097,55061,55075,55083"
01077,2024,7,3,"28117,47117,47023"
42085,2023,3,7,"39133,39151,39007,39055,39133,39007,42049"
16051,2023,6,2,"56039,56039"
21069,2020,7,1,21063
32009,2023,7,3,"06109,32019,32019"
17137,2020,5,8,"17169,17129,17169,17013,17083,17083,17013,17129"
01085,2022,6,3,"01035,01039,01039"
20035,2022,3,2,"40053,40053"
19113,2025,4,7,"19045,19107,19183,19115,19183,19045,19097"
48279,2023,10,2,"48501,48501"
48499,2025,5,3,"48231,48231,48231"
06023,2023,1,6,"41015,41033,06097,06049,41029,41033"
19187,2021,8,3,"19021,19021,19041"
17115,2023,5,2,"17035,17051"
40111,2024,3,1,40119
51550,2021,4,4,"37073,51131,37073,51131"
22101,2020,8,5,"22047,22093,22047,22047,22077"
39105,2025,6,1,54073
48245,2023,9,1,48407
41041,2020,12,2,"41019,41035"
26107,2023,6,5,"26111,26143,26111,26105,26105"
47161,2025,4,2,"21033,21033"
40113,2023,4,1,40053
29067,2025,6,2,"05049,05049"
32031,2023,9,5,"41035,41013,41017,41017,41035"
19081,2020,7,2,"19079,19079"
30099,2020,5,5,"30077,30089,30043,30077,30101"
48185,2021,4,2,"48455,48287"
22019,2022,6,2,"48241,48241"
51067,2022,8,1,51775
31155,2023,6,4,"31159,19129,31159,19129"
37047,2022,1,1,45043
46083,2020,4,1,31027
40065,2021,3,1,40033
20053,2024,6,3,"20123,20141,20141"
27023,2023,4,3,"27011,27011,27081"
29113,2024,11,3,"29073,29151,29073"
45077,2024,12,1,37113
13321,2020,4,1,13017
45073,2023,3,9,"13011,13195,13011,13139,13281,13311,13195,13281,13011"
21083,2022,5,4,"47005,47017,47017,47053"
06107,2021,10,3,"06069,06079,06079"
21099,2021,3,1,21163
29215,2021,12,1,29073
21221,2022,5,2,"47005,47083"
31065,2022,4,2,"31061,31061"
31067,2024,8,6,"31169,31059,31169,31059,31169,31185"
38101,2023,8,2,"38083,38083"
12071,2020,7,3,"12027,12055,12055"
06093,2023,8,8,"41015,41037,41019,41015,41019,41019,41037,41039"
30099,2023,6,1,30101
21237,2021,6,4,"21115,21173,21115,21173"
04001,2024,6,3,"08033,08111,08033"
13085,2022,6,6,"13291,13011,13013,13137,13157,13291"
48493,2024,5,2,"48123,48123"
29021,2020,5,2,"31147,29177"
54059,2021,8,1,21115
51077,2020,8,1,51520
05145,2022,3,3,"05037,05037,05123"
48323,2025,5,3,"48163,48163,48163"
13001,2025,4,6,"13209,13271,13309,13109,13209,13283"
56035,2021,8,3,"56017,16007,16081"
27111,2021,5,3,"27029,27149,27149"
48221,2022,12,1,48193
26075,2022,8,2,"26037,26037"
38097,2021,6,1,27029
40075,2021,3,2,"40033,40033"
12021,2025,6,3,"12015,12093,12015"
51083,2021,6,2,"37181,37181"
18039,2020,6,1,18131
35031,2021,4,2,"35028,08007"
13121,2022,6,6,"13149,13149,13247,13013,13157,13247"
13137,2023,8,10,"13157,13195,13013,13085,13117,13157,13187,13291,13187,13291"
17073,2022,5,3,"17071,19115,19115"
37021,2025,5,1,37011
41001,2024,5,4,"41049,41069,53013,53023"
05003,2021,4,2,"22027,22027"
19035,2020,6,2,"19133,19133"
21095,2022,6,3,"21189,51167,51720"
46065,2022,7,1,46015
08069,2020,7,3,"08047,08019,08047"
49003,2021,5,5,"16053,16041,32013,16007,16041"
18059,2025,6,1,18023
13091,2020,7,7,"13283,13017,13161,13161,13283,13017,13081"
18051,2023,7,1,17033
48145,2025,5,2,"48051,48051"
48055,2025,5,5,"48285,48255,48285,48493,48493"
20169,2021,12,2,"20123,20123"
51029,2022,6,1,51540
51760,2025,6,1,51670
17181,2024,8,4,"17145,17151,17165,17165"
39145,2023,7,2,"21161,21161"
22073,2025,1,5,"22041,05003,05017,22041,05003"
41061,2023,5,10,"16003,41069,53005,53013,53071,16003,16069,53003,53013,53023"
38035,2024,6,2,"27029,27125"
05031,2023,8,5,"05021,05035,47045,05035,05021"
36113,2022,12,7,"36019,36033,50001,36033,50001,50003,50021"
27117,2024,7,4,"27173,27127,27173,27127"
19197,2024,6,4,"19151,19151,27091,19151"
48245,2020,8,1,48407
18023,2022,6,1,18171
48147,2024,3,9,"40005,40023,40069,40095,48397,40095,48379,48397,40023"
39051,2022,8,2,"39173,39173"
17179,2021,12,2,"17039,17039"
54103,2024,4,1,54073
32031,2025,2,7,"06093,32015,32007,32015,32015,41013,41023"
22027,2023,4,3,"05003,05011,05003"
29027,2023,2,2,"29135,29135"
13069,2021,7,5,"13209,13279,13309,13091,13309"
51067,2024,1,1,51770
08011,2020,7,2,"08025,08025"
55057,2023,10,2,"55047,55035"
46075,2022,7,1,46015
27037,2021,3,3,"27019,27019,27025"
29139,2020,5,2,"17013,17013"
40149,2022,9,1,40043
48135,2020,4,1,48165
06019,2022,6,9,"06079,06085,06003,32005,32019,06079,06087,06085,06087"
48233,2023,5,1,48211
37193,2025,6,2,"37011,37011"
21205,2021,6,4,"21173,21201,21173,21115"
12111,2021,4,1,12055
21111,2023,1,2,"21223,21223"
30049,2024,9,4,"30053,30023,30023,30039"
55033,2022,9,1,55119
45073,2020,2,2,"13281,13281"
39043,2024,4,3,"39103,39173,39173"
27139,2021,5,1,27163
54095,2021,6,1,39115
06051,2021,7,6,"06069,32510,32001,32029,32510,32001"
18133,2022,6,1,18157
48159,2024,6,3,"48379,40023,48379"
48227,2022,5,2,"48081,48081"
48441,2023,9,1,48133
42007,2024,3,1,39151
28013,2023,9,7,"28015,28083,28135,28107,28019,28107,28135"
20209,2021,6,1,29107
13151,2021,8,1,13231
29017,2021,6,3,"17181,17181,29179"
20019,2023,6,1,40103
21205,2024,7,3,"21181,21181,21201"
12111,2024,5,1,12055
31087,2024,7,1,31073
40051,2022,6,2,"40075,40075"
55017,2023,8,2,"55141,55069"
29047,2022,5,1,29033
48319,2024,3,2,"48281,48333"
23025,2024,4,1,23023
17049,2023,2,5,"17159,17023,17023,17033,17159"
36105,2024,7,1,34031
55039,2025,6,1,26105
21135,2020,5,2,"21063,21063"
17077,2023,3,3,"29186,29123,29186"
01033,2021,8,2,"28057,28057"
49045,2021,7,3,"32013,49039,49039"
08077,2024,8,5,"08015,08109,08015,08065,08033"
13031,2024,5,8,"13279,45049,13163,13175,13279,13283,45005,45049"
51163,2021,5,2,"51580,51820"
21029,2020,6,2,"21005,21005"
22087,2025,4,1,22095
46123,2022,7,2,"31091,46015"
31075,2023,8,1,31103
48331,2022,4,1,48149
19015,2022,5,5,"19025,19027,19197,19025,19197"
01065,2023,5,1,01023
16081,2022,6,6,"56023,30001,30031,30057,30031,56023"
26053,2024,5,6,"26013,55037,26083,27031,27031,27075"
31139,2022,5,6,"31051,46027,46135,46009,46135,31051"
37117,2022,6,1,37185
13139,2025,4,4,"13219,13281,13219,13281"
39011,2025,5,3,"39063,39063,39101"
28029,2021,4,4,"28147,28005,28113,28147"
05041,2024,8,4,"05011,05025,05025,05077"
16019,2020,8,3,"16041,49033,56029"
36009,2025,6,7,"42049,36037,36063,36037,42023,42039,42049"
17179,2023,5,2,"17147,17175"
27053,2023,8,4,"27009,27095,27145,27145"
55091,2023,8,1,55005
45029,2020,12,3,"45011,45011,45011"
28071,2024,6,6,"28009,28135,28009,28117,28139,28135"
13081,2024,4,4,"13193,13193,13307,13271"
21017,2023,1,2,"21069,21069"
48071,2024,12,1,48407
19107,2022,10,1,19115
17021,2023,5,4,"17147,17051,17035,17051"
21085,2021,6,4,"21091,21163,21163,21091"
16017,2020,5,6,"16009,16009,16035,30061,30061,16009"
42035,2025,3,1,42093
28063,2020,12,3,"28005,28005,28147"
29007,2020,6,2,"29205,17013"
26091,2024,4,2,"39123,39173"
39031,2025,6,6,"39005,39151,39169,39005,39117,39151"
29163,2025,4,5,"17009,29137,29073,29151,29137"
51730,2025,5,2,"51670,51670"
17057,2025,4,2,"17123,17009"
27163,2025,4,1,27065
22095,2022,2,5,"22007,22047,22007,22007,28045"
39087,2024,9,1,21159
26165,2021,9,2,"26039,26039"
18073,2022,7,4,"18157,18171,18015,18157"
26155,2025,6,3,"26117,26073,26117"
27079,2021,3,3,"27165,27019,27019"
21031,2020,7,2,"21027,21027"
46015,2020,7,1,31107
49033,2024,7,3,"16071,16071,49009"
13045,2022,11,6,"13113,13199,13255,13089,13113,13135"
40153,2021,3,2,"40003,40003"
25003,2022,9,1,36071
05089,2021,4,2,"05101,05101"
28013,2025,2,2,"28083,28019"
48159,2021,5,4,"48459,48379,48379,48459"
40011,2021,5,1,40003
37023,2020,1,4,"37121,47091,37121,37199"
37127,2020,8,1,37079
46071,2024,5,1,31103
53049,2021,3,2,"53053,53077"
13309,2020,4,1,13017
37153,2024,8,1,45033
16007,2024,8,2,"16071,16071"
47151,2022,7,1,47027
35057,2022,7,1,35028
29055,2021,5,2,"29179,29179"
36059,2022,9,4,"36061,36047,36061,36087"
22001,2020,6,1,22077
48063,2025,4,1,48379
56007,2021,5,2,"56017,56029"
22057,2021,3,1,22047
08063,2021,8,1,08039
26125,2023,4,8,"26145,26155,26157,26147,26151,26157,26155,26147"
26051,2024,5,1,26001
16011,2023,7,2,"16063,56039"
19001,2024,6,1,19145
12097,2021,8,1,12027
48455,2020,5,2,"48313,48313"
51179,2023,6,1,51685
20161,2024,8,1,31169
41061,2020,2,3,"16087,41025,53023"
49053,2022,9,3,"04012,49001,49001"
31113,2024,4,7,"31017,31115,31071,31115,31085,31091,31091"
17049,2020,1,2,"17121,17121"
48139,2020,5,1,48425
51153,2020,10,1,51600
05089,2024,5,3,"05065,05137,05137"
37039,2022,7,2,"13281,13281"
37097,2025,2,1,37005
55119,2024,7,1,55003
37027,2024,7,1,37005
16039,2020,4,4,"16045,16067,16045,16059"
48033,2022,5,1,48081
55103,2025,5,1,17085
21057,2021,5,2,"47137,47137"
19159,2021,12,2,"19185,19185"
18083,2022,6,3,"18021,18119,18021"
45075,2024,4,5,"45005,45049,45005,45005,45049"
18105,2021,6,2,"18101,18101"
40079,2022,10,1,40005
45029,2022,5,1,45043
39025,2021,3,1,21201
48023,2021,1,1,40033
46027,2020,7,3,"31107,31139,31107"
37013,2024,5,2,"37177,37177"
32011,2021,7,4,"32013,32001,32013,32001"
31165,2022,6,1,56009
12057,2020,6,4,"12027,12055,12027,12055"
51197,2024,2,2,"51063,51063"
01069,2024,8,3,"13061,13061,13087"
18089,2020,1,1,18131
53075,2020,5,7,"16079,16035,16079,16035,16061,53019,53047"
17183,2022,6,4,"17091,17091,18157,18157"
01071,2024,6,2,"13295,13295"
37101,2020,8,2,"37079,37079"
06031,2021,10,2,"06069,06069"
17203,2023,5,3,"17147,17175,17175"
51710,2021,8,2,"51735,51735"
13161,2023,7,6,"13283,13315,13107,13283,13175,13283"
12119,2020,6,2,"12049,12055"
11001,2025,6,1,51610
08083,2023,3,14,"35006,35031,08113,08053,08053,08091,08113,35031,35039,08077,08113,49017,49025,49055"
28051,2024,6,1,28135
17115,2020,8,1,17035
13019,2023,2,1,13271
51037,2022,6,1,37185
08031,2021,5,2,"08019,08047"
19109,2021,7,10,"19041,19059,27063,19021,19041,19059,19021,19041,27063,27165"
38031,2023,9,1,38083
13261,2025,5,7,"13315,13235,13315,13053,13259,13037,13259"
47003,2022,12,1,47061
29171,2024,8,2,"29079,29079"
48257,2021,1,3,"48119,48379,48379"
48457,2024,2,3,"48455,48407,48455"
22125,2024,12,2,"28001,28001"
50007,2020,8,2,"50017,50017"
01085,2022,10,1,01035
04015,2020,4,4,"32033,49021,49021,49021"
37199,2025,5,2,"37011,37011"
47117,2022,3,1,47051
19187,2021,12,3,"19021,19021,19041"
40111,2024,7,1,40119
51550,2021,8,2,"51131,51131"
17169,2022,5,2,"17071,17071"
38029,2021,6,2,"38083,38083"
39065,2025,4,6,"39147,39173,39033,39117,39033,39147"
45037,2021,3,1,45011
31089,2022,4,2,"46009,46135"
01089,2023,4,2,"13083,47061"
21171,2024,6,3,"21213,21061,47137"
40113,2023,8,1,40053
13105,2022,11,6,"13011,13157,13133,13265,13265,13301"
22109,2020,4,2,"22093,22093"
42067,2024,4,3,"42057,42009,42057"
46127,2020,4,3,"19133,31027,31027"
05149,2021,5,1,05101
34015,2022,9,1,42017
19075,2022,8,2,"19197,19197"
21009,2024,7,2,"21213,21213"
01003,2023,4,7,"01023,01035,28041,01013,01035,01023,28041"
36085,2022,8,6,"36061,34021,34021,36061,36005,36061"
19185,2021,7,2,"29197,29197"
48037,2025,4,1,05113
08009,2024,7,1,08023
12121,2024,6,1,13065
28071,2021,3,2,"28009,28009"
37047,2022,5,1,45043
40071,2022,8,3,"40003,40093,40003"
06085,2020,8,2,"06043,06043"
40065,2021,7,1,40033
36119,2024,7,4,"34031,36081,36081,34031"
06071,2023,1,5,"04027,06025,49025,06079,06025"
24047,2021,6,1,51131
49055,2022,9,6,"49039,49001,49047,49001,49001,49039"
48181,2024,6,5,"40005,40023,40069,40067,40069"
55079,2020,5,1,55055
27059,2024,8,2,"27009,27009"
48191,2022,6,2,"48197,48197"
17001,2024,6,5,"17017,17013,29173,17017,29173"
27077,2024,6,1,27029
28019,2022,2,1,28013
48483,2025,6,2,"40057,40057"
40079,2024,3,3,"40023,40005,40023"
12081,2024,7,3,"12055,12055,12055"
12071,2025,5,3,"12087,12093,12093"
05043,2021,9,2,"22067,22067"
51013,2022,5,1,51600
49037,2024,7,11,"04009,35003,35006,35031,04009,08111,08029,08111,08029,08111,35031"
37071,2024,12,1,45023
06081,2021,12,4,"06013,06013,06069,06069"
12071,2020,11,3,"12027,12055,12055"
32003,2021,3,3,"04012,04012,32001"
42001,2022,5,2,"42043,42043"
26145,2025,5,7,"26011,26051,26073,26117,26035,26051,26073"
40125,2022,10,5,"40063,40029,40063,40069,40063"
41023,2023,8,9,"16003,41037,41021,53005,53039,53005,53013,53071,41021"
47181,2023,2,2,"47023,47109"
51155,2023,3,3,"51045,54089,51045"
08101,2022,8,1,08093
19063,2022,5,11,"19021,19035,19141,19143,19141,19143,19197,19021,19143,27033,27105"
06031,2023,3,3,"06069,06069,06087"
37189,2020,7,1,37121
06061,2024,2,5,"06005,06005,06049,32029,32029"
28051,2021,5,1,28135
48005,2024,12,2,"48407,48407"
18063,2024,2,1,18045
56039,2022,5,13,"30001,30057,30007,30043,30057,30059,56007,56017,56043,49033,56041,56017,56043"
53065,2024,9,1,53025
49003,2021,9,4,"16053,16041,16007,16041"
39029,2022,7,2,"54009,54009"
28055,2024,8,1,22107
01077,2021,10,5,"01043,28057,47039,47109,47039"
12095,2020,8,2,"12055,12055"
29125,2023,2,1,29135
40057,2022,6,3,"40075,40075,40075"
12069,2023,9,5,"12055,12049,12055,12081,12053"
17175,2025,4,2,"17155,17155"
27021,2024,8,7,"27065,27029,27071,27029,27071,27009,27041"
13135,2025,6,3,"13219,13219,13219"
12005,2021,1,1,12037
55031,2020,8,1,27071
06023,2020,4,7,"41015,41033,06021,06033,06049,41029,41033"
20007,2023,8,4,"40053,40053,40093,40093"
37027,2021,4,3,"37121,47091,47091"
21147,2021,6,2,"47137,47137"
16071,2023,6,7,"16053,49033,49011,49045,49057,49033,49057"
31021,2023,10,1,19093
48245,2020,12,1,48407
51125,2024,8,3,"51790,51530,51678"
47123,2023,4,2,"13291,13213"
32031,2025,6,7,"06093,32015,32007,32015,32015,41013,41023"
49003,2024,10,1,32015
42015,2025,5,1,42093
29027,2023,6,2,"29135,29135"
31079,2020,6,2,"31077,31141"
29207,2022,8,2,"29123,29123"
39109,2020,6,1,18075
12095,2023,9,4,"12055,12049,12055,12081"
36029,2023,6,1,42049
28151,2020,9,2,"28027,28027"
42007,2021,6,2,"39099,39099"
28073,2024,6,4,"28111,28077,28077,28147"
06001,2024,3,6,"06005,06009,06047,06009,06047,06109"
06087,2020,3,3,"06031,06079,06099"
47167,2020,5,3,"28009,47069,47069"
19051,2024,11,5,"19185,19087,19183,19185,19087"
13269,2022,6,4,"13053,13259,13307,13053"
13289,2021,6,3,"13107,13283,13309"
29215,2023,9,2,"29149,29149"
23017,2020,7,2,"23023,23023"
48285,2024,5,3,"48477,48321,48391"
01049,2022,4,1,47051
51025,2022,8,1,51595
01081,2025,4,3,"13053,13259,13053"
12059,2022,1,2,"01039,01039"
31097,2023,8,3,"31159,31147,31147"
27139,2021,9,7,"27085,27171,27163,27003,27141,27171,27085"
48161,2025,4,2,"48225,48225"
48423,2024,4,3,"48161,48379,48379"
12083,2020,2,2,"12053,12053"
31085,2025,6,5,"31047,31065,31073,31047,08115"
31055,2023,6,3,"19129,19165,19129"
21173,2024,4,1,21201
13293,2025,6,6,"13193,13159,13053,13197,13193,13197"
51600,2025,6,1,51610
16031,2020,5,5,"16025,16041,49005,32033,49005"
26081,2024,6,2,"55101,55101"
08039,2025,4,3,"08043,08025,08061"
13001,2022,7,1,13309
13145,2022,2,3,"13053,13053,13149"
28109,2024,7,5,"28147,28111,28077,28147,28111"
13137,2025,5,2,"37113,37113"
26109,2023,8,6,"55037,55061,55083,55037,55041,55083"
39107,2024,5,3,"39003,39021,39003"
17059,2020,6,2,"21055,21055"
48085,2021,4,3,"48119,48119,48379"
17075,2024,6,1,18181
29189,2020,8,3,"17083,17013,17083"
56011,2020,6,2,"56033,56033"
48329,2022,7,1,48115
27001,2020,7,2,"27071,27071"
13147,2021,3,2,"13317,37113"
08059,2022,7,1,08065
51015,2021,8,1,51540
20013,2023,5,1,29003
51115,2020,10,2,"51735,51735"
45079,2021,7,4,"45023,45087,45059,45087"
39145,2025,4,2,"21069,21205"
42035,2022,6,3,"42087,42093,42087"
47019,2023,9,1,51520
18003,2025,5,2,"39171,39171"
46102,2023,8,2,"31091,31103"
38059,2023,8,1,38083
27021,2021,7,6,"27115,27029,27135,27029,27009,27041"
13217,2022,6,4,"13133,13219,13013,13219"
48245,2022,5,4,"48241,48373,48373,48241"
28029,2021,8,4,"28091,28147,28113,28147"
05041,2024,12,6,"05003,05003,05011,05025,05025,05077"
40063,2023,8,2,"40005,40005"
26123,2022,9,1,26037
22097,2022,12,3,"22029,22029,22121"
20077,2023,7,1,40093
13043,2021,6,3,"13283,13209,13283"
51015,2024,9,2,"51530,51678"
40035,2025,5,1,20133
04025,2023,7,3,"49025,49037,49025"
19085,2022,4,6,"19027,19093,19193,19093,19193,19027"
17029,2023,7,3,"17033,17147,17147"
48397,2021,4,2,"48119,48379"
13267,2021,6,6,"13031,13031,13283,13031,13209,13283"
12099,2021,4,2,"12055,12055"
18085,2020,8,2,"18131,18131"
41003,2024,10,2,"41019,41071"
26159,2024,6,1,55101
39089,2023,2,9,"39075,39101,39117,39005,39075,39117,39139,39115,39115"
26091,2024,8,2,"39123,39173"
22105,2020,4,3,"22037,22093,22037"
17167,2022,6,2,"17039,17039"
51121,2022,8,1,51775
53051,2024,6,2,"30053,30053"
51109,2022,6,1,51540
13205,2025,6,2,"13037,13037"
48277,2022,4,1,40095
51061,2021,5,1,51685
29035,2022,4,2,"29093,29093"
35027,2023,12,1,35006
37057,2021,3,3,"37007,37007,37179"
55117,2023,8,4,"55139,55047,55139,55061"
55029,2022,5,3,"26153,26029,26153"
23021,2025,6,4,"23009,23027,23011,23027"
33015,2023,12,1,25025
42101,2022,9,6,"34021,34019,34021,42077,42095,42077"
40153,2021,7,2,"40003,40003"
06089,2023,6,3,"41037,41029,41033"
04015,2023,9,3,"49021,49021,49021"
51079,2021,10,1,51540
18101,2022,6,2,"18021,18119"
13195,2021,8,4,"13257,13317,13257,13317"
16077,2023,8,4,"16053,49003,49003,49005"
21069,2024,2,2,"21023,21023"
29017,2023,3,2,"29186,29069"
17055,2021,3,2,"17181,17181"
19083,2023,7,2,"19067,19067"
20087,2022,6,2,"20013,20013"
06065,2022,11,2,"04027,04027"
36111,2022,3,3,"36079,36079,36087"
42025,2024,4,1,42131
29099,2023,2,1,29123
51063,2023,7,5,"51045,51750,51021,51750,51045"
16049,2023,5,12,"16045,16057,16079,30061,16057,53003,53075,16045,30061,53003,53013,53023"
56007,2021,9,1,56017
42073,2024,7,2,"39151,39151"
26109,2020,7,4,"26089,26083,26019,26089"
48193,2024,6,2,"48309,48309"
48235,2022,5,3,"48327,48081,48327"
55039,2022,9,1,26105
06105,2021,7,5,"06021,06033,41033,41035,06021"
39125,2022,8,1,39173
48027,2022,4,2,"48333,48217"
19019,2021,12,2,"19095,19095"
37097,2025,6,1,37005
51087,2023,7,2,"51095,51095"
27119,2024,6,2,"38099,38099"
54101,2024,1,1,54093
16055,2024,5,2,"30053,16035"
13097,2025,6,1,13149
51143,2024,6,1,51063
08107,2020,6,3,"08065,08019,08047"
21081,2023,7,1,21201
49013,2022,7,5,"49039,49029,49033,56041,49039"
38057,2021,8,1,38083
08083,2020,6,5,"35006,35031,08053,08053,35031"
29183,2022,6,2,"29073,29073"
13241,2022,9,5,"13011,13291,13291,13147,37175"
39011,2022,8,1,18075
13257,2025,6,2,"13281,37113"
30077,2021,7,5,"30073,30089,30059,16049,30089"
06011,2023,1,3,"06055,06097,06055"
39019,2024,4,1,39169
34039,2025,6,3,"34021,34037,34021"
48099,2022,4,6,"48217,48425,48093,48333,48333,48217"
37031,2022,6,1,37141
27027,2021,6,5,"27029,27159,27041,27153,27159"
48027,2025,5,1,48051
30067,2020,5,2,"30043,56017"
49001,2025,6,2,"32033,32033"
01045,2022,11,1,13259
42051,2024,2,2,"42009,54093"
47007,2025,6,1,47049
27137,2025,5,1,27065
45001,2023,1,3,"13195,13221,13317"
48001,2020,1,2,"48313,48313"
48005,2020,1,1,48313
05085,2024,5,1,05107
42117,2024,6,2,"42131,42023"
37101,2020,12,1,37181
01127,2021,12,3,"01107,28057,01107"
28163,2024,6,1,22107
37095,2025,3,2,"37143,37143"
42099,2023,7,1,42093
25005,2024,5,3,"25019,25025,25025"
19077,2025,4,2,"19047,19047"
39101,2024,3,2,"39003,39021"
18019,2025,6,3,"18025,21103,21103"
13179,2024,5,1,13279
39025,2024,8,3,"21097,21201,21097"
26073,2023,6,8,"26143,26017,26129,26143,26145,26155,26017,26145"
13205,2022,5,2,"13037,13037"
27027,2024,7,2,"27029,27041"
01097,2024,8,2,"28111,28111"
26027,2024,5,1,18149
30097,2020,6,1,56029
08125,2025,6,2,"08115,08115"
48257,2021,5,2,"48379,48379"
22025,2021,10,4,"22097,22125,22125,28063"
39045,2025,5,1,39083
28081,2020,4,1,28009
26015,2024,4,1,55101
37087,2020,6,2,"37199,37199"
48491,2022,5,2,"48149,48149"
13051,2020,8,1,13267
30089,2024,9,4,"16035,16035,16035,30039"
06089,2020,5,9,"32031,32031,41037,06015,41029,41033,06021,06045,06045"
04015,2020,8,4,"32033,49021,49021,49021"
51119,2020,8,1,51735
37165,2024,7,2,"45033,45033"
13107,2021,1,5,"45011,13023,13161,13209,13209"
31089,2022,8,2,"46009,46135"
51097,2025,5,1,51830
54043,2020,8,2,"21159,21159"
20205,2024,5,1,20107
37169,2024,4,1,51063
01011,2022,6,3,"13259,13053,13259"
48305,2020,6,2,"48165,48165"
46127,2020,8,1,19133
38053,2023,7,2,"30091,30091"
55131,2025,5,1,26105
37013,2023,1,2,"37177,37177"
29215,2025,5,2,"05049,29073"
08043,2020,7,7,"08065,08019,08065,08025,08003,08053,08105"
46037,2022,7,4,"46005,46077,27155,46005"
16073,2024,7,3,"32015,32015,16087"
19031,2021,12,3,"19095,19183,19095"
01001,2025,4,1,01013
46085,2022,8,4,"46009,46067,31103,31103"
18113,2020,10,3,"18179,39171,39171"
06071,2023,5,2,"49025,06079"
17009,2020,7,2,"17129,17013"
21117,2025,4,2,"21097,21097"
01071,2023,2,5,"13055,13295,13295,47061,47061"
26103,2021,6,2,"26095,26089"
10005,2023,8,2,"34011,34011"
17029,2020,4,2,"17079,17079"
31111,2025,6,11,"31019,31163,31175,31019,31073,31137,31065,31073,31171,31171,08115"
41005,2022,5,8,"53059,41053,41009,53059,41021,41007,41009,41053"
53009,2025,2,5,"53029,53035,53029,53057,53073"
17185,2022,4,1,17079
37171,2024,4,2,"51063,51063"
51051,2021,3,1,51720
31081,2023,7,2,"31159,31159"
29127,2020,6,4,"17169,17013,29103,29103"
30011,2020,5,1,56033
29163,2022,5,2,"29073,29151"
06051,2025,2,1,06031
16057,2022,12,12,"16055,30061,41063,53003,16055,30061,53001,53003,53013,53021,53023,53043"
29025,2023,8,1,29003
32003,2021,7,3,"04012,04012,32001"
33007,2021,6,2,"23007,50019"
34039,2022,5,3,"36061,34021,34021"
05027,2024,6,1,05011
26029,2020,7,3,"26019,26095,26095"
19049,2023,4,1,19079
48137,2025,5,3,"48507,48163,48507"
41039,2021,2,6,"41031,41037,41015,41033,41037,41031"
04005,2023,7,8,"49017,49021,08077,08113,35045,49015,49017,49055"
40093,2020,7,1,20033
34017,2024,7,7,"34031,36005,34031,36081,36005,36081,36081"
37189,2025,5,2,"37005,37005"
01031,2022,9,3,"01013,01035,01013"
48199,2023,9,3,"48407,48407,48455"
51007,2025,6,1,51670
17095,2020,3,1,17169
01109,2022,1,3,"13259,01039,01039"
01071,2021,9,1,01043
37189,2020,11,2,"37121,47163"
19193,2024,8,1,31039
20169,2025,5,3,"20123,20141,20123"
37089,2020,7,1,37199
40073,2021,4,4,"40003,40103,40103,40003"
48347,2021,3,1,48455
18043,2021,2,2,"21163,18093"
26009,2021,4,10,"26031,26047,26097,26113,26129,26135,26113,26113,26031,26135"
49049,2025,4,8,"49019,49009,49043,32033,49043,32007,32033,49043"
18063,2024,6,2,"18059,18045"
32003,2024,8,2,"06037,32015"
51173,2023,7,1,51520
06059,2020,12,3,"06111,04012,04012"
39029,2022,11,6,"39133,39155,39075,39133,39153,39169"
30001,2023,7,1,56039
45077,2022,3,4,"13147,13137,13147,13257"
32007,2023,8,5,"16053,16053,49005,49011,49011"
16023,2023,7,1,16063
27007,2021,9,3,"27153,27159,27159"
45017,2022,4,1,45089
17033,2021,8,2,"18055,18055"
29095,2024,8,4,"29083,29083,29033,29033"
13017,2022,6,1,13309
40007,2022,12,3,"40043,48211,48211"
31095,2023,9,2,"31159,31159"
53063,2022,5,6,"16021,53001,16021,53001,53021,53023"
30041,2020,6,1,30101
22103,2024,8,1,28147
30047,2020,6,7,"30077,16035,30039,30061,30077,16079,30061"
21037,2024,8,1,21097
47033,2025,5,2,"47069,47069"
48283,2024,4,5,"48323,48047,48247,48247,48323"
28063,2021,6,4,"28005,28005,28113,28147"
21011,2023,7,4,"21161,21201,21201,21063"
51089,2024,1,2,"51063,51063"
39093,2021,5,5,"39083,39055,39085,39143,39143"
40111,2021,10,2,"40133,40147"
27107,2023,7,2,"27159,38003"
06017,2023,3,2,"06013,32019"
48147,2024,11,1,48379
51125,2024,12,2,"51530,51678"
54097,2020,8,1,54021
45051,2020,4,2,"45089,45089"
41017,2021,8,7,"41023,41069,41023,41065,41069,41019,41019"
06029,2021,12,1,04012
40113,2020,11,2,"20049,20049"
45055,2021,7,3,"45023,45087,45023"
19091,2024,7,1,27091
29071,2025,5,1,29151
32011,2023,9,2,"16083,49003"
18049,2022,7,1,18015
17119,2023,3,4,"17051,17051,17051,17173"
24023,2024,4,5,"42009,42057,42009,54093,54093"
08007,2020,5,6,"08003,08109,08109,08003,08109,35031"
20195,2024,7,2,"20141,20141"
49055,2024,6,1,08033
16073,2021,6,10,"16015,16075,16015,16025,16047,16047,16053,16075,41001,41023"
48241,2024,6,5,"48373,48455,48373,22011,48373"
42019,2023,7,2,"42039,42039"
48371,2022,10,2,"48377,48377"
19065,2020,3,2,"19067,19067"
45011,2023,7,2,"13107,13163"
13033,2023,4,8,"13167,13175,13279,13283,13125,13167,13301,13303"
05001,2022,3,2,"05123,28027"
21237,2023,7,1,21063
31081,2020,6,5,"31141,31023,31141,31023,31151"
08041,2022,5,2,"08093,08093"
31115,2025,6,6,"31171,31019,31047,31163,31175,31175"
21173,2024,8,3,"21097,21097,21201"
08035,2024,6,2,"08019,08047"
53011,2021,10,3,"41027,41027,53077"
06035,2021,7,7,"41035,41037,32001,32013,32029,32510,41037"
08101,2024,5,7,"08109,08015,08109,08003,08023,08109,08023"
17105,2024,5,1,18111
01045,2021,3,1,13259
16031,2020,9,8,"16011,16025,16037,16047,16041,16011,16047,49011"
26145,2022,8,2,"26037,26037"
22063,2023,5,4,"22037,22121,22037,28113"
37077,2022,3,3,"37185,37185,37185"
31011,2023,9,4,"31089,31139,31139,31089"
18095,2021,3,3,"18009,18009,18169"
17077,2022,2,1,17133
45003,2023,5,3,"13107,13163,13163"
01117,2020,5,1,01029
22077,2022,5,4,"22007,22007,22037,22037"
05075,2023,8,10,"05111,29069,05021,29069,05065,05111,05021,29149,05065,29149"
22043,2024,6,1,22039
39175,2025,4,7,"39077,39117,39173,39117,39077,39143,39173"
29137,2024,10,2,"29111,29111"
46123,2021,6,2,"31015,31015"
54061,2023,8,1,54093
47005,2025,5,3,"21035,21035,21221"
45007,2021,7,3,"13317,45087,37113"
39029,2024,4,1,39169
01065,2022,4,2,"01107,01107"
01053,2025,6,3,"01013,01013,01013"
40095,2021,5,1,40029
30001,2020,6,7,"16065,30039,30043,30077,30043,30039,30043"
37091,2025,6,4,"37187,37143,37187,37143"
39087,2020,7,1,21159
01119,2023,5,7,"28087,28099,28101,28099,28101,28087,28105"
51043,2024,7,1,51840
30021,2024,9,1,38033
34037,2022,5,6,"36087,42095,36079,36087,42025,42095"
27143,2023,10,5,"27013,27161,27013,27023,27173"
19041,2023,10,3,"19093,19093,27105"
39163,2023,4,1,39115
18069,2025,5,2,"18103,18103"
12057,2022,6,2,"12027,12027"
29227,2025,6,3,"29061,29063,29061"
41007,2022,1,3,"41071,41071,53027"
12081,2020,2,3,"12055,12055,12055"
48147,2021,10,2,"40095,40095"
26017,2021,9,2,"26129,26129"
26043,2024,8,1,26083
17025,2025,4,1,17185
19195,2020,5,2,"19067,19067"
48187,2021,9,2,"48013,48013"
42015,2022,8,1,42093
28159,2022,5,1,01107
08001,2023,5,3,"08019,08047,08093"
45085,2024,6,1,45033
29157,2022,5,2,"29093,29093"
22099,2022,6,5,"22057,22093,22121,22121,22125"
47149,2023,1,1,47061
12011,2020,11,3,"12015,12043,12043"
22045,2025,6,1,22093
40121,2024,6,5,"40013,40023,40069,40069,40023"
26099,2023,4,8,"26049,26151,26157,26049,26093,26161,26151,26161"
24009,2024,12,3,"24029,24035,24035"
48255,2020,5,2,"48285,48285"
56027,2022,4,1,56007
51700,2021,4,5,"51131,51735,51131,51735,37073"
17127,2020,7,2,"21055,21143"
28073,2021,9,1,28045
05141,2024,10,1,05065
47015,2025,4,2,"47159,47159"
47127,2024,7,3,"47117,47055,47117"
21175,2021,7,1,21173
05147,2024,5,3,"05035,05107,05035"
39157,2023,6,6,"39005,39169,39099,39133,39153,39169"
12003,2021,7,1,12041
48167,2023,5,1,48481
27029,2023,8,2,"27159,27159"
48241,2021,5,1,48455
17115,2024,3,1,17017
38061,2021,6,1,38083
54099,2020,2,1,21063
21111,2020,8,7,"21223,21163,21027,21163,21223,21005,21005"
13029,2023,4,1,13107
41039,2024,9,3,"41031,41033,41031"
29035,2022,8,1,29123
20039,2025,6,5,"20147,31083,31073,31083,31137"
30111,2021,7,1,56029
17075,2023,2,1,18181
53015,2024,10,9,"41007,53049,53053,53067,53077,41027,53077,41007,53049"
46071,2023,4,1,31103
46029,2024,7,3,"27073,27173,27073"
12009,2023,4,1,12055
06093,2022,8,7,"41015,41037,41019,41015,41019,41019,41037"
12043,2020,6,3,"12027,12027,12049"
47183,2025,2,2,"21039,21039"
13307,2021,5,3,"13053,13269,13053"
34005,2023,8,1,34011
47079,2024,4,2,"47085,47135"
48121,2022,5,1,40095
47053,2020,3,1,47069
48125,2022,5,3,"48197,48275,48275"
21069,2024,6,4,"21023,21097,21023,21097"
48141,2024,8,3,"48109,48109,48377"
05121,2024,11,2,"05067,05065"
12127,2021,7,2,"12119,12119"
08035,2021,5,2,"08019,08047"
29017,2023,7,2,"29186,29069"
19001,2023,5,3,"19145,19165,19165"
06047,2023,2,5,"06053,06053,06087,06081,06087"
22063,2020,4,4,"22093,22037,22037,22093"
21179,2021,3,1,21163
36111,2022,7,3,"36079,36079,36087"
01025,2022,8,3,"01013,01035,01013"
31183,2020,5,6,"31107,31119,31139,31119,31141,31107"
20151,2022,6,1,40003
06107,2022,8,5,"06053,06069,06079,06053,06079"
51001,2024,7,1,51735
28115,2020,6,1,28009
21011,2020,4,1,21063
48501,2023,5,3,"35005,35041,35041"
13291,2025,6,2,"37113,37113"
13315,2021,6,4,"13023,13309,13023,13309"
42043,2025,5,1,42093
48027,2022,8,2,"48395,48395"
08071,2024,5,6,"08003,08021,35055,08003,08109,35055"
54033,2020,8,2,"54021,54021"
17019,2021,12,2,"17039,17039"
19099,2025,4,3,"19107,19117,19107"
45027,2021,7,1,45011
19015,2024,6,2,"19069,19151"
37117,2024,7,1,37177
16055,2024,9,2,"30053,16035"
28105,2022,2,3,"01107,01107,28013"
42045,2023,9,1,34011
22015,2021,4,2,"22027,22027"
23007,2020,5,2,"23023,23023"
54065,2024,7,1,51840
19051,2020,6,1,29103
13167,2021,12,5,"13125,13301,13309,13309,13125"
39015,2025,4,4,"21097,21201,21069,21201"
17117,2022,6,2,"17013,17013"
56019,2021,7,3,"56029,56017,56029"
48439,2020,4,1,48425
48303,2022,7,2,"48115,48115"
01129,2022,6,2,"28039,28039"
12073,2021,1,2,"12037,12037"
51023,2023,7,1,51530
29207,2021,4,3,"17181,47095,29179"
20179,2024,8,6,"31065,20147,20163,20147,31065,31083"
45027,2024,8,1,45033
19109,2020,6,1,19079
22111,2023,5,3,"05011,05011,22123"
35051,2024,7,3,"35006,48109,35006"
31055,2020,7,15,"19085,19129,19137,19165,31021,31023,31037,31039,19129,31025,31023,31025,31109,19085,31021"
31161,2023,10,3,"31091,31103,31091"
12111,2020,4,1,12055
48053,2024,4,6,"48099,48145,48309,48099,48333,48333"
51033,2023,7,3,"51119,51095,51119"
27029,2020,7,1,27071
51025,2021,4,2,"37181,37181"
01097,2024,12,3,"01023,28111,28111"
27131,2022,9,1,27103
30095,2020,8,2,"56029,56029"
27105,2020,10,5,"19141,19141,27015,27165,27165"
37051,2024,8,1,45033
20041,2024,5,1,20123
08097,2022,7,3,"08093,49047,08093"
13245,2021,5,7,"13107,45011,13107,13301,13301,13317,45011"
12105,2023,4,3,"12027,12027,12027"
13051,2020,12,2,"13031,13031"
24033,2020,4,2,"51600,51610"
05111,2021,4,4,"29069,05123,05123,29069"
17081,2023,5,2,"17051,17159"
35041,2020,6,3,"48369,48165,48369"
05107,2022,5,3,"05123,05123,28137"
13291,2020,10,3,"37075,37113,37113"
22033,2020,2,3,"22093,22077,22077"
54021,2025,3,1,54073
56025,2021,7,5,"08107,56017,56029,56017,56029"
17131,2025,4,4,"19045,19087,19087,19183"
21053,2021,2,2,"21001,21001"
31129,2023,4,1,31159
01011,2022,10,3,"13259,13053,13259"
42091,2025,5,1,34021
37007,2022,3,1,45033
22037,2021,2,4,"22047,22047,22077,22077"
45055,2024,12,2,"45023,45023"
51003,2023,7,1,51660
46007,2022,7,3,"31091,31103,31103"
37175,2020,1,1,37199
39111,2022,11,2,"39115,39115"
40019,2023,10,4,"48077,40005,40013,40013"
51001,2021,6,1,51735
48181,2023,5,1,40005
21035,2022,6,4,"47005,47017,47005,47083"
18179,2023,4,1,18103
48421,2023,2,1,35037
05013,2022,5,1,22067
24031,2024,7,1,51600
19163,2022,9,2,"19115,19115"
20155,2024,3,1,20097
28135,2025,5,1,28051
05123,2025,5,2,"05067,05067"
06071,2023,9,1,06079
51077,2024,5,2,"37011,51063"
38077,2024,5,1,27149
22105,2022,6,6,"22037,22057,22093,28091,22037,28037"
01077,2022,2,4,"28057,47039,47109,47039"
46135,2025,6,1,31179
36031,2020,8,1,50017
49035,2024,5,1,49009
51159,2022,11,1,51131
37029,2023,7,1,37091
56037,2023,5,14,"08103,49047,49013,49047,49013,49029,49033,49051,56017,56039,49033,56039,56039,49033"
12101,2020,5,3,"12049,12049,12055"
54015,2020,8,2,"54021,54021"
37159,2021,5,3,"37179,37007,37179"
39019,2021,7,2,"39099,39099"
34039,2022,9,7,"36047,36061,34021,34019,34019,34021,36047"
47093,2024,6,1,47121
47099,2022,3,2,"28141,47039"
42123,2024,6,4,"39007,42023,39007,42023"
40061,2025,6,1,05113
39059,2024,3,1,39151
53007,2023,1,12,"53025,53035,53053,53077,53025,53077,53025,53043,53029,53055,53029,53035"
35045,2021,8,11,"08021,08053,08079,08105,08033,08053,08033,08021,35028,35028,08033"
37021,2024,8,1,37011
47007,2022,9,3,"13047,13295,47061"
17095,2020,7,1,17169
01109,2022,5,3,"13259,01039,01039"
37133,2021,5,1,37137
12095,2024,1,3,"12055,12049,12055"
29045,2021,6,1,29197
29001,2023,8,1,29175
48053,2021,3,1,48287
27091,2021,9,7,"19041,19059,19059,19143,27033,27105,27033"
48109,2023,7,3,"35005,35005,35051"
22073,2024,4,2,"22127,22127"
13081,2025,2,8,"13193,13235,13193,13197,13307,13091,13235,13271"
29113,2022,6,3,"29073,29151,29073"
40025,2021,7,1,08011
29121,2025,6,4,"29199,29111,29199,29111"
47091,2023,5,2,"51520,51520"
26105,2020,6,3,"26133,26019,26133"
33013,2021,5,1,50009
13069,2025,4,8,"13173,13315,13173,13209,13309,13091,13309,13315"
26065,2023,6,2,"26059,26145"
22103,2024,12,1,28147
38025,2023,8,1,38083
36025,2022,9,2,"36071,36071"
48249,2020,5,2,"48247,48247"
47065,2023,6,5,"13055,13213,13213,47061,47061"
48361,2024,6,3,"22011,48373,22011"
12005,2021,9,1,01039
39083,2024,3,4,"39103,39169,39151,39169"
22087,2024,2,2,"28131,28131"
51067,2023,4,1,51045
51089,2024,5,2,"51063,51063"
20133,2022,11,2,"40105,40105"
13285,2021,4,1,13231
21067,2021,6,4,"21097,21173,21173,21097"
17157,2024,4,1,17199
35017,2023,7,3,"35006,35053,35053"
37169,2021,7,1,51690
21085,2025,5,4,"18123,21177,21149,21177"
21027,2025,6,4,"18025,18025,21149,21177"
18037,2021,8,4,"18055,18055,21091,21091"
51009,2024,7,2,"51530,51678"
06071,2025,2,1,06031
19013,2025,4,2,"19055,19055"
28015,2021,5,2,"28135,28135"
01001,2022,7,1,01013
47157,2025,5,2,"05077,47069"
55059,2020,5,1,55055
31069,2022,4,2,"31091,31091"
17133,2021,5,1,17027
21039,2024,3,5,"17003,21157,21139,21157,17003"
20175,2024,7,2,"40045,40059"
08123,2021,4,1,08047
35033,2024,8,4,"08023,08021,08021,08023"
47165,2025,5,3,"47159,47159,47159"
13033,2023,8,8,"13167,13175,13279,13283,13125,13167,13301,13303"
26075,2023,4,8,"26023,26149,26023,26155,39095,26049,26155,26163"
37171,2021,7,2,"51640,51640"
29013,2024,8,3,"29101,29101,29085"
47053,2023,8,5,"47075,47095,47023,47075,47095"
48179,2023,2,2,"40129,40129"
47017,2020,1,1,47069
40077,2023,2,2,"40005,40005"
48297,2020,4,1,48247
05031,2021,3,2,"05035,05035"
01045,2021,7,1,13259
47073,2021,8,3,"47171,51520,47171"
30017,2024,7,2,"30109,30109"
20167,2024,6,2,"20123,20123"
29061,2022,3,2,"29033,29033"
37073,2025,5,2,"37187,37187"
29055,2025,4,2,"29151,29223"
08123,2024,5,1,08047
30071,2022,5,4,"30015,30041,30015,30045"
12093,2024,10,3,"12049,12049,12119"
47107,2021,8,1,37075
39029,2024,8,7,"39067,39157,39067,54069,39075,39157,39169"
39087,2025,5,1,21159
13003,2024,5,1,13271
56003,2022,7,3,"30031,56017,56017"
55091,2021,5,1,27163
27011,2021,10,7,"27023,27173,27041,27121,27023,27067,27121"
19161,2022,8,10,"19041,19141,19041,19141,19149,19167,19193,19193,19193,19041"
31009,2021,6,2,"31117,31117"
05015,2025,5,2,"05129,05129"
54011,2020,1,1,21159
31059,2022,4,1,20089
49007,2025,6,6,"49009,49043,08045,08085,08045,49009"
13297,2020,2,2,"13059,13059"
12085,2024,6,2,"12055,12055"
48171,2022,5,2,"48327,48327"
18105,2025,5,1,18143
27057,2020,7,1,27071
12081,2020,6,3,"12055,12055,12055"
37161,2024,5,2,"37011,37011"
49037,2020,6,7,"35006,35031,35031,49007,49021,49007,49021"
18071,2021,6,1,18101
47183,2022,5,4,"47005,47039,47033,47005"
47149,2023,5,1,47061
26021,2023,6,2,"26149,26149"
20161,2025,4,1,31169
51700,2021,8,4,"51131,51735,51131,51735"
22071,2022,9,1,22117
21207,2025,5,6,"47137,21125,21147,21203,21147,47137"
45031,2024,7,2,"45033,45033"
29009,2021,3,1,05101
18091,2025,5,2,"18131,18131"
05147,2024,9,4,"05001,05077,05001,05077"
51019,2023,12,5,"51063,51063,51770,51530,51678"
49055,2021,9,3,"49039,08033,49039"
05075,2022,4,1,05037
31119,2023,6,1,31173
51017,2025,6,5,"51580,54063,51530,51678,54063"
34013,2024,5,4,"36005,36047,36085,36085"
55075,2024,6,4,"26071,26089,26071,26071"
48277,2022,12,2,"40005,40005"
54099,2020,6,1,21063
08109,2021,7,9,"08021,08065,08029,08091,08007,08091,08007,08007,08021"
41005,2021,1,7,"53039,41031,41043,41021,41031,41069,53039"
48309,2022,5,1,48425
31177,2023,6,6,"19133,19165,19129,19165,19133,31173"
17037,2023,4,1,17015
18167,2023,8,3,"17033,17035,17033"
12063,2022,6,1,01039
17173,2022,9,2,"17147,17147"
17071,2023,8,2,"19115,19115"
39041,2022,6,1,39005
20019,2024,2,1,40103
27093,2024,8,6,"27121,27127,27173,27009,27041,27121"
48339,2022,10,2,"48071,48071"
48427,2025,5,1,48489
20149,2020,5,4,"31067,31133,31133,31147"
32003,2020,3,6,"06051,32033,49021,32001,32021,32033"
51027,2020,1,2,"21159,21159"
31169,2020,8,4,"31067,31067,31067,31109"
49049,2022,5,3,"49047,49047,49029"
08049,2020,7,2,"08065,08065"
08035,2021,9,2,"08019,08047"
38047,2023,6,3,"38083,38003,38003"
46013,2023,7,1,46005
46057,2023,8,10,"27081,27117,46079,46101,46005,27073,27081,27173,46005,46079"
19117,2021,8,1,29197
31125,2024,4,1,31167
51107,2023,6,1,51685
32027,2021,6,3,"32029,32510,41037"
45037,2025,2,1,13163
13189,2024,7,2,"13125,13125"
06107,2022,12,5,"06053,06069,06079,06053,06079"
06057,2021,10,6,"32510,32001,32027,32029,32510,41037"
19191,2022,4,1,19023
37073,2022,4,1,51740
37101,2021,4,1,37181
01127,2022,4,3,"01107,28057,01107"
55097,2020,6,1,55078
30099,2024,8,1,30053
51191,2025,2,3,"37011,37005,47067"
46125,2021,4,8,"31051,46009,46035,19167,46079,27133,46079,46009"
20117,2022,4,3,"20013,31147,31147"
37139,2023,7,1,37091
13257,2024,5,3,"13195,13195,13281"
28071,2025,2,3,"28043,28139,28043"
20157,2024,6,3,"20123,20123,20141"
13113,2021,12,1,13149
12057,2024,3,5,"12027,12055,12027,12115,12055"
05147,2023,1,5,"05035,05111,05111,05107,05035"
01021,2025,5,2,"01085,01085"
13101,2023,12,1,12041
48473,2020,4,3,"48481,48481,48313"
17053,2023,1,2,"17147,17147"
18069,2022,8,3,"18009,18009,18075"
05095,2022,6,3,"28027,05037,05037"
06097,2021,3,3,"06021,06021,06023"
13251,2023,8,4,"13107,13107,13163,13107"
51195,2025,5,11,"21013,21131,21193,21119,21193,21071,21119,21159,21013,47067,47067"
55069,2024,7,1,55003
29065,2021,1,2,"29073,29073"
12115,2022,3,2,"12043,12051"
20117,2025,5,1,31169
47151,2020,2,1,21207
21107,2021,4,1,21143
21119,2022,6,2,"21189,21189"
34005,2022,4,2,"42077,42095"
35033,2021,5,5,"08007,08021,35028,35028,08021"
22059,2024,4,1,22107
48153,2022,5,1,48433
51019,2025,5,2,"51530,51678"
18005,2025,5,2,"18143,18143"
35025,2022,6,1,48115
18157,2020,6,1,18131
30043,2023,7,1,56039
48287,2022,3,4,"48015,48177,48015,48185"
51025,2021,8,1,37127
53063,2024,5,5,"30053,53025,53013,53021,53023"
18111,2025,4,1,18131
40111,2022,4,1,40133
51620,2021,6,1,37073
12109,2025,5,2,"12007,12007"
13133,2020,2,2,"13059,13059"
28137,2021,3,4,"05035,28009,05035,28027"
39107,2020,4,1,18009
39121,2024,4,1,54073
48073,2020,4,1,48313
18167,2020,7,2,"17035,17079"
12009,2025,1,2,"12105,12105"
01015,2024,3,1,13143
17111,2024,5,2,"55101,55101"
54003,2020,3,1,51840
12009,2020,7,1,12055
21173,2023,4,2,"21069,21069"
24033,2020,8,2,"51600,51610"
17193,2024,8,7,"17069,17165,21225,17165,18125,18173,21225"
28141,2020,4,1,47069
31053,2021,1,2,"31173,31173"
06073,2021,1,3,"04012,04027,04012"
39063,2020,10,3,"39171,39143,39143"
18131,2022,3,1,18157
47129,2025,4,5,"47173,47137,21147,21231,47137"
18049,2024,7,2,"18181,18181"
55031,2024,7,6,"27031,55003,27065,27071,55003,55003"
19073,2024,6,2,"19151,19151"
27005,2021,6,3,"27041,27153,27153"
13073,2025,6,3,"13163,13301,13163"
24017,2022,6,2,"51600,51610"
17135,2021,5,5,"17027,17027,17083,17027,17083"
31129,2023,8,1,31159
19165,2021,7,2,"19093,19193"
48245,2024,11,1,48407
47179,2020,4,4,"37121,51520,37121,37199"
06067,2024,2,2,"06009,06009"
51095,2020,8,1,51735
45019,2024,5,2,"45005,45049"
37175,2020,5,1,37199
01113,2025,2,4,"13061,13197,13197,13307"
48181,2023,9,1,40005
56037,2020,8,7,"49029,49033,56017,56029,16029,49033,49033"
47009,2025,4,3,"37113,37113,47173"
21195,2021,7,3,"21115,21115,51720"
13241,2023,1,6,"13011,13139,13311,13291,13311,13291"
38009,2021,6,2,"38083,38083"
05103,2021,3,2,"22027,22027"
05139,2024,12,7,"05017,05025,05025,05039,05019,05039,05017"
18155,2024,9,2,"21081,21081"
29087,2020,3,8,"19071,19145,31131,19145,31097,31131,31133,31133"
20155,2024,7,1,20097
48375,2025,4,1,35009
32033,2021,7,4,"32013,32001,49039,49039"
46121,2022,6,1,31091
22117,2024,8,2,"28077,28077"
40091,2021,4,2,"40029,40029"
19127,2020,3,2,"19079,19079"
01005,2024,5,3,"13053,13053,13307"
21101,2024,1,5,"21107,21055,21033,21055,21107"
29161,2025,5,2,"29151,29151"
13279,2022,6,3,"13309,13309,13309"
36031,2020,12,2,"50011,50015"
49035,2024,9,1,49009
28093,2020,1,2,"47069,47069"
30055,2023,8,1,30091
19063,2021,8,12,"19021,19035,19141,19143,19141,19143,19021,19143,27033,27105,27165,27165"
08055,2020,5,6,"08021,08105,08021,08025,08053,08105"
56037,2023,9,11,"08103,49047,49047,49029,49033,49051,56017,56029,16007,49033,49033"
27131,2021,5,2,"27163,27019"
29015,2021,3,1,29107
51061,2023,9,1,51685
49045,2022,9,6,"49029,49039,49029,49039,49029,49033"
42123,2024,10,4,"39007,42023,39007,42023"
18125,2023,9,1,17033
21227,2025,5,2,"21177,21177"
29087,2023,4,2,"19145,19145"
35045,2021,12,5,"08105,08111,08111,35028,35028"
55019,2023,7,8,"55005,55107,55069,55097,55135,55069,55107,55097"
49003,2025,6,4,"32013,32015,32033,32033"
12091,2022,6,3,"01013,01035,01035"
26005,2023,7,3,"26023,26149,26149"
29089,2022,6,5,"29051,29135,29033,29135,29033"
21089,2020,8,1,21063
20103,2022,6,1,20013
37003,2024,4,1,37011
12095,2024,5,3,"12055,12049,12055"
05141,2023,6,1,05065
51059,2020,4,1,51685
48051,2020,4,2,"48313,48313"
48297,2025,4,5,"48163,48493,48047,48047,48493"
21073,2021,6,1,21097
45017,2021,3,1,45011
05073,2025,6,3,"05109,05019,05109"
20063,2024,3,1,20083
48443,2022,9,1,48377
55007,2025,3,1,55051
21135,2024,8,3,"21181,21201,21201"
20053,2022,5,1,20123
48395,2021,4,2,"48287,48287"
19187,2022,8,3,"19021,19021,19041"
22051,2022,6,4,"22007,22093,22093,22117"
18067,2020,6,2,"18131,18009"
48479,2020,5,2,"48507,48507"
18107,2023,4,1,18181
40017,2022,10,5,"40043,40093,40075,40093,40103"
26107,2024,6,1,26143
19009,2021,6,2,"19093,19193"
16071,2022,9,3,"16053,49033,49033"
13105,2023,7,6,"13011,13157,13133,13265,13265,13301"
01093,2023,8,3,"28087,28117,28087"
23027,2024,6,2,"23023,23023"
47123,2022,7,1,13291
38101,2021,7,2,"38083,38083"
12033,2022,6,2,"01035,01039"
56025,2023,4,3,"56017,56039,56017"
13285,2021,8,1,13231
28009,2025,5,2,"28003,28003"
28087,2025,6,1,28019
18163,2024,3,1,21233
29083,2021,5,2,"29107,29107"
26011,2023,8,8,"26111,26111,26143,26001,26135,26001,26135,26143"
17157,2024,8,1,17199
20029,2024,8,8,"20141,20183,31129,31181,20141,31129,31169,31169"
29035,2023,2,4,"05021,29069,05021,29123"
13043,2025,5,5,"13163,13175,13283,13209,13283"
18079,2023,2,1,21223
37013,2020,8,1,37079
37097,2024,6,1,37005
17011,2022,6,1,17063
05043,2022,5,2,"22067,22067"
28015,2021,9,1,28013
05029,2024,5,1,05137
12099,2025,3,3,"12015,12015,12105"
38101,2024,8,2,"38083,38083"
13031,2025,5,3,"13163,13175,13283"
29169,2020,11,2,"29073,29073"
22117,2021,7,2,"28045,28045"
18171,2025,6,1,18023
51510,2024,7,1,51600
18103,2021,9,2,"18159,18159"
47037,2022,4,1,47111
08123,2021,8,1,08047
21107,2024,11,5,"21055,21219,21219,21055,21225"
19153,2025,6,2,"19117,19117"
29019,2022,6,2,"29151,29151"
32021,2023,9,3,"06003,06109,32029"
26075,2023,8,4,"26155,26115,26155,26115"
20033,2021,9,2,"40003,40003"
49035,2021,8,1,49039
39075,2024,4,2,"39103,39103"
47017,2020,5,1,47069
05007,2021,4,2,"05101,05101"
13229,2024,7,2,"13279,13065"
16003,2024,11,8,"16027,16075,16035,16061,16075,41023,53013,53023"
28153,2022,6,2,"28039,28039"
40077,2023,6,2,"40005,40005"
05031,2021,7,4,"05037,05035,05035,05037"
37041,2020,8,1,37095
21071,2020,7,1,51195
17073,2023,5,3,"19115,19115,17015"
17191,2023,7,1,17033
31021,2021,5,5,"19093,19193,19193,31043,31051"
17019,2022,6,4,"17091,17039,17039,18171"
48147,2022,2,2,"40095,40095"
21095,2023,6,1,51720
16037,2025,6,3,"16045,16047,16045"
39059,2021,6,3,"39083,39115,39115"
08069,2021,7,5,"08047,08019,08047,08107,08107"
51015,2025,5,2,"51530,51678"
51075,2023,6,2,"51036,51036"
49003,2022,5,9,"16053,16083,16041,16083,16041,49033,49029,49029,49033"
29061,2022,7,3,"29033,29177,29033"
54053,2023,7,1,54105
08123,2024,9,3,"08047,08049,08049"
29171,2022,3,1,29103
13147,2020,6,1,13059
12095,2021,4,2,"12055,12055"
45053,2024,6,1,45005
29007,2021,6,3,"29089,29073,29089"
05017,2024,6,6,"05011,05107,05011,05025,05107,28027"
47107,2021,12,1,13111
01131,2021,10,1,01039
31167,2023,8,4,"31173,31003,31003,31173"
47023,2025,5,4,"28003,28139,28003,28003"
19021,2020,6,1,19133
26061,2023,4,3,"55037,55041,55125"
04003,2020,7,2,"35017,35017"
20165,2024,7,2,"20141,20141"
22073,2021,7,2,"22027,22027"
47141,2021,9,2,"47027,47027"
35001,2024,7,3,"35003,35031,35031"
20049,2021,10,2,"40147,40147"
22027,2024,4,2,"05011,22127"
26043,2023,7,7,"55041,55125,55029,55041,55029,55041,55083"
13105,2020,6,2,"13059,13059"
37083,2025,6,2,"37187,37187"
21161,2021,6,2,"21097,21097"
48397,2025,1,1,48379
13297,2020,6,2,"13059,13059"
46075,2023,7,1,46015
48227,2020,4,2,"48165,48165"
51093,2021,3,2,"37073,37073"
28151,2021,5,3,"28027,28027,28135"
01111,2023,7,3,"13097,13121,13199"
25021,2022,5,4,"25001,25007,44005,25001"
28087,2022,5,1,28057
48323,2020,3,1,48247
48341,2023,5,2,"35037,35037"
39025,2025,6,3,"21097,21201,21097"
39089,2022,5,1,39005
29143,2024,6,2,"17003,17003"
17157,2021,7,2,"17027,17027"
28111,2021,4,1,28045
55133,2023,4,1,55047
12003,2020,6,1,13005
48401,2021,5,3,"48459,48459,48459"
54095,2022,6,1,54049
30095,2022,8,2,"30059,30059"
37029,2020,8,1,37095
48337,2021,7,2,"40033,40033"
39171,2023,6,5,"26023,26023,39095,39095,39173"
37015,2021,4,2,"37073,37073"
40139,2024,5,2,"40045,40059"
48013,2020,5,2,"48507,48507"
12015,2023,9,4,"12049,12081,12049,12081"
47151,2025,2,9,"21125,21199,21235,21053,21199,47173,21235,47173,21053"
47157,2022,8,9,"05037,05123,47097,28137,28137,47069,47075,47075,47097"
29029,2023,4,2,"29135,29135"
28035,2022,5,6,"28065,28065,28091,28045,28091,28045"
48391,2020,7,1,48321
39089,2025,6,6,"39075,39101,39117,39005,39075,39117"
12093,2023,6,4,"12027,12049,12049,12081"
13253,2025,2,1,13061
24011,2025,5,2,"24029,24029"
19153,2022,5,2,"19073,19073"
01083,2024,6,3,"47071,47117,47117"
20019,2024,6,1,40103
31075,2021,7,2,"31117,31117"
48331,2020,3,1,48313
26081,2020,8,1,26133
16081,2020,5,2,"16029,56029"
19121,2025,6,3,"19117,19185,19117"
08121,2020,6,1,08025
53047,2021,7,13,"53033,53037,53037,53065,53001,53005,53021,53037,53077,53001,53063,53065,53029"
19169,2024,6,2,"19069,19069"
17105,2021,12,1,17039
12017,2023,10,1,12041
31163,2020,5,1,31011
39169,2021,5,5,"39077,39083,39083,39099,39055"
21095,2020,5,1,51720
51007,2024,6,2,"51570,51670"
51015,2022,4,3,"51540,51678,51660"
45037,2025,6,1,13163
46123,2023,7,5,"31091,31015,31089,31015,46015"
04017,2023,8,13,"08083,35006,35031,35045,49025,08033,08083,08113,35045,49015,49017,49025,49055"
21103,2020,5,2,"21005,21005"
48273,2023,3,1,48007
37117,2023,6,2,"37091,37177"
05017,2021,5,1,28027
19175,2023,6,2,"19145,19145"
51191,2025,6,5,"37011,37005,51197,47067,51197"
13139,2021,10,11,"13119,13257,13059,13111,13257,13281,13059,13111,13291,13281,13291"
16019,2021,8,3,"16007,16041,16007"
41011,2024,1,3,"41033,41033,41035"
29071,2021,4,1,17083
37115,2021,3,2,"37121,37121"
27053,2024,8,2,"27079,27009"
48247,2023,4,1,48127
13017,2021,6,1,13309
19137,2023,6,2,"19165,19165"
56019,2020,6,3,"56029,56017,56029"
17009,2024,6,2,"17013,29173"
16039,2021,6,3,"16053,32013,16053"
51085,2025,6,1,51630
53075,2024,6,8,"16035,16035,53025,53071,53005,53025,53071,53025"
26103,2025,5,5,"26095,26153,26089,26153,55041"
41031,2020,5,4,"41025,41025,41037,41027"
27039,2024,8,1,27079
48381,2025,4,1,35009
01109,2024,5,1,13061
31049,2024,9,1,31117
48187,2023,10,1,48123
28143,2025,5,1,05041
13243,2023,8,3,"13053,13261,13261"
35015,2020,4,2,"48165,48141"
06073,2024,8,2,"04027,06037"
26165,2022,9,2,"26105,26105"
16033,2024,9,1,30023
29011,2024,6,1,20107
25025,2022,5,1,25001
08045,2021,6,3,"08065,08029,08065"
35027,2024,8,4,"48109,35003,35003,35006"
18057,2022,6,2,"18157,18109"
01073,2021,10,3,"01043,01107,01043"
21207,2022,8,2,"47027,47027"
22061,2023,6,1,05003
13077,2024,7,1,13143
48351,2021,10,3,"22003,22003,48457"
28107,2021,3,4,"28027,28027,05035,28027"
54025,2024,7,1,51580
53063,2024,9,7,"30053,53019,53025,53019,53013,53021,53023"
17053,2021,12,1,17039
51103,2021,7,2,"51131,51131"
17195,2025,5,7,"17123,17155,17085,19097,19115,19097,19105"
51720,2025,5,2,"21095,21195"
05001,2021,3,2,"05123,28027"
29055,2022,5,1,29151
13187,2024,7,3,"13013,13281,13281"
38003,2024,6,2,"38031,38031"
46025,2023,6,3,"46011,46011,46079"
34007,2023,9,2,"34011,34011"
21133,2022,6,3,"21189,51167,51720"
45075,2022,3,3,"45043,45089,45089"
53043,2024,6,11,"53021,53005,53017,53021,53037,53077,53007,53017,53013,53021,53023"
39161,2020,8,2,"18075,18075"
16011,2024,7,2,"16071,16071"
17105,2023,5,1,17147
13257,2023,1,7,"13139,13157,13195,13195,13139,13281,13311"
06047,2025,3,4,"06031,06109,06109,06109"
41025,2023,8,8,"06049,32019,32029,41069,41039,41043,41069,06049"
13117,2021,4,2,"13227,13227"
42079,2022,3,6,"42077,42095,42093,42095,42043,42077"
39037,2020,3,1,18009
01047,2023,6,5,"01007,01013,01023,01007,01013"
13321,2023,3,5,"13261,13315,13037,13261,13315"
18131,2022,7,3,"18015,18015,18157"
08077,2022,7,5,"08037,49047,08037,08065,49047"
27005,2021,10,3,"27041,27153,27153"
13219,2023,4,17,"13135,13139,13195,13141,13265,13011,13135,13139,13195,13159,13217,13195,13265,13317,13135,13217,13247"
46037,2021,10,4,"46005,46077,27073,46005"
28049,2022,7,5,"28063,28063,28077,28065,28077"
51107,2020,9,3,"51600,51610,51685"
05013,2021,4,1,22027
01101,2023,6,2,"01013,01013"
35035,2020,9,1,35017
19147,2023,8,11,"19035,19093,19141,19035,19141,19143,19141,19143,27063,27063,19189"
51095,2020,12,1,51735
37175,2020,9,3,"37199,37113,37113"
26055,2024,6,4,"26029,26143,26029,26143"
31101,2025,5,4,"08115,31047,31171,08115"
26103,2020,9,2,"26095,26089"
19193,2025,4,1,31179
21047,2023,3,1,47079
37089,2021,3,1,37199
29183,2023,2,1,29221
38031,2021,8,1,38083
25009,2023,6,2,"33013,33013"
20191,2024,5,3,"40003,40003,40103"
22117,2024,12,1,28065
49017,2022,10,4,"49027,49041,49041,49041"
21075,2021,5,2,"47183,47183"
40143,2023,8,2,"40103,40103"
26041,2021,7,3,"26095,26095,26097"
21191,2021,4,2,"21201,21201"
01005,2024,9,4,"01041,13053,13053,13307"
46115,2022,4,2,"46077,46077"
51197,2025,2,1,37005
29111,2024,4,1,29173
22031,2024,4,1,22127
39003,2023,4,6,"39147,39173,39175,39101,39175,39173"
48191,2023,8,2,"48011,48011"
12001,2024,5,2,"12017,12017"
40009,2022,8,3,"40043,48197,40043"
19113,2023,7,1,19115
48059,2022,5,4,"48093,48333,48093,48433"
42021,2025,5,1,42023
13161,2024,7,5,"13283,13315,13283,13175,13283"
06059,2023,3,4,"04012,06025,04012,06025"
26165,2024,2,4,"26089,26089,26143,26143"
55075,2021,7,1,26089
13057,2023,4,19,"13223,13233,13097,13223,13123,13139,13187,13135,13139,13045,13089,13097,13113,13135,13123,13213,13295,13313,13123"
48283,2020,6,4,"48507,48247,48507,48247"
35013,2024,7,2,"48109,35003"
20005,2022,5,2,"31147,31147"
01045,2025,2,3,"13061,13259,13061"
16031,2024,8,1,32015
17071,2020,9,2,"17169,17169"
13205,2023,1,2,"13037,13037"
37067,2025,5,1,37005
12091,2022,10,3,"01013,01035,01035"
26137,2023,6,15,"26047,26097,26047,26097,26141,26129,26143,26143,26007,26141,26001,26007,26069,26129,26143"
29067,2023,9,1,29149
37003,2024,8,2,"37011,37005"
47097,2020,5,1,47069
12095,2024,9,3,"12119,12049,12119"
18149,2025,4,1,18103
51059,2020,8,1,51685
28091,2021,2,1,28045
51019,2022,8,2,"51775,51678"
45017,2021,7,1,45011
29037,2021,6,2,"29107,29107"
30035,2023,8,1,30015
30089,2025,5,6,"53051,16009,16035,16057,16035,16035"
13065,2025,5,2,"12007,12041"
20035,2023,7,4,"40053,40053,40103,40103"
19179,2022,8,2,"19185,19185"
45007,2025,6,2,"13221,37113"
17035,2024,9,1,17159
27017,2021,4,1,27025
40033,2022,6,2,"40075,40075"
51550,2022,8,1,37055
05135,2023,4,3,"05055,05021,05055"
24035,2023,7,1,34011
22067,2021,4,2,"22027,22027"
21171,2025,6,4,"21053,21053,47137,47159"
21195,2020,3,1,51720
04017,2020,5,2,"35006,35031"
08117,2024,6,4,"08047,08047,08015,08015"
39149,2020,3,2,"18075,18075"
56025,2023,8,4,"08081,56017,56039,56017"
21217,2025,6,1,21199
31025,2023,6,3,"19145,19145,31159"
49053,2020,8,1,32033
17139,2023,2,4,"17023,17035,17035,17051"
37139,2020,8,1,37095
29023,2021,4,2,"29179,29179"
37039,2020,6,2,"13281,13281"
40071,2023,8,3,"40003,40093,40003"
17101,2020,4,2,"17079,17079"
48277,2023,6,2,"40005,40005"
24023,2023,7,2,"54093,54093"
08029,2023,4,9,"08015,08053,08091,08109,08045,49037,08091,08113,49037"
05069,2023,6,2,"05107,05011"
37131,2022,5,1,51595
48479,2023,10,2,"48047,48047"
01095,2023,7,3,"13055,13083,13083"
48501,2022,5,2,"48115,48115"
28147,2022,6,5,"28065,28037,28063,28065,28073"
48149,2021,10,1,48185
11001,2020,4,1,51610
01099,2022,1,3,"01039,01039,01039"
37179,2025,6,1,45023
08017,2021,6,1,08011
39119,2023,4,3,"39075,39083,39083"
51133,2021,8,1,51131
47003,2022,4,3,"47051,47051,47051"
22105,2024,7,3,"28147,28037,28147"
48453,2022,5,3,"48149,48149,48177"
51117,2021,7,1,37127
48065,2024,4,1,48191
18017,2025,4,2,"18023,18023"
47037,2022,8,1,47159
06041,2020,1,3,"06113,06033,06045"
13277,2025,4,2,"13173,13315"
27111,2022,9,2,"27155,27155"
30003,2021,6,2,"56029,56029"
48287,2024,5,3,"48395,48145,48395"
40007,2020,7,2,"20033,20033"
13271,2020,3,1,13283
49045,2024,6,3,"16083,32015,16071"
45035,2022,4,3,"45043,45089,45043"
36013,2024,8,1,39007
06061,2025,2,2,"32013,41037"
19131,2022,5,4,"19023,19197,19023,19023"
51061,2020,12,1,51685
16071,2021,5,3,"16053,16007,16007"
47115,2023,6,2,"13047,13313"
51047,2024,7,2,"51630,51630"
48213,2021,3,2,"48459,48379"
13235,2024,6,7,"13175,13175,13271,13193,13193,13225,13271"
49003,2022,9,5,"16053,49033,49029,49029,49033"
39029,2023,7,2,"39153,39169"
28061,2024,6,2,"28111,28111"
21131,2020,7,1,51195
51073,2021,8,4,"51131,51131,51131,51735"
37061,2020,8,2,"37079,37079"
18045,2025,6,2,"18023,18023"
34019,2022,2,3,"42095,42077,42095"
55021,2020,6,2,"55055,55055"
46043,2020,8,1,31107
24005,2025,5,2,"24035,24035"
31107,2022,5,10,"31103,31051,46027,31103,46067,46015,46067,46027,46067,46125"
19161,2021,7,9,"19041,19141,19041,19141,19167,19193,19193,19193,19041"
30083,2023,7,2,"30091,30091"
47179,2022,6,1,51520
32013,2020,7,14,"16083,16083,32033,32001,32001,06049,06057,32001,32019,32029,41037,41037,16075,16087"
48085,2022,6,1,40095
55061,2020,2,2,"26089,26089"
54009,2024,8,4,"39019,39067,54051,54051"
34025,2022,7,5,"34019,36005,36047,36061,36047"
21111,2021,4,2,"21163,21163"
35047,2021,7,1,35028
36103,2024,12,1,44005
13199,2021,7,5,"13149,13053,13269,13149,13269"
16039,2024,11,2,"16027,16027"
31149,2020,6,3,"31107,31003,31107"
48187,2025,6,3,"48255,48285,48255"
06029,2022,8,3,"06053,04012,06053"
12071,2020,3,3,"12027,12055,12055"
20015,2023,4,1,40053
26013,2023,5,3,"55037,55041,55125"
51145,2025,6,1,51670
20089,2024,4,1,31095
21115,2020,6,2,"21063,21063"
08083,2024,9,5,"04009,35003,35006,35031,35031"
25021,2022,9,1,25007
31129,2022,4,2,"20123,31061"
28087,2022,9,3,"28017,28017,28057"
35015,2023,9,5,"35041,35041,48501,48243,48243"
39089,2022,9,1,39005
29141,2024,3,5,"29083,29089,29083,29101,29107"
48467,2024,6,2,"48161,48349"
55133,2023,8,1,55047
29165,2020,5,4,"20043,20043,29177,29177"
37113,2023,3,4,"13281,13291,13281,13291"
25001,2021,9,1,25019
05023,2023,7,2,"05065,05065"
22029,2021,7,6,"22047,22099,22121,22037,22121,22037"
13199,2024,8,1,13053
56031,2022,4,2,"56007,56007"
20193,2024,8,1,31065
21083,2020,8,1,21143
17191,2022,3,2,"17079,17079"
48423,2025,4,3,"48225,48379,48379"
48005,2024,4,4,"48289,48313,48407,48407"
40061,2021,5,1,40029
53073,2023,10,8,"53007,53017,53025,53029,53031,53007,53029,53061"
19079,2022,5,5,"19073,19023,19023,19025,19073"
48477,2023,6,1,48481
13091,2020,3,4,"13283,13017,13283,13017"
18051,2023,3,2,"17159,17033"
08059,2020,6,1,08065
13035,2021,5,3,"13231,13021,13231"
26081,2025,6,3,"26073,26105,26133"
18059,2020,8,1,18135
26095,2024,6,7,"26083,26141,26029,26047,26141,26029,26089"
13253,2025,6,2,"13037,13061"
19153,2022,9,2,"19079,19079"
31003,2021,6,4,"31015,31015,46009,46135"
26111,2020,4,2,"26133,26133"
53047,2021,11,10,"53033,53037,53037,53001,53005,53021,53037,53077,53001,53029"
20131,2020,6,7,"20043,31067,31067,31097,31127,20043,31127"
22097,2025,5,3,"22029,22029,22007"
12021,2023,9,2,"12043,12043"
19019,2024,7,1,19031
13135,2020,4,2,"13059,13059"
19073,2021,12,1,19021
13021,2025,2,10,"13193,13023,13093,13193,13235,13237,13319,13023,13175,13319"
08113,2020,7,2,"08053,08053"
31083,2024,4,2,"31073,31073"
40061,2024,6,1,40005
40153,2022,9,2,"40003,40003"
54031,2020,7,1,51840
29189,2021,8,1,29073
19111,2023,8,2,"19115,19115"
27001,2021,7,5,"27153,27159,27025,27009,27025"
51015,2022,8,3,"51540,51678,51660"
08059,2023,7,5,"08117,08015,08043,08117,08043"
47137,2020,2,2,"21207,21207"
08071,2023,8,8,"08003,08021,35055,08003,08109,08043,35055,35037"
48355,2023,8,2,"48391,48391"
36077,2023,6,2,"36093,36093"
46009,2020,7,4,"31003,31027,31139,31027"
46125,2020,3,3,"31027,31027,31107"
29129,2022,6,1,29197
20201,2020,7,8,"31133,31097,31109,31131,31133,31151,31151,31151"
54101,2023,8,1,54093
29099,2024,4,2,"29157,29157"
22001,2021,12,2,"22003,22003"
22099,2020,1,1,22093
51830,2020,8,1,51735
47019,2024,9,1,37009
21041,2025,4,1,18143
36031,2021,6,1,50015
28083,2021,6,2,"28027,28027"
36049,2023,8,1,36033
38059,2024,8,1,38083
39021,2025,4,1,39101
17167,2020,5,2,"17169,17083"
41061,2021,8,7,"16003,41049,41069,41049,53005,16003,53003"
06043,2024,7,1,06069
46053,2020,8,2,"31107,31107"
55063,2023,10,2,"55035,55035"
13211,2024,8,2,"13013,13013"
37115,2021,7,2,"37121,37121"
33013,2020,5,1,50017
30067,2024,6,2,"30037,30037"
16039,2021,10,6,"16045,16045,16085,16085,16053,16053"
53015,2022,5,10,"41007,53027,53049,53053,53067,53077,41027,53077,41007,53049"
04025,2024,7,3,"04009,04027,04027"
42013,2022,6,2,"42087,42087"
06097,2021,11,4,"06075,06021,06075,06021"
26013,2020,4,2,"26083,26083"
51051,2025,6,4,"21071,21119,21159,21095"
51169,2020,1,5,"47091,51520,47091,51520,51720"
08083,2021,8,5,"08007,08053,08053,08091,08007"
16077,2021,7,4,"16041,16025,16053,16041"
12103,2024,4,1,12049
12111,2024,1,1,12055
37031,2023,8,1,37177
48069,2023,7,3,"35037,48011,48011"
01121,2023,7,2,"13045,01007"
37113,2020,2,2,"13281,13281"
19033,2023,8,2,"19079,19079"
13111,2023,4,6,"13139,13139,13311,13313,13281,13311"
13263,2022,6,5,"13259,13249,13259,13307,13249"
30031,2020,6,6,"16065,30023,30077,30093,30093,56017"
08005,2021,8,2,"08019,08047"
48477,2020,5,4,"48481,48313,48285,48313"
16053,2025,5,2,"32007,32007"
29017,2024,3,1,17003
46039,2023,5,8,"27011,27151,27117,46101,27117,46079,46101,27011"
56045,2020,5,1,56033
48465,2024,3,1,48323
13001,2020,6,1,13283
47097,2025,5,1,47069
55071,2022,7,4,"26019,26127,26019,26127"
37163,2021,7,1,37127
21215,2025,6,2,"21239,21103"
30105,2022,2,2,"30005,30027"
19073,2023,5,4,"19079,19021,19165,19079"
05079,2022,11,6,"05107,05011,05107,28011,05003,05011"
13073,2024,5,5,"13317,13163,13301,13317,13163"
45075,2022,7,2,"45089,45089"
46011,2024,7,3,"27173,27073,27173"
06035,2020,11,7,"41037,06115,06115,06061,32001,32029,41037"
48295,2024,5,6,"40059,40043,40059,40129,40153,40129"
39011,2020,7,1,18075
20143,2024,3,2,"20141,20141"
26109,2021,7,2,"26089,26089"
17049,2021,5,1,17027
39037,2020,7,1,18009
27015,2023,8,7,"27161,27063,27105,27173,27023,27173,27063"
45065,2024,1,3,"13195,13317,13317"
13207,2024,8,2,"13193,13225"
49051,2020,6,5,"49007,49029,49029,49033,49007"
19107,2022,6,3,"19087,19087,19115"
06023,2024,11,2,"41033,41033"
28085,2024,2,1,22107
48329,2020,6,2,"48165,48165"
51087,2024,7,2,"51570,51670"
51105,2023,6,1,51720
42029,2022,9,3,"42077,42017,42077"
29201,2024,6,1,29157
45027,2022,3,3,"45043,45033,45043"
42053,2024,10,5,"42023,42023,42039,42039,42049"
29049,2022,3,2,"29033,29033"
26071,2022,5,3,"26083,26083,26083"
48155,2025,5,1,40057
38077,2023,8,3,"27011,27149,27011"
47147,2022,2,2,"47083,47111"
16019,2023,5,2,"49033,56041"
31127,2024,7,1,29003
17057,2020,6,3,"17017,17129,17017"
37039,2025,6,2,"13281,13281"
17117,2023,2,2,"17051,17173"
18027,2023,8,1,17033
13181,2025,6,5,"13221,13163,13301,13221,13301"
41051,2021,1,5,"41065,41065,53039,53039,53077"
46115,2022,8,2,"46077,46077"
17133,2025,4,2,"29157,29157"
13213,2021,12,1,13291
35049,2021,7,2,"08007,08021"
39045,2023,4,2,"39083,39115"
39003,2023,8,3,"39173,39039,39173"
40089,2025,5,1,05109
21187,2024,9,3,"21097,21017,21097"
04025,2021,6,3,"04027,06025,04027"
54035,2025,6,1,54073
23021,2020,4,2,"23029,23029"
51075,2025,6,1,51670
29175,2021,6,1,29103
51051,2022,5,1,51720
06065,2022,3,2,"04027,04027"
01109,2021,8,1,13259
48123,2023,4,2,"48391,48391"
01075,2023,8,1,28105
29025,2024,10,2,"29079,29079"
33009,2022,12,7,"50015,50019,50019,50001,50001,50003,50021"
28053,2022,5,1,28027
48049,2022,5,1,48327
01045,2025,6,4,"13061,13239,13259,13061"
29173,2020,5,4,"17013,29205,29205,17013"
35043,2020,6,1,08021
47163,2022,2,2,"51167,51167"
51141,2025,6,2,"37005,51197"
37003,2024,12,2,"37011,37005"
48207,2022,11,1,48487
37051,2025,4,2,"37141,37141"
17153,2021,3,3,"17165,21039,21039"
48199,2024,11,3,"48407,48407,48455"
18107,2022,3,3,"18159,18109,18109"
21147,2024,5,2,"47137,47137"
25003,2020,12,1,36079
13089,2021,8,2,"13117,13117"
08029,2020,7,2,"08053,08109"
30087,2022,7,2,"30027,30027"
46085,2020,7,1,31107
26131,2023,4,6,"55051,55125,55037,55041,55125,55051"
23027,2023,5,2,"23023,23023"
06003,2021,10,1,32510
17195,2022,8,1,19115
21057,2021,1,2,"47137,47137"
20087,2020,5,1,20043
05135,2023,8,3,"05055,05021,05055"
48211,2022,6,2,"40043,40043"
51167,2023,5,4,"51021,51021,51520,51720"
54047,2022,7,2,"51167,51167"
08001,2024,7,2,"08019,08047"
17185,2020,3,1,17079
47135,2022,4,4,"47017,47083,47017,47083"
05041,2021,3,2,"28027,28027"
39149,2020,7,3,"18075,18135,18075"
39097,2024,12,1,39101
19175,2020,7,5,"19009,19137,19145,19137,19145"
54039,2023,7,7,"54045,54109,54105,54045,54059,54109,54105"
13237,2021,1,1,13021
05027,2022,5,1,22067
01069,2024,4,2,"13061,13061"
21169,2022,1,3,"47027,47027,47111"
46037,2023,7,4,"46005,27011,27011,46005"
05013,2023,1,3,"05003,05003,22067"
21187,2023,1,2,"21223,21223"
04005,2021,6,3,"04012,04012,08033"
46085,2023,8,5,"31015,46067,31015,31103,31103"
13183,2025,5,2,"13109,13109"
18087,2025,6,2,"39171,39171"
06071,2024,5,5,"04027,06031,06079,06111,06111"
27017,2024,9,3,"27065,27065,27071"
48079,2020,6,5,"48165,48369,48369,48165,48165"
42069,2022,6,3,"42025,42025,42095"
16079,2024,9,2,"30053,30053"
26103,2022,6,3,"26095,26153,26153"
32023,2023,6,8,"32019,49001,49021,49027,32019,49023,49027,49045"
41003,2021,1,3,"41019,41035,41031"
23031,2024,1,1,23023
48387,2021,4,1,48459
47153,2023,8,4,"13047,13083,13313,13083"
17185,2023,4,3,"17033,17033,17033"
32033,2023,8,5,"49003,49021,49041,49003,49011"
20173,2022,11,1,40053
29127,2021,6,2,"29103,29103"
47165,2024,8,1,21219
48091,2022,3,2,"48013,48177"
29135,2024,4,3,"29089,29175,29089"
26023,2025,4,2,"39171,39171"
13247,2024,4,3,"13013,13117,13013"
44007,2024,5,1,25025
53069,2022,2,7,"53059,53027,53053,53059,53067,53077,53027"
16023,2021,6,4,"16025,16015,16065,16049"
18095,2025,4,3,"18103,18023,18023"
51197,2022,5,1,51167
56041,2020,6,5,"16041,49005,49029,49029,16029"
28001,2020,9,3,"22077,28005,28005"
22103,2022,7,4,"22093,28091,28073,28091"
28137,2023,9,7,"05035,28161,28135,28161,05035,05107,28027"
49045,2024,10,1,32015
51017,2024,4,4,"51580,51790,51530,51678"
45035,2022,8,1,45089
21007,2024,6,1,21139
55093,2021,5,1,27025
01103,2022,3,1,47051
30103,2024,5,1,30037
51139,2022,7,1,51660
55021,2020,10,1,55103
13217,2025,5,4,"13237,13219,13237,13219"
01119,2022,12,10,"28023,28099,28101,28159,28023,28061,28099,28101,28105,28159"
21209,2021,2,3,"21173,21023,21201"
29121,2021,8,3,"29197,29089,29089"
33011,2024,5,2,"25025,25025"
28047,2022,5,1,28091
56009,2021,5,1,08107
30089,2022,8,6,"16009,30035,30049,30073,30099,30039"
48037,2020,6,1,48119
48009,2022,11,1,48197
48085,2022,10,1,40095
20187,2021,7,2,"08011,08011"
55061,2020,6,2,"26089,26089"
29021,2025,6,3,"29025,29025,29061"
01089,2021,7,2,"01079,01079"
39153,2024,5,3,"39085,39007,39085"
41017,2022,8,11,"41047,06049,41019,41029,06049,41003,41019,41041,41003,41047,41053"
06029,2022,12,3,"06053,04012,06053"
37191,2025,4,2,"37141,37141"
20015,2023,8,1,40053
40037,2023,8,2,"40103,40103"
22035,2024,6,2,"22107,22107"
21145,2023,2,1,47079
47129,2024,4,2,"47137,47137"
17139,2020,5,2,"17035,17035"
18061,2021,6,1,18093
21211,2020,5,2,"21223,21223"
49055,2025,6,4,"08045,08085,08083,08085"
16073,2022,6,8,"16045,16045,16025,16037,16053,32027,32031,16087"
37113,2023,7,4,"13281,13291,13281,13291"
54075,2024,1,3,"54067,54093,54067"
17173,2020,6,2,"17079,17079"
13199,2024,12,2,"13053,13197"
29159,2020,3,3,"29033,29177,29033"
17001,2022,9,1,17071
54027,2020,3,1,51840
17039,2020,7,1,17129
37037,2021,7,1,37127
18021,2021,6,2,"18093,18101"
12081,2022,10,3,"12055,12055,12055"
12043,2024,7,4,"12027,12115,12027,12049"
06045,2023,3,5,"06015,06055,06013,06041,06055"
06059,2020,4,1,06111
12099,2022,10,2,"12055,12055"
49017,2021,6,1,08033
54019,2025,6,2,"54063,54063"
29135,2021,3,2,"29089,29089"
18157,2024,5,1,18111
48425,2021,8,1,48093
27143,2021,9,8,"27171,27093,27171,27023,27067,27093,27127,27173"
48107,2024,6,1,48191
29159,2023,4,2,"29135,29135"
05095,2023,2,6,"05035,28143,28011,28027,28143,05035"
04007,2021,8,3,"04012,04027,04012"
36027,2024,7,1,34031
24033,2024,7,1,51600
51125,2024,4,3,"51790,51530,51678"
06089,2024,12,1,41033
21171,2021,1,3,"21001,21001,47137"
30057,2024,8,3,"30023,30023,30023"
47161,2022,3,3,"47017,47039,47017"
48007,2022,9,6,"48321,48249,48025,48025,48249,48297"
54071,2020,12,1,51820
49013,2025,6,3,"49019,08045,49019"
23013,2020,8,2,"23029,23023"
08001,2021,4,2,"08019,08047"
26121,2023,7,2,"26105,26105"
22099,2020,5,1,22093
19161,2023,4,8,"19141,19165,19141,19149,19167,19133,19165,19133"
51830,2020,12,1,51735
42009,2022,5,1,42087
23007,2024,6,2,"23023,23023"
51095,2024,7,1,51735
47015,2023,3,2,"47061,47061"
19051,2024,7,2,"19087,19087"
48285,2024,1,4,"48481,48477,48481,48391"
19149,2020,3,1,19133
46063,2024,5,1,30109
05117,2022,3,3,"05123,05037,05123"
34041,2022,7,6,"34021,34021,42077,42025,42025,42077"
41039,2022,8,12,"41053,41037,41015,41029,41033,06049,41029,41037,41053,41057,41047,41053"
27107,2021,6,4,"27029,27159,27029,27029"
26017,2022,9,2,"26069,26069"
32005,2024,9,4,"06109,06109,32029,32029"
40135,2025,6,1,05113
46023,2020,6,3,"31003,31027,31139"
05131,2025,5,2,"05113,05113"
42015,2023,8,1,42093
19085,2023,8,5,"19093,19093,31173,19129,31173"
51185,2023,6,5,"54059,54059,54109,54089,54109"
13293,2025,2,5,"13193,13053,13197,13193,13197"
29131,2021,12,2,"29073,29073"
21129,2021,6,1,21173
42127,2025,4,2,"34037,34037"
51059,2021,2,1,51685
22059,2023,7,1,22107
47121,2024,1,1,13047
48323,2022,4,1,48247
22111,2022,12,5,"05011,05011,22083,22123,22083"
26025,2025,5,1,39171
55031,2025,3,1,27065
25001,2023,6,2,"25019,25025"
45015,2021,6,1,45011
48303,2023,9,2,"48501,48501"
51053,2022,5,2,"37185,51595"
30111,2022,7,2,"30027,30027"
41047,2022,3,5,"41027,41013,41041,41021,41027"
29107,2023,2,1,20209
17153,2024,8,8,"17151,17165,17199,17151,21139,17199,29157,21139"
12099,2024,3,2,"12055,12055"
13119,2025,6,2,"13221,37113"
28137,2020,6,1,28009
45019,2020,7,2,"45089,45089"
28037,2020,10,2,"22105,28147"
01015,2023,6,2,"13055,13045"
08119,2024,8,7,"08015,08109,08019,08047,08015,08019,08065"
10003,2023,9,3,"34011,34011,34011"
16001,2020,5,6,"16075,16025,16083,16075,16087,16083"
17045,2023,7,5,"17147,17033,17035,17035,17147"
21073,2025,5,3,"21223,21017,21097"
47053,2021,3,2,"47095,47095"
19099,2023,3,1,19079
29195,2025,6,1,29025
29139,2025,4,1,29137
46039,2023,9,8,"27023,27151,27117,46101,27023,27117,46079,46101"
01011,2025,5,5,"13061,13259,01085,13053,13259"
26081,2022,9,3,"26037,26037,26105"
08039,2023,7,1,08043
38059,2023,4,1,38083
37169,2022,9,1,37005
35005,2024,8,2,"48109,48109"
29023,2023,4,3,"05055,05055,29123"
48019,2024,7,1,48323
30105,2022,6,2,"30005,30027"
18003,2020,7,3,"18075,18009,18075"
47111,2021,7,1,47137
13229,2023,7,1,13279
13073,2024,9,3,"13163,13301,13163"
22097,2022,8,6,"22125,22047,22121,22125,22007,22047"
39015,2023,3,1,21069
20143,2024,7,2,"20141,20141"
17117,2020,5,5,"17013,17013,17017,17017,17129"
28115,2021,6,1,28009
45065,2024,5,3,"13195,13317,13317"
13315,2022,6,2,"13309,13309"
51800,2023,7,9,"37177,37091,51095,51620,37091,51183,51620,51095,51199"
28085,2024,6,1,22107
35053,2020,9,2,"35017,35017"
08013,2022,7,5,"08019,08019,08037,08019,08093"
20201,2022,4,3,"20089,20123,20089"
42051,2022,5,1,54009
29021,2022,3,1,31147
27137,2023,8,1,27095
48275,2024,2,5,"48009,48487,48487,48009,48429"
26159,2024,2,1,55101
29049,2022,7,3,"29033,29117,29033"
26121,2020,6,1,26133
42089,2024,5,3,"34031,42131,42131"
22045,2020,4,3,"22093,22077,22077"
51149,2024,8,2,"51570,51570"
05083,2024,8,2,"05113,05105"
49035,2022,6,4,"49033,49033,56041,49039"
04013,2024,9,3,"04009,04009,04009"
19051,2021,6,1,29103
21149,2021,5,2,"21091,21091"
17117,2023,6,1,17051
56019,2022,7,3,"56007,56007,56017"
51640,2020,1,1,47091
32005,2021,8,3,"32001,32029,32029"
33015,2023,8,1,25025
42101,2022,5,5,"34021,34021,42077,42095,42077"
20041,2022,4,1,20123
08097,2020,6,3,"08109,08053,08109"
29147,2021,12,1,31147
21155,2020,7,2,"21005,21005"
13091,2022,5,2,"13319,13319"
18177,2020,7,2,"18075,18075"
45085,2022,5,3,"45089,45033,45089"
42127,2022,3,2,"42025,42095"
06065,2022,7,2,"04027,04027"
01109,2021,12,3,"13259,01039,01039"
48069,2025,4,2,"35009,35009"
55009,2020,7,5,"26019,26089,26019,55078,55078"
21149,2024,6,8,"18173,18173,21225,21033,21219,21033,21055,21225"
19017,2024,6,2,"19069,19069"
47017,2024,4,8,"47085,47135,47071,47135,47023,47071,47023,47075"
27007,2024,8,2,"38099,27125"
31151,2022,10,3,"31023,31023,31023"
13237,2024,8,4,"13219,13125,13301,13219"
26101,2024,4,2,"26089,26089"
24017,2020,1,3,"51600,51610,51685"
47163,2022,6,2,"51167,51167"
20091,2021,6,1,29107
56013,2024,9,2,"08107,49009"
39049,2023,2,5,"39083,39101,39117,39083,39101"
40123,2022,11,5,"40005,40019,40005,40019,40019"
48193,2024,2,2,"48309,48309"
30047,2023,5,5,"16035,30061,16017,16079,30061"
08005,2023,5,3,"08019,08047,08093"
20041,2025,5,1,20123
48469,2023,10,5,"48007,48089,48481,48089,48007"
48181,2021,4,1,48119
13245,2022,5,4,"13125,13301,13301,13317"
06103,2021,10,2,"06033,06033"
05139,2022,7,1,22083
53017,2022,6,11,"53033,53057,53061,53001,53005,53021,53077,53033,53077,53057,53073"
29007,2025,5,3,"29151,29073,29151"
21199,2021,4,1,47137
13089,2021,12,2,"13013,13157"
17045,2020,6,3,"17035,17079,17035"
22019,2021,3,1,48199
27057,2021,9,3,"27135,27153,27153"
13107,2022,5,6,"13125,13301,13319,13309,13319,13309"
12033,2021,9,1,01039
47019,2020,4,3,"37199,51520,37199"
05079,2024,8,3,"05011,05039,05011"
56007,2024,6,2,"49009,49009"
13079,2024,7,2,"13249,13249"
31035,2020,7,6,"31095,31151,31159,31023,31151,31159"
20091,2024,7,6,"20107,20107,29083,29101,29101,29107"
48019,2021,6,2,"48507,48507"
05041,2021,7,3,"28027,28143,28027"
27167,2023,8,8,"27041,27121,27149,27041,27153,27159,27011,27149"
13073,2021,8,3,"13317,13301,13317"
13211,2020,3,1,13059
17161,2022,11,1,17175
51001,2022,6,1,51735
25027,2020,6,1,44001
12089,2024,7,1,13065
06103,2024,11,2,"06093,06093"
17191,2024,3,2,"17145,17033"
28049,2024,8,6,"22107,28063,28063,28077,28077,22107"
42043,2023,4,1,42093
39013,2022,3,2,"54009,54009"
28021,2025,6,2,"22029,22041"
01123,2021,7,1,13149
39009,2023,2,1,54105
47009,2021,6,4,"37113,37087,37113,37087"
54099,2021,8,2,"21115,21115"
18121,2021,12,1,18109
06071,2024,9,5,"04027,06031,06079,06111,06111"
06017,2024,9,1,06109
17113,2025,6,1,17123
25005,2024,1,3,"25019,25025,25025"
39031,2022,5,2,"39005,39005"
47155,2022,5,2,"37099,37099"
48401,2025,4,1,48225
13139,2020,10,2,"13281,13281"
27065,2021,4,2,"27163,27009"
19077,2020,6,5,"19165,19165,19137,19155,19165"
38095,2021,7,1,38083
37035,2024,5,2,"37011,37011"
08073,2023,8,2,"08043,08043"
35027,2020,7,3,"48141,35017,35006"
18147,2024,6,2,"21183,21183"
42123,2025,6,4,"39007,42023,39007,42023"
29147,2023,5,2,"19129,31147"
38035,2021,8,2,"27135,27029"
35045,2022,8,4,"08111,08111,35028,35028"
18099,2023,4,3,"26149,18103,18181"
13155,2023,1,2,"13315,13315"
40011,2024,11,1,40003
46067,2020,3,4,"31107,31107,31027,31107"
29175,2023,3,1,29135
42055,2022,6,5,"42043,42087,42043,42087,42043"
19027,2020,10,1,19035
29219,2023,2,1,29221
51119,2020,4,1,51735
29067,2024,1,1,29149
38025,2021,7,1,38083
41063,2020,2,8,"16045,16087,16035,16059,16061,16035,16061,16087"
29045,2022,6,6,"17071,17071,19087,19087,19101,29197"
54043,2020,4,2,"21159,21159"
01011,2022,2,3,"13259,13053,13259"
48053,2022,3,2,"48333,48333"
32017,2021,9,3,"04012,32001,49039"
05119,2025,6,3,"05025,05039,05025"
41059,2020,2,3,"41025,53023,53023"
55131,2020,7,2,"55055,55055"
19177,2020,6,2,"29103,29103"
06103,2023,3,2,"06097,06049"
47129,2021,7,3,"47137,47105,47137"
20121,2024,8,3,"29083,29083,29101"
48469,2020,9,2,"48255,48255"
21209,2021,6,2,"21173,21201"
37183,2022,6,2,"37185,37185"
48347,2024,2,1,48455
27017,2023,5,1,27095
48249,2021,5,2,"48247,48247"
18041,2024,6,2,"18059,18059"
51161,2025,6,1,54063
23027,2020,8,4,"23029,23023,23023,23029"
51167,2025,2,6,"21195,21195,47067,21095,21133,21195"
16087,2021,6,7,"16049,41063,16015,41023,41063,32013,41023"
21043,2025,4,8,"21175,21159,21175,21069,21011,21069,21165,21175"
18129,2020,7,1,21055
35033,2022,7,2,"35028,35028"
13073,2023,1,5,"13317,13163,13301,13317,13163"
28087,2021,8,1,28057
22071,2025,4,2,"22095,22095"
19039,2025,4,2,"19007,19007"
39033,2024,3,1,39173
45057,2021,7,3,"45087,45087,45087"
46135,2020,4,3,"31139,31003,31139"
37155,2022,6,3,"37141,37141,45043"
04023,2021,9,1,04027
22029,2020,6,1,22047
18091,2023,6,3,"18131,18181,18131"
48251,2022,12,1,48193
42133,2025,4,2,"24029,24029"
01001,2023,7,2,"01007,01013"
24031,2022,6,3,"51610,51600,51610"
01091,2023,6,5,"28075,01007,01007,28075,01013"
06071,2021,8,4,"04027,06025,06079,06025"
45045,2022,4,2,"37099,13147"
41005,2025,2,9,"53039,53059,41009,53059,41021,41069,53039,41007,41009"
40099,2021,4,2,"40029,40029"
54075,2024,5,1,54093
18103,2022,5,2,"18159,18159"
54043,2025,3,3,"21159,21195,21159"
55045,2025,5,2,"17085,17085"
54027,2020,7,1,51840
31111,2023,9,1,31091
47139,2023,7,7,"13123,13187,13291,13123,13313,13291,13313"
31179,2024,7,1,31011
16061,2022,12,6,"16079,30061,16003,41063,41063,53003"
47149,2024,7,1,47055
32003,2024,4,3,"06037,06059,32015"
12097,2023,6,4,"12027,12049,12049,12081"
51173,2023,3,1,51520
21127,2025,1,10,"21205,21205,21071,21153,21071,21195,21153,21165,21205,21237"
24015,2025,5,1,24035
01059,2023,7,2,"28117,28117"
49049,2020,6,3,"32033,49029,32033"
31131,2023,6,6,"19129,19145,19145,19129,31159,31147"
22017,2021,2,2,"48459,48459"
51700,2022,10,3,"51620,51735,51735"
56003,2020,6,2,"56017,56017"
17067,2020,4,4,"17017,29103,29103,29205"
29169,2023,2,1,29135
12123,2024,4,2,"12041,12041"
47143,2021,6,1,47105
01031,2025,6,4,"01013,01035,01013,01085"
47073,2022,8,1,51520
40081,2021,4,2,"40103,40103"
18095,2022,7,3,"18009,18075,18009"
30009,2020,8,1,56017
17037,2024,6,1,17123
29061,2023,3,2,"29003,29003"
19131,2024,6,2,"19069,19069"
29219,2020,1,3,"17013,17013,17083"
29159,2023,8,5,"29019,29089,29037,29037,29089"
13061,2021,5,3,"13259,13259,13259"
05095,2023,6,6,"05035,28143,28011,28027,28143,05035"
54027,2023,8,1,54093
04007,2021,12,3,"04012,04027,04012"
17021,2020,7,3,"17017,17129,17035"
16085,2023,5,6,"41063,16075,16035,16061,16069,41063"
21019,2025,5,6,"21063,21205,21063,21159,21175,21159"
13115,2024,7,1,13143
53011,2024,9,6,"41007,41027,53041,41027,53041,53077"
05103,2022,5,1,22067
04012,2024,8,1,06037
21171,2021,5,1,47137
28119,2023,9,7,"05107,28011,28161,28083,28161,05035,05107"
37045,2024,7,1,37011
45055,2021,3,3,"37007,37179,37179"
05149,2024,11,3,"05109,05113,05113"
45063,2024,1,2,"45011,45011"
01055,2021,12,1,13233
22091,2024,7,1,28037
29113,2020,5,2,"17083,17083"
08001,2021,8,3,"08039,08019,08047"
19161,2023,8,8,"19141,19165,19141,19149,19167,19133,19165,19133"
29071,2020,7,2,"17013,17083"
17183,2024,4,5,"18111,18111,18181,18045,18045"
35035,2024,8,2,"35003,48377"
22071,2020,8,1,28109
47015,2023,7,2,"47061,47061"
34025,2024,8,3,"36005,36047,36047"
21005,2025,5,2,"21103,21103"
29015,2022,5,1,29135
48205,2025,6,1,35009
17001,2021,5,1,29103
48201,2023,8,4,"48481,48481,48407,48407"
46063,2024,9,1,38033
05103,2025,6,8,"05011,05025,05109,05025,05053,05109,05003,05011"
54109,2021,6,1,51021
33001,2022,12,2,"50005,50009"
54047,2021,3,2,"51021,51021"
48309,2020,4,1,48425
21105,2022,7,3,"47053,47017,47053"
29107,2020,5,1,29117
13317,2020,7,1,13059
19127,2024,6,2,"19069,19069"
51059,2021,6,1,51685
22059,2023,11,1,22107
29081,2025,6,6,"19117,19185,29025,29063,29063,19185"
51009,2022,6,1,51678
18015,2020,7,2,"18131,18131"
45003,2023,1,5,"13107,13163,13163,45009,45009"
48287,2020,4,1,48285
01007,2022,4,1,01107
26133,2021,8,1,26039
46013,2021,6,1,46005
05075,2023,4,6,"05111,29069,05021,29069,05111,05021"
36003,2024,8,2,"42023,42023"
51127,2023,6,3,"51199,51830,51119"
19053,2024,6,5,"29061,29075,29079,29079,29211"
42121,2024,7,1,39007
13103,2021,6,1,13107
51053,2022,9,1,51595
29107,2023,6,3,"20209,29037,29037"
17071,2024,8,2,"19087,19087"
54061,2023,4,1,54093
46049,2021,5,2,"46005,46005"
36101,2024,7,1,42023
48453,2021,5,2,"48287,48287"
47005,2020,7,1,21221
55125,2024,6,6,"55003,26013,55037,55037,55003,55003"
12097,2020,5,3,"12027,12049,12049"
33009,2021,6,3,"50015,50019,50019"
39111,2024,1,2,"54073,54073"
47029,2022,2,1,37199
51059,2024,7,2,"51683,51685"
47053,2021,7,2,"47039,47023"
20097,2023,7,1,40003
08049,2021,7,2,"08065,08065"
40015,2023,8,4,"40043,40093,40043,40129"
13169,2022,6,1,13133
46007,2025,6,1,31171
41065,2023,5,7,"41071,53059,41053,41071,53005,53059,53077"
40143,2024,4,4,"40119,40103,40103,40119"
21167,2025,5,1,21203
18047,2022,3,2,"18065,18065"
13321,2022,6,1,13037
20167,2022,5,3,"20123,20089,20123"
48363,2022,5,5,"48093,48093,48425,48425,48077"
29201,2023,5,3,"29069,47095,29069"
39015,2023,7,2,"21201,21201"
05053,2024,5,1,05011
13251,2021,7,5,"13107,13107,45011,13107,45011"
31077,2024,4,4,"31121,31121,31071,31071"
01087,2024,5,1,13053
51125,2021,7,1,51540
01055,2023,5,3,"13055,13055,13083"
26055,2023,9,5,"26029,26143,26029,26105,26143"
13085,2024,8,1,13013
11001,2022,8,1,51610
06073,2022,3,3,"04012,04027,04012"
29021,2022,7,4,"20013,20013,31147,29177"
05145,2024,5,6,"05137,05065,05137,05037,05037,05123"
21119,2020,5,2,"21159,21159"
55095,2024,9,1,27065
48485,2023,11,2,"48237,48237"
27111,2023,7,2,"27145,27145"
19161,2020,7,7,"19009,19165,19009,19085,19133,19165,19133"
28131,2025,6,2,"28041,28041"
39139,2025,4,12,"39075,39093,39103,39169,39101,39147,39043,39093,39143,39147,39075,39101"
21183,2025,5,2,"18123,18123"
51019,2023,4,3,"51045,51045,51530"
51111,2022,6,2,"37185,37185"
18069,2023,8,1,39039
21177,2021,1,3,"21233,21233,21091"
48467,2020,5,1,48119
29181,2021,4,3,"29069,29069,29179"
13121,2024,8,2,"13143,13013"
47043,2024,9,1,21219
12113,2021,9,2,"01039,01039"
42131,2022,5,1,42025
32005,2021,12,3,"32001,32029,32029"
17025,2023,7,4,"17035,17033,17035,17033"
56021,2022,6,3,"56007,56009,56009"
23021,2020,12,1,23007
42127,2022,7,2,"42025,42095"
16051,2022,7,6,"56023,16037,30001,30001,30031,30057"
22059,2020,10,3,"22039,22077,22039"
26025,2022,8,1,26037
01073,2022,6,4,"01057,01107,01057,01133"
45031,2022,6,3,"45033,45089,45033"
35025,2023,6,1,35037
47133,2022,4,2,"47111,47111"
31119,2021,5,1,31051
26101,2024,8,4,"26089,26079,26089,26079"
55075,2022,5,1,26019
31015,2020,7,4,"31003,31003,31027,31139"
40147,2024,4,1,40103
47039,2024,4,7,"47085,47023,47023,47081,47085,47101,47101"
45019,2022,4,2,"45089,45089"
29027,2025,4,3,"29137,29073,29073"
25023,2020,8,1,44001
22087,2022,7,1,22117
19099,2020,6,1,19079
51153,2022,6,2,"51600,51610"
47133,2025,5,5,"21053,47159,21053,21231,47159"
46117,2023,7,1,46015
29213,2021,6,2,"05101,05101"
47109,2020,1,1,28009
40143,2021,3,2,"40103,40103"
20095,2024,10,2,"40003,40003"
39071,2023,7,2,"21161,21161"
08085,2023,4,15,"08015,08053,08109,08045,08053,08111,08111,08045,49007,49047,49055,35045,49017,49025,49055"
24017,2023,6,1,51685
47057,2025,4,2,"21013,21235"
19165,2022,7,4,"19025,19073,19093,19193"
48149,2024,1,6,"48481,48481,48123,48123,48051,48051"
48019,2021,10,2,"48013,48013"
27051,2021,7,4,"27153,27153,27159,27067"
29161,2023,4,1,29221
13199,2025,6,4,"13149,13053,13197,13149"
39081,2023,7,2,"39151,39151"
05069,2022,9,1,05107
51800,2025,4,1,37143
30069,2022,6,4,"30005,30015,30045,30005"
25027,2020,10,1,44001
22029,2023,11,3,"28063,28063,28005"
45013,2024,5,2,"45005,45005"
13143,2023,5,3,"13097,13121,13097"
51061,2021,8,1,51685
54059,2025,3,3,"21071,21071,21119"
45061,2022,6,2,"45033,45089"
13299,2024,6,1,13271
42043,2023,8,1,42093
39013,2022,7,2,"54009,54009"
22047,2025,5,4,"22093,22095,22093,22029"
21199,2024,9,1,47137
48043,2024,5,2,"48109,48475"
22111,2023,1,5,"05011,05011,22083,22123,22083"
32033,2022,7,4,"16083,32001,49039,49039"
21093,2021,3,1,21091
05145,2021,4,1,05123
48345,2022,5,4,"48197,48433,48275,48433"
18059,2021,6,2,"18159,18159"
48219,2024,6,2,"48153,48153"
01005,2025,5,5,"13053,13037,13053,13197,13307"
45073,2025,5,2,"13281,13281"
29047,2024,7,4,"29101,29107,29033,29107"
18069,2020,7,3,"18009,18009,18075"
47035,2022,5,1,47087
30055,2024,8,3,"30109,30109,30109"
39127,2025,5,1,39083
56037,2024,9,2,"08107,08107"
29189,2022,6,2,"29073,17013"
04007,2023,8,3,"49025,49037,49037"
08097,2022,3,7,"08093,08107,08107,49047,08029,08093,08029"
39073,2021,3,2,"39115,39115"
51163,2023,7,2,"51045,51045"
08059,2024,5,2,"08015,08065"
05049,2024,5,2,"05137,05137"
46067,2020,7,4,"31107,31107,31027,31107"
53017,2021,2,8,"53001,53005,53021,53043,53077,53077,53019,53043"
51073,2025,5,2,"51830,51830"
12107,2024,7,2,"12041,12017"
48331,2024,6,8,"48099,48281,48309,48477,48309,48477,48289,48313"
20103,2023,6,1,29037
55009,2022,4,3,"26019,26019,26105"
51073,2020,11,1,51735
19083,2020,6,2,"19067,19067"
12061,2020,4,2,"12055,12055"
27021,2023,5,5,"27095,27095,27009,27095,27041"
26063,2021,9,3,"26129,26129,26135"
48245,2024,3,1,48407
48443,2023,9,2,"48243,48243"
20007,2022,5,4,"40053,40053,40093,40093"
31107,2021,8,7,"31051,46027,46067,46067,46027,46067,46125"
28117,2022,5,1,47109
17035,2025,5,1,17159
39001,2025,6,4,"21069,21205,21069,21201"
12065,2021,2,1,12037
30037,2023,6,1,30015
30081,2023,8,6,"16003,16035,16061,16069,16035,30061"
20193,2025,4,1,31065
54109,2023,2,3,"51021,54089,54089"
01057,2023,7,3,"28087,28087,01007"
18097,2021,3,1,18159
29215,2020,11,3,"29179,29073,29179"
13105,2024,7,2,"13219,13301"
19163,2022,5,2,"19115,19115"
30087,2024,8,2,"30037,30037"
48347,2024,6,2,"48373,48455"
40109,2022,7,2,"40093,40133"
26009,2024,7,6,"26047,26097,26119,26143,26143,26119"
21059,2020,9,2,"21027,21027"
08103,2024,7,2,"49009,49009"
18171,2023,5,2,"18181,18181"
51167,2025,6,6,"21195,21195,47067,51197,21095,21195"
17163,2023,4,3,"17051,29186,29186"
31035,2022,4,3,"20089,20089,31061"
37193,2024,7,2,"37011,37011"
28003,2021,3,2,"28009,28009"
26011,2024,8,4,"26143,26001,26001,26143"
05069,2024,2,2,"05107,05011"
13095,2024,9,4,"13087,13061,13087,13307"
55133,2022,11,1,55047
55117,2025,6,2,"26101,26101"
47131,2025,2,3,"29143,21039,29143"
37015,2025,5,2,"37143,37143"
17191,2021,6,3,"17079,17027,17079"
48079,2022,7,1,48115
37023,2022,3,1,37199
51810,2020,4,2,"51735,51735"
16077,2025,6,1,32007
30013,2023,6,2,"30107,30107"
13287,2020,9,1,13235
06071,2021,12,4,"04027,06025,06079,06025"
20209,2020,7,2,"29177,29177"
13035,2025,2,1,13237
13001,2021,4,3,"13209,13209,13283"
27173,2022,8,7,"27117,46101,27101,27117,27033,27101,27103"
47025,2020,6,1,51195
49015,2021,8,1,08033
47001,2024,8,1,47137
54073,2023,7,2,"54105,54105"
01077,2020,5,1,28057
31169,2023,7,2,"31159,31159"
41005,2020,12,6,"53039,41031,41021,41031,41069,53039"
54037,2020,7,1,51840
41049,2020,8,2,"41025,41027"
13179,2021,4,3,"13031,13031,13279"
05017,2022,5,4,"22083,22083,22083,28027"
29047,2021,6,2,"29107,29107"
51029,2021,5,1,51540
16005,2023,4,4,"49005,49033,49003,49005"
21127,2025,5,10,"21205,21205,21071,21153,21071,21195,21153,21165,21205,21237"
06051,2023,9,4,"06005,06009,06009,32029"
38035,2023,5,1,38003
40077,2024,6,3,"40005,40005,40023"
05031,2022,7,3,"05037,47097,05037"
13175,2021,2,7,"13031,13279,13209,13279,13021,13161,13209"
18065,2021,6,1,18159
46115,2021,8,2,"46077,46077"
12123,2024,8,2,"12041,12041"
31021,2022,5,5,"19093,19193,19193,31043,31051"
18125,2021,8,2,"18055,18055"
12049,2022,6,1,12043
38025,2023,4,1,38083
06029,2020,3,1,06051
51075,2024,6,2,"51570,51670"
29185,2024,3,3,"20107,29101,20107"
19025,2024,7,2,"19093,19093"
30071,2023,9,1,30107
37085,2022,6,1,37141
29049,2024,7,8,"29003,29033,29061,29003,29061,29075,29033,29107"
29007,2022,6,7,"29051,29135,29051,29151,29073,29151,17013"
54029,2021,6,1,39099
13011,2021,8,2,"13281,13117"
20009,2024,9,1,20141
51137,2021,5,1,51540
37031,2024,4,1,37177
39037,2024,6,2,"39021,39021"
40091,2022,10,3,"40029,40005,40029"
56005,2022,6,2,"56007,56043"
45063,2024,5,2,"45011,45011"
17179,2022,6,2,"17039,17039"
06063,2023,3,2,"06049,06049"
19197,2020,6,2,"19067,19067"
13269,2021,1,5,"13021,13053,13259,13053,13171"
48369,2023,9,4,"35037,35041,35041,35037"
46095,2022,8,3,"46015,31103,31103"
31071,2023,10,2,"31015,31103"
54081,2021,3,1,51021
13183,2021,4,1,13279
27017,2020,8,1,27071
08037,2024,8,5,"08019,08047,08015,08015,08019"
42099,2025,5,1,42093
34021,2024,8,3,"36085,36081,36085"
48201,2023,12,5,"48481,48481,48407,48407,48477"
35059,2021,5,2,"08011,08011"
37075,2023,3,1,13291
29153,2024,11,3,"05065,05137,05065"
06017,2021,10,3,"32510,06013,32510"
06065,2024,7,4,"04027,04027,06037,06037"
48049,2023,3,2,"48193,48193"
55129,2021,7,3,"27025,27115,27115"
47183,2023,9,2,"47033,47095"
18089,2025,4,1,18131
01033,2025,1,1,01043
47081,2023,4,1,47039
19169,2022,5,4,"19073,19197,19023,19197"
35007,2020,8,3,"08003,08021,08021"
24023,2022,11,2,"54093,54093"
18089,2020,10,1,18131
37015,2022,4,2,"37185,37185"
13183,2024,5,2,"13029,13279"
37021,2021,3,4,"37121,47171,37121,47171"
04015,2022,6,2,"04027,06025"
42057,2022,7,1,42087
30013,2020,5,2,"30043,30077"
30063,2024,7,5,"30053,30023,30023,30023,30053"
29029,2024,4,2,"29083,29053"
48365,2020,11,3,"48315,48315,48459"
13193,2021,6,3,"13021,13021,13023"
26045,2023,4,9,"26023,26059,26149,26155,26093,26155,26059,26093,26161"
48055,2021,3,2,"48287,48287"
51165,2024,7,1,51790
12097,2020,9,1,12027
05033,2021,5,1,05101
13305,2020,9,1,13161
01003,2025,6,8,"01023,01035,28039,28041,01013,01035,01023,28041"
49053,2021,10,1,04012
19029,2023,6,4,"19145,19129,19145,19129"
32007,2020,7,8,"16067,32027,32031,41025,32001,32027,32017,49005"
27041,2022,9,2,"27155,27155"
29221,2024,4,1,29157
12123,2021,7,2,"12041,12041"
48291,2024,3,2,"48455,48455"
17009,2022,5,1,17013
37147,2025,2,2,"37187,37187"
05081,2024,6,1,40023
48071,2023,11,3,"48339,48339,48407"
53075,2022,5,1,53005
55079,2022,7,2,"26127,26127"
17021,2022,4,2,"17039,17129"
04017,2024,8,4,"35003,35006,35031,08033"
05103,2024,2,2,"05011,05011"
36035,2023,2,1,36033
20071,2020,8,1,08025
29049,2021,6,1,29107
18083,2021,7,3,"17023,17079,17023"
40091,2024,3,1,40005
45029,2021,6,3,"45011,45011,45011"
19175,2024,6,3,"19145,29129,19145"
29093,2021,9,1,29073
45021,2024,12,2,"45023,45023"
05051,2024,8,2,"05039,05113"
01063,2023,6,6,"01007,01023,28087,01023,28075,01007"
17163,2020,1,3,"17121,17083,17121"
16019,2022,8,2,"49033,56041"
47049,2025,2,5,"21053,21231,47159,21147,21231"
22071,2022,5,3,"22057,28045,28045"
16039,2022,6,4,"16045,16045,16053,16053"
56009,2020,5,2,"56033,56033"
17129,2021,12,1,17039
21177,2021,5,1,21091
48201,2025,5,2,"48407,48407"
37089,2022,5,3,"37199,37099,37099"
18083,2024,8,4,"17047,18129,18173,18173"
21045,2025,5,7,"21203,21125,21147,21203,21231,21053,21231"
51037,2021,7,1,37181
13243,2024,8,1,13053
25011,2022,12,1,50021
35057,2021,6,1,35028
47001,2021,5,3,"47105,47105,47137"
34027,2022,7,4,"34021,36087,34021,42095"
46025,2021,5,3,"46011,46011,46079"
01077,2023,12,6,"28117,47117,47023,47101,47101,47135"
27007,2023,7,3,"27153,27159,27159"
08045,2022,6,9,"08065,08029,08051,08051,08065,08081,08081,56007,08081"
08063,2020,7,1,08025
05067,2022,10,4,"05035,05123,05035,05123"
05045,2024,4,2,"05137,05137"
31175,2020,5,3,"31011,31003,31011"
30083,2024,9,2,"38033,38033"
37127,2021,2,2,"37181,37181"
28093,2021,7,9,"28139,05035,28143,28013,28107,28107,28143,28139,05035"
19013,2020,6,2,"19067,19067"
05147,2022,12,5,"05035,05111,05111,05107,05035"
08077,2020,6,4,"08053,08109,08065,49007"
31145,2024,7,4,"31073,31085,31073,31085"
22065,2021,9,1,22067
17109,2025,4,2,"29111,17009"
17145,2020,1,2,"17121,17121"
47157,2020,7,2,"28009,28009"
30063,2021,6,10,"16061,16003,16061,41063,30073,30023,30023,30043,30023,16017"
08031,2023,7,3,"08019,08047,08093"
39065,2024,5,3,"39173,39021,39021"
19147,2021,7,10,"19035,19093,19141,19035,19141,19143,19141,19143,27063,27063"
45019,2022,8,2,"45089,45089"
47123,2025,6,2,"37113,37113"
19081,2024,6,3,"19151,19151,27091"
01083,2022,5,3,"28141,47051,47051"
39109,2022,8,1,18075
48215,2021,7,2,"48247,48247"
37039,2023,1,8,"13123,13187,13213,13187,13281,13311,13281,13213"
01003,2022,5,1,01039
06085,2024,3,3,"06039,06009,06109"
08009,2023,8,4,"08023,35007,35007,35037"
28071,2020,4,2,"28009,28009"
29221,2021,3,3,"29073,29073,29179"
20187,2025,6,3,"08011,08011,08061"
47109,2020,5,1,28009
13081,2020,2,2,"13017,13017"
40143,2021,7,3,"40103,40103,40035"
47011,2023,5,4,"13123,13047,13047,13083"
06001,2021,11,1,06069
54099,2025,1,7,"21063,21115,21175,21071,21115,21195,21195"
51197,2023,1,1,51750
05095,2022,2,3,"28027,05037,05037"
48149,2024,5,4,"48239,48123,48123,48239"
26085,2023,6,4,"55061,55071,55071,26079"
19173,2023,6,3,"19129,19129,29003"
48387,2025,1,1,05113
45011,2025,5,1,13163
21221,2021,10,1,47083
27169,2023,4,2,"55035,55035"
49057,2024,5,2,"16071,16071"
27129,2024,9,2,"27079,27079"
08003,2022,5,1,08051
32023,2022,9,5,"32019,32027,32027,49001,32019"
21047,2024,3,4,"21055,21233,21233,21157"
01087,2021,8,2,"13053,13259"
37049,2025,4,1,37187
13109,2023,6,5,"13107,13107,13279,13107,13279"
05127,2024,11,2,"05109,05109"
19069,2023,8,4,"19189,19195,19189,19195"
20117,2020,7,10,"31147,31095,31095,31097,31109,31131,31151,31097,31127,31147"
54063,2023,2,1,51021
48493,2023,10,2,"48123,48123"
18061,2025,5,3,"18123,18143,18123"
01045,2023,1,1,13259
16031,2022,7,2,"16025,16037"
22005,2020,12,3,"22121,22077,22121"
40083,2023,5,4,"40003,40053,40093,40093"
22085,2022,1,2,"48241,48241"
20191,2020,11,3,"20049,20049,40103"
28045,2024,3,1,28111
47143,2023,6,3,"13047,13083,13313"
05147,2021,4,2,"05035,05035"
30035,2021,7,1,30089
05117,2021,3,2,"05123,05123"
40009,2023,8,2,"40043,40043"
22043,2021,10,1,22003
12109,2025,1,2,"12007,12007"
06039,2022,9,6,"06053,06069,06069,06085,32005,32019"
20035,2021,6,2,"40103,40103"
51013,2024,7,1,51600
22103,2021,10,5,"22057,22057,22093,28091,28091"
47003,2023,6,1,47061
12115,2020,6,4,"12055,12049,12055,12049"
13091,2024,6,2,"13283,13283"
46029,2021,6,8,"46005,46077,27073,27081,46011,27073,46011,46077"
16007,2020,6,1,49029
21181,2023,7,2,"21161,21161"
16001,2022,11,3,"16075,16047,16075"
47121,2023,1,5,"13213,13313,13047,13295,13313"
47095,2022,5,4,"47033,47053,47097,47053"
17033,2020,5,2,"17035,17035"
27035,2024,7,4,"27065,27009,27065,27009"
12061,2020,8,2,"12055,12055"
05105,2022,6,1,05023
40075,2023,9,1,40129
20095,2023,6,4,"40003,40003,40053,40053"
27021,2023,9,7,"27095,27095,27009,27095,27145,27041,27145"
05099,2021,9,1,22027
30035,2024,8,1,30053
26089,2023,9,4,"26031,26047,26097,26097"
48245,2024,7,3,"48373,48373,48407"
48053,2022,11,1,48193
40113,2024,2,4,"40053,40083,40119,40119"
13187,2022,6,7,"13011,13013,13137,13157,13281,13137,13281"
18097,2021,7,1,18159
40073,2024,11,2,"40003,40003"
13225,2022,6,2,"13249,13249"
40015,2022,4,3,"40043,40093,40043"
13151,2022,6,2,"13159,13159"
20015,2022,11,1,40053
20053,2025,4,3,"20123,20141,20141"
48375,2020,6,1,48369
05027,2023,1,3,"05003,05011,22067"
41023,2022,7,9,"16087,32031,41037,16087,41021,53005,53005,41021,41065"
54005,2023,4,1,54089
51109,2024,8,1,51630
37109,2024,5,1,37011
13073,2023,9,5,"13317,13163,13301,13317,13163"
21221,2023,3,2,"47079,47079"
42065,2024,7,2,"42023,42023"
17173,2024,3,2,"17005,17005"
16079,2025,5,7,"53075,53051,16061,16069,16069,53075,30047"
49045,2022,5,7,"16083,49029,49039,49029,49039,49029,49033"
21177,2024,12,4,"21033,21033,21233,21233"
49011,2025,5,5,"32007,49043,49043,32007,32033"
51810,2020,8,2,"51735,51735"
13235,2022,5,2,"13319,13309"
21089,2020,4,1,21063
05093,2021,10,3,"05037,05123,05037"
42063,2024,4,2,"42009,42023"
51173,2022,2,1,51520
35039,2024,9,6,"08003,08023,35006,35031,35031,08023"
47187,2022,4,1,47083
13035,2025,6,1,13237
18045,2023,5,1,18181
50021,2020,7,2,"50017,50017"
12111,2023,10,1,12055
45083,2024,12,1,45023
45073,2022,8,7,"13011,13195,13011,13281,13195,13281,13011"
16005,2023,8,6,"16007,16007,49005,49033,49003,49005"
49045,2025,6,3,"32013,32015,49043"
30031,2024,9,1,30023
48085,2020,5,2,"48119,48119"
39115,2024,6,1,54073
13175,2021,6,6,"13031,13279,13209,13279,13021,13209"
19131,2023,5,2,"19189,19189"
08113,2024,8,1,08029
51163,2025,4,1,51580
16001,2024,4,3,"16083,16087,16083"
51045,2025,6,1,51580
48147,2023,6,1,40005
45079,2025,2,1,45023
13197,2024,8,4,"13193,13193,13193,13225"
08059,2021,8,3,"08039,08039,08065"
51131,2025,5,1,51830
47161,2021,6,2,"21143,47183"
13177,2024,2,4,"13315,13193,13307,13307"
51073,2022,8,1,51735
26003,2024,10,6,"26089,26033,26097,26029,26089,26097"
13145,2024,4,4,"13293,13053,13053,13293"
20095,2020,5,1,20033
29155,2020,9,1,47033
31129,2020,3,5,"31095,31095,31151,31095,31151"
48037,2021,2,4,"48315,48315,48459,48119"
51137,2021,9,1,51540
17117,2024,4,6,"17013,17013,17005,17005,17017,17017"
39051,2023,6,4,"26023,39173,39123,39173"
22073,2022,11,6,"22041,05003,22123,22041,22123,05003"
18111,2020,6,1,18131
48039,2025,6,3,"48071,48071,48057"
05003,2020,9,2,"22027,22027"
35047,2022,7,1,35028
33015,2024,6,1,25025
48061,2024,7,2,"48047,48427"
41011,2023,12,3,"41033,41033,41035"
21185,2025,5,1,18143
17001,2020,4,6,"17017,17013,17017,29103,29205,29205"
18119,2021,3,3,"18093,18101,18093"
18055,2025,4,1,17185
12029,2024,5,1,12017
36079,2024,7,3,"34031,34031,36005"
54047,2020,2,1,21159
18175,2020,5,1,21223
13105,2021,10,8,"13119,13059,13119,13157,13059,13301,45047,45047"
40037,2024,4,4,"40083,40103,40083,40103"
22117,2021,3,4,"28045,28005,28045,28005"
05131,2024,8,2,"05113,05113"
51071,2023,7,3,"51750,51750,54109"
50015,2020,5,2,"50017,50017"
08111,2020,6,1,08109
51109,2021,7,1,51540
17201,2020,5,1,55055
13043,2023,8,6,"13163,13167,13175,13283,13209,13283"
22021,2023,12,2,"22107,22107"
17191,2023,3,3,"17051,17051,17033"
30027,2021,7,3,"30073,30059,30059"
48001,2025,4,1,48455
47131,2022,5,5,"47033,47097,47017,47033,47017"
40153,2020,8,2,"20033,20033"
42107,2024,6,1,42131
12099,2023,6,2,"12055,12055"
48007,2020,4,1,48321
13001,2023,1,6,"13209,13309,13107,13107,13209,13283"
29005,2022,6,2,"31147,31147"
13147,2020,2,1,13059
27145,2024,8,2,"27149,27149"
47155,2021,5,5,"37075,37113,37075,47105,47105"
35043,2024,9,3,"35003,08021,35055"
26045,2023,8,4,"26155,26093,26155,26093"
48465,2023,10,1,48323
47111,2025,4,2,"21053,47137"
47141,2021,5,2,"47137,47137"
39105,2023,1,3,"39115,54105,54105"
17073,2021,8,1,17071
28071,2023,9,5,"28135,28143,28143,28117,28135"
01033,2023,12,3,"47071,28117,47071"
13005,2025,2,4,"13271,13209,13271,13309"
17019,2020,9,2,"17139,17139"
21095,2021,9,1,51720
13105,2020,2,2,"13059,13059"
45065,2023,8,3,"13195,13317,13317"
37147,2025,6,2,"37187,37187"
48367,2024,6,2,"48009,48429"
54045,2025,4,2,"21159,21195"
39143,2022,7,1,39005
04025,2022,6,4,"04009,04027,06025,04027"
20071,2025,6,4,"08011,08025,08089,08011"
29099,2025,4,3,"29073,29157,29157"
22099,2021,1,4,"22093,22121,22121,22125"
49013,2021,8,2,"49039,49039"
36035,2023,6,3,"36033,36093,36093"
29183,2021,7,3,"17027,29073,29073"
06019,2023,2,7,"06079,06085,32019,06079,06087,06085,06087"
12013,2024,9,1,13087
16013,2021,8,8,"16047,16053,16015,16015,16047,16047,16053,16053"
17167,2021,5,1,17083
41061,2022,8,5,"16087,41049,41049,53005,53023"
25027,2024,5,2,"25025,25025"
06073,2022,11,3,"04012,04027,04012"
32015,2020,7,12,"32019,32021,32031,16083,32033,32033,32031,41025,32017,32021,32033,32031"
56013,2025,5,3,"08107,49009,49043"
22069,2020,10,2,"22027,22039"
48337,2021,3,2,"40033,40033"
50019,2020,7,1,50017
37083,2023,9,2,"37091,37091"
48101,2022,5,4,"48433,48275,48275,48433"
05085,2023,6,1,05107
01067,2023,7,1,13259
27009,2025,6,1,27065
25021,2020,8,2,"44001,44001"
16027,2024,5,4,"16087,16083,16087,16087"
26081,2020,4,1,26133
06065,2021,10,2,"04027,04027"
01121,2024,7,1,13143
54105,2020,8,2,"54021,54021"
21031,2021,5,1,21091
48067,2022,7,2,"05081,05081"
08045,2022,10,4,"08065,08065,49007,49007"
53055,2021,11,4,"53035,53027,53035,53045"
13319,2020,8,3,"13235,13283,13283"
13137,2021,3,4,"37043,37113,37043,37113"
33019,2020,7,2,"50017,50017"
38065,2021,8,2,"38083,38083"
01033,2022,4,2,"28057,28057"
05045,2024,8,3,"05137,05137,05067"
48237,2022,12,1,48487
56041,2024,9,2,"49009,49009"
48101,2025,6,2,"40057,40057"
08095,2024,6,2,"31085,31085"
06027,2020,6,11,"06083,06111,32005,32019,32021,32017,32021,32001,32017,32021,32033"
05075,2020,11,4,"29069,29069,05065,05065"
17045,2024,3,2,"17033,18045"
31145,2024,11,5,"31047,31073,31073,31083,31137"
17145,2020,5,2,"17121,17121"
37185,2023,8,1,37091
17169,2021,10,2,"17071,17071"
26063,2025,4,6,"26051,26129,26051,26001,26129,26135"
13191,2024,5,1,13029
46051,2022,9,3,"27155,27081,27155"
18035,2022,3,2,"18159,18159"
31089,2021,9,2,"46009,46135"
41003,2022,1,3,"41019,41035,41071"
27145,2021,7,5,"27149,27023,27149,27159,27019"
18013,2025,4,1,18143
39125,2023,2,1,39173
48029,2020,1,1,48507
12086,2022,5,2,"12051,12051"
38099,2021,9,1,27135
49043,2022,7,6,"49047,49047,56023,56007,56023,56023"
55115,2023,6,14,"55015,55029,55061,55071,55041,55069,55085,55069,55141,55029,55041,55075,55015,55141"
33019,2023,8,4,"50005,50009,50001,50021"
19019,2022,6,2,"19023,19023"
35001,2021,2,2,"35028,35028"
31031,2024,8,4,"31113,31117,31113,31117"
49051,2021,6,1,49039
13247,2025,4,1,13219
29221,2021,7,2,"29073,29073"
06027,2023,7,3,"06079,06109,32019"
54099,2025,5,5,"21063,21175,21071,21195,21195"
05027,2021,12,1,22067
45027,2023,3,1,45009
45037,2023,9,1,13163
35006,2021,7,1,35028
48387,2025,5,2,"05113,48231"
18105,2022,4,2,"18021,18021"
40099,2023,8,1,40005
51051,2020,4,2,"21159,51720"
24027,2025,6,3,"24029,24035,24029"
23031,2023,8,3,"23023,33013,33013"
08041,2024,7,2,"08015,08109"
37161,2021,4,5,"37087,37199,37087,37121,37199"
48387,2020,11,2,"48315,48459"
29163,2021,6,1,29073
38027,2021,7,1,38083
33007,2020,7,1,50017
01045,2023,5,1,13259
18027,2024,8,2,"18173,18173"
01069,2025,6,3,"13061,13037,13061"
48411,2020,5,2,"48193,48193"
41051,2022,1,5,"41065,41071,41065,41071,53077"
28045,2024,7,1,28111
48489,2024,3,3,"48047,48427,48047"
48083,2024,3,2,"48093,48333"
19065,2025,6,1,19105
27135,2020,7,2,"27071,27071"
48201,2022,8,1,48321
51197,2021,12,1,51167
18055,2020,8,1,17101
29079,2020,8,1,29033
51051,2023,5,1,51720
47107,2023,6,3,"13213,13313,13213"
17005,2020,7,1,17083
28141,2025,5,3,"28139,47069,28139"
39091,2025,5,3,"39063,39101,39101"
18153,2023,7,1,17035
55123,2023,7,1,55141
31063,2024,8,7,"31019,31137,31083,31137,31137,31113,31117"
18129,2021,3,3,"17165,21233,21233"
39025,2020,8,1,21201
40031,2023,9,1,48077
48427,2022,4,1,48489
29209,2021,3,1,05101
13111,2021,3,7,"13227,13227,13281,37043,37043,37075,37113"
45025,2024,5,1,45033
27165,2023,8,5,"27161,27105,19059,19143,27105"
46037,2021,6,4,"46005,46077,27073,46005"
46109,2023,7,1,27151
26067,2023,7,4,"26155,26111,26145,26155"
54097,2024,3,3,"54093,54093,54067"
46085,2021,7,4,"31015,46009,46067,31015"
42087,2024,4,2,"42009,42057"
40109,2021,6,1,40103
26009,2023,6,12,"26031,26047,26097,26119,26129,26135,26143,26143,55029,26031,26119,26135"
40113,2024,6,4,"40053,40083,40119,40119"
05135,2024,8,4,"05067,05137,05137,05067"
56029,2025,5,1,30057
55071,2020,6,2,"26019,26019"
54047,2023,7,4,"51021,51021,54045,54045"
08067,2021,5,6,"08021,08079,08105,08079,08091,08091"
16057,2020,5,6,"16061,30061,16061,30061,30089,53023"
17185,2021,3,1,17079
06087,2024,2,3,"06079,06047,06047"
45075,2020,6,2,"45089,45089"
48295,2022,4,1,40043
13257,2021,4,2,"13281,37113"
51159,2021,6,1,51131
17121,2023,2,3,"17159,17173,17159"
18157,2025,5,1,18131
48407,2021,10,3,"48185,48457,48185"
19101,2021,9,1,29197
23017,2024,6,2,"23023,23023"
13277,2023,7,1,13315
17001,2025,4,1,29137
04005,2022,6,4,"04009,04012,04009,04012"
35045,2020,3,8,"35006,08021,08053,08105,08053,35006,08021,35006"
18121,2022,8,3,"18157,18157,18109"
48487,2021,6,2,"40033,40033"
29161,2020,11,1,29179
45051,2022,6,4,"37141,37141,45089,45089"
45045,2021,7,6,"37021,37087,37021,37087,45087,45087"
16083,2023,5,5,"49003,16063,16063,49003,49045"
31101,2023,8,2,"31091,31091"
49057,2021,8,4,"16007,16041,16007,16041"
51135,2023,6,1,51183
21047,2021,6,4,"21143,21143,47083,47083"
06035,2025,2,5,"06093,41037,06093,32013,41037"
23031,2020,7,1,23023
32033,2024,8,3,"32015,32015,32015"
51191,2020,8,2,"51195,51195"
35055,2022,6,1,35028
08035,2023,7,6,"08043,08019,08047,08093,08043,08093"
54019,2023,7,1,54109
17201,2025,5,1,17085
42063,2024,8,1,42023
51173,2022,6,1,51520
28145,2020,2,2,"47069,47069"
39139,2024,4,2,"39103,39169"
22023,2021,6,1,22003
13001,2021,12,1,13309
48199,2024,3,3,"48407,48407,48455"
31183,2022,7,1,31103
20027,2022,6,3,"20089,20123,20123"
47065,2022,1,1,47051
51125,2022,5,2,"51540,51678"
47005,2024,6,2,"47071,47101"
17143,2025,5,1,17155
21025,2021,4,1,21115
36045,2023,8,1,36033
13099,2024,2,1,13239
16085,2022,8,3,"16087,16087,30001"
13153,2021,8,3,"13269,13269,13269"
45079,2025,6,1,45023
29186,2025,4,1,29017
32031,2024,9,3,"32015,32015,32015"
13145,2024,8,2,"13053,13053"
38073,2022,7,1,27155
22037,2024,12,3,"22029,22029,28001"
54087,2024,2,2,"54067,54067"
31129,2020,7,6,"31095,31095,31151,31159,31095,31151"
17117,2024,8,2,"17013,17013"
17107,2020,4,4,"17017,17169,17017,17017"
47085,2023,2,3,"47039,47079,47039"
16073,2020,5,11,"16045,16045,16075,16025,32033,32027,32031,41025,16075,16087,41025"
28031,2024,6,4,"28111,28077,28111,28077"
51125,2025,6,2,"51530,51678"
55073,2023,5,9,"55035,55041,55078,55083,55085,55085,55078,55083,55107"
45007,2023,9,3,"13195,13317,13195"
53001,2024,6,9,"53005,53013,53071,53005,53017,53037,53077,53013,53023"
54103,2025,6,1,54073
54109,2025,3,2,"21159,21195"
19009,2024,7,1,19093
21117,2021,2,2,"18115,21023"
55083,2020,2,2,"26019,26089"
48181,2020,8,1,48119
28127,2021,3,1,28147
27103,2021,6,8,"27165,27033,27127,27165,27023,27067,27127,27019"
47047,2022,5,7,"28139,28137,28139,47109,47033,47097,47097"
01081,2024,7,2,"13053,13053"
20173,2022,3,1,40053
06029,2023,12,2,"06059,06059"
54047,2020,6,1,21159
12071,2021,7,1,12027
44005,2023,6,1,25007
31055,2022,9,2,"31023,31023"
48219,2020,5,4,"48369,48369,48165,48165"
48307,2022,7,3,"48093,48333,48333"
01005,2021,4,2,"13053,13053"
01069,2022,3,1,01039
47081,2022,3,5,"47083,47005,47083,47005,47039"
17107,2023,5,4,"17147,17147,17147,17173"
48137,2021,3,2,"48507,48507"
01031,2023,1,3,"01013,01035,01013"
29031,2023,7,4,"29123,29123,29186,29069"
29161,2022,4,4,"29093,29093,29151,29151"
47073,2020,3,1,51520
18025,2020,8,2,"21027,21027"
28001,2020,1,2,"22077,22037"
06071,2022,4,4,"04027,06025,06079,06025"
48107,2022,5,3,"48433,48433,48115"
30111,2020,8,1,56029
30069,2021,6,1,30045
39175,2024,3,4,"39003,39173,39003,39173"
08005,2024,7,2,"08019,08047"
32023,2021,5,1,32013
01017,2021,10,2,"13149,13149"
29159,2021,3,2,"29089,29089"
51061,2020,8,1,51685
27069,2024,6,2,"38099,38099"
39129,2024,6,1,39021
13245,2023,7,8,"13107,13107,13125,13167,13301,13303,13301,13317"
48113,2021,11,1,48217
06093,2021,9,9,"41015,06045,41037,06045,41019,41015,41019,41019,41037"
06061,2020,4,15,"06095,06113,06011,06113,06051,32019,06049,32001,32019,32027,32029,41025,41037,32019,32029"
19193,2020,6,7,"19009,19085,19165,19085,31021,31021,31039"
47177,2025,4,1,47159
19059,2024,8,2,"27091,27091"
13309,2024,7,5,"13315,13279,13279,13315,13279"
39119,2021,7,2,"39083,39083"
34035,2024,7,3,"36085,34031,36085"
48141,2023,9,2,"35005,48243"
31063,2021,5,1,31117
48385,2021,5,1,48507
08101,2020,5,6,"08109,08119,08109,08119,08003,08109"
29029,2024,12,1,29151
19151,2023,7,12,"19035,19093,19141,19035,19059,19141,19143,19189,19059,19035,19093,19079"
55095,2025,5,1,27065
35039,2021,12,2,"08105,08105"
26053,2022,6,1,26083
20085,2020,4,5,"20043,20043,31147,31133,31147"
18117,2025,6,3,"18123,18123,18143"
47181,2022,5,6,"28141,47005,47017,28141,47109,47005"
38061,2023,8,2,"38083,30091"
47179,2022,2,2,"51520,37199"
05073,2022,5,2,"05081,05081"
20119,2020,7,1,20033
17049,2024,4,2,"17005,17033"
26111,2021,8,1,26129
48085,2022,2,1,40095
36009,2023,7,3,"42049,42039,42049"
05137,2021,5,1,05101
18007,2020,6,2,"18131,18131"
05095,2024,2,7,"05035,28143,28027,28143,05035,05037,05037"
04007,2022,8,3,"04012,04027,04012"
13135,2021,8,2,"13063,13063"
18179,2025,6,1,18103
05103,2023,1,4,"05011,05003,05011,22067"
05053,2023,8,1,05011
21171,2022,1,2,"47087,47087"
33001,2020,7,1,50017
48163,2024,1,3,"48323,48323,48323"
27141,2024,8,4,"27065,27065,27041,27121"
13005,2025,6,6,"13003,13271,13209,13271,13309,13003"
40145,2021,7,2,"40035,40035"
42105,2025,6,1,42093
51115,2021,8,2,"51735,51735"
06091,2024,8,1,32029
26017,2020,8,2,"26035,26035"
22033,2025,5,5,"22007,22093,22095,22007,22095"
08107,2024,5,4,"08065,08019,08047,49009"
37055,2025,2,3,"37187,37143,37187"
48361,2021,9,3,"48373,48457,48457"
29213,2025,5,3,"05129,05129,05049"
30007,2023,8,2,"56039,30107"
23013,2021,8,1,23023
46102,2024,6,4,"31017,31091,31103,31171"
51760,2023,7,2,"51036,51036"
28065,2021,3,2,"28147,28147"
48025,2024,2,4,"48123,48123,48007,48007"
06053,2020,1,2,"06051,06083"
13037,2024,2,5,"13239,13239,13307,13261,13307"
27109,2023,7,1,19195
28003,2023,9,4,"47023,47075,47023,47023"
51005,2022,5,1,51678
06019,2023,6,3,"06079,32019,06079"
13201,2023,3,2,"13037,13037"
27027,2025,5,2,"27155,27155"
39001,2024,6,3,"21023,21201,21023"
27105,2021,4,12,"19141,19167,19041,19059,19141,19167,27127,27165,19059,27165,27083,27127"
54071,2023,7,3,"51660,54093,54093"
55073,2020,4,2,"55078,55078"
47013,2024,5,1,47137
37065,2022,5,2,"37185,37185"
48217,2024,2,8,"48099,48145,48161,48289,48395,48099,48145,48161"
28121,2022,5,4,"28063,28077,28065,28077"
55141,2022,9,2,"55119,55119"
42051,2023,7,1,54093
48239,2023,10,5,"48007,48391,48123,48123,48391"
17095,2022,9,3,"17071,19115,17071"
24009,2025,6,3,"24029,24035,24035"
53019,2022,6,3,"53001,53057,53073"
26091,2025,6,4,"39171,39171,39123,39173"
41051,2020,12,5,"41065,41065,53039,53039,53077"
48339,2021,5,2,"48455,48455"
31085,2021,8,1,31117
22035,2022,5,3,"22067,22067,22067"
21145,2021,1,4,"17181,47183,21143,21143"
25021,2020,12,3,"25007,44001,44001"
48021,2024,2,4,"48089,48477,48051,48477"
51003,2024,1,2,"51790,51660"
48439,2022,6,3,"48217,48217,48425"
19187,2024,6,2,"19069,19069"
06009,2023,3,2,"06013,06085"
18075,2022,3,2,"18065,18065"
04015,2024,7,2,"04027,06037"
13267,2025,5,5,"13163,13175,13283,13209,13283"
48491,2021,10,1,48477
04021,2021,9,3,"04012,04027,04027"
16077,2024,6,1,16083
45065,2022,4,5,"13147,13195,13221,13317,13317"
38055,2024,8,2,"38089,38089"
12099,2020,9,2,"12055,12055"
46009,2020,3,4,"31003,31027,31139,31027"
49001,2021,8,2,"49039,49039"
27119,2023,9,2,"38099,38099"
48225,2024,11,2,"48407,48407"
49023,2020,6,4,"32017,32017,49007,49007"
48215,2020,6,2,"48247,48247"
20205,2023,10,1,20107
36049,2023,4,1,36033
13083,2021,7,2,"13047,13047"
41045,2023,5,8,"16045,16045,16003,16045,16003,41063,41069,41037"
41053,2022,1,1,41065
36001,2022,12,1,50003
48127,2021,5,1,48247
06057,2023,6,4,"06049,32019,32029,41037"
48029,2020,5,1,48507
16009,2024,9,5,"16035,16035,53013,53021,53023"
51001,2020,7,1,51735
48409,2025,6,5,"48057,48255,48047,48255,48057"
40107,2024,6,3,"40119,40083,40119"
17117,2021,5,1,17027
21157,2023,4,2,"47079,47079"
48079,2023,5,3,"35005,35005,35037"
53015,2022,1,6,"53027,53053,53067,53077,41027,53077"
47103,2024,12,1,01095
28085,2025,6,1,28065
26043,2020,6,1,26083
23013,2023,1,1,23023
08013,2023,7,5,"08019,08019,08117,08019,08093"
17029,2024,3,1,17033
51023,2022,6,2,"51775,51678"
29131,2021,4,2,"29073,29073"
21057,2022,7,1,47087
27137,2024,8,1,27065
51810,2022,8,6,"37055,51735,51740,51735,51740,51740"
21081,2024,5,4,"18115,21023,21201,21023"
08099,2020,8,1,08025
08037,2020,7,3,"08019,08047,08019"
30025,2024,7,1,38089
45085,2020,4,2,"45089,45089"
47067,2020,6,2,"51195,51195"
39071,2024,5,1,21023
53009,2024,7,3,"53029,53035,53029"
54017,2025,5,2,"54073,54073"
29153,2020,10,2,"05065,05065"
51051,2020,8,4,"21133,21159,21133,51720"
41053,2025,2,3,"41065,41007,41009"
41003,2020,12,3,"41019,41035,41031"
06019,2020,5,3,"32005,32019,32021"
20105,2022,5,2,"20089,20089"
28095,2024,6,2,"28117,28117"
45031,2020,1,1,45089
48467,2021,1,3,"48119,48459,48459"
51740,2020,2,1,51735
13165,2020,4,1,13283
12113,2022,5,2,"01039,01039"
19049,2022,9,3,"19009,19079,19009"
17103,2025,5,5,"17123,17155,17123,17155,19045"
05129,2024,5,2,"05065,05065"
08069,2023,5,4,"08047,08019,08047,08117"
30067,2022,9,2,"30057,56017"
17077,2024,8,3,"17165,17003,17165"
48015,2024,2,5,"48239,48339,48051,48239,48321"
28097,2021,5,1,28135
42117,2025,4,2,"42093,42023"
01019,2023,6,2,"13045,13083"
13119,2020,4,1,13059
26015,2023,7,5,"26023,26059,26149,26023,26149"
17149,2020,5,7,"17169,17017,17169,17083,17083,17017,29205"
01077,2024,4,6,"28117,47117,47023,47101,47101,47135"
19085,2021,7,4,"19093,19193,19093,19193"
06111,2022,9,2,"06079,06079"
13019,2024,4,1,13271
48397,2020,7,1,48119
53017,2020,5,4,"53057,53019,53057,53073"
47071,2025,5,4,"28139,47069,47069,47069"
51051,2023,9,1,51720
36115,2020,5,1,50017
21069,2020,4,1,21063
29195,2020,4,4,"29117,29177,29117,29177"
54079,2024,2,1,54067
48053,2020,4,2,"48333,48333"
13073,2024,1,5,"13317,13163,13301,13317,13163"
37053,2021,4,2,"37073,51131"
48105,2022,5,2,"48327,48327"
22101,2020,5,2,"22093,22077"
12031,2024,12,2,"12007,12007"
05063,2022,2,1,05037
17083,2024,4,1,17005
13051,2021,6,2,"13031,13031"
36105,2022,6,2,"36079,36087"
12131,2023,2,2,"01013,01035"
24029,2023,9,1,34011
29219,2024,4,2,"17013,17013"
27085,2021,4,4,"27067,27023,27067,27127"
42029,2022,5,3,"42077,42043,42077"
01115,2021,7,1,01027
06095,2021,10,6,"06075,06075,06033,06033,06045,06033"
17045,2021,6,1,17079
39093,2020,10,2,"39143,39143"
46039,2021,8,12,"27023,27083,27117,46101,27023,27083,27127,27117,46077,46079,46101,46077"
48377,2020,5,1,48141
45055,2025,6,2,"45023,45023"
38077,2023,4,4,"27011,38003,38003,27011"
47097,2023,8,5,"05035,05111,29069,47095,05035"
04013,2024,1,1,04023
13097,2021,8,5,"13143,13149,13063,13117,13143"
37187,2021,4,4,"37137,37073,37137,37073"
39011,2023,4,2,"39101,39175"
17185,2021,7,2,"17079,18055"
49021,2025,4,1,32033
21083,2022,2,4,"47005,47017,47017,47053"
29071,2024,10,1,29151
05041,2022,7,3,"22067,28027,28027"
54065,2020,5,1,51840
39015,2021,2,2,"21201,21201"
21211,2023,4,2,"21223,21223"
16073,2025,5,11,"16045,16045,16075,16047,16047,32015,32033,32015,16075,16087,41023"
28071,2022,5,1,28139
08073,2021,7,1,08011
54011,2025,4,1,21159
20143,2022,6,2,"20089,20089"
17067,2021,4,2,"29103,29103"
13181,2025,2,5,"13221,13163,13301,13221,13301"
40089,2025,1,1,05109
47073,2023,8,1,51520
17101,2021,12,2,"17079,17079"
28085,2022,5,4,"22037,28065,28091,28091"
08013,2020,6,4,"08019,08019,08019,08119"
35045,2020,7,8,"35006,08021,08053,08105,08053,35006,08021,35006"
31069,2021,5,2,"31117,31117"
01023,2024,5,1,28111
51171,2020,4,1,51840
21039,2023,4,1,47079
27137,2021,7,3,"27115,27115,27115"
12063,2024,8,2,"13087,13087"
31029,2025,5,2,"08115,08115"
45037,2020,12,1,45011
26035,2024,8,2,"26079,26079"
31049,2021,8,1,31117
54027,2024,8,2,"51840,54093"
18083,2020,7,1,17079
26071,2020,8,3,"26083,26083,26083"
24510,2025,5,3,"24029,24035,24029"
48221,2022,9,1,48193
21047,2021,10,2,"47083,47083"
39147,2022,5,1,39005
48075,2024,6,3,"40009,40009,48487"
48109,2022,6,2,"48377,48377"
51155,2024,5,1,51640
35007,2024,7,3,"08003,08021,08021"
19033,2020,3,2,"19079,19079"
37021,2025,2,1,37011
48199,2024,7,3,"48407,48407,48455"
48343,2020,5,1,48119
40081,2020,11,2,"40103,40103"
48347,2022,1,4,"48241,48373,48457,48241"
18153,2025,4,2,"17159,17185"
17195,2022,4,1,19115
17193,2020,2,1,17121
47065,2022,5,3,"47175,47051,47175"
21011,2022,10,1,21063
40097,2022,10,2,"40105,40105"
48165,2023,9,2,"35005,35041"
32003,2025,6,3,"32033,32015,32033"
06059,2021,10,4,"04012,06025,04012,06025"
35057,2020,6,3,"35006,35006,35006"
46009,2023,10,3,"31015,31089,31015"
51027,2025,4,4,"21071,21119,21159,21159"
32007,2024,6,2,"16071,16071"
13179,2023,8,2,"13107,13279"
51097,2021,7,1,51131
39133,2024,5,8,"39085,39103,39007,39085,39169,39103,39169,39007"
47125,2022,2,2,"47005,47005"
13093,2021,8,2,"13021,13269"
13087,2022,8,1,13037
13095,2022,4,1,13307
48505,2024,7,3,"48047,48047,48323"
19177,2021,6,4,"29197,29103,29103,29197"
53059,2021,1,10,"41065,41021,41049,41065,53005,53053,53005,53025,53037,53053"
12005,2022,3,1,01039
06095,2023,3,2,"06075,06075"
19031,2022,8,2,"19115,19115"
55057,2023,7,6,"55077,55097,55047,55077,55035,55097"
46017,2022,4,2,"46005,46005"
29065,2023,3,3,"29221,29123,29221"
17197,2024,3,2,"18111,18111"
37107,2021,3,1,37137
55083,2020,6,2,"26019,26089"
30017,2020,5,1,56033
13285,2023,4,12,"13045,13045,13113,13121,13255,13215,13263,13045,13231,13255,13263,13293"
17007,2023,4,1,17015
47047,2022,9,18,"28139,28145,28033,28071,28137,28145,28003,28139,47023,47109,47113,47033,47097,47113,05035,28033,05035,47097"
29131,2024,11,2,"29073,29073"
48041,2022,3,4,"48471,48471,48015,48149"
49005,2022,7,5,"56023,49029,56023,56041,49029"
56029,2022,8,6,"30007,30043,30057,30059,30059,56007"
37075,2022,6,2,"13111,13291"
35033,2023,7,12,"08023,35037,08021,35028,35045,35037,35057,35001,35028,35057,08021,08023"
01009,2023,5,1,01007
48111,2023,8,3,"35007,35037,35037"
18127,2020,8,2,"18131,18131"
39071,2021,2,1,21023
28159,2021,10,1,01107
17161,2025,4,4,"19097,19105,19087,19183"
29157,2021,10,2,"17133,17133"
54095,2021,3,1,39115
48293,2020,9,2,"48313,48313"
44007,2024,1,1,25025
51700,2020,9,2,"51735,51735"
47127,2023,12,3,"47117,47177,47117"
20151,2023,4,1,40003
01069,2022,7,1,13037
31119,2022,7,1,31051
41047,2025,2,8,"41027,41013,41069,41041,41021,41027,41069,53039"
51079,2024,4,1,51660
47073,2020,7,2,"51520,51195"
28001,2020,5,1,22077
06071,2022,8,4,"04027,06025,06079,06025"
46003,2020,6,1,31107
26143,2022,8,9,"26133,26119,26133,26001,26069,26001,26007,26069,26119"
18001,2023,6,2,"18009,18009"
28127,2024,8,2,"28063,28147"
05001,2023,1,5,"28011,05123,28011,28027,28143"
46071,2022,9,1,31103
51013,2020,6,1,51600
31111,2024,9,10,"31019,31163,31175,31019,31073,31137,31065,31073,31171,31171"
19193,2020,10,2,"19141,19141"
13193,2020,9,2,"13235,13235"
48121,2021,10,1,40095
50023,2021,5,3,"50009,50019,50019"
56003,2021,6,2,"56017,56017"
39117,2022,8,2,"39005,39005"
47143,2022,6,2,"47175,47175"
16043,2020,9,10,"16059,16011,16059,30023,30093,30043,56029,30043,30093,56029"
44007,2022,8,5,"25001,25007,44005,44005,44005"
40007,2023,8,2,"40043,40129"
01125,2023,5,1,28087
31039,2022,5,4,"19193,31043,31051,31051"
21037,2025,4,1,21097
01101,2025,4,2,"01013,01013"
22043,2020,10,1,22039
31041,2020,7,2,"31077,31077"
35035,2022,7,1,48377
21011,2024,3,2,"21201,21201"
46123,2022,4,2,"31091,46015"
37125,2021,5,2,"37007,37007"
51001,2023,12,1,51735
18153,2022,3,2,"17079,17079"
47033,2021,7,2,"47183,47023"
13135,2021,12,8,"13059,13219,13011,13011,13059,13195,13219,13219"
47047,2021,1,2,"05035,05035"
48205,2023,5,2,"35041,35047"
38009,2023,8,2,"38083,38083"
47161,2023,7,1,47135
27089,2021,7,3,"27029,27029,27029"
48163,2024,5,3,"48323,48323,48323"
46069,2023,6,3,"46015,46005,46015"
40091,2023,6,1,40005
48345,2023,7,1,48011
37055,2025,6,3,"37187,37143,37187"
21075,2023,3,3,"29069,47045,47045"
32031,2021,12,3,"41035,41013,41035"
47109,2024,4,5,"28117,28139,28009,28139,47075"
45077,2021,6,2,"37087,37113"
49019,2022,9,2,"49039,49039"
12057,2023,4,4,"12027,12055,12027,12055"
21085,2021,3,4,"21091,21163,21163,21091"
32013,2023,8,6,"49003,06049,32019,32029,41037,41037"
13037,2024,6,3,"13087,13307,13307"
18069,2021,9,1,18159
21099,2024,7,1,21183
48059,2024,3,5,"48093,48333,48093,48429,48429"
05075,2021,3,4,"29069,29069,05065,05065"
55073,2020,8,2,"55078,55078"
48217,2024,6,8,"48099,48145,48161,48289,48395,48099,48145,48161"
17001,2022,5,3,"17071,17013,29103"
22079,2025,4,1,22029
39067,2023,8,2,"39151,39151"
34009,2025,5,2,"24029,24035"
20117,2024,6,4,"31095,31095,31097,31097"
20045,2024,6,2,"20107,20107"
29003,2020,7,4,"31147,31127,31147,19145"
01081,2021,10,3,"13053,13259,13053"
24039,2021,7,1,51131
16033,2023,6,1,56039
40069,2022,4,1,40133
35033,2020,6,2,"08021,08021"
35029,2025,6,2,"35003,35003"
17127,2021,5,5,"17165,17181,17165,17181,21143"
40037,2021,11,1,40133
19127,2025,6,1,19107
39113,2020,6,1,18075
40059,2021,6,1,40003
18017,2022,3,3,"18157,18159,18157"
17031,2023,4,1,18141
31115,2021,8,2,"31015,31015"
20097,2021,6,1,40003
30035,2025,6,1,30047
22011,2021,12,1,48241
17141,2025,4,5,"17085,19045,19097,17085,19045"
29081,2021,12,2,"19185,19185"
18167,2024,2,4,"17033,18045,17033,18045"
51550,2024,6,2,"37177,37177"
17051,2020,8,4,"17079,17035,17079,17035"
21195,2022,1,4,"51167,51167,51167,51720"
17079,2023,2,4,"17051,17173,17051,17173"
48363,2020,4,2,"48425,48425"
55013,2023,6,2,"55107,55107"
54061,2024,4,1,54093
01087,2022,4,2,"13053,13259"
47005,2021,7,3,"47183,47071,47183"
01083,2021,8,1,28141
49025,2021,8,2,"04012,08033"
56025,2025,6,1,08107
01115,2024,12,2,"01095,01095"
26003,2020,9,4,"26089,26097,26089,26097"
54021,2024,8,2,"54103,54073"
29095,2022,3,2,"29033,29033"
16049,2024,7,6,"16087,30039,30023,30039,53013,53023"
42097,2024,6,2,"42055,42055"
19181,2021,12,2,"19185,19185"
17063,2024,1,1,18111
12065,2025,5,2,"12067,12067"
41035,2023,4,6,"41033,41015,41033,41033,41003,41041"
51003,2022,12,1,51660
06067,2023,3,7,"06041,06075,06097,06041,06055,06097,06055"
48127,2021,9,3,"48013,48013,48247"
48191,2025,4,2,"40057,40057"
18079,2025,4,1,21223
18097,2025,6,2,"18023,18023"
51001,2020,11,1,51735
51181,2023,6,6,"51620,51199,51830,37091,51620,51199"
05095,2021,5,3,"05035,28027,05035"
18079,2020,10,1,18115
12085,2020,4,2,"12055,12055"
48187,2022,5,4,"48013,48149,48149,48013"
23013,2023,5,1,23023
06073,2023,3,2,"04012,04012"
51185,2023,2,1,54089
51171,2023,9,1,51660
22033,2022,8,4,"22007,22125,22007,22125"
47037,2024,6,5,"21213,21219,47117,21213,47117"
22059,2023,3,2,"22077,22107"
27111,2024,7,5,"27029,27121,27149,27121,27149"
29019,2024,8,3,"29173,29151,29151"
05145,2020,11,2,"05065,05123"
33003,2020,5,1,50017
16051,2020,6,4,"16029,16029,16059,16059"
22009,2022,3,4,"22047,22121,22037,22121"
39019,2025,6,7,"39099,39075,39099,39133,39153,39169,39075"
06019,2020,9,3,"06043,06043,32019"
13311,2021,3,2,"37043,37043"
45031,2020,5,1,45089
28121,2024,2,3,"28063,28077,28077"
39115,2025,4,1,54073
41039,2025,5,7,"41013,41037,41011,41015,41033,06093,41037"
51740,2020,6,1,51735
13161,2023,4,8,"13283,13091,13315,13107,13283,13091,13175,13283"
54025,2023,2,2,"51045,51045"
55075,2020,4,3,"26019,26089,55078"
12113,2022,9,1,01035
17115,2020,5,4,"17129,17017,17129,17035"
22079,2022,3,1,22125
48119,2024,3,7,"40013,48379,48379,48397,40013,40023,40023"
53007,2022,6,10,"53035,53053,53077,53077,53073,53029,53055,53073,53029,53035"
08069,2023,9,3,"08047,08019,08047"
28097,2021,9,2,"28013,28013"
42101,2023,9,1,34011
27045,2023,4,1,19195
34007,2022,4,1,34021
16021,2023,5,4,"16055,16079,53063,53063"
31161,2024,8,1,31171
39063,2024,3,1,39123
42085,2023,4,7,"39133,39151,39007,39055,39133,39007,42049"
32017,2024,8,1,32015
21073,2020,7,1,21223
29081,2023,5,1,29003
55101,2023,8,4,"55089,55131,55089,55131"
42037,2022,7,3,"42025,42025,42077"
48439,2024,3,1,48397
26025,2023,8,1,26093
01085,2022,7,1,01035
40025,2025,6,2,"08011,08099"
17131,2024,7,2,"19087,19087"
36087,2024,7,2,"36005,36005"
06107,2023,4,5,"06053,06069,06079,06053,06079"
37053,2021,8,1,51131
40045,2022,9,2,"40093,40093"
22065,2022,5,2,"22067,28063"
24017,2021,5,1,51685
40111,2024,4,1,40119
40019,2021,7,2,"40033,40033"
38065,2023,9,2,"38083,38083"
48061,2025,5,1,48047
39049,2024,6,2,"39021,39021"
26107,2023,7,5,"26111,26143,26111,26105,26105"
20039,2024,9,5,"20147,31083,31073,31083,31137"
39081,2021,6,1,39099
42107,2023,6,2,"42093,42093"
17081,2024,3,1,17199
29219,2024,8,4,"29151,17013,29151,17013"
37147,2021,5,2,"37137,37137"
47123,2021,8,4,"13291,37043,37113,37113"
38017,2024,7,1,38093
45061,2020,5,1,45089
56025,2022,5,4,"08081,08107,56017,56017"
08071,2020,7,6,"08003,08021,08003,08109,08025,08025"
30099,2020,6,5,"30077,30089,30043,30077,30101"
04001,2021,6,3,"08033,08007,08033"
17045,2021,10,1,17079
21067,2025,5,11,"21011,21097,21173,21181,21065,21173,21197,21065,21109,21203,21097"
29099,2021,3,1,29073
49029,2024,7,1,49009
01047,2025,2,1,01023
01011,2023,8,3,"13259,13053,13259"
47019,2021,8,3,"37199,51520,37199"
40065,2021,4,1,40033
51095,2021,2,1,51735
13101,2024,4,1,12041
13269,2025,4,5,"13093,13053,13259,13307,13053"
42071,2022,6,1,42077
48181,2024,3,6,"40005,40023,40069,40067,40069,48397"
21157,2025,1,8,"21039,17127,17151,21033,17127,17153,21039,21033"
30053,2020,6,4,"16079,30077,16079,30061"
06051,2024,9,3,"06031,06069,32029"
30069,2023,6,2,"30015,30107"
39127,2023,4,1,39083
47113,2020,5,1,28009
53021,2020,8,5,"53023,53037,53047,16009,53023"
47013,2021,6,1,47137
22113,2024,11,1,48361
20179,2025,4,6,"31065,20147,20163,20147,31065,31083"
30013,2021,7,3,"30073,30043,30073"
16059,2023,6,7,"16003,16035,16061,16069,41063,16003,16045"
04001,2024,7,3,"08033,08111,08033"
22111,2024,1,2,"05011,05011"
17029,2021,6,2,"17079,17079"
05145,2022,4,3,"05037,05037,05123"
13299,2020,12,2,"13161,13161"
51099,2023,7,1,51119
37023,2021,10,3,"37121,37121,37199"
37171,2025,6,2,"51197,51197"
12063,2024,12,2,"13087,13087"
13001,2025,5,6,"13209,13271,13309,13109,13209,13283"
18059,2022,6,3,"18159,18159,18109"
28003,2022,5,3,"28057,28057,47039"
51175,2022,7,3,"37185,51595,51740"
29069,2022,7,1,47097
05061,2025,6,2,"05019,05019"
17057,2023,7,2,"17175,17175"
12101,2021,3,1,12055
38097,2021,7,1,27029
47099,2023,1,1,47039
19179,2021,3,2,"29197,29197"
40123,2022,7,1,40095
28117,2020,4,4,"47069,28009,47069,28009"
21135,2023,7,4,"21063,21201,21201,21063"
19033,2020,7,2,"19079,19079"
17073,2022,6,3,"17071,19115,19115"
23025,2022,12,3,"23023,23009,23009"
37021,2025,6,1,37011
45007,2024,1,3,"13195,13317,13195"
29189,2023,6,4,"29186,29221,29186,29221"
54031,2022,5,1,51660
29101,2022,6,1,29033
05003,2021,5,2,"22027,22027"
47059,2021,5,5,"37087,37199,37087,37121,37199"
46065,2022,8,1,46015
13069,2023,1,7,"13315,13209,13279,13309,13091,13309,13315"
30081,2021,7,5,"16003,16061,41063,30043,30089"
48339,2020,1,2,"48313,48313"
48015,2021,5,2,"48287,48287"
48355,2025,6,3,"48057,48047,48047"
13187,2020,1,2,"13281,13281"
42117,2022,7,1,42093
48489,2021,10,1,48273
13153,2020,7,1,13081
48145,2025,6,2,"48051,48051"
48091,2025,6,2,"48493,48493"
16027,2023,5,1,16003
12101,2024,4,5,"12017,12049,12049,12055,12017"
32510,2020,11,8,"06067,06101,06115,32001,06049,06091,32001,41037"
42113,2022,7,3,"42093,42025,42093"
27021,2024,5,10,"27065,27095,27029,27071,27095,27029,27071,27009,27095,27041"
22073,2025,2,5,"22041,05003,05017,22041,05003"
05099,2022,5,1,05081
32007,2024,10,2,"16027,16047"
51063,2021,6,1,51021
51137,2025,6,1,51630
17131,2021,6,2,"17175,17175"
38035,2024,7,2,"27029,27125"
20007,2023,5,4,"40053,40053,40093,40093"
27167,2023,4,5,"27041,27041,27153,27159,27011"
13017,2023,8,2,"13309,13235"
19197,2024,7,4,"19151,19151,27091,19151"
51137,2020,12,1,51540
41059,2021,6,16,"41001,41069,41021,41069,53039,41001,16003,16049,41001,53003,53021,53025,53039,53077,53021,53021"
48193,2022,5,3,"48217,48425,48425"
13095,2022,8,1,13307
47123,2023,1,2,"13291,13213"
29027,2023,3,2,"29135,29135"
18097,2022,3,2,"18159,18065"
29207,2022,5,1,29093
42013,2024,4,3,"42057,42023,42057"
19163,2023,5,3,"19115,17015,19115"
41015,2024,12,2,"06093,06093"
18085,2023,6,7,"18141,26149,18103,18131,18131,18141,18103"
27057,2024,6,1,27071
46075,2022,8,1,46015
24031,2020,9,3,"51610,51600,51610"
20059,2023,9,5,"20209,29037,29013,29013,29037"
48135,2020,5,1,48165
18103,2020,8,3,"18131,18131,18009"
17163,2024,4,5,"17005,17005,17145,29157,17145"
37031,2025,6,2,"37187,37141"
54073,2021,6,1,39115
49013,2020,6,2,"49029,49033"
08041,2020,6,3,"08109,08025,08025"
29143,2023,7,4,"05021,05055,47045,47045"
05083,2021,3,2,"05101,05101"
54017,2022,6,2,"54049,54049"
13289,2021,3,1,13283
37035,2024,1,2,"37011,37011"
13305,2021,9,2,"13005,13005"
51061,2024,1,2,"51683,51685"
48209,2025,6,1,48493
18133,2022,7,3,"18045,18157,18045"
01069,2022,11,1,13037
51810,2021,4,2,"51735,51735"
19027,2020,6,4,"19085,19133,19085,19155"
48441,2023,10,1,48133
42129,2022,5,1,54009
06089,2021,10,8,"41035,41037,41029,41033,41035,06021,06045,06045"
05077,2024,4,5,"05037,28027,05037,28027,28107"
06071,2022,12,4,"04027,06025,06079,06025"
13033,2024,6,7,"13175,13279,13283,13125,13301,45049,45049"
20209,2021,7,1,29107
41047,2020,12,6,"41027,41069,41021,41027,41069,53039"
47155,2025,2,2,"37113,47173"
26003,2022,5,1,26029
13265,2024,7,5,"13219,13125,13219,13125,13163"
25005,2022,4,1,25019
17089,2022,6,1,17063
55085,2024,6,4,"26071,55037,55003,26071"
29047,2022,6,1,29033
48319,2024,4,2,"48281,48333"
40087,2021,6,1,40029
23025,2024,5,1,23023
13215,2024,2,3,"01017,01017,13293"
37011,2021,3,6,"37199,37199,47171,47163,47171,47163"
22081,2021,4,1,22027
51153,2023,12,1,51600
18165,2022,8,4,"18157,18021,18021,18157"
17179,2020,5,5,"17169,17129,17017,17129,17169"
17077,2023,4,3,"29186,29123,29186"
32027,2025,5,3,"32007,32007,41037"
01117,2021,7,2,"01027,01027"
31041,2025,5,12,"31171,31001,31079,31093,31099,31137,31073,31137,31171,31077,31093,31077"
17171,2024,3,4,"17013,17017,17013,29173"
39035,2022,5,2,"39005,39005"
19027,2023,7,6,"19021,19093,19133,19021,19035,19093"
31125,2023,9,1,31003
21011,2024,7,4,"21097,21201,21097,21201"
46123,2022,8,3,"31091,31149,46015"
51115,2020,7,2,"51735,51735"
08107,2023,4,8,"08117,08077,49047,08019,08047,08117,49047,49047"
01065,2023,6,1,01023
16085,2024,9,4,"16087,16027,16087,16035"
29093,2024,4,2,"29157,29157"
13139,2025,5,4,"13219,13281,13219,13281"
53003,2020,6,3,"16035,16061,16009"
29183,2025,4,2,"29073,29073"
05103,2023,9,2,"05011,05011"
48357,2024,5,3,"40045,40059,40045"
51167,2020,4,2,"51520,51720"
21043,2020,6,1,21159
40091,2023,10,1,40005
49051,2025,5,2,"49009,49009"
45057,2021,3,2,"37007,37007"
13095,2024,1,4,"13061,13261,13261,13307"
21075,2023,7,3,"29069,47045,47045"
20029,2020,6,3,"31095,31067,31095"
01061,2022,11,2,"01013,01035"
48059,2024,7,2,"48093,48093"
29015,2023,9,5,"29013,29037,29101,29101,29013"
46051,2023,5,6,"27151,27151,27173,27081,27173,46011"
20117,2024,10,1,31169
48049,2024,3,3,"48429,48281,48281"
13253,2024,1,1,13061
19155,2022,4,1,19027
51700,2022,6,2,"51735,51735"
01037,2023,5,2,"01007,01007"
18017,2022,7,2,"18157,18157"
46015,2020,8,1,31107
16035,2022,6,4,"16009,16009,30039,30077"
27135,2024,6,4,"27029,27071,27071,38099"
49033,2024,8,3,"16071,16071,49009"
19139,2021,12,3,"19095,19183,19183"
06089,2023,3,4,"41037,06015,41029,41033"
47011,2024,5,2,"13047,13047"
18167,2024,6,4,"17033,18045,17033,18045"
51079,2021,7,1,51540
19095,2023,1,2,"19115,19115"
39041,2023,4,7,"39005,39075,39139,39033,39175,39033,39139"
46071,2024,6,1,31103
38029,2024,8,5,"38083,38083,38093,38093,38089"
17021,2020,3,2,"17017,17129"
12009,2024,6,1,12055
31089,2025,6,3,"31175,31077,31175"
19159,2023,6,2,"19145,19145"
21019,2025,1,7,"21063,21205,21063,21115,21159,21175,21159"
55045,2023,8,2,"55111,55111"
29153,2021,2,2,"05065,05065"
13193,2022,6,1,13307
51065,2022,7,1,51540
42073,2024,4,2,"39151,39151"
48055,2022,3,2,"48015,48123"
51153,2025,5,2,"51610,51630"
26051,2024,6,1,26001
16011,2023,8,2,"56039,16007"
41025,2022,9,11,"32027,06049,06091,32001,32019,32027,32029,32510,41049,06049,16087"
05045,2025,6,5,"05137,05053,05129,05137,05067"
20085,2022,5,2,"31147,31147"
49053,2022,10,4,"04012,49001,49027,49001"
06043,2023,2,3,"06069,06085,06085"
19029,2024,6,2,"19145,19145"
16043,2022,6,8,"30023,30093,30007,30043,30059,30043,30093,56023"
32007,2021,7,4,"16053,16047,16053,32001"
51153,2020,11,1,51600
51107,2024,4,4,"42057,51600,51683,51685"
01003,2021,12,1,01039
21159,2023,7,3,"21063,54045,54109"
29221,2025,4,4,"29073,29073,29223,29157"
17063,2024,5,1,18111
42053,2023,7,3,"42039,42039,42049"
31125,2020,8,2,"31003,31167"
08089,2024,7,1,08023
55103,2025,6,1,17085
48363,2023,9,1,48077
48201,2023,4,2,"48481,48481"
29153,2024,3,3,"05065,05137,05065"
19125,2025,6,6,"19007,19185,19107,19007,19051,19185"
18083,2022,7,2,"18021,18021"
13241,2022,6,4,"13011,13291,13291,13147"
37009,2020,5,2,"37011,37011"
45029,2022,6,1,45043
19175,2025,6,4,"19117,19185,19117,19185"
22005,2023,7,3,"22037,22121,22121"
19099,2021,12,2,"19095,19095"
01107,2023,8,3,"28075,28105,28105"
20191,2023,6,3,"40003,40003,40103"
37031,2022,3,1,37141
37161,2020,7,3,"37199,37121,37199"
18137,2020,7,1,21223
13261,2022,5,4,"13053,13259,13037,13259"
32011,2021,8,2,"32001,32001"
08045,2020,5,4,"08065,08065,49007,49007"
48487,2025,5,2,"40057,40057"
17183,2022,7,4,"18157,18045,18045,18157"
28017,2022,5,2,"28057,28057"
21207,2021,7,2,"47137,47137"
19113,2022,8,1,19115
41021,2020,5,2,"41027,41027"
42019,2021,6,2,"39099,39099"
05147,2020,11,2,"05035,05035"
28121,2024,6,3,"28063,28077,28077"
29015,2020,8,1,29195
42021,2024,6,2,"42057,42023"
51710,2021,9,2,"51735,51735"
55027,2023,5,3,"55077,55015,55077"
51017,2021,8,1,51580
28051,2024,7,1,28135
55075,2020,8,3,"26019,26089,55078"
08031,2021,6,2,"08019,08047"
19109,2021,8,10,"19041,19059,27063,19021,19041,19059,19021,19041,27063,27165"
13033,2021,3,5,"13031,13279,13283,13031,13031"
30059,2023,6,3,"30015,56039,30015"
13313,2022,6,1,13111
42085,2023,8,3,"39151,39007,39007"
31107,2024,7,4,"31011,31071,31115,31167"
48173,2022,5,3,"48115,48115,48081"
48137,2020,3,2,"48507,48507"
50025,2020,5,1,50017
21023,2023,4,2,"21069,21069"
18067,2024,5,2,"18181,18181"
48479,2024,4,4,"48047,48047,48427,48427"
20187,2023,5,2,"08011,08011"
55061,2022,4,2,"26105,26105"
51053,2025,6,2,"51670,51670"
48167,2022,12,3,"48321,48481,48473"
47117,2022,4,1,47051
17135,2020,8,3,"17083,17083,17035"
30063,2022,6,10,"30035,30049,30073,30099,30023,30023,30043,30049,30001,30023"
17169,2022,6,2,"17071,17071"
38029,2021,7,2,"38083,38083"
05063,2022,10,2,"05037,05111"
08031,2024,7,2,"08019,08047"
39065,2025,5,6,"39147,39173,39033,39117,39033,39147"
19159,2020,5,6,"19137,19145,29129,19137,19145,29129"
29063,2024,7,2,"29033,29079"
01113,2024,5,2,"13061,13307"
12007,2024,7,2,"12041,13065"
37169,2024,1,1,51063
30057,2021,7,7,"16065,16081,30023,30059,56029,30023,30023"
40141,2022,6,4,"48077,48197,48077,48197"
27129,2022,8,6,"27033,27033,27083,27101,27081,27083"
21047,2022,2,3,"47083,47005,47083"
47123,2021,12,3,"13111,13291,13111"
56025,2022,9,2,"56017,56017"
27037,2024,9,2,"27079,27079"
29099,2021,7,1,29073
01069,2023,1,1,13037
08111,2021,8,3,"08007,08079,08007"
26041,2020,6,8,"26083,26095,26009,26019,26083,26095,26097,26019"
51095,2021,6,2,"51131,51735"
13181,2024,1,4,"13195,13163,13301,13301"
48071,2021,10,1,48373
12065,2022,8,1,12029
13289,2024,8,3,"13193,13225,13283"
48181,2024,7,5,"40005,40023,40069,40067,40069"
45073,2023,8,8,"13011,13195,13011,13281,13311,13195,13281,13011"
48149,2025,5,4,"48255,48493,48051,48051"
55079,2020,6,1,55055
48191,2022,7,2,"48197,48197"
31065,2022,9,2,"31099,31099"
12071,2025,6,3,"12087,12093,12093"
31081,2023,4,2,"31159,31159"
01107,2025,1,1,01023
06059,2022,2,4,"04012,06025,04012,06025"
51061,2022,12,1,51685
28143,2021,3,2,"05123,05123"
55069,2020,9,1,55078
34035,2025,5,1,34037
48143,2020,5,2,"48333,48333"
21227,2024,8,1,21219
01045,2024,1,3,"13061,13239,13061"
16031,2023,7,11,"16063,16047,16063,16063,49005,16047,49045,49005,49011,49045,49057"
13055,2021,12,2,"13233,13233"
21001,2022,6,1,47027
22045,2023,5,1,22121
40121,2022,5,1,40133
55089,2023,4,4,"26105,26105,55015,55071"
27111,2021,10,5,"27029,27121,27149,27121,27149"
30003,2020,7,2,"56029,56029"
01073,2022,2,1,01107
51580,2023,7,1,51045
06031,2023,4,3,"06069,06069,06087"
27073,2025,6,1,27155
39003,2025,4,4,"39147,39173,39101,39173"
29037,2020,5,1,29177
47101,2023,1,2,"47039,47039"
13135,2022,6,9,"13059,13219,13011,13137,13011,13059,13195,13219,13219"
48085,2024,6,4,"40013,40013,40095,48379"
19179,2021,7,2,"29197,29197"
13015,2024,7,2,"13143,13143"
45007,2024,5,3,"13195,13317,13195"
40067,2022,7,2,"40095,40095"
27001,2023,9,3,"27153,27159,27009"
13153,2025,5,8,"13091,13175,13319,13315,13091,13315,13175,13319"
47003,2024,6,1,47177
21153,2020,2,3,"21159,21159,21063"
01029,2025,6,2,"13149,13149"
48339,2020,5,2,"48313,48313"
13187,2020,5,2,"13281,13281"
17111,2020,7,1,55055
12095,2020,9,2,"12055,12055"
18043,2022,8,1,18071
51153,2022,2,2,"51600,51610"
08039,2020,6,3,"08119,08119,08025"
29081,2020,8,3,"19003,29117,29117"
26117,2022,9,1,26105
20095,2024,6,6,"20097,40003,40003,40053,20097,40053"
39167,2023,4,1,54105
40017,2023,8,4,"40043,40093,40093,40103"
12133,2022,6,1,01039
34041,2024,5,2,"34031,34031"
22075,2022,5,2,"22057,28045"
27107,2023,4,2,"27159,38003"
17027,2023,2,1,17173
21153,2023,3,1,21063
06067,2020,4,7,"32005,06057,32005,32031,06011,06011,06033"
45051,2020,1,2,"45089,45089"
37119,2025,5,2,"45023,45023"
46081,2022,4,1,56009
21155,2025,6,1,21199
18145,2022,3,4,"18065,18109,18109,18065"
31079,2020,7,1,31077
21199,2024,5,1,47137
22099,2025,4,2,"22093,22029"
26013,2022,6,2,"26083,26083"
31017,2022,9,1,31091
48255,2023,3,2,"48391,48391"
42007,2021,7,2,"39099,39099"
51173,2020,1,3,"47091,47091,51520"
06001,2024,4,6,"06005,06009,06047,06009,06047,06109"
45071,2024,12,2,"45023,45023"
41053,2021,1,3,"41031,41031,41065"
12003,2024,5,1,12041
21083,2024,3,2,"21139,21139"
37109,2025,5,1,37011
13289,2021,7,5,"13091,13091,13107,13283,13309"
45073,2020,7,2,"13281,13281"
06051,2021,12,6,"06069,32510,32001,32029,32510,32001"
29115,2021,10,4,"29103,29197,29199,29103"
31101,2024,4,5,"31091,31085,31091,31171,31085"
36013,2023,7,3,"39007,42039,42039"
45035,2021,3,1,45011
12043,2023,4,3,"12027,12027,12049"
51023,2021,6,1,51580
51171,2022,5,1,51660
51077,2022,6,3,"51167,51167,51520"
16071,2020,4,6,"16029,16067,16083,16029,49033,49033"
31067,2021,12,1,31147
51510,2025,5,2,"51610,51610"
27141,2025,4,2,"27065,27065"
21173,2024,5,1,21201
51810,2021,8,2,"51735,51735"
47115,2022,5,1,47175
35013,2020,5,2,"35017,35017"
56045,2022,7,1,56007
47077,2020,5,2,"47069,47069"
51073,2020,7,1,51735
36111,2025,5,1,34037
47155,2025,6,2,"37113,47173"
31183,2023,3,3,"31139,31015,31103"
25005,2022,8,1,25019
04019,2022,10,3,"04012,04012,06025"
55085,2024,10,2,"55051,55051"
06039,2025,2,1,06031
48297,2021,6,1,48247
55003,2022,6,2,"26083,26083"
21135,2025,4,9,"21063,21011,21181,21201,21201,21011,21063,21165,21175"
13137,2025,6,2,"37113,37113"
26073,2021,9,1,26129
08027,2020,8,6,"08119,08003,08025,08003,08053,08105"
31163,2024,4,5,"31071,31115,31011,31121,31071"
39001,2025,2,4,"21069,21205,21069,21201"
17049,2023,7,1,17033
17059,2020,7,2,"21055,21055"
39027,2024,5,2,"21023,21023"
48085,2021,5,1,48379
20077,2020,7,1,20033
19107,2024,8,2,"19087,19087"
22073,2020,10,2,"22027,22027"
19079,2024,7,1,19151
39001,2020,8,1,21201
56011,2020,7,2,"56033,56033"
36021,2023,6,1,36093
48329,2022,8,1,48115
54033,2023,6,1,54093
51115,2025,5,1,51830
08059,2022,8,1,08065
48355,2022,9,5,"48057,48131,48297,48025,48297"
42077,2025,5,1,34021
51115,2020,11,2,"51735,51735"
20015,2022,3,2,"20207,40053"
31139,2022,10,7,"31051,46027,46135,46009,46135,31051,31173"
48361,2020,12,1,48071
21041,2024,5,1,18115
13075,2025,5,2,"13173,13173"
46102,2023,9,2,"31091,31103"
20095,2021,5,2,"40003,40003"
12125,2024,4,2,"12041,12041"
30049,2023,6,3,"30015,30107,30015"
20029,2025,4,8,"20141,20183,31129,31181,20141,31129,31169,31169"
48245,2022,6,4,"48241,48373,48373,48241"
28029,2021,9,2,"28091,28113"
39051,2024,6,3,"39173,39123,39173"
40063,2023,9,2,"40005,40005"
20077,2023,8,1,40093
29053,2020,8,1,29033
28033,2020,1,1,28009
55133,2022,7,1,26127
26043,2024,5,3,"26013,26013,26083"
06115,2021,10,2,"06021,32510"
40023,2021,2,3,"40029,48119,48119"
28159,2022,2,1,01107
19085,2022,5,6,"19027,19093,19193,19093,19193,19027"
01111,2024,5,2,"13143,13143"
12071,2022,3,1,12027
48493,2020,1,1,48285
12099,2021,5,2,"12055,12055"
48123,2025,6,3,"48493,48493,48057"
28039,2022,2,1,28045
22055,2025,6,2,"22007,22007"
12117,2025,5,2,"12105,12105"
28023,2024,8,1,28111
54037,2020,3,1,51840
22127,2022,11,2,"22041,22083"
36051,2024,10,1,36063
06051,2023,5,2,"06005,32029"
30095,2023,6,2,"30107,30107"
29035,2022,5,2,"29093,29093"
48257,2024,7,2,"48379,48379"
39171,2024,4,1,39173
18133,2024,4,2,"18045,18045"
51179,2020,10,1,51685
51081,2022,7,2,"37185,37185"
01017,2022,6,2,"13149,13149"
12015,2024,7,2,"12049,12049"
55029,2022,6,3,"26153,26029,26153"
13219,2024,2,5,"13195,13141,13195,13195,13317"
17149,2024,4,2,"17017,17017"
17019,2023,2,1,17023
17187,2020,7,2,"17169,17169"
40061,2023,5,1,40005
19095,2023,5,2,"19115,19115"
16037,2021,8,4,"16025,16025,16047,16003"
29017,2023,4,2,"29186,29069"
17055,2021,4,2,"17181,17181"
04009,2021,9,1,04027
36111,2022,4,3,"36079,36079,36087"
19181,2025,5,3,"19185,19007,19185"
26129,2024,7,2,"26119,26119"
29099,2023,3,1,29123
39161,2024,7,1,39173
51143,2021,6,1,51690
20009,2024,5,2,"20083,20141"
42073,2024,8,3,"39019,39151,39151"
47059,2020,1,3,"37199,37121,37199"
48369,2023,5,4,"35037,35041,35041,35037"
37063,2021,7,2,"37181,37127"
51107,2024,8,4,"51600,51610,51683,51685"
48409,2024,9,3,"48057,48047,48057"
46123,2024,5,4,"31017,31091,31171,31017"
17145,2021,7,1,17027
26103,2024,8,3,"26089,55037,55037"
29055,2024,11,1,29151
13249,2021,12,4,"13053,13259,13307,13307"
51143,2024,7,1,51063
28149,2024,2,2,"28063,28063"
21081,2023,8,1,21201
21121,2022,6,1,21189
18137,2025,5,3,"18143,21223,18143"
37161,2025,5,2,"37011,37011"
13211,2025,2,2,"13221,13221"
48299,2020,4,1,48333
46027,2025,6,3,"31179,31173,31179"
25027,2025,5,1,44009
48439,2020,1,1,48425
29141,2020,1,1,29089
39007,2021,9,2,"39133,39133"
48097,2022,8,3,"40019,40095,40095"
27027,2021,7,5,"27029,27159,27041,27153,27159"
01045,2022,12,1,13259
18089,2020,6,1,18131
04015,2022,2,2,"04027,06025"
41057,2020,9,1,53011
54035,2024,7,1,54073
17095,2023,5,1,19115
48001,2020,2,2,"48313,48313"
29065,2022,3,2,"29073,29073"
26165,2023,7,7,"55029,55061,26143,26105,26105,55061,26143"
13019,2023,7,1,13271
01041,2023,4,2,"01035,01035"
19109,2021,12,9,"19041,19059,27063,19021,19041,19059,19021,19041,27063"
26037,2020,10,2,"26015,26015"
30077,2024,9,2,"30053,16035"
21141,2023,12,3,"21061,21107,21061"
47097,2024,4,3,"05035,47095,05035"
05087,2025,4,1,05129
26027,2024,6,1,18149
48153,2023,7,2,"48011,48011"
49053,2021,6,1,04012
30095,2020,5,2,"56029,56029"
20139,2024,7,1,20107
54013,2025,6,1,54073
13051,2025,3,2,"13109,13109"
22097,2021,3,6,"22125,22047,22121,22125,22007,22047"
39045,2025,6,1,39083
48469,2022,7,2,"48321,48321"
23025,2021,6,3,"23015,23023,23015"
19019,2020,5,1,19067
33019,2021,7,1,50009
48457,2024,7,3,"48455,48407,48455"
48343,2024,4,1,40023
01033,2023,4,1,28117
30041,2023,8,1,30101
27017,2025,3,2,"27065,27065"
36055,2024,10,2,"36063,36063"
17081,2023,2,2,"17051,17159"
49001,2022,4,2,"49039,49039"
13187,2025,5,2,"13281,13281"
36059,2024,7,2,"36047,36085"
51105,2022,5,3,"51167,51167,51720"
55083,2021,4,1,26089
01089,2023,9,2,"13083,47061"
20173,2023,5,1,40053
20205,2024,6,1,20107
12093,2022,9,1,12027
37169,2024,5,2,"37005,51063"
48455,2022,3,2,"48241,48185"
27083,2024,7,2,"27023,27073"
21047,2022,6,3,"47083,47005,47083"
21041,2021,2,1,18115
55113,2021,6,1,27115
26125,2020,8,1,26065
26051,2021,9,4,"26039,26135,26039,26135"
06105,2023,1,5,"06097,06049,06049,41029,41033"
37039,2024,5,2,"13281,13281"
18113,2025,5,2,"39171,39171"
18027,2022,7,1,18021
46037,2022,8,4,"46005,46077,27155,46005"
19133,2021,7,6,"19021,19035,19035,31043,31043,31051"
01001,2025,5,1,01013
19191,2020,5,2,"19067,19067"
13181,2024,5,4,"13195,13163,13301,13301"
06071,2023,6,2,"49025,06079"
34003,2020,12,2,"36079,36079"
28011,2021,6,2,"28135,28135"
10005,2023,9,2,"34011,34011"
39173,2021,5,2,"39077,39077"
28019,2022,7,1,28013
54047,2024,9,1,21159
20169,2022,5,2,"20123,20123"
26119,2021,6,8,"26047,26097,26113,26129,26069,26129,26033,26097"
12051,2023,5,4,"12027,12055,12055,12055"
01107,2025,5,1,01023
39091,2023,4,3,"39101,39175,39101"
17023,2025,5,2,"17159,17159"
30011,2020,6,1,56033
29163,2022,6,2,"29073,29151"
19175,2022,9,3,"19009,19145,19145"
33007,2021,7,2,"23007,50019"
51750,2021,7,1,51021
01045,2024,5,2,"13061,13061"
05011,2022,6,2,"22067,22067"
47181,2023,7,1,47023
40007,2024,6,5,"20097,40043,40129,40153,40153"
06037,2023,5,1,06079
04005,2023,8,9,"49017,49021,08033,08083,08113,35045,49015,49017,49055"
28093,2021,3,2,"05035,05035"
51710,2023,6,5,"51119,51199,51735,51199,51735"
37199,2024,2,2,"37011,37011"
47157,2020,3,3,"28009,28009,47069"
06103,2020,5,6,"06011,06101,06011,06033,06033,06049"
51187,2024,7,1,51840
21151,2022,5,1,21189
40073,2021,5,4,"40003,40103,40103,40003"
17109,2020,6,1,17017
49049,2025,5,8,"49019,49009,49043,32033,49043,32007,32033,49043"
25017,2023,5,1,33013
40113,2022,5,1,40053
47097,2021,3,4,"05035,29069,47095,05035"
30001,2023,8,1,56039
29113,2022,3,3,"29073,29151,29073"
32007,2023,9,5,"16053,16053,49005,49011,49011"
29197,2020,5,3,"29103,29129,29103"
48025,2025,4,2,"48493,48057"
45017,2022,5,1,45089
29071,2022,5,4,"29093,29151,17013,29093"
20035,2024,5,4,"40053,40053,40103,40103"
47011,2023,1,5,"13123,13047,13295,13047,13295"
17005,2023,2,2,"17173,17173"
53063,2022,6,6,"16021,53001,16021,53001,53021,53023"
30041,2020,7,1,30101
22103,2024,9,1,28147
27165,2024,8,3,"27079,27127,27127"
51550,2023,6,2,"37177,37177"
51107,2021,5,1,51685
28021,2024,1,1,28077
39069,2023,6,6,"26059,39123,39161,26059,39123,39143"
42081,2025,3,2,"42023,42023"
21153,2023,7,1,21063
01087,2021,4,2,"13053,13259"
06007,2021,10,4,"06033,06033,06045,06045"
41007,2020,9,1,53011
18127,2024,5,3,"18111,18181,18111"
51191,2023,1,1,51021
21237,2020,7,1,21063
34019,2024,8,1,34031
51169,2022,7,3,"51520,51520,51720"
49043,2020,6,3,"49007,16041,49005"
17119,2023,4,4,"17051,17051,17051,17173"
28065,2020,12,4,"28109,28147,28109,28147"
48255,2023,7,2,"48391,48391"
48293,2024,6,3,"48313,48099,48313"
17201,2023,4,2,"17015,17015"
33003,2022,11,4,"50009,50005,50009,50017"
18061,2020,7,2,"21027,21027"
46085,2024,2,2,"31103,31103"
40039,2022,6,5,"40075,40093,40075,40093,40075"
34003,2022,5,2,"36079,36079"
19149,2025,6,2,"19047,31173"
48241,2024,7,5,"48373,48455,48373,22011,48373"
53069,2021,1,2,"53053,53077"
46091,2023,6,1,27011
32019,2021,7,2,"32013,41037"
47157,2025,2,2,"05077,47069"
20031,2024,5,3,"20107,20107,20107"
48449,2024,4,1,40023
13103,2023,4,1,13107
04013,2021,12,2,"06025,06025"
51197,2021,4,1,47091
23017,2020,12,2,"23023,23023"
21101,2020,7,2,"21055,21055"
05043,2023,7,4,"22123,28011,05107,28011"
12083,2025,1,6,"12007,12041,12105,12041,12007,12105"
39041,2025,4,4,"39005,39075,39033,39033"
31019,2024,4,6,"31071,31115,31073,31121,31121,31073"
47165,2025,2,3,"47159,47159,47159"
31051,2020,7,9,"31107,31139,19133,31021,31039,31039,31119,31139,31167"
45011,2023,8,2,"13107,13163"
17103,2021,8,1,17175
45035,2021,7,1,45011
47003,2023,2,1,47061
48005,2023,9,2,"48407,48407"
05001,2022,4,2,"05123,28027"
31081,2020,7,5,"31023,31159,31023,31151,31159"
26165,2020,4,4,"26089,26009,26089,26009"
35013,2020,9,2,"35017,35017"
12127,2024,9,4,"12119,12017,12075,12119"
08035,2024,7,2,"08019,08047"
17055,2024,9,3,"29157,17069,17151"
30059,2020,7,6,"30043,30043,56029,30043,30077,56029"
48385,2025,6,2,"48163,48507"
17105,2024,6,3,"18111,17123,17123"
01045,2021,4,1,13259
20131,2024,5,1,31097
51183,2025,5,1,51670
13217,2024,4,2,"13133,13013"
31041,2024,4,8,"31017,31171,31073,31085,31117,31117,31171,31017"
48199,2020,9,3,"48407,48407,48455"
48363,2024,3,4,"48093,48093,48009,48009"
21147,2020,3,2,"21207,21207"
39105,2021,6,1,39115
51047,2025,5,2,"51630,51630"
28115,2023,8,5,"28161,28107,28161,28117,28117"
37177,2021,3,4,"37073,37137,37073,37073"
40147,2021,3,1,40103
05111,2024,8,1,05077
23013,2024,3,1,23023
20201,2024,6,2,"20123,31097"
51830,2024,7,1,51735
30001,2020,7,7,"16065,30039,30043,30077,30043,30039,30043"
29149,2022,11,2,"05021,05021"
01119,2023,6,7,"28087,28099,28101,28099,28101,28087,28105"
51043,2024,8,1,51840
20015,2022,7,1,40053
06053,2024,2,3,"06039,06047,06047"
27151,2025,5,2,"27155,27155"
04003,2021,9,1,04027
45025,2022,4,1,45033
18069,2025,6,2,"18103,18103"
20095,2021,9,2,"40003,40003"
01091,2022,1,2,"01107,01107"
06071,2020,3,8,"32017,06051,06031,06079,06083,06111,06111,32017"
26039,2023,6,11,"26029,26007,26031,26141,26001,26069,26001,26007,26069,26029,26031"
17027,2020,5,1,17083
19195,2020,6,2,"19067,19067"
28097,2022,7,2,"28013,28013"
29207,2024,6,4,"29157,17003,29157,17003"
12011,2025,6,5,"12087,12015,12093,12087,12093"
47123,2020,8,5,"37043,37113,37113,37173,37173"
31111,2022,4,1,31091
35023,2024,6,4,"04009,04009,35003,35003"
13297,2021,8,1,13117
45085,2024,7,1,45033
28151,2022,7,3,"22067,28027,28027"
42007,2023,4,3,"39099,39151,39099"
12071,2022,7,1,12027
48493,2020,5,1,48285
48359,2020,6,1,48369
42027,2025,3,2,"42023,42023"
48323,2021,5,1,48247
17119,2020,3,3,"17121,17013,17013"
56027,2022,5,1,56007
35025,2025,4,1,35009
01005,2022,4,3,"13053,13053,13307"
18017,2021,6,1,18159
20163,2022,4,5,"20089,20123,31061,20089,31061"
13289,2023,4,19,"13079,13207,13091,13235,13079,13193,13225,13235,13009,13159,13207,13091,13107,13167,13283,13309,13009,13167,13303"
05075,2022,1,1,05037
12003,2021,8,2,"12041,13005"
45073,2022,4,7,"13011,13195,13011,13281,13195,13281,13011"
48167,2023,6,1,48481
01031,2024,1,1,01085
48371,2024,4,4,"48377,48109,48377,48109"
38061,2021,7,1,38083
48449,2021,3,4,"48459,48119,48459,48119"
37109,2022,8,2,"37003,37003"
21111,2020,9,3,"21163,21027,21163"
29035,2022,9,3,"05021,05021,29123"
39171,2024,8,1,39173
17173,2022,6,1,17039
48499,2021,3,2,"48119,48119"
49045,2020,8,7,"16083,32017,49029,49029,49007,49029,49033"
13245,2024,7,3,"13125,13301,13301"
18021,2023,6,1,17033
13031,2023,6,6,"13279,13163,13167,13175,13279,13283"
13307,2021,6,3,"13053,13269,13053"
17143,2020,3,1,17169
47161,2021,2,2,"21143,47183"
48121,2022,6,1,40095
37023,2020,10,3,"37121,37121,37199"
26003,2024,6,8,"26089,27031,26097,26013,26071,26029,26089,26097"
20103,2020,5,1,20043
22025,2020,1,2,"22077,22077"
27021,2020,4,2,"27071,27071"
38061,2024,8,3,"38089,30109,38083"
28081,2025,5,3,"28003,28139,28139"
45053,2020,12,1,13031
17049,2025,4,2,"17159,17159"
26111,2022,8,3,"26133,26037,26133"
36009,2024,7,1,42023
08093,2021,7,2,"08047,08047"
51001,2024,8,1,51735
13263,2024,12,4,"13259,13259,13307,13193"
37093,2021,5,1,37007
48329,2024,5,1,48475
21169,2024,7,2,"21061,21061"
18135,2022,8,2,"18009,18009"
51015,2023,6,2,"51530,51660"
42043,2025,6,1,42093
51087,2023,12,2,"51570,51670"
48273,2024,5,3,"48247,48427,48007"
54101,2024,6,1,54093
19015,2024,7,1,19151
05115,2024,3,2,"05137,05137"
31139,2024,7,5,"31011,31011,31039,31039,31173"
26159,2023,3,4,"18141,18141,26023,26023"
51760,2024,7,2,"51570,51670"
46102,2025,6,1,31171
17057,2024,5,2,"17017,17017"
28149,2024,6,2,"28063,28063"
20089,2020,6,1,31095
54065,2024,8,1,51840
48473,2020,1,3,"48481,48481,48313"
27155,2024,7,5,"27073,27041,27121,27041,27121"
13211,2025,6,5,"13141,13221,13221,13009,13141"
29075,2023,8,1,19145
12125,2021,7,2,"12041,12041"
47113,2024,4,4,"47071,28009,28139,47071"
29035,2021,1,1,29069
48439,2020,5,1,48425
35027,2022,9,2,"35041,35041"
13165,2024,5,10,"13029,13163,45005,45011,13163,13175,13279,13283,45005,45049"
47013,2025,5,9,"21125,21199,21231,21013,21125,21013,47067,21231,47137"
48097,2022,12,1,40019
48303,2022,8,2,"48115,48115"
06063,2021,10,3,"06021,06021,06045"
39073,2023,1,2,"39115,39115"
47131,2022,1,5,"47033,47097,47017,47033,47017"
06093,2021,1,9,"41015,06045,41037,06045,41019,41015,41019,41019,41037"
42017,2022,5,2,"42025,42025"
29131,2022,6,2,"29073,29073"
29207,2021,5,2,"17181,29179"
12011,2022,5,2,"12043,12043"
05121,2023,4,2,"29069,29069"
48005,2020,6,1,48313
18143,2020,7,2,"21223,21223"
34001,2025,5,1,34021
29045,2024,8,2,"19087,19087"
08057,2024,5,2,"08019,08047"
28079,2025,6,9,"28019,28051,28051,28023,28061,28129,28061,28129,28019"
46039,2022,8,9,"27083,27117,46101,27083,27117,46077,46079,46101,46077"
12111,2020,5,1,12055
48053,2024,5,6,"48099,48145,48309,48099,48333,48333"
45083,2021,7,2,"37021,45023"
48049,2021,10,2,"48143,48143"
28025,2021,9,4,"28013,01107,28057,28013"
37053,2025,5,2,"37143,37187"
55131,2022,9,1,26105
40077,2021,5,1,40029
37051,2024,9,1,45033
08005,2022,6,3,"08019,08047,08093"
05089,2023,6,1,05065
17081,2023,6,1,17051
28141,2020,1,1,47069
30057,2020,6,7,"16065,16059,30023,56029,30023,30077,30023"
53065,2023,4,6,"53001,53025,53075,16009,16055,53075"
46017,2023,6,2,"46005,46005"
47011,2021,12,2,"13111,13111"
35057,2024,9,4,"35006,35003,35006,35006"
08013,2021,6,4,"08019,08019,08107,08019"
37103,2025,3,2,"37141,37141"
54045,2020,6,1,21159
54021,2025,4,1,54073
38077,2021,5,1,27149
42045,2022,2,1,42077
56007,2023,7,8,"08103,49047,08045,08103,56017,56039,49043,56041"
29183,2021,3,3,"17027,29073,29073"
12013,2024,5,1,13087
31167,2021,7,1,31051
25027,2024,1,2,"25025,25025"
26109,2022,5,3,"26153,26083,26019"
41059,2025,5,16,"41013,41069,41021,41069,53039,16069,53003,53023,53021,53025,53039,53077,53021,53023,53075,53021"
47135,2021,9,2,"47083,47083"
18003,2022,7,3,"18075,18009,18075"
39101,2021,5,4,"39077,39083,39083,39021"
48029,2021,5,1,48507
37013,2023,6,2,"37177,37177"
20145,2024,8,1,20097
30049,2020,7,5,"30089,30023,30093,30023,30039"
51087,2025,5,1,51670
35001,2022,6,2,"35028,35028"
21035,2022,7,4,"47005,47017,47005,47083"
29187,2025,4,4,"29223,29017,29223,29017"
17103,2023,4,3,"17175,17015,17015"
22007,2020,8,2,"22077,22077"
05013,2022,6,1,22067
24031,2024,8,3,"51610,51600,51610"
20017,2022,3,1,20207
37083,2023,5,2,"37091,37091"
31069,2025,6,2,"08115,08115"
01071,2023,7,3,"13055,47061,47061"
18103,2024,7,1,18181
30007,2021,7,3,"56029,30023,30045"
39173,2021,9,2,"39043,39043"
01077,2022,3,4,"28057,47039,47109,47039"
29127,2025,5,2,"17009,17009"
13019,2022,3,1,13005
29183,2024,4,1,17005
30077,2023,5,2,"16035,30061"
06065,2021,6,2,"04027,04027"
48223,2021,5,1,48459
49035,2024,6,1,49009
37195,2022,5,1,37185
17061,2020,5,1,17017
28131,2022,8,4,"28073,22117,28073,28091"
27027,2023,4,5,"27159,27041,27153,27159,38003"
21031,2021,1,1,21091
51021,2024,5,1,51063
27049,2024,9,1,27079
06005,2025,2,2,"06109,06109"
32003,2021,12,3,"04012,04012,32001"
31181,2024,4,3,"20123,20141,20141"
51650,2023,6,4,"51119,51095,51830,51095"
13319,2020,4,2,"13283,13283"
19049,2023,9,1,19079
47099,2022,4,2,"28141,47039"
48393,2024,5,5,"40045,40129,40045,40009,40129"
16015,2024,9,4,"16027,16047,16027,16087"
56013,2023,8,4,"08081,08081,49043,56041"
04021,2021,1,3,"04012,04027,04027"
39059,2024,4,1,39151
06031,2023,12,2,"06039,06047"
12099,2020,1,2,"12055,12055"
01019,2024,6,5,"13143,13295,13295,13295,13143"
17095,2020,8,1,17169
01109,2022,6,4,"13259,01039,01013,01039"
13031,2020,3,1,13283
01105,2023,6,1,01023
54029,2023,4,2,"39099,39151"
13253,2023,1,1,13037
47063,2025,6,3,"47067,47173,47067"
18043,2021,7,1,21163
16027,2022,8,3,"16087,16087,16087"
48109,2023,8,3,"35005,35005,35051"
48465,2020,5,1,48507
51165,2021,6,2,"51540,51820"
26051,2020,5,2,"26133,26133"
48105,2023,5,1,48243
01117,2025,6,1,01065
35005,2020,6,2,"48165,48141"
05063,2023,2,2,"05111,05055"
40017,2022,7,4,"40043,40093,40075,40093"
46095,2024,6,2,"31103,31103"
26105,2020,7,3,"26133,26019,26133"
13207,2025,4,4,"13193,13237,13237,13319"
31031,2024,4,4,"31115,31115,31117,31117"
33013,2021,6,1,50009
05139,2023,1,2,"22083,22123"
28047,2021,10,1,28091
06027,2023,3,5,"06053,06069,06079,32019,04012"
26065,2023,7,2,"26059,26145"
29219,2025,4,2,"29151,29151"
08011,2024,5,1,08023
47065,2023,7,5,"13055,13213,13213,47061,47061"
31067,2022,4,1,31147
12005,2021,10,1,01039
28129,2023,12,2,"28111,28077"
28085,2020,4,1,22037
16053,2024,8,1,16071
27119,2021,8,1,27135
51089,2024,6,2,"51063,51063"
40079,2023,4,1,40005
40027,2022,6,1,40133
26051,2023,6,11,"26063,26069,26063,26145,26157,26145,26001,26069,26135,26079,26135"
21097,2023,1,2,"21069,21069"
47023,2020,3,1,28009
37111,2021,4,4,"47091,37087,47171,47171"
48133,2022,12,2,"48193,48193"
26151,2020,10,1,26011
20065,2025,6,7,"31065,31083,20183,31061,31083,20141,20183"
46085,2024,6,2,"31103,31103"
06001,2024,12,2,"06069,06109"
28015,2021,6,2,"28135,28135"
37131,2023,7,4,"51183,51595,51183,51620"
05075,2025,6,4,"05065,05137,05049,05065"
13127,2020,8,1,13267
26103,2023,4,8,"55029,55037,55075,55037,55041,55125,55029,55075"
01001,2022,8,1,01013
13103,2023,8,1,13107
13181,2021,8,2,"13301,13301"
20189,2025,6,1,08099
51197,2021,8,2,"51640,51640"
42119,2023,6,2,"42093,42093"
08123,2021,5,1,08047
12083,2025,5,6,"12007,12041,12105,12041,12007,12105"
47165,2025,6,3,"47159,47159,47159"
17159,2020,3,2,"17121,17121"
33009,2023,8,6,"50015,50019,50019,50001,50001,50021"
20033,2021,6,2,"40003,40003"
13261,2021,5,6,"13269,13053,13259,13269,13269,13259"
06041,2021,3,2,"06033,06045"
08049,2023,9,2,"08081,08103"
47181,2025,4,1,28003
06035,2021,12,7,"41035,41037,32001,32027,32029,32510,41037"
19151,2021,12,10,"19035,19093,19141,19035,19059,19141,19143,19059,19035,19093"
01045,2021,8,1,13259
19063,2024,7,3,"19151,19151,19151"
06037,2020,8,2,"06083,06083"
13271,2021,5,5,"13023,13209,13279,13209,13283"
01039,2025,5,2,"01085,01085"
18099,2025,4,1,18103
20167,2024,7,2,"20123,20123"
17203,2022,6,4,"17063,17063,17091,17039"
31041,2024,8,14,"31171,31001,31079,31093,31099,31137,31073,31137,31117,31117,31171,31077,31093,31077"
37073,2025,6,2,"37187,37187"
37189,2022,9,4,"37005,37003,37003,37005"
51710,2020,9,2,"51735,51735"
29211,2025,6,5,"29199,29061,19185,19007,19185"
24033,2023,12,1,51600
08031,2020,6,3,"08019,08047,08119"
06061,2021,10,6,"06013,32001,32027,32029,41037,32029"
29097,2021,5,1,40035
28141,2023,8,1,47023
39029,2024,9,7,"39067,39067,39133,39075,39133,39153,39169"
39087,2025,6,1,21159
56007,2020,4,2,"56017,56029"
45075,2020,2,2,"45089,45089"
29121,2022,6,2,"29197,29033"
28047,2023,3,6,"22075,28035,28073,28091,28035,28111"
06095,2024,3,1,06005
54011,2020,2,1,21159
13255,2025,6,2,"13159,13149"
27067,2024,8,10,"27073,27173,27041,27149,27127,27173,27009,27041,27073,27149"
12085,2024,7,2,"12055,12055"
46109,2021,10,4,"27073,27149,27149,27073"
54097,2022,6,1,54049
13005,2020,2,1,13017
28033,2020,9,3,"05123,28009,28027"
26143,2020,7,2,"26133,26133"
12081,2020,7,3,"12055,12055,12055"
16007,2025,5,1,49043
28127,2022,7,5,"28063,28073,28073,28091,28091"
40135,2024,11,1,05113
21047,2021,2,4,"21143,21233,21233,21143"
18141,2020,5,2,"18131,18131"
31111,2022,8,1,31091
13297,2021,12,8,"13059,13157,13157,13133,13059,13133,13157,13221"
42007,2023,8,1,39151
26083,2023,9,2,"26013,26013"
47149,2023,6,1,47061
20161,2025,5,1,31169
17119,2020,7,2,"17013,17013"
06019,2024,12,2,"06109,06109"
51700,2021,9,2,"51735,51735"
29223,2021,4,2,"29069,29069"
18091,2025,6,2,"18131,18131"
13181,2023,1,7,"13195,13221,13163,13301,13221,13265,13301"
18093,2025,4,4,"18143,18025,18025,18143"
05147,2024,10,4,"05001,05077,05001,05077"
18017,2021,10,1,18159
37113,2024,5,2,"13281,13281"
05075,2022,5,1,05037
28001,2021,5,5,"22077,22125,28005,22125,28005"
38081,2022,7,2,"27155,27155"
13033,2025,2,4,"13175,13283,13125,13301"
26131,2024,5,5,"26013,26013,55037,27075,27075"
47053,2025,2,1,47069
31179,2020,7,10,"31107,31021,31037,31003,31011,31003,31107,31037,19133,31021"
12009,2023,9,1,12055
20149,2020,6,4,"31067,31133,31133,31147"
17143,2020,7,1,17169
51027,2020,2,2,"21159,21159"
20097,2022,8,1,40003
49049,2022,6,3,"49047,49047,49029"
51153,2024,8,3,"51600,51610,51630"
29091,2025,5,2,"05065,05121"
08009,2025,6,5,"08061,08089,08023,08089,08061"
27035,2021,6,6,"27115,27153,27159,27009,27009,27153"
46013,2023,8,1,46005
21015,2025,4,1,21097
27021,2020,8,2,"27071,27071"
31095,2025,5,7,"20089,31129,31035,31129,31185,31185,31129"
47179,2023,6,1,51520
36027,2025,5,1,34037
35035,2023,7,8,"35041,35029,35053,35057,35029,35053,48243,48243"
24033,2025,5,3,"24029,24035,51610"
28115,2025,5,2,"28043,28139"
37073,2022,5,1,51740
41029,2021,6,5,"06023,41011,41015,41015,41037"
45007,2023,5,3,"13195,13317,13195"
37101,2021,5,1,37181
39005,2024,4,2,"39151,39151"
56023,2024,8,1,49009
21011,2020,9,3,"21201,21201,21063"
55097,2020,7,1,55078
47047,2022,1,7,"28139,28137,28139,47109,47033,47097,47097"
08071,2024,10,6,"08003,08021,08003,08027,08109,08027"
26121,2024,5,2,"55101,55101"
22059,2021,4,3,"22077,22125,22003"
26159,2023,7,2,"26023,26023"
26041,2024,5,7,"26083,26029,26013,26071,26083,26029,26097"
13177,2022,9,4,"13037,13307,13037,13307"
19127,2023,5,2,"19079,19079"
28105,2022,7,4,"01075,01107,01107,28013"
12057,2024,4,5,"12027,12055,12027,12115,12055"
06001,2020,3,2,"06095,06069"
21175,2020,4,2,"21159,21159"
05147,2023,2,5,"05035,05111,05111,05107,05035"
01057,2022,2,1,28057
48473,2020,5,3,"48481,48481,48313"
17053,2023,2,2,"17147,17147"
45081,2024,1,1,45011
55041,2024,6,1,26013
42039,2024,5,1,39085
48189,2020,5,2,"48369,48369"
13267,2023,8,6,"13163,13167,13175,13283,13209,13283"
34005,2022,5,2,"42077,42095"
35033,2021,6,5,"08007,08021,35028,35028,08021"
23005,2021,5,3,"23007,23007,23015"
16077,2022,9,2,"16025,16053"
48005,2020,10,2,"48407,48407"
12103,2025,6,3,"12049,12105,12105"
55009,2024,6,1,26089
51059,2023,6,1,51685
18159,2020,9,1,18009
30033,2022,6,3,"30027,30005,30027"
47151,2021,12,1,47027
45017,2024,5,1,45011
41063,2022,8,6,"16045,16087,16087,41049,53005,53021"
18005,2025,6,2,"18143,18143"
19127,2021,12,2,"19095,19095"
38061,2023,4,2,"38083,30091"
42085,2022,11,6,"39133,39151,39007,39055,39133,39007"
18157,2020,7,1,18131
20151,2021,3,1,40003
29181,2023,6,4,"05055,29069,05055,29069"
16049,2022,6,14,"16045,16087,30061,16037,30001,16037,16045,30039,30061,30077,30001,30023,30039,53023"
30043,2023,8,1,56039
54025,2024,4,1,51580
29137,2020,6,2,"29103,29103"
51003,2020,11,1,51820
13029,2020,8,4,"13043,13043,13267,13267"
28137,2021,4,4,"05035,28009,05035,28027"
18167,2020,8,2,"17035,17079"
06061,2023,1,8,"06013,32019,06049,32019,32029,41037,32019,32029"
40153,2023,9,4,"40129,40129,40003,40003"
05053,2023,4,1,05011
17111,2024,6,2,"55101,55101"
18107,2021,12,3,"18159,18109,18109"
48121,2024,3,4,"48397,48397,40013,40095"
12009,2020,8,1,12055
24033,2020,9,2,"51600,51610"
17193,2024,9,10,"17159,17069,17165,21225,17165,17159,17159,18125,18173,21225"
53043,2024,3,11,"53021,53005,53017,53021,53037,53077,53007,53017,53013,53021,53023"
41025,2023,5,8,"06049,32019,32029,41069,41039,41069,06049,16075"
49003,2020,8,11,"16067,16083,16041,16083,32033,16041,49033,49029,32033,49029,49033"
26113,2023,7,6,"26111,26119,26129,26135,26129,26135"
29145,2021,5,2,"40035,40035"
51043,2020,3,1,51840
55095,2023,8,2,"55107,55035"
30105,2023,4,2,"30091,30091"
42045,2022,6,1,42077
48289,2021,5,1,48455
27005,2021,7,3,"27041,27153,27153"
31095,2022,4,1,20089
27013,2021,9,5,"27033,27127,27063,27033,27063"
35035,2020,6,1,35017
51095,2020,9,1,51735
48027,2024,6,3,"48395,48333,48395"
48039,2022,5,8,"48015,48071,48071,48291,48057,48239,48015,48239"
47009,2025,5,3,"37113,37113,47173"
13143,2022,6,1,13149
12085,2021,4,2,"12055,12055"
22079,2020,2,1,22077
21227,2022,5,1,47111
18035,2025,6,1,18103
05093,2023,8,11,"05055,05123,28143,05021,05055,47095,47033,47095,47033,47075,47075"
46121,2022,7,1,31091
40091,2021,5,2,"40029,40029"
22033,2023,8,2,"28005,28005"
42117,2023,7,1,42093
13101,2025,6,3,"12041,13003,13003"
26091,2020,8,1,26065
51005,2025,2,2,"51530,51678"
13289,2025,6,12,"13091,13235,13093,13193,13235,13009,13159,13237,13091,13283,13309,13009"
17057,2021,8,4,"17175,17071,17175,17071"
33003,2021,5,3,"23007,50009,50009"
47071,2023,8,4,"28117,28117,47135,47135"
48389,2023,5,1,35005
41057,2021,1,1,41043
48237,2021,3,1,40033
27027,2023,8,4,"27159,27041,27153,27159"
45031,2021,5,3,"37007,37179,37007"
37011,2022,5,2,"37199,37199"
19023,2023,8,4,"19189,19195,19079,19079"
27131,2021,6,2,"27163,27019"
25027,2022,12,2,"50003,44001"
48285,2023,4,5,"48481,48175,48481,48175,48391"
21165,2023,2,4,"21069,21063,21063,21069"
51023,2025,5,3,"51580,51530,51678"
55075,2021,4,1,26089
47099,2022,8,2,"28141,47039"
05133,2025,1,2,"05109,05109"
39059,2024,8,10,"39111,54051,54069,39075,39083,39019,39111,39019,39075,39151"
21089,2025,3,4,"21063,21205,21069,21205"
48005,2022,3,2,"48471,48471"
47077,2024,4,2,"47135,47075"
12099,2020,5,2,"12055,12055"
54077,2024,8,1,54103
23027,2021,6,4,"23007,23023,23023,23007"
26091,2023,9,4,"26093,26093,39123,39173"
12095,2024,6,3,"12055,12049,12055"
42085,2024,4,3,"39151,39007,39007"
51059,2020,5,1,51685
51033,2025,5,2,"51630,51630"
28009,2022,5,2,"28137,47109"
41009,2020,11,1,41027
18163,2021,3,1,21233
30097,2022,8,4,"30007,30045,30049,30045"
48085,2025,4,1,48379
51003,2022,4,1,51660
20053,2022,6,1,20123
06057,2023,2,4,"06049,32019,32029,41037"
05101,2024,11,1,05137
18107,2023,5,1,18181
05047,2021,4,2,"05101,05101"
26105,2020,11,2,"26165,26165"
06081,2024,2,1,06047
05139,2023,5,1,22123
13105,2023,8,6,"13011,13157,13133,13265,13265,13301"
54011,2023,7,3,"54045,54059,54059"
08051,2024,8,5,"08065,08111,08111,08065,08003"
21153,2022,6,1,21189
38101,2021,8,2,"38083,38083"
12033,2022,7,1,01035
19167,2024,7,1,19093
39013,2021,6,1,39115
53003,2024,9,5,"16035,53013,53013,53013,53021"
56025,2023,5,3,"56017,56039,56017"
38063,2024,8,3,"38031,38031,38093"
27171,2024,8,4,"27009,27009,27041,27121"
37103,2022,6,2,"37141,37141"
13079,2025,5,5,"13023,13093,13235,13093,13197"
31155,2024,7,1,31039
01011,2024,8,2,"13061,13053"
27167,2024,6,5,"27041,27121,27149,27041,27149"
28003,2020,4,2,"28009,28009"
48127,2024,2,1,48247
16063,2024,5,2,"16083,16083"
21183,2021,3,2,"21163,21233"
25027,2021,4,1,44001
27051,2023,7,9,"27145,27153,27153,27159,27145,27151,27011,27151,27011"
27015,2021,9,12,"27063,27101,27105,27083,27101,27173,27023,27067,27085,27093,27173,27063"
51009,2024,12,2,"51530,51678"
37097,2024,7,1,37005
22089,2021,9,3,"22007,22093,22093"
36091,2023,4,3,"36033,50001,50021"
28015,2021,10,1,28013
17191,2020,7,2,"17079,17079"
48187,2020,4,1,48285
16059,2024,6,4,"16035,30023,30023,30039"
29065,2024,9,2,"29073,29073"
13097,2024,7,2,"13143,13143"
05145,2023,4,2,"05111,05123"
47037,2022,5,1,47111
20169,2024,6,3,"20123,20141,20123"
08123,2021,9,1,08047
21107,2024,12,3,"21219,21219,21225"
26163,2025,5,1,39095
18019,2021,6,1,18093
51730,2024,8,2,"51670,51670"
16005,2022,5,2,"56023,49033"
32003,2023,9,1,49021
51121,2021,7,2,"51021,51021"
22073,2023,1,6,"22041,05003,22123,22041,22123,05003"
19171,2025,6,3,"19107,19183,19107"
13303,2021,3,2,"13283,13023"
08014,2023,5,4,"08047,08019,08047,08093"
16023,2022,8,3,"16025,30001,30001"
18065,2020,7,3,"18009,18075,18075"
13051,2021,2,2,"13031,13031"
23025,2023,12,1,23023
31103,2020,6,3,"31107,31003,31107"
48429,2022,5,2,"48093,48275"
31021,2021,6,5,"19093,19193,19193,31043,31051"
47059,2022,5,2,"37199,37199"
21095,2023,7,1,51720
12049,2021,7,1,12119
39059,2021,7,3,"39083,39115,39115"
08069,2021,8,5,"08047,08019,08047,08107,08107"
51015,2025,6,2,"51530,51678"
51075,2023,7,2,"51036,51036"
20075,2021,5,1,08011
29153,2025,5,5,"05065,05129,05137,05065,05129"
25005,2023,6,3,"25019,25025,25025"
41067,2021,1,3,"41027,41065,41027"
37085,2021,7,2,"37127,37127"
18043,2023,4,1,21223
29007,2021,7,3,"29089,29073,29089"
05017,2024,7,6,"05011,05107,05011,05025,05107,28027"
42113,2023,7,2,"42093,42093"
29113,2024,4,1,29173
13215,2025,4,4,"13259,13197,13259,13197"
26061,2023,5,3,"55037,55041,55125"
13149,2024,2,3,"01017,13143,01017"
37173,2021,6,2,"37043,47105"
51063,2022,6,1,51775
04003,2020,8,2,"35017,35017"
17131,2022,6,3,"19087,19087,19183"
27113,2020,6,1,27071
06115,2024,1,2,"06011,06011"
32015,2022,5,5,"32019,32031,16083,32031,32031"
13073,2022,4,3,"13317,13301,13317"
47125,2023,6,1,47079
35047,2021,4,1,35028
47045,2021,7,3,"05035,47183,47183"
35001,2024,8,3,"35003,35031,35031"
48373,2025,6,3,"48225,48071,48225"
41059,2022,6,8,"41013,41021,53023,53021,53077,53021,53023,53021"
13095,2023,8,3,"13261,13261,13307"
30047,2022,8,8,"30035,30049,30073,30099,30039,30061,16079,30061"
31031,2021,7,3,"31117,31015,31117"
06081,2021,1,2,"06013,06013"
54011,2020,6,1,21159
29207,2023,5,6,"29123,05021,05021,05055,47095,29123"
19093,2020,6,5,"19009,19085,19165,19085,31021"
01067,2025,5,3,"13259,13037,13037"
22115,2022,3,1,48241
13299,2020,4,1,13017
42119,2022,2,3,"42093,42043,42093"
51079,2022,7,2,"51540,51660"
48227,2020,5,2,"48165,48165"
13295,2021,3,1,13227
06071,2020,11,3,"06083,06111,06111"
06017,2020,11,7,"06077,06101,06115,06077,06095,06101,06113"
12081,2020,11,5,"12015,12055,12055,12055,12015"
35015,2023,6,5,"35041,35041,35051,48243,48243"
53047,2023,1,14,"53033,53037,53061,53037,53001,53005,53021,53037,53077,53001,53029,53055,53061,53055"
39089,2022,6,1,39005
17163,2025,4,1,29157
55113,2020,6,3,"27075,27075,27075"
21087,2020,3,1,21207
48473,2025,5,3,"48071,48407,48051"
08045,2024,8,5,"08065,08029,08015,08065,49009"
29047,2020,5,1,29033
22029,2021,4,4,"22047,22121,22121,28005"
18089,2024,5,3,"18149,18181,18149"
08007,2022,7,3,"08111,08111,35028"
16073,2023,8,4,"16045,16045,16053,49003"
19023,2020,5,2,"19079,19079"
37029,2020,9,1,37095
01073,2024,12,1,01095
40013,2020,5,2,"48119,48119"
40139,2024,6,2,"40045,40059"
17077,2021,3,2,"17165,17165"
29169,2022,5,6,"29073,29151,29051,29135,29151,29073"
13103,2025,5,2,"13109,13109"
17133,2023,3,1,29221
44007,2020,11,1,25007
40089,2023,4,2,"40005,40005"
13033,2025,6,4,"13175,13283,13125,13301"
47139,2024,5,2,"47121,47121"
21019,2023,2,2,"21063,21063"
48165,2023,5,2,"35005,35041"
05001,2024,5,2,"05123,28027"
01083,2024,7,3,"47071,47117,47117"
48331,2020,4,1,48313
48055,2020,4,2,"48285,48285"
53047,2021,8,12,"53033,53037,53037,53065,53001,53005,53021,53037,53077,53001,53065,53029"
13003,2023,2,1,13271
32003,2020,8,6,"06051,32033,49021,32001,32021,32033"
06035,2023,9,6,"41035,41037,06105,32019,32029,41037"
40087,2022,6,2,"40133,40133"
55115,2025,4,2,"55041,55041"
13011,2020,7,3,"13281,13059,13059"
47163,2020,1,1,37121
22023,2024,7,3,"22011,22011,22039"
29133,2021,5,2,"17181,47183"
17059,2021,3,1,21233
28133,2023,12,5,"05107,05107,28143,28107,28161"
21135,2021,6,2,"21201,21201"
18095,2023,5,3,"18009,18009,18103"
39137,2024,8,3,"39147,39123,39147"
29101,2020,5,3,"29177,29033,29177"
51007,2024,7,2,"51570,51670"
46123,2023,8,5,"31091,31015,31089,31015,46015"
37125,2022,9,3,"37017,45069,45069"
29093,2025,4,5,"29073,29017,29157,29157,29017"
31077,2023,9,3,"31003,31003,31089"
55113,2025,5,2,"55051,55051"
17025,2024,5,3,"17005,17033,17033"
18137,2023,2,1,21223
13185,2024,6,2,"13065,13065"
08103,2020,5,1,49007
27075,2022,6,1,26083
48299,2024,1,3,"48281,48281,48333"
20085,2023,7,2,"31147,31147"
20117,2022,9,2,"31147,31147"
55063,2023,7,3,"55035,55141,55035"
21043,2021,6,1,21115
29071,2021,5,1,17083
47091,2022,2,3,"51520,51167,51520"
39159,2021,6,1,39083
48097,2021,11,2,"40095,40095"
21219,2020,7,1,21221
54091,2023,8,2,"54093,54093"
05147,2023,6,5,"05035,05111,05111,05107,05035"
05005,2021,4,1,05101
17053,2023,6,2,"17147,17147"
21177,2020,6,1,21221
45081,2024,5,1,45011
47157,2021,1,4,"05123,29069,28009,28009"
21059,2024,2,2,"21233,21233"
27043,2022,9,4,"19091,19197,27103,27063"
48381,2025,5,1,35009
13183,2023,4,2,"13107,13279"
18055,2022,6,2,"18109,18109"
12063,2021,3,1,12037
46071,2022,5,1,31103
46051,2024,5,4,"27149,27023,27173,27173"
08079,2024,8,6,"08021,08111,08003,08021,08003,08015"
46029,2023,8,8,"46005,27073,27081,27173,46011,27011,27073,46011"
26077,2023,3,3,"26059,26059,18141"
48003,2024,5,2,"48475,48475"
51165,2023,6,1,51017
13293,2021,10,1,13053
51700,2023,6,8,"51620,51036,51830,51036,51183,51735,51830,51735"
05067,2021,11,2,"05123,05123"
50001,2021,3,2,"50015,50015"
51179,2021,6,1,51685
22009,2023,9,2,"22107,22107"
05075,2024,2,4,"05065,05137,05037,05065"
20139,2023,10,3,"20121,20107,20121"
29037,2024,8,4,"20107,20107,29107,29107"
37155,2021,9,1,45043
20151,2021,7,1,40003
31177,2025,4,2,"19047,31173"
48033,2020,5,2,"48165,48165"
13133,2020,7,2,"13059,13059"
39107,2020,9,1,18009
12009,2025,6,4,"12093,12105,12093,12105"
34015,2025,5,1,24029
54051,2022,5,2,"54009,54009"
01015,2024,8,1,13143
13187,2024,8,3,"13013,13281,13281"
38003,2024,7,2,"38031,38031"
46025,2023,7,3,"46011,46011,46079"
40079,2025,4,1,05109
05097,2022,6,1,05081
48125,2024,7,2,"48275,48275"
16011,2024,8,2,"16071,16071"
48219,2025,4,1,35009
19029,2025,6,2,"19047,19047"
20191,2021,5,3,"40003,40003,40103"
18131,2022,8,1,18157
17065,2023,2,1,17159
30105,2023,8,2,"30091,30091"
40129,2022,10,3,"40057,40075,40093"
17063,2025,5,2,"17123,17155"
29201,2024,3,2,"29157,47095"
19165,2021,12,2,"19093,19193"
01101,2023,7,2,"01013,01013"
37175,2020,10,3,"37199,37113,37113"
39067,2023,4,3,"39151,39075,39151"
31101,2025,6,4,"08115,31047,31171,08115"
51181,2024,10,1,51670
22049,2021,5,2,"22027,22027"
13241,2023,6,5,"13011,13311,13291,13311,13291"
26005,2025,5,1,26117
48263,2024,7,2,"48275,48275"
19125,2021,12,2,"19185,19185"
20191,2024,6,3,"40003,40003,40103"
22033,2023,12,2,"28005,28005"
48503,2021,10,1,48143
26041,2021,8,4,"26095,26029,26029,26095"
01077,2022,11,6,"28117,47023,47039,47077,47109,47039"
40083,2022,6,4,"40003,40053,40093,40093"
51005,2025,6,2,"51530,51678"
30003,2024,8,1,30037
21101,2024,6,6,"21183,21183,17069,21055,21033,21055"
18039,2023,6,3,"26023,18131,26023"
17183,2023,7,3,"17147,17147,18181"
51640,2021,3,1,47091
54035,2025,3,1,54073
25011,2023,6,1,50021
42021,2025,6,1,42023
22039,2025,5,1,22029
48365,2021,3,1,48459
30063,2020,5,11,"16061,16079,16059,16061,30023,16079,30023,30043,16059,30023,16079"
05133,2025,5,2,"05109,05109"
19109,2022,8,9,"19041,19059,27063,19021,19041,19059,19021,19041,27063"
39065,2023,4,6,"39147,39173,39033,39117,39033,39147"
40147,2023,7,1,40103
29033,2021,6,2,"29089,29089"
13007,2025,6,2,"13061,13061"
05067,2023,4,7,"05055,29069,05035,05123,05055,05035,05123"
30005,2023,6,1,30107
21207,2024,2,2,"47137,47137"
12095,2024,10,3,"12119,12049,12119"
21009,2022,7,1,47027
42085,2024,8,4,"39151,39007,39055,39007"
51059,2020,9,1,51685
56025,2020,8,4,"56017,56029,56017,56029"
28091,2021,3,3,"28113,28045,28113"
20063,2024,8,3,"20147,20163,20163"
51003,2022,8,1,51660
20035,2023,8,4,"40053,40053,40103,40103"
46047,2022,4,1,56009
06003,2021,7,1,32510
35047,2024,9,1,35055
48149,2023,4,2,"48481,48481"
24033,2022,6,2,"51600,51610"
06009,2021,10,2,"06013,06085"
16065,2023,6,3,"56039,56039,56039"
47075,2025,5,2,"28003,28139"
36115,2023,8,3,"36019,36033,36093"
21153,2022,10,1,21063
37119,2024,12,2,"45023,45023"
56025,2023,9,5,"08081,56017,56029,56017,56029"
12061,2022,10,2,"12055,12055"
53045,2021,1,4,"53029,53055,53029,53077"
37139,2020,9,1,37095
01069,2024,1,2,"13061,13061"
37007,2024,5,1,45033
18163,2024,8,5,"18125,21225,18125,21225,21233"
13239,2025,2,4,"13307,13053,13197,13307"
46007,2024,9,1,31171
29223,2023,4,4,"05021,29069,29221,29069"
05069,2023,7,2,"05107,05011"
45003,2024,2,4,"13163,45005,13163,45005"
37175,2022,3,4,"37199,13137,13147,13257"
29035,2023,7,4,"05021,29069,05021,29123"
17027,2024,4,1,17145
45073,2024,8,2,"13281,13281"
25027,2021,8,1,44001
39099,2024,4,2,"39169,39007"
01017,2023,8,3,"13045,13199,13199"
48481,2024,12,2,"48057,48057"
42043,2024,6,3,"42055,42055,42055"
40023,2025,5,1,05113
18053,2020,6,3,"18075,18075,18075"
01099,2022,2,3,"01039,01039,01039"
08017,2021,7,1,08011
05093,2025,5,5,"05067,05077,05067,29143,29143"
32033,2023,5,12,"49003,49001,49021,49039,49049,49001,49039,49041,49003,49011,49049,49057"
36091,2023,8,3,"36033,50001,50021"
46121,2024,4,4,"31017,31091,31171,31017"
40085,2021,4,1,40033
47003,2022,5,3,"47051,47051,47051"
26003,2025,4,6,"26089,26033,26097,26029,26089,26097"
37083,2020,12,2,"37181,37181"
51510,2024,12,2,"51610,51610"
05145,2023,8,3,"05065,05111,05123"
30003,2021,7,2,"56029,56029"
48279,2023,7,2,"35041,35041"
19067,2022,4,2,"19197,19197"
24005,2022,5,1,42043
16005,2022,9,1,49033
22103,2022,4,5,"22057,22057,22093,28091,28091"
49045,2024,7,3,"16083,32015,16071"
22051,2021,3,4,"22007,22093,22093,28045"
13175,2020,7,1,13161
16071,2021,6,3,"16053,16007,16007"
21007,2024,3,2,"21139,21157"
37137,2024,5,1,37177
47115,2023,7,2,"13047,13313"
45049,2021,6,4,"13031,13031,45011,45011"
19027,2021,12,6,"19021,19093,19193,19021,19035,19093"
47173,2021,5,1,47105
40113,2023,1,1,40053
13069,2024,5,3,"13315,13279,13315"
08051,2023,4,15,"08043,08093,08079,08111,08045,49037,08113,49037,08111,08113,08045,08003,08043,08079,08105"
12107,2025,5,3,"12041,12075,12075"
13147,2025,5,3,"13221,13221,37113"
08119,2022,7,4,"08019,08047,08019,08065"
30001,2024,4,2,"30039,30039"
29027,2021,6,3,"29089,29073,29073"
38103,2023,6,1,38003
13177,2023,3,7,"13315,13037,13193,13197,13307,13037,13307"
51073,2021,9,1,51735
37061,2020,9,2,"37079,37079"
45017,2023,1,1,45009
51067,2022,5,1,51775
29203,2022,3,2,"29093,29093"
01119,2022,9,4,"28023,28101,28023,28101"
24005,2025,6,2,"24035,24035"
48173,2020,4,1,48165
21067,2020,7,1,21005
27151,2024,8,4,"27173,27173,27041,27041"
17167,2023,7,1,17147
48479,2022,3,2,"48013,48013"
45025,2021,7,1,45023
34041,2025,5,2,"34021,34021"
47057,2021,6,1,47105
13105,2025,5,2,"13219,13301"
13199,2021,8,6,"13149,13063,13053,13269,13149,13269"
31149,2020,7,3,"31107,31003,31107"
40107,2021,5,1,40029
47123,2024,5,1,47121
06029,2022,9,3,"06053,04012,06053"
29063,2022,6,1,29033
13297,2025,5,2,"13237,13221"
48185,2024,2,9,"48051,48289,48395,48289,48395,48407,48407,48455,48051"
19003,2023,7,3,"19165,19129,19129"
05099,2025,4,3,"05039,05039,05113"
51077,2020,5,2,"37011,51520"
13299,2020,8,2,"13161,13161"
25021,2022,10,1,25007
41069,2020,5,3,"41025,41025,41027"
35015,2023,10,1,48501
42003,2024,8,2,"54051,54069"
49035,2020,5,4,"49033,49033,32033,49007"
06039,2023,1,5,"06053,06069,06069,06085,32019"
31149,2023,8,1,31003
17039,2020,4,1,17129
17191,2022,4,2,"17079,17079"
48423,2025,5,4,"48225,48231,48379,48379"
48013,2025,4,2,"48507,48507"
30031,2023,8,2,"30107,56017"
19023,2020,9,2,"19079,19079"
51163,2024,3,2,"51580,51790"
31019,2020,6,2,"31077,31077"
17171,2022,6,2,"17013,17013"
28039,2023,4,2,"28035,28035"
18051,2023,4,2,"17159,17033"
30071,2021,6,1,30045
35029,2020,6,1,48141
20033,2023,7,3,"40003,40003,40093"
12079,2025,5,3,"12041,12041,13173"
48179,2025,4,1,40057
13003,2023,6,1,13271
20131,2020,7,7,"20043,31067,31067,31097,31127,20043,31127"
39125,2025,4,3,"39171,39063,39173"
55003,2023,6,8,"55125,55125,55069,55085,55107,55125,55005,55107"
06037,2022,9,2,"06079,04012"
12055,2022,4,3,"12051,12051,12051"
51125,2024,1,3,"51790,51530,51678"
29189,2021,9,1,29073
06029,2021,1,1,04012
22027,2023,1,5,"05003,05011,22067,05003,22067"
13069,2021,4,2,"13209,13279"
20011,2022,4,4,"20207,20207,20207,29185"
17193,2023,3,3,"17159,17159,17159"
18083,2025,6,4,"17159,17159,17159,18129"
29007,2023,4,1,29135
20057,2020,6,2,"20033,20033"
54101,2023,9,1,54093
20059,2023,5,1,20209
42035,2023,7,1,42093
40149,2022,6,1,40043
40137,2021,12,4,"40095,40099,40075,40099"
48233,2023,2,1,48211
48029,2025,4,5,"48163,48255,48163,48507,48255"
29143,2023,3,4,"05021,05055,47045,47045"
20095,2022,5,4,"40003,40003,40053,40053"
48299,2024,5,3,"48281,48281,48333"
29113,2021,7,2,"29073,29073"
53051,2022,6,1,16009
40017,2021,7,1,40103
29071,2021,9,2,"17133,17133"
47091,2022,6,3,"51520,51167,51520"
48247,2023,9,1,48323
28033,2021,1,3,"05123,28009,28027"
31009,2023,8,5,"31103,31091,31103,31089,31091"
33013,2020,6,1,50017
30067,2024,7,2,"30037,30037"
22021,2022,11,6,"22029,22107,22107,22067,22067,22123"
35049,2024,9,6,"35006,35055,08021,35055,35006,35031"
53027,2025,2,11,"53029,53035,53055,53015,53053,53059,53077,53035,53053,41007,53053"
05009,2024,11,1,05137
12119,2023,6,3,"12049,12055,12081"
04025,2024,8,3,"04009,04027,04027"
19045,2023,7,1,19115
21059,2024,6,3,"21225,21233,21233"
06097,2021,12,4,"06075,06021,06075,06021"
04015,2021,9,2,"04027,06025"
01067,2022,8,3,"13259,13037,13037"
16077,2021,8,4,"16041,16025,16053,16041"
29017,2021,3,4,"17181,17181,29069,29179"
47001,2025,4,5,"21147,21235,21147,21231,47137"
29065,2021,10,2,"29073,29073"
21205,2024,4,1,21201
26077,2023,7,2,"26059,26059"
48401,2023,3,2,"48405,48405"
22055,2021,12,4,"22007,22047,22007,22047"
18161,2020,8,1,18135
31175,2024,4,4,"31115,31115,31011,31011"
18133,2025,4,1,18023
20073,2025,5,2,"20133,20133"
50001,2021,7,2,"50015,50015"
21219,2023,12,2,"21107,21107"
08077,2024,5,5,"08015,08109,08015,08065,08033"
19029,2022,9,2,"19145,19145"
30031,2020,7,6,"16065,30023,30077,30093,30093,56017"
47157,2024,6,6,"05037,05123,28009,28009,47075,47075"
30065,2021,6,1,30045
51107,2022,7,2,"51600,51610"
41047,2023,9,17,"41027,41067,41013,41017,41069,41003,41017,41039,41003,41041,41057,41021,41027,41069,53039,41057,41067"
08123,2020,5,1,08047
56045,2020,6,1,56033
47139,2021,8,6,"13291,13291,37043,37075,37113,37075"
55071,2022,8,4,"26019,26127,26019,26127"
37163,2021,8,1,37127
20009,2025,5,1,20141
04011,2020,6,3,"35006,35031,35006"
55055,2023,4,1,55047
28029,2021,1,3,"28147,28005,28147"
16019,2020,5,3,"16041,49033,56029"
45075,2022,8,2,"45089,45089"
48295,2024,6,6,"40059,40043,40059,40129,40153,40129"
39011,2020,8,1,18075
16013,2020,7,5,"16029,16059,16083,16059,16083"
13257,2023,6,5,"13157,13195,13195,13281,13311"
01033,2024,6,3,"47071,28117,47071"
17121,2025,4,2,"17159,17159"
42079,2022,8,5,"42077,42095,42093,42095,42077"
39001,2023,1,2,"21069,21069"
06073,2021,10,3,"04012,04027,04012"
05081,2025,4,5,"05109,05109,05113,05113,05113"
51610,2024,4,1,51600
13321,2023,8,4,"13261,13315,13261,13315"
06023,2024,12,2,"41033,41033"
27157,2023,7,2,"55035,55035"
35053,2020,6,3,"35017,35031,35017"
04005,2024,8,3,"04009,04009,08033"
42051,2022,2,1,54009
47007,2023,6,4,"13047,13083,13313,47061"
27137,2023,5,1,27095
20177,2022,4,1,20013
48387,2024,6,3,"40005,40013,40013"
16019,2023,6,2,"49033,56041"
30011,2024,7,1,30109
22127,2022,3,1,22083
31127,2024,8,1,29003
01107,2024,12,2,"01023,28159"
06045,2024,12,2,"06093,06093"
48023,2022,6,6,"48077,48197,48433,48433,48077,48197"
41071,2024,4,12,"41027,41051,41065,41031,41043,41065,41043,41007,41009,41007,41009,41051"
46059,2021,8,1,46077
27027,2022,7,2,"27155,27155"
51019,2024,6,4,"51063,51063,51530,51678"
16003,2020,5,7,"16075,16035,16059,16061,16059,16075,53023"
20027,2024,8,4,"20089,20123,20123,31169"
18055,2024,3,2,"17033,17033"
27067,2023,8,11,"27073,27173,27041,27149,27173,27009,27041,27153,27011,27073,27149"
48237,2021,11,1,48143
38025,2024,5,2,"30109,38083"
29175,2021,7,1,29103
37153,2024,5,1,45033
56039,2025,5,2,"30057,30057"
17041,2022,5,2,"17039,18171"
39091,2024,6,2,"39003,39003"
47151,2022,4,1,47027
13049,2025,6,2,"12007,13003"
26165,2024,7,4,"26089,26089,26143,26143"
48123,2023,5,2,"48391,48391"
55045,2023,4,1,17015
46051,2021,8,4,"27149,27023,27081,46011"
27163,2023,8,2,"55005,55005"
39065,2023,8,1,39173
31089,2020,8,5,"31011,31139,31139,31011,31077"
29173,2020,6,4,"17013,29205,29205,17013"
28025,2022,5,4,"28013,01107,28057,28013"
28145,2025,5,4,"47069,28003,28003,47069"
05067,2023,8,8,"05055,29069,05035,05123,05065,05055,05035,05123"
22127,2020,10,1,22027
20161,2024,5,1,31095
49053,2022,6,1,04012
51153,2020,7,2,"51600,51610"
48169,2024,4,3,"48153,48153,48153"
46085,2020,8,1,31107
47103,2023,7,1,47061
48367,2020,4,2,"48425,48425"
21057,2021,2,2,"47137,47137"
48181,2022,10,5,"40005,40069,40019,40019,40069"
20173,2024,5,1,40053
21195,2020,8,1,51720
45075,2024,1,3,"45005,45005,45005"
18127,2022,6,1,17091
40079,2022,7,1,05081
17185,2020,4,1,17079
39149,2020,8,3,"18075,18135,18075"
30085,2024,8,2,"30109,30109"
46027,2020,4,3,"31107,31139,31107"
48219,2022,7,2,"48115,48115"
17139,2023,7,2,"17035,17035"
27005,2023,8,3,"27041,27153,27153"
20065,2024,9,7,"31065,31083,20183,31061,31083,20141,20183"
01069,2024,5,3,"13061,13061,13087"
48445,2023,8,1,35041
46037,2023,8,5,"46005,27011,27073,27011,46005"
37007,2024,9,1,45033
19133,2022,7,9,"19027,19021,19035,19035,19149,31043,46127,31043,31051"
51155,2021,7,1,51640
51095,2022,10,2,"51620,51735"
46085,2023,9,5,"31015,46067,31015,31103,31103"
06071,2024,6,5,"04027,06031,06079,06111,06111"
41053,2020,12,3,"41031,41031,41065"
06067,2021,10,5,"06075,32510,06055,06033,06055"
32023,2023,7,8,"32019,49001,49021,49027,32019,49023,49027,49045"
21047,2025,1,2,"21149,21149"
51017,2021,4,2,"51580,51820"
38001,2024,9,1,38033
39031,2022,2,2,"39005,39005"
19135,2024,7,1,29129
38031,2023,6,3,"38003,38003,38083"
11001,2020,9,1,51610
01099,2022,6,3,"01039,01039,01039"
47107,2022,5,1,13111
32033,2023,9,5,"16083,49003,49021,49003,49011"
46121,2024,8,1,31171
49017,2024,8,1,08033
13261,2025,2,6,"13315,13235,13315,13053,13259,13259"
16033,2020,5,4,"16065,16065,30023,30093"
18169,2020,8,2,"18131,18009"
35055,2021,7,6,"08003,08007,08105,08003,08007,35028"
13235,2021,10,1,13309
18063,2022,6,4,"18157,18119,18021,18119"
51173,2021,7,3,"51640,51051,51520"
40031,2022,8,1,40019
29133,2023,5,3,"47095,29069,47095"
45017,2020,4,1,45089
18095,2025,5,3,"18103,18023,18023"
13065,2024,2,1,12041
50007,2020,5,2,"50017,50017"
19113,2025,5,7,"19045,19107,19183,19115,19183,19045,19097"
51710,2024,6,2,"51735,51735"
53063,2020,5,10,"16079,16021,16079,30089,16079,53019,53047,16021,53019,53023"
22051,2021,7,5,"22007,22093,22109,22093,28045"
51550,2021,5,4,"37073,51131,37073,51131"
48283,2022,4,2,"48247,48247"
40147,2025,4,1,20133
21165,2020,9,2,"21063,21063"
01089,2023,1,1,47061
47161,2025,5,6,"21157,21033,21177,21033,21143,21157"
31185,2024,4,5,"31053,31095,31121,31121,31095"
40113,2023,5,1,40053
51165,2022,2,1,51540
18071,2022,3,2,"18109,18109"
30001,2024,8,2,"30039,30039"
13177,2023,7,4,"13315,13193,13307,13307"
27063,2024,7,1,27127
30103,2024,6,1,30037
48185,2021,5,2,"48455,48287"
48505,2023,4,1,48127
36085,2022,5,6,"36061,34021,34021,36061,36005,36061"
40015,2021,7,1,40033
55131,2020,4,2,"55055,55055"
13217,2025,6,4,"13237,13219,13237,13219"
28029,2024,8,6,"22107,22107,28037,28147,28037,28147"
47129,2021,4,3,"47137,47105,47137"
33011,2024,6,2,"25025,25025"
28047,2022,6,5,"28039,22117,28073,28091,28039"
19161,2021,12,9,"19041,19141,19041,19141,19167,19193,19193,19193,19041"
20053,2024,7,3,"20123,20141,20141"
30041,2021,7,3,"30045,30073,30073"
05003,2024,8,2,"05025,05025"
49055,2022,6,3,"49039,49047,49039"
13321,2020,5,1,13017
55061,2020,7,2,"26089,26089"
21021,2020,6,2,"21005,21005"
21043,2025,1,9,"21175,21115,21159,21175,21069,21011,21069,21165,21175"
13021,2020,8,1,13235
31101,2022,7,2,"31091,31091"
12071,2020,8,3,"12027,12055,12055"
21237,2021,7,4,"21115,21173,21115,21173"
40037,2023,9,2,"40103,40103"
21145,2023,3,1,47079
51169,2023,7,3,"51520,51520,51720"
17125,2025,6,2,"17009,17009"
48323,2025,6,3,"48163,48163,48163"
37155,2022,3,3,"37141,37141,45043"
51009,2025,4,2,"51530,51678"
51109,2025,6,1,51630
48301,2023,10,1,48501
08101,2022,5,1,08093
27111,2021,6,3,"27029,27149,27149"
48251,2022,9,1,48193
47185,2022,4,1,47087
51083,2021,7,2,"37181,37181"
20069,2024,9,1,20097
13181,2022,4,6,"13147,13195,13221,13301,13221,13301"
45003,2021,5,1,13107
23009,2021,8,2,"23015,23015"
37113,2023,8,5,"13281,13111,13291,13281,13291"
37189,2020,4,1,37121
27103,2023,8,4,"27161,27161,27023,27173"
18039,2020,7,1,18131
55013,2025,4,2,"27065,27065"
29159,2020,4,3,"29033,29177,29033"
21091,2025,5,4,"18025,21149,21149,21177"
48057,2024,4,1,48123
19135,2021,6,2,"29197,29197"
18101,2025,6,3,"18025,18123,18025"
24031,2023,12,1,51600
48453,2024,3,1,48281
53065,2024,6,1,53025
22117,2023,9,5,"28005,28077,28131,28005,28077"
49017,2021,7,1,08033
20183,2024,4,2,"20123,20123"
22039,2022,6,1,22125
01077,2021,7,3,"47023,47039,47039"
12095,2020,5,3,"12055,12049,12055"
01005,2023,6,3,"13053,13053,13307"
13169,2025,4,4,"13023,13175,13023,13175"
18117,2024,7,2,"18125,18173"
48279,2025,4,2,"35009,35009"
55101,2020,7,2,"55055,55055"
12069,2023,6,4,"12055,12049,12055,12081"
22103,2024,1,3,"28005,28131,28131"
31159,2020,3,12,"31037,31141,31155,31095,31025,31067,31097,31131,31155,31141,31067,31095"
08113,2025,6,10,"08083,08029,08051,49019,08051,08053,08053,08083,08083,49019"
21123,2020,3,1,21005
04007,2021,9,3,"04012,04027,04012"
36027,2024,8,1,34031
45039,2021,5,1,37179
45007,2022,8,5,"13195,13221,13317,13195,13137"
32031,2025,3,7,"06093,32015,32007,32015,32015,41013,41023"
49003,2024,7,3,"16083,16083,32015"
51073,2023,6,4,"51036,51830,51735,51830"
08051,2020,7,4,"08065,08065,08003,08105"
06083,2024,9,4,"06031,06037,06031,06037"
12047,2024,4,2,"12041,12041"
12095,2023,6,4,"12055,12049,12055,12081"
08001,2021,5,2,"08019,08047"
13093,2023,4,11,"13021,13079,13225,13079,13225,13269,13091,13197,13307,13091,13271"
19161,2023,5,8,"19141,19165,19141,19149,19167,19133,19165,19133"
42009,2022,6,1,42087
17167,2025,4,2,"17009,17009"
32013,2022,5,14,"16083,16083,32001,32001,06049,06091,32001,32019,32029,32510,41037,41013,41037,16087"
23007,2024,7,2,"23023,23023"
47015,2023,4,2,"47061,47061"
34025,2024,5,5,"34001,34001,36005,36047,36047"
21205,2021,7,4,"21173,21201,21173,21115"
48285,2024,2,5,"48481,48477,48321,48481,48391"
39157,2021,6,3,"39083,39083,39099"
19149,2020,4,1,19133
51025,2022,5,1,51595
29161,2021,3,1,29179
05117,2022,4,3,"05123,05037,05123"
27139,2021,6,1,27163
50009,2020,5,2,"50017,50017"
54109,2021,3,1,51021
48309,2020,1,1,48425
48161,2020,7,1,48313
37099,2021,12,2,"13147,13257"
05131,2025,6,2,"05113,05113"
46023,2020,7,3,"31003,31027,31139"
12105,2024,5,5,"12027,12027,12027,12115,12017"
19085,2023,9,5,"19093,19093,31173,19129,31173"
42007,2024,4,1,39151
42127,2025,5,2,"34037,34037"
21129,2021,7,1,21173
16051,2025,5,1,30057
51510,2020,7,3,"51610,51600,51610"
48323,2022,5,1,48247
39089,2024,7,2,"39117,39117"
29195,2022,6,1,29135
18015,2020,4,2,"18131,18131"
20019,2023,7,1,40103
48385,2020,4,1,48507
21205,2024,8,4,"21017,21181,21181,21201"
31087,2024,8,4,"31047,31065,31073,31065"
42121,2024,4,1,39007
20151,2020,6,2,"20033,20033"
42107,2025,4,2,"42093,42093"
27041,2020,10,1,27009
13137,2020,8,4,"37043,37113,37043,37113"
01033,2021,9,3,"28057,01043,28057"
48423,2022,8,1,48161
42033,2022,7,1,42087
49045,2021,8,2,"49039,49039"
01015,2023,7,2,"13055,13045"
51163,2021,6,2,"51580,51820"
51015,2021,5,1,51540
48391,2022,9,4,"48297,48321,48249,48297"
47079,2025,5,5,"21157,21221,21039,21157,21221"
22087,2025,5,1,22095
19099,2023,4,1,19079
29139,2025,5,1,29137
45069,2022,5,1,45089
55095,2021,5,2,"27115,27115"
26053,2024,6,5,"26013,55037,26083,27031,27031"
26115,2024,8,2,"39123,39173"
47139,2021,12,2,"13291,13291"
46102,2023,5,2,"31091,31103"
38059,2023,5,1,38083
12069,2020,5,3,"12055,12049,12055"
31183,2021,6,1,31015
12079,2022,8,2,"12029,12029"
22037,2025,4,3,"22029,28113,22029"
19171,2024,6,1,19069
30105,2022,7,2,"30005,30027"
55055,2023,8,5,"55111,55047,55131,55089,55131"
28029,2021,5,4,"28147,28005,28113,28147"
16019,2020,9,3,"16041,49033,56029"
08085,2021,8,4,"08053,08053,08033,08033"
39015,2023,4,1,21069
28071,2024,7,6,"28009,28135,28009,28117,28139,28135"
20143,2024,8,4,"20089,20141,20089,20141"
17117,2020,6,5,"17013,17013,17017,17017,17129"
08071,2025,6,8,"08099,08061,08099,08021,08025,08061,08025,08043"
42047,2025,6,2,"42039,42049"
41043,2023,4,10,"41041,41037,41069,41019,41041,41005,41071,41041,41057,41071"
42051,2022,6,2,"54009,54049"
48273,2025,5,1,48489
16017,2020,6,6,"16009,16009,16035,30061,30061,16009"
54101,2025,6,1,54063
27137,2023,9,1,27095
18085,2020,5,2,"18131,18131"
42035,2025,4,1,42093
45001,2021,5,1,13317
29007,2020,7,1,17013
08103,2022,6,4,"08037,56007,08037,56007"
28149,2025,6,6,"05017,22041,22029,22041,05017,28051"
48009,2021,4,2,"40033,40033"
45071,2021,7,2,"45023,45023"
51121,2022,5,1,51775
53039,2024,7,13,"41069,41069,41031,41069,53021,53025,53071,53041,53025,53033,53037,53041,53053"
13067,2024,2,3,"13117,13117,13143"
19051,2021,7,1,29103
21111,2020,1,4,"21223,21223,21005,21005"
22069,2021,8,3,"22027,22003,22003"
13211,2021,12,8,"13221,13247,13013,13059,13157,13221,13013,13247"
08069,2022,6,9,"08047,08019,08037,08047,08107,08107,56007,56007,56009"
41031,2022,7,9,"41037,41003,41053,41053,41071,41021,41027,41021,41049"
33015,2023,9,1,25025
08005,2020,5,5,"08119,08019,08047,08119,08025"
20041,2022,5,1,20123
18055,2024,7,4,"18125,17033,18125,17033"
48343,2022,7,1,05081
26015,2022,8,2,"26037,26037"
12105,2021,4,3,"12027,12027,12027"
37023,2020,2,3,"37121,37121,37199"
13195,2021,5,2,"13317,13317"
16077,2023,5,5,"16063,16053,49003,49003,49005"
06065,2022,8,2,"04027,04027"
19037,2023,5,1,19195
39089,2021,6,2,"39115,39115"
51121,2025,6,3,"54063,54063,51197"
48069,2025,5,2,"35009,35009"
35057,2022,8,1,35028
26063,2024,7,1,26001
38079,2023,6,1,38083
51033,2024,8,2,"51630,51630"
56007,2021,6,2,"56017,56029"
19181,2020,7,2,"19001,19001"
47163,2022,7,2,"51167,51167"
51179,2023,7,1,51685
20091,2021,7,1,29107
26109,2020,4,4,"26089,26083,26019,26089"
55039,2022,6,2,"26105,26127"
26105,2024,8,1,26019
13111,2020,8,5,"13281,37043,37043,37075,37113"
48157,2024,3,5,"48477,48321,48477,48239,48321"
37027,2024,8,1,37005
26141,2020,7,2,"26095,26095"
28035,2021,6,2,"28045,28045"
18035,2023,1,1,18103
20087,2025,4,1,20043
13005,2021,4,3,"13279,13209,13279"
13059,2021,5,1,13317
23027,2023,10,2,"23023,23023"
37083,2021,4,2,"37181,37181"
22033,2021,3,9,"22007,22093,22125,28005,22007,22077,28005,22077,22125"
26153,2021,7,7,"26031,26047,26137,26033,26031,26033,26047"
55077,2022,10,3,"55097,55097,55135"
29213,2021,3,2,"05101,05101"
23031,2021,5,2,"23023,23007"
56007,2024,7,2,"49009,49009"
04013,2023,2,3,"06025,04023,06025"
45075,2024,5,5,"45005,45049,45005,45005,45049"
29183,2022,3,3,"29073,17133,29073"
21097,2021,2,2,"21173,21173"
51191,2021,6,1,51021
19165,2022,4,4,"19025,19073,19093,19193"
40079,2022,11,1,40005
37171,2022,8,1,37003
24041,2025,5,2,"24029,24029"
37013,2024,6,2,"37177,37177"
25027,2020,7,1,44001
19111,2022,5,6,"19115,19101,19115,19183,19101,29103"
51570,2023,6,1,51036
18147,2021,6,2,"18101,21163"
01069,2024,9,3,"13061,13061,13087"
28049,2024,9,4,"22107,28063,28063,22107"
45027,2024,1,1,45011
18173,2024,1,1,21233
29147,2020,5,11,"19071,19129,19137,19137,20043,19071,31127,31131,20043,31127,31147"
04025,2020,3,1,32017
39009,2023,3,1,54105
56013,2021,7,2,"08107,16081"
55099,2020,6,1,27075
47087,2025,2,3,"21053,47137,47137"
13005,2024,5,4,"13279,13271,13271,13279"
13287,2023,7,4,"13271,13261,13235,13271"
37101,2020,9,2,"37079,37079"
27169,2024,6,2,"55091,55091"
18035,2021,8,2,"18159,18159"
49015,2024,6,1,08033
23031,2024,6,1,23023
08083,2023,4,14,"35006,35031,08113,08053,08053,08091,08113,35031,35039,08077,08113,49017,49025,49055"
13019,2023,3,1,13271
28067,2022,7,3,"28065,28073,28073"
28149,2022,5,4,"22083,22083,28063,28063"
32017,2023,3,12,"04012,49025,49023,49045,49017,49041,49017,49025,49023,49039,49041,49025"
48401,2025,5,1,48225
54057,2023,6,1,54093
16069,2022,6,8,"30061,16009,53023,53023,16009,53001,53021,53023"
18027,2025,6,3,"18025,18123,17185"
20047,2020,6,1,20033
13067,2021,1,2,"13227,13227"
38095,2021,8,1,38083
22023,2025,5,1,48071
01097,2024,5,2,"28111,28111"
05031,2025,5,3,"05121,05121,29143"
40031,2022,12,2,"40019,48487"
35027,2020,8,3,"48141,35017,35006"
38067,2021,6,2,"27135,27135"
28081,2020,1,1,28009
29147,2023,6,2,"19129,31147"
38035,2021,9,2,"27135,27029"
56041,2025,5,2,"49009,49009"
46067,2020,4,4,"31107,31107,31027,31107"
37073,2023,7,5,"37177,37177,37177,51183,51620"
04015,2020,5,4,"32033,49021,49021,49021"
01109,2023,6,2,"13259,01013"
26037,2023,7,5,"26111,26145,26093,26093,26145"
05079,2023,1,6,"05107,05011,05107,28011,05003,05011"
54043,2020,5,2,"21159,21159"
26063,2021,6,3,"26129,26129,26135"
16067,2024,8,1,16071
48443,2023,6,2,"48243,48243"
27011,2024,6,6,"27023,27173,27041,27121,27023,27121"
51165,2022,6,1,51540
17179,2025,4,2,"17123,17123"
18013,2021,6,2,"18093,18093"
13149,2023,5,6,"13097,13121,13121,13199,13145,13199"
08067,2020,8,3,"08021,08105,08109"
55131,2020,8,2,"55055,55055"
48037,2025,5,1,05113
17107,2024,3,3,"17017,17017,17017"
21209,2021,7,2,"21173,21201"
06071,2023,2,5,"04027,06025,49025,06079,06025"
24047,2021,7,1,51131
45065,2021,3,2,"13317,13317"
40109,2022,4,2,"40093,40133"
17195,2024,6,1,17123
49055,2022,10,9,"49007,49039,49001,49007,49047,49001,49001,49027,49039"
21013,2022,6,1,21189
05135,2025,6,4,"05067,05137,05137,05067"
34013,2025,6,2,"34037,34037"
53005,2020,3,7,"53037,53047,41027,53033,53037,53041,53053"
17029,2020,1,2,"17079,17079"
41005,2022,2,3,"53059,53059,41021"
40079,2024,4,3,"40023,40005,40023"
17185,2022,1,1,17079
37171,2024,1,2,"51063,51063"
48041,2021,4,2,"48287,48287"
21043,2025,5,8,"21175,21159,21175,21069,21011,21069,21165,21175"
49037,2024,8,11,"04009,35003,35006,35031,04009,08111,08029,08111,08029,08111,35031"
05041,2023,1,11,"05003,22067,22123,28151,05003,05011,28027,28143,28027,28133,28151"
35033,2022,8,2,"35028,35028"
01009,2022,6,3,"01133,01057,01133"
45001,2024,12,1,13221
55121,2023,7,1,55141
12071,2020,12,3,"12027,12055,12055"
39033,2024,4,1,39173
18017,2024,5,2,"18149,18149"
05027,2024,3,1,05011
27101,2024,7,2,"27173,27173"
47181,2023,3,2,"47023,47109"
47073,2024,2,1,51520
54099,2023,2,1,21063
04005,2023,4,9,"04012,04012,49017,49021,08077,08113,35045,49017,49055"
40039,2023,10,2,"40093,40093"
01031,2022,6,3,"01013,01035,01013"
42133,2025,5,2,"24029,24029"
47185,2022,8,4,"47159,47087,47159,47061"
32023,2025,4,4,"32007,32007,32013,32007"
45045,2022,5,2,"37099,13147"
18167,2021,10,1,17079
37189,2020,8,1,37121
13077,2020,5,1,01029
18053,2022,7,4,"18075,18075,18015,18075"
48155,2024,2,3,"48009,48191,48009"
48083,2020,5,1,48333
39119,2025,6,3,"39075,39083,39083"
05113,2024,3,1,40023
28051,2021,6,1,28135
13019,2020,2,2,"13017,13017"
31169,2023,4,2,"31159,31159"
21231,2022,1,2,"47027,47027"
50013,2021,7,3,"50015,50015,50019"
48055,2024,1,3,"48089,48477,48123"
18015,2025,4,4,"18103,18131,18103,18131"
32003,2024,5,2,"06037,32015"
12097,2023,7,4,"12027,12049,12049,12081"
24015,2025,6,1,24035
12079,2024,4,2,"12041,12041"
16043,2024,4,1,30023
32007,2023,5,12,"16053,16047,16053,49023,49027,49005,49011,49057,49011,49023,49049,49057"
22017,2021,3,2,"48459,48459"
12031,2025,4,2,"12007,12007"
27007,2021,6,3,"27153,27159,27159"
29135,2021,8,2,"29089,29089"
46115,2021,5,2,"46077,46077"
31095,2023,6,2,"31159,31159"
17175,2025,5,2,"17155,17155"
18095,2022,8,3,"18009,18075,18009"
31039,2021,6,4,"19193,31043,31051,31051"
18007,2024,5,3,"18149,18045,18045"
41035,2025,6,9,"41033,41013,41043,41011,41015,41033,41033,41041,41043"
47033,2025,2,2,"47069,47069"
12005,2021,2,1,12037
28153,2024,12,6,"28101,28039,28101,28129,28129,28039"
21123,2020,7,2,"21027,21005"
39067,2024,2,2,"39151,39151"
21147,2021,7,2,"47137,47137"
24033,2024,12,3,"24029,24035,51610"
28115,2024,12,1,28139
55047,2020,6,1,55055
51125,2024,9,2,"51530,51678"
05103,2022,6,1,22067
08117,2020,6,3,"08047,08047,08119"
39109,2020,7,2,"18075,18135"
12095,2023,10,5,"12055,12093,12049,12055,12093"
36029,2023,7,1,42049
22059,2025,5,4,"22029,22041,22029,22041"
20117,2021,12,2,"31147,31147"
32011,2023,6,5,"49003,49045,49023,49027,49045"
28065,2020,8,2,"28109,28109"
48025,2023,7,2,"48007,48007"
06109,2023,3,2,"32019,06085"
47179,2024,8,1,37011
26033,2024,6,3,"26029,26047,26119"
17183,2024,5,5,"18111,18111,18181,18045,18045"
20195,2024,4,3,"20141,20083,20141"
47015,2023,8,2,"47061,47061"
42019,2023,4,5,"39099,39099,39155,42039,42039"
06003,2020,7,3,"32019,32021,32019"
23017,2020,8,2,"23023,23023"
01049,2022,5,1,47051
26049,2020,8,2,"26065,26065"
19149,2020,8,1,19133
01081,2025,5,3,"13053,13259,13053"
34013,2022,5,5,"36005,36061,36087,36061,36087"
17001,2021,6,1,29103
21187,2020,3,3,"21223,21005,21223"
54097,2023,6,2,"54093,54093"
48161,2025,5,2,"48225,48225"
13033,2023,1,10,"13167,13175,13279,13283,13125,13167,13301,13303,45009,45009"
17113,2022,4,2,"17063,17129"
48309,2020,5,3,"48193,48425,48193"
12081,2021,7,1,12119
38005,2021,6,2,"38083,38083"
34027,2025,5,2,"34021,34021"
42007,2024,8,4,"39019,39151,54051,54069"
27019,2022,8,1,27103
29173,2022,6,2,"17013,17013"
51059,2021,7,1,51685
28043,2021,5,1,28027
21145,2020,6,2,"21055,21221"
17031,2022,5,3,"17063,17091,17091"
22059,2023,12,1,22107
53041,2021,11,10,"53031,53045,53033,53035,53045,41027,53045,53005,53033,53037"
55049,2025,4,2,"17085,17085"
26095,2023,7,6,"26141,26029,26031,26047,26141,26029"
25007,2025,5,1,44005
31011,2023,6,2,"31139,31139"
18015,2020,8,2,"18131,18131"
35007,2020,5,3,"08003,08021,08021"
08073,2020,6,1,08119
38047,2021,6,1,38083
51199,2022,6,2,"51740,51740"
48287,2020,5,1,48285
46013,2021,7,1,46005
48439,2021,11,2,"48217,48217"
36003,2024,9,2,"42023,42023"
21053,2022,7,1,47087
42121,2024,8,1,39007
28081,2023,8,1,28087
05091,2023,10,2,"05061,05061"
08017,2020,7,2,"08025,08025"
13193,2021,3,3,"13021,13021,13023"
01059,2025,1,2,"01043,01043"
05107,2025,5,2,"05017,05017"
27001,2020,8,2,"27071,27071"
48065,2023,5,2,"48211,48211"
33009,2021,7,3,"50015,50019,50019"
28043,2024,6,3,"28027,28107,28107"
40059,2023,8,6,"40043,40129,40003,40093,40043,40093"
27089,2020,6,1,27071
20013,2023,6,1,29003
39087,2020,4,1,21159
39137,2025,4,8,"39171,39147,39095,39171,39095,39123,39143,39147"
42109,2024,6,1,42055
22063,2021,9,10,"22007,22047,22093,22037,22047,22121,22037,22057,22093,28113"
05143,2021,3,1,05101
24013,2025,4,1,24029
40143,2024,5,4,"40119,40103,40103,40119"
39163,2023,1,1,39115
38059,2023,9,1,38083
49019,2021,8,7,"08107,08029,08029,08091,49039,49039,08033"
13213,2022,5,1,13291
13321,2022,7,1,13037
18079,2024,5,1,18115
17079,2025,4,1,17185
33001,2021,5,1,50009
37101,2022,5,3,"37185,37185,37141"
01065,2025,2,1,01023
26017,2021,6,4,"26069,26129,26129,26069"
36039,2023,4,2,"36093,36093"
51125,2021,8,1,51540
51800,2023,12,1,37177
26055,2023,10,5,"26029,26143,26029,26105,26143"
48087,2024,5,2,"40129,40129"
48039,2021,12,4,"48015,48239,48015,48239"
42015,2022,5,1,42093
20117,2023,5,2,"31147,31147"
17025,2020,7,2,"17035,17035"
28075,2022,5,1,01107
26121,2025,5,5,"26117,26105,26117,26133,26105"
16031,2025,5,5,"16047,16047,32013,32015,32033"
21227,2021,12,1,47111
40121,2024,3,5,"40013,40023,40069,40069,40023"
41003,2024,11,2,"41019,41071"
26041,2025,5,11,"26083,26095,26009,26019,26029,26055,26083,26029,26095,26097,26019"
37003,2025,5,2,"37011,37005"
22071,2022,2,3,"22057,28045,28045"
28073,2021,6,2,"28147,28045"
21183,2025,6,2,"18123,18123"
08081,2020,6,1,49007
05147,2024,2,3,"05035,05107,05035"
27029,2023,5,2,"27159,27159"
06105,2024,11,1,41033
44009,2020,7,2,"44001,44001"
29181,2021,5,1,29179
48285,2021,5,1,48287
12113,2021,10,2,"01039,01039"
27121,2025,6,2,"27155,27155"
08097,2025,5,14,"08043,08049,08107,08117,08107,49019,08029,08053,08085,08091,08117,08029,08085,49019"
48161,2022,4,2,"48217,48217"
42131,2022,6,1,42025
16007,2023,4,8,"49003,49057,49029,49043,49057,56041,56039,56041"
48339,2022,3,5,"48071,48071,48373,48373,48015"
28075,2025,6,2,"28129,28129"
20129,2023,6,1,08011
27147,2023,10,1,27013
12011,2023,9,2,"12043,12043"
13313,2021,3,1,13227
48121,2022,2,1,40095
13223,2022,6,1,13149
13235,2020,4,1,13017
47075,2021,7,6,"28009,28009,28139,47023,47023,05035"
16051,2022,8,4,"16037,30001,30001,30057"
12061,2023,6,2,"12055,12055"
29081,2022,6,2,"19185,19185"
06065,2022,12,2,"04027,04027"
42025,2024,5,1,42131
13303,2025,6,9,"13237,13301,13237,13301,13301,13175,13283,13023,13175"
35025,2023,7,1,35037
27113,2021,8,2,"27135,27135"
30043,2024,8,2,"30039,30039"
40043,2021,8,1,40003
25001,2020,10,1,44001
54025,2025,4,1,51580
29137,2021,6,3,"29103,29089,29103"
24017,2020,6,3,"51600,51610,51685"
42033,2024,4,2,"42009,42009"
31015,2020,8,3,"31003,31003,31139"
26109,2020,8,4,"26089,26083,26019,26089"
26107,2022,8,5,"26105,26127,26037,26105,26127"
28115,2020,3,1,28009
45019,2022,5,2,"45089,45089"
27119,2024,7,2,"38099,38099"
21035,2020,10,5,"21039,47183,21143,21143,47183"
21185,2020,3,1,21005
18179,2021,8,1,18159
22019,2021,8,2,"22003,22003"
20013,2020,5,3,"31133,31127,31133"
48375,2023,4,2,"35037,35037"
21067,2024,6,3,"21097,21181,21097"
19099,2020,7,1,19079
22033,2021,7,8,"22007,22093,22125,22007,22077,22099,22077,22125"
13083,2022,5,2,"47051,47051"
24013,2022,3,1,42043
39071,2023,8,2,"21161,21161"
47057,2025,5,2,"21013,21235"
17155,2022,5,1,17063
36061,2024,5,4,"34031,36085,36085,36085"
27051,2021,8,4,"27153,27153,27159,27067"
17117,2022,3,2,"17013,17013"
27013,2022,9,4,"27033,27063,27033,27063"
39081,2023,8,2,"39151,39151"
51800,2025,5,1,37143
48027,2025,6,1,48051
48325,2024,11,2,"48493,48493"
56037,2021,9,4,"08107,08107,56017,16007"
25027,2020,11,1,44001
13237,2021,10,3,"13221,13125,13301"
45013,2024,6,2,"45005,45005"
19111,2022,9,2,"19115,19115"
08013,2024,5,3,"08019,08019,08019"
42051,2024,3,2,"42009,54093"
17191,2024,8,3,"17165,17145,18129"
31067,2023,10,1,29005
48217,2020,4,2,"48425,48425"
12011,2022,1,2,"12043,12043"
45027,2024,5,2,"45033,45011"
51810,2023,6,6,"37177,51119,51199,51735,51199,51735"
39009,2023,7,1,54105
21089,2023,2,2,"21063,21069"
18059,2021,7,2,"18159,18159"
18035,2021,12,2,"18159,18159"
31003,2022,5,3,"31103,46009,46135"
39101,2024,4,2,"39003,39021"
39151,2022,7,2,"39005,39005"
48389,2024,5,1,48377
29047,2024,8,4,"29101,29107,29033,29107"
27065,2021,9,6,"27003,27163,27003,27141,27009,27141"
26057,2023,7,3,"26017,26017,26093"
51141,2024,7,2,"37005,51640"
13205,2022,6,2,"13037,13037"
26061,2024,5,4,"55037,27031,27031,55003"
30097,2020,7,1,56029
37051,2024,5,1,45033
55117,2020,8,2,"26101,26101"
13091,2024,3,2,"13283,13283"
26015,2024,5,1,55101
30081,2020,8,11,"16035,16061,30093,30043,30077,30093,30077,16035,30061,30077,30089"
17149,2021,3,2,"17083,17083"
51073,2025,6,2,"51830,51830"
16077,2020,8,8,"16029,16041,16029,16025,16067,16067,16083,16041"
21061,2020,9,1,21027
51119,2020,9,1,51735
37165,2024,8,2,"45033,45033"
51097,2025,6,1,51830
51137,2024,7,1,51630
51003,2023,4,1,51660
38053,2023,8,2,"30091,30091"
19197,2023,8,7,"19067,19189,19195,19067,19189,19195,19189"
29215,2025,6,2,"05049,29073"
48325,2023,3,2,"48127,48127"
18107,2024,5,1,18181
21035,2022,3,4,"47005,47017,47005,47083"
01057,2023,8,2,"28087,28087"
24031,2024,4,1,51600
19163,2022,6,2,"19115,19115"
13005,2023,1,4,"13279,13209,13279,13309"
53073,2024,7,7,"53007,53017,53025,53029,53007,53029,53061"
45065,2021,7,4,"13317,13317,45059,45059"
22117,2024,1,5,"28005,28077,28131,28005,28077"
40109,2022,8,1,40093
37107,2025,2,1,37141
32001,2023,9,4,"32029,06049,32029,41037"
49025,2020,7,3,"32017,32017,32017"
17029,2020,5,2,"17079,17079"
13097,2022,6,1,13149
18171,2023,6,2,"18181,18181"
54021,2023,7,2,"54105,54105"
37171,2024,5,4,"51063,51640,51640,51063"
28003,2021,4,2,"28009,28009"
13073,2023,6,5,"13317,13163,13301,13317,13163"
36031,2020,5,1,50017
05069,2024,3,2,"05107,05011"
21229,2025,5,2,"21239,21239"
48221,2021,12,2,"48093,48217"
42065,2024,4,2,"42023,42023"
41045,2022,8,6,"16045,16045,16045,32027,41049,41037"
32003,2021,8,3,"04012,04012,32001"
27015,2022,9,6,"27063,27101,27105,27083,27101,27063"
22113,2025,5,1,22007
48473,2024,12,1,48407
06005,2020,4,6,"06051,32005,32005,06095,06101,06113"
37021,2024,5,1,37011
41001,2023,5,9,"16045,16045,16075,41069,16075,16069,53003,53013,53023"
31173,2021,12,4,"19093,19035,19093,46027"
40011,2023,8,3,"40129,40129,40003"
17191,2021,7,3,"17079,17027,17079"
48079,2022,8,1,48115
30013,2023,7,2,"30107,30107"
12001,2020,9,2,"12017,12017"
22121,2025,4,3,"22007,22029,22029"
17095,2020,4,1,17169
22105,2025,4,3,"22093,28147,28147"
51175,2023,1,2,"51595,51036"
21089,2020,1,1,21063
48015,2020,4,3,"48285,48285,48321"
01071,2021,10,1,01043
20169,2025,6,3,"20123,20141,20123"
48347,2021,4,1,48455
13019,2020,6,3,"13005,13017,13017"
31169,2023,8,2,"31159,31159"
48055,2024,5,2,"48477,48123"
38097,2023,7,2,"38003,38003"
16005,2023,5,4,"49005,49033,49003,49005"
51141,2021,6,1,51690
19011,2024,7,2,"19031,19031"
12079,2024,8,4,"13101,12041,12041,13101"
22023,2022,8,1,48071
16043,2024,8,1,30023
05031,2022,8,3,"05037,47097,05037"
13175,2021,3,6,"13031,13279,13209,13279,13021,13209"
46103,2022,4,1,56009
19107,2023,5,1,19115
17073,2024,6,2,"17123,17123"
36021,2022,3,1,36079
40089,2024,6,3,"40005,40013,40005"
48147,2023,3,1,40005
36103,2022,8,3,"36079,36005,44005"
37183,2021,3,2,"37181,37181"
06029,2020,4,1,06051
19189,2024,9,2,"27091,27091"
29185,2024,4,3,"20107,29101,20107"
08033,2020,6,2,"08053,08053"
08037,2021,8,3,"08019,08047,08019"
54029,2021,7,1,39099
05103,2022,10,1,22067
37045,2024,12,2,"37011,45023"
37169,2021,4,1,51690
28087,2020,5,1,28057
51137,2021,6,1,51540
45077,2025,5,1,37113
20091,2020,3,1,29177
20203,2025,6,3,"08061,08099,08099"
37031,2024,5,1,37177
28105,2025,6,1,28043
42003,2022,3,1,54009
56005,2022,7,1,56007
45063,2024,6,2,"45011,45011"
48097,2024,6,5,"40067,40095,40013,40095,40067"
48505,2025,5,2,"48047,48047"
29215,2022,5,2,"29093,29073"
13171,2025,6,2,"13159,13159"
39077,2024,5,7,"39103,39169,39123,39103,39123,39173,39173"
13285,2024,2,1,13293
28049,2021,10,5,"28063,28063,28077,28065,28077"
42119,2023,2,2,"42093,42093"
51079,2023,7,1,51660
34013,2022,9,8,"36005,36061,36087,36047,36061,34019,36071,36087"
12059,2022,6,2,"01039,01039"
21187,2020,7,3,"21223,21005,21223"
25021,2023,6,1,25007
34029,2023,9,1,34011
54047,2021,8,2,"51021,51021"
48049,2023,4,2,"48193,48193"
37171,2021,4,1,47091
19025,2021,5,7,"19035,19041,19093,19141,19041,19035,19093"
19153,2020,5,2,"19079,19079"
08041,2022,6,2,"08093,08093"
40051,2021,6,2,"40033,40033"
18089,2025,5,1,18131
19151,2021,8,10,"19035,19093,19141,19035,19059,19141,19143,19059,19035,19093"
18157,2023,6,1,18131
21145,2020,10,3,"47183,21143,21143"
16035,2021,7,10,"16003,41063,16009,41063,53003,16009,16017,30089,30089,30089"
31175,2023,7,3,"31089,31003,31089"
48137,2022,5,2,"48327,48327"
17053,2024,8,1,18165
18095,2021,4,3,"18009,18009,18169"
17077,2022,3,1,17133
41001,2020,4,7,"16045,16045,16075,41025,16075,41025,53023"
45003,2023,6,3,"13107,13163,13163"
46003,2021,4,8,"31015,46009,46067,46067,46067,46005,46005,46077"
28107,2025,5,4,"28043,28083,05077,28043"
29005,2022,3,2,"31147,31147"
16037,2020,5,6,"16025,16067,16045,16025,16083,16045"
40115,2022,8,1,40105
30063,2024,8,5,"30053,30023,30023,30023,30053"
30071,2022,2,4,"30015,30041,30015,30045"
16083,2021,6,5,"16015,16025,16025,32013,32013"
39175,2020,11,1,39143
47139,2025,5,1,37113
19153,2023,6,2,"19079,19079"
31061,2024,4,2,"20141,31073"
51065,2021,8,1,51540
48145,2021,4,1,48287
29093,2023,3,1,29186
56003,2022,4,4,"56009,30031,56017,56017"
28091,2025,6,2,"28113,28113"
51027,2021,6,1,51021
16043,2021,7,6,"30023,30043,30059,56029,30043,56029"
32007,2020,8,5,"16067,32031,41025,32001,32017"
51678,2023,7,1,51530
30015,2024,8,1,30037
12057,2022,7,2,"12027,12027"
31109,2024,9,8,"31143,31185,31059,31169,31185,31059,31143,31185"
48367,2024,3,2,"48009,48429"
53075,2022,6,1,53005
17021,2022,5,1,17039
46109,2021,6,4,"27073,27149,27149,27073"
37101,2022,9,1,37017
21125,2022,8,2,"21189,21189"
13009,2022,8,7,"13125,13133,13301,13159,13133,13159,13125"
48187,2021,10,2,"48013,48013"
18083,2021,8,1,17079
40091,2024,4,1,40005
13185,2025,6,3,"12067,13003,13003"
20117,2023,9,2,"31147,31147"
30059,2025,6,1,30057
06073,2022,8,3,"04012,04027,04012"
22059,2022,8,2,"22125,22083"
22071,2022,6,4,"22057,22095,22095,22117"
47015,2025,5,2,"47159,47159"
19139,2025,5,7,"19045,19045,19105,19183,19087,19183,19045"
06109,2020,6,4,"32005,32005,32019,32021"
30029,2021,9,5,"30043,30059,16021,30023,30043"
42031,2024,10,1,42039
39157,2023,7,3,"39169,39153,39169"
21177,2021,6,1,21091
17115,2024,4,1,17017
44009,2020,11,2,"44001,44001"
47157,2022,1,6,"05037,05123,47097,28137,28137,47097"
48201,2025,6,2,"48407,48407"
48021,2023,9,1,48089
18091,2020,8,2,"18131,18131"
05117,2024,5,5,"05107,05107,05123,05037,05123"
12063,2022,3,1,01039
21045,2025,6,7,"21203,21125,21147,21203,21231,21053,21231"
46071,2023,5,1,31103
13033,2020,4,1,13283
46029,2024,8,3,"27073,27173,27073"
35057,2021,7,1,35028
38017,2025,5,1,27155
47001,2021,6,3,"47105,47105,47137"
16041,2023,6,7,"49003,49003,49057,49029,49043,49057,56041"
27125,2021,9,2,"27029,27029"
34005,2023,9,1,34011
47055,2021,10,1,28141
48125,2022,6,3,"48197,48275,48275"
31099,2022,4,1,20089
42073,2023,3,6,"39151,39133,39151,39155,39155,42039"
05121,2024,12,2,"05067,05065"
18149,2023,6,3,"18103,18181,18181"
08035,2021,6,2,"08019,08047"
29209,2024,1,1,05101
53043,2022,6,11,"53021,53005,53021,53037,53077,53057,53073,16009,16009,53021,53023"
16011,2022,7,5,"16025,16037,56023,16037,56023"
29009,2024,1,1,05101
19001,2023,6,3,"19145,19165,19165"
06047,2023,3,5,"06053,06053,06087,06081,06087"
41025,2021,8,13,"32001,32029,32510,41031,41069,41031,41035,41001,41049,41069,41035,16075,41001"
05045,2024,5,2,"05137,05137"
26133,2023,6,8,"26111,26143,26111,26105,26079,26143,26105,26079"
46057,2023,5,9,"27081,27117,46079,46101,46005,27081,27173,46005,46079"
01025,2022,9,4,"28023,01013,01035,01013"
51053,2024,7,4,"51570,51670,51670,51570"
06107,2022,9,5,"06053,06069,06079,06053,06079"
24017,2020,10,2,"51600,51685"
37185,2023,5,1,37091
04009,2023,5,7,"35006,35031,35045,49037,04023,49037,04023"
26085,2020,6,2,"26019,26019"
28115,2020,7,1,28009
19147,2021,8,10,"19035,19093,19141,19035,19141,19143,19141,19143,27063,27063"
51800,2022,8,2,"51620,51620"
18097,2024,9,2,"18023,18023"
26055,2022,6,9,"26029,26039,26039,26029,26153,26105,26039,26133,26133"
47153,2024,5,2,"13047,47121"
29059,2022,4,2,"29185,29185"
28123,2025,6,3,"28023,28051,28023"
42083,2023,7,2,"42039,42049"
38017,2023,12,1,38093
38099,2021,6,1,27135
06085,2024,4,3,"06039,06009,06109"
48375,2023,8,2,"35037,35037"
20191,2022,5,2,"40003,40003"
13321,2024,4,4,"13261,13315,13261,13315"
01061,2023,3,2,"01013,01035"
19117,2024,6,2,"29129,29129"
13081,2020,3,2,"13017,13017"
22015,2021,5,2,"22027,22027"
30015,2021,7,2,"30059,30059"
05095,2022,3,3,"28027,05037,05037"
13021,2024,7,5,"13193,13225,13193,13225,13175"
13115,2023,4,9,"13067,13223,13123,13213,13313,13223,13047,13083,13313"
51195,2025,2,11,"21013,21131,21193,21119,21193,21071,21119,21159,21013,47067,47067"
45011,2025,6,1,13163
39015,2020,11,2,"21201,21201"
13243,2023,1,5,"13053,13197,13261,13197,13261"
27169,2023,5,2,"55035,55035"
48059,2020,5,1,48333
37049,2025,5,1,37187
51171,2024,7,2,"51840,51660"
21107,2021,1,1,21143
47037,2025,4,1,47159
13299,2024,11,2,"12007,13271"
45027,2024,9,1,45033
19109,2020,7,1,19079
48213,2022,4,2,"48217,48217"
22111,2023,6,3,"05011,05011,22123"
26121,2022,8,3,"26105,26133,26105"
16031,2022,8,2,"16025,16037"
27111,2025,5,2,"27155,27155"
29019,2025,6,4,"29137,29151,29151,29137"
05067,2021,3,6,"29069,05035,05123,05065,05035,05123"
05011,2021,3,1,22027
05071,2025,6,2,"05129,05129"
26041,2022,8,4,"26019,26029,26029,26019"
20033,2024,9,2,"40003,40003"
13221,2024,2,6,"13013,13141,13013,13141,13301,13301"
51085,2023,6,3,"51036,51036,51095"
47143,2023,7,3,"13047,13083,13313"
20027,2025,4,4,"20089,20123,20123,31169"
05147,2021,5,2,"05035,05035"
18039,2024,6,2,"18149,18149"
48297,2023,8,3,"48391,48007,48391"
21071,2023,7,2,"54059,54059"
30089,2023,5,9,"16055,53051,53063,16009,16035,16055,16057,16035,16035"
05117,2021,4,2,"05123,05123"
22051,2025,4,3,"22007,22093,22093"
39121,2024,1,1,54073
48073,2020,1,1,48313
08069,2024,7,3,"08047,08019,08047"
18167,2020,4,1,17079
41041,2024,10,5,"41019,41071,41007,41009,41071"
20041,2024,6,1,20123
39095,2021,9,3,"39043,39143,39143"
27093,2021,4,8,"27023,27019,27023,27127,27009,27041,27153,27019"
13153,2024,6,4,"13175,13315,13315,13175"
12115,2020,7,2,"12055,12055"
48213,2025,5,5,"48225,48225,48231,48231,48379"
12105,2023,5,3,"12027,12027,12027"
46029,2021,7,8,"46005,46077,27073,27081,46011,27073,46011,46077"
12009,2020,4,1,12055
21181,2023,8,2,"21161,21161"
05067,2024,4,6,"05035,05123,05065,05137,05035,05123"
21131,2024,9,2,"21133,21133"
18159,2023,6,3,"18009,18103,18103"
21069,2021,6,4,"21173,21097,21173,21097"
30005,2024,6,1,30037
06077,2023,1,7,"06075,06081,06085,06041,06075,06097,06085"
56025,2021,8,3,"08107,56017,56017"
17131,2025,5,4,"19045,19087,19087,19183"
28157,2023,11,4,"22107,22107,28063,28063"
20095,2023,7,4,"40003,40003,40053,40053"
47163,2024,8,2,"37011,37011"
28009,2023,9,5,"28117,28117,47075,47023,47075"
48037,2024,4,2,"40023,40023"
32013,2024,9,4,"16027,32029,16027,16087"
22037,2021,3,5,"22047,22047,22077,22077,28113"
51003,2023,8,1,51660
51107,2020,2,3,"51600,51610,51685"
39049,2025,4,5,"39083,39101,39117,39083,39101"
46007,2022,8,3,"31091,31103,31103"
51095,2020,5,1,51735
27023,2022,8,3,"27103,27081,27083"
37175,2020,2,1,37199
48181,2023,6,1,40005
01095,2021,7,2,"01079,01079"
56037,2020,5,7,"49029,49033,56017,56029,16029,49033,49033"
17011,2025,4,1,19045
18097,2021,8,1,18159
21227,2022,1,1,47111
48157,2021,10,3,"48477,48185,48477"
12071,2024,5,4,"12027,12055,12115,12055"
13105,2024,12,2,"13219,13301"
21077,2024,5,2,"18115,18115"
40143,2023,1,2,"40103,40103"
20053,2025,5,3,"20123,20141,20141"
48375,2020,7,1,48369
27099,2020,5,2,"19067,19067"
37193,2024,12,2,"37011,37011"
13289,2020,8,3,"13235,13235,13283"
29165,2024,7,1,29003
42065,2024,8,2,"42023,42023"
19023,2023,4,4,"19189,19195,19079,19079"
16005,2020,8,1,49033
51061,2023,6,1,51685
49045,2022,6,7,"16083,49029,49039,49029,49039,49029,49033"
18125,2023,6,1,17033
08014,2021,8,3,"08047,08019,08047"
39009,2025,4,2,"54073,54073"
55019,2023,4,8,"55005,55107,55069,55097,55135,55069,55107,55097"
46121,2025,4,1,31171
48359,2025,5,2,"35009,35009"
37023,2022,8,2,"37003,37003"
51810,2020,9,2,"51735,51735"
26005,2023,4,3,"26023,26149,26149"
48263,2022,6,2,"48275,48275"
47025,2025,5,7,"21051,21095,21131,21125,21147,21147,21095"
22005,2022,6,6,"22057,22037,22121,22121,22057,22057"
06033,2023,3,2,"06013,06041"
37003,2024,1,1,37011
53045,2025,2,11,"53041,53049,53029,53055,53029,53033,53061,53033,53041,53077,53041"
31161,2025,4,1,31171
12095,2024,2,3,"12055,12049,12055"
51059,2020,1,1,51685
48051,2020,1,2,"48313,48313"
13273,2021,3,2,"13259,13259"
18045,2023,6,1,18181
25005,2021,9,1,25019
48053,2021,4,1,48287
51029,2021,10,1,51540
28083,2022,7,3,"28013,28027,28027"
21135,2024,5,3,"21201,21023,21201"
22103,2023,4,9,"22075,22075,22075,28113,28091,28113,28035,28073,28091"
18067,2020,3,2,"18131,18009"
48085,2020,6,2,"48119,48119"
46065,2023,6,1,46015
39115,2024,7,1,54073
51163,2025,5,1,51580
36021,2022,7,1,36079
48131,2024,4,3,"48427,48427,48323"
13153,2021,5,3,"13269,13269,13269"
18123,2021,6,1,18101
13069,2025,5,8,"13173,13315,13173,13209,13309,13091,13309,13315"
37183,2021,7,2,"37181,37181"
12049,2022,11,2,"12115,12115"
51131,2025,6,1,51830
06029,2020,8,1,06051
29175,2020,11,1,29103
21057,2023,12,2,"47137,47137"
13285,2021,5,1,13231
31107,2023,6,9,"31103,46027,31103,46067,46015,46067,46027,46067,46125"
06085,2021,1,1,06013
29075,2025,6,3,"20043,29025,29025"
21067,2021,7,4,"21097,21173,21173,21097"
20029,2024,5,4,"20141,20141,31095,31095"
37197,2024,12,2,"37005,37005"
17161,2023,5,3,"17175,17015,17015"
42091,2022,5,4,"34021,42095,42025,42095"
38043,2024,8,2,"38031,38031"
06019,2021,10,4,"06079,06085,06079,06085"
42003,2022,7,1,54009
21085,2025,6,4,"18123,21177,21149,21177"
06099,2023,1,8,"06013,06075,06081,06069,06013,06069,06081,06087"
22073,2022,12,6,"22041,05003,22123,22041,22123,05003"
32015,2023,9,3,"32019,16083,49003"
55107,2024,9,1,55051
35047,2022,8,1,35028
48181,2020,5,1,48119
21209,2023,8,1,21201
33015,2024,7,1,25025
31097,2022,8,5,"31025,31147,19071,31025,31147"
18055,2025,5,1,17185
17191,2020,3,2,"17079,17079"
48249,2023,7,3,"48007,48007,48391"
48013,2023,3,3,"48127,48175,48127"
37071,2025,5,1,45023
48001,2022,4,1,48471
30031,2021,7,6,"16065,16081,30023,30045,56017,16081"
18175,2020,6,1,21223
54081,2021,8,1,51021
28135,2022,5,3,"28013,28137,28013"
37107,2022,5,1,37141
47037,2022,1,1,47111
27173,2021,5,7,"27067,46011,27101,27033,27101,27067,46011"
26135,2024,7,3,"26141,26141,26029"
37075,2023,8,2,"13111,13291"
35033,2024,9,4,"08023,08021,08021,08023"
12111,2022,3,4,"12043,12051,12043,12051"
37171,2021,8,2,"51640,51640"
29031,2023,4,4,"29123,29123,29186,29069"
05125,2024,8,3,"05025,05039,05039"
21031,2024,7,4,"21213,21219,21219,21213"
49035,2021,5,1,49039
05031,2021,4,2,"05035,05035"
23025,2023,8,1,23023
06015,2021,10,7,"06045,41029,41035,41011,41019,41019,41029"
28081,2022,7,7,"28013,28141,01075,28013,28139,28141,28139"
47093,2021,6,2,"37075,37087"
17189,2023,2,3,"17051,17051,29186"
55119,2025,6,1,55051
29119,2021,7,2,"40035,40035"
13195,2025,4,3,"13219,13219,13219"
30017,2024,8,2,"30109,30109"
29055,2025,5,2,"29151,29223"
08123,2024,6,1,08047
53049,2020,9,2,"53053,53077"
30071,2022,6,4,"30015,30041,30015,30045"
56007,2025,5,7,"08049,49009,08037,08045,08049,49009,49043"
19159,2022,11,2,"19145,19145"
29055,2020,11,2,"29179,29179"
12083,2023,12,2,"12041,12041"
37143,2020,8,2,"37095,37095"
48091,2021,8,1,48013
36009,2023,4,3,"42049,42039,42049"
39021,2023,4,1,39101
55091,2021,6,1,27163
22073,2021,4,2,"22027,22027"
06015,2024,11,2,"41019,41019"
40045,2020,4,1,20033
39001,2021,2,3,"21023,21201,21023"
31071,2022,7,1,31103
26043,2023,4,7,"55041,55125,55029,55041,55029,55041,55083"
29219,2022,3,4,"29151,17013,29151,17013"
21057,2025,5,5,"21231,47137,21199,21231,47137"
37119,2021,3,1,37007
39143,2022,8,1,39005
17021,2022,9,1,17147
29007,2024,4,4,"29053,29089,17013,29089"
37009,2024,4,2,"37011,37011"
13259,2024,8,4,"13061,13249,13061,13061"
18105,2025,6,1,18143
48341,2023,2,2,"35037,35037"
39089,2022,2,1,39005
45071,2025,4,2,"45023,45023"
18083,2021,12,1,17079
04003,2023,5,1,35029
06019,2023,3,7,"06079,06085,32019,06079,06087,06085,06087"
17157,2021,4,4,"17181,17027,17027,17181"
06073,2022,12,3,"04012,04027,04012"
06063,2020,7,12,"06011,06021,06101,06049,32031,06049,06057,32031,06021,06045,06057,06101"
56013,2025,6,3,"08107,49009,49043"
29073,2023,4,2,"29221,29221"
55099,2024,5,3,"27031,27075,26071"
29009,2021,4,1,05101
12015,2023,6,4,"12049,12081,12049,12081"
22113,2022,6,2,"22007,22047"
13297,2023,4,16,"13139,13157,13089,13121,13139,13157,13133,13159,13035,13151,13159,13133,13157,13221,13089,13151"
27135,2023,9,2,"27061,38099"
48101,2022,6,4,"48433,48275,48275,48433"
47157,2022,5,6,"05037,05123,47097,28137,28137,47097"
08109,2021,8,9,"08021,08065,08029,08091,08007,08091,08007,08007,08021"
31085,2021,5,1,31117
23001,2021,7,2,"23015,23015"
28035,2022,2,6,"28065,28065,28091,28045,28091,28045"
01067,2023,8,1,13259
31017,2021,8,2,"31015,31015"
48175,2025,6,5,"48285,48493,48057,48057,48285"
17055,2020,3,1,17121
20019,2024,3,1,40103
04009,2020,8,2,"35006,35017"
48459,2024,4,1,48379
18013,2022,4,2,"18119,18119"
08063,2025,6,3,"08061,08025,08061"
32003,2020,4,6,"06051,32033,49021,32001,32021,32033"
46025,2021,10,3,"46011,46011,46079"
42073,2023,7,3,"39151,39151,42039"
36105,2025,4,2,"34037,34037"
06089,2024,1,3,"41035,41033,41035"
21135,2021,2,3,"21201,21023,21201"
23025,2020,7,3,"23029,23023,23029"
27053,2021,4,5,"27025,27163,27163,27163,27009"
33019,2020,8,2,"50017,50017"
01033,2022,5,2,"28057,28057"
08077,2025,5,10,"08037,08107,08015,08053,08091,08091,08015,08037,08065,08083"
12089,2025,4,1,12007
21095,2020,2,1,51720
29091,2020,11,2,"05065,29179"
08095,2024,7,2,"31085,31085"
06023,2022,11,6,"41015,41033,06097,06049,41029,41033"
51107,2023,7,1,51685
26085,2025,4,13,"26019,26055,26035,26073,26117,26117,26035,26073,26113,26019,26055,26079,26113"
31041,2021,7,2,"31117,31117"
17171,2020,5,4,"17013,17083,17017,17013"
13219,2021,8,2,"13141,13317"
29211,2022,5,5,"29103,29197,19185,19185,29197"
22001,2021,5,5,"22003,22003,22099,22077,22099"
19147,2021,12,10,"19035,19093,19141,19035,19141,19143,19141,19143,27063,27063"
48465,2025,4,1,48507
01087,2023,6,3,"13145,13053,13259"
12093,2021,10,1,12027
20149,2023,7,1,31147
48387,2022,5,2,"05081,05081"
18013,2025,5,1,18143
08067,2024,7,3,"08021,08109,35031"
05025,2023,1,2,"05003,05003"
32007,2022,5,6,"16053,16053,32027,32031,32001,32027"
55063,2023,3,3,"55035,55141,55035"
13063,2021,3,1,13231
13139,2021,7,4,"13281,13291,13281,13291"
40063,2024,1,2,"40005,40005"
01003,2022,10,3,"01035,01013,01035"
42079,2023,8,1,42093
20143,2025,4,4,"20089,20141,20089,20141"
37131,2025,5,1,37187
34003,2024,7,5,"36047,36085,36081,36047,36081"
54091,2023,4,2,"54093,54093"
13321,2024,8,3,"13315,13087,13315"
01061,2023,7,2,"01013,01035"
05009,2024,3,1,05137
29221,2021,8,2,"29073,29073"
30029,2020,5,12,"30101,30043,16021,16035,30039,30061,30101,30023,30039,30043,16079,30061"
54099,2025,6,5,"21063,21175,21071,21195,21195"
21209,2020,5,2,"21005,21005"
01051,2023,6,1,01007
48201,2024,2,6,"48321,48481,48481,48407,48407,48477"
49007,2022,6,1,08081
08015,2021,7,8,"08029,08053,08091,08019,08003,08053,08079,08105"
08099,2020,5,1,08025
01127,2025,6,1,01065
27075,2025,3,2,"26083,55051"
21047,2024,8,3,"21055,21233,21233"
23031,2023,9,1,23023
46069,2021,7,1,46005
47151,2020,3,1,21207
13057,2021,8,1,13063
18073,2023,4,2,"18141,18141"
38027,2021,8,1,38083
54063,2023,7,1,51021
48049,2020,5,2,"48193,48193"
40121,2021,10,1,40133
18057,2022,3,4,"18157,18065,18065,18109"
26033,2023,6,6,"26029,26031,26047,26007,26031,26119"
01097,2023,8,4,"28111,28131,28111,28131"
48153,2022,6,1,48433
51019,2025,6,2,"51530,51678"
48257,2020,5,1,48119
21207,2022,5,2,"47027,47027"
37189,2024,7,2,"37005,37005"
25003,2023,6,1,50021
51710,2022,7,2,"51735,51735"
51740,2021,8,3,"51131,51735,51131"
13089,2024,2,3,"13117,13013,13117"
53063,2024,6,5,"30053,53025,53013,53021,53023"
40111,2022,5,1,40133
12109,2025,6,2,"12007,12007"
39091,2025,6,3,"39063,39101,39101"
54043,2024,2,1,54067
40067,2021,12,3,"40095,40099,40095"
27163,2024,8,1,27065
21133,2022,3,2,"51167,51720"
54003,2020,4,1,51840
48427,2022,5,1,48489
39161,2020,5,2,"18075,18075"
31053,2021,2,2,"31173,31173"
48129,2023,5,3,"48211,40129,48211"
29081,2024,7,3,"29003,29211,29211"
39063,2020,11,2,"39143,39143"
29209,2021,4,1,05101
35037,2020,6,2,"48369,48369"
47129,2025,5,5,"47173,47137,21147,21231,47137"
40129,2022,6,2,"40075,40093"
24017,2022,7,2,"51600,51610"
17135,2021,6,3,"17027,17027,17027"
31129,2023,9,1,31159
23017,2021,6,3,"23023,23023,50009"
51107,2020,6,3,"51600,51610,51685"
05013,2021,1,1,22027
26067,2023,8,3,"26155,26111,26155"
19147,2023,5,11,"19035,19093,19141,19035,19141,19143,19141,19143,27063,27063,19189"
46085,2021,8,4,"31015,46009,46067,31015"
22075,2021,10,2,"22057,28045"
45019,2024,6,2,"45005,45049"
42081,2024,4,4,"42131,42023,42023,42131"
26103,2020,6,2,"26095,26089"
48177,2024,1,3,"48089,48477,48089"
56023,2021,7,7,"16041,16065,16081,16041,16041,16081,56029"
49005,2025,5,2,"32007,49043"
06099,2021,12,5,"06013,06075,06069,06013,06069"
19065,2022,4,3,"19023,19023,19023"
21195,2021,8,3,"21115,21115,51720"
38009,2021,7,2,"38083,38083"
18097,2021,12,2,"18159,18065"
05103,2021,4,2,"22027,22027"
48381,2020,5,2,"48369,48369"
37111,2020,1,1,47091
42007,2025,6,3,"39099,39151,39099"
47149,2025,4,1,47159
29205,2024,6,4,"29175,29173,29173,29175"
32033,2021,8,3,"32001,49039,49039"
06087,2024,3,3,"06079,06047,06047"
51169,2021,8,3,"51520,51520,51720"
17119,2022,5,2,"17013,17013"
21075,2021,2,5,"21039,47183,21039,29069,47183"
29051,2021,6,2,"29089,29073"
48219,2023,7,2,"35041,35041"
08073,2021,4,1,08011
40143,2023,5,2,"40103,40103"
45091,2021,5,2,"37179,37179"
18157,2025,6,1,18131
23017,2024,7,2,"23023,23023"
53075,2021,2,19,"16055,16079,16079,16049,16061,41063,53025,41063,41063,53005,53025,41063,53019,53025,53065,16017,16055,53051,53065"
13277,2023,8,1,13315
21101,2024,2,4,"17069,21055,21033,21055"
19149,2024,7,3,"19093,19093,31173"
29023,2022,9,1,29123
29161,2025,6,2,"29151,29151"
17001,2025,5,1,29137
12001,2024,2,2,"12017,12017"
48487,2021,7,2,"40033,40033"
29035,2024,11,3,"29207,29017,29207"
12083,2024,2,2,"12041,12041"
29015,2021,4,1,29107
39041,2024,5,1,39021
18083,2020,4,1,17079
21227,2025,6,2,"21177,21177"
51135,2023,7,1,51183
06035,2025,3,5,"06093,41037,06093,32013,41037"
16031,2024,5,1,32015
29186,2022,4,1,29093
48453,2023,10,1,48281
48385,2024,7,1,48323
37003,2024,5,2,"37011,37005"
05141,2023,7,1,05065
48051,2020,5,2,"48313,48313"
51019,2022,5,2,"51775,51678"
51111,2021,7,1,37181
29037,2021,3,2,"29107,29107"
29095,2023,8,2,"29083,29083"
47035,2024,7,1,47137
21065,2021,6,2,"21173,21173"
54031,2023,7,2,"51660,54093"
22103,2023,8,5,"28005,28131,28035,28073,28131"
05003,2022,7,1,22083
47065,2022,2,1,47051
18067,2020,7,2,"18131,18009"
27001,2024,7,3,"27071,27009,27071"
51125,2022,6,2,"51540,51678"
28129,2022,7,4,"28065,28073,28065,28077"
19009,2021,7,2,"19093,19193"
13187,2021,3,4,"13227,13281,37043,13281"
16001,2024,9,2,"16047,16087"
39135,2022,3,1,18065
29186,2025,5,1,29017
19007,2024,6,3,"29129,29129,29211"
47123,2022,8,1,13291
32031,2024,10,3,"32015,32015,32015"
51139,2023,8,1,51660
21027,2024,2,1,21061
13157,2025,4,3,"13221,13221,13221"
40071,2023,5,3,"40003,40093,40003"
20007,2024,7,7,"40059,40053,40053,40093,40059,40093,40153"
42091,2022,9,5,"34019,34021,42095,42025,42095"
29035,2023,3,4,"05021,29069,05021,29123"
22067,2024,2,2,"05011,05011"
54109,2025,4,2,"21159,21195"
55083,2020,3,2,"26019,26089"
54047,2025,1,3,"21195,21159,21195"
48181,2020,9,1,48119
47153,2023,1,3,"13047,13295,13313"
42017,2024,7,1,34001
01081,2024,8,2,"13053,13053"
05043,2022,6,2,"22067,22067"
42013,2025,6,1,42023
27097,2025,5,1,27065
47055,2022,4,2,"28141,47051"
51133,2021,5,1,51131
40023,2020,7,2,"48119,48119"
42007,2022,5,2,"54009,54009"
18175,2020,10,2,"21163,21163"
47177,2022,4,2,"47051,47051"
31133,2024,7,1,31095
31055,2022,10,2,"31023,31023"
21145,2024,3,6,"17151,17003,17003,17069,17151,21055"
48219,2020,6,4,"48369,48369,48165,48165"
18051,2021,7,1,18055
12117,2024,10,1,12119
35025,2024,5,3,"48109,48475,48475"
01005,2021,5,2,"13053,13053"
29161,2022,5,4,"29093,29093,29151,29151"
39055,2024,4,5,"39103,39151,39103,39151,39169"
13027,2025,6,2,"12067,13173"
49035,2021,9,1,49039
48107,2022,6,3,"48433,48433,48115"
22041,2023,12,1,28063
36013,2024,5,1,39007
05007,2021,5,3,"05101,05101,40035"
27103,2024,8,4,"27091,27127,27127,27173"
37041,2020,9,1,37095
21071,2020,8,3,"21133,21133,51195"
55105,2024,3,1,55101
17189,2023,6,3,"17051,17051,29186"
27069,2024,7,2,"38099,38099"
06061,2020,5,15,"06095,06113,06011,06113,06051,32019,06049,32001,32019,32027,32029,41025,41037,32019,32029"
12107,2025,1,3,"12041,12075,12075"
28013,2024,12,3,"28015,28083,28019"
49003,2022,6,9,"16053,16083,16041,16083,16041,49033,49029,49029,49033"
37149,2021,7,6,"37021,37087,37021,45059,45059,45087"
39029,2023,4,6,"39133,39155,39075,39133,39153,39169"
45021,2025,5,2,"45023,45023"
18051,2024,8,3,"17047,17047,21225"
48385,2021,6,1,48507
26003,2023,7,4,"55029,26097,26029,26097"
55021,2020,3,2,"55055,55055"
55095,2025,6,1,27065
31161,2022,7,3,"31091,31103,31091"
48405,2024,4,1,48455
19181,2024,10,2,"19185,19185"
40007,2023,5,4,"40043,40129,48211,48211"
29095,2020,7,2,"29033,29033"
31167,2023,9,4,"31173,31003,31003,31173"
08027,2021,6,5,"08003,08003,08053,08079,08105"
17049,2024,5,2,"17005,17033"
39037,2023,7,1,39161
40045,2020,8,1,20033
48039,2024,3,2,"48239,48239"
31021,2024,7,2,"19093,31167"
48245,2021,9,3,"48373,48457,48373"
48147,2025,4,1,48379
13199,2021,4,1,13053
26107,2021,6,2,"26113,26113"
39015,2022,11,1,21069
33001,2020,8,1,50017
48291,2024,12,2,"48455,48455"
26043,2023,8,7,"55041,55125,55029,55041,55029,55041,55083"
22033,2025,6,5,"22007,22093,22095,22007,22095"
37119,2021,7,3,"45023,45023,45087"
12047,2025,4,6,"12041,12067,12041,12067,13173,13173"
48361,2021,10,3,"48373,48457,48457"
51093,2021,4,2,"37073,37073"
42099,2024,6,1,42057
46102,2024,7,2,"31091,31171"
28151,2021,6,3,"28027,28027,28135"
28065,2021,4,2,"28147,28147"
20201,2021,12,1,20123
01111,2023,8,3,"13097,13121,13199"
51167,2021,6,4,"51021,51021,51520,51720"
39051,2025,4,4,"39063,39173,39123,39173"
26123,2023,8,2,"55089,55089"
29053,2021,6,2,"29107,29107"
48467,2024,3,3,"48161,48397,48397"
36119,2022,3,2,"36061,36061"
55133,2023,5,1,55047
17167,2021,10,2,"17039,17039"
17043,2022,5,3,"17063,17063,17091"
21017,2024,4,3,"21023,21201,21201"
13165,2023,6,6,"13163,13163,13167,13175,13279,13283"
37065,2022,6,2,"37185,37185"
48217,2024,3,8,"48099,48145,48161,48289,48395,48099,48145,48161"
22079,2025,1,1,22029
05117,2023,4,4,"05107,05107,05123,05123"
37109,2021,7,1,37011
28033,2022,5,3,"05037,05123,28027"
48483,2023,2,1,40043
48005,2024,1,4,"48289,48313,48407,48407"
31093,2024,4,2,"31011,31011"
48101,2022,10,4,"40057,48487,40057,48487"
01023,2022,8,1,01107
01067,2023,12,2,"13239,13239"
55025,2023,10,2,"55047,55047"
20097,2021,3,1,40003
51035,2024,7,2,"37005,37005"
08121,2020,7,1,08025
19155,2023,6,3,"19133,19145,19145"
36003,2025,5,4,"36037,36037,42023,42023"
20131,2020,3,7,"20043,31067,31067,31097,31127,20043,31127"
17135,2023,2,1,17035
28081,2024,4,3,"28139,28009,28139"
13135,2020,1,2,"13059,13059"
47035,2021,4,2,"47137,47105"
13229,2021,7,1,13279
27031,2025,5,1,55051
22097,2020,8,2,"22047,22047"
40061,2024,3,1,40005
54031,2020,4,1,51840
29189,2021,5,5,"17027,17083,17027,29073,17083"
04015,2024,8,2,"04027,06037"
01033,2022,9,6,"28057,47071,28003,28057,28117,47071"
31163,2020,6,1,31011
19111,2023,5,2,"19115,19115"
45065,2022,5,5,"13147,13195,13221,13317,13317"
38055,2024,9,1,38009
51015,2022,5,3,"51540,51678,51660"
46009,2020,4,4,"31003,31027,31139,31027"
17165,2020,8,1,21055
48225,2024,12,2,"48407,48407"
08025,2021,7,2,"08011,08011"
29049,2020,7,4,"20043,29033,29117,29033"
36031,2021,3,1,50015
05017,2021,6,1,28027
42089,2022,5,2,"42077,42077"
13167,2025,6,12,"13125,13301,13023,13091,13309,13209,13309,13009,13125,13141,13009,13023"
19175,2023,7,2,"19145,19145"
47023,2022,5,8,"28139,28141,47039,47017,47039,47017,47033,47053"
19011,2023,7,1,19115
21079,2025,5,9,"21239,21199,21049,21065,21109,21239,21109,21125,21199"
16019,2021,9,3,"16007,16041,16007"
48029,2020,6,1,48507
17139,2021,12,2,"17039,17039"
06085,2024,12,1,06109
17117,2021,6,1,17027
35001,2021,7,2,"35028,35028"
45065,2025,6,1,13221
42069,2025,6,1,34037
31121,2023,7,1,31159
04025,2024,4,1,04009
16055,2025,4,9,"16057,53075,53051,16035,16057,53043,53051,53065,53075"
26043,2020,7,1,26083
48367,2021,10,4,"48143,48035,48217,48143"
27137,2024,9,1,27065
29079,2022,6,2,"29033,19185"
01067,2022,4,1,13259
30025,2024,8,1,38089
32510,2025,2,2,"32013,41037"
39173,2020,10,1,39171
08083,2021,5,5,"08007,08053,08053,08091,08007"
29127,2024,6,2,"17013,29175"
51175,2025,5,1,37143
37009,2021,7,3,"37011,37011,51640"
47067,2020,7,2,"51195,51195"
29069,2025,5,6,"05121,05067,05121,29223,29017,29223"
40117,2024,4,2,"40083,40083"
20009,2023,10,1,20083
37031,2023,5,1,37177
48069,2023,4,1,35037
20105,2022,6,2,"20089,20089"
01041,2022,7,2,"01035,01035"
13057,2021,12,2,"13233,13111"
26063,2022,6,2,"26001,26135"
12117,2021,7,1,12119
01075,2021,12,2,"28057,28057"
41039,2025,2,5,"41013,41037,41033,06093,41037"
35027,2024,9,3,"35003,35003,35006"
18057,2022,7,3,"18015,18157,18109"
48257,2020,9,3,"48119,48379,48379"
22061,2023,7,1,05003
48015,2024,3,3,"48239,48239,48321"
22077,2024,12,1,28001
08005,2021,5,2,"08019,08047"
13077,2024,8,1,13143
01019,2023,7,2,"13045,13083"
12105,2022,4,6,"12027,12027,12043,12027,12043,12051"
17149,2020,6,7,"17169,17017,17169,17083,17083,17017,29205"
48083,2024,8,1,48093
30039,2023,6,2,"16035,30061"
37165,2022,5,2,"45033,45033"
13019,2024,5,1,13271
08031,2022,8,3,"08019,08047,08093"
31135,2024,8,4,"31117,31047,31113,31117"
13033,2022,5,2,"13125,13301"
13001,2020,3,1,13283
48175,2022,9,4,"48297,48297,48057,48057"
48305,2024,4,2,"48153,48153"
06107,2023,1,5,"06053,06069,06079,06053,06079"
21191,2024,8,4,"21201,21017,21181,21201"
13073,2024,2,5,"13317,13163,13301,13317,13163"
45075,2022,4,3,"45043,45089,45089"
47125,2025,4,1,21033
39011,2020,4,1,18075
28081,2021,3,1,28009
29121,2024,8,7,"29211,29033,29089,29079,29211,29173,29089"
46095,2023,7,3,"46015,31103,31103"
36105,2022,7,2,"36079,36087"
39037,2020,4,1,18009
13095,2025,6,2,"13061,13307"
17137,2021,12,2,"17013,17013"
28093,2023,9,9,"05035,28143,28107,28161,28107,28143,28117,47075,05035"
41021,2024,8,8,"53005,41027,41031,41031,41027,53005,53059,53077"
48329,2020,3,2,"48165,48165"
19111,2020,4,2,"17169,29103"
27085,2021,5,4,"27067,27023,27067,27127"
42029,2022,6,3,"42077,42043,42077"
05013,2021,5,1,22027
01089,2024,7,3,"47055,47055,47117"
54097,2024,8,3,"54093,54103,54093"
39093,2020,11,2,"39143,39143"
29085,2023,9,3,"29083,29013,29083"
45069,2020,4,1,45089
21117,2024,8,2,"21097,21097"
48177,2024,5,2,"48477,48239"
48041,2025,5,2,"48225,48225"
38077,2023,5,4,"27011,38003,38003,27011"
47019,2021,5,3,"37199,51520,37199"
26051,2022,7,8,"26133,26133,26001,26039,26135,26039,26079,26135"
13167,2022,5,5,"13125,13301,13309,13309,13125"
17057,2020,3,3,"17017,17129,17017"
18027,2023,5,1,17033
54065,2020,6,1,51840
48295,2022,9,1,40043
06051,2024,6,4,"06031,06069,06099,32029"
40143,2023,9,2,"40103,40103"
53075,2021,6,15,"16049,16061,41063,53025,41063,41063,53005,53025,41063,53019,53025,53065,16017,53051,53065"
47073,2023,9,1,51520
48191,2023,9,2,"48011,48011"
31121,2020,6,9,"31077,31011,31077,31011,31023,31037,31119,31167,31023"
12001,2024,6,3,"13065,12017,12017"
31069,2021,6,2,"31117,31117"
12063,2024,9,2,"13087,13087"
12083,2024,6,2,"12041,12041"
01109,2021,5,1,13259
48123,2023,1,2,"48391,48391"
31049,2021,9,1,31117
51175,2022,4,3,"37185,51595,51740"
35051,2020,6,4,"35006,48141,48141,35006"
45035,2020,12,1,45011
17057,2023,4,2,"17175,17175"
30059,2024,6,2,"30037,30037"
29045,2020,6,3,"17169,29205,29205"
16031,2024,9,3,"16047,16047,32015"
06101,2023,3,2,"06013,06055"
37067,2025,6,1,37005
49049,2024,8,1,49009
48109,2022,7,2,"48377,48377"
01097,2025,5,3,"01023,28111,28111"
13179,2020,8,2,"13043,13043"
51155,2024,6,1,51640
35007,2024,8,3,"08003,08021,08021"
08073,2024,9,1,08027
13215,2022,6,2,"13259,13259"
16043,2023,11,3,"30023,30093,30093"
31041,2023,9,2,"31089,31089"
37073,2024,7,3,"37177,37177,37177"
46123,2025,6,1,31171
48343,2020,6,1,48119
51119,2021,5,1,51735
18153,2025,5,2,"17159,17185"
16029,2021,9,3,"49005,16065,49005"
24035,2023,8,1,34011
22067,2021,5,2,"22027,22027"
13011,2025,6,3,"13281,13219,13221"
35057,2020,7,3,"35006,35006,35006"
28103,2025,6,3,"01023,28019,28019"
32007,2024,7,2,"16071,16071"
51063,2021,3,1,51021
17033,2022,7,1,18021
06077,2025,2,2,"06109,06109"
29071,2023,3,1,29186
39149,2020,4,2,"18075,18075"
39159,2023,4,6,"39083,39117,39175,39033,39117,39175"
12005,2022,4,1,01039
19031,2022,9,2,"19115,19115"
24023,2023,8,2,"54093,54093"
26067,2025,5,2,"26073,26073"
06071,2024,2,1,06079
06017,2024,2,3,"06009,06109,06009"
37131,2022,6,1,51595
24031,2020,6,3,"51610,51600,51610"
32023,2023,3,8,"32019,49001,49021,49027,32019,49023,49027,49045"
29065,2023,4,3,"29221,29123,29221"
22067,2024,6,2,"05011,05011"
17197,2024,4,2,"18111,18111"
38001,2024,5,3,"38089,38089,38089"
55083,2020,7,2,"26019,26089"
54047,2025,5,3,"21195,21159,21195"
28127,2021,8,3,"28091,28091,28147"
01081,2024,12,3,"13053,13259,13053"
01009,2023,6,1,01007
36029,2024,9,1,42049
12071,2021,12,1,12027
48293,2025,4,2,"48225,48051"
51173,2021,3,4,"47091,47091,47163,51520"
19151,2025,5,1,19047
40031,2022,4,1,48077
08081,2024,9,1,08049
18017,2025,5,2,"18023,18023"
26029,2021,4,6,"26039,26033,26095,26039,26135,26095"
30033,2024,8,1,30109
51700,2020,10,2,"51735,51735"
48241,2025,5,2,"48225,48455"
47181,2024,3,3,"47023,47081,47081"
13141,2025,2,8,"13319,13163,13219,13221,13221,13163,13163,13319"
47073,2025,2,1,47173
20151,2023,5,1,40003
31119,2022,8,4,"31125,31125,31143,31051"
19149,2021,10,17,"19021,19041,19093,19021,19041,19059,19119,19143,19119,19143,46083,19093,31043,31043,31051,46027,46083"
40007,2020,8,2,"20033,20033"
18095,2020,7,5,"18009,18075,18135,18009,18135"
28001,2020,6,1,22077
46003,2020,7,1,31107
45035,2022,5,3,"45043,45089,45043"
54075,2025,6,1,54063
51013,2020,7,1,51600
12009,2022,10,1,12055
48213,2021,4,2,"48459,48379"
38039,2024,6,1,38099
18183,2025,4,1,18103
48437,2020,7,1,48369
47161,2020,7,1,21143
48121,2021,11,1,40095
39029,2023,8,1,39169
47187,2024,6,3,"47101,47135,47101"
50023,2021,6,3,"50009,50019,50019"
18051,2024,12,2,"17159,21225"
13321,2025,2,3,"13093,13315,13315"
48417,2022,5,5,"48093,48275,48433,48433,48275"
13217,2025,2,4,"13237,13219,13237,13219"
13123,2021,8,2,"13117,13291"
01125,2023,6,1,28087
30083,2023,8,2,"30091,30091"
18007,2025,5,3,"18131,18023,18131"
21037,2025,5,1,21097
32013,2020,8,14,"16083,16083,32033,32001,32001,06049,06057,32001,32019,32029,41037,41037,16075,16087"
21011,2024,4,2,"21201,21201"
06039,2021,10,3,"06069,06069,06085"
55061,2020,3,2,"26089,26089"
49007,2024,6,2,"49009,49009"
05103,2023,6,3,"05011,05003,05011"
05013,2024,12,6,"05003,05053,05019,05053,05019,05003"
47161,2023,8,1,47135
20015,2023,5,1,40053
46069,2023,7,3,"46015,46005,46015"
27035,2023,8,6,"27153,27159,27009,27009,27145,27153"
17157,2020,3,1,17121
36121,2025,5,3,"36063,36063,36073"
53031,2025,2,12,"53041,53049,53067,53057,53061,53033,53053,53061,53053,53067,53057,53073"
30051,2021,7,1,30045
28151,2021,10,3,"22067,28027,28027"
49019,2022,10,4,"49039,49039,49041,49041"
12125,2025,6,3,"12041,12075,12041"
18039,2025,4,1,18131
32013,2023,9,10,"16083,16083,49003,06049,32019,32029,41037,41013,41017,41037"
29141,2024,4,5,"29083,29089,29083,29101,29107"
06113,2023,1,6,"06097,06097,06013,06013,06041,06097"
05075,2021,4,2,"29069,29069"
05023,2023,8,2,"05065,05065"
49041,2020,5,6,"32017,49021,49007,32017,32033,49007"
17001,2022,6,3,"17071,17013,29103"
22079,2025,5,1,22029
19109,2024,6,2,"19069,19069"
40023,2022,4,2,"40095,05081"
55013,2020,6,1,27075
31055,2024,7,1,31039
48423,2020,11,3,"48315,48379,48379"
51700,2022,3,2,"51735,51735"
48339,2021,10,4,"48477,48373,48373,48477"
56015,2022,5,2,"56009,56009"
12127,2025,5,4,"12105,12075,12105,12007"
27019,2023,8,1,27145
39033,2022,3,2,"39005,39005"
39113,2020,7,2,"18075,18135"
21145,2021,6,4,"17181,47183,21143,21143"
13035,2021,6,3,"13231,13021,13231"
48459,2024,12,1,48379
26111,2020,5,2,"26133,26133"
46013,2022,7,1,46005
05059,2024,8,5,"05025,05105,05025,05113,05105"
18167,2024,3,4,"17033,18045,17033,18045"
24017,2024,7,4,"51600,51683,51685,51630"
17135,2023,6,1,17035
17155,2023,5,2,"17175,17175"
38029,2024,5,5,"38083,38083,38093,38093,38089"
24025,2025,4,1,24035
22097,2020,12,4,"22047,22121,22007,22047"
29201,2021,5,2,"17181,17181"
29041,2021,8,3,"29107,29103,29107"
45007,2022,4,6,"13195,13221,13317,13195,13137,37099"
49023,2025,5,2,"32007,32007"
20087,2023,9,3,"20043,20121,20209"
26113,2022,8,5,"26119,26135,26019,26135,26019"
46009,2020,8,2,"31003,31139"
46125,2020,4,3,"31027,31027,31107"
19047,2020,6,5,"19155,31021,31177,31021,19155"
20013,2024,6,1,29003
20201,2020,8,5,"31133,31097,31109,31131,31133"
13113,2025,6,1,13149
48273,2023,8,1,48007
26121,2023,4,2,"26105,26105"
54021,2024,9,1,54073
19185,2024,6,3,"29079,29211,29211"
51830,2020,9,1,51735
16049,2024,8,6,"16087,30039,30023,30039,53013,53023"
48485,2021,11,1,40075
36031,2021,7,1,50015
41035,2023,5,7,"06105,41033,41015,41033,41033,41003,41041"
17167,2020,6,2,"17169,17083"
26161,2020,8,2,"26065,26065"
48191,2025,5,2,"40057,40057"
18079,2025,5,1,21223
48499,2020,8,2,"48119,48119"
47041,2023,7,1,47061
48303,2020,5,2,"48369,48165"
39015,2024,8,3,"21097,21201,21201"
51001,2020,12,1,51735
05095,2021,6,3,"05035,28027,05035"
06097,2020,3,6,"06011,06021,06113,06021,06113,06113"
51045,2024,7,3,"51580,51063,51063"
12085,2020,5,2,"12055,12055"
17025,2021,7,3,"17027,17023,17027"
20129,2021,5,1,08011
51185,2023,3,1,54089
23019,2021,6,2,"23007,23015"
42013,2022,7,2,"42087,42087"
22033,2022,9,6,"22007,22125,22007,22077,22077,22125"
31027,2022,5,9,"31043,46127,46009,46083,46125,46127,46009,46067,46125"
05145,2025,6,3,"05137,05065,05137"
47037,2024,7,5,"21213,21219,47117,21213,47117"
22111,2022,9,2,"22083,22083"
29127,2024,10,3,"17009,17169,17009"
13019,2021,8,1,13005
12103,2024,5,1,12049
33003,2020,6,1,50017
20131,2025,6,2,"20043,20043"
13273,2023,7,3,"13259,13193,13259"
37031,2023,9,1,37177
39157,2024,3,2,"39169,39169"
01121,2023,8,1,13045
45015,2021,3,1,45011
39115,2025,5,1,54073
47099,2021,9,2,"28141,47039"
48001,2021,4,1,48455
17149,2025,4,4,"29111,29111,29137,29137"
45019,2020,4,2,"45089,45089"
08005,2021,9,2,"08019,08047"
56033,2021,5,1,56029
34007,2022,5,1,34021
12105,2022,8,3,"12027,12027,12027"
21163,2024,7,1,21183
16051,2023,8,2,"56039,56039"
22009,2025,5,1,22041
27133,2024,7,1,27127
29081,2023,6,1,29003
42025,2025,5,1,34037
12069,2020,1,4,"12055,12049,12055,12053"
51003,2021,5,1,51820
29197,2024,8,3,"29211,29129,29211"
29023,2023,1,3,"05055,05055,29123"
17131,2024,8,2,"19087,19087"
13229,2023,4,1,13279
29137,2022,6,2,"29103,29103"
24017,2021,6,1,51685
17135,2020,5,6,"17121,17083,17083,17017,17129,17035"
48245,2023,11,2,"48339,48407"
05063,2022,7,1,05037
55029,2020,7,1,55078
41059,2024,8,9,"41069,41069,53023,53021,53025,53077,53021,53023,53021"
28115,2021,3,1,28009
39081,2021,7,1,39099
45065,2024,2,3,"13195,13317,13317"
48249,2024,5,6,"48247,48427,48247,48007,48007,48391"
42107,2023,7,2,"42093,42093"
12131,2023,7,2,"01013,01035"
26069,2024,7,3,"26143,26119,26143"
01113,2024,2,5,"13061,13239,01017,13239,13307"
51087,2024,8,2,"51570,51670"
26013,2025,4,3,"26083,55041,26083"
27127,2022,8,10,"27103,27063,27105,27081,27117,27105,27117,27133,27103,27081"
26079,2020,11,7,"26089,26129,26089,26101,26031,26129,26101"
45027,2022,4,3,"45043,45033,45043"
08071,2020,8,6,"08003,08021,08003,08109,08025,08025"
21067,2025,6,11,"21011,21097,21173,21181,21065,21173,21197,21065,21109,21203,21097"
54101,2020,8,2,"54021,54021"
26071,2022,6,3,"26083,26083,26083"
29099,2021,4,1,29073
31167,2022,5,1,31051
38059,2021,8,1,38083
42071,2022,7,1,42077
48029,2022,3,2,"48177,48177"
17057,2020,7,3,"17017,17129,17017"
26127,2025,5,6,"26101,26133,26165,26101,26117,26133"
45073,2023,5,8,"13011,13195,13011,13281,13311,13195,13281,13011"
22069,2021,4,3,"22027,22003,22003"
21083,2022,7,4,"47005,47017,47017,47053"
17117,2023,3,2,"17051,17173"
13211,2021,8,2,"13141,13141"
39081,2024,8,7,"39111,54051,39151,39157,39151,39157,54051"
05109,2022,7,2,"05081,05081"
21125,2020,3,1,21207
30067,2021,6,3,"30043,30045,56017"
51810,2024,6,3,"37177,51735,51735"
40089,2025,6,1,05109
08123,2025,4,4,"08047,08049,08049,08115"
01077,2023,1,5,"28117,47023,47039,47109,47039"
22111,2024,2,2,"05011,05011"
18177,2020,4,2,"18075,18075"
51051,2022,6,1,51720
13001,2025,6,6,"13209,13271,13309,13109,13209,13283"
31147,2024,7,2,"29003,29003"
51175,2022,8,2,"51595,51740"
55009,2020,4,5,"26019,26089,26019,55078,55078"
38097,2021,8,1,27029
35043,2020,7,1,08021
08057,2020,7,2,"08019,08047"
21231,2021,12,2,"47027,47027"
47099,2023,2,1,47039
21197,2022,6,1,21189
20091,2021,3,1,29107
48411,2022,7,2,"48093,48093"
13179,2020,12,3,"13031,13031,13279"
30097,2021,7,3,"30045,56029,30045"
48085,2024,3,4,"40013,40013,40095,48379"
56013,2024,6,1,49009
54031,2022,6,1,51660
37051,2025,5,2,"37141,37141"
13111,2020,4,1,13281
17153,2021,4,1,17165
05003,2021,6,2,"22027,22027"
29147,2024,10,1,29061
13153,2025,2,8,"13091,13175,13319,13315,13091,13315,13175,13319"
29199,2024,6,1,29211
26015,2025,5,2,"26117,26117"
28035,2021,2,2,"28045,28045"
21199,2021,1,3,"21001,21001,47137"
17045,2020,3,1,17079
51119,2021,9,1,51735
51035,2023,3,3,"51021,51750,51021"
40137,2023,10,2,"48077,48077"
20087,2020,6,1,20043
48211,2022,7,2,"40043,40043"
48465,2021,3,1,48507
40127,2024,5,3,"40013,40069,40013"
48105,2024,3,2,"48475,48475"
48471,2024,2,6,"48473,48477,48289,48289,48395,48473"
17007,2020,8,2,"55055,55055"
39167,2023,1,1,54105
40017,2023,5,4,"40043,40093,40093,40103"
51033,2022,11,2,"51119,51119"
05041,2021,4,2,"28027,28027"
06107,2020,4,4,"06051,06051,06083,06111"
12133,2022,3,1,01039
38053,2024,8,2,"38089,38089"
21143,2024,12,5,"21233,21225,21233,17127,17151"
13073,2021,5,3,"13317,13301,13317"
51001,2022,3,1,51735
25027,2020,3,1,44001
13095,2022,9,1,13307
37119,2025,2,2,"45023,45023"
18135,2020,3,2,"18009,18009"
13297,2024,2,3,"13117,13133,13133"
18097,2022,4,2,"18159,18119"
48027,2020,4,1,48333
48113,2022,4,1,48217
17047,2021,5,1,17079
01115,2023,5,2,"01007,01007"
05013,2023,2,3,"05003,05003,22067"
51105,2020,6,1,51720
40109,2023,8,2,"40093,40103"
42069,2022,7,3,"42025,42025,42095"
24031,2020,10,1,51600
48387,2021,5,1,48459
06113,2021,12,4,"06021,06021,06013,06013"
18171,2024,6,3,"18111,18181,18181"
08041,2020,7,3,"08109,08025,08025"
13139,2020,7,4,"13059,13281,13059,13281"
05083,2021,4,2,"05101,05101"
29127,2021,7,2,"29103,29103"
47165,2024,9,1,21219
48145,2022,4,2,"48217,48217"
35007,2023,4,11,"08003,08021,08011,35037,35047,35039,35047,35049,08021,35039,35037"
08073,2023,5,3,"08043,08011,08043"
05031,2025,1,1,29143
38047,2024,5,2,"38083,38031"
18027,2020,8,1,17101
04007,2023,1,6,"49025,49037,04012,04027,49037,04012"
47145,2025,5,2,"47173,47173"
36013,2023,4,3,"39007,42039,42039"
47073,2025,6,1,47173
18133,2022,8,3,"18157,18105,18105"
51197,2022,6,1,51167
51171,2022,2,1,51660
13189,2025,6,4,"13125,13125,13141,13221"
40093,2021,8,1,40103
42119,2024,4,1,42023
19027,2020,7,6,"19001,19085,19133,19001,19085,19155"
13033,2024,7,5,"13175,13279,13283,13125,13301"
05001,2023,6,5,"28011,05123,28011,28027,28143"
29159,2021,12,4,"29185,29135,29185,29135"
32017,2021,6,3,"04012,32001,49039"
55093,2021,6,1,27025
47063,2021,8,1,47171
08027,2020,5,6,"08119,08003,08025,08003,08053,08105"
22017,2022,7,1,05081
16015,2022,6,3,"16025,16083,16087"
22081,2021,5,1,22027
48433,2024,4,1,48153
13321,2025,6,4,"13093,13315,13037,13315"
29103,2025,6,3,"29137,19051,29137"
06043,2021,10,3,"06069,06085,06085"
17165,2024,3,4,"17145,21055,21139,21139"
31041,2025,6,12,"31171,31001,31079,31093,31099,31137,31073,31137,31171,31077,31093,31077"
21209,2021,3,3,"21173,21023,21201"
19027,2023,8,6,"19021,19093,19133,19021,19035,19093"
53061,2021,11,8,"53037,53031,53037,53053,53077,53031,53045,53053"
21015,2024,9,1,21097
37183,2022,3,2,"37185,37185"
39059,2023,7,1,39151
48271,2025,5,2,"48163,48163"
21011,2024,8,4,"21097,21201,21097,21201"
16029,2023,6,8,"49005,49033,56039,49005,49033,49033,56039,56041"
47169,2022,5,3,"47027,47087,47087"
13139,2025,6,4,"13219,13281,13219,13281"
38033,2024,5,2,"38089,38089"
28103,2022,9,1,28101
47161,2023,12,5,"21157,21107,21143,21157,47135"
18071,2025,4,1,18025
54063,2024,5,1,51580
17113,2020,7,1,17129
37191,2025,5,2,"37141,37141"
51137,2022,6,1,51540
13095,2024,2,4,"13061,13261,13261,13307"
13159,2025,2,2,"13319,13219"
55133,2022,4,1,26127
13081,2024,6,4,"13193,13193,13307,13271"
47129,2024,5,3,"47137,47121,47137"
55107,2025,5,1,55051
01037,2020,5,2,"01029,01029"
28105,2021,12,3,"01107,01107,28013"
18089,2023,4,2,"18131,18181"
27165,2022,9,7,"27103,27103,27101,27105,19059,19143,27105"
17053,2022,7,1,18171
24031,2022,3,3,"51610,51600,51610"
06071,2021,5,4,"04027,06025,06079,06025"
18167,2021,6,1,17079
17173,2020,7,2,"17079,17079"
56021,2025,6,2,"08049,08014"
29003,2025,6,3,"29025,29061,29061"
32023,2020,6,9,"06051,32019,32027,32031,06051,32027,49021,06051,32019"
29029,2022,4,6,"29185,29185,29051,29135,29151,29135"
27163,2025,6,1,27065
48049,2024,4,3,"48429,48281,48281"
55045,2020,8,2,"55055,55055"
48151,2022,5,3,"48081,48081,48275"
12083,2021,7,2,"12041,12041"
12097,2023,3,4,"12027,12049,12049,12081"
48003,2023,6,2,"35005,35041"
54095,2023,1,2,"39115,54105"
29163,2020,5,1,17083
27079,2021,5,3,"27165,27019,27019"
37155,2025,4,2,"37141,37141"
01073,2025,6,2,"01065,01065"
01037,2023,6,2,"01007,01007"
39033,2022,7,3,"39005,39005,39173"
19151,2022,8,13,"19035,19093,19141,19035,19059,19141,19143,19197,19197,19059,19035,19093,19197"
29135,2021,4,2,"29089,29089"
51081,2022,4,2,"37185,37185"
17031,2023,9,1,18111
12123,2024,1,2,"12041,12041"
47073,2022,5,2,"51520,51167"
17187,2020,4,2,"17169,17169"
13189,2022,5,3,"13125,13125,13221"
48073,2024,4,7,"48161,48289,48455,48161,48289,48313,48455"
18167,2024,7,4,"17033,18045,17033,18045"
51007,2023,6,2,"51036,51183"
41035,2020,8,10,"32031,06015,06023,41033,41025,41015,41033,41033,32031,41025"
47033,2020,4,2,"47069,47069"
17021,2020,4,2,"17017,17129"
12009,2024,7,1,12055
24033,2024,8,2,"51600,51610"
19159,2023,7,2,"19145,19145"
21195,2022,6,4,"51167,51167,51167,51720"
21171,2021,2,3,"21001,21001,47137"
29153,2021,3,2,"05065,05065"
51065,2022,8,1,51540
01087,2022,9,2,"13053,13259"
05149,2024,8,2,"05113,05113"
51153,2025,6,2,"51610,51630"
20085,2022,6,2,"31147,31147"
48289,2025,4,3,"48051,48455,48051"
06043,2023,3,3,"06069,06085,06085"
16043,2022,7,8,"30023,30093,30007,30043,30059,30043,30093,56023"
32007,2021,8,4,"16053,16047,16053,32001"
41011,2023,1,4,"41033,41029,41033,41039"
31071,2023,3,4,"31003,31015,31103,31003"
29071,2020,4,2,"17013,17083"
30009,2023,6,2,"56017,56039"
29221,2025,5,4,"29073,29073,29223,29157"
51095,2024,8,1,51735
17063,2024,6,2,"18111,17123"
51085,2024,6,1,51630
56023,2025,6,4,"49043,49009,49043,49043"
21011,2021,7,4,"21097,21201,21097,21201"
48201,2023,5,2,"48481,48481"
39067,2022,5,1,54009
46063,2024,6,1,30109
29153,2024,4,3,"05065,05137,05065"
28077,2025,6,3,"28113,28129,28113"
05097,2024,8,4,"05039,05105,05039,05105"
01067,2021,3,1,13259
06017,2021,3,3,"32510,06013,32510"
38051,2024,5,2,"38093,38093"
47051,2024,7,2,"47055,47117"
21105,2022,4,3,"47053,47017,47053"
12085,2020,9,2,"12055,12055"
18137,2025,2,3,"18143,21223,18143"
37161,2025,2,2,"37011,37011"
39153,2021,5,4,"39085,39085,39099,39099"
55051,2024,5,4,"26071,27031,27075,26071"
21075,2025,1,5,"21039,17003,21039,29201,29201"
46029,2022,7,4,"46005,46077,27081,46077"
51185,2023,7,4,"54059,54059,54109,54109"
13261,2022,6,4,"13053,13259,13037,13259"
32019,2024,7,2,"06109,32015"
32011,2021,9,2,"32001,32001"
37157,2021,6,1,51690
08045,2020,6,4,"08065,08065,49007,49007"
51005,2024,7,2,"51530,51678"
48287,2020,1,1,48285
05147,2025,6,2,"05077,05077"
05075,2023,1,6,"05111,29069,05021,29069,05111,05021"
45015,2021,7,1,45011
13311,2021,8,4,"13257,13117,37043,37043"
19187,2023,7,2,"19021,19021"
48303,2023,10,2,"48501,48501"
05147,2020,12,2,"05035,05035"
42019,2021,7,2,"39099,39099"
48285,2022,9,5,"48481,48057,48321,48481,48057"
51053,2022,6,2,"37185,51595"
51740,2020,11,1,51735
54025,2023,7,2,"51045,51045"
01081,2023,8,4,"13053,13259,13199,13053"
22079,2022,8,1,22125
51059,2024,4,2,"51683,51685"
56033,2021,9,2,"30009,30009"
21073,2025,6,3,"21223,21017,21097"
22123,2025,6,4,"05003,05041,05003,22041"
55065,2023,3,2,"17015,17015"
40015,2023,5,4,"40043,40093,40043,40129"
48173,2022,6,2,"48115,48115"
08039,2023,8,1,08043
48137,2020,4,2,"48507,48507"
46057,2024,5,2,"27073,27173"
01047,2022,6,2,"01013,01013"
48479,2024,5,4,"48047,48047,48427,48427"
29023,2023,5,3,"05055,05055,29123"
18003,2020,8,3,"18075,18009,18075"
48363,2022,2,4,"48093,48093,48425,48425"
29201,2023,2,3,"29069,47095,29069"
27059,2021,9,5,"27163,27163,27009,27009,27171"
13021,2022,6,4,"13159,13319,13159,13319"
06009,2020,11,2,"06067,06067"
16065,2022,7,4,"56023,30001,30031,30057"
01087,2024,2,4,"01017,01085,13053,01017"
13115,2021,3,2,"13227,13227"
29063,2024,8,2,"29033,29079"
17081,2024,8,4,"17165,17199,17165,17047"
30057,2021,8,6,"16065,16081,30023,30059,30023,30023"
26055,2023,6,10,"26029,55029,55061,26143,26029,55029,26105,55061,55071,26143"
40141,2022,7,4,"48077,48197,48077,48197"
49057,2022,5,4,"16041,16041,56023,56041"
21047,2022,3,3,"47083,47005,47083"
11001,2022,5,1,51610
21119,2020,2,2,"21159,21159"
48215,2022,8,2,"48131,48249"
08025,2023,8,1,08043
55109,2021,5,2,"27025,27025"
13109,2021,6,5,"13107,13107,13279,13107,13279"
41069,2022,7,4,"41047,53005,41027,41047"
26121,2020,7,1,26133
29099,2021,8,1,29073
17097,2023,4,2,"18141,26149"
46083,2020,10,5,"19141,19143,19035,19141,19143"
21021,2025,5,5,"21199,21203,21199,21203,21239"
22015,2022,5,1,05081
26041,2020,7,7,"26083,26095,26019,26083,26095,26097,26019"
40083,2021,5,1,40003
51095,2021,7,2,"51131,51735"
47111,2024,9,1,47137
49035,2022,7,4,"49033,49033,56041,49039"
42111,2024,4,2,"42057,42057"
13251,2024,5,5,"13029,13163,45011,13029,45011"
48201,2020,4,3,"48321,48481,48481"
17103,2024,6,2,"17123,17123"
55069,2025,4,3,"55041,55041,55051"
13243,2024,1,3,"13053,13261,13261"
05129,2023,6,2,"05065,05065"
45035,2024,5,3,"45005,45049,45011"
40013,2022,11,2,"40019,40019"
55041,2020,8,2,"55078,55078"
01107,2025,2,1,01023
06059,2022,3,4,"04012,06025,04012,06025"
27061,2020,6,1,27075
21227,2024,9,1,21219
13153,2022,5,3,"13319,13249,13319"
08079,2020,6,4,"08021,08003,08021,08003"
22111,2024,6,2,"05011,05011"
45085,2022,6,3,"45089,45033,45089"
51185,2020,6,1,51195
16031,2023,8,3,"49005,49005,49011"
22045,2023,6,1,22121
47075,2021,3,3,"28009,28009,05035"
40121,2022,6,1,40133
22009,2024,1,2,"22107,22107"
13145,2025,5,3,"13053,13053,13197"
13303,2025,2,9,"13237,13301,13237,13301,13301,13175,13283,13023,13175"
55015,2022,7,3,"26105,26105,26127"
18109,2021,6,1,18093
47099,2023,6,1,47039
19035,2025,6,4,"19047,19047,19047,31173"
06005,2021,10,2,"06013,06013"
28113,2022,7,8,"28091,22037,28037,28037,28063,28077,28077,28091"
39049,2023,3,5,"39083,39101,39117,39083,39101"
28117,2020,9,2,"28009,28009"
13015,2024,8,2,"13143,13143"
17073,2022,11,2,"19115,19115"
06099,2024,1,5,"06005,06039,06039,06005,06039"
20041,2025,6,1,20123
13069,2023,6,6,"13315,13209,13279,13309,13309,13315"
12009,2021,4,1,12055
37133,2022,8,1,37137
18085,2025,4,4,"18103,18131,18131,18103"
17111,2020,8,1,55055
17045,2020,7,3,"17035,17079,17035"
13113,2021,1,1,13171
51067,2021,6,1,51690
47031,2022,5,1,47175
27057,2021,10,2,"27153,27153"
51035,2023,7,3,"51021,51750,51021"
53043,2020,5,6,"53037,53057,53073,16009,16009,53023"
12033,2021,10,1,01039
47133,2025,2,5,"21053,47159,21053,21231,47159"
05017,2023,12,5,"05011,05107,05011,05107,28027"
45025,2025,2,1,45023
08039,2020,7,3,"08119,08119,08025"
20091,2024,8,6,"20107,20107,29083,29101,29101,29107"
40017,2023,9,4,"40043,40093,40093,40103"
26107,2025,5,10,"26051,26113,26143,26051,26101,26105,26165,26105,26113,26165"
47125,2022,11,1,47079
39081,2023,4,3,"39151,39099,39151"
29165,2022,6,1,20013
17027,2023,3,1,17173
06067,2020,5,7,"32005,06057,32005,32031,06011,06011,06033"
37119,2025,6,2,"45023,45023"
47123,2023,6,2,"13291,13213"
25023,2023,6,2,"25007,25007"
06103,2024,12,2,"06093,06093"
31067,2023,6,3,"31159,31147,31159"
12007,2021,7,1,12041
18097,2022,8,1,18105
26055,2020,5,2,"26133,26133"
48157,2022,10,3,"48321,48071,48321"
04001,2023,4,12,"08111,35051,35053,35001,35053,35061,35039,08077,08113,49017,49025,49055"
53007,2021,1,15,"53025,53035,53053,53077,53025,53077,53019,53025,53043,53073,53029,53055,53073,53029,53035"
13113,2024,2,1,13117
54059,2020,6,1,51195
38005,2024,9,3,"38099,38009,38099"
27037,2021,9,8,"27003,27019,27141,27171,27003,27019,27003,27025"
01005,2025,2,4,"13053,13053,13197,13307"
37187,2023,6,2,"37091,37091"
13277,2024,4,1,13315
29013,2022,10,1,29095
37109,2025,6,1,37011
46033,2022,6,2,"56009,56009"
50027,2021,5,1,50009
54017,2022,11,1,54105
13289,2021,8,1,13309
45073,2020,8,7,"13281,13281,37043,37173,37043,37075,37173"
13239,2022,8,5,"13037,13037,13307,13053,13307"
16005,2021,8,2,"16007,16007"
22103,2021,3,5,"22093,28005,28113,28113,28147"
35045,2022,9,4,"08111,08111,35028,35028"
51023,2021,7,1,51580
51171,2022,6,1,51660
16071,2020,5,6,"16029,16067,16083,16029,49033,49033"
51099,2025,5,1,51630
42055,2022,7,2,"42087,42087"
48131,2022,3,5,"48013,48127,48013,48013,48127"
40089,2022,9,2,"40005,40005"
29089,2023,3,2,"29135,29135"
12107,2024,4,2,"12041,12017"
05121,2021,3,3,"29069,29069,05065"
08119,2021,6,4,"08019,08047,08019,08065"
50017,2021,7,5,"50009,50009,50015,50019,50015"
51073,2020,8,1,51735
17181,2023,6,2,"29123,29186"
25005,2022,9,1,25019
20153,2025,6,2,"31065,31065"
48179,2024,5,7,"40009,48191,48191,40045,40129,40009,40129"
40051,2022,12,2,"40019,40019"
48053,2022,4,2,"48333,48333"
16013,2022,9,3,"16053,16053,16053"
29189,2025,4,1,29073
39027,2024,6,2,"21023,21023"
48085,2021,6,1,48379
54071,2024,4,4,"51790,51660,54093,54093"
20077,2020,8,1,20033
29169,2024,11,4,"29073,29151,29151,29073"
01061,2024,9,2,"01041,01041"
41043,2025,2,10,"41041,41013,41037,41013,41065,41069,41019,41041,41065,41041"
51115,2025,6,1,51830
13105,2024,4,2,"13133,13301"
37183,2022,7,2,"37185,37185"
48355,2022,10,3,"48057,48297,48297"
48249,2021,6,2,"48247,48247"
17081,2021,5,4,"17165,17165,17027,17027"
47021,2021,6,2,"47083,47083"
21041,2024,6,1,18115
54055,2022,5,1,51167
13075,2025,6,3,"13003,13173,13173"
37193,2024,4,2,"37011,37011"
39159,2025,5,5,"39083,39117,39063,39033,39117"
29011,2025,5,1,20133
20029,2025,5,8,"20141,20183,31129,31181,20141,31129,31169,31169"
28087,2021,9,1,28057
18023,2024,5,4,"18181,18045,18045,18181"
22071,2025,5,2,"22095,22095"
19039,2025,5,2,"19007,19007"
46135,2020,5,3,"31139,31003,31139"
21209,2024,8,3,"21181,21181,21201"
34033,2024,7,2,"34001,34001"
29207,2024,3,5,"29157,17003,29157,47095,17003"
04015,2025,4,1,32033
17191,2021,3,4,"17079,17165,17027,17079"
24031,2022,7,3,"51610,51600,51610"
12071,2022,4,1,12027
29065,2025,5,4,"29073,29223,29073,29223"
05093,2021,3,3,"05123,47095,47095"
06113,2023,9,1,06005
06071,2021,9,4,"04027,06025,06079,06025"
40099,2021,5,2,"40029,40029"
39089,2023,4,9,"39075,39101,39117,39005,39075,39117,39139,39115,39115"
54043,2025,4,3,"21159,21195,21159"
47001,2024,5,2,"47121,47137"
22105,2020,6,1,22093
29065,2020,11,2,"29073,29073"
41005,2020,9,5,"53039,53011,41021,41069,53039"
54037,2020,4,1,51840
41049,2020,5,2,"41025,41027"
47139,2023,8,9,"13085,13123,13187,13291,13123,13129,13313,13291,13313"
51179,2025,5,1,51685
19155,2022,9,4,"19009,19145,19145,19009"
40077,2024,3,3,"40005,40005,40023"
06005,2023,1,2,"06013,06013"
18133,2024,5,2,"18045,18045"
29169,2023,3,1,29135
41041,2021,1,5,"41043,41019,41035,41043,41043"
51179,2020,11,1,51685
19019,2023,7,1,19067
12123,2024,5,2,"12041,12041"
27161,2022,9,2,"27103,27103"
47073,2022,9,1,51520
40081,2021,5,2,"40103,40103"
31071,2020,6,6,"31003,31107,31077,31003,31011,31077"
17187,2020,8,2,"17169,17169"
40061,2023,6,1,40005
13061,2021,6,3,"13259,13259,13259"
30071,2023,6,3,"30015,30015,30107"
54027,2023,9,1,54093
53047,2022,6,14,"53033,53037,53061,53037,53001,53005,53021,53037,53077,53001,53029,53055,53061,53055"
20071,2023,6,2,"08011,08011"
21019,2025,6,6,"21063,21205,21063,21159,21175,21159"
19181,2025,6,3,"19185,19007,19185"
26129,2024,8,4,"26079,26119,26119,26079"
53011,2024,10,6,"41007,41027,53041,41027,53041,53077"
51143,2021,7,1,51690
13011,2021,5,1,13281
22001,2020,12,1,22077
20009,2024,6,2,"20083,20141"
05149,2024,12,4,"05019,05109,05113,05113"
37161,2022,5,2,"37199,37199"
48139,2025,5,1,48231
05017,2020,9,1,28027
45063,2024,2,2,"45011,45011"
21075,2022,4,1,47053
29113,2020,6,2,"17083,17083"
13215,2021,6,3,"13259,13259,13269"
47059,2020,2,3,"37199,37121,37199"
29071,2020,8,2,"17013,17083"
37115,2020,7,2,"37121,37121"
06029,2023,1,3,"06053,04012,06053"
12001,2025,4,1,12067
31041,2022,9,2,"31099,31149"
46123,2024,6,4,"31017,31091,31171,31017"
28011,2024,8,1,05077
28069,2022,7,2,"01107,01107"
29015,2022,6,1,29135
08037,2024,5,5,"08019,08047,08015,08015,08019"
20005,2023,4,6,"31147,29003,31147,20209,29003,20209"
21049,2024,8,3,"21097,21181,21181"
37161,2025,6,2,"37011,37011"
18137,2025,6,3,"18143,21223,18143"
01079,2024,12,2,"01095,01095"
27003,2023,8,4,"27095,27009,27095,27145"
48299,2020,5,1,48333
55129,2021,6,3,"27025,27115,27115"
21191,2025,4,4,"21201,21017,21181,21201"
12057,2025,6,1,12093
22021,2023,5,3,"22107,22107,22123"
31175,2023,3,1,31003
12057,2020,12,4,"12027,12055,12027,12055"
48337,2022,4,1,40095
18089,2020,7,1,18131
40153,2020,1,2,"20033,20033"
06109,2021,10,1,06085
08055,2024,9,4,"08021,08021,35055,08015"
48343,2021,4,1,48119
01007,2022,5,1,01107
26133,2021,9,1,26039
47039,2021,3,1,47183
19053,2024,7,5,"29061,29075,29079,29079,29211"
29065,2022,4,2,"29073,29073"
08109,2022,8,4,"08065,08093,08093,08111"
13103,2021,7,1,13107
26037,2025,5,2,"26073,26073"
42021,2024,11,1,42023
13049,2024,7,2,"13065,13065"
55027,2023,10,2,"55089,55089"
01081,2023,12,2,"13053,13053"
22079,2022,12,2,"22029,22077"
51720,2024,9,1,21133
29077,2022,4,1,29185
22083,2024,6,2,"22107,22107"
48459,2025,4,1,48379
12097,2020,6,3,"12027,12049,12049"
39111,2024,2,2,"54073,54073"
51059,2024,8,2,"51683,51685"
39113,2022,8,1,18075
13305,2020,6,2,"13005,13005"
49053,2021,7,1,04012
20139,2024,8,1,20107
08049,2021,8,2,"08065,08065"
55131,2022,6,3,"26127,26105,26127"
21009,2021,12,3,"47111,47027,47111"
40015,2023,9,4,"40043,40093,40043,40129"
22097,2021,4,7,"22125,22003,22047,22121,22125,22007,22047"
17105,2022,9,1,17147
19019,2020,6,1,19067
19031,2023,7,2,"19115,19115"
27017,2025,4,2,"27065,27065"
45065,2023,1,4,"13195,13221,13317,13317"
39137,2020,10,3,"39171,39171,39143"
26079,2024,4,6,"26029,26089,26119,26089,26029,26119"
48479,2024,9,6,"48163,48507,48047,48047,48163,48507"
21187,2025,2,7,"21223,21239,21097,21223,21017,21097,21239"
20167,2022,6,3,"20123,20089,20123"
19159,2025,4,5,"19117,19185,19117,19185,29061"
29055,2023,4,1,29123
13187,2025,6,2,"13281,13281"
16085,2020,5,5,"16087,16075,16087,16035,16061"
01101,2022,10,2,"01013,01013"
46127,2025,4,5,"19047,31173,31173,31173,31179"
20173,2023,6,1,40053
20071,2020,5,1,08025
13115,2021,7,2,"13143,13047"
45029,2021,3,3,"45011,45011,45011"
55075,2022,8,1,26019
41025,2024,7,10,"32015,32029,41031,41069,41031,41035,41049,41069,41035,16087"
49057,2022,9,1,56041
55113,2021,7,1,27115
48139,2022,4,1,48425
16019,2022,5,4,"16041,49033,56041,30031"
55109,2021,9,3,"27003,27025,27025"
54063,2021,6,2,"51580,51021"
27111,2023,8,6,"27121,27145,27149,27121,27149,27145"
28071,2021,9,1,28139
51111,2022,7,2,"37185,37185"
19191,2020,6,2,"19067,19067"
21177,2021,2,3,"21233,21233,21091"
01071,2023,4,5,"13055,13295,13295,47061,47061"
35049,2020,7,3,"35006,08021,35006"
06013,2024,2,3,"06005,06005,06009"
08015,2022,7,3,"08037,08019,08037"
13139,2024,2,4,"13195,13281,13195,13281"
08017,2025,6,6,"08011,08025,08089,08099,08025,08099"
22079,2021,4,2,"22077,22125"
20125,2021,7,2,"40035,40035"
48201,2020,8,2,"48407,48407"
13243,2024,5,1,13053
37179,2024,12,1,45023
06065,2021,3,2,"04027,04027"
01107,2025,6,3,"01065,01023,01065"
46069,2022,7,3,"46015,46005,46015"
06059,2022,7,4,"04012,06025,04012,06025"
17023,2025,6,2,"17159,17159"
48175,2020,4,2,"48285,48285"
56021,2022,7,1,56007
29001,2020,5,5,"29205,29117,29205,29129,29129"
21133,2020,2,2,"21159,51720"
40005,2022,4,2,"40095,40095"
51750,2021,8,1,51021
55033,2021,5,4,"27163,27025,27163,27163"
28053,2021,5,3,"28135,28027,28135"
05011,2022,7,2,"22067,22067"
13123,2022,6,1,13291
47095,2020,9,4,"29069,29069,47033,47183"
01073,2022,7,4,"01057,01107,01057,01133"
18067,2023,2,4,"18181,18131,18181,18009"
17203,2025,4,2,"17155,17155"
01019,2024,3,2,"13143,13143"
19013,2020,3,2,"19067,19067"
51710,2023,7,5,"51119,51199,51735,51199,51735"
31119,2021,6,1,31051
20133,2024,2,2,"20107,20107"
47189,2022,4,4,"47087,47111,47111,47111"
55075,2022,6,1,26019
47157,2020,4,3,"28009,28009,47069"
39105,2024,8,1,54073
19109,2023,6,12,"19059,27063,19195,19021,19059,19021,19195,19079,27013,27161,27013,27063"
48085,2024,11,1,48379
19179,2021,12,7,"19185,29197,29197,19183,19095,19183,19185"
40147,2024,5,1,40103
48437,2024,6,1,48191
20037,2021,6,2,"40035,40035"
01083,2022,2,3,"28141,47051,47051"
40113,2022,6,1,40053
21153,2020,7,3,"21159,21159,21063"
28053,2024,6,3,"28135,28027,28135"
13187,2020,10,3,"13281,37043,13281"
42085,2025,6,7,"39133,39151,39007,39055,39133,39007,42049"
48129,2024,5,4,"48153,40009,40009,40129"
45017,2022,6,1,45089
08021,2022,8,1,35028
30045,2024,6,2,"30037,30037"
20063,2025,6,3,"20147,20163,20163"
51153,2022,7,2,"51600,51610"
28071,2020,1,2,"28009,28009"
20035,2024,6,4,"40053,40053,40103,40103"
20187,2025,3,3,"08011,08011,08061"
46057,2021,8,9,"27081,27117,46079,46101,46005,27073,27081,46005,46079"
24017,2023,7,1,51685
51550,2023,7,2,"37177,37177"
48149,2024,2,10,"48473,48481,48239,48481,48123,48123,48239,48051,48051,48473"
51107,2021,6,1,51685
28021,2024,2,1,28077
04005,2020,6,2,"32017,49021"
33013,2022,12,2,"50005,50009"
40079,2023,1,1,40005
30069,2022,7,4,"30005,30015,30045,30005"
42081,2025,4,2,"42023,42023"
32023,2022,6,5,"32019,32027,32031,32027,32019"
01087,2021,5,2,"13053,13259"
45051,2020,6,2,"45089,45089"
54059,2025,4,3,"21071,21071,21119"
51191,2023,2,1,51021
04001,2023,8,18,"08033,08111,35051,35053,35001,35043,35053,35061,35043,08007,35039,35043,08033,08113,49015,49017,49025,49055"
51169,2022,8,3,"51520,51520,51720"
05145,2021,5,1,05123
48345,2022,6,4,"48197,48433,48275,48433"
37039,2021,5,3,"13281,13281,47105"
51700,2024,7,2,"51735,51735"
20157,2022,6,2,"20123,20123"
26041,2022,4,8,"26083,26095,26019,26029,26083,26029,26095,26019"
47167,2025,5,3,"05077,47069,47069"
08101,2021,6,3,"08003,08011,08011"
51173,2020,6,2,"51195,51520"
45073,2025,6,2,"13281,13281"
05147,2021,1,2,"05035,05035"
46091,2023,7,1,27011
20031,2024,6,3,"20107,20107,20107"
18069,2020,8,3,"18009,18009,18075"
48201,2022,1,7,"48321,48015,48373,48185,48471,48015,48185"
13289,2021,12,1,13309
20027,2020,6,2,"31067,31095"
39127,2025,6,1,39083
51013,2024,4,1,51600
39041,2025,5,4,"39005,39075,39033,39033"
22103,2021,7,6,"22057,22057,22093,28113,28113,28147"
42001,2024,4,1,42057
33009,2023,5,6,"50015,50019,50019,50001,50001,50021"
08059,2024,6,2,"08015,08065"
16001,2022,8,4,"16037,16025,16037,16087"
47095,2022,2,4,"47033,47053,47097,47053"
30059,2020,8,6,"30043,30043,56029,30043,30077,56029"
08101,2024,7,7,"08109,08015,08109,08003,08023,08109,08023"
51073,2020,12,1,51735
22009,2021,4,5,"22003,22047,22121,22003,22121"
20131,2024,6,1,31097
51183,2025,6,1,51670
20033,2022,12,3,"40003,40003,40093"
27021,2023,6,5,"27095,27095,27009,27095,27041"
29037,2022,3,2,"29185,29185"
18007,2023,2,2,"18131,18131"
13303,2022,5,4,"13301,13133,13301,13301"
26089,2023,6,10,"26079,55061,26031,26047,26097,26079,26097,55061,55075,55083"
08014,2024,7,3,"08047,08019,08047"
13045,2021,7,2,"01027,01027"
48457,2021,5,2,"48455,48455"
20007,2022,6,4,"40053,40053,40093,40093"
29053,2022,6,3,"29051,29051,29033"
37027,2020,2,1,37121
51047,2025,6,2,"51630,51630"
48007,2021,11,4,"48239,48321,48273,48175"
23013,2024,4,1,23023
51830,2024,8,1,51735
01119,2023,7,7,"28087,28099,28101,28099,28101,28087,28105"
20015,2022,8,1,40053
06053,2024,3,3,"06039,06047,06047"
08103,2024,8,2,"49009,49009"
27151,2025,6,2,"27155,27155"
31105,2025,5,3,"08115,08014,08115"
51510,2022,7,3,"51610,51600,51610"
04003,2021,10,1,04027
45025,2022,5,1,45033
48029,2024,9,3,"48163,48163,48507"
48277,2024,3,4,"40005,40069,40095,40005"
13289,2020,4,1,13283
28033,2020,6,1,28009
28147,2023,3,5,"28065,28037,28063,28065,28073"
18175,2021,10,1,21223
12071,2022,8,1,12027
48359,2020,7,1,48369
20209,2020,8,4,"20005,29177,29177,20005"
49017,2020,6,2,"32017,32017"
48477,2022,10,1,48481
48323,2021,6,1,48247
27173,2022,9,7,"27117,46101,27101,27117,27033,27101,27103"
56027,2022,6,1,56007
47025,2020,7,1,51195
35025,2025,5,1,35009
12111,2023,7,1,12055
01005,2022,5,4,"13053,13037,13053,13307"
28059,2024,3,2,"28111,28111"
40151,2023,8,3,"40053,40043,40043"
48371,2024,5,4,"48377,48109,48377,48109"
38061,2021,8,1,38083
13279,2020,6,2,"13005,13005"
18031,2025,6,1,18143
28001,2021,2,5,"22077,22125,28005,22125,28005"
13135,2024,2,1,13195
27153,2024,8,5,"27121,27149,27009,27009,27121"
30031,2024,6,1,30023
29115,2023,8,3,"29089,29175,29175"
36013,2025,5,5,"36037,36063,39007,42039,42039"
48499,2021,4,2,"48119,48119"
39115,2024,3,1,54073
13245,2024,8,3,"13125,13301,13301"
39165,2024,5,1,21023
29510,2020,7,1,17083
13031,2023,7,6,"13279,13163,13167,13175,13279,13283"
17143,2020,4,1,17169
21171,2020,1,1,21207
22115,2021,12,1,48241
29149,2021,4,2,"29179,29179"
37023,2020,11,3,"37121,37121,37199"
12107,2021,7,2,"12041,12119"
26003,2024,7,6,"26089,27031,26097,26029,26089,26097"
31139,2021,7,7,"31051,46027,46135,31015,46009,46135,31051"
26053,2023,7,3,"55037,55041,55041"
47019,2022,7,1,51520
36111,2022,9,1,36087
21217,2020,1,2,"21207,21207"
46102,2022,6,2,"31091,31103"
06035,2024,11,2,"06093,06093"
17167,2024,3,1,17005
17049,2025,5,2,"17159,17159"
46099,2021,4,18,"19141,19143,19167,27081,27083,27101,46011,27101,46011,46077,19167,46027,46067,27081,46011,46027,46067,46135"
55087,2020,4,1,55078
06019,2021,6,2,"06079,06079"
36009,2024,8,1,42023
08093,2021,8,2,"08047,08047"
13215,2021,10,2,"13259,13259"
56011,2022,5,2,"56009,56009"
47059,2020,6,3,"37199,37121,37199"
13043,2020,4,2,"13283,13283"
31097,2022,4,2,"31147,31147"
54109,2020,2,1,21159
48355,2024,7,4,"48391,48047,48047,48391"
54101,2024,7,1,54093
32005,2023,9,7,"06005,06009,06109,06005,06109,32029,32029"
31139,2024,8,5,"31011,31011,31039,31039,31173"
30007,2024,9,1,30023
37117,2024,9,1,37137
13177,2022,6,5,"13037,13249,13307,13037,13307"
51093,2022,4,2,"51740,51740"
42099,2025,6,1,42093
48253,2022,5,3,"48275,48081,48275"
38027,2024,7,5,"38093,38093,38099,38083,38093"
29153,2024,12,3,"05065,05137,05065"
20089,2020,7,1,31095
06065,2024,8,4,"04027,04027,06037,06037"
37193,2021,7,2,"37011,37011"
17161,2021,8,2,"17175,17071"
56019,2021,9,2,"30009,56017"
13165,2024,6,9,"13163,45005,45011,13163,13175,13279,13283,45005,45049"
20051,2022,4,2,"20089,20123"
21083,2021,5,1,21143
42121,2023,3,6,"39007,39155,42049,39099,39155,42049"
26097,2022,5,3,"26119,26007,26119"
47131,2022,2,5,"47033,47097,47017,47033,47017"
06093,2021,2,9,"41015,06045,41037,06045,41019,41015,41019,41019,41037"
37015,2022,5,2,"37185,37185"
40153,2020,5,2,"20033,20033"
13183,2024,6,1,13279
28013,2024,4,4,"28135,28107,28107,28135"
27097,2023,4,4,"27159,27041,27041,27159"
05057,2025,4,4,"05113,05019,05019,05113"
42057,2022,8,1,42087
51195,2020,2,1,21159
30013,2020,6,2,"30043,30077"
13223,2021,3,1,13227
27127,2023,4,9,"27013,27063,27105,27081,27117,27105,27117,27133,27081"
26077,2024,5,1,55101
46039,2022,9,9,"27083,27117,46101,27083,27117,46077,46079,46101,46077"
48299,2023,10,3,"48281,48281,48333"
55127,2023,8,2,"55089,55131"
47135,2023,3,1,47079
51165,2024,8,1,51790
48319,2020,4,1,48333
37053,2025,6,2,"37143,37187"
28109,2021,10,3,"28065,28065,28077"
19029,2023,7,4,"19145,19129,19145,19129"
21035,2024,1,4,"21139,21143,21033,21143"
55131,2022,10,1,26105
17187,2022,5,1,19115
05089,2023,7,1,05065
01033,2023,9,1,28117
12123,2021,8,2,"12041,12041"
21029,2021,1,1,21163
21095,2021,6,1,51720
19061,2025,4,2,"19045,19045"
16037,2023,6,5,"16063,16045,16047,16003,16045"
54045,2025,1,2,"21159,21195"
46017,2023,7,2,"46005,46005"
49003,2020,5,11,"16067,16083,16041,16083,32033,16041,49033,49029,32033,49029,49033"
01123,2023,8,1,13045
13085,2023,4,14,"13067,13121,13213,13291,13121,13135,13213,13011,13013,13135,13157,13311,13291,13311"
29005,2020,10,3,"19129,19129,20043"
08013,2021,7,4,"08019,08019,08107,08019"
26153,2020,8,2,"26083,26019"
17185,2024,3,3,"17033,17033,17033"
51063,2025,6,2,"51197,51197"
38077,2021,6,1,27149
20173,2023,10,1,40053
29049,2021,7,1,29107
48405,2022,3,1,48373
29183,2021,4,3,"17027,29073,29073"
48387,2023,9,3,"40005,40013,40013"
31167,2021,8,1,31051
45029,2021,7,3,"45011,45011,45011"
12051,2020,9,4,"12027,12055,12055,12055"
48139,2022,8,3,"48161,48425,48161"
45063,2021,5,2,"45011,45011"
16019,2022,9,2,"49033,56041"
39125,2024,7,1,39173
48029,2021,6,1,48507
51087,2025,6,1,51670
35001,2022,7,2,"35028,35028"
29187,2025,5,4,"29223,29017,29223,29017"
32005,2025,2,2,"06109,06109"
56009,2020,6,2,"56033,56033"
28031,2022,7,4,"28077,28091,28091,28077"
42117,2023,4,1,42093
18139,2020,7,1,18135
42099,2022,5,2,"42087,42093"
29127,2025,6,2,"17009,17009"
19115,2021,12,4,"17071,17071,19095,19095"
27003,2025,5,2,"27065,27065"
06065,2021,7,2,"04027,04027"
06059,2022,11,4,"04012,06025,04012,06025"
37195,2022,6,1,37185
27027,2023,5,5,"27159,27041,27153,27159,38003"
22055,2022,8,4,"22007,22047,22007,22047"
08045,2022,7,3,"08065,08065,56007"
08063,2020,8,1,08025
05027,2024,12,6,"05019,05109,05019,05039,05003,05011"
47099,2022,5,2,"28141,47039"
47181,2023,12,5,"28141,28141,47023,47081,47081"
48393,2024,6,5,"40045,40129,40045,40009,40129"
48089,2020,1,2,"48321,48321"
31175,2020,6,3,"31011,31003,31011"
56041,2024,6,2,"49009,49009"
37127,2021,3,2,"37181,37181"
28037,2021,3,4,"28113,28113,28147,22125"
01019,2024,7,2,"13143,13143"
08077,2020,7,4,"08053,08109,08065,49007"
21165,2024,8,4,"21017,21181,21017,21181"
13061,2023,8,4,"13259,13259,13259,13307"
31145,2024,8,5,"31047,31073,31073,31083,31137"
18177,2022,8,2,"18075,18075"
20133,2024,6,2,"20107,20107"
30063,2021,7,10,"16061,16003,16061,41063,30073,30023,30023,30043,30023,16017"
13031,2020,4,1,13283
31089,2021,6,2,"46009,46135"
01099,2024,12,1,01023
27145,2021,4,5,"27149,27023,27149,27159,27019"
35043,2021,5,3,"08007,08021,08007"
48063,2021,5,1,48379
42081,2022,7,1,42087
28109,2023,3,11,"22087,28113,28031,28111,22087,22087,28031,28065,28065,28077,28111"
27129,2021,9,13,"27033,27165,27073,27019,27171,27171,27033,27083,27101,27019,27073,27081,27083"
51165,2021,7,1,51540
26051,2020,6,2,"26133,26133"
48105,2023,6,1,48243
48469,2024,5,4,"48007,48321,48321,48007"
35005,2020,7,1,48141
01003,2022,6,5,"01035,01039,28039,01013,01035"
37087,2022,5,2,"37199,37199"
13207,2025,5,4,"13193,13237,13237,13319"
29221,2021,4,3,"29073,29073,29179"
29103,2024,4,2,"29211,29175"
55061,2024,6,2,"26089,26089"
20147,2024,4,2,"20141,20141"
06001,2021,12,1,06069
45059,2022,5,1,13147
18121,2025,6,1,18023
26079,2021,7,8,"26089,26129,26135,26089,26031,26135,26129,26135"
31067,2022,5,1,31147
05023,2024,10,6,"05029,05065,05067,05065,05029,05067"
38063,2024,5,3,"38031,38031,38093"
45051,2025,4,2,"37141,37141"
28005,2024,12,5,"28001,28147,28147,22029,28001"
04017,2021,8,1,08033
28077,2021,5,3,"28005,28113,28113"
40027,2022,7,1,40133
38005,2023,8,2,"38083,38083"
55113,2023,4,5,"55051,55051,55069,55085,55125"
23031,2023,5,3,"23023,33013,33013"
26151,2025,5,2,"26011,26069"
39011,2024,5,2,"39021,39021"
01037,2024,4,1,01017
27005,2024,6,1,27041
18027,2024,5,1,17033
48445,2024,6,1,48153
46037,2024,6,1,27073
53039,2020,5,3,"53011,53037,53053"
48109,2020,6,2,"48141,48141"
01097,2023,4,3,"01023,28111,28111"
28047,2024,12,3,"28039,28039,28111"
17067,2022,5,3,"19087,29103,29103"
29223,2024,6,2,"29157,29157"
45003,2025,4,2,"13163,13163"
19013,2025,6,2,"19055,19055"
28045,2024,4,1,28111
08089,2023,8,3,"08023,35007,08043"
26103,2023,5,8,"55029,55037,55075,55037,55041,55125,55029,55075"
29147,2022,5,1,31147
32019,2021,12,3,"32027,32027,41037"
48201,2022,5,7,"48321,48015,48373,48185,48471,48015,48185"
31051,2025,6,1,31167
31037,2023,10,1,31173
48381,2023,4,2,"35037,35037"
21151,2021,2,1,21173
29079,2020,5,1,29033
51051,2023,2,1,51720
05043,2023,12,1,05107
20169,2024,3,3,"20123,20141,20123"
12083,2025,6,6,"12007,12041,12105,12041,12007,12105"
28141,2025,2,3,"28139,47069,28139"
27121,2022,9,2,"27155,27155"
29163,2024,4,1,29175
55123,2023,4,1,55141
45035,2021,12,3,"45043,45089,45043"
47003,2023,7,1,47061
20045,2023,9,7,"20107,20209,29037,20209,20107,29013,29037"
06045,2022,9,4,"06055,06013,06041,06055"
13261,2021,6,6,"13269,13053,13259,13269,13269,13259"
47181,2025,5,1,28003
27035,2024,8,4,"27065,27009,27065,27009"
29101,2023,3,1,20209
47059,2022,2,2,"37199,37199"
20161,2020,7,4,"31067,31133,31067,31095"
12069,2022,11,2,"12055,12055"
48193,2020,1,2,"48425,48425"
18007,2023,6,2,"18131,18131"
01039,2025,6,2,"01085,01085"
26067,2023,4,4,"26155,26111,26145,26155"
20133,2021,5,1,40035
51119,2022,5,1,51735
08031,2020,7,3,"08019,08047,08119"
40113,2024,3,4,"40053,40083,40119,40119"
05135,2024,5,2,"05137,05137"
18129,2024,1,3,"21233,21055,21233"
19075,2023,3,2,"19079,19079"
22027,2022,10,2,"22067,22067"
39029,2024,10,5,"39133,39075,39133,39153,39169"
05133,2024,12,2,"05109,05109"
16057,2020,2,6,"16061,30061,16061,30061,30089,53023"
28047,2023,4,6,"22075,28035,28073,28091,28035,28111"
19101,2021,6,1,29197
13311,2022,6,6,"13011,13011,13013,13157,13111,13111"
47073,2023,1,1,51520
48467,2022,8,1,48161
31173,2020,7,10,"19085,19085,31177,31037,31167,31027,31027,31119,31139,31167"
31129,2021,12,1,20123
06017,2025,2,1,06109
55027,2024,4,1,55101
19173,2020,6,5,"19071,19129,19155,19071,19129"
45051,2022,3,4,"37141,37141,45089,45089"
06071,2020,8,6,"32017,06051,06083,06111,06111,32017"
45045,2021,4,2,"37087,37087"
12115,2025,6,3,"12049,12049,12105"
39069,2020,10,1,39143
48189,2023,7,1,48011
12081,2020,8,3,"12055,12055,12055"
45035,2020,4,1,45089
29177,2023,6,3,"20209,20209,29037"
06093,2024,7,3,"41019,41019,41019"
49057,2021,5,4,"16007,16041,16007,16041"
31153,2023,8,2,"19145,19165"
53011,2025,2,7,"41007,41027,53041,41027,53039,53041,53077"
21047,2021,3,4,"21143,21233,21233,21143"
42095,2025,5,3,"34037,34021,34037"
18141,2020,6,2,"18131,18131"
54059,2022,7,1,51167
31111,2022,9,1,31091
56035,2022,7,7,"56007,56017,49033,56041,56007,56041,30031"
47149,2023,7,1,47061
40047,2023,8,1,40043
26145,2021,6,1,26011
17119,2020,8,2,"17013,17013"
47185,2023,2,1,47061
12069,2021,3,2,"12055,12055"
50021,2020,8,2,"50017,50017"
51083,2022,5,1,37185
29111,2022,4,1,17071
31119,2023,8,2,"31089,31173"
45073,2022,9,9,"13011,13195,13011,13281,13195,13281,13011,37087,37087"
48167,2023,11,2,"48481,48339"
29167,2024,3,1,29083
13025,2020,6,2,"13005,13005"
51775,2024,5,1,51063
17075,2023,8,1,18181
05001,2024,2,3,"05123,28027,28143"
39041,2022,8,1,39005
48231,2024,6,1,40013
06059,2021,3,2,"04012,04012"
16001,2024,5,3,"16083,16087,16083"
42083,2025,5,2,"42039,42049"
12009,2023,10,3,"12093,12055,12093"
04027,2023,12,1,04023
13179,2023,1,2,"13107,13279"
17143,2020,8,1,17169
08059,2021,9,1,08065
13011,2020,4,3,"13281,13059,13059"
47161,2021,7,2,"47039,47183"
22063,2025,4,4,"22007,22093,22093,28113"
31185,2020,6,10,"31037,31109,31141,31155,31095,31141,31067,31095,31109,31109"
49049,2022,7,3,"49047,49047,49029"
19099,2022,9,1,19079
29091,2025,6,2,"05065,05121"
32011,2022,5,4,"16083,32001,32027,32001"
20095,2020,6,1,20033
47179,2023,7,1,51520
48037,2021,3,2,"48459,48119"
36027,2025,6,1,34037
35035,2023,8,8,"35041,35029,35053,35057,35029,35053,48243,48243"
45007,2023,6,3,"13195,13317,13195"
38011,2024,5,2,"30109,38089"
23003,2021,6,1,23007
47047,2022,2,7,"28139,28137,28139,47109,47033,47097,47097"
29131,2024,4,2,"29053,29053"
18123,2024,7,5,"18125,18173,18173,21183,21183"
21185,2025,6,1,18143
18127,2020,1,2,"18131,18131"
20117,2022,6,3,"20013,31147,31147"
54047,2020,3,1,21159
19125,2024,10,2,"19185,19185"
26121,2024,6,2,"55101,55101"
20015,2024,5,1,40053
21043,2021,3,1,21115
39135,2020,6,1,18075
01093,2021,12,4,"01107,28141,01107,28141"
20129,2025,6,3,"08011,08099,08099"
40037,2024,5,4,"40083,40103,40083,40103"
05115,2024,8,4,"05105,05137,05137,05105"
22059,2021,5,3,"22077,22125,22003"
48293,2020,2,2,"48313,48313"
19127,2023,6,2,"19079,19079"
06001,2020,4,1,06095
21175,2020,5,2,"21159,21159"
13277,2020,3,2,"13017,13017"
17107,2023,2,4,"17147,17147,17147,17173"
51640,2024,1,1,51063
51109,2021,8,1,51540
17201,2020,6,1,55055
08055,2023,8,14,"08021,08105,08021,35007,35055,08043,35007,08043,08015,08043,08051,08053,08079,08105"
30111,2020,5,2,"56033,56029"
28127,2024,1,1,28063
48349,2024,2,6,"48289,48309,48145,48289,48309,48395"
01017,2021,7,4,"01027,13149,01027,13149"
42121,2023,7,3,"39007,42049,42049"
48189,2020,6,2,"48369,48369"
13245,2023,4,8,"13107,13107,13125,13167,13301,13303,13301,13317"
48001,2025,5,1,48455
48483,2024,6,5,"40043,40045,48191,48191,40045"
19085,2024,7,5,"19093,19093,31173,31039,31173"
55013,2021,6,2,"27163,27163"
27097,2023,8,5,"27159,27041,27121,27041,27159"
34005,2022,6,4,"34019,34019,42077,42095"
18159,2025,4,2,"18103,18103"
27141,2021,4,9,"27025,27163,27019,27025,27115,27041,27067,27153,27019"
48141,2023,6,5,"35029,35051,35005,35051,48243"
53019,2023,11,4,"53025,53007,53017,53025"
55009,2024,7,1,26089
51059,2023,7,1,51685
20135,2024,7,1,20141
40059,2022,7,5,"40043,40003,40093,40043,40093"
13035,2022,6,2,"13247,13247"
17031,2024,5,2,"18111,18149"
30033,2022,7,3,"30027,30005,30027"
29095,2020,3,2,"29033,29033"
20151,2021,4,1,40003
30111,2023,6,1,30107
18003,2024,5,1,39003
47111,2025,5,2,"21053,47137"
13111,2024,7,1,13281
13133,2020,4,2,"13059,13059"
01015,2024,5,1,13143
08113,2021,8,3,"08029,08053,08053"
51045,2022,6,1,51775
42105,2025,3,1,42093
17087,2024,8,7,"21139,17069,21139,17003,17069,17003,29157"
45065,2023,9,3,"13195,13317,13317"
54045,2025,5,2,"21159,21195"
53065,2023,9,7,"53047,53025,53047,16017,16021,16009,16017"
49025,2022,9,3,"04012,49001,49001"
19047,2021,6,6,"19021,19035,19021,19035,19035,31043"
29145,2021,6,2,"40035,40035"
51760,2023,4,2,"51036,51036"
36111,2024,6,1,34031
55001,2023,3,5,"55047,55047,55135,55047,55135"
22033,2020,8,5,"22093,28005,22077,28005,22077"
29099,2025,5,3,"29073,29157,29157"
38077,2021,10,1,27149
51830,2021,9,1,51735
30105,2023,5,2,"30091,30091"
42045,2022,7,1,42077
49013,2021,9,2,"49039,49039"
29183,2021,8,2,"29073,29073"
31095,2022,5,1,20089
16013,2021,9,3,"16053,16053,16053"
47179,2020,6,4,"37121,51520,37121,37199"
39157,2022,2,1,39005
28121,2022,2,4,"28063,28077,28065,28077"
27123,2021,7,3,"27025,27019,27025"
42051,2023,4,1,54093
05013,2022,11,3,"05003,05003,22067"
29087,2020,5,8,"19071,19145,31131,19145,31097,31131,31133,31133"
48239,2023,7,3,"48007,48391,48391"
17095,2022,6,3,"17071,19115,17071"
20155,2024,9,1,20097
50019,2020,8,1,50017
41051,2020,9,3,"53039,53039,53077"
40037,2021,4,2,"40103,40103"
12105,2020,7,3,"12027,12027,12027"
33003,2021,6,3,"23007,50009,50009"
48389,2023,6,1,35005
01121,2024,8,1,13143
27027,2023,9,4,"27159,27041,27153,27159"
47017,2023,8,8,"47135,47135,47033,47045,47023,47023,47033,47075"
55031,2021,6,2,"27025,27025"
12101,2020,11,3,"12017,12055,12017"
54013,2024,7,1,54073
48285,2023,5,5,"48481,48175,48481,48175,48391"
13229,2021,3,1,13279
47101,2022,5,3,"47005,47039,47039"
41071,2020,12,4,"41027,41065,41031,41065"
39045,2024,7,1,39083
13137,2021,4,4,"37043,37113,37043,37113"
48119,2025,4,2,"48379,48379"
26065,2025,5,1,26117
28037,2021,7,6,"22037,28113,28113,28147,22037,22125"
29027,2024,4,5,"29173,29175,29053,29089,29175"
12099,2020,6,2,"12055,12055"
16029,2024,8,2,"16071,16071"
05107,2021,3,4,"05035,05123,05123,05035"
17045,2024,4,2,"17033,18045"
23027,2021,7,4,"23007,23023,23023,23007"
51105,2021,6,1,51720
38017,2022,7,1,27155
46039,2024,6,3,"27023,27023,27127"
56025,2020,5,5,"56017,56029,56033,56017,56029"
20137,2024,10,9,"20163,20163,20183,31061,31073,31137,31061,31099,31137"
48215,2020,3,2,"48247,48247"
26081,2023,6,1,26105
31107,2025,4,3,"31179,31167,31179"
01089,2022,10,1,47061
51033,2025,6,2,"51630,51630"
51003,2022,5,1,51660
46117,2022,7,1,46015
27167,2021,6,6,"27041,27149,27041,27153,27159,27149"
12086,2022,6,2,"12051,12051"
22097,2023,5,1,22121
48325,2022,4,2,"48127,48127"
21209,2025,6,9,"21011,21049,21173,21181,21049,21103,21181,21201,21103"
40107,2024,3,3,"40119,40083,40119"
36027,2022,3,2,"36087,36087"
21079,2020,7,1,21005
12133,2021,10,1,01039
21157,2023,1,2,"47079,47079"
05047,2021,5,2,"05101,05101"
48249,2025,5,1,48255
06081,2024,3,1,06047
05139,2023,6,1,22123
01027,2023,8,2,"13045,13045"
06027,2023,8,3,"06079,06109,32019"
47065,2023,12,1,47177
13299,2023,6,1,13271
27137,2024,5,4,"27065,27095,27031,55003"
51810,2022,5,5,"51735,51740,51735,51740,51740"
39013,2021,7,1,39115
28019,2021,8,1,28013
45085,2020,1,2,"45089,45089"
29099,2022,4,3,"29073,29093,29093"
53009,2024,4,4,"53029,53035,53045,53029"
55113,2023,8,2,"55069,55125"
47167,2024,4,3,"05037,05123,28009"
08041,2024,8,2,"08015,08109"
37013,2025,4,1,37143
19175,2021,10,2,"19137,19137"
45073,2024,5,4,"13195,13281,13195,13281"
22029,2024,6,5,"22039,28063,28037,28063,28037"
37097,2024,8,1,37005
39009,2024,1,2,"54073,54073"
08125,2024,6,2,"31085,31085"
35053,2024,7,1,35031
05093,2025,2,5,"05067,05077,05067,29143,29143"
31123,2025,6,1,08115
26015,2023,4,5,"26023,26059,26149,26023,26149"
55005,2021,7,5,"27025,27115,27025,27163,27163"
41005,2024,8,8,"53059,41031,41009,53059,41031,41069,41007,41009"
48381,2023,8,2,"35037,35037"
21151,2021,6,1,21173
51051,2023,6,3,"54059,54059,51720"
20169,2024,7,3,"20123,20141,20123"
47107,2023,7,3,"13213,13313,13213"
26163,2025,6,1,39095
21069,2020,1,1,21063
18043,2020,4,1,21223
40095,2023,8,2,"40005,40005"
40127,2022,4,1,05081
39025,2020,9,1,21201
40031,2023,10,1,48077
51121,2021,8,2,"51021,51021"
08057,2021,7,2,"08019,08047"
48179,2023,8,2,"40129,40129"
16023,2022,9,3,"16025,30001,30001"
35031,2022,6,2,"04009,35028"
36105,2022,3,2,"36079,36087"
20077,2024,5,2,"20097,40093"
31103,2020,7,3,"31107,31003,31107"
48429,2022,6,2,"48093,48275"
18111,2022,3,1,18157
39045,2021,6,2,"39083,39115"
42029,2022,2,3,"42077,42043,42077"
13077,2022,11,11,"13097,13089,13097,13135,13145,13231,13035,13151,13171,13231,13145"
18011,2024,3,1,18045
48157,2020,5,2,"48321,48321"
46109,2023,8,5,"27073,27149,27151,27149,27073"
20075,2021,6,1,08011
29153,2025,6,5,"05065,05129,05137,05065,05129"
20133,2021,9,1,40147
37027,2020,10,1,37121
40109,2021,7,1,40103
47085,2021,10,2,"47039,47039"
05135,2024,9,4,"05067,05137,05137,05067"
56029,2025,6,1,30057
55071,2020,7,2,"26019,26019"
19075,2023,7,4,"19067,19067,19079,19079"
19021,2020,8,1,19133
55035,2022,9,2,"55119,55119"
27113,2020,7,1,27071
20173,2020,11,2,"20049,20049"
13073,2022,5,3,"13317,13301,13317"
17121,2023,3,3,"17159,17173,17159"
28047,2023,8,4,"28035,28073,28035,28111"
41059,2022,7,8,"41013,41021,53023,53021,53077,53021,53023,53021"
31031,2021,8,3,"31117,31015,31117"
13297,2025,2,2,"13237,13221"
48027,2021,4,2,"48287,48287"
01123,2022,4,1,13149
06017,2025,6,1,06109
13299,2020,5,1,13017
27137,2021,4,3,"27115,27115,27115"
37023,2021,3,4,"37121,47091,37121,37199"
46075,2023,9,1,46015
48227,2020,6,2,"48165,48165"
12063,2024,5,2,"13087,13087"
51079,2022,8,2,"51540,51660"
01091,2022,10,4,"28023,01007,01007,01013"
19173,2020,10,2,"19129,19129"
49037,2025,6,9,"35003,08029,08045,08051,08029,08051,08091,08091,08045"
35051,2020,2,4,"35006,48141,48141,35006"
44001,2022,8,2,"25001,25007"
17163,2025,5,1,29157
49057,2021,9,4,"16007,16041,16007,16041"
21047,2021,7,2,"47083,47083"
23031,2020,8,1,23023
26151,2022,8,1,26069
39161,2025,4,3,"39063,39063,39173"
27081,2024,7,5,"27127,27023,27073,27127,27073"
08045,2024,9,7,"08049,08065,08029,08015,08065,08049,49009"
08035,2023,8,6,"08043,08019,08047,08093,08043,08093"
22063,2022,7,9,"22007,22047,22093,22037,22047,22121,22037,22093,22117"
16015,2020,5,6,"16059,16025,16083,16075,16087,16059"
13221,2021,5,4,"13141,13141,13301,13301"
17077,2021,4,2,"17165,17165"
20151,2024,9,1,40003
17133,2023,4,1,29221
05075,2022,10,5,"05111,05021,05037,05111,05021"
13077,2021,3,2,"13231,13231"
47027,2025,2,6,"21231,21169,21169,47159,47159,21231"
44007,2020,12,1,25007
40089,2023,5,2,"40005,40005"
21019,2023,3,2,"21063,21063"
48165,2023,6,2,"35005,35041"
19025,2023,7,7,"19035,19093,19141,19165,19035,19093,19079"
17181,2024,2,2,"17145,17151"
20033,2023,4,3,"40003,40003,40093"
18153,2020,7,3,"17035,17079,17079"
01059,2024,6,3,"28117,28117,47071"
51027,2025,1,5,"21071,21119,21133,21159,21159"
12079,2025,2,2,"12041,12041"
33009,2020,12,1,50015
51027,2020,7,5,"21159,51195,51195,51195,21159"
47163,2020,2,1,37121
06037,2022,6,2,"06079,04012"
13087,2022,5,1,13037
17179,2021,6,1,17175
13095,2022,1,1,13307
01061,2025,5,2,"01013,01035"
13081,2022,5,2,"13249,13307"
22025,2020,10,3,"22039,22077,22077"
38073,2022,8,1,27155
31109,2023,10,1,29005
51790,2021,5,1,51820
13217,2021,12,4,"13133,13219,13013,13219"
55057,2023,4,6,"55077,55097,55047,55077,55035,55097"
28031,2024,7,4,"28111,28077,28111,28077"
24031,2020,2,3,"51610,51600,51610"
30087,2020,7,2,"56033,56033"
20059,2023,2,1,20209
29093,2025,5,5,"29073,29017,29157,29157,29017"
28127,2021,4,1,28147
56029,2022,5,7,"30007,30043,30057,30059,30059,56007,56023"
19075,2020,6,4,"19067,19067,19079,19079"
35023,2023,7,3,"04023,35051,35051"
48111,2023,5,2,"35037,35037"
18127,2020,5,2,"18131,18131"
54047,2020,7,1,21159
08001,2022,7,3,"08019,08047,08093"
13093,2024,6,4,"13225,13225,13307,13271"
34027,2024,8,1,36085
42027,2024,4,5,"42009,42023,42023,42009,42057"
22085,2024,4,1,22127
37005,2021,8,1,51640
22071,2021,7,3,"22057,28045,28045"
21177,2025,1,2,"21033,21033"
22061,2025,1,1,05003
06001,2020,8,3,"06095,06005,06043"
19151,2020,7,1,19079
21175,2020,9,3,"21159,21159,21119"
05147,2023,7,5,"05035,05111,05111,05107,05035"
01069,2022,4,1,01039
51740,2023,6,4,"51199,51735,51095,51199"
47081,2022,4,5,"47083,47005,47083,47005,47039"
31119,2022,4,1,31051
31145,2025,2,5,"31047,31073,31073,31083,31137"
51025,2023,7,4,"37091,51183,51183,51595"
06069,2024,2,3,"06039,06039,06079"
51079,2024,1,1,51660
47073,2020,4,1,51520
18095,2020,3,3,"18009,18075,18009"
18087,2023,6,3,"18141,26059,26059"
46003,2020,3,1,31107
48073,2022,3,3,"48241,48373,48471"
21105,2023,6,5,"47095,47079,47045,47095,47079"
19195,2022,8,2,"19197,19197"
32023,2021,6,1,32013
46071,2022,6,1,31103
46051,2024,6,4,"27149,27023,27173,27173"
37151,2021,5,1,37007
47183,2024,4,1,47095
19193,2020,7,7,"19009,19085,19165,19085,31021,31021,31039"
36043,2023,4,3,"36033,36093,36033"
39119,2021,8,2,"39083,39083"
34035,2024,8,3,"36085,34031,36085"
18015,2021,6,2,"18159,18159"
48453,2020,9,2,"48287,48287"
08101,2020,6,6,"08109,08119,08109,08119,08003,08109"
16011,2021,8,7,"16041,16025,16065,16081,16007,16041,16065"
26113,2020,11,7,"26129,26137,26089,26101,26137,26129,26101"
20085,2020,5,5,"20043,20043,31147,31133,31147"
16043,2020,6,9,"16059,16059,30023,30093,30043,56029,30043,30093,56029"
46091,2022,7,2,"27155,27155"
48137,2024,5,2,"48323,48323"
20151,2021,8,1,40003
21159,2021,7,1,51051
13133,2025,2,3,"13125,13301,13301"
30009,2021,5,2,"30059,56017"
26111,2021,9,1,26129
28059,2021,10,2,"28045,28045"
48073,2025,4,2,"48455,48455"
18007,2020,7,2,"18131,18131"
22103,2020,7,1,22093
48033,2020,6,2,"48165,48165"
26157,2022,8,1,26069
56023,2023,5,7,"49005,49005,49029,49043,49057,49043,49043"
21195,2023,6,3,"51720,54045,54109"
18127,2025,4,2,"18131,18131"
26055,2021,7,5,"26039,26137,26039,26137,26039"
05103,2023,2,4,"05011,05003,05011,22067"
21171,2022,2,2,"47087,47087"
06013,2020,4,5,"06101,06113,06113,06033,06045"
40079,2025,5,1,05109
05097,2022,7,1,05081
16001,2021,8,5,"16075,16025,16047,16003,16075"
01079,2022,7,4,"28141,28057,28141,28141"
37055,2025,3,3,"37187,37143,37187"
19057,2022,5,3,"19101,19183,19183"
29213,2025,6,3,"05129,05129,05049"
48219,2025,5,1,35009
55001,2023,7,5,"55047,55047,55135,55047,55135"
06073,2021,7,3,"04012,04027,04012"
26047,2020,7,2,"26089,26095"
05027,2025,4,6,"05019,05109,05019,05039,05003,05011"
19091,2020,6,2,"19079,19079"
17065,2023,3,1,17159
27157,2023,4,2,"55035,55035"
06107,2024,11,5,"06069,06037,06079,06111,06079"
04005,2024,5,3,"04009,04009,08033"
18069,2021,6,1,18159
51005,2022,6,1,51678
08085,2022,10,4,"08111,08111,49007,49047"
01125,2021,9,1,01043
29015,2023,2,1,29135
54071,2023,8,3,"51660,54093,54093"
27089,2024,5,6,"27029,27071,27029,27125,27029,27125"
20117,2024,3,4,"31095,31095,31097,31097"
19193,2025,6,1,31179
42051,2023,8,1,54093
29021,2023,6,2,"31147,20209"
08091,2024,8,7,"08015,08029,08109,08109,08029,08033,08033"
39153,2022,5,2,"39005,39005"
18169,2023,6,2,"18131,18009"
20041,2021,12,1,20123
39113,2020,3,1,18075
26137,2020,7,4,"26089,26089,26097,26097"
48051,2022,3,5,"48185,48149,48015,48149,48185"
28163,2023,12,1,22107
20139,2022,3,1,20207
30107,2022,7,8,"30005,30015,30013,30015,30007,30013,30031,30049"
40009,2022,10,3,"40043,48197,40043"
18093,2022,6,4,"18021,18119,18109,18119"
30081,2024,7,2,"16035,16035"
51770,2023,7,1,51045
51053,2023,6,3,"51036,51595,51036"
39095,2020,10,4,"39171,39171,39143,39143"
05133,2025,6,2,"05109,05109"
36101,2025,4,2,"36037,42023"
04021,2021,10,3,"04012,04027,04027"
12093,2020,5,3,"12027,12049,12049"
12099,2020,10,2,"12055,12055"
30005,2023,7,1,30107
19119,2021,4,15,"19021,19035,19041,19059,19041,19059,27063,19035,27033,27063,27101,27101,46027,46079,46087"
31099,2024,4,1,31073
34019,2025,5,2,"34037,34037"
51153,2020,4,2,"51600,51610"
49023,2020,7,4,"32017,32017,49007,49007"
29029,2021,12,6,"29185,29185,29051,29135,29151,29135"
54021,2024,5,1,54073
29203,2025,5,5,"29223,05049,05049,05121,29223"
28091,2021,4,3,"28113,28045,28113"
16049,2024,4,6,"16087,30039,30023,30039,53013,53023"
12065,2025,2,2,"12067,12067"
18067,2025,6,1,18131
48479,2025,5,6,"48163,48507,48047,48047,48163,48507"
27167,2021,10,6,"27041,27121,27149,27041,27153,27149"
47103,2023,4,1,47061
36003,2023,12,3,"42023,42053,42023"
30015,2020,6,2,"30101,30101"
29215,2024,11,1,29073
48149,2023,5,2,"48481,48481"
36027,2022,7,2,"36087,36087"
21157,2023,5,2,"47079,47079"
24033,2022,7,2,"51600,51610"
21035,2021,8,1,47083
01087,2025,2,2,"13053,13259"
39081,2022,11,2,"39151,39151"
18179,2022,6,1,18159
49025,2024,6,1,08033
29177,2025,6,3,"29061,29063,29063"
51077,2023,7,3,"51021,51520,51021"
22033,2022,5,5,"22007,22093,22125,22007,22125"
40049,2022,4,2,"40095,40133"
28139,2023,9,2,"47023,47075"
56035,2024,7,1,49009
45085,2020,5,2,"45089,45089"
16031,2021,7,5,"16025,16047,16041,16047,32013"
54017,2025,6,2,"54073,54073"
28003,2020,9,2,"28009,28009"
47167,2024,8,3,"05077,47069,47069"
51095,2022,7,2,"51735,51740"
29223,2023,5,4,"05021,29069,29221,29069"
28095,2024,7,2,"28117,28117"
29165,2023,8,1,29003
56037,2022,7,7,"49047,49047,49029,49033,56017,49033,49033"
05035,2022,5,5,"47097,28137,28027,28137,47097"
51710,2021,2,2,"51735,51735"
39099,2024,5,2,"39169,39007"
13161,2023,1,8,"13283,13091,13315,13107,13283,13091,13175,13283"
17189,2025,4,1,29157
12113,2022,6,3,"01035,01039,01039"
37097,2024,12,1,37005
42047,2023,7,2,"42039,42049"
39009,2024,5,2,"54073,54073"
17077,2024,9,3,"17165,17003,17165"
46121,2024,5,4,"31017,31091,31171,31017"
20209,2024,7,2,"29101,29107"
40085,2021,5,1,40033
51057,2023,6,1,51095
53015,2020,9,5,"53053,53077,41027,53039,53077"
28097,2021,6,1,28135
42117,2025,5,2,"42093,42023"
27061,2021,6,5,"27115,27029,27135,27153,27159"
30071,2024,8,1,30037
28075,2021,8,1,01107
35061,2024,7,3,"35003,35031,35003"
16051,2023,4,2,"56039,56039"
54057,2024,8,1,54093
32510,2023,9,3,"06003,06049,41037"
45017,2020,1,1,45089
21069,2020,5,1,21063
48055,2023,10,3,"48089,48477,48123"
48053,2020,5,3,"48193,48333,48333"
47017,2025,5,2,"21035,47069"
24005,2022,6,1,42043
20131,2023,9,2,"20043,20043"
22073,2023,6,4,"05003,22123,22123,05003"
48167,2022,5,3,"48321,48291,48291"
37053,2021,5,2,"37073,51131"
22065,2022,2,2,"22067,28063"
06041,2021,12,3,"06055,06033,06055"
40111,2024,1,2,"40119,40133"
13303,2021,8,3,"13301,13301,13301"
39105,2025,4,1,54073
13175,2020,8,5,"13235,13235,13043,13267,13161"
35031,2022,10,1,35028
20039,2024,6,1,31073
54025,2021,6,1,51580
29189,2024,11,1,29073
12131,2023,3,2,"01013,01035"
45049,2021,7,2,"45011,45011"
47173,2021,6,1,47105
27061,2024,7,2,"27065,27029"
13069,2024,6,5,"13065,13315,13279,13315,13065"
13147,2025,6,3,"13221,13221,37113"
08119,2022,8,4,"08019,08047,08019,08065"
29027,2021,7,3,"29089,29073,29073"
38103,2023,7,1,38003
01111,2025,6,1,01087
54029,2025,6,2,"39099,39151"
51067,2022,6,1,51775
40015,2021,4,1,40033
40109,2021,11,1,40133
49027,2020,5,3,"49021,49021,49007"
29203,2022,4,2,"29093,29093"
48173,2020,5,1,48165
17157,2023,6,1,29123
13149,2024,7,1,13143
13321,2020,2,1,13017
45073,2023,1,9,"13011,13195,13011,13139,13281,13311,13195,13281,13011"
19117,2020,4,2,"29129,29129"
21083,2022,3,4,"47005,47017,47017,47053"
39159,2024,12,5,"39083,39117,39063,39033,39117"
39081,2024,4,2,"39151,39151"
21111,2021,6,2,"21163,21163"
18037,2020,10,2,"21163,21163"
13105,2025,6,2,"13219,13301"
40107,2021,6,1,40029
53021,2020,5,5,"53023,53037,53047,16009,53023"
38101,2023,6,2,"38083,38083"
13297,2025,6,4,"13159,13237,13159,13221"
39013,2023,4,1,39115
06093,2023,6,8,"41015,41037,41019,41015,41019,41019,41037,41039"
08013,2020,7,4,"08019,08019,08019,08119"
17029,2021,3,3,"17079,17079,18165"
13299,2020,9,2,"13161,13161"
27137,2021,8,3,"27115,27115,27115"
37023,2021,7,5,"37121,37021,37121,37199,37021"
51079,2022,12,1,51660
31029,2025,6,2,"08115,08115"
48031,2024,3,1,48281
48255,2024,4,2,"48391,48391"
48301,2023,7,4,"35005,35005,35041,48243"
32021,2022,7,8,"06003,32005,32027,32031,32005,32029,32031,32510"
19155,2025,4,2,"19047,19047"
51083,2021,4,2,"37181,37181"
49035,2020,6,4,"49033,49033,32033,49007"
23009,2021,5,2,"23015,23015"
18039,2020,4,1,18131
06039,2023,2,5,"06053,06069,06069,06085,32019"
28117,2020,1,4,"47069,28009,47069,28009"
55003,2020,6,2,"26083,26083"
29189,2023,3,4,"29186,29221,29186,29221"
48013,2025,5,2,"48507,48507"
39127,2021,8,1,39083
08069,2020,5,3,"08047,08019,08047"
51163,2024,4,2,"51580,51790"
22039,2022,3,1,22125
18059,2025,4,1,18023
40089,2023,9,3,"40005,40013,40005"
13091,2020,5,4,"13283,13017,13283,13017"
08123,2023,7,1,08047
16021,2020,1,3,"16079,30089,30089"
30071,2021,7,1,30045
17193,2020,3,1,17121
16081,2025,5,1,30057
37117,2025,5,1,37143
21019,2023,7,3,"21063,21063,54059"
51029,2022,4,1,51540
19153,2022,11,2,"19079,19079"
01083,2024,12,2,"01095,01095"
55101,2020,4,2,"55055,55055"
17181,2024,6,2,"17145,17151"
51027,2025,5,4,"21071,21119,21159,21159"
48055,2020,9,3,"48287,48287,48255"
48179,2025,5,1,40057
13003,2023,7,1,13271
40077,2025,5,1,05113
17073,2025,4,7,"17123,17155,19115,19045,19115,17123,19045"
47163,2020,6,2,"37121,51195"
38043,2023,7,1,38003
12055,2022,5,3,"12051,12051,12051"
17179,2021,10,2,"17039,17039"
48097,2023,9,2,"40013,48077"
13095,2022,5,1,13307
29207,2022,2,1,29093
51105,2020,2,1,51720
17021,2021,10,1,17039
17193,2023,4,3,"17159,17159,17159"
18011,2021,6,2,"18159,18159"
18155,2020,4,2,"21223,21223"
29049,2025,6,3,"20043,29061,29061"
20057,2020,7,2,"20033,20033"
29139,2020,3,2,"17013,17013"
40149,2022,7,1,40043
21041,2025,6,1,18143
37031,2025,3,2,"37187,37141"
47147,2025,5,2,"21177,21177"
29113,2021,8,2,"29073,29073"
22095,2020,7,1,22047
17161,2025,5,4,"19097,19105,19087,19183"
22107,2022,5,5,"22125,22083,22083,28037,28037"
47091,2022,7,3,"51520,51167,51520"
21075,2024,12,3,"17003,29201,29201"
33013,2020,7,1,50017
22061,2025,5,1,05003
18091,2024,7,1,18181
48463,2023,4,3,"48127,48127,48127"
05147,2023,11,3,"05035,05107,05035"
48159,2024,4,3,"48379,40023,48379"
41057,2024,11,1,53049
12119,2023,7,3,"12049,12055,12081"
31145,2025,6,5,"31047,31073,31073,31083,31137"
42129,2022,2,1,54009
34029,2024,7,2,"36081,36085"
13125,2021,6,2,"13107,13317"
04015,2021,10,2,"04027,06025"
06071,2022,9,4,"04027,06025,06079,06025"
41047,2020,9,7,"41027,41013,41069,41021,41027,41069,53039"
13001,2022,1,1,13309
28127,2024,9,2,"28063,28147"
29017,2021,4,4,"17181,17181,29069,29179"
18145,2021,12,4,"18065,18109,18109,18065"
45083,2025,5,1,45023
40051,2022,4,2,"40075,40075"
29047,2022,3,1,29033
36043,2023,8,3,"36033,36093,36033"
39161,2022,7,3,"18075,18075,39173"
13305,2024,7,2,"13279,13279"
46127,2021,10,13,"19035,19141,19035,19119,19141,19143,19035,19093,46125,46135,19119,46099,46125"
51009,2023,9,1,51530
16045,2021,6,5,"16049,41001,41063,16049,41001"
37029,2022,7,4,"37055,37055,51740,51740"
18015,2021,10,2,"18159,18159"
35007,2021,7,4,"08003,08021,08011,08021"
22107,2020,12,1,22077
18133,2025,5,1,18023
20073,2025,6,2,"20133,20133"
17077,2023,1,3,"29186,29123,29186"
19013,2024,6,2,"19069,19069"
06027,2024,2,7,"06039,06047,06079,06039,06109,06059,32015"
44007,2022,9,1,25007
47157,2024,7,6,"05037,05123,28009,28009,47075,47075"
31071,2021,6,1,31015
17187,2021,8,1,17175
30065,2021,7,1,30045
51107,2022,8,2,"51600,51610"
01101,2025,5,2,"01013,01013"
31041,2020,8,2,"31077,31077"
46123,2022,5,2,"31091,46015"
40089,2020,8,1,48119
08123,2020,6,1,08047
56045,2020,7,1,56033
29117,2021,8,2,"29107,29089"
48195,2023,5,1,48211
06013,2020,8,7,"06005,06101,06113,06005,06113,06033,06045"
51167,2020,1,3,"47091,51520,51720"
20009,2025,6,1,20141
16019,2020,6,3,"16041,49033,56029"
13241,2020,10,1,37075
13257,2023,7,5,"13157,13195,13195,13281,13311"
39133,2021,5,4,"39085,39103,39085,39103"
45077,2021,7,5,"37021,37087,45059,45059,37113"
32027,2023,9,5,"32019,06049,32019,32029,41037"
04025,2023,1,6,"49025,49037,04027,06025,04027,49025"
04005,2024,9,2,"04009,04009"
55099,2023,4,4,"55041,55005,55005,55041"
31037,2024,8,7,"31143,31185,31173,31011,31121,31125,31143"
47007,2023,7,4,"13047,13083,13313,47061"
20177,2022,5,1,20013
48059,2024,4,5,"48093,48333,48093,48429,48429"
27089,2024,9,6,"27029,27071,27029,27125,27029,27125"
20117,2024,7,2,"31095,31095"
20045,2024,7,2,"20107,20107"
37089,2021,9,1,37199
24039,2021,8,1,51131
55045,2020,4,2,"55055,55055"
30011,2024,8,1,30109
27003,2024,8,3,"27065,27065,27009"
27093,2023,8,9,"27023,27121,27151,27023,27173,27009,27041,27121,27153"
20191,2024,11,2,"40003,40003"
28145,2022,5,7,"28013,28137,28057,28137,28013,28057,28141"
12021,2022,1,2,"12043,12043"
28093,2025,5,4,"28139,47069,28139,47069"
25003,2022,7,1,36079
18055,2024,4,2,"17033,17033"
04015,2023,3,9,"49037,06025,49001,49021,49027,49017,49021,49037,49021"
19179,2024,7,2,"19087,19087"
17141,2025,5,5,"17085,19045,19097,17085,19045"
18181,2022,7,3,"18171,18045,18171"
40011,2021,3,1,40003
48159,2021,3,4,"48459,48379,48379,48459"
51550,2024,7,2,"37177,37177"
53049,2021,1,2,"53053,53077"
42019,2022,11,3,"39155,42039,42039"
19159,2023,3,2,"19145,19145"
35057,2022,5,1,35028
20075,2023,6,1,08011
26165,2024,8,4,"26089,26089,26143,26143"
22001,2020,4,1,22077
34005,2024,7,2,"36081,36085"
22127,2025,5,1,22041
51065,2022,4,1,51540
21019,2020,4,4,"21063,21063,21159,21159"
29173,2020,7,2,"17013,17013"
16011,2023,5,2,"16063,56039"
01083,2021,9,3,"28141,01043,01043"
41025,2022,6,13,"32027,06049,06091,32001,32019,32027,32029,32510,41035,41049,06049,41035,16087"
08067,2023,6,15,"08021,08079,08105,35039,08113,49037,08079,08091,08109,49037,08091,08113,35031,35039,49037"
49053,2022,7,1,04012
28017,2025,5,3,"28043,28019,28043"
37139,2022,7,1,37055
51153,2020,8,2,"51600,51610"
17003,2021,3,2,"21039,21039"
49043,2021,7,2,"16007,16041"
37039,2022,5,3,"13281,13281,37099"
01003,2021,9,1,01039
40103,2022,6,4,"40003,40053,40093,40053"
29037,2021,12,2,"29185,29185"
22075,2025,5,1,22095
12065,2025,6,2,"12067,12067"
42053,2023,4,3,"42039,42039,42049"
20199,2025,6,3,"08061,08061,08099"
48367,2020,5,2,"48425,48425"
54083,2024,1,1,54067
55083,2022,5,1,26019
51181,2023,7,6,"51620,51199,51830,37091,51620,51199"
48181,2022,11,3,"40005,40019,40019"
48149,2023,9,4,"48481,48481,48123,48123"
05043,2024,8,1,05039
20173,2024,6,1,40053
19097,2024,7,2,"19031,19031"
28077,2020,8,2,"28005,28109"
12051,2021,5,4,"12027,12055,12055,12055"
06091,2021,12,5,"32001,32027,32029,32510,41037"
46121,2021,8,1,31015
18137,2020,4,1,21223
21093,2025,5,4,"18025,18123,18025,18123"
46027,2020,5,3,"31107,31139,31107"
48219,2022,8,2,"48115,48115"
32011,2021,5,4,"32013,32001,32013,32001"
27111,2024,8,5,"27029,27121,27149,27121,27149"
01045,2022,5,3,"13259,01039,01039"
48207,2024,4,5,"48009,48487,48429,48009,48429"
04005,2021,8,3,"04012,04012,08033"
22085,2021,5,1,22003
38085,2024,8,2,"38089,38089"
45003,2024,7,2,"13163,13163"
29115,2024,10,2,"29061,29061"
28011,2022,7,1,22067
18053,2025,5,2,"18023,18023"
51017,2021,5,2,"51580,51820"
17115,2020,6,4,"17129,17017,17129,17035"
38031,2023,7,3,"38003,38003,38083"
41039,2020,12,7,"41031,41037,41015,41033,06049,41037,41031"
39009,2024,9,2,"54073,54073"
36081,2025,6,1,34021
05055,2025,1,3,"05067,05067,29143"
21131,2022,6,2,"21189,21189"
16033,2020,6,4,"16065,16065,30023,30093"
35055,2021,8,4,"08007,08105,08007,35028"
47003,2022,10,1,47061
31161,2024,9,1,31171
22025,2021,4,4,"22077,22125,22077,22125"
26023,2025,6,2,"39171,39171"
21073,2020,8,1,21223
45017,2020,5,1,45089
06077,2022,4,9,"06075,06081,06085,06003,06003,06041,06075,06097,06085"
30073,2024,6,1,30053
21023,2023,1,2,"21069,21069"
17137,2020,7,8,"17169,17129,17169,17013,17083,17083,17013,17129"
18067,2024,2,2,"18181,18181"
20035,2022,5,2,"40053,40053"
27131,2023,8,2,"27013,27013"
06023,2023,3,6,"41015,41033,06097,06049,41029,41033"
51710,2024,7,2,"51735,51735"
40111,2024,5,1,40119
51550,2021,6,4,"37073,51131,37073,51131"
39049,2024,7,3,"39083,39117,39083"
40147,2025,5,1,20133
48147,2022,12,1,40005
40113,2023,6,1,40053
40147,2020,11,3,"20049,20049,40103"
48141,2022,6,1,48377
16011,2020,4,7,"16041,16025,16067,16065,16059,16041,16065"
30001,2024,9,2,"30039,30039"
47029,2020,2,1,37199
13177,2023,8,4,"13315,13193,13307,13307"
51093,2023,6,8,"51036,51199,51830,37091,51183,51036,51183,51199"
42011,2022,5,6,"42043,42043,42025,42095,42025,42043"
31155,2023,8,4,"31159,19129,31159,19129"
13257,2020,4,1,13281
40071,2022,6,3,"40003,40093,40003"
42109,2022,5,3,"42043,42043,42093"
46083,2020,6,1,31027
20053,2024,8,3,"20123,20141,20141"
36119,2024,5,4,"34031,36081,36081,34031"
37131,2021,3,3,"37073,37181,37073"
06003,2023,5,2,"32019,32019"
13321,2020,6,1,13017
05023,2025,6,6,"05065,05067,05065,05129,05129,05067"
21021,2020,7,2,"21005,21005"
06107,2021,12,3,"06069,06079,06079"
28033,2024,7,7,"05037,05123,28009,28107,05107,28027,28107"
48483,2025,4,2,"40057,40057"
30069,2023,7,2,"30015,30107"
30013,2021,8,3,"30073,30043,30073"
12071,2020,9,3,"12027,12055,12055"
30099,2023,8,1,30101
21237,2021,8,4,"21115,21173,21115,21173"
04001,2024,8,3,"08033,08111,08033"
29021,2020,7,2,"31147,29177"
41067,2024,11,5,"41027,41065,53049,41027,53059"
22035,2024,8,2,"22107,22107"
21145,2023,4,1,47079
40125,2022,8,2,"40029,40069"
05145,2022,5,3,"05037,05037,05123"
51169,2023,8,3,"51520,51520,51720"
27173,2020,10,2,"27015,27015"
31035,2023,7,2,"31159,31159"
48269,2024,4,5,"48191,48153,48487,48153,48191"
13295,2021,12,1,13233
08101,2022,6,1,08093
27111,2021,7,3,"27029,27149,27149"
53009,2021,11,5,"53027,53029,53035,53045,53029"
42065,2025,6,2,"42023,42023"
06031,2023,1,3,"06069,06069,06087"
20163,2021,12,1,20123
37113,2023,9,5,"13281,13111,13291,13281,13291"
18039,2020,8,1,18131
06039,2023,6,1,32019
55007,2024,3,2,"27031,27031"
45007,2024,2,3,"13195,13317,13195"
08017,2023,5,1,08011
41001,2024,7,4,"41049,41069,53013,53023"
51133,2023,7,3,"51119,51119,51119"
21095,2022,8,2,"21189,51720"
48453,2024,4,1,48281
13147,2024,2,1,13317
48231,2023,9,1,40013
49003,2021,7,5,"16053,16041,32013,16007,16041"
39029,2022,5,2,"54009,54009"
28055,2024,6,1,22107
16001,2023,8,1,16003
29149,2025,5,3,"05065,05065,29223"
29005,2021,12,2,"31147,31147"
18051,2023,9,1,17033
27035,2025,4,2,"27065,27065"
51830,2022,7,1,51735
12095,2020,6,3,"12055,12049,12055"
48279,2025,5,2,"35009,35009"
55101,2020,8,2,"55055,55055"
20095,2024,3,6,"20097,40003,40003,40053,20097,40053"
22103,2024,2,3,"28005,28131,28131"
26025,2020,8,2,"26065,26065"
47141,2025,5,2,"47137,47137"
13135,2025,4,3,"13219,13219,13219"
38035,2024,8,2,"27029,27125"
20007,2023,6,4,"40053,40053,40093,40093"
34023,2024,7,3,"36081,36047,36081"
31021,2023,8,3,"19165,19093,31043"
47113,2025,5,2,"28003,28139"
08023,2021,6,4,"08105,08007,08105,08011"
13009,2025,2,6,"13125,13301,13125,13163,13023,13175"
21161,2025,2,7,"21097,21011,21181,21205,21205,21097,21181"
47123,2023,2,2,"13291,13213"
06029,2021,6,1,04012
19009,2023,7,2,"19093,19133"
22027,2023,6,3,"05003,05011,05003"
29027,2023,4,2,"29135,29135"
12047,2024,5,2,"12041,12041"
41067,2023,3,9,"41027,53049,53069,53069,41027,53059,41041,41053,41053"
39109,2020,4,1,18075
36029,2023,4,1,42049
27037,2021,5,3,"27019,27019,27025"
23011,2022,12,1,23009
06087,2020,1,3,"06031,06079,06099"
29139,2020,7,2,"17013,17013"
55111,2020,6,1,55055
08081,2023,4,9,"08045,08045,49013,49043,08045,49007,49013,49043,56041"
17167,2025,5,2,"17009,17009"
48135,2020,6,1,48165
23007,2024,8,2,"23023,23023"
12003,2024,2,1,12041
48035,2022,8,1,48145
48285,2024,3,3,"48477,48321,48391"
23017,2020,5,2,"23023,23023"
45073,2020,4,2,"13281,13281"
51025,2022,6,1,51595
13319,2021,7,11,"13141,13091,13107,13283,13021,13091,13107,13283,13309,13021,13141"
29161,2021,4,1,29179
42103,2024,7,2,"34031,34031"
31097,2023,6,3,"31159,31147,31147"
48423,2024,2,3,"48161,48379,48379"
45011,2023,1,2,"13107,13163"
29035,2020,9,1,29069
39171,2022,8,1,39173
48113,2025,5,3,"48231,48231,48231"
01093,2022,10,4,"28141,28117,28141,28017"
21237,2023,1,1,21063
13161,2020,2,5,"13017,13283,13017,13283,13283"
21173,2024,2,1,21201
51091,2021,6,1,51820
42127,2025,6,2,"34037,34037"
17055,2024,2,3,"29157,17069,17151"
20209,2021,8,1,29107
47079,2022,5,6,"47039,47083,47039,47053,47083,47053"
26081,2024,4,2,"55101,55101"
26095,2023,4,6,"26141,26029,26031,26047,26141,26029"
39089,2024,8,6,"39075,39157,39117,39005,39075,39117"
29031,2024,2,1,17199
05125,2025,6,4,"05025,05039,05019,05039"
20019,2023,8,1,40103
48385,2020,5,1,48507
26003,2022,6,1,26029
08041,2023,8,4,"08015,08093,08109,08093"
21031,2025,5,2,"21149,21149"
28109,2024,5,3,"28111,28077,28111"
40051,2022,8,4,"40075,40075,40019,40019"
13003,2022,3,2,"13005,13005"
29137,2024,4,1,29089
13319,2024,8,5,"13163,13283,13283,13125,13163"
23025,2024,6,1,23023
17049,2023,4,5,"17159,17023,17023,17033,17159"
17077,2023,5,3,"29186,29123,29186"
29189,2020,6,3,"17083,17013,17083"
01033,2021,10,3,"28057,01043,28057"
31019,2022,4,2,"31061,31061"
42033,2022,8,1,42087
48477,2025,5,1,48285
49045,2021,9,4,"49005,49039,49039,49005"
48329,2022,5,1,48115
05075,2024,11,3,"05065,05137,05065"
51105,2025,5,8,"21051,21131,21235,21131,21193,21235,47173,21195"
29510,2021,7,2,"17027,17027"
51163,2021,7,1,51580
51015,2021,6,1,51540
51107,2022,12,1,51685
51115,2020,8,2,"51735,51735"
21077,2025,6,4,"21103,21223,21097,21103"
29186,2021,3,1,17181
39145,2025,2,2,"21069,21205"
16081,2022,8,2,"30001,30057"
47019,2023,7,1,51520
29183,2025,5,2,"29073,29073"
48357,2024,6,3,"40045,40059,40045"
47141,2022,4,4,"47027,47111,47027,47111"
31131,2021,12,1,31147
13303,2020,4,1,13283
48021,2020,1,1,48285
27053,2023,10,4,"27009,27095,27145,27145"
29053,2020,5,1,29033
28071,2024,8,1,28139
20029,2020,7,3,"31095,31067,31095"
37141,2024,6,1,45033
19039,2020,7,4,"19001,19003,19001,19003"
54071,2022,7,1,51660
17021,2023,7,2,"17147,17035"
04025,2023,5,3,"49025,49037,49025"
19115,2024,7,2,"19031,19031"
18085,2020,6,2,"18131,18131"
48059,2024,8,2,"48093,48093"
26159,2024,4,1,55101
37071,2021,7,2,"45023,45087"
47083,2024,4,5,"47135,47081,47081,47135,21219"
48387,2024,11,1,05113
29163,2025,6,5,"17009,29137,29073,29151,29137"
13243,2022,10,3,"13053,13261,13261"
05085,2022,10,1,05107
08103,2022,7,4,"08037,56007,08037,56007"
51121,2022,6,1,51775
26021,2024,5,3,"18149,18149,18149"
53039,2024,8,13,"41069,41069,41031,41069,53021,53025,53071,53041,53025,53033,53037,53041,53053"
19155,2022,5,1,19027
51179,2020,7,1,51685
12021,2022,5,2,"12043,12043"
22021,2024,9,2,"22107,22107"
48491,2025,4,2,"48051,48051"
08005,2020,6,5,"08119,08019,08047,08119,08025"
40061,2023,2,1,40005
40153,2021,5,2,"40003,40003"
21151,2025,5,14,"21017,21173,21197,21129,21197,21017,21239,21051,21125,21129,21189,21239,21125,21199"
04015,2023,7,8,"49037,49001,49021,49027,49017,49021,49037,49021"
13267,2024,5,6,"13163,13175,13283,13029,13029,13283"
51079,2021,8,1,51540
18101,2022,4,2,"18021,18119"
29085,2024,3,2,"29083,29083"
29017,2023,1,2,"29186,29069"
20087,2022,4,2,"20013,20013"
48211,2024,5,6,"40043,40059,40153,40009,40043,40009"
54043,2023,7,3,"54109,54109,54109"
55045,2023,9,2,"55111,55111"
26063,2024,8,1,26001
48063,2025,6,1,48379
20207,2024,5,2,"20107,20107"
21133,2021,8,1,51720
26051,2024,7,1,26001
39111,2025,6,2,"54073,54073"
51179,2023,8,1,51685
55039,2022,7,2,"26105,26127"
21035,2025,1,3,"21039,21139,21033"
06055,2020,8,6,"06011,06021,06045,06045,06011,06101"
17187,2023,5,2,"17175,19115"
19163,2025,4,5,"19115,19105,19097,19105,19115"
35001,2020,6,2,"35031,35031"
53015,2021,1,5,"53053,53077,41027,53039,53077"
29221,2020,11,3,"29073,29073,29179"
13059,2021,6,1,13317
51143,2024,4,1,51063
23031,2021,6,2,"23023,23007"
38057,2021,6,1,38083
54065,2024,1,4,"42009,42057,42057,51840"
45075,2024,6,5,"45005,45049,45005,45005,45049"
05103,2020,9,2,"22027,22027"
48299,2020,1,1,48333
37161,2020,8,3,"37199,37121,37199"
18137,2020,8,1,21223
48097,2022,5,3,"40095,40095,48077"
06047,2022,12,5,"06053,06053,06087,06081,06087"
01051,2024,4,1,01017
06083,2023,2,1,06053
48079,2025,6,2,"35009,35009"
23017,2023,12,2,"23023,23023"
45037,2024,8,1,13163
56013,2021,8,2,"08107,16081"
04005,2021,12,2,"04012,04012"
35006,2022,6,2,"04009,35028"
13287,2023,8,4,"13271,13261,13235,13271"
45003,2024,11,2,"13163,13163"
01127,2021,10,3,"01107,28057,01107"
23031,2024,7,1,23023
48225,2022,3,5,"48241,48373,48185,48373,48185"
13057,2022,6,1,13111
51191,2024,8,3,"37011,37005,51640"
27075,2021,7,1,27115
13179,2024,3,1,13279
22083,2024,2,2,"22107,22107"
30059,2023,7,3,"30015,56039,30015"
05055,2025,5,3,"05067,05067,29143"
39025,2024,6,3,"21097,21201,21097"
54079,2023,2,1,54105
46059,2023,6,2,"46015,46015"
27027,2024,5,2,"27029,27041"
41019,2020,7,4,"06015,06015,06049,41037"
35055,2021,12,2,"08105,35028"
54013,2025,3,1,54073
48257,2021,3,3,"48119,48379,48379"
21191,2023,7,3,"21161,21201,21201"
28081,2020,2,1,28009
51111,2020,12,1,37181
01033,2023,1,1,28117
37087,2020,4,2,"37199,37199"
48491,2022,3,2,"48149,48149"
18099,2023,6,3,"26149,18103,18181"
20027,2021,12,2,"20123,20123"
51101,2023,6,4,"51095,51119,51036,51095"
20187,2023,6,2,"08011,08011"
55061,2022,5,2,"26105,26105"
48073,2021,3,3,"48455,48455,48459"
51119,2020,6,1,51735
37165,2024,5,2,"45033,45033"
22051,2021,12,4,"22007,22093,22093,28045"
48283,2022,9,4,"48297,48249,48297,48297"
39065,2025,6,6,"39147,39173,39033,39117,39033,39147"
28021,2022,5,2,"28077,28037"
19159,2020,6,4,"19137,19145,19137,19145"
20173,2023,2,1,40053
54043,2020,6,2,"21159,21159"
29033,2023,8,4,"29089,29175,29101,29089"
45079,2024,12,1,45023
22109,2020,6,3,"22047,22093,22093"
27129,2022,9,6,"27033,27033,27083,27101,27081,27083"
42067,2024,6,2,"42057,42057"
46127,2020,6,3,"19133,31027,31027"
48177,2023,4,2,"48175,48175"
51165,2022,7,1,51540
38053,2023,5,2,"30091,30091"
26051,2021,6,8,"26069,26113,26039,26069,26135,26039,26113,26135"
28111,2022,2,1,28045
47029,2020,6,1,37199
08043,2020,5,7,"08065,08019,08065,08025,08003,08053,08105"
08007,2023,4,15,"08003,08023,35055,08091,08109,08111,08111,08109,08003,08109,35028,35049,35055,35031,49037"
08009,2024,9,1,08023
17107,2024,4,3,"17017,17017,17017"
13257,2020,8,2,"13281,37113"
16073,2024,5,3,"32015,32015,16087"
24031,2024,1,1,51600
36083,2023,1,4,"36041,50001,50021,50021"
40143,2022,8,2,"40105,40105"
27043,2023,8,3,"19195,19195,27063"
06071,2023,3,4,"06025,49025,06079,06025"
37131,2021,7,3,"37127,37127,37181"
48367,2022,2,5,"48143,48425,48217,48425,48143"
55079,2020,7,1,55055
48191,2022,8,2,"48197,48197"
40079,2024,5,3,"40023,40005,40023"
17185,2022,2,1,17079
48041,2021,5,2,"48287,48287"
51013,2022,7,1,51600
38093,2021,6,2,"38083,38083"
29025,2023,6,1,29003
39147,2021,5,2,"39137,39137"
34039,2022,3,3,"36061,34021,34021"
39033,2024,5,1,39173
16023,2020,4,4,"16029,16025,16067,16065"
48255,2024,12,1,48163
06037,2023,2,2,"06079,04012"
04005,2023,5,8,"49017,49021,08077,08113,35045,49015,49017,49055"
29111,2020,5,2,"17169,17169"
40093,2020,5,1,20033
34017,2024,5,7,"34031,36005,34031,36081,36005,36081,36081"
28045,2025,4,3,"22095,28039,28111"
39003,2025,5,4,"39147,39173,39101,39173"
51007,2025,4,1,51670
32023,2025,5,4,"32007,32007,32013,32007"
13027,2024,11,1,12067
13025,2024,7,1,13065
51017,2023,2,3,"51045,51530,54089"
48015,2020,1,3,"48285,48285,48321"
06111,2023,2,2,"06079,06079"
45005,2021,5,2,"13107,13031"
28051,2021,7,1,28135
17109,2020,3,1,17017
51195,2024,9,1,21159
36081,2022,9,1,34021
51750,2024,5,2,"51063,51063"
47187,2023,7,1,47135
32007,2023,6,12,"16053,16047,16053,49023,49027,49005,49011,49057,49011,49023,49049,49057"
47159,2024,4,1,47177
27007,2021,7,3,"27153,27159,27159"
29186,2024,8,1,17145
06077,2024,1,3,"06109,06047,06109"
56001,2023,8,1,08081
29125,2023,4,1,29135
20119,2024,7,5,"20097,40059,20097,40045,40059"
20035,2024,2,4,"40053,40053,40103,40103"
38075,2023,7,1,38083
47179,2021,8,4,"37121,51520,37121,37199"
31039,2021,7,4,"19193,31043,31051,31051"
18007,2024,6,3,"18149,18045,18045"
54091,2024,5,2,"54093,54093"
12005,2021,3,1,12037
48283,2024,2,5,"48323,48047,48247,48247,48323"
20037,2024,3,2,"20107,20107"
27107,2023,5,2,"27159,38003"
06017,2023,1,2,"06013,32019"
26017,2024,8,1,26143
45051,2020,2,2,"45089,45089"
41017,2021,6,8,"41023,41069,32013,41023,41065,41069,41019,41019"
06029,2021,10,1,04012
46081,2022,5,1,56009
31079,2020,8,1,31077
45055,2021,5,3,"37007,37179,37179"
48133,2022,5,3,"48333,48333,48425"
31027,2024,7,5,"31173,31167,31039,31167,31173"
34019,2024,5,1,34031
51009,2024,1,2,"51530,51678"
51173,2020,2,1,51520
06019,2022,12,7,"06079,06085,32019,06079,06087,06085,06087"
20003,2023,7,1,29037
13103,2023,1,2,"13107,45009"
42017,2025,5,1,34037
05091,2025,4,1,05109
48371,2022,8,2,"48377,48377"
12059,2022,3,2,"01039,01039"
21187,2020,4,3,"21223,21005,21223"
54109,2021,8,1,51021
41017,2024,7,5,"41069,41065,41069,41019,41019"
48161,2025,6,2,"48225,48225"
48423,2024,6,4,"48161,48349,48379,48379"
29107,2020,7,1,29117
05001,2022,1,2,"05123,28027"
48339,2025,5,5,"48071,48071,48455,48225,48455"
31133,2025,5,1,20043
49037,2021,8,6,"08029,08029,08091,08091,08007,49039"
51510,2025,6,2,"51610,51610"
21173,2024,6,3,"21097,21097,21201"
35013,2020,6,2,"35017,35017"
42007,2024,9,3,"39099,39151,39099"
08035,2024,4,2,"08019,08047"
16031,2020,7,5,"16025,16041,49005,32033,49005"
17031,2022,6,3,"17063,17091,17091"
55089,2020,4,1,55055
29031,2024,6,1,17199
28161,2025,5,2,"28083,28083"
51199,2022,7,2,"51740,51740"
45003,2023,3,5,"13107,13163,13163,45009,45009"
46013,2021,8,1,46005
04019,2022,11,3,"04012,04012,06025"
13229,2025,6,1,13003
21053,2022,8,1,47087
06039,2025,3,1,06031
19157,2025,6,3,"19183,19101,19183"
39105,2021,3,1,39115
47131,2023,8,2,"47033,47033"
55007,2021,6,1,27115
06039,2020,9,1,32019
17075,2024,8,1,18165
45007,2021,5,2,"13317,37113"
08017,2020,8,2,"08025,08025"
39001,2020,9,1,21201
54033,2023,7,1,54093
01029,2022,6,2,"13149,13149"
13031,2024,11,3,"13163,13175,13283"
51015,2021,10,1,51540
27089,2020,7,1,27071
20013,2023,7,1,29003
51115,2020,12,2,"51735,51735"
48273,2022,9,3,"48131,48131,48297"
45079,2021,9,1,45047
39145,2025,6,2,"21069,21205"
42035,2022,8,3,"42087,42093,42087"
27143,2023,8,5,"27013,27161,27013,27023,27173"
24013,2025,5,1,24029
46102,2023,10,2,"31091,31103"
49019,2021,9,7,"08107,08029,08029,08091,49039,49039,08033"
12057,2022,4,2,"12027,12027"
55043,2025,4,5,"19097,19055,19055,19097,19105"
13213,2022,6,1,13291
47141,2022,8,2,"47027,47027"
13303,2020,8,1,13283
28029,2021,10,3,"28065,28091,28065"
17117,2025,5,1,17009
48021,2020,5,1,48285
48497,2022,4,2,"48077,48077"
33001,2021,6,1,50009
01129,2025,5,7,"28023,28039,28039,28111,28023,28061,28111"
30067,2023,8,5,"56039,30107,30107,56017,56039"
26043,2024,6,3,"26013,26013,26083"
26017,2021,7,2,"26129,26129"
36039,2023,5,2,"36093,36093"
48503,2024,2,2,"48487,48487"
12011,2025,3,3,"12015,12093,12093"
21025,2020,8,2,"21133,21133"
35028,2024,7,4,"08021,35055,35006,35031"
44003,2024,1,1,36103
42015,2022,6,1,42093
20117,2023,6,2,"31147,31147"
42051,2022,11,1,54093
22045,2025,4,1,22093
18085,2020,10,4,"18087,18131,18131,18087"
45001,2021,10,4,"13147,13221,13317,13147"
36031,2023,9,2,"50013,50013"
51700,2021,2,2,"51735,51735"
12117,2025,6,2,"12105,12105"
39157,2023,4,8,"39083,39005,39083,39169,39099,39133,39153,39169"
48167,2023,3,1,48481
48371,2024,1,4,"48377,48109,48377,48109"
51109,2022,8,1,51540
05117,2024,2,5,"05107,05107,05123,05037,05123"
21111,2020,6,4,"21223,21223,21005,21005"
30111,2021,5,1,56029
39171,2024,5,1,39173
01017,2022,7,2,"13149,13149"
37057,2021,5,3,"37007,37007,37179"
49045,2020,5,9,"16083,32017,49005,49029,49029,49007,49005,49029,49033"
13245,2024,4,7,"45005,45011,13125,13301,13301,13317,45011"
41051,2021,11,5,"41065,41071,41065,41071,53077"
40153,2021,9,2,"40003,40003"
27097,2024,8,4,"27065,27041,27121,27041"
40125,2021,4,1,40029
37023,2020,7,3,"37121,37121,37199"
21069,2024,4,2,"21023,21023"
48141,2024,6,3,"48109,48109,48377"
29017,2023,5,2,"29186,29069"
51153,2024,1,1,51600
22063,2020,2,4,"22093,22037,22037,22093"
29129,2021,6,1,29197
25001,2025,5,2,"44005,25019"
31143,2020,6,10,"31037,31109,31155,31011,31037,31119,31167,31109,31151,31151"
29099,2023,4,1,29123
38061,2024,5,3,"38089,30109,38083"
01025,2022,6,3,"01013,01035,01013"
28081,2025,2,2,"28139,28139"
31047,2024,4,5,"31071,31115,31085,31085,31117"
40043,2021,9,1,40003
29137,2021,7,3,"29103,29089,29103"
17151,2021,2,2,"17181,21143"
51179,2023,12,2,"51683,51685"
55053,2023,7,1,55097
48329,2024,2,1,48475
05089,2024,11,3,"05065,05137,05137"
17047,2023,7,1,17033
48157,2024,8,3,"48321,48239,48321"
27119,2024,8,2,"38099,38099"
21035,2020,11,5,"21039,47183,21143,21143,47183"
21185,2020,4,1,21005
18035,2023,6,1,18103
37117,2024,5,1,37177
48375,2023,5,2,"35037,35037"
17057,2024,2,2,"17017,17017"
42045,2023,7,1,34011
16063,2022,7,3,"16037,16083,16083"
51005,2023,2,3,"51530,54089,54089"
54017,2024,9,2,"54073,54073"
08085,2023,6,17,"08015,08053,08109,08045,08053,08111,08111,08045,49007,49015,49047,49055,35045,49015,49017,49025,49055"
29075,2023,5,1,19145
54015,2023,7,2,"54105,54105"
17067,2025,4,4,"17009,17009,19087,29199"
25027,2025,6,1,44009
17117,2022,4,3,"17013,17013,17129"
56019,2021,5,3,"56029,56017,56029"
47013,2025,2,10,"21125,21199,21231,21013,21121,21125,21013,47067,21231,47137"
48303,2022,5,2,"48115,48115"
48481,2022,3,4,"48149,48149,48057,48057"
25027,2020,12,1,44001
28113,2024,3,3,"28063,28077,28077"
30067,2020,7,2,"30043,56017"
35045,2024,7,13,"04009,35003,35006,08021,08033,08111,08033,08111,35006,08021,35055,35006,08033"
42051,2024,4,2,"42009,54093"
31059,2020,6,6,"31067,31067,31109,31023,31109,31023"
48217,2020,5,3,"48193,48425,48425"
51810,2023,7,6,"37177,51119,51199,51735,51199,51735"
13267,2023,1,6,"13163,13167,13175,13283,13209,13283"
45037,2024,12,1,13163
48423,2021,3,2,"48379,48379"
04025,2020,8,1,32017
48001,2020,3,2,"48313,48313"
22111,2023,3,3,"05011,05011,22123"
21089,2023,3,2,"21063,21069"
40037,2022,4,1,40133
13273,2024,1,4,"13061,13061,13239,13193"
28163,2024,8,1,22107
12103,2020,5,1,12049
31093,2020,6,4,"31011,31141,31011,31141"
13019,2023,8,1,13271
31161,2023,8,3,"31091,31103,31091"
53071,2022,6,5,"41049,41049,53077,53023,53001"
19077,2025,6,2,"19047,19047"
21087,2024,7,1,21061
39101,2024,5,2,"39003,39021"
17057,2022,9,2,"17071,17071"
29031,2021,3,1,29069
08027,2022,7,1,08093
13205,2022,7,2,"13037,13037"
54079,2023,6,3,"54105,54045,54059"
05087,2025,5,1,05129
26061,2024,6,4,"55037,27031,27031,55003"
37053,2020,8,2,"37095,37095"
42121,2021,6,1,39099
28081,2020,6,1,28009
26015,2024,6,1,55101
48089,2021,5,1,48287
55005,2022,9,2,"55119,55119"
24033,2020,2,2,"51600,51610"
37015,2020,8,1,37095
31031,2022,8,2,"31149,31149"
12131,2022,6,2,"01013,01035"
06027,2021,7,4,"06069,06079,04012,32001"
51119,2020,10,1,51735
37119,2022,8,1,37003
54021,2025,1,1,54073
47047,2023,8,4,"47023,47033,05035,05035"
05079,2023,6,6,"05107,05011,05107,28011,05003,05011"
29151,2023,6,2,"29135,29135"
51137,2024,8,1,51630
53077,2020,5,6,"53047,53035,41027,53035,41027,53011"
46127,2020,10,6,"19035,19141,19035,19141,19143,19035"
46007,2022,5,3,"31091,31103,31103"
28111,2022,6,1,28073
37013,2023,3,2,"37177,37177"
51001,2021,4,1,51735
21035,2022,4,4,"47005,47017,47005,47083"
48445,2022,9,1,35041
18179,2023,2,1,18103
05139,2024,6,2,"05025,05025"
05013,2022,3,1,22067
48409,2021,9,3,"48273,48013,48273"
01027,2024,8,1,13143
01091,2025,5,4,"28023,01085,01013,01085"
48415,2022,8,1,48115
45065,2021,8,2,"13317,13317"
22117,2024,2,5,"28005,28077,28131,28005,28077"
21117,2025,6,2,"21097,21097"
37107,2025,3,1,37141
55083,2024,6,4,"26089,26071,55037,55037"
26103,2021,8,1,26095
20169,2022,6,2,"20123,20123"
31141,2025,5,11,"31077,31185,31179,31079,31081,31093,31077,31093,31081,31185,31179"
05041,2023,6,7,"05003,22123,05003,05011,28027,28143,28027"
46135,2025,4,1,31179
30011,2020,7,1,56033
21229,2025,6,2,"21239,21239"
32003,2021,9,3,"04012,04012,32001"
18065,2023,1,1,18009
13237,2023,4,15,"13303,13319,13221,13265,13125,13265,13301,13303,13035,13207,13217,13021,13207,13319,13217"
19049,2023,6,1,19079
18125,2023,3,1,17033
16023,2020,8,4,"16029,16025,16067,16065"
16015,2024,6,2,"16083,16087"
56013,2023,5,2,"49043,56041"
54099,2023,7,4,"21063,54045,54045,54109"
40061,2025,4,1,05113
39059,2024,1,1,39151
40011,2023,9,3,"40129,40129,40003"
01031,2022,11,3,"01013,01035,01013"
17095,2020,5,1,17169
19045,2022,6,1,19115
51187,2024,8,1,51840
06061,2024,8,2,"32029,32029"
08123,2022,10,1,08047
40073,2021,6,4,"40003,40103,40103,40003"
48347,2021,5,1,48455
17109,2020,7,1,17017
31169,2023,9,2,"31159,31159"
21231,2022,6,2,"47027,47027"
17195,2021,8,2,"17175,17175"
26009,2021,6,10,"26031,26047,26097,26113,26129,26135,26113,26113,26031,26135"
25017,2023,6,1,33013
13179,2021,6,4,"13031,13031,13107,13279"
31023,2025,4,10,"31167,31121,31125,31167,31081,31121,31059,31035,31059,31081"
47097,2021,4,4,"05035,29069,47095,05035"
45077,2022,5,5,"37099,13147,13137,13147,37099"
48469,2024,1,5,"48007,48089,48481,48089,48007"
40025,2021,5,1,08011
21197,2024,6,1,21181
38035,2023,7,1,38003
40017,2022,4,4,"40043,40093,40075,40093"
31071,2025,5,6,"31019,31047,31163,31077,31163,31077"
29071,2022,6,2,"29151,17013"
46103,2022,5,1,56009
46115,2021,10,2,"46077,46077"
06021,2023,1,3,"06055,06097,06097"
36103,2022,9,1,36005
13105,2023,1,6,"13011,13157,13133,13265,13265,13301"
13271,2022,10,6,"13175,13235,13279,13175,13283,13235"
17005,2023,3,2,"17173,17173"
30041,2020,8,1,30101
47065,2023,4,5,"13055,13213,13213,47061,47061"
16029,2022,7,4,"49033,49033,49033,56041"
28085,2020,1,1,22037
55093,2023,8,4,"55005,55035,55035,55005"
17157,2024,2,1,17199
48221,2020,5,1,48193
18145,2022,8,3,"18071,18109,18109"
12013,2021,1,2,"12037,12037"
45077,2025,6,1,37113
05105,2025,6,2,"05053,05053"
08067,2022,6,1,08051
16057,2021,6,14,"53063,16049,16061,16049,16061,41063,53003,16017,30089,53001,53003,53021,53043,53063"
47125,2024,7,2,"21033,21213"
13023,2022,5,2,"13309,13309"
18037,2021,6,6,"21163,18093,18093,21091,21163,21091"
18089,2022,5,2,"17063,17063"
33003,2022,12,3,"50009,50005,50009"
18061,2020,8,2,"21027,21027"
20195,2024,9,5,"20141,20147,20141,20147,20183"
49055,2024,8,1,08033
48241,2024,8,4,"48373,48455,48373,48373"
18173,2021,3,4,"18101,21091,21091,21233"
21193,2020,6,2,"51195,51195"
40089,2021,4,1,48119
31051,2020,8,7,"31107,31139,19133,31039,31039,31139,31167"
13033,2023,6,8,"13167,13175,13279,13283,13125,13167,13301,13303"
31101,2024,9,4,"31047,31113,31113,31171"
28127,2023,12,1,28063
29177,2024,10,1,29061
05001,2022,5,2,"05123,28027"
39135,2021,12,1,18065
12097,2022,4,4,"12027,12043,12043,12051"
08041,2022,7,2,"08093,08093"
17023,2022,5,2,"18021,18021"
28095,2022,2,4,"01107,28013,28141,01107"
31131,2022,4,1,31147
01053,2022,7,3,"01013,01013,01013"
12127,2024,10,3,"12119,12075,12119"
18157,2023,7,1,18131
23025,2023,5,1,23023
01045,2021,5,1,13259
19049,2020,5,3,"19009,19079,19009"
22063,2023,7,3,"22037,22121,22037"
37077,2022,5,3,"37185,37185,37185"
22125,2020,9,5,"22039,28005,22047,22047,28005"
45003,2023,7,3,"13107,13163,13163"
39139,2020,11,1,39143
17133,2024,4,3,"17145,29157,29157"
51710,2020,6,2,"51735,51735"
29199,2020,4,1,29205
29159,2022,6,4,"29135,29033,29135,29033"
48089,2024,12,1,48057
28115,2023,9,5,"28161,28107,28161,28117,28117"
46123,2021,8,2,"31015,31015"
51125,2023,6,3,"51017,51017,51530"
47107,2021,6,1,37075
12097,2025,5,3,"12015,12049,12049"
47089,2021,6,3,"37087,47105,37087"
29093,2023,4,1,29186
39087,2025,3,1,21159
48357,2023,5,2,"48211,48211"
30001,2020,8,7,"16065,30039,30043,30077,30043,30039,30043"
51027,2021,7,1,51021
08001,2020,6,3,"08019,08047,08119"
13093,2022,5,3,"13249,13249,13307"
26031,2020,7,2,"26089,26095"
27011,2021,8,4,"27023,27041,27023,27067"
34037,2022,7,8,"34019,36087,34019,42095,36079,36087,42025,42095"
30009,2022,7,4,"30031,30059,30031,56017"
12057,2022,8,2,"12027,12027"
47015,2022,5,2,"47051,47175"
46109,2021,7,4,"27073,27149,27149,27073"
13201,2022,11,2,"13037,13037"
37175,2024,12,2,"37113,37113"
05103,2024,4,2,"05011,05011"
06071,2020,4,6,"32017,06051,06083,06111,06111,32017"
06017,2020,4,9,"06051,06057,06101,32031,06095,06101,06113,06051,32019"
40145,2022,10,1,40105
17041,2023,2,5,"17023,17035,17173,17023,17173"
40091,2024,5,1,40005
40135,2024,8,1,05113
35023,2024,7,4,"04009,04009,35003,35003"
36029,2025,5,3,"42049,36073,36073"
28159,2022,7,1,01107
08001,2023,7,3,"08019,08047,08093"
45085,2024,8,1,45033
22099,2022,8,3,"22121,22121,22125"
47149,2023,3,1,47061
26021,2023,4,2,"26149,26149"
48505,2022,5,1,48127
42027,2025,4,2,"42023,42023"
48003,2022,5,2,"48115,48115"
12103,2023,10,1,12049
22071,2022,7,1,22117
49055,2021,7,3,"49039,08033,49039"
05075,2022,2,1,05037
39157,2023,8,2,"39169,39169"
17115,2024,5,1,17017
48449,2021,4,4,"48459,48119,48459,48119"
31047,2021,7,1,31117
21111,2020,10,2,"21163,21163"
13029,2023,6,1,13107
48285,2021,10,1,48477
48073,2023,3,2,"48405,48405"
18167,2023,6,3,"17033,17035,17033"
21105,2024,6,1,17003
12063,2022,4,1,01039
12115,2023,9,5,"12043,12055,12049,12055,12049"
12009,2023,6,1,12055
18021,2023,7,1,17033
46025,2021,7,3,"46011,46011,46079"
16041,2023,7,7,"49003,49003,49057,49029,49043,49057,56041"
31169,2020,6,4,"31067,31067,31067,31109"
22109,2022,6,4,"22047,22093,22093,22095"
47053,2020,5,1,47069
21069,2024,8,4,"21017,21017,21097,21097"
20097,2022,5,1,40003
42073,2023,4,6,"39151,39133,39151,39155,39155,42039"
29195,2024,8,5,"29175,29175,29101,29083,29101"
13223,2022,11,3,"13121,13121,13121"
08035,2021,7,2,"08019,08047"
19001,2023,7,3,"19145,19165,19165"
06047,2023,4,5,"06053,06053,06087,06081,06087"
12061,2023,11,2,"12055,12055"
46013,2023,5,1,46005
24017,2025,5,3,"51610,51685,51630"
51127,2025,5,1,51830
19117,2021,6,1,29197
22037,2024,5,2,"28037,28037"
48019,2023,9,1,48323
13189,2024,5,2,"13125,13125"
06057,2021,8,5,"32510,32001,32029,32510,41037"
17151,2021,6,2,"17181,21143"
24017,2020,11,2,"51600,51685"
13133,2021,8,4,"13301,13317,13301,13317"
37025,2021,3,2,"37007,37007"
01127,2022,2,3,"01107,28057,01107"
21011,2020,6,1,21063
55097,2020,4,1,55078
13249,2020,8,1,13081
51015,2023,7,2,"51530,51660"
38009,2024,5,2,"38083,38083"
48027,2022,10,2,"48193,48193"
29051,2024,4,4,"29053,29089,29175,29053"
51760,2024,8,2,"51570,51670"
20191,2022,6,2,"40003,40003"
27099,2023,7,6,"19067,19067,19189,19189,27161,27161"
49019,2023,6,16,"08103,08091,08113,49013,49039,49049,49039,49041,08113,35045,49017,49025,08103,49013,49017,49041"
22033,2021,12,5,"22007,22093,22125,22007,22125"
31027,2021,8,8,"31043,31015,46009,46083,46125,46009,46067,46125"
13321,2024,5,3,"13315,13087,13315"
17065,2024,3,7,"17145,17199,17069,17145,17069,17151,17199"
19117,2024,7,2,"29129,29129"
47109,2020,7,1,28009
23007,2020,7,2,"23023,23023"
42031,2023,3,1,42039
47167,2022,9,17,"05037,05111,05123,28033,28143,05111,47045,28009,28093,47069,47033,47069,47113,47033,47045,28033,28093"
13279,2025,5,9,"13109,13163,13175,13271,13309,13309,13109,13175,13309"
55087,2023,5,10,"55029,55061,55071,55083,55071,55078,55083,55097,55097,55047"
18069,2022,6,1,18159
13201,2024,4,1,13061
39015,2025,6,4,"21097,21201,21069,21201"
05095,2022,4,3,"28027,05037,05037"
06097,2021,1,3,"06021,06021,06023"
17183,2021,7,1,17023
13251,2023,6,4,"13107,13107,13163,13107"
21165,2021,6,1,21115
12073,2021,3,2,"12037,12037"
42051,2024,8,6,"54051,54103,54051,54069,54103,54093"
29207,2021,6,2,"17181,29179"
12011,2022,6,2,"12043,12043"
47037,2025,5,1,47159
12091,2025,5,3,"01013,01035,01035"
34005,2022,2,2,"42077,42095"
48213,2022,5,2,"48217,48217"
13109,2023,8,5,"13107,13107,13279,13107,13279"
22111,2023,7,3,"05011,05011,22123"
39039,2024,8,2,"39173,39173"
48001,2020,7,2,"48313,48313"
21089,2023,7,2,"21063,21161"
55078,2025,4,2,"55041,55041"
55089,2022,6,2,"26105,26105"
18159,2020,6,1,18009
12101,2025,3,3,"12049,12049,12093"
13273,2024,5,3,"13061,13061,13193"
23007,2023,8,2,"23023,23023"
48069,2024,6,2,"48153,48153"
18157,2020,4,1,18131
29181,2023,3,4,"05055,29069,05055,29069"
27029,2020,9,1,27071
54025,2024,1,1,51580
21213,2025,5,1,21177
51141,2024,12,1,37005
47059,2025,5,1,47067
22051,2025,5,3,"22007,22093,22093"
48073,2020,2,1,48313
29101,2021,12,1,29185
08005,2022,7,3,"08019,08047,08093"
20041,2024,7,1,20123
28081,2020,10,1,28009
13245,2021,7,7,"13107,45011,13107,13301,13301,13317,45011"
21173,2023,2,2,"21069,21069"
04021,2022,10,4,"04012,04027,04023,04027"
24033,2020,6,2,"51600,51610"
13129,2021,10,2,"13111,13111"
06089,2020,11,11,"06091,41037,06091,06115,06015,06023,41033,06021,06045,06023,06045"
04012,2020,3,1,32017
12033,2025,5,1,01035
28141,2020,2,1,47069
53017,2021,8,10,"53033,53001,53005,53021,53043,53077,53033,53077,53019,53043"
30005,2024,7,1,30037
55031,2024,5,6,"27031,55003,27065,27071,55003,55003"
12101,2023,10,4,"12049,12049,12055,12093"
56007,2023,8,7,"08103,49047,08103,56017,56039,49043,56041"
37091,2022,5,1,37185
04013,2022,3,7,"04009,06025,04003,04009,04023,04009,06025"
47163,2024,9,3,"37011,37009,37011"
51137,2024,12,1,51630
37007,2022,5,1,45033
41045,2024,6,4,"16083,32015,41049,41069"
51003,2023,9,1,51660
26109,2022,6,3,"26153,26083,26019"
46007,2022,9,3,"31091,31103,31103"
05041,2020,9,2,"28027,28027"
35035,2020,3,1,35017
39107,2023,3,1,18009
47135,2021,10,2,"47083,47083"
18003,2022,8,3,"18075,18009,18075"
51095,2020,6,1,51735
27023,2022,9,3,"27103,27081,27083"
45019,2024,3,2,"45005,45049"
56037,2020,6,7,"49029,49033,56017,56029,16029,49033,49033"
17011,2025,5,1,19045
45013,2023,3,2,"45009,45009"
19111,2021,6,1,29103
21035,2022,8,4,"47005,47017,47005,47083"
25023,2022,7,3,"25007,25007,44005"
18179,2023,6,3,"39161,39161,18103"
48421,2023,4,1,35037
05103,2021,1,2,"22027,22027"
17047,2020,10,1,17079
05013,2022,7,1,22067
19163,2022,11,2,"19115,19115"
13005,2023,6,6,"13279,13271,13209,13271,13279,13309"
20155,2024,5,1,20097
51057,2021,5,1,51131
06045,2024,1,3,"06011,06011,06063"
13107,2024,8,2,"13125,13301"
38077,2024,7,1,27149
22105,2022,8,4,"22037,28091,22037,28037"
46083,2021,4,17,"19141,19143,27133,19035,19141,19143,31051,46135,27133,46079,46087,46067,46087,46135,19193,31043,31051"
12111,2025,5,1,12105
41005,2022,11,13,"53039,53059,41053,41009,53059,41021,41069,53039,41007,41009,41057,41053,41057"
55085,2025,5,2,"55051,55051"
49035,2024,7,1,49009
29165,2024,8,1,29003
29115,2025,6,5,"29199,29061,29025,29061,29137"
19113,2023,1,1,19115
48285,2023,1,5,"48481,48175,48481,48175,48391"
29169,2025,5,4,"29073,29151,29151,29073"
37041,2023,7,2,"37177,37177"
13165,2021,5,3,"45011,13279,13283"
51061,2023,7,1,51685
56013,2023,9,6,"08081,56023,08081,49043,56023,56023"
39009,2025,5,2,"54073,54073"
13267,2020,4,2,"13283,13283"
12099,2020,2,2,"12055,12055"
13069,2022,5,2,"13309,13309"
21089,2020,6,1,21063
51131,2022,6,2,"51740,51740"
31161,2025,5,1,31171
51059,2020,2,1,51685
20137,2024,6,1,31073
13273,2021,4,2,"13259,13259"
29045,2021,8,3,"17071,17071,29197"
55081,2023,7,3,"55035,55141,55141"
26057,2025,5,5,"26035,26051,26133,26035,26051"
01011,2021,4,3,"13259,13053,13259"
48053,2021,5,1,48287
48109,2023,9,2,"35005,35005"
17179,2024,5,1,17017
53033,2021,1,8,"53057,53029,53025,53029,53057,53005,53025,53039"
37053,2022,5,1,51740
05037,2025,5,2,"05077,05077"
40019,2022,4,1,48077
39027,2023,7,1,21161
46065,2023,7,1,46015
40017,2022,8,4,"40043,40093,40075,40093"
30081,2022,6,9,"16037,30057,30093,30043,30077,30093,30077,30061,30077"
48491,2024,4,8,"48099,48145,48281,48309,48281,48477,48145,48395"
47091,2023,7,2,"51520,51520"
26105,2020,8,5,"26133,26165,26019,26165,26133"
33013,2021,7,1,50009
51115,2024,7,2,"51735,51735"
48131,2024,5,3,"48427,48427,48323"
40089,2024,11,1,05109
13069,2025,6,8,"13173,13315,13173,13209,13309,13091,13309,13315"
01093,2023,6,3,"28087,28117,28087"
29219,2025,5,2,"29151,29151"
23027,2024,4,2,"23023,23023"
47123,2022,5,3,"13111,13291,13111"
47065,2023,8,7,"13055,13129,13129,13213,13213,47061,47061"
53059,2020,9,7,"41021,53005,53053,53005,53025,53037,53053"
48253,2024,3,1,48429
27119,2021,9,1,27135
51089,2024,7,2,"51063,51063"
06017,2023,9,4,"06009,06109,06009,32019"
13285,2021,6,1,13231
29139,2024,4,5,"29173,29175,17013,17013,29173"
18163,2024,1,1,21233
29083,2021,3,2,"29107,29107"
28003,2020,1,2,"28009,28009"
26011,2023,6,12,"26111,26145,26157,26111,26143,26151,26157,26001,26135,26001,26135,26143"
36051,2025,5,3,"36063,36073,36073"
20029,2024,6,4,"20141,20141,31095,31095"
20091,2020,8,2,"20005,29177"
47023,2020,4,1,28009
45073,2024,1,4,"13195,13281,13195,13281"
06063,2023,9,5,"06011,06049,06049,06105,06105"
19177,2022,9,2,"19115,17071"
01057,2025,6,1,01065
28057,2024,9,1,28139
35047,2022,9,2,"35041,35028"
18055,2025,6,1,17185
48187,2020,1,1,48285
48249,2023,8,3,"48007,48007,48391"
48013,2023,4,3,"48127,48175,48127"
30031,2021,8,6,"16065,16081,30023,30045,56017,16081"
47087,2021,2,2,"47137,47137"
55059,2020,7,1,55055
13031,2025,3,3,"13163,13175,13283"
13103,2023,9,1,13107
24019,2025,5,2,"24035,24035"
51077,2021,6,3,"51021,51520,51021"
47037,2022,2,1,47111
28039,2021,4,1,28045
42119,2023,7,2,"42093,42093"
08123,2021,6,1,08047
26075,2023,6,7,"26023,26149,26023,26155,39095,26155,26163"
17159,2020,4,2,"17121,17121"
47071,2020,4,3,"47069,47069,47069"
19103,2025,4,9,"19045,19105,19107,19055,19105,19087,19087,19101,19107"
32003,2023,6,4,"49025,49001,49021,49027"
37163,2022,9,2,"37047,37047"
20033,2021,7,2,"40003,40003"
13145,2021,3,3,"13231,13053,13053"
06051,2022,7,8,"06053,06069,32510,32001,32029,32031,32510,32001"
42075,2022,5,3,"42077,42025,42077"
47017,2020,3,1,47069
40051,2021,11,3,"40075,40075,40099"
16023,2022,5,3,"16025,30001,30001"
16003,2024,9,4,"16027,16035,53013,53023"
17059,2024,1,7,"17151,21055,21139,17151,17199,21055,21233"
48297,2020,6,1,48247
18065,2020,4,3,"18009,18075,18075"
23025,2023,9,1,23023
47093,2021,7,2,"37075,37087"
17191,2023,5,3,"17051,17051,17033"
17019,2022,4,3,"17039,17039,18171"
50025,2022,12,3,"50021,50001,50021"
37043,2022,6,4,"13137,13137,13111,13111"
17021,2024,3,2,"17005,17017"
48007,2020,6,1,48321
48157,2020,1,2,"48321,48321"
08123,2024,7,1,08047
13147,2020,4,1,13059
30071,2022,7,4,"30015,30041,30015,30045"
31161,2022,4,3,"31091,31103,31091"
17193,2021,3,2,"17165,17165"
29097,2021,6,1,40035
04003,2020,5,2,"35017,35017"
05031,2024,6,4,"05037,05035,05035,05037"
55091,2021,7,1,27163
29143,2021,3,1,21039
22073,2021,5,2,"22027,22027"
06015,2024,12,2,"41019,41019"
40045,2020,5,1,20033
13199,2021,1,4,"13171,13171,13053,13171"
37083,2025,4,2,"37187,37187"
29207,2023,2,6,"29123,05021,05021,05055,47095,29123"
06075,2020,8,2,"06095,06095"
01067,2025,2,1,13259
08037,2023,6,12,"08077,08103,49047,08019,08047,08015,08093,08015,08077,08103,08019,08093"
13297,2020,4,2,"13059,13059"
04025,2022,8,3,"04027,06025,04027"
46075,2023,5,1,46015
41043,2022,8,8,"41041,41037,41019,41041,41071,41041,41057,41071"
01111,2023,5,5,"13145,13097,13121,13145,13199"
37009,2024,5,3,"37011,37011,51640"
05103,2024,8,4,"05011,05025,05025,05011"
29153,2023,9,4,"05065,05065,29149,29149"
37171,2020,1,1,47091
39025,2025,4,3,"21097,21201,21097"
37161,2024,7,2,"37011,37011"
04003,2023,6,1,35029
17007,2024,5,1,55101
47083,2023,7,2,"47135,47135"
40091,2024,9,1,40127
06063,2025,2,1,06093
17157,2021,5,4,"17181,17027,17027,17181"
47119,2023,7,2,"47135,47135"
41037,2024,9,3,"32029,41031,41019"
22095,2021,7,7,"22007,22047,22007,22109,22007,28045,28113"
17163,2020,7,1,17083
08045,2024,5,5,"08065,08029,08015,08065,49009"
48401,2021,3,3,"48459,48459,48459"
19091,2021,12,5,"19021,19041,19059,19021,19041"
22099,2022,12,3,"22121,22029,22121"
16073,2023,5,9,"16045,16045,16075,16047,16047,16053,49003,49045,16075"
54081,2023,2,1,51021
29009,2021,5,1,05101
37021,2020,1,2,"37121,37121"
05057,2024,1,2,"05133,05133"
05147,2024,11,4,"05001,05077,05001,05077"
48159,2025,4,2,"48379,48379"
45015,2020,12,1,45011
34013,2024,7,4,"36005,36047,36085,36085"
13103,2020,8,1,13043
28121,2023,12,3,"28063,28077,28077"
48391,2020,5,2,"48321,48285"
38081,2022,8,2,"27155,27155"
13189,2021,8,1,13141
31177,2023,8,6,"19133,19165,19129,19165,19133,31173"
26131,2024,6,3,"26013,26013,55037"
54105,2025,4,2,"54073,54073"
01083,2024,4,3,"47071,47117,47117"
46071,2023,10,1,31103
31075,2021,5,2,"31117,31117"
13033,2020,9,1,13283
48055,2020,1,2,"48285,48285"
39155,2025,4,8,"39085,42049,39085,39153,39151,39151,39153,42049"
20149,2020,7,4,"31067,31133,31133,31147"
32003,2020,5,6,"06051,32033,49021,32001,32021,32033"
51027,2020,3,2,"21159,21159"
42073,2023,8,2,"39151,39151"
45063,2023,1,1,45009
23025,2020,8,3,"23029,23023,23029"
18095,2023,2,3,"18009,18009,18103"
39137,2024,5,1,39123
13169,2021,8,2,"13141,13141"
06047,2023,8,4,"06109,06109,06009,06109"
48095,2022,5,2,"48081,48081"
46013,2023,9,1,46005
06027,2025,2,6,"06031,06031,06109,06031,32015,32033"
08077,2025,6,10,"08037,08107,08015,08053,08091,08091,08015,08037,08065,08083"
31113,2023,9,2,"31091,31091"
17135,2024,8,1,17139
51107,2023,8,1,51685
26085,2025,5,13,"26019,26055,26035,26073,26117,26117,26035,26073,26113,26019,26055,26079,26113"
31041,2021,8,2,"31117,31117"
24033,2025,6,3,"24029,24035,51610"
06057,2021,12,6,"32510,32001,32027,32029,32510,41037"
19191,2022,6,1,19023
47049,2022,5,5,"47175,47027,47087,47027,47087"
46123,2023,5,4,"31091,31015,31015,46015"
13249,2025,6,6,"13093,13053,13259,13307,13093,13307"
48057,2023,9,4,"48089,48481,48481,48123"
06067,2022,11,10,"06041,06075,06097,32005,32005,32510,06041,06055,06097,06055"
01127,2022,6,5,"01075,01107,01075,28057,01107"
31179,2023,9,9,"46027,46135,31043,46027,46127,31003,31003,19133,31043"
05149,2025,6,5,"05019,05109,05113,05129,05113"
28085,2023,12,1,22107
32007,2022,6,6,"16053,16053,32027,32031,32001,32027"
55063,2023,4,3,"55035,55141,55035"
13139,2021,8,7,"13119,13257,13257,13281,13291,13281,13291"
13241,2021,10,6,"13257,13291,13291,13119,13147,13257"
31127,2022,8,4,"19071,19145,19071,31025"
37039,2023,7,8,"13123,13187,13213,13187,13281,13311,13281,13213"
47109,2025,5,2,"28139,28139"
20157,2024,8,10,"20123,20123,20141,20183,31181,31059,31035,31059,31181,31059"
26041,2024,6,7,"26083,26029,26013,26071,26083,26029,26097"
34039,2024,7,5,"34031,36047,34031,36047,36081"
22071,2021,3,2,"28045,28045"
12057,2024,5,5,"12027,12055,12027,12115,12055"
49051,2021,8,1,49039
13247,2025,6,2,"13159,13219"
13321,2024,9,3,"13315,13087,13315"
05009,2024,4,1,05137
30029,2020,6,12,"30101,30043,16021,16035,30039,30061,30101,30023,30039,30043,16079,30061"
42031,2023,7,1,42039
45081,2024,2,1,45011
01051,2023,7,1,01007
48201,2024,3,4,"48321,48407,48407,48477"
51197,2023,7,1,51750
27039,2024,6,2,"55091,27079"
08015,2021,8,7,"08029,08053,08091,08019,08053,08079,08105"
26007,2021,7,10,"26129,26031,26039,26137,26039,26129,26137,26031,26033,26097"
29079,2022,3,2,"29033,19185"
29065,2021,3,2,"29073,29073"
37153,2022,5,1,45033
12115,2022,5,2,"12043,12051"
46029,2023,5,6,"46005,27081,27173,46011,27011,46011"
17041,2020,5,1,17035
46069,2021,8,1,46005
29021,2024,10,1,29061
21119,2022,8,2,"21189,21189"
22055,2021,5,6,"22007,22047,22077,22007,22047,22077"
16033,2024,7,1,30023
16067,2025,5,3,"32007,16047,16047"
35033,2021,7,5,"08007,08021,35028,35028,08021"
22059,2024,6,3,"22039,22107,22039"
22107,2020,4,1,22077
26027,2023,6,2,"26023,26023"
26033,2023,7,6,"26029,26031,26047,26007,26031,26119"
23007,2023,12,2,"23023,23023"
45017,2024,6,1,45011
01073,2021,8,1,01107
21207,2022,6,2,"47027,47027"
13207,2021,1,1,13263
49033,2025,5,1,49009
18157,2020,8,1,18131
29181,2023,7,4,"05055,29069,05055,29069"
13189,2023,1,9,"13107,13125,13167,13303,13125,13141,13265,13221,13265"
54025,2024,5,1,51580
17053,2021,10,1,17039
51103,2021,5,2,"51131,51131"
53049,2022,1,7,"53031,53045,53067,53053,53059,53067,53077"
34029,2022,6,2,"34021,34021"
51003,2020,12,1,51820
47103,2021,7,1,01079
51181,2021,6,1,37073
34007,2023,7,2,"34011,34011"
48125,2024,4,2,"48191,48191"
24033,2020,10,1,51600
17033,2025,5,3,"17185,17185,17185"
19001,2025,4,1,19047
51179,2024,4,2,"51683,51685"
47121,2023,7,5,"13213,13313,13047,13083,13313"
06073,2021,3,3,"04012,04027,04012"
47021,2023,12,3,"47081,47081,47117"
36055,2025,5,2,"36063,36063"
13321,2023,1,5,"13261,13315,13037,13261,13315"
31159,2024,7,3,"31095,31121,31095"
45025,2024,7,1,45033
06107,2024,7,5,"06069,06037,06079,06111,06079"
24017,2022,8,2,"51600,51610"
31173,2022,5,8,"19093,19035,19093,19149,46127,46127,46027,46127"
46037,2021,8,4,"46005,46077,27073,46005"
51107,2020,7,3,"51600,51610,51685"
35035,2020,7,1,35017
48447,2022,5,3,"48077,48433,48433"
19147,2023,6,11,"19035,19093,19141,19035,19141,19143,19141,19143,27063,27063,19189"
51095,2020,10,1,51735
01113,2025,4,4,"13061,13197,13197,13307"
26055,2024,4,4,"26029,26143,26029,26143"
21047,2023,1,1,47079
13209,2020,8,2,"13043,13267"
56023,2021,8,6,"16041,16065,16081,16041,16041,16081"
48421,2023,8,1,35037
13241,2023,3,6,"13011,13139,13311,13291,13311,13291"
05103,2021,5,2,"22027,22027"
48263,2024,4,2,"48153,48153"
38031,2021,6,1,38083
48381,2020,6,2,"48369,48369"
39039,2023,4,4,"39095,39173,39173,26059"
48375,2025,6,1,35009
46121,2022,8,2,"31091,31149"
22045,2021,3,4,"22093,22077,22121,22077"
40091,2021,6,2,"40029,40029"
19005,2025,6,2,"19055,19055"
48269,2022,5,2,"48197,48197"
26041,2021,5,3,"26095,26095,26097"
21191,2021,2,2,"21201,21201"
12057,2021,4,4,"12027,12055,12027,12055"
39139,2021,5,2,"39103,39143"
05027,2023,7,2,"05003,05011"
21101,2024,3,4,"17069,21055,21033,21055"
39003,2023,2,6,"39147,39173,39175,39101,39175,39173"
04005,2022,8,2,"04012,04012"
08055,2020,7,6,"08021,08105,08021,08025,08053,08105"
19113,2023,5,1,19115
39127,2024,7,1,39083
42021,2025,3,1,42023
13161,2024,5,5,"13283,13315,13283,13175,13283"
06059,2023,1,4,"04012,06025,04012,06025"
27121,2021,6,6,"27153,27023,27009,27153,27023,27073"
51023,2025,6,5,"51580,54063,54063,51530,51678"
48213,2024,2,4,"48289,48289,48397,48379"
41039,2021,12,8,"41013,41037,41011,41015,41029,41033,41029,41037"
21089,2025,4,4,"21063,21205,21069,21205"
16031,2024,6,1,32015
17071,2020,7,2,"17169,17169"
51073,2024,7,1,51735
35055,2022,8,1,35028
29186,2022,5,1,29093
31003,2024,7,5,"31071,31115,31167,31167,31071"
29171,2025,6,6,"19051,19117,19117,29199,19051,29199"
20105,2025,5,4,"20089,20089,20163,20183"
47097,2020,3,1,47069
55009,2021,6,1,26089
12095,2024,7,3,"12055,12049,12055"
05141,2023,8,1,05065
28145,2020,4,2,"47069,47069"
51059,2020,6,1,51685
48297,2025,6,5,"48163,48493,48047,48047,48493"
50003,2020,5,1,50017
29037,2021,4,2,"29107,29107"
30035,2023,6,1,30015
47179,2025,5,2,"37011,47067"
12113,2025,5,1,01035
47035,2024,8,1,47137
55007,2025,5,1,55051
48085,2025,5,1,48379
20035,2023,5,4,"40053,40053,40103,40103"
21065,2021,7,2,"21173,21173"
28117,2021,7,4,"47071,28009,47071,28009"
54031,2023,8,2,"51660,54093"
22051,2022,8,2,"22007,22117"
18067,2020,8,2,"18131,18009"
18107,2023,6,1,18181
26107,2024,8,1,26143
19009,2021,8,2,"19093,19193"
36021,2022,12,2,"50003,50003"
54047,2022,1,2,"51167,51167"
19007,2024,7,3,"29129,29129,29211"
32031,2024,11,6,"06093,32015,32015,32015,41013,41023"
51071,2025,6,2,"51197,51197"
12033,2022,8,1,01035
39111,2023,1,2,"39115,39115"
30099,2021,7,6,"30045,30059,30045,30089,30043,30059"
28065,2024,6,2,"28147,28147"
13157,2025,5,3,"13221,13221,13221"
37039,2020,4,2,"13281,13281"
46007,2024,6,5,"31017,31091,31103,31171,31103"
27025,2023,8,4,"27095,27095,55005,55005"
29035,2023,4,4,"05021,29069,05021,29123"
29165,2023,4,1,29003
48325,2025,5,3,"48255,48493,48493"
18053,2020,3,3,"18075,18075,18075"
08017,2021,4,1,08011
39119,2023,2,3,"39075,39083,39083"
48187,2020,5,1,48285
48093,2020,5,1,48425
51133,2021,6,1,51131
47003,2022,2,3,"47051,47051,47051"
22005,2021,3,3,"22121,22077,22121"
48453,2022,3,3,"48149,48149,48177"
13097,2024,8,2,"13143,13143"
22117,2021,9,2,"28045,28045"
20183,2022,4,2,"20123,20123"
21039,2024,9,3,"17003,21139,17003"
13055,2022,9,1,13047
51099,2024,8,1,51630
28039,2021,8,1,28045
18051,2021,8,1,18055
27111,2022,7,2,"27155,27155"
28059,2023,4,5,"28041,28041,28111,28035,28111"
48279,2023,4,2,"35041,35041"
40007,2020,5,2,"20033,20033"
26089,2022,5,5,"26039,26079,26031,26079,26095"
17073,2023,7,2,"19115,19115"
55105,2024,4,1,55101
54025,2021,2,1,51580
51061,2020,10,1,51685
34023,2022,6,2,"34019,34019"
31021,2021,7,5,"19093,19193,19193,31043,31051"
48147,2022,4,2,"40095,40095"
39059,2021,8,1,39083
13309,2024,9,2,"13315,13315"
49003,2022,7,7,"16053,16083,16083,49033,49029,49029,49033"
47187,2024,3,3,"47101,47135,47101"
19047,2023,4,10,"19021,19035,31173,19021,19035,19035,19149,31043,31173,46127"
45021,2025,6,2,"45023,45023"
51073,2021,6,4,"51131,51131,51131,51735"
29171,2022,5,3,"29103,29115,29115"
55021,2020,4,2,"55055,55055"
19003,2020,3,9,"19009,19009,19155,19165,19071,19129,19155,19071,19129"
46043,2020,6,1,31107
31161,2022,8,3,"31091,31103,31091"
28029,2024,1,3,"22107,22107,28005"
27091,2023,8,8,"19059,19189,27161,19189,27161,19059,19143,27105"
29007,2021,8,3,"29089,29073,29089"
05017,2024,8,3,"05011,05011,05025"
31167,2023,10,2,"31173,31173"
26117,2023,6,6,"26155,26111,26145,26155,26111,26105"
30083,2023,5,2,"30091,30091"
08027,2021,7,5,"08003,08003,08053,08079,08105"
17167,2023,4,5,"17173,17147,17173,17051,17173"
41061,2024,7,9,"16087,41049,41069,41049,53005,53013,53071,53013,53023"
04003,2020,9,2,"35017,35017"
48085,2022,4,1,40095
13255,2024,2,3,"13293,13293,13293"
22073,2021,9,2,"22027,22027"
21111,2021,2,2,"21163,21163"
06043,2022,12,3,"06069,06085,06085"
39105,2023,7,2,"54105,54105"
31021,2024,8,2,"19093,31167"
35047,2021,5,1,35028
48245,2021,10,5,"48241,48373,48457,48373,48241"
54033,2024,5,1,54093
35001,2024,9,3,"35003,35031,35031"
48147,2025,5,1,48379
13199,2021,5,3,"13053,13269,13269"
16039,2024,9,2,"16027,16027"
48249,2022,4,3,"48247,48247,48013"
06029,2022,6,3,"06053,04012,06053"
22027,2024,6,1,05011
20015,2023,2,1,40053
28155,2021,5,1,28135
08051,2021,8,6,"08065,08007,08079,08065,08079,08105"
54011,2020,7,1,21159
19003,2023,4,3,"19165,19129,19129"
54059,2021,2,1,21115
51093,2021,5,2,"37073,37073"
28065,2021,5,2,"28147,28147"
01111,2023,9,5,"13143,13097,13121,13143,13199"
05103,2024,12,8,"05011,05025,05109,05025,05053,05109,05003,05011"
19037,2024,6,2,"19069,19069"
48323,2020,5,1,48247
06019,2023,8,5,"06079,06109,06109,32019,06079"
47167,2021,3,3,"05123,29069,28009"
17043,2022,6,3,"17063,17063,17091"
28023,2023,12,1,28111
25001,2021,7,2,"44001,25019"
45073,2021,4,7,"13281,13281,37043,37087,37043,37075,37087"
22029,2021,5,5,"22047,22099,22121,22121,28005"
18089,2024,6,3,"18149,18181,18149"
18031,2024,5,1,18115
48001,2024,2,4,"48313,48455,48313,48395"
16047,2020,4,2,"16067,16067"
30031,2023,5,2,"30107,56017"
19023,2020,6,2,"19079,19079"
37015,2021,6,2,"37073,37073"
54081,2023,6,4,"54045,51021,54045,54059"
40139,2024,7,2,"40045,40059"
31019,2020,3,2,"31077,31077"
48477,2023,4,1,48481
47151,2025,4,9,"21125,21199,21235,21053,21199,47173,21235,47173,21053"
13091,2020,1,4,"13283,13017,13283,13017"
21093,2020,3,1,21005
26119,2020,7,2,"26097,26097"
39145,2023,1,1,21069
48055,2020,5,2,"48285,48285"
26115,2022,8,1,39173
18003,2023,2,1,18009
25001,2024,8,2,"25019,25025"
54107,2021,6,2,"39115,39115"
13135,2020,2,2,"13059,13059"
36027,2024,1,1,36103
47035,2021,5,2,"47137,47105"
21135,2021,7,2,"21201,21201"
23025,2020,12,3,"23015,23023,23015"
27053,2021,9,8,"27025,27163,27085,27163,27163,27009,27085,27093"
29189,2021,6,3,"17027,17027,29073"
04015,2024,9,2,"04027,06037"
01033,2022,10,6,"28057,47071,28003,28057,28117,47071"
31163,2020,7,1,31011
06027,2025,6,6,"06031,06031,06109,06031,32015,32033"
21095,2020,7,1,51720
13069,2021,1,2,"13209,13279"
55083,2025,4,2,"26019,26089"
51015,2022,6,3,"51540,51678,51660"
08059,2023,5,5,"08117,08015,08043,08117,08043"
51107,2023,12,4,"42057,51600,51683,51685"
36077,2023,4,2,"36093,36093"
21103,2020,7,2,"21005,21005"
26071,2025,4,5,"55051,26083,26083,26083,55051"
37117,2023,8,2,"37091,37177"
18137,2023,3,1,21223
42089,2022,6,3,"34019,42077,42077"
08103,2020,6,1,49007
42071,2025,5,2,"24029,24029"
45041,2021,5,1,37007
08043,2024,8,4,"08065,08019,08065,08003"
17167,2020,3,2,"17169,17083"
41061,2021,6,8,"16003,41049,41069,41049,53005,16003,16049,53003"
29093,2020,11,1,29073
46053,2020,6,2,"31107,31107"
54089,2021,3,2,"51021,51021"
13139,2021,12,15,"13195,13257,13059,13219,13111,13247,13257,13281,13059,13195,13219,13111,13291,13281,13291"
21079,2025,6,9,"21239,21199,21049,21065,21109,21239,21109,21125,21199"
40017,2021,4,1,40103
27155,2023,7,4,"27151,27041,27041,27151"
30053,2023,5,7,"16055,16079,53051,53063,53051,16079,30061"
35001,2021,8,2,"35028,35028"
56019,2020,8,3,"56029,56017,56029"
16039,2021,8,2,"16053,16053"
01093,2022,2,4,"01107,28141,01107,28141"
28011,2025,6,3,"05003,05077,28083"
13095,2020,8,2,"13081,13081"
13163,2022,5,4,"13319,13317,13317,13319"
21177,2020,7,2,"21221,21027"
45081,2024,6,1,45011
21059,2024,3,2,"21233,21233"
48381,2025,6,1,35009
51820,2024,7,1,51790
05019,2024,8,3,"05025,05113,05113"
04015,2021,6,2,"04027,06025"
01067,2022,5,3,"13259,13037,13037"
05029,2021,4,1,05101
51175,2025,6,1,37143
37009,2021,8,1,51640
40117,2024,5,2,"40083,40083"
35015,2020,6,2,"48165,48141"
22095,2023,4,2,"22075,28113"
37031,2023,6,1,37177
48069,2023,5,1,35037
37161,2021,10,3,"37199,37121,37199"
01121,2023,5,2,"13045,01007"
48067,2021,5,2,"48459,48459"
08045,2021,8,3,"08065,08029,08065"
28145,2023,9,2,"28107,28161"
51179,2021,7,1,51685
18057,2022,8,2,"18157,18109"
27101,2023,10,2,"27173,27173"
28017,2023,8,8,"28161,28087,28105,28117,28087,28019,28097,28105"
55039,2020,6,1,55055
01073,2021,12,1,01107
19053,2025,5,3,"19007,19007,29061"
01019,2023,8,5,"13045,13083,13015,13129,13015"
48169,2022,8,2,"48115,48115"
13089,2024,7,1,13013
17109,2024,6,1,17017
51119,2024,7,1,51735
31135,2024,9,4,"31117,31047,31113,31117"
13033,2022,6,2,"13125,13301"
13001,2020,4,1,13283
20149,2022,4,3,"20013,20013,31147"
12073,2024,12,2,"13087,13087"
19025,2020,6,3,"19009,19165,19079"
20019,2021,7,1,40103
46025,2023,8,3,"46011,46011,46079"
54055,2023,6,4,"51045,54059,54045,54059"
21133,2022,8,2,"21189,51720"
26045,2025,5,2,"26117,26117"
46127,2024,7,4,"19093,31173,31173,31173"
13003,2020,2,1,13017
45075,2022,5,3,"45043,45089,45089"
47125,2025,5,6,"21033,21177,21221,21177,21035,21221"
16013,2020,4,5,"16029,16059,16083,16059,16083"
51179,2024,8,2,"51683,51685"
48129,2023,10,1,40129
48099,2020,1,3,"48425,48333,48333"
39037,2020,5,1,18009
18135,2023,1,2,"18009,18009"
51107,2025,5,2,"51610,51685"
08077,2022,9,3,"49047,08065,49047"
48329,2020,4,2,"48165,48165"
17145,2022,4,1,17133
51107,2020,11,2,"51600,51685"
21187,2021,6,2,"21097,21097"
48387,2024,3,3,"40005,40013,40013"
55071,2025,6,4,"26019,26055,26165,26019"
45069,2020,5,1,45089
21117,2024,9,2,"21097,21097"
40141,2023,9,2,"48077,48077"
21047,2023,5,1,47079
29183,2023,4,1,29221
13241,2023,7,5,"13011,13311,13291,13311,13291"
47029,2021,8,3,"37199,47171,47171"
13167,2022,6,5,"13125,13301,13309,13309,13125"
17057,2020,4,3,"17017,17129,17017"
18063,2025,4,2,"18023,18023"
42079,2025,6,2,"42093,34037"
51173,2024,5,2,"37005,51640"
18027,2023,6,1,17033
40091,2021,10,2,"40133,40133"
05109,2022,4,2,"05081,05081"
40143,2023,10,2,"40103,40103"
21191,2021,6,2,"21201,21201"
01051,2025,4,2,"01085,01085"
29111,2024,6,1,29173
35049,2021,5,2,"08007,08021"
25003,2022,3,1,36079
40081,2022,6,2,"40133,40133"
12001,2024,7,3,"13065,12017,12017"
54035,2025,4,1,54073
45081,2021,5,1,45011
12083,2024,7,2,"12041,12041"
21165,2023,7,2,"21063,21063"
48365,2021,4,1,48459
48225,2023,3,1,48405
01075,2023,6,1,28105
48213,2024,6,3,"48289,48289,48379"
31089,2020,5,7,"31011,31119,31139,31027,31139,31011,31077"
13205,2023,3,2,"13037,13037"
16067,2022,8,3,"16025,16037,16025"
49049,2024,9,1,49009
01097,2025,6,3,"01023,28111,28111"
31023,2024,7,7,"31039,31167,31039,31011,31121,31167,31121"
38073,2024,6,2,"38093,38093"
13111,2020,1,1,13281
51059,2020,10,1,51685
48457,2025,4,4,"48225,48455,48407,48455"
29037,2021,8,2,"29107,29107"
18099,2024,6,1,18181
20063,2024,9,3,"20147,20163,20163"
31031,2023,4,1,31015
51119,2021,6,1,51735
47089,2025,5,3,"47067,47173,47173"
31135,2021,8,2,"31117,31117"
47047,2024,4,5,"28139,28139,47023,05035,05035"
05135,2023,6,3,"05055,05021,05055"
24035,2023,9,1,34011
35057,2020,8,3,"35006,35006,35006"
19009,2021,12,2,"19093,19193"
04017,2020,7,1,35006
08001,2024,5,2,"08019,08047"
40079,2022,4,1,05081
17185,2020,1,1,17079
39149,2020,5,2,"18075,18075"
27005,2023,5,3,"27041,27153,27153"
20065,2024,6,1,20141
21027,2024,7,1,21061
01069,2024,2,2,"13061,13061"
38013,2023,4,2,"30091,30091"
28049,2024,2,6,"22107,28063,28063,28077,28077,22107"
48445,2023,5,1,35041
26127,2020,6,2,"26133,26133"
40071,2023,10,3,"40003,40093,40003"
54099,2021,2,2,"21115,21115"
27043,2024,8,2,"27079,27079"
46085,2023,6,5,"31015,46067,31015,31103,31103"
17051,2025,4,1,17159
18087,2025,4,2,"39171,39171"
27017,2024,7,3,"27065,27065,27071"
28045,2023,3,6,"22075,28035,28073,28091,28035,28111"
26103,2022,4,3,"26095,26153,26153"
48387,2021,2,2,"48315,48459"
55083,2020,8,2,"26019,26089"
30017,2020,7,1,56033
54047,2025,6,3,"21195,21159,21195"
47153,2023,6,4,"13047,13083,13313,13083"
18021,2024,5,2,"18045,17033"
18053,2020,7,4,"18075,18075,18135,18075"
49011,2024,7,1,16071
49057,2020,6,3,"16041,16041,32033"
05127,2025,6,3,"05019,05109,05109"
21081,2021,4,3,"21023,21201,21023"
11001,2020,6,1,51610
13139,2020,4,4,"13059,13281,13059,13281"
08017,2021,8,1,08039
32033,2023,6,12,"49003,49001,49021,49039,49049,49001,49039,49041,49003,49011,49049,49057"
47165,2024,6,1,21219
48461,2024,5,2,"48475,48475"
48293,2025,5,2,"48225,48051"
51700,2025,5,2,"51830,51830"
22005,2021,7,10,"22057,22099,22109,22037,22121,22077,22099,22121,22057,22057"
47177,2022,9,3,"47051,47127,47051"
48065,2024,6,1,48191
54067,2020,8,1,54021
18017,2025,6,2,"18023,18023"
21145,2024,8,6,"17151,17003,17003,17069,17151,21055"
06041,2020,3,3,"06113,06033,06045"
29133,2023,2,3,"47095,29069,47095"
20151,2023,6,1,40003
56001,2021,7,2,"08107,08107"
38091,2024,5,5,"38093,38099,38031,38093,38099"
27143,2024,8,2,"27127,27173"
40093,2021,5,1,40103
19063,2023,7,11,"19021,19035,19141,19143,19141,19143,19189,19021,19143,27105,27013"
21101,2021,6,1,21091
01031,2023,7,3,"01013,01035,01013"
19067,2022,5,2,"19197,19197"
22103,2022,5,5,"22057,22057,22093,28091,28091"
04007,2024,7,1,04027
49045,2024,8,2,"32015,16071"
45035,2022,6,3,"45043,45089,45043"
19131,2022,7,1,19197
31181,2021,12,1,20123
21181,2024,2,2,"21023,21023"
47161,2025,2,2,"21033,21033"
16071,2021,7,3,"16053,16007,16007"
47115,2023,8,2,"13047,13313"
51047,2024,9,2,"51630,51630"
48213,2021,5,2,"48459,48379"
12107,2025,6,3,"12041,12075,12075"
47063,2021,5,2,"37087,47171"
47187,2024,7,2,"47055,47055"
28061,2024,8,2,"28111,28111"
20085,2025,4,2,"20043,20043"
19047,2023,8,10,"19021,19035,31173,19021,19035,19035,19149,31043,31173,46127"
50023,2021,7,3,"50009,50019,50019"
48133,2020,4,3,"48333,48333,48425"
29095,2025,6,1,29025
55021,2020,8,2,"55055,55055"
48289,2023,8,1,48455
48469,2020,3,3,"48321,48321,48481"
40057,2023,8,1,40129
31107,2022,7,10,"31103,31051,46027,31103,46067,46015,46067,46027,46067,46125"
19161,2021,9,9,"19041,19141,19041,19141,19167,19193,19193,19193,19041"
31039,2022,7,4,"19193,31043,31051,31051"
22103,2025,6,4,"22093,28113,28113,28147"
48009,2022,9,1,48197
29141,2021,4,2,"29089,29107"
20187,2021,5,2,"08011,08011"
55061,2020,4,2,"26089,26089"
48061,2023,9,1,48047
31149,2020,8,3,"31107,31003,31107"
29063,2022,7,5,"29033,29117,29177,29177,29117"
01129,2024,12,7,"28023,28039,28039,28111,28023,28061,28111"
01113,2022,5,1,13307
49047,2021,8,4,"08107,08107,08107,49039"
08117,2021,7,4,"08047,08107,08047,08107"
37191,2025,2,2,"37141,37141"
31101,2022,4,2,"31091,31091"
12071,2020,5,3,"12027,12055,12055"
20015,2023,6,1,40053
40037,2023,6,2,"40103,40103"
26161,2025,5,2,"39095,39095"
40047,2022,7,1,40043
45015,2024,5,1,45011
06019,2023,12,4,"06079,06109,06109,06079"
55073,2025,4,1,55041
29091,2021,4,1,29179
29165,2020,7,4,"20043,20043,29177,29177"
18167,2021,3,1,17079
37189,2020,1,1,37121
25001,2021,11,1,25019
31149,2023,9,1,31003
56031,2022,6,2,"56007,56007"
21083,2020,10,1,21143
13137,2023,6,8,"13157,13195,13013,13157,13187,13291,13187,13291"
29217,2025,5,2,"20133,20133"
48423,2025,6,4,"48225,48231,48379,48379"
40023,2022,5,2,"40095,05081"
48001,2024,6,7,"48349,48349,48313,48455,48471,48313,48395"
48005,2024,6,6,"48289,48313,48471,48407,48407,48471"
12071,2023,6,3,"12027,12055,12055"
16061,2022,6,1,30061
17075,2022,7,3,"18171,18157,18171"
06045,2023,1,4,"06055,06013,06041,06055"
31019,2020,7,2,"31077,31077"
31055,2024,8,1,31039
01059,2023,1,2,"28117,28117"
29025,2021,5,2,"29107,29107"
12127,2025,6,4,"12105,12075,12105,12007"
08035,2025,4,5,"08043,08014,08019,08047,08043"
21093,2020,7,1,21005
17031,2023,6,1,18141
20097,2021,8,1,40003
20021,2025,5,2,"20133,20133"
51003,2024,7,2,"51790,51660"
41055,2020,5,2,"41027,41027"
05073,2021,3,2,"22027,22027"
21189,2024,9,1,21133
48107,2024,4,1,48191
26111,2020,6,2,"26133,26133"
42045,2024,7,1,34001
18003,2023,6,1,18009
41035,2020,5,9,"32031,06015,41033,41025,41015,41033,41033,32031,41025"
13135,2020,6,2,"13059,13059"
13245,2025,6,3,"13125,13301,13301"
13021,2025,4,10,"13193,13023,13093,13193,13235,13237,13319,13023,13175,13319"
24025,2025,5,1,24035
05111,2025,5,1,05077
04012,2024,2,2,"06059,06059"
30057,2024,6,3,"30023,30023,30023"
37045,2024,1,1,37011
42033,2023,12,4,"42009,42009,42053,42053"
21007,2021,3,2,"17181,17181"
26043,2022,5,1,26083
13069,2021,5,4,"13209,13279,13309,13309"
49025,2021,10,1,04012
36077,2023,8,2,"36093,36093"
39039,2025,4,5,"39063,39095,39173,39063,39173"
48311,2020,4,2,"48247,48247"
29095,2022,5,2,"29033,29033"
45027,2020,12,1,45011
51830,2020,10,1,51735
42035,2023,8,1,42093
25013,2025,5,1,44009
23007,2024,4,2,"23023,23023"
47175,2023,4,2,"47061,47061"
13185,2024,11,1,12067
39021,2025,6,1,39101
48029,2025,5,5,"48163,48255,48163,48507,48255"
20095,2022,6,4,"40003,40003,40053,40053"
17167,2020,7,2,"17169,17083"
22069,2024,6,2,"22039,22011"
23017,2020,1,2,"23023,23023"
48303,2020,6,2,"48369,48165"
39015,2024,9,3,"21097,21201,21201"
47113,2023,8,2,"47045,47045"
30067,2024,8,2,"30037,30037"
32005,2024,7,4,"06109,06109,32029,32029"
12077,2024,9,1,13087
01093,2022,6,4,"01107,28141,01107,28141"
48161,2020,4,1,48313
42015,2023,6,1,42093
13297,2022,5,10,"13059,13157,13157,13133,13159,13159,13059,13133,13157,13221"
04025,2024,9,3,"04009,04027,04027"
29185,2023,9,6,"20107,20121,29037,29037,29101,20107"
13317,2020,1,1,13059
20129,2021,6,1,08011
23019,2021,7,2,"23007,23015"
21129,2021,4,1,21173
21001,2025,5,5,"21199,21053,21053,21199,21231"
16077,2021,9,5,"16041,16025,16053,16041,49005"
13019,2021,9,1,13005
29001,2024,8,5,"29079,29175,29129,29079,29129"
33003,2020,7,1,50017
28109,2024,1,3,"28111,28077,28111"
06065,2020,12,4,"04027,04027,06037,06037"
13273,2023,8,3,"13259,13193,13259"
13165,2025,4,5,"13109,13163,13163,13175,13283"
48167,2024,3,1,48321
37113,2020,4,2,"13281,13281"
36105,2024,5,1,34031
13263,2022,8,3,"13259,13259,13307"
28137,2020,4,1,28009
49045,2021,5,3,"32013,49039,49039"
48001,2021,5,1,48455
17149,2025,5,4,"29111,29111,29137,29137"
30031,2020,8,6,"16065,30023,30077,30093,30093,56017"
10003,2023,7,3,"34011,34011,34011"
01019,2023,12,2,"13143,13143"
47079,2025,2,1,21039
20133,2023,11,2,"20107,20107"
19061,2024,7,1,19031
13033,2022,10,10,"13167,13175,13279,13283,13125,13167,13301,13303,45009,45009"
29213,2024,1,2,"05101,05101"
48465,2024,5,1,48323
13001,2020,8,3,"13043,13043,13283"
48019,2024,5,1,48323
19073,2023,7,4,"19079,19021,19165,19079"
18003,2020,5,3,"18075,18009,18075"
06107,2023,6,2,"06079,06079"
13073,2024,7,3,"13163,13301,13163"
27117,2021,4,8,"27127,27033,27127,46077,46079,46079,46087,46079"
39015,2023,1,1,21069
51179,2024,12,1,51685
01033,2024,7,4,"47055,47071,28117,47071"
17121,2025,5,2,"17159,17159"
20143,2024,5,2,"20141,20141"
48099,2020,5,3,"48425,48333,48333"
39037,2020,9,1,18009
27015,2023,10,5,"27161,27105,27173,27023,27173"
05081,2025,5,5,"05109,05109,05113,05113,05113"
54071,2022,3,1,51660
19107,2022,8,1,19115
06027,2022,9,7,"06053,06069,06079,32005,32019,04012,32001"
42047,2025,3,2,"42039,42049"
35053,2020,7,2,"35017,35017"
37147,2021,7,2,"37127,37127"
27127,2022,9,10,"27103,27063,27105,27081,27117,27105,27117,27133,27103,27081"
42051,2022,3,1,54009
45027,2022,5,3,"45043,45033,45043"
36083,2022,12,3,"50001,50021,50021"
30007,2025,5,3,"30057,30023,30057"
37071,2021,3,1,37179
20071,2021,7,2,"08011,08011"
40099,2022,10,6,"40095,40005,40029,40095,40029,40063"
55113,2022,9,2,"55119,55119"
47147,2022,4,2,"47083,47111"
16019,2023,7,2,"49033,56041"
48029,2022,4,2,"48177,48177"
21149,2021,3,2,"21091,21091"
26011,2022,4,5,"26001,26135,26001,26039,26135"
37111,2020,10,1,37087
01003,2024,12,5,"01023,28039,28041,01023,28041"
20023,2024,6,1,31085
22069,2021,5,3,"22027,22003,22003"
17117,2023,4,2,"17051,17173"
06087,2024,12,1,06031
06051,2024,11,2,"06031,06069"
27027,2022,8,2,"27155,27155"
01129,2023,4,3,"28075,28111,28111"
30067,2021,7,3,"30043,30045,56017"
21017,2021,6,2,"21201,21201"
32005,2021,6,3,"32001,32029,32029"
20179,2025,6,6,"31065,20147,20163,20147,31065,31083"
13077,2023,5,8,"13097,13097,13145,13293,13035,13151,13171,13145"
04025,2021,8,3,"04027,06025,04027"
35051,2025,5,2,"35057,35057"
48201,2021,10,4,"48373,48185,48185,48477"
47067,2022,5,1,51167
51051,2022,7,1,51720
28067,2023,12,2,"28131,28131"
27007,2024,6,2,"38099,27125"
13273,2020,7,2,"13081,13081"
13237,2024,6,4,"13219,13125,13301,13219"
51097,2023,6,5,"51199,51036,51199,51830,51036"
55003,2025,5,2,"26083,26083"
26101,2024,2,2,"26089,26089"
26073,2024,8,2,"26143,26143"
35043,2020,8,1,08021
47099,2023,3,1,47039
20161,2024,6,1,31095
30095,2021,6,4,"56029,30059,56029,30059"
55039,2022,3,2,"26105,26127"
19033,2020,9,2,"19079,19079"
39061,2021,3,1,21023
29101,2022,8,3,"29177,29033,29177"
37051,2025,6,2,"37141,37141"
05089,2024,3,3,"05065,05137,05137"
30037,2021,7,4,"30045,30059,30045,30059"
29199,2024,7,2,"19087,29211"
13245,2022,3,4,"13125,13301,13301,13317"
37027,2024,5,1,37005
21147,2024,7,2,"47137,47137"
31031,2023,8,2,"31015,31089"
28035,2021,3,2,"28045,28045"
42041,2024,1,1,42057
29097,2025,5,1,20133
17045,2020,4,1,17079
22019,2021,1,1,48199
40073,2022,8,5,"40043,40003,40053,40003,40043"
40033,2022,12,4,"40019,40019,48487,48487"
27057,2021,7,3,"27135,27153,27153"
51035,2023,4,3,"51021,51750,51021"
20087,2020,7,1,20043
39155,2024,4,4,"39085,39085,39151,39151"
48465,2021,4,1,48507
27171,2023,8,6,"27009,27095,27009,27041,27121,27153"
48105,2024,4,2,"48475,48475"
51167,2023,7,5,"54059,51021,51021,51520,51720"
13167,2021,2,6,"13031,13279,13023,13209,13279,13023"
51063,2021,8,2,"51640,51021"
17185,2020,5,1,17079
05041,2021,5,2,"28027,28027"
30085,2024,9,1,38033
13211,2020,1,1,13059
39081,2023,1,3,"39151,39099,39151"
48325,2024,4,2,"48323,48323"
19177,2021,12,7,"29197,19183,19183,17071,29103,29103,29197"
23017,2023,8,3,"23023,23023,50009"
28049,2024,6,6,"22107,28063,28063,28077,28077,22107"
48027,2020,5,3,"48193,48193,48333"
13141,2022,6,8,"13319,13219,13221,13159,13221,13317,13317,13319"
51155,2021,8,1,51640
48409,2022,9,4,"48057,48131,48131,48057"
45037,2024,4,2,"13163,45011"
20111,2022,3,2,"20207,20207"
21187,2023,3,2,"21223,21223"
24031,2025,5,2,"51610,51610"
54081,2025,6,1,54063
37021,2022,5,2,"37099,37099"
18121,2021,10,1,18109
06071,2024,7,5,"04027,06031,06079,06111,06111"
06017,2024,7,1,06109
17113,2025,4,1,17123
26103,2022,8,2,"26153,26153"
32023,2023,8,3,"32019,49021,32019"
16055,2022,6,2,"16021,30061"
01075,2022,2,2,"28057,28057"
17185,2023,6,3,"17033,17033,17033"
47107,2022,6,1,13111
13139,2020,8,2,"13281,13281"
05083,2021,5,2,"05101,05101"
16069,2022,3,9,"30061,16059,16009,53023,53023,16009,53001,53021,53023"
29127,2021,8,2,"29103,29103"
48091,2022,5,2,"48013,48177"
18063,2022,7,3,"18045,18157,18021"
32003,2022,9,4,"04012,04012,49001,32001"
47093,2025,4,1,47067
47145,2025,6,4,"47173,47049,47173,47049"
18125,2024,3,1,17033
16023,2021,8,3,"16025,16015,16065"
38035,2021,6,2,"27135,27029"
18095,2025,6,3,"18103,18023,18023"
29111,2021,9,1,17071
46067,2020,1,4,"31107,31107,31027,31107"
01071,2022,11,4,"13295,13295,47061,47061"
17203,2021,10,1,17039
26093,2022,8,2,"26037,26037"
17181,2023,3,2,"29123,29186"
54043,2020,2,2,"21159,21159"
53071,2020,5,1,53023
19077,2023,5,3,"19165,19165,19165"
21007,2024,8,1,21139
16067,2024,5,3,"16071,16083,16083"
55093,2021,7,1,27025
18071,2022,4,3,"18109,18109,18119"
01103,2022,5,1,47051
29091,2024,11,1,05065
48117,2023,5,3,"35041,35041,35047"
19177,2020,4,2,"29103,29103"
06103,2023,1,2,"06097,06049"
36089,2023,7,1,36019
47129,2021,5,3,"47137,47105,47137"
33011,2024,7,2,"25025,25025"
13105,2024,1,2,"13133,13301"
48037,2020,8,1,48119
06081,2020,1,4,"06099,06069,06099,06069"
49055,2022,7,3,"49039,49047,49039"
21011,2024,9,4,"21097,21201,21097,21201"
55061,2020,8,4,"26089,26165,26165,26089"
16029,2023,7,8,"49005,49033,56039,49005,49033,49033,56039,56041"
48039,2024,12,1,48057
01089,2021,9,2,"01043,01043"
55121,2023,4,1,55141
37191,2025,6,2,"37141,37141"
20015,2023,10,1,40053
16057,2022,6,5,"30061,30061,53001,53021,53023"
40037,2023,10,2,"40103,40103"
19177,2023,5,1,19115
48277,2025,5,2,"48231,48231"
18157,2021,6,1,18159
40093,2020,1,1,20033
21211,2020,7,2,"21223,21223"
16073,2022,8,7,"16045,16045,16025,16037,16053,32027,16087"
47185,2022,5,1,47087
13103,2024,5,2,"45005,45005"
45003,2021,6,1,13107
06071,2021,6,4,"04027,06025,06079,06025"
42019,2024,9,4,"39099,39099,42039,42039"
26143,2021,6,7,"26137,26011,26137,26011,26069,26069,26137"
18167,2021,7,3,"17079,18055,18055"
37189,2020,5,1,37121
48041,2024,2,5,"48339,48473,48161,48145,48473"
55013,2025,5,2,"27065,27065"
32023,2020,7,9,"06051,32019,32027,32031,06051,32027,49021,06051,32019"
37089,2020,1,1,37199
48057,2024,5,1,48123
19135,2021,7,2,"29197,29197"
47139,2023,5,7,"13123,13187,13291,13123,13313,13291,13313"
12071,2023,10,5,"12027,12055,12055,12093,12093"
13223,2025,6,1,13149
32003,2024,2,2,"06059,32015"
12083,2021,8,2,"12041,12041"
12097,2023,4,4,"12027,12049,12049,12081"
51173,2023,1,1,51520
13305,2023,4,3,"13279,13107,13279"
49017,2021,8,1,08033
12079,2024,1,2,"12041,12041"
51700,2022,8,3,"51620,51735,51735"
01025,2025,5,6,"28023,01013,01035,28041,01013,01085"
29135,2021,5,2,"29089,29089"
51059,2022,12,1,51685
18157,2024,7,2,"18165,18165"
21179,2025,6,1,21239
40007,2022,6,1,40043
30009,2020,6,3,"56033,56033,56017"
51007,2023,7,2,"51036,51183"
17015,2024,7,1,19031
18047,2020,8,2,"18115,18115"
37145,2021,7,1,37181
51181,2025,5,2,"51830,51670"
05095,2023,4,6,"05035,28143,28011,28027,28143,05035"
04007,2021,10,3,"04012,04027,04012"
47033,2020,5,2,"47069,47069"
21051,2024,9,1,21133
05103,2022,3,1,22067
37017,2024,7,2,"45033,45033"
47161,2022,5,3,"47017,47039,47017"
48121,2023,9,1,40013
37045,2024,5,1,37011
49003,2024,8,1,32015
39029,2025,6,5,"39133,39075,39133,39153,39169"
40091,2022,4,2,"40133,40133"
30001,2021,8,5,"16065,16081,30043,30043,30043"
29113,2020,3,2,"17083,17083"
48289,2025,5,3,"48051,48455,48051"
48311,2020,8,2,"48247,48247"
08001,2021,6,2,"08019,08047"
47179,2024,5,1,37011
42009,2022,7,1,42087
32013,2022,6,14,"16083,16083,32001,32001,06049,06091,32001,32019,32029,32510,41037,41013,41037,16087"
35035,2024,6,2,"35003,48377"
47175,2023,8,2,"47061,47061"
47015,2023,5,2,"47061,47061"
51085,2024,7,1,51630
39157,2021,7,3,"39083,39083,39099"
01081,2025,2,3,"13053,13259,13053"
48205,2025,4,1,35009
48201,2023,6,2,"48481,48481"
46063,2024,7,1,30109
05117,2022,5,3,"05123,05037,05123"
06097,2020,8,7,"06011,06021,06113,06021,06023,06113,06113"
39069,2021,6,1,39143
12081,2021,4,3,"12055,12055,12055"
32005,2024,11,2,"06109,06109"
05115,2025,6,2,"05137,05137"
46023,2020,8,2,"31003,31139"
46029,2022,8,4,"46005,46077,27081,46077"
37191,2022,5,2,"37141,37141"
13317,2020,5,1,13059
49019,2024,8,4,"08029,08029,08033,49009"
13293,2025,4,5,"13193,13053,13197,13193,13197"
31027,2022,10,13,"31043,31173,46127,46009,31167,31167,31173,46083,46125,46127,46009,46067,46125"
51059,2021,4,1,51685
51169,2020,7,3,"51520,51520,51720"
28089,2025,6,5,"28019,28083,28129,28061,28129"
55025,2022,11,2,"55047,55047"
17125,2022,6,1,17039
48323,2022,6,1,48247
41023,2020,5,5,"16087,32031,41037,16075,16087"
13201,2025,6,3,"13037,13037,13061"
26135,2020,11,6,"26141,26011,26031,26141,26011,26031"
41013,2023,5,4,"41037,41039,41037,41021"
51199,2022,3,2,"51740,51740"
21219,2022,8,1,47083
01007,2022,2,1,01107
06023,2025,1,2,"41033,41033"
05075,2023,2,6,"05111,29069,05021,29069,05111,05021"
36003,2024,6,2,"42023,42023"
48209,2022,5,3,"48149,48177,48177"
19187,2023,8,2,"19021,19021"
55075,2025,4,2,"26019,26089"
05117,2025,6,4,"05041,05077,05067,05067"
28121,2024,8,3,"28063,28077,28077"
51053,2022,7,2,"37185,51595"
48309,2023,3,2,"48193,48193"
06039,2020,5,3,"32005,32019,32021"
42107,2025,5,2,"42093,42093"
54061,2023,2,1,54093
12099,2024,5,2,"12055,12055"
18143,2021,10,2,"21223,21223"
28037,2020,12,1,28147
01015,2023,8,2,"13055,13045"
48453,2021,3,2,"48287,48287"
48065,2023,2,2,"48211,48211"
51135,2022,6,1,37185
46025,2022,7,1,46079
22019,2024,6,1,22039
27141,2023,8,3,"27041,27121,27153"
55065,2023,4,2,"17015,17015"
08049,2021,5,2,"08065,08065"
19099,2023,5,1,19079
08035,2022,7,4,"08019,08047,08093,08093"
20185,2024,8,2,"20097,20097"
46007,2025,4,1,31171
48465,2024,9,1,48507
48395,2025,5,2,"48225,48225"
46057,2024,6,2,"27073,27173"
38059,2023,6,1,38083
12069,2020,6,3,"12055,12049,12055"
22037,2025,5,3,"22029,28113,22029"
29023,2023,6,3,"05055,05055,29123"
30105,2022,8,1,30005
18077,2022,8,2,"18071,18071"
08085,2021,9,4,"08053,08053,08033,08033"
05053,2024,3,1,05011
13251,2021,5,5,"13107,13107,45011,13107,45011"
17117,2020,7,5,"17013,17013,17017,17017,17129"
51125,2021,5,2,"51540,51820"
51015,2024,7,3,"51530,51678,51660"
53001,2020,5,6,"53037,53047,53019,53047,16009,53023"
26055,2023,7,9,"26029,55029,55061,26143,26029,55029,26105,55061,26143"
30099,2025,6,1,30047
11001,2022,6,1,51610
17029,2023,5,4,"17033,17147,17147,17051"
20201,2022,6,3,"20089,20123,20089"
48273,2025,6,1,48489
51169,2025,6,4,"21013,21095,21095,21195"
48289,2022,4,5,"48185,48471,48217,48185,48471"
05143,2024,1,1,05101
54063,2021,3,2,"51580,51021"
28073,2021,3,2,"28147,28045"
42089,2024,7,1,34031
29069,2024,6,1,05035
17167,2022,4,2,"17039,17039"
48009,2021,5,2,"40033,40033"
26041,2020,8,7,"26083,26095,26019,26083,26095,26097,26019"
18069,2023,6,5,"39161,18009,18103,18103,18009"
28095,2023,8,4,"28105,28117,28117,28105"
44009,2020,4,2,"44001,44001"
21111,2020,2,4,"21223,21223,21005,21005"
13251,2024,6,3,"13163,45011,45011"
56019,2022,9,3,"56007,56007,56017"
47043,2024,7,2,"21219,47117"
48187,2024,4,1,48123
39043,2021,5,1,39103
05129,2023,7,2,"05065,05065"
08069,2022,7,6,"08047,08019,08037,08047,56007,56007"
37043,2023,8,5,"13311,13111,13187,13311,13111"
51185,2025,1,1,21195
20041,2022,6,1,20123
48503,2022,5,4,"48077,48275,48077,48275"
13153,2022,6,3,"13319,13249,13319"
04025,2021,12,3,"04027,06025,04027"
45085,2022,7,2,"45089,45089"
17029,2021,12,2,"17079,17079"
05121,2024,5,1,05065
29175,2021,12,3,"29051,29135,29103"
22045,2023,7,1,22121
47075,2021,4,3,"28009,28009,05035"
05067,2022,4,2,"05123,05123"
29081,2022,3,2,"19185,19185"
48069,2025,6,2,"35009,35009"
47017,2024,6,7,"47135,47071,47135,47023,47071,47023,47075"
48017,2023,5,3,"35037,35005,35037"
17131,2023,5,2,"17175,17175"
47101,2023,3,2,"47039,47039"
26101,2024,6,2,"26089,26089"
54025,2025,1,1,51580
47099,2023,7,2,"47135,47135"
20091,2021,8,1,29107
39049,2023,4,5,"39083,39101,39117,39083,39101"
41059,2023,5,16,"41069,41021,41069,53039,16003,16069,53003,53023,53021,53025,53039,53077,53021,53023,53075,53021"
06099,2024,2,5,"06005,06039,06039,06005,06039"
08005,2023,7,3,"08019,08047,08093"
17047,2023,3,1,17033
21153,2020,4,3,"21159,21159,21063"
13245,2022,7,4,"13125,13301,13301,13317"
12009,2021,5,1,12055
21035,2020,7,2,"21143,21143"
25023,2020,6,1,44001
18085,2025,5,4,"18103,18131,18131,18103"
23001,2020,12,2,"23015,23015"
21199,2021,6,1,47137
17045,2020,8,3,"17035,17079,17035"
22019,2021,5,2,"22003,22003"
42037,2024,6,2,"42131,42131"
06091,2020,7,9,"06049,06101,06049,32001,32019,32027,32029,41025,41037"
29139,2022,5,4,"29051,17013,29051,17013"
13083,2022,2,2,"47051,47051"
29213,2021,4,2,"05101,05101"
27113,2024,6,2,"27071,38099"
47167,2022,1,4,"05037,05123,47033,47033"
56007,2024,8,2,"49009,49009"
24017,2023,4,1,51685
47057,2025,2,2,"21013,21235"
19165,2022,5,4,"19025,19073,19093,19193"
29161,2023,2,1,29221
47091,2024,9,2,"37005,37005"
37175,2021,3,3,"37199,37113,37113"
12131,2025,5,2,"01013,01035"
51001,2022,8,1,51735
25027,2020,8,1,44001
51570,2023,7,1,51036
51061,2021,6,1,51685
21169,2022,7,2,"47027,47027"
18173,2024,2,1,21233
42043,2023,6,1,42093
48027,2020,9,2,"48287,48287"
39013,2022,5,2,"54009,54009"
01123,2021,9,1,13149
39009,2023,4,1,54105
48493,2023,4,1,48175
48359,2023,5,2,"35041,35047"
06017,2024,11,1,06109
22117,2025,6,3,"22095,22095,28065"
18035,2021,9,2,"18159,18159"
47069,2023,8,4,"28117,28117,47033,47033"
47167,2025,2,3,"05077,47069,47069"
08041,2025,6,5,"08015,08025,08061,08025,08089"
39031,2022,7,2,"39005,39005"
31161,2023,4,3,"31091,31103,31091"
17057,2022,5,2,"17071,17071"
48401,2025,6,1,48225
54057,2023,7,1,54093
37035,2024,7,2,"37011,37011"
39127,2025,3,1,39083
16005,2021,9,4,"16007,16007,49005,49005"
19137,2022,8,4,"31025,31025,31153,31153"
51173,2021,12,1,51520
37041,2024,7,2,"37177,37177"
51061,2024,7,3,"51683,51685,51630"
40105,2025,5,2,"20133,20133"
08097,2022,1,7,"08093,08107,08107,49047,08029,08093,08029"
30081,2020,5,11,"16035,16061,30093,30043,30077,30093,30077,16035,30061,30077,30089"
13163,2021,5,10,"45011,13031,13279,13283,13141,13283,13317,13141,13317,13141"
31069,2023,8,2,"31091,31091"
51171,2022,7,1,51660
16071,2020,6,6,"16029,16067,16083,16029,49033,49033"
46067,2020,5,4,"31107,31107,31027,31107"
47115,2022,7,1,47127
29089,2023,4,2,"29135,29135"
29219,2023,4,1,29221
56045,2022,9,1,56007
05121,2021,4,2,"29069,29069"
37085,2025,5,1,37141
51073,2020,9,1,51735
20137,2025,6,9,"20163,20163,20183,31061,31073,31137,31061,31099,31137"
26037,2023,8,3,"26111,26093,26093"
17181,2023,7,2,"29123,29186"
28157,2023,4,7,"22107,22121,22121,22107,28063,28113,28063"
05099,2021,3,1,22027
47141,2024,2,4,"47177,47137,47137,47177"
26063,2021,7,3,"26129,26129,26135"
48179,2024,6,7,"40009,48191,48191,40045,40129,40009,40129"
01011,2022,4,3,"13259,13053,13259"
48245,2024,1,2,"48339,48407"
51137,2024,4,1,51630
48053,2022,5,2,"48333,48333"
27011,2024,7,6,"27023,27173,27041,27121,27023,27121"
17179,2025,5,2,"17123,17123"
21135,2025,6,9,"21063,21011,21181,21201,21201,21011,21063,21165,21175"
08093,2024,6,4,"08109,08047,08109,08047"
30081,2023,6,7,"16003,16035,16061,16069,41063,16035,30061"
37051,2022,9,3,"37047,37047,45069"
21209,2021,8,1,21173
46109,2024,6,4,"27073,27149,27149,27073"
13105,2024,5,1,13301
01093,2024,6,1,28117
30087,2024,6,2,"30037,30037"
48347,2024,4,1,48455
48249,2021,7,2,"48247,48247"
17195,2024,7,2,"17123,19031"
12033,2023,4,1,01035
31155,2025,4,2,"31143,31185"
54055,2022,6,1,51167
17163,2023,2,3,"17051,29186,29186"
21043,2025,6,8,"21175,21159,21175,21069,21011,21069,21165,21175"
37193,2024,5,2,"37011,37011"
01009,2022,7,3,"01133,01057,01133"
13073,2023,3,5,"13317,13163,13301,13317,13163"
39159,2025,6,5,"39083,39117,39063,39033,39117"
29011,2025,6,1,20133
20029,2025,6,8,"20141,20183,31129,31181,20141,31129,31169,31169"
32021,2021,6,2,"32029,32510"
22071,2025,6,2,"22095,22095"
19039,2025,6,2,"19007,19007"
46135,2020,6,3,"31139,31003,31139"
16003,2022,8,2,"16037,53023"
21177,2024,6,6,"21061,21033,21033,21233,21213,21233"
54099,2023,3,1,21063
18089,2023,9,2,"18131,18181"
06089,2025,2,2,"41037,41033"
18157,2021,10,1,18159
04015,2025,5,1,32033
28015,2022,7,1,28013
40011,2023,5,3,"40129,40129,40003"
48079,2022,5,1,48115
51810,2020,2,2,"51735,51735"
42133,2025,6,2,"24029,24029"
21061,2025,5,1,21177
24031,2022,8,3,"51610,51600,51610"
29065,2025,6,4,"29073,29223,29073,29223"
06071,2021,10,4,"04027,06025,06079,06025"
20209,2020,5,2,"29177,29177"
19013,2021,12,2,"19095,19095"
45045,2022,6,1,13147
18103,2022,7,3,"18015,18009,18015"
08123,2022,6,1,08047
01105,2024,12,1,01023
