target_fips,storm_year,storm_month,n_clean_neighbors,neighbor_fips,target_zhvi_t0,baseline_mean_zhvi_t0
48393,2021,5,1,48483,,119363.32732860472
13061,2021,4,1,13037,142386.19166840462,102095.47242944824
06041,2020,3,1,06095,1144522.5123626518,465840.9156475354
06045,2022,9,1,06097,587692.0771884335,803096.2225647861
48199,2022,1,3,"48457,48241,48373",222866.291162407,191525.569229982
36111,2022,9,1,36071,371468.25673614745,390638.0484695991
21009,2024,6,1,21061,201974.0132200128,184208.46900983396
24005,2025,5,1,24029,356812.4169445044,375374.3813225599
42123,2023,7,2,"42039,42049",124824.95376459842,167249.16527272022
06067,2021,10,1,06013,513910.326464029,813921.4334756774
17165,2023,5,1,17069,94012.96643884956,107215.55167697702
53045,2025,2,3,"53067,53053,53035",449979.5534121893,558264.2214648244
53047,2021,7,4,"53025,53019,53043,53007",275997.9745155899,335468.05506999133
21047,2020,7,1,21221,120140.15373616916,231268.19363142792
29149,2025,5,2,"05049,05121",169966.84554452007,165048.16204087334
06089,2024,12,1,06093,375196.31286416,289072.95832331415
48033,2021,10,1,48115,,117469.7519663663
27037,2021,9,1,27163,357925.34009506024,394311.60547375213
18065,2020,7,1,18135,116825.76020316836,96156.86961250844
18167,2022,4,1,18021,130024.86422650063,148656.38672854728
18121,2022,8,1,18021,171882.7194577959,155167.0030997183
30029,2021,6,2,"30089,30073",486381.3520310653,246918.60421166266
45013,2024,6,1,45049,540313.6888857036,168756.13948530247
16001,2022,8,1,16045,554136.9553481509,489685.4744491504
41063,2024,7,2,"53013,53023",417517.7112488384,227702.92215477995
05049,2024,11,1,05065,184035.80244624935,169912.3757631922
13001,2023,4,1,13279,148020.81700727038,142403.74088789077
17183,2022,7,1,18171,86994.91939402056,200653.53407513097
06073,2022,10,1,06025,878171.4561249111,309900.45956362865
39043,2020,10,1,39143,156736.3192119457,123795.02678782174
56037,2024,9,1,49009,274498.3888061202,314338.7476904722
32007,2020,7,3,"32033,32011,16083",278066.085238728,191484.3616771336
45091,2025,2,1,45023,395582.7703783245,218637.61845407952
05013,2023,1,2,"05039,05011",131755.46203063804,122242.4556556863
22073,2021,9,2,"22021,22067",157206.19331326164,114894.52133722522
29019,2021,7,1,29089,253517.81788361137,166762.52742047762
42125,2022,9,1,54009,219129.66266983133,117773.87067034436
08059,2021,9,2,"08019,08047",586206.6855119985,503524.05657182855
21007,2025,1,4,"17003,17153,21039,29133",138215.1558720928,97975.02647157203
29055,2021,4,1,29073,166428.68026694126,167626.19385414405
56031,2022,6,1,56009,244916.636657047,267071.7520216556
16013,2021,9,1,16025,769619.3161485768,379445.0310927437
05147,2023,8,1,05123,96900.42435142733,89469.11454503464
06105,2025,1,1,06093,260165.68643017803,288607.96383419045
05043,2024,5,1,05011,153853.16262589212,126832.17843511143
17185,2023,3,1,17159,130011.33108346016,123916.77178615502
48087,2024,5,2,"48191,40009",94903.25456801936,107692.27986397715
48427,2022,5,1,48247,170874.03711537586,105795.81459403744
51119,2021,6,1,51131,297752.43150692363,228336.84384495983
42099,2022,6,1,42043,261335.80133321727,230234.07073560217
40079,2025,5,1,05113,164544.57549261718,182783.04021191373
51179,2025,5,1,51630,536215.2038660975,462816.27584971505
05093,2022,9,4,"47097,05111,05035,47045",107229.41851442476,145228.23709949353
08055,2020,8,2,"08109,08003",183979.79825422695,187779.00851305271
05019,2023,6,1,05039,156176.42730057996,124478.70845903152
48327,2020,2,2,"48095,48435",,153491.96301498724
19077,2020,5,1,19009,183237.9030652214,102552.85563561828
40089,2025,4,1,05113,210102.23494660752,183713.1329420116
12123,2022,8,1,12029,194424.4121651072,212783.83151679477
21015,2021,2,1,18115,263795.3511921435,195402.65060814205
26029,2021,4,5,"26047,26031,26097,26137,26089",290085.8209480968,259629.22720827218
16051,2020,6,1,16065,286513.26520390995,257082.82609555245
06065,2021,8,2,"04012,06025",516871.6760069679,251952.0001706211
55031,2021,7,1,27115,197556.13948794993,197125.1486969607
31145,2025,6,1,31065,169012.42411710485,139005.98679885862
48325,2025,5,2,"48507,48163",327949.74453692307,122088.5381741653
20019,2021,10,1,40147,83692.78412275722,143601.09218137196
31041,2025,5,4,"31163,31019,31175,31047",161432.55301475973,214611.80752725806
26079,2024,4,1,26143,222376.7969611924,174370.95755615176
18149,2020,5,1,18131,124512.33045237772,107988.58199139273
30013,2023,7,1,30015,290034.18509933556,248183.13221115756
37131,2023,7,1,37091,105338.40352363966,123880.45846323328
55139,2023,4,3,"55135,55047,55015",250543.15984961277,261042.6563096989
13241,2022,6,2,"13281,13137",377486.1017158867,326452.5205432152
29031,2021,4,1,17181,188724.61033140487,133235.27083950394
13175,2021,2,3,"13283,13309,13023",150025.54917112284,117866.20343059073
49057,2022,5,2,"49033,49029",463485.14622538706,624864.216933476
46115,2023,8,1,46005,140795.3823474972,178393.48505726355
05087,2021,5,1,05101,206370.30069730233,173287.53097240604
19193,2020,5,1,19133,144767.8807278563,109731.01254851138
35061,2020,9,1,35006,202586.46385826916,108799.15815323574
51077,2024,5,2,"51640,37005",189733.1971326475,206918.94417472207
26065,2023,7,2,"26155,26093",192067.7213002088,271240.99806784245
37137,2020,8,1,37095,169617.9333443312,157817.80487596677
48363,2024,3,1,48429,279055.8115913473,162051.37539393912
05031,2021,4,1,29069,167644.64230152892,100994.9664770591
06109,2020,6,1,06051,313062.0318921584,510821.89257879887
51059,2022,7,2,"51610,51600",723874.006786432,851934.3021618202
51003,2021,6,1,51540,435540.03291323344,415660.41727095103
20003,2024,7,1,20107,176905.36241347212,152971.29602274593
33019,2023,8,1,33013,337295.42918616714,421942.62926473655
19051,2021,7,1,29197,165502.78555700925,142976.0598322758
45075,2024,1,1,45011,157281.1597071798,155939.19320188023
21083,2023,2,1,47079,143292.00279212606,187206.95160380125
42073,2025,6,1,39099,155888.4586583995,161413.9579256318
51163,2023,6,2,"51530,51017",289009.97841323976,180117.05025811595
13045,2021,7,2,"13143,13149",223919.41133115068,207080.25896708056
28131,2023,4,2,"28035,28111",179265.53961076064,164709.35978426447
30025,2024,7,1,30109,169710.3079330107,195664.67692069887
17191,2024,8,1,17047,114671.1084712546,101596.19402948485
37121,2025,5,1,37011,239452.9242977224,392767.3466573667
48065,2023,8,1,48011,158347.9611471731,215947.5158090361
22111,2025,5,1,05003,151552.42924759563,83348.31545903061
55067,2023,6,5,"55069,55083,55085,55041,55078",175654.67076780516,239638.88755777106
31163,2020,7,1,31077,131629.34391361545,164245.99179035128
06097,2021,12,3,"06033,06055,06013",761361.3078431155,672766.8254013787
13105,2025,5,1,13221,167742.29326733737,303109.4281479583
18017,2025,4,2,"18131,18103",167775.12586148072,160907.50949895912
29123,2024,6,1,29157,159284.9519076077,205313.6251686199
48325,2022,4,1,48013,335965.94732853404,261332.0820612179
46011,2022,9,5,"46101,46077,27081,27117,46079",272296.8090278401,212012.42619398533
48101,2022,5,2,"48155,48197",63417.61158260874,132516.44875322605
18127,2024,5,1,18149,314240.28948774276,197045.35476683007
27007,2024,8,2,"27071,27029",245978.80060451943,174151.5583577368
42067,2022,6,2,"42043,42087",214774.01855291807,190986.081168657
23025,2020,12,1,23007,142259.6121123219,194263.94384435625
37073,2025,5,1,37143,227023.08413420388,263133.17612168967
51650,2021,6,2,"51131,51735",213707.43685079025,303430.834270679
31111,2025,6,1,31047,205367.1946044633,198380.8172352775
18051,2024,12,3,"18129,18173,17185",190729.77479983607,203401.19529054876
08109,2021,8,3,"08105,08079,08053",216874.69681202492,332535.7314288693
48465,2020,5,1,48435,164948.8251599065,142840.5366061218
08097,2022,3,2,"08051,08065",2118148.9243748416,552909.6742417681
55125,2025,6,2,"55051,55041",372979.8982990219,194998.45647987194
46039,2024,8,2,"27073,27173",280993.2138537226,169727.88543968723
13279,2025,5,2,"13283,13209",161702.89819150604,150905.73653336588
05025,2024,2,1,05011,150437.7097129457,121117.82406812072
49027,2021,7,1,49039,266475.28739465773,289861.665034928
16017,2020,6,3,"30089,16021,16079",386766.2472486496,234971.65033415917
18083,2024,3,1,17033,140577.18589651305,124806.80770312628
01085,2023,6,2,"01013,01131",145526.06146190286,133172.72649816718
30071,2022,2,2,"30005,30027",191007.5077950928,207935.7965033225
05095,2021,5,1,05123,108968.09406972192,87779.85544185212
08093,2021,7,2,"08019,08065",457753.04604364216,455102.5357191154
16031,2020,9,2,"16067,16053",207998.21870823504,227802.22968801996
55083,2020,4,1,55078,168949.377690403,181050.24600486484
49015,2022,7,1,49039,,356911.8336340397
01077,2021,10,1,28141,183595.67705037535,169309.22900872928
20099,2021,5,1,40035,82851.07359514774,143221.0744797425
13287,2025,6,1,13315,141932.27663698376,125407.87502099451
20151,2024,7,1,20097,121521.62457612736,157966.74318096464
16083,2021,8,2,"16047,16053",319638.4917561928,312835.05623279413
40121,2023,8,1,40005,135475.64782589755,188264.63692499627
01025,2022,9,1,01131,160093.60170786563,145460.2041644806
37055,2022,1,1,37095,510919.64274548943,193233.57480309947
47065,2023,1,3,"13313,13295,13047",323384.5883026744,230563.4946139392
39139,2022,5,1,39005,152397.54649806817,190181.49222536315
21099,2024,7,1,21061,172070.99952259506,184626.79980292416
22117,2022,2,1,28091,145847.63883303385,142554.35857041113
51153,2021,5,1,51685,476471.7205624082,371500.287711967
12039,2024,8,1,13087,208477.15362228604,178570.2885420822
18167,2022,8,1,18021,133724.67198537462,155167.0030997183
26031,2020,7,1,26097,169566.70029225052,135637.429241976
53051,2022,6,1,16021,365656.9779475453,497602.7998451519
48173,2023,9,1,48431,315769.3945802814,238739.4079983241
20029,2025,4,2,"20089,20123",111973.80244733772,123883.81328771224
34035,2022,2,1,34021,516065.319574178,344051.34577594884
36119,2022,5,3,"36005,36079,36087",705145.3302621264,526903.3468568608
47139,2021,12,1,13111,207943.67776655647,470336.7748153351
47141,2022,5,1,47087,284343.9783117136,201627.2031715077
48507,2024,5,1,48323,85208.614735511,218065.6430896616
26123,2023,6,1,26105,215682.57216110555,247404.71315913703
49035,2020,5,1,49029,390623.08029812784,485301.4063279168
17143,2021,8,1,17175,111457.68221328832,127439.69674237027
01005,2022,6,1,13259,154993.3429047859,98050.90185867004
45091,2025,6,1,45023,392785.9628869602,215500.49668135587
13189,2025,6,2,"13301,13163",194831.9603259825,118774.08665773868
39077,2022,4,1,39005,160643.36265236285,187850.3214453335
37173,2025,6,1,37113,326597.2921756999,355015.0073613972
46059,2021,8,1,46005,219181.91769211137,165077.0875310617
08077,2024,5,1,08029,405879.4998697015,386259.3707347773
22029,2021,2,2,"22077,22125",124354.47840105968,228577.2960259561
18049,2025,5,2,"18131,18103",193069.59974580913,161181.10052497088
53003,2024,9,1,53023,337489.0720922193,200067.4449583704
48231,2020,5,1,48119,202974.56060190196,130118.82275663808
06071,2022,3,1,04012,515728.07586306706,237494.63774786377
40083,2021,5,1,40103,259030.8812362426,117131.2920080026
13099,2024,1,1,13061,126403.2243712484,168673.84222438038
13313,2021,7,1,13047,186198.16617710888,224316.41013534303
35023,2023,7,1,35029,,148164.12488565847
16047,2022,6,3,"16025,16083,16053",352304.8441011422,387896.89959790464
54107,2022,11,1,54105,154349.08972906644,114870.33537304348
54095,2024,9,1,54073,118421.64626811264,160406.0349050078
26051,2021,6,2,"26129,26011",143558.84337314998,125149.78514727698
31015,2020,7,1,31107,177470.38323315253,142514.73139831529
21175,2021,6,1,21115,113419.04457230888,117941.0831123675
01071,2024,12,1,01095,194032.32908967804,240396.68116106823
29187,2022,5,1,29093,170103.77684102274,139890.35638683185
48251,2020,5,1,48425,246448.0173668595,266948.52755863284
42049,2024,5,1,39007,195809.89155327677,157353.13789002004
38101,2023,8,1,38013,255578.3356541353,169392.72285459997
17079,2025,4,1,17159,146018.05878168097,121589.82576683362
17091,2024,1,1,18111,192178.808107389,198983.6149017318
41003,2021,1,1,41043,427876.6873236198,309012.7541431698
29127,2020,6,1,29205,123128.08977267648,105221.75274586258
35043,2024,9,2,"35006,35031",367689.7421150447,178580.08245004923
04013,2023,2,2,"04012,04027",463206.6395822037,254140.3012926643
34023,2024,8,1,36085,536682.819466223,669629.5541388867
06065,2021,12,2,"04012,06025",543552.960023201,264576.057136097
54083,2024,6,1,54093,153714.84939934922,210472.49564700248
13273,2023,8,2,"13307,13261",106970.84615625512,147024.2794675768
05001,2024,5,1,05107,117095.71406498009,54918.04377784582
48227,2022,4,1,48115,167860.5004671321,120178.32753038696
53015,2024,10,3,"53059,53041,41009",415627.3021392645,471913.05636196287
56003,2022,4,1,56043,231503.9720723439,213664.51840489017
29207,2020,9,1,29069,128432.30684957666,94966.79354549924
37173,2022,5,1,37099,287018.2525574344,403899.4426463816
29019,2023,4,1,29135,292381.4286039144,197723.00811923097
31055,2020,7,4,"31153,31155,31177,19155",205318.50946543427,229316.70981498566
24025,2025,4,1,24029,412420.1550098699,375663.7472258546
37089,2020,10,1,37087,294448.3686914649,238609.3335607676
49057,2022,9,2,"49033,49029",456823.0060700888,627777.8463654495
40113,2024,6,1,40103,204821.4917332733,142705.62269666386
20131,2022,6,2,"31147,20013",196049.5354639491,115292.88694548307
13263,2025,2,2,"13053,13197",192003.04957214152,165931.73461109385
20001,2024,5,1,20107,109280.17071600292,150184.90806689576
48061,2024,7,1,48489,202750.8523787826,196257.9160384532
05147,2020,11,1,05123,79395.22137363104,91172.28582714702
48371,2024,5,1,48475,180257.1388784027,197298.0932857568
13197,2024,3,3,"13053,13307,13261",182550.3431026865,145176.93849094876
19103,2022,6,2,"19115,19183",269979.8884794726,170521.6134005991
31169,2020,6,2,"31151,31095",99447.25749230932,111661.77004597714
08099,2023,5,1,08011,170491.676111063,141449.78875153942
41063,2020,2,1,53023,272867.3095831169,136794.14758589325
45075,2024,5,1,45011,162688.13965458982,162277.2474530179
56023,2021,8,1,16007,363030.61171283806,328004.49902427493
21083,2023,6,1,47079,146015.83861934967,191833.0064502079
46027,2020,6,1,31027,179232.19975249495,157065.19696666158
53065,2024,9,1,53019,350922.48277845833,269694.0521738653
26117,2022,9,1,26037,206507.56570804585,276654.21124563407
40151,2020,6,1,20033,95795.37641778162,70525.4477191561
46115,2022,4,1,46005,142982.22704369912,178772.05399166513
01065,2023,6,1,01007,177537.4515100743,221918.279897282
27137,2020,6,2,"27071,27075",163239.2195336171,143016.76594333095
51173,2021,3,1,51021,115875.36503962014,149763.4437536434
18095,2022,6,1,18159,158438.9295131882,196956.8443082909
30083,2024,8,1,30109,259068.15867985637,196585.37082906067
21157,2025,1,1,21139,192710.81361139947,146065.99472031556
20011,2024,4,1,20107,122807.04108914374,148984.67045634784
12081,2021,7,1,12027,348235.1288216947,199783.734956827
12071,2020,12,1,12015,259210.5701102082,246748.7038998454
17025,2021,5,1,17079,93751.33015075258,129644.42531129476
48351,2021,10,1,48241,148072.16343990798,199921.91844351945
48493,2021,10,1,48013,362483.59798512375,243075.5782771639
34027,2024,5,1,34031,650035.801018891,540780.4443659274
21071,2021,7,1,21115,109192.07070322316,118942.52791337104
34015,2023,9,1,34011,334242.77112471004,245439.06730509448
21005,2025,5,1,21239,254004.70159128637,353286.7186219602
12085,2022,4,2,"12051,12043",434325.84278400865,231835.92244165053
19089,2020,6,1,19067,119440.82345903984,115358.54858704978
42121,2024,10,1,42039,128779.6188609922,141956.3976412176
48485,2023,11,1,48077,161638.24952427146,204725.9222586872
35055,2021,8,1,08021,453324.25544796995,189114.9131194628
55129,2023,4,2,"55005,55107",277119.9722387411,212174.87109903106
05147,2022,4,2,"05123,05037",97888.07754420322,112802.98891058122
54085,2025,4,1,54073,123386.0237793839,164206.8643625162
40011,2023,5,2,"40043,40093",100961.19257177024,141562.3188676389
48469,2022,7,2,"48057,48239",210877.3685896943,229950.9960215052
51177,2024,7,1,51630,443551.6310828529,455919.8969398997
05043,2023,1,3,"05003,05017,05011",147905.6357925797,107752.1758320132
16085,2023,5,2,"16045,16003",629144.2517631134,461196.06330062327
23001,2022,12,1,23023,275557.5297171236,371992.5214683686
37167,2021,3,2,"37007,37179",211587.8301551377,221132.39758012875
08097,2022,7,2,"08037,08065",2310487.346998503,826410.4666581155
17019,2023,2,1,17147,191859.0327476803,190737.50806384973
19081,2023,4,2,"19189,19195",157852.1367979648,149246.50516682255
31101,2024,4,1,31117,214300.48518456647,321196.59430020355
13199,2021,1,1,13263,149058.9178427407,151228.879538108
06047,2022,12,2,"06069,06085",410948.966901449,1148747.2750647038
01091,2022,10,1,01131,160315.87857016994,143669.10502700915
45003,2020,12,1,45011,187612.82118587184,145817.45407255934
37111,2020,8,2,"37199,37121",187560.216185846,180769.70074704877
29055,2023,4,1,29221,196592.21374546137,169310.51996125677
18083,2024,7,2,"17033,18125",144624.410518994,140035.49918802764
38021,2024,5,1,38045,150356.4238993276,165666.87141369568
55083,2020,8,1,55078,169818.84362407267,190199.61318766148
13163,2021,5,2,"13107,13301",124347.13150187347,102526.13051088688
21181,2023,7,1,21201,175764.1763048032,169521.3081327962
26107,2022,8,2,"26133,26085",203996.45814170144,153889.41672098698
01097,2024,12,2,"28041,28039",196122.4562086512,164192.23260019632
47049,2024,7,1,47137,240066.97595220208,221384.13366283823
17039,2023,4,1,17147,117755.1747276914,190181.58526281745
18017,2022,7,1,18015,140516.80325479395,196794.0756192068
18099,2025,4,1,18131,242824.9789113881,178656.37247705073
13119,2024,2,1,13195,265942.0332839198,290280.283479999
45073,2022,2,3,"13257,13147,13137",236490.94164488884,243297.6116317884
34025,2022,5,1,34021,623940.2240692256,359441.2016861215
46013,2023,5,2,"38081,46045",211476.98512820047,201762.06275966828
40057,2022,6,1,48197,90671.6529499486,108967.29766644916
29003,2020,7,1,20043,193869.8355897312,104928.843683136
48239,2023,10,2,"48089,48481",229141.0720778425,264075.48621916096
27117,2021,4,5,"27133,27081,27101,46011,27083",143113.00717057366,180235.54879032512
51169,2025,2,1,47067,162819.3188816624,157164.95566584496
06023,2024,11,1,06093,452505.72145722824,289466.88957468397
38049,2023,6,1,38083,169081.48301311347,176643.72406319226
06107,2024,12,1,06031,354066.10196471313,353520.616447024
38019,2024,7,2,"38095,38099",145261.4261344359,152918.183778955
05075,2024,12,1,05067,127407.40211905797,99762.47174130556
34035,2022,6,2,"34019,34021",543962.7810430384,449123.9400193781
40013,2022,1,1,40095,196447.3549861159,177040.90005669426
48079,2020,6,1,48017,,113558.63193382938
51105,2025,5,3,"21095,21013,47067",106767.2310263506,120811.62864938557
36119,2022,9,2,"36005,36087",720107.8760250075,559081.9222920114
48135,2021,3,1,48461,224321.95007796164,138177.66996823295
06019,2025,3,1,06031,407244.5738305386,356378.909285939
13099,2021,4,1,13037,108283.23276410246,102095.47242944824
04015,2022,2,1,04012,341172.7951688155,235854.85448552365
33015,2023,8,1,33013,554611.3599271196,421942.62926473655
21115,2020,6,1,21159,99537.02192528972,75353.02943802267
40071,2023,5,2,"40103,40053",109928.55895273674,129170.9990197031
55067,2020,7,1,55078,133429.64579865747,187804.7213577115
29223,2022,5,1,29093,133861.9684249255,139890.35638683185
19053,2025,5,2,"19185,19117",148844.47795591792,151226.46391472858
41017,2020,5,2,"41037,41025",455748.6636131543,123934.02882170865
31027,2025,4,1,31179,215174.8111485825,230428.0052462738
22099,2025,4,1,22007,164189.98636846978,167199.42530784474
26105,2020,11,1,26101,186712.78979395237,171876.78263884407
40141,2021,7,1,40033,53789.81569101234,85439.01219946537
29183,2021,5,1,17083,293053.2784701853,165918.19418870888
51153,2020,1,1,51685,410168.5738134095,319895.31352783693
26039,2024,6,2,"26143,26119",163049.4015041515,173274.14360247442
54015,2024,2,1,54067,118500.75712945912,136399.35858801278
16083,2023,5,2,"16047,16053",350715.00367821637,350049.94229270326
27007,2021,9,2,"27135,27029",206587.9470799334,181991.11399093427
28145,2021,4,1,28009,168464.1553116795,147570.71571001233
40047,2024,11,1,40003,133755.57106099126,123007.4471662574
41051,2021,11,2,"53059,41027",512716.5037558352,557546.807086401
48109,2023,2,1,48243,141290.55157576606,259333.95283301384
19147,2024,7,1,19151,150947.30055617026,107278.6836802712
48225,2021,5,1,48455,217922.5487010548,165960.20476320162
13157,2025,5,1,13219,403884.4258318628,547766.86235957
08101,2020,6,1,08025,207178.2700624349,126350.3041839276
48017,2025,4,1,35009,151747.2887497337,162546.1512523206
42017,2025,5,1,34021,504164.78084264445,440038.2029883475
13033,2023,4,2,"13107,13163",166684.47945576455,119017.56491985866
18035,2023,6,1,18009,142641.6318831443,115197.8737294044
36087,2024,7,1,34031,702746.1562835774,546709.0540610488
26063,2022,8,1,26069,171159.99348338554,150506.61903494512
55073,2023,5,4,"55069,55097,55135,55141",217932.0148481098,219861.3146831413
21141,2024,6,2,"21219,21213",188594.5803235796,230001.92346764743
28109,2023,4,3,"28035,28073,28091",168403.301182242,182243.51822867655
13123,2022,6,1,13111,414577.4626589562,527629.7167641943
55029,2020,7,2,"26019,26089",262886.9924702299,320376.4649158425
40107,2022,5,1,40133,123957.1004909217,106362.46329481872
20187,2025,3,1,08099,146434.8102559702,182938.7031221523
41031,2022,7,3,"41013,41065,41047",424562.18375182967,441374.1037604343
16019,2020,6,2,"16029,16065",266026.7471020883,234089.55920327938
48099,2020,5,1,48193,151571.7205457735,174339.12322680504
17091,2024,5,1,18111,197667.21226016615,205554.1298329516
19131,2023,5,1,19195,176695.303031035,159753.88700975664
48001,2025,5,1,48225,216825.89427187588,214639.33244058775
48057,2020,4,1,48321,172323.90048856442,162502.27468669432
17143,2023,5,1,17175,124287.92027694324,129875.1456830015
56039,2021,8,1,16081,1552715.1371030854,705155.5559325117
28105,2025,6,1,28019,271238.9201985052,152346.4507348306
26037,2023,8,1,26155,279792.17414227355,186351.65527039368
48227,2022,8,1,48115,166433.7615754219,116985.23895978316
48451,2023,9,1,48431,224094.2154722053,238739.4079983241
49049,2020,6,1,49007,371210.76864753314,157318.54920463328
31129,2022,4,1,20089,122950.52253854329,100385.914338427
21059,2021,6,1,21091,164510.39511785223,151891.14110765266
38103,2023,4,2,"38027,38083",190954.8685940215,158559.71034721337
18071,2025,4,1,18143,219400.7709176505,191038.5388801516
37193,2025,5,1,37005,216014.38052017905,269891.71648804523
16019,2023,7,1,56039,381263.18551379984,2047717.640094065
22125,2024,12,1,22029,365385.2404182258,122595.24739986472
17189,2025,4,1,17081,144222.4877953259,126006.2223311034
30053,2023,5,1,16017,383972.09421646566,609086.7232144546
39153,2021,5,2,"39103,39055",168362.6402156571,268773.52526753733
46023,2020,8,1,31107,167793.3162461808,144904.80670893996
54107,2024,8,1,54073,166120.38135890392,159089.81679513716
06089,2020,11,2,"06063,06049",304592.13968605263,221735.16534891067
20013,2020,3,2,"31147,20043",83669.21202753914,87594.09948930523
39157,2024,4,1,39151,185009.63680408013,189746.38191151177
48049,2020,5,1,48333,140763.02704115838,311608.3665502993
32510,2024,9,1,32029,480792.2592157337,484471.8866888911
22119,2020,11,1,22027,162385.35773445215,228489.19489152025
05001,2023,1,1,05107,123158.39333848451,55206.07740838381
23011,2024,7,1,23023,305709.9793420424,418693.8340294233
27005,2024,7,2,"27029,27087",327839.0035389622,186647.19483232952
39089,2023,2,1,39083,293082.00489926053,233226.16988418796
12097,2020,9,1,12055,257769.51613346688,148864.3977411013
51165,2024,7,1,51660,343606.1404132464,302074.10161708505
04001,2024,6,5,"35006,04009,35003,35031,04011",318944.75076374906,214554.79894052795
30029,2020,6,2,"30089,30077",359201.21272402024,207115.53846781078
38077,2023,4,1,38081,197136.2450531423,181929.0330683603
51195,2024,9,1,21133,129505.23491104734,93658.50748151116
48123,2023,1,1,48175,234148.2984655364,252428.4144580191
38043,2024,8,2,"38093,38083",217215.0470345735,173898.5469706732
35017,2022,6,1,04011,211632.0638399202,233330.34301582072
13257,2023,8,1,13011,221495.61883474045,320435.726080447
51173,2021,7,1,51021,120918.58206934389,157253.06833322678
54081,2023,6,2,"54109,54089",139612.9189427938,103531.64297118812
06073,2021,10,1,06025,778200.0478819766,291487.7938934415
32001,2023,9,1,32019,356174.24695402785,389483.1956069356
12115,2023,10,1,12027,471229.7211935209,264726.99514362577
37183,2021,8,1,37127,394023.0842998538,184846.3523853145
47031,2022,3,1,47051,264707.08720701304,277410.0049459404
28093,2022,5,1,28137,194593.9783509185,207592.003448738
37187,2024,6,1,37177,111622.04233179614,170412.1418184896
13189,2024,2,3,"13301,13163,13317",195920.8449975755,133397.34175256712
41005,2020,9,1,41027,469822.4706515486,503917.88962999376
17101,2024,2,1,17033,103613.9939428704,123392.5341599013
18157,2024,5,2,"18181,18045",277574.77335647604,187138.0495846778
35023,2020,8,1,35017,,163802.972130739
01053,2023,4,2,"01035,01099",142282.6004899833,138461.16002562834
06011,2021,10,2,"06033,06021",339498.97176471824,329603.80379981664
40113,2021,9,1,40147,179456.38481986022,141609.7582931349
31183,2023,3,1,31003,217648.20756937104,186780.0918884353
36013,2023,7,1,42049,149238.45863039736,183084.5335859377
27001,2025,3,1,27065,258659.41407819185,251525.181625106
35049,2022,6,1,35028,539093.572599291,501353.5932044253
29053,2022,6,1,29135,228667.85033828503,199350.8795410752
55129,2023,8,2,"55005,55107",281476.2746363541,217430.95011405967
01107,2023,6,2,"28103,28087",150133.5938084519,139232.927848499
47025,2025,5,4,"21013,47173,21235,47067",217385.14821086812,180205.0595036517
38073,2023,4,2,"38003,38081",188112.44481242323,178019.17575011234
05147,2022,8,2,"05123,05037",100749.12842471198,114075.90025784684
12011,2022,6,1,12051,402670.05732868233,250273.93435109887
40011,2023,9,2,"40043,40093",101373.40680485604,140261.29283080934
48211,2021,3,1,48483,181435.97211435088,115011.21021527504
05133,2025,6,1,05113,160905.8952722778,182315.6568940809
13271,2020,3,1,13017,82272.13249666592,78808.00046883363
22097,2020,8,1,22077,150645.46654338937,170491.73035878525
30029,2025,5,1,30047,636645.205731918,587433.7518232971
18035,2020,3,2,"18009,18075",96804.8110752701,89073.16400815769
30067,2021,8,1,30059,531896.908350235,238979.3975611894
20191,2024,5,1,40053,138713.5154126311,114844.91706989118
05075,2023,2,1,05055,117259.59190900816,179259.43693667836
13199,2021,5,1,13231,161561.18630837946,273743.71033364994
47115,2023,8,2,"47061,13083",241819.27024118867,211262.79849755223
38035,2024,6,1,38099,256281.68170924307,153174.4616142517
54069,2022,7,1,54009,142709.8137568521,119238.61418013027
08035,2021,8,1,08039,662056.0665615718,634010.4119338418
29099,2023,2,2,"29186,29221",251279.2866098987,185703.9190659874
55105,2020,7,1,55055,176667.99379911937,238295.3321556314
05053,2023,6,1,05039,189160.84503241515,124478.70845903152
41045,2021,6,4,"32013,41001,16075,41023",240456.39922135457,265480.31589612376
23011,2021,6,3,"23023,23007,23015",229489.39505851967,293536.4638077695
38045,2023,4,1,38003,196176.84712643953,174109.31843186438
27005,2021,6,2,"27029,27159",271659.53357573773,172026.8511046412
47151,2025,2,3,"21231,47137,21147",189479.1318144177,173038.571079771
18053,2021,9,1,18159,114918.63435631494,178415.6374791332
45007,2022,4,1,13147,241366.20466050165,289272.57039959775
30007,2020,8,1,30043,299415.8641948908,298023.21830372576
38043,2021,7,1,38083,229359.69563143127,217646.19515586743
05035,2025,5,1,05077,155935.81944266174,110596.7660277362
22009,2020,4,1,22077,157226.5639871229,169732.02652904805
13019,2020,6,1,13003,128028.03405248438,105566.86620151276
41005,2022,2,3,"41065,41027,41071",590435.2648643678,502842.3167369799
45073,2022,6,2,"13147,13137",256310.6873557637,285127.1341813911
13159,2025,2,1,13237,307257.92883695033,400259.58920792706
27013,2022,9,1,27103,264280.6948898884,273032.03111687885
51149,2023,6,2,"51036,51183",322213.8972222625,221946.89707384966
01125,2022,2,1,01107,207925.68635438196,144912.1790609852
13135,2021,8,1,13117,333287.8059689239,467333.867204132
27157,2024,6,1,55091,284549.1642818983,234453.7927626724
06095,2023,1,4,"06055,06041,06097,06013",582135.5726126874,983231.501327839
51169,2025,6,1,47067,160775.7610650355,157059.00199034033
48043,2022,5,1,48377,260368.51303608337,244844.0641398177
20059,2024,5,1,20107,225001.32846959107,150184.90806689576
08055,2024,7,3,"08109,08003,08023",281969.9381049792,244225.37156619818
56035,2022,7,1,56023,365433.9041807035,445381.8552861274
20105,2025,5,2,"20141,20123",116731.93177952008,114617.47634414026
32031,2024,9,1,32029,558997.1437601947,484471.8866888911
01005,2021,5,1,13259,139059.8506715428,89447.03371552513
27079,2023,8,2,"27013,27161",324608.14702252013,249446.58209076105
51191,2020,1,2,"47091,51520",155210.65150829058,133415.60534251743
48135,2021,7,1,48461,221658.5386172214,141457.36365809862
12055,2022,6,2,"12043,12027",218577.87985658596,250032.42783615558
35007,2024,9,2,"35055,08023",247497.3979666458,332822.39004419564
37061,2025,2,1,37141,179882.61240316756,438991.0730439259
04015,2022,6,1,04012,365761.2611742196,249786.99719731495
40117,2023,5,1,40103,151188.77499166736,138014.5805952194
47123,2020,8,1,37075,186825.5828673831,137197.4207453828
51195,2021,6,1,51720,103894.68347931372,99112.5404341432
06071,2021,2,1,04012,419605.4769990656,190988.4556101171
19167,2020,10,3,"19143,19141,19035",220209.94184353203,120667.06095108984
48339,2024,12,1,48407,346238.5210035399,239547.492761438
28029,2023,12,2,"28063,28077",125173.87773862596,129089.96283218032
31087,2024,7,1,31085,144698.6047640382,285668.56135803927
42041,2022,6,1,42043,295734.2346859661,230234.07073560217
51191,2023,2,1,51520,214542.4939081756,157082.08139318693
21075,2023,3,1,47095,87309.6145723447,105016.19392789126
29139,2025,4,2,"29151,29073",204673.24586777925,247440.203497273
26109,2023,7,2,"55075,55029",158670.76951821122,276742.1987189633
47157,2021,3,1,05035,178398.07521631,141164.80209197733
22033,2024,12,1,22091,232799.0716241273,171760.88573705454
51650,2023,12,1,51735,263414.97419468866,431223.81715507543
30089,2025,5,1,30047,440644.1909846707,587433.7518232971
48039,2022,3,1,48321,312438.8931514879,191543.00274521337
39107,2020,8,1,18075,174625.7269363043,101941.12876162544
56027,2022,4,1,56009,179659.0025444409,263745.9776527074
48051,2021,5,1,48287,272055.32362536434,303842.06440874696
48293,2022,4,1,48217,160455.6880167002,220963.11664481813
39093,2022,7,1,39005,216236.57625146068,193944.4059864992
18067,2021,6,1,18159,134787.16224381875,172379.37002716487
49013,2022,6,1,49047,293763.43629590323,282119.05115549336
13033,2023,8,2,"13107,13163",173167.8840447764,123761.91243308951
48181,2023,9,1,40013,298536.19379034656,221421.51163769545
05145,2022,6,1,05023,169576.22935964272,227371.2553451597
40073,2023,5,1,40093,208890.9997619857,150459.28323441555
48281,2020,1,1,48333,202346.35592156305,295998.2181407953
32021,2021,7,1,32001,156894.5148480389,327189.14112549135
48103,2021,4,1,48461,190262.25734207957,138343.7226599334
49021,2022,10,1,49001,397112.9443258944,277186.2900118797
31107,2022,5,3,"46135,46009,46023",178467.36853883855,213707.76692991387
39051,2023,6,2,"39095,26059",192732.1913555452,163668.36946475506
13293,2021,4,1,13231,118224.91808325336,269322.53869313013
49035,2022,6,1,49029,581167.0999403386,725531.5030912842
22033,2023,4,3,"22037,22121,22091",227957.34484114297,213924.59380910927
28133,2021,8,1,28027,129879.66620202396,76015.1833489445
48463,2024,5,1,48323,201925.88719570055,218065.6430896616
35051,2020,2,2,"35003,35017",123172.36425531452,166792.9506278999
20091,2023,4,1,20209,410192.6132704552,179865.7925639029
23005,2020,6,1,23023,347741.03421185835,259204.19596523556
19093,2020,6,1,19133,100690.58778209884,109796.73903248284
31011,2023,6,1,31003,241309.94578232177,194293.84854953107
13261,2021,6,1,13197,107455.08618638031,165218.30048837513
31027,2022,7,3,"46027,46135,31051",202864.67922801577,220457.5757955747
28149,2024,2,2,"22065,22107",145683.9714603665,160359.76231191275
17167,2024,3,1,17017,167553.5389372083,95672.21126935678
31175,2023,7,1,31183,176669.7881325487,231055.3839134455
28043,2022,7,1,28013,129835.0677964542,130404.61554189544
47167,2024,4,2,"05035,47075",266122.30875032215,165374.84407261666
47153,2024,5,1,47177,269578.62410394213,250683.96033844168
05037,2025,5,1,05067,139328.26598396982,97132.81936443584
21171,2022,7,1,47027,121360.3423874919,184840.9317858925
19187,2022,8,1,19197,135186.53217201412,125290.59847981251
17203,2025,4,1,17123,203357.9439368724,127143.78238474758
28157,2022,4,3,"22037,22125,28037",134513.91820186414,240520.06390661816
22103,2022,7,1,22117,298158.81801045715,152816.57090889118
48399,2022,3,1,48081,147754.6788084105,172778.81923094168
49053,2023,9,1,49021,524317.5527171389,386518.22492670856
53015,2022,1,1,53059,382969.40649654256,495702.0196037808
13137,2025,5,1,13281,310784.10357265157,391799.347140472
37121,2024,8,1,37011,238007.98524600032,396383.13083166425
27173,2022,8,2,"27081,27083",155562.8974638039,181311.78607344328
17159,2021,5,1,17079,113374.5958490126,129644.42531129476
06009,2020,11,2,"06077,06005",359499.4391915039,398066.85974900355
01097,2025,6,2,"28041,28039",195341.1421752664,167573.5088431303
46091,2023,7,1,38081,215434.980425464,176254.63974162904
38059,2023,6,1,38029,279802.3873045394,121669.94834862724
01119,2022,2,1,01107,122265.07655611228,144912.1790609852
51161,2022,5,1,51775,278776.29696838063,235335.439888779
06051,2025,5,1,06109,742747.1201096101,400719.5877245152
48123,2023,5,1,48175,228003.67757333012,251532.58165170628
48323,2022,6,1,48127,197266.42856561244,150541.38734190213
17173,2020,7,1,17035,114547.39428299035,133795.17787707972
18023,2022,6,2,"18157,18159",181882.21648513016,224514.1206221378
42089,2022,7,2,"42025,42095",295275.81639797805,274997.0155202816
13009,2025,2,2,"13237,13319",224632.81838173405,268362.17631858226
48227,2024,5,1,48431,159597.4988434784,222103.1985637149
19091,2024,7,1,19151,144909.3205886823,107278.6836802712
50005,2020,7,1,50017,203187.6891928427,247767.11967514895
47189,2025,5,1,47159,500573.6721366488,301218.91807547497
48463,2021,4,2,"48507,48163",186240.9170453376,140012.69161696697
18055,2021,3,2,"18093,18101",132110.45231608624,143981.27093834907
18007,2022,3,1,18157,151863.75609284488,243316.2590593727
55117,2025,5,1,26105,297690.4568302594,248457.1675546892
22047,2020,2,1,22077,145837.1953425809,171157.26338547494
29001,2020,5,2,"29211,29103",138225.05576053014,109993.02091670738
31047,2024,4,1,31073,189535.00657234224,290777.76967572275
37193,2022,8,1,37003,200080.26024172385,220679.06244414923
37023,2024,1,1,37011,240445.6651031809,387203.9168536723
06095,2021,12,2,"06055,06013",577628.1496055843,842757.629649512
48479,2024,4,2,"48247,48323",208134.23955260403,153923.5254542212
40049,2022,12,1,40019,133084.29582162076,167762.2332184155
35049,2022,10,1,35028,532523.4040772963,501691.7741350398
19147,2021,8,3,"19021,19041,19059",128083.99889270724,196718.62613234296
08023,2020,7,2,"08021,08003",163581.6444349333,180610.64825923272
06113,2023,1,1,06055,616066.1707398002,892735.8310203144
21225,2022,6,1,17069,120215.94752619772,114598.9869760648
30081,2021,7,2,"30023,16049",487270.71525023767,235474.3766780022
27103,2024,8,1,27079,284366.48031808966,332227.0104103831
19103,2024,7,1,19031,286534.99758994655,228014.50661408072
22097,2020,12,1,22077,152705.65711225953,178561.0834632753
54059,2020,3,1,21159,64117.007682094205,73193.60215931077
18035,2020,7,3,"18135,18009,18075",100029.5278796606,92852.75692722446
27119,2024,5,3,"27029,27125,27087",222075.49438443835,183874.71942954767
16031,2024,6,2,"16071,16083",322327.6132464176,341260.24240858795
51027,2025,1,1,21195,88329.40947551133,113737.1289644303
27113,2024,6,2,"27029,27125",198757.25982577083,194512.32156598527
40119,2021,7,1,40103,191389.2734848838,119584.40654760748
12015,2020,7,2,"12055,12027",230772.90644484837,154550.62837480518
08049,2021,8,3,"08107,08019,08047",666944.8191602137,608506.6994407038
40007,2024,6,2,"40059,40045",147217.93662437564,94870.24839892273
41059,2022,5,2,"53005,41049",292951.1686795005,357493.05385911
06071,2024,7,1,06037,553379.9438961238,880013.3918588919
27005,2021,10,1,27029,278011.3006341884,174626.83429611463
31185,2023,7,1,31159,201616.47659707136,272170.5744087502
40063,2022,6,1,40133,110360.43799070604,107564.33840956078
21149,2021,3,1,21233,133008.86473379307,101519.21611648804
30087,2022,7,1,30103,219549.794281948,223906.47507673255
51071,2021,6,1,51021,156931.11089545977,156670.47619937852
04001,2021,9,1,04011,270634.61775739514,219272.73430437513
05059,2024,8,1,05039,172085.18876374082,122409.55595334456
12023,2024,5,1,12041,268564.72954364837,292297.7639320083
38105,2023,8,2,"38013,30091",303657.81531687494,173577.21600215163
21239,2020,6,1,21005,238986.41201260415,148931.90271169943
37069,2022,3,1,37185,331226.3217162865,218783.48551286073
29045,2022,6,1,29103,171161.9514304734,152572.0194742263
29161,2024,11,1,29073,218916.60872901123,225569.01744797
45007,2022,8,1,13147,251914.9680802419,296919.89404637873
22051,2022,5,1,22057,298665.14463793027,220725.39647537644
42079,2022,7,1,42025,185538.10694499756,235000.04651609057
13223,2022,11,1,13097,353960.97167456424,318413.7351327249
16023,2022,8,1,16037,,357995.04612279
01125,2022,6,2,"01107,01057",216377.0738646339,139946.24458416205
13135,2021,12,3,"13247,13013,13157",358342.28005649825,296263.63544542104
22037,2024,12,1,22091,218974.5890643578,171760.88573705454
47115,2022,4,1,47051,221316.19581472027,281913.71992624854
16051,2021,8,1,16065,400575.2403837773,347528.94477674126
48043,2022,9,1,48377,265450.59074648534,241430.03581859765
48249,2024,5,1,48047,152392.43448012925,82427.86632509175
19173,2023,6,1,19145,115090.92503070612,132515.4279625323
39121,2021,7,1,39115,154585.46354398516,132851.85288868702
48179,2021,6,1,48483,95432.39690023406,121741.5565821997
47133,2025,2,1,47137,246258.42893810803,239538.80840952985
47061,2020,9,1,47153,135396.50682596676,185859.85700241933
29125,2022,6,2,"29151,29073",211201.6155644176,216745.52231523395
17143,2025,5,1,17123,145713.47416911533,128338.25460354028
13177,2022,9,1,13273,235263.05550783535,104066.23891848268
33009,2021,5,1,50009,282789.70494567923,185350.59959718
47109,2020,4,1,47069,117001.32198013148,102888.25196671949
21145,2021,1,1,21039,137777.9647202325,87246.67985831613
20183,2022,4,2,"20089,31061",88453.84480537694,106440.6985085078
05095,2022,1,2,"05077,05123",111687.15938065544,109910.44589838287
16031,2021,5,1,16053,250529.11999545305,309986.5533996977
29055,2025,5,1,29073,207521.0836019586,231091.41775757232
51683,2020,6,1,51685,348426.3792157253,330028.76533421216
06071,2021,6,1,04012,449473.7500821846,205986.7125716207
29055,2020,11,1,29073,155580.90445166963,153976.34409285433
28077,2021,3,1,28147,127346.14327710148,144156.0722546149
06041,2021,3,1,06013,1293653.3452140072,741043.460328814
23013,2021,8,1,23015,346374.0101610778,354855.17272738164
28071,2023,9,2,"28161,28107",334246.04355959897,171697.11011596158
21075,2023,7,1,47095,87763.01984081777,110399.05311728822
13227,2023,4,1,13123,359116.0658534191,402585.9018446461
27143,2022,9,1,27103,259826.9996858203,273032.03111687885
27061,2020,9,1,27071,170356.53031463802,113779.95783039888
47157,2021,7,1,05035,190915.73155086616,143439.41003612688
39155,2024,5,1,39007,144569.3788818755,157353.13789002004
12115,2022,6,1,12027,473132.6785070413,262568.9344192368
46009,2020,2,1,31107,133590.43373174907,135368.2769455453
13031,2023,8,1,13107,249310.10892193703,119953.77482886647
05147,2024,10,1,05067,91149.36263508996,99422.50840300828
32017,2023,3,3,"49027,49021,49001",222758.348506292,317823.79818768956
36051,2025,6,1,36037,230896.42458049033,208313.13247966557
48423,2020,11,1,48459,195170.8711875372,180358.5902139111
26033,2022,6,1,26095,173366.6046763004,134223.78985078706
55007,2020,6,1,27075,190440.36877885295,174071.57238944524
31017,2023,4,1,31103,130491.0766074896,241168.66269853117
05017,2022,5,1,22067,113283.27895517946,109197.75543715096
48173,2024,5,1,48431,306468.38035531755,222103.1985637149
05055,2021,3,1,29069,153282.65925873522,99423.74154945336
42075,2022,5,1,42043,256219.11064049543,227961.74583100257
41053,2025,2,1,41041,475005.62677722046,470619.1689144818
40089,2024,11,1,05113,209331.40636175335,180230.27999761657
42081,2025,3,1,42093,220286.44466090956,263877.39350591716
13177,2024,2,1,13261,249678.5009144293,131415.964346025
47069,2022,2,2,"28139,47109",134051.68692815374,146644.9162250632
51710,2022,4,1,51740,272794.57640162436,224424.4756349868
13179,2024,5,1,13029,235902.58149061768,396329.0065310784
19137,2023,6,2,"19129,19145",126360.20272855244,192752.40244595354
35051,2020,6,2,"35003,35017",126696.8481327322,173095.78681668825
47113,2023,8,3,"47023,47033,47075",225144.20149913817,165496.28118016478
37095,2025,2,1,37187,216833.8612184558,110162.60901612738
38055,2023,6,1,38083,186661.4009146156,176643.72406319226
13223,2024,2,1,13143,350576.07054286107,263154.3719642292
29055,2022,4,2,"29093,29073",198706.1551738787,170519.04842070965
40085,2022,11,1,40019,188339.6678381481,168036.06138132283
16013,2022,9,1,16025,928514.7540236856,389840.57135824807
21041,2025,4,2,"21223,21103",194387.69091605613,241025.67993487936
13241,2023,8,1,13281,376323.36184222455,376899.92500736815
13269,2025,4,2,"13197,13193",148771.4025570507,144990.54479644797
36057,2023,6,1,36093,181854.7789214178,259253.7857525167
28149,2024,6,2,"22065,22107",149714.8422541281,157624.51717277762
26009,2021,4,3,"26137,26039,26089",247232.46036348143,255286.61507044974
29091,2025,6,1,05049,205006.2964907155,185154.87882110872
21139,2023,4,1,17069,135245.43333596413,106459.72590117287
06073,2022,2,1,06025,829365.0879366974,302958.3461404489
16057,2022,3,1,16009,420248.9509636173,336230.0039566982
16081,2020,5,1,16065,474983.6491062622,255209.2017002787
51003,2022,8,1,51540,490966.086100511,458250.1652059711
53015,2022,5,3,"53059,53041,41009",409313.9702406966,469326.51427123556
06029,2020,3,4,"06031,06079,06111,06083",239196.7365357609,534316.9114265223
17009,2020,7,2,"17017,17169",148086.3798666238,93949.2591586521
22045,2025,5,1,22007,139534.4265702064,165869.30834662882
21145,2024,8,1,21139,175988.43002553983,144947.8064753559
39031,2025,6,2,"39083,39075",172947.57180191643,304536.9362481977
40089,2021,10,1,05133,197655.08799970945,146524.02273273602
36081,2022,9,3,"36005,36047,36061",715728.9136557264,927540.0556087954
16017,2024,9,1,30053,631435.27126787,414404.1352230123
06065,2022,8,2,"04012,06025",609425.6188906799,284866.726062885
13105,2024,12,1,13221,171965.1408966583,303289.6294985861
48131,2021,5,1,48247,,125718.82965680324
01033,2022,3,1,28141,170843.4985559302,174965.50986026254
48363,2022,2,1,48143,273192.54340452835,292391.1373891619
06083,2021,10,1,06079,784828.3713733159,751989.0073506254
31079,2024,4,1,31121,237411.9728775,199991.83492302184
47141,2021,9,1,47087,251901.8602844514,179833.49217141033
45025,2021,3,2,"37007,37179",143566.9238490511,221132.39758012875
55001,2023,3,3,"55097,55141,55077",193491.10897256096,215615.7724041187
47153,2023,1,1,47061,248503.16029122088,174941.51063476983
48355,2023,8,1,48007,233928.0684886865,328210.33186805784
26103,2020,8,1,26083,153009.84847720232,132614.91554011902
17149,2025,5,1,17009,104363.4342591346,142460.7722536806
37171,2025,6,1,37005,224411.118236096,269358.42691542505
18013,2022,6,1,18109,319986.8573411782,267895.42119768256
37083,2022,5,1,37185,97649.466522805,226574.07632013355
17099,2025,1,2,"17123,17155",169921.56350880174,147729.79639323955
01099,2022,2,1,01131,142483.84472903164,148239.8229188363
56013,2020,5,2,"56029,56017",210239.66405016303,218330.84332087752
37111,2021,4,2,"37199,37121",215401.19576868697,211849.91851808684
51027,2022,4,1,51167,88768.88470281851,128296.02253559204
48219,2020,5,1,48017,148569.50302806325,113327.05988080316
47177,2023,8,1,47061,240947.8833937794,188898.5907596239
21069,2024,2,1,21201,156259.12710120517,170784.0997130466
35003,2021,7,1,04011,214541.29912763377,217329.8226209325
19037,2023,7,1,19067,186594.18300958595,142189.640131822
18025,2020,8,1,21163,108277.33649012646,167305.10127972733
51115,2021,8,1,51131,297493.5594747413,232582.9589997333
30005,2023,6,1,30015,185555.1976471836,245406.1620025948
51650,2022,8,2,"51740,51735",243613.53185148895,322561.0080356208
39041,2021,7,1,39083,414357.31343033566,210326.19838878527
17055,2021,4,1,17165,115142.39416624822,84849.28461792633
28157,2024,1,1,28005,112468.57938881514,149394.77714053498
54005,2023,7,2,"54109,54045",87784.59611790047,89476.21005190321
21083,2024,2,1,21157,145868.62998857172,181541.37463835572
28081,2022,8,1,28057,176963.69450298243,154766.7830078752
37189,2025,5,1,37011,507219.08253577,392767.3466573667
47147,2024,7,2,"21219,21213",375638.3978911688,230953.3525265369
37111,2024,5,1,37011,265466.41590723157,395219.34840723267
54059,2020,7,1,21159,67014.04976782521,76224.14711031261
12083,2020,9,1,12017,182132.24311510628,180599.53532526572
51027,2025,5,1,21195,86314.15503987267,116182.7903934786
41001,2023,5,2,"16003,41063",275703.9947095146,439526.12487746985
39167,2021,6,1,39115,155942.82214552432,131605.52686912543
17135,2023,4,2,"17173,17051",108776.96605333504,141487.41366317644
53063,2022,5,1,16009,428857.21963052783,350926.40257405094
27139,2021,6,1,27019,386483.0973283776,424521.788311918
48003,2020,5,1,48165,217254.56194834984,193031.37553495413
12021,2022,7,1,12051,620207.4307952753,254849.9341098553
48181,2022,5,1,40095,292611.3409121987,188542.32793293823
27043,2024,8,1,27091,141753.97385236123,194689.4643245387
46051,2021,8,1,27073,205964.88353696073,157968.5726419495
48485,2021,6,1,40033,131444.503658316,86776.40073457903
37189,2023,12,1,37011,492765.7746735533,386006.2113779133
47113,2020,5,1,47069,155171.56352675648,103258.49236269546
48225,2022,3,1,48471,259428.14800578813,265606.2452391686
28115,2022,7,1,28013,190987.0110649746,130404.61554189544
22117,2021,9,2,"28091,28113",140675.96725700164,128179.38694359134
16005,2020,5,2,"16029,16041",219769.95360724092,247339.8497462439
31175,2020,8,1,31077,129276.84953372167,167329.0355624569
46123,2022,7,1,31103,205212.4099124834,261707.34612513136
18181,2022,3,1,18157,180766.49670838352,243316.2590593727
37139,2021,6,1,37073,195780.49851637564,175139.11029893032
51005,2024,5,1,51580,166561.96713514757,95018.54386796668
23001,2023,8,1,23023,298270.35003467556,396341.01207559096
13103,2021,6,1,13031,239900.226114079,186902.24771265595
13107,2025,6,3,"13283,13163,13175",127397.46202972876,146429.86164720776
13291,2020,1,1,13281,226237.09162452584,243052.134797144
49015,2020,6,1,49007,,157318.54920463328
13017,2023,8,2,"13315,13271",124585.8490130081,125190.49785572072
19033,2022,8,1,19197,177266.71074535223,125290.59847981251
34037,2024,5,1,34031,407821.0145270519,540780.4443659274
21073,2025,5,2,"21239,21103",243198.44318722808,299935.4202180162
38071,2024,6,2,"38095,38099",201086.7971296429,150715.7560324011
51059,2020,6,2,"51610,51600",596093.0181460024,707934.5213404746
37087,2022,5,1,37099,318064.0475493522,403899.4426463816
46109,2023,8,2,"38081,27011",225924.18281314676,172520.2150278017
12001,2023,12,1,12041,309382.9705222408,283056.25639105804
17065,2024,8,2,"17165,17059",114080.27009709136,86483.35261511174
45019,2022,6,1,45043,528012.7324328419,353208.72797890723
12015,2022,4,3,"12051,12043,12027",360226.16496905655,237667.91167792355
48117,2020,6,1,48369,129084.31345124934,124143.24094454618
28059,2022,6,1,28039,195861.4586764748,190611.9139109226
29035,2021,4,1,29179,143924.12938569355,140302.6693584358
51051,2025,1,1,21195,108389.17433684655,113737.1289644303
05095,2022,5,2,"05077,05123",107011.01481525991,107290.62301678842
16031,2021,9,1,16053,270702.53028297314,334146.29198495386
55061,2020,7,1,26019,191591.87956761345,243234.40699029109
31133,2021,12,1,31147,146969.206324482,98615.430774146
48467,2021,3,1,48379,233438.33387522015,229627.5160803323
27085,2021,4,1,27019,216282.4546370704,411024.07816324855
26091,2025,6,1,39095,224839.77689812545,165364.107734713
51051,2020,7,1,51195,71466.22683254832,88870.95327748412
21161,2024,8,1,21201,156296.46184871337,183954.78195021415
27005,2023,7,1,27159,321914.6757488291,200094.65816020165
06071,2021,10,1,04012,474685.8685066423,224478.58875043297
22111,2023,4,1,05003,143932.09045392394,99457.97508720556
51165,2023,7,1,51660,333417.21873283206,296282.6324276337
18007,2024,5,2,"18111,18181",181329.23351855864,203173.47148512764
31049,2025,5,1,08115,164923.05493950125,169608.8932748068
17001,2025,4,2,"29111,17009",166009.3169107583,159719.73536006315
37015,2023,7,1,37091,74595.09072034957,123880.45846323328
21011,2024,8,2,"21017,21181",164008.8481677448,222312.74326345144
12023,2021,8,1,12041,210517.83102896195,226464.5757352719
42079,2024,4,1,42131,200117.4643540813,213912.91331973465
29093,2025,4,1,29223,148165.32122174778,128490.74895755644
21023,2020,8,1,21201,130835.32172337586,111212.0237587394
37039,2021,5,3,"37113,37075,37043",196282.4460369777,226393.88521159312
46009,2020,6,1,31107,132847.25027130466,140834.02694803887
26041,2020,6,1,26089,119809.47891642462,396801.8840839057
39081,2022,7,1,54009,108489.02745536662,119238.61418013027
37133,2025,6,1,37141,281431.1328549355,439311.670110805
31017,2023,8,1,31103,133286.98522997065,252304.63229506745
47029,2022,9,1,37087,216648.2513802914,327965.7837418935
48187,2022,5,1,48177,331210.9034807422,307187.9486233278
51770,2022,6,1,51775,177691.74580332215,239019.26411659064
55027,2023,5,1,55047,262145.5081522961,246827.6290453213
48083,2020,6,1,48095,130529.5843245682,171098.17811179173
47149,2024,6,1,47117,413617.9053611878,315209.69895596773
46039,2022,7,1,27081,290819.70833238016,173183.04556713512
01005,2023,6,1,13259,159744.82243488886,87817.2436092344
46121,2024,4,1,31103,,270273.84001849213
19139,2023,7,1,19115,174169.23442950437,147603.180190058
05013,2024,5,1,05011,130406.98894294816,126832.17843511143
20011,2025,6,1,20133,126899.74109338608,103358.8703218723
13229,2020,6,1,13005,142280.08069765486,95221.87498763
48499,2024,6,1,48379,268866.86549282516,289596.2166286916
13287,2020,4,1,13017,104659.70870635012,79955.43438821142
16047,2020,5,2,"16025,16083",203077.30954937145,265362.84018728
48187,2025,6,1,48493,303012.33295261377,396644.09423876787
32023,2025,2,3,"32033,32011,32015",349891.5909327034,200620.45488779727
47005,2023,8,1,47135,169329.11121695605,169489.21354269437
51173,2025,6,1,51197,152286.64291056906,205629.72819063975
32023,2020,8,4,"32033,32017,32001,32021",248171.3565021107,186168.75765149534
32007,2023,6,2,"49045,49003",338490.66781918285,442261.9634648871
42123,2023,3,2,"42039,42049",120724.8111722672,164735.37203460088
13093,2020,8,2,"13081,13235",93359.11357758024,106063.37591717529
37017,2025,4,1,37141,159218.2905805084,439610.15239154286
41005,2024,8,3,"41065,41027,41071",609014.5616886105,525940.3197619593
17095,2021,6,1,17175,93691.68960288732,126152.87533901977
48155,2024,2,1,48487,108719.781154606,111487.12466712808
35023,2024,7,1,04011,131986.64702381464,215671.5258496181
48237,2022,4,1,48077,241358.36877084468,210797.29462312403
05059,2023,4,1,05039,159369.67191435493,123822.24097999536
47073,2025,6,1,47067,238303.4014223435,157059.00199034033
22097,2022,12,1,22077,151281.45987590743,186111.29972928425
21011,2021,7,1,21173,127623.56968165602,170012.78403480895
48309,2022,5,1,48217,255674.36430473745,223940.77348029963
48271,2024,5,1,48323,132459.84550208048,218065.6430896616
21191,2021,4,1,21023,174405.42747114776,152179.7413655354
28037,2024,1,2,"28063,28005",147132.86098372212,139278.5831545839
20157,2022,4,1,20089,105217.00012111974,100385.914338427
19047,2020,6,4,"19085,19165,19133,19009",108689.1071376155,128542.3295922935
35043,2022,8,1,35028,347749.1544462316,503240.02446207026
54107,2025,6,1,54073,167255.43848728362,162037.77063468416
08017,2025,6,1,08061,201125.8255039116,199019.6168203516
48077,2021,4,1,40033,175316.1357731019,87251.03988396109
21051,2022,6,1,21189,117501.47714149531,132229.86285411936
13153,2025,5,4,"13235,13093,13193,13023",246557.48786752624,144775.76202250007
29201,2024,6,1,17003,154600.74455224766,69788.47070765863
55051,2024,5,1,55003,195590.58115384984,195642.52824133672
48323,2021,5,1,48507,179246.26401638438,83914.0736704403
06065,2022,12,2,"04012,06025",590601.5387105738,279431.79326767917
12131,2022,4,1,01039,711305.0432297905,150673.85654835007
41039,2025,5,2,"41041,41019",451193.8301559088,402393.45199794916
55025,2020,6,1,55055,317689.86762533727,237685.82911153432
21231,2024,9,1,47137,163043.5394813634,224606.27316521545
45087,2025,6,1,45023,126812.54120595031,215500.49668135587
01033,2022,7,1,28141,176581.85605197388,177222.1792467921
21017,2021,7,2,"21173,21097",207047.40959699196,167053.7742453318
47131,2021,5,1,47183,115636.21003289592,126532.57944119396
54095,2024,1,1,54073,111988.0250102755,147720.18525476716
13285,2024,2,1,01017,220867.5751603943,134459.16521109454
55001,2023,7,3,"55097,55141,55077",200236.58652819367,221593.77134931766
29075,2023,5,1,29003,116559.26530023932,244249.83753313843
20131,2023,6,1,31147,196572.8886602889,116198.14771168742
51800,2021,6,1,37073,303251.5753268607,175139.11029893032
01099,2022,6,3,"01035,01013,01131",147839.67944138532,133914.0454605332
05019,2023,2,1,05039,149075.5600340499,125959.97222427667
39095,2024,4,2,"39173,39123",156496.28971046617,241993.9995479342
39019,2024,3,1,39151,172368.11861187615,188191.9019844824
01093,2022,2,1,28057,144956.8920713675,153506.09431702146
45053,2024,5,1,45049,430748.2337270782,167111.77044731122
19069,2023,8,2,"19067,19079",138733.80030251338,143186.3165655567
22021,2025,2,1,22041,120301.5016115759,114625.51667300308
18045,2022,3,1,18157,160229.69624307827,243316.2590593727
46085,2023,6,2,"46023,46015",,222849.34760209598
20143,2024,7,1,20123,158632.0656710498,130292.472637445
17187,2021,8,1,17071,92410.52781495317,117787.23096669528
53011,2021,10,1,53059,491699.2645199618,485812.8886958816
06113,2023,9,1,06011,620680.5849833717,362511.76359877945
20007,2024,9,2,"20097,40003",89376.0534784139,143204.72536625585
29025,2020,7,3,"29177,29033,29117",151186.40934839044,130186.4486172379
45075,2020,11,1,45011,132427.6839165735,144770.30402635108
48027,2024,6,4,"48281,48309,48145,48099",260803.66509738792,238524.882187926
51059,2025,6,1,51610,776078.1756554502,1113617.577332801
56043,2021,6,2,"56029,56017",186752.2384167068,248181.99679503345
51810,2021,4,1,51131,333106.00333316124,217249.29728711
21043,2020,1,1,21063,94460.62568281752,92571.72795386887
17113,2022,6,1,17039,210357.19746429156,116444.13480528428
39137,2024,5,2,"39003,39173",215797.0057532148,198113.55187312432
47151,2024,5,1,47137,184096.7940852564,215156.51679445236
06007,2021,10,1,06021,400349.105512799,328936.9742271595
45007,2021,7,1,45059,210830.6644154406,224472.86661228733
27093,2023,8,1,27145,254130.1600629605,282306.5860745968
08083,2021,5,1,08033,323757.7619569025,277131.84461130766
29181,2023,3,1,05021,156351.64673192505,108011.14838072345
47065,2022,12,3,"13313,13295,13047",324195.17523068376,230747.65900752062
32015,2022,7,2,"32001,32027",224741.58087725253,299872.5980060172
39011,2023,6,1,39161,197625.83759197255,148776.33588245045
20099,2022,11,1,40105,96881.80548868534,156436.7910959576
53013,2020,5,1,53023,193913.7995646774,139244.45247861536
22105,2024,2,1,28005,220810.32611932897,148797.1986019279
26103,2022,5,1,26083,200072.81202341788,158117.43276116395
48059,2023,9,1,48133,192592.9559446424,160947.1738738686
12121,2024,5,1,12041,261164.75290874447,292297.7639320083
05041,2023,1,3,"05017,28011,05107",106055.98030574308,104432.33350593998
51175,2021,3,1,37073,204520.31048188763,170307.87328725492
08101,2024,9,1,08027,288822.2941711082,405728.01451043
23001,2023,12,1,23023,306466.1359077732,405450.1086993825
04019,2024,9,2,"04009,04027",355365.916802275,280832.16134452855
13291,2020,5,1,13281,229213.27222194916,247313.87906086328
48213,2024,2,1,48161,266329.92858161335,245899.83329405249
18135,2022,7,1,18075,128421.64863486234,137235.9222365696
45027,2020,2,1,45089,158054.92427114036,99771.59000457788
17161,2022,9,1,19115,133319.37959791618,146063.52242092113
51059,2020,10,1,51600,612194.4161399044,598389.0975842937
12057,2023,4,2,"12081,12049",387441.8930214482,336794.4309163537
39041,2023,4,3,"39101,39117,39083",476414.88323326263,210975.25102563377
49049,2021,8,1,49039,482440.5768064014,296721.3113041705
29139,2021,6,1,29073,194343.6802949369,174368.37989064612
13099,2020,11,1,13037,103774.75474959314,98137.18176862136
48329,2021,6,1,48461,284240.3612508991,139938.8348644846
20103,2023,5,1,20209,304181.3577642686,181773.3680570825
17065,2024,12,2,"17081,17059",113068.21798914135,101841.62326368134
04015,2021,9,1,04012,324282.0220074584,221207.79194462567
48117,2025,4,1,35009,178006.19712099605,162546.1512523206
21083,2021,5,1,47183,117395.96663423156,126532.57944119396
39167,2023,3,1,39115,162694.92397879585,139859.36659120143
40119,2023,8,1,40103,219027.24283172097,139616.39926346214
12015,2022,8,1,12027,391492.86759571225,268299.57879135606
19101,2024,7,1,19087,169048.30183207794,179848.54490960357
35035,2020,6,1,48141,147906.48915437446,148898.58512172932
51051,2025,5,1,21195,105760.4901736112,116182.7903934786
28131,2021,7,1,28045,166329.83860946892,204303.9822182235
13163,2022,5,2,"13301,13125",136656.47749615042,156751.2622891859
42133,2022,5,1,42043,253547.7634957716,227961.74583100257
13251,2021,5,1,13031,143889.3518352922,184121.8410230988
53033,2021,1,4,"53037,53053,53077,53035",709233.2158411742,397500.97310992243
05127,2024,11,1,05113,139928.8985364088,180230.27999761657
21231,2021,6,1,47137,120151.41303788962,186213.91655786836
47151,2021,4,1,47137,151098.1782702734,178383.05855598836
08027,2020,7,1,08109,267101.1678389483,163397.74464081696
17029,2020,7,1,17035,101755.0608856624,133795.17787707972
31067,2024,7,1,31095,180095.6602355108,130529.41676822065
13037,2024,12,1,13061,104450.29281637393,166361.77161346682
13105,2023,8,2,"13195,13317",157387.3084398593,218775.2061231878
05141,2025,6,2,"05137,05129",165519.53608820957,179334.58920203504
18051,2024,8,3,"18129,18173,18125",186710.38756435737,215445.7413629135
39157,2025,6,2,"39151,39075",197013.5778593661,272210.1776157021
29041,2021,8,1,29089,248256.2513700132,167913.20177439455
08009,2023,8,1,35059,,120455.54715906024
39037,2020,5,1,18075,127911.4453752355,100522.31456836464
25001,2020,10,1,25007,468023.9137205771,936628.9465954014
40123,2021,6,1,40029,146652.23145555923,98202.5530297435
08053,2024,8,2,"08109,08111",449074.1522960425,389916.7512958178
04011,2023,9,1,35003,212280.8289030376,228113.5529676705
13231,2024,2,1,13293,358194.2117011443,165182.95610484373
06065,2023,2,2,"04012,06025",580345.5466741208,278519.2382017623
29005,2023,5,1,19145,135890.33287127237,132470.59629441277
54091,2022,6,1,54049,159648.58708528613,148689.56871265333
13177,2023,1,1,13261,237439.2398102001,123618.70557110183
20007,2021,6,1,40003,73331.13926552334,115196.2201723709
20085,2022,4,1,20013,196573.0820816824,115174.82124063851
25017,2024,1,1,25025,765269.9473291741,726140.1859394656
31107,2021,8,4,"46135,46009,46023,31015",164143.40589591887,197300.41087534593
13099,2022,4,1,13037,126752.99102908056,110757.14208648849
13151,2022,6,1,13247,334548.40771419235,311098.1517212716
36085,2022,8,1,36047,654675.1180041012,890288.7042537299
27165,2022,9,2,"27063,27033",129255.39463157626,166870.40455627715
29223,2023,5,1,29123,126932.52418295707,151267.4622931657
32023,2025,6,3,"32033,32011,32015",353692.5271216277,198245.93231219167
08015,2022,5,3,"08093,08051,08065",666379.496723425,562617.2289013393
26129,2024,7,2,"26001,26143",157709.19312685073,174719.68124996312
28153,2024,12,5,"28061,28111,28023,01023,28041",133344.21618280906,138763.10227143305
29053,2023,8,2,"29019,29089",226021.3550799023,251674.75117777358
29183,2022,5,1,17013,335994.94446167303,182671.28605271663
13033,2021,3,1,45011,143797.06441000497,151736.9025523651
48007,2022,9,1,48057,324252.301196489,210624.7446151903
08091,2022,7,1,08111,776803.4634432414,492131.7072014402
13161,2023,7,4,"13279,13271,13209,13309",136569.5708794721,141780.01185475546
47053,2023,8,2,"47033,47045",166633.09611040555,163834.6613787089
48423,2021,3,1,48459,202059.61013483535,186453.50976553935
05005,2024,3,2,"05137,05065",217258.46109260127,177656.31854401645
13079,2024,7,2,"13225,13193",211857.6068131252,171453.02788457612
04011,2020,8,2,"35003,35017",185928.9033375728,175704.98198006034
48025,2023,7,1,48391,185216.0304481469,149339.4420129722
21043,2023,6,1,21063,147649.94073348204,152391.02280017114
51057,2023,6,1,51119,281242.1451642315,346508.12879216025
16049,2024,7,1,16035,336927.1030688729,296861.6912554735
28153,2023,4,3,"28041,01023,28111",129542.84899650628,141832.80315753122
36089,2023,7,1,36033,123371.7229654282,164821.40618182367
18019,2025,5,2,"18143,21223",257492.75275616068,215335.7949870766
13279,2020,7,2,"13161,13283",111328.93769642712,105671.77625688983
38053,2024,8,1,30109,328626.6541284237,196585.37082906067
47079,2022,5,2,"47005,47017",186837.75138275957,165708.68013524922
26061,2024,5,3,"26071,26083,26013",166008.80006128558,146779.07048016394
49019,2022,10,2,"49007,49047",606277.6642763984,263926.69843199675
13197,2022,6,4,"13053,13307,13249,13259",179434.4563719963,143444.7965675065
06105,2020,7,1,06045,263712.3676086343,502178.7795225934
19107,2022,6,2,"19101,19183",128603.59555361564,182690.8215482626
44003,2020,12,1,44001,287538.18586505466,434351.64963583
17011,2024,7,1,17123,129803.51509802358,120927.46423100878
48167,2025,5,1,48071,325265.98150013393,343934.59212345484
01093,2022,6,4,"28057,01133,01057,01075",154174.4084184838,160273.2319618224
17101,2025,4,2,"17159,17185",112595.36997074269,119024.39791424334
48251,2020,1,1,48425,239808.63339363565,263534.50155248074
39081,2024,9,1,39067,117752.83409673482,141418.6011228014
20167,2025,6,1,20141,104468.5704005111,90226.19122863858
01081,2023,6,1,13145,311335.590406696,336035.9337349126
16079,2024,9,1,16035,268626.8091865472,297470.7771085962
27059,2021,9,3,"27003,27141,27025",291392.437639517,333423.94053505774
17073,2022,11,1,17175,137684.46105261138,123421.13591019534
05043,2022,12,3,"05003,05017,05011",148845.04657942985,107123.03410000306
12083,2024,2,1,12017,286569.4743670353,284933.61943266675
19163,2025,4,1,19045,234527.96437325169,166485.99085977234
06001,2021,1,1,06013,945210.0370836155,716275.2783942875
27143,2021,9,2,"27019,27085",243227.31493434345,336689.7684615728
06003,2020,7,2,"06051,32005",388506.23120808025,512722.7340669924
37189,2024,4,1,37011,499220.80784324574,392376.471446039
28037,2021,4,1,28005,155392.5946048637,153538.57951561874
20125,2025,4,1,20133,94094.55115696444,105117.60100442688
53009,2025,2,1,53055,489885.2812757117,886068.8155460694
19161,2021,9,3,"19021,19093,19035",122384.9210004118,132355.6984789911
18147,2024,6,1,18173,215683.02870039293,268824.19071238785
28131,2024,12,2,"28039,28111",194719.56260602493,175629.90008653305
25023,2023,6,1,25025,562748.6368855829,715208.5842361543
51810,2021,8,1,51131,346272.8649001489,232582.9589997333
47181,2023,12,3,"47135,47101,47071",167623.3631723392,198554.6130345332
29101,2021,3,1,29107,220075.52889414245,166028.61019299037
04001,2025,6,2,"35003,08083",313257.3002223899,307003.3852172514
08051,2021,8,3,"08029,08091,08053",578136.2622589968,455597.9481978012
40113,2024,2,1,40103,200198.648580265,137847.52545849467
13139,2024,2,2,"13117,13013",388441.83069951646,481408.32677450706
47011,2023,1,2,"13313,13213",279165.14857313706,216816.17132000206
22101,2020,12,1,22007,124479.30193856376,159691.1164866663
48267,2020,5,1,48435,255898.86676144713,142840.5366061218
31143,2024,4,1,31121,192694.3487360651,199991.83492302184
47163,2020,1,2,"47091,51520",166538.73468760177,133415.60534251743
13013,2025,6,1,13219,348187.29166949826,546624.0959394239
13009,2021,4,1,13141,182431.9816645884,171541.2672073689
27089,2023,9,1,38099,192227.192940169,154186.77994074536
41039,2022,8,3,"41041,41003,41019",450058.7534332739,443648.0998701055
18149,2023,6,2,"18131,18141",182887.19742646537,176082.12104831368
48371,2024,1,1,48475,171585.62230759932,192160.40606095604
29181,2023,7,2,"29149,05021",144489.58906734842,139042.91279638791
30045,2023,6,2,"30015,30107",254892.32700804563,207527.5054363356
05023,2025,6,1,05137,246441.80538232884,193612.4951584892
18157,2025,5,1,18023,289675.8223740543,212220.68458559224
27061,2024,8,1,27071,229633.07551949672,144711.06725329705
50001,2020,6,1,50017,326405.661257585,246266.93735943627
28147,2023,3,3,"28113,28077,28091",152372.2702304459,128505.63044055602
16043,2022,8,2,"30001,30057",480717.3651655962,553107.4599031158
41043,2023,4,3,"41039,41003,41053",381846.7308563064,474146.6484755724
13001,2020,8,2,"13161,13267",123231.590194061,113861.33919802523
47019,2021,8,2,"47171,37121",179404.68607095457,187398.3473959025
06029,2022,9,1,06079,338620.0504232934,843649.2616824037
48213,2024,6,2,"48349,48161",271039.43646934134,236346.3649137551
06097,2020,3,3,"06033,06095,06045",672649.6488384291,413645.60711029964
31051,2025,4,2,"31173,31179",178891.74434132068,189807.6528870011
45027,2020,6,1,45089,161493.46772622454,103044.57162153863
33009,2020,8,1,50017,235286.73000104423,250155.6542228776
36027,2022,9,1,36071,410691.31303853827,390638.0484695991
08059,2023,7,3,"08093,08019,08047",628360.1920083388,543398.5183983776
29069,2025,5,1,29143,92541.68193034329,96816.04834540786
46031,2023,6,1,38029,154074.90126274235,121669.94834862724
41057,2021,11,1,41071,471846.2234889537,470775.0793594289
04009,2021,9,1,04011,251710.4669123542,219272.73430437513
41045,2022,6,1,16087,298862.49218998564,380819.9583281037
29137,2024,4,2,"29173,29175",186756.82377109985,193728.2477153522
47019,2024,9,1,37011,235432.4377703492,397352.0282256897
39035,2024,5,2,"39103,39085",197072.6199647929,270257.6206933561
54043,2023,7,2,"54045,54059",121824.12957196242,96107.45819881975
29131,2024,11,1,29151,254600.90837324373,252991.92461818413
08103,2021,9,1,08107,266216.56228951097,829694.9740717234
42085,2021,5,1,39099,148573.75980065833,115426.61056566588
29139,2024,11,2,"29151,29073",201947.91751351985,239280.47103307705
55109,2021,5,1,27163,337806.15893868374,380422.82797190855
31075,2022,4,1,31091,,119769.20611895628
28035,2024,8,1,28111,183895.4969550777,153690.27185436655
29095,2020,3,1,29177,162757.33059728306,161571.80589478862
19181,2025,4,1,19117,311865.2807531779,175958.2399348065
19067,2022,4,1,19023,137053.93492293943,160942.46697543177
17005,2023,3,1,17051,137327.18496158902,142769.52666862882
22009,2021,4,2,"22077,22125",160370.31571463047,229159.7713876528
48035,2020,5,2,"48425,48193",171867.8876525352,220643.82539271895
18091,2023,6,1,18141,221187.1330558673,194871.7876301142
28011,2021,4,1,28027,158592.73985468564,69633.787060577
39089,2024,8,1,39083,322645.5087990079,260503.5219300565
13187,2022,6,2,"13291,13111",351521.4780035696,439842.0065633663
30049,2020,7,2,"30043,30077",282066.2632538379,234164.3950903843
04015,2020,5,1,32017,239431.8017145711,172477.80310983106
41067,2024,11,3,"41007,41071,41009",582624.8096359364,491870.81417558156
21207,2025,5,3,"21199,21053,21231",157546.79466729285,175087.2897316038
13001,2022,1,1,13005,152254.28669885383,127431.5230581428
30001,2024,6,1,30023,379695.0901214251,275478.8873246678
37139,2023,7,1,37177,236393.55429861904,168633.01518823873
37111,2020,4,2,"37199,37121",183550.8687013912,176494.0744047666
48005,2021,5,1,48455,170875.46161281908,165960.20476320162
26165,2022,8,4,"26019,26133,26079,26085",193000.9594966222,216923.6941544087
19043,2025,4,1,19055,238673.4554167576,223583.02246301217
34029,2024,7,1,34001,503514.5895088985,350029.11183479434
45041,2024,6,1,45033,190604.37447831573,109147.34123728336
17009,2024,6,1,17017,140862.61670762234,98965.8404019745
28161,2025,5,1,28043,151297.19209959757,128630.21684203851
48477,2025,5,1,48051,364957.1641771519,269138.7864238764
41047,2025,4,1,41065,441361.2138496021,390156.03055748786
01061,2022,4,1,01039,158472.28242797658,150673.85654835007
40117,2024,5,2,"40103,40119",161846.07011660168,183123.73217953776
47123,2021,8,1,37075,220780.15307003784,171795.14938261858
51023,2023,7,1,51045,282163.055823113,204325.02103984135
20103,2020,8,1,20005,225350.70166719635,108538.15453938876
48005,2024,6,2,"48455,48373",197531.19281913553,185360.7209524067
48079,2023,5,1,35041,74168.11187894935,142573.6973360727
37095,2024,5,1,37177,214221.49546723673,169313.6266955074
17049,2023,7,1,17035,199804.49692904897,155993.1388107098
20141,2021,12,1,20123,76142.19115504702,112297.55751738016
13269,2024,7,3,"13249,13225,13193",155034.55917423934,178684.11922525664
28143,2022,5,3,"28137,05077,28027",149633.32997346154,133654.68043555334
27043,2023,8,3,"19189,27161,27013",137224.58001642564,213068.2026531968
19045,2023,5,1,17015,159333.02114033763,118409.13661868472
30075,2020,7,1,56033,135635.7940370252,303772.23880600295
56005,2020,6,1,56033,258494.3973481748,302737.0230205245
41067,2023,3,5,"41057,41009,41007,41005,41071",568411.5419856837,504444.90851081425
27025,2024,8,1,27065,365705.0806578643,253394.4283528251
31119,2024,7,2,"31167,31011",230693.99807443432,251680.9390950483
48247,2025,5,1,48047,84431.46151099513,87632.90826733988
51163,2025,4,2,"51530,51678",317316.6053593975,251557.57180631172
46057,2021,9,2,"46077,46011",249895.3046454232,218864.21462352097
13289,2024,8,1,13175,119500.89556119834,185320.08513700683
37065,2021,7,1,37127,104702.7871431764,184220.04488235372
13091,2022,5,1,13309,152089.59677515863,125503.558210233
51105,2020,7,1,51195,80657.23585010254,88870.95327748412
18067,2022,6,1,18159,152949.83298481448,196956.8443082909
13033,2024,8,1,13163,177179.94029688582,136226.8871554458
22077,2025,5,1,22029,181635.72482023295,113930.6076630851
06027,2020,8,1,06051,382259.4054897145,514060.8429929831
06019,2020,5,1,06051,283679.9369573768,509251.1996162448
08013,2021,5,1,08047,648212.7742940387,478421.3508959817
26125,2023,4,5,"26087,26049,26163,26161,26093",323636.6110288128,259222.33627887856
12071,2022,6,2,"12051,12043",403529.8767005229,243884.92780208663
01101,2024,2,1,01085,160725.22692523687,140638.51368373868
48131,2020,8,1,48247,,118739.30427464946
19169,2023,4,1,19079,256185.09900944433,140472.220006829
21209,2021,6,1,21097,251869.4305972608,162278.81456174285
28047,2023,3,1,22087,211496.9340344378,230767.1331049447
47113,2024,4,2,"47023,47075",228430.673421164,168548.6942511201
19187,2020,7,1,19079,110671.62477470312,107185.72194356762
21163,2025,6,2,"18025,18123",275536.5284834383,172940.3292847596
08089,2021,7,1,08011,146477.3270208975,144886.12221254598
17033,2020,5,1,17079,118966.25551404612,114570.54842886084
13261,2022,6,2,"13249,13307",124032.28011129628,167209.8369780253
51027,2021,7,1,51051,92186.90858944942,89181.33193085693
19083,2023,7,1,19079,132258.1125301109,143258.9349899698
17095,2023,7,1,17175,88974.77522286755,132643.2287820735
13157,2020,7,1,13059,255595.3761104363,203004.72577796932
38031,2023,6,1,38027,165608.44851850285,126341.41687461433
01093,2022,10,1,28057,157526.7441891803,150149.9324049726
06033,2023,3,2,"06055,06097",329480.3904437229,836777.095028043
26051,2024,7,1,26143,163222.23574178485,178732.3770048238
48053,2024,5,1,48281,454162.93193148426,302763.7113071584
12083,2024,6,1,12017,286260.4452477056,285815.79340179695
21035,2023,6,1,47079,219394.52298724683,191833.0064502079
28157,2023,4,2,"22037,28001",116205.8838465878,179053.93166424503
39063,2023,2,3,"39147,39173,39175",204170.715566998,172940.83326194648
08111,2020,6,1,08053,327289.4147670359,347588.5314071166
48075,2022,8,1,48197,122581.5939826053,108879.05196442555
22051,2023,5,1,22075,279894.6110344935,295891.8181529014
48025,2025,4,1,48255,178677.91742637707,206902.07925139452
13189,2022,5,2,"13301,13317",178200.32736138915,133674.28494311764
39173,2020,10,1,39143,181005.84756930455,123795.02678782174
47011,2023,5,2,"13313,13213",285534.68176136335,220170.21980090166
21025,2022,6,1,21189,93464.24166182172,132229.86285411936
48413,2020,4,2,"48095,48435",,155794.21220883966
28083,2021,6,1,28135,103388.9723958635,143926.18596402413
22051,2021,12,1,22057,295388.1048137156,220701.76996116023
01047,2025,5,2,"01131,01085",87877.08037708869,140290.23194096022
13009,2021,8,1,13141,190171.36761735255,180298.40539148697
47031,2023,7,1,47061,284948.6207960465,186532.53327518617
56045,2022,6,1,56009,219198.234845723,267071.7520216556
55075,2025,4,1,55041,188800.8607330291,189328.91590979823
20025,2024,7,2,"40059,20097",89707.14467749376,121101.84792627126
22033,2021,3,2,"22121,22047",203725.19119655984,179126.2248233125
01041,2022,2,1,01039,129480.3835719762,151261.14357023864
48461,2022,10,2,"48173,48103",139699.9881116949,280916.41779018065
37041,2023,7,1,37091,228227.95416931823,123880.45846323328
19033,2020,5,1,19067,135608.73731330296,115072.17891348856
45083,2021,7,2,"45087,45059",210143.5219715976,176868.64023789536
29113,2022,6,1,17013,273427.96813331445,183803.8567548949
22121,2020,6,2,"22077,22047",201429.31149608525,160301.35225363966
12097,2020,5,1,12055,253559.82211292876,144661.67132613025
46059,2023,6,2,"46073,46005",252345.85946898905,223483.60614676704
13077,2021,12,1,13149,327393.8632490505,210772.47354957295
13069,2023,6,1,13271,183392.01124110128,117115.72207368024
17027,2023,4,1,17051,180682.06194510407,142684.14613732652
37189,2021,7,1,37011,390545.3399737444,306513.1101590603
08049,2022,8,3,"08037,08019,08047",800323.4857390458,767259.3912231243
12107,2025,6,1,12007,212590.65094230787,242939.0827616721
54099,2025,3,1,21159,134871.39011647945,120617.25053929996
41059,2023,5,4,"53013,53005,41063,53071",289888.4590692609,369034.0055832721
54081,2023,2,1,54089,136002.20370707175,133518.7935608518
17137,2025,6,1,17009,122882.91986146984,143719.29540050993
12097,2023,6,1,12055,383779.0944927206,229636.39074410585
29063,2024,7,3,"29075,29061,29003",219441.39447299353,207615.02590203178
48451,2020,4,1,48095,173957.59023190083,167739.39502219204
19007,2021,6,1,29197,119162.32431081744,138849.250566735
16035,2022,6,1,30061,299266.62100644765,374141.2544006892
29023,2023,7,2,"29069,05021",148140.42764674244,104408.91513186326
36055,2025,6,2,"36073,36037",271640.3718454197,195245.49727572122
40113,2021,5,1,40103,173252.6023141485,117131.2920080026
48323,2020,5,1,48507,160479.43564262713,76069.39063441468
55109,2021,9,1,27163,353172.18431881565,394311.60547375213
29095,2020,7,1,29177,164895.44319101085,164100.74466946066
20157,2024,8,3,"31129,20089,31169",121900.2606487999,124579.8010265049
47171,2020,7,2,"37199,37121",156797.7194099344,178918.01286402685
42083,2024,6,1,42023,107883.32690397784,81972.34478556023
27123,2021,9,2,"27163,27003",307552.7591777639,362029.4524705837
39075,2022,7,1,39005,306985.18448955414,193944.4059864992
13121,2021,8,2,"13117,13063",371332.19193133456,330611.2579330185
05091,2022,5,1,05081,171747.7684619959,135036.9736839991
48483,2023,2,2,"48211,40129",113165.3108975294,178682.5573595147
05139,2025,5,2,"05003,05011",123769.21929868478,97520.75942746157
01125,2023,6,1,01007,225219.22283519767,221918.279897282
47023,2020,5,1,47069,135947.14552236194,103258.49236269546
22097,2020,4,1,22077,153685.40486837423,169732.02652904805
12001,2021,7,1,12041,254399.35612578367,223883.5086077948
48045,2024,4,2,"48153,48191",172768.67682422543,87349.08157435479
31141,2024,7,3,"31167,31011,31121",257995.78658814533,234985.84732951105
42085,2024,10,2,"42039,39099",167248.37194855776,148866.99648192854
13245,2023,7,1,13163,179367.27628670502,127048.84328841146
22105,2021,9,1,28113,224239.12664731423,122111.89309311355
05067,2024,4,1,05037,97996.57894344516,143756.13035231674
48479,2022,3,2,"48127,48247",201951.45294189244,130774.29115236175
45073,2025,5,1,37113,280284.46705960366,354883.58163524326
13311,2020,10,1,13281,195069.7284050924,260358.33227494903
30041,2023,7,1,30015,207477.65682524792,248183.13221115756
29186,2025,4,1,29157,240217.27710506952,213140.46168005944
51131,2020,11,1,51735,190388.04620783168,351215.4690559691
29127,2025,5,2,"29111,29137",184903.54918624257,190359.29880036702
26075,2023,4,3,"26161,26093,26059",195272.70562673916,302453.3763447354
48119,2025,6,1,48231,203720.79144507996,282219.30404996226
13215,2024,9,1,13053,179571.72967814587,141845.17500500302
21161,2025,4,2,"21201,21069",171468.0516894918,182573.36454256187
28005,2020,4,1,22037,138288.45392170997,210627.4331505839
30097,2024,7,1,30037,413671.6766585492,220065.4846085969
13267,2023,1,2,"13107,13279",161985.16925053232,128395.94834646783
48389,2023,6,1,48243,216657.23993122543,252066.42572919975
46025,2023,8,1,46005,181224.6518120879,178393.48505726355
05093,2021,10,1,47097,117699.88946910165,117725.24439295332
27077,2020,6,1,27071,174189.9819879979,111961.95949721664
40067,2021,6,1,40033,74271.71057329809,86776.40073457903
45051,2024,6,1,45033,330768.6545792757,109147.34123728336
21157,2020,7,2,"21143,21221",133554.93184948448,180740.39227809972
29151,2021,6,1,29073,201715.5585079393,174368.37989064612
05005,2024,11,2,"05137,05065",222325.4584669844,184173.38423021202
53077,2020,5,2,"53037,53053",251547.8396298129,375356.7389283443
37195,2021,7,1,37127,162397.13635390284,184220.04488235372
27021,2023,6,2,"27159,27153",291676.64285380417,221827.9424114218
13033,2024,12,1,13163,174150.68417193776,133910.92080495844
39175,2025,4,4,"39101,39147,39033,39063",177506.8302551946,178833.80241400775
13043,2024,7,1,13279,205098.9727227718,162140.0491764728
28021,2022,5,1,28063,146750.1877821641,177661.50689700383
20007,2023,7,1,40003,81191.44793409725,112687.44293289552
27035,2023,9,1,27095,345054.12459944753,283250.60955099104
21143,2024,12,2,"21139,21033",189108.6935352469,147358.4047647756
39133,2024,4,1,39151,249203.12437641868,189746.38191151177
17109,2022,5,1,17071,89185.07244656906,121788.13114036452
06045,2023,1,1,06097,553773.7090119957,788185.2879166378
39085,2022,9,1,39007,206715.8124901748,148249.86174073437
13195,2020,5,1,13059,191914.4713402028,200802.39026534377
47005,2024,4,2,"47135,47085",175120.2518074934,199735.52053307544
38079,2024,9,2,"38095,38009",,173869.7390270761
13179,2025,5,1,13109,244303.11024170593,170248.60282386787
48183,2021,5,1,48459,166962.73520995982,191301.9009340322
16015,2020,5,1,16045,288745.86823152093,291877.99872181617
17181,2024,6,3,"17003,29157,17199",143807.64060610044,139846.503341627
13215,2021,8,1,13053,145511.38812586688,129116.72821307844
21139,2021,3,2,"21143,17069",105838.07532712544,126060.7867414992
17121,2023,2,1,17051,105717.52445770425,142602.55299452224
05147,2024,2,2,"05123,05037",93686.97512668486,113974.4945144165
48289,2025,4,1,48225,306800.4199571066,218051.5238050355
39107,2020,4,1,18075,168806.83865038207,99531.60439401702
40115,2021,6,1,40035,109712.88331227069,144848.93047337807
01071,2023,7,1,13083,188692.3171848974,231817.5316792708
21101,2024,1,1,21233,188972.96452908972,127224.41919296334
06103,2021,10,2,"06045,06021",309138.1343799131,464866.6559246986
20167,2024,5,1,20141,101723.02639694452,81594.42054469178
48389,2020,5,1,48243,232511.2843147297,208893.51993392743
45027,2022,6,1,45089,207848.82846961624,134119.23480225334
40089,2024,3,1,40023,214272.20881730143,132907.9377203757
53019,2023,11,1,53047,267688.9118136223,303689.5678336173
27031,2021,10,1,26083,322949.5439711443,143605.420536739
39167,2024,1,1,54073,165900.84379970445,147720.18525476716
06073,2023,2,1,06025,849719.6347006453,310141.75176607195
37189,2024,12,1,37011,510568.4159636325,397136.2651901666
01123,2025,6,2,"01087,01037",266622.5751993598,153923.71673155657
06007,2024,1,2,"06063,06011",396484.8104635489,367620.88832460926
18167,2021,3,1,18165,115648.56367475072,105628.2839371799
55133,2020,6,1,55055,342672.30081448134,237685.82911153432
19057,2024,7,1,19087,140423.8084445957,179848.54490960357
37131,2022,6,1,37185,115298.76775833777,230231.3238355672
48277,2020,5,1,48119,139627.8278705871,130118.82275663808
42081,2023,2,1,42093,203044.01382440585,247850.35156895232
18017,2024,5,1,18181,157652.1514493051,200792.8131373037
05055,2020,11,1,29069,146339.78768923893,96964.34739419556
37039,2022,7,1,13291,250075.6528331506,352954.17878307455
40037,2024,4,1,40119,197928.639004583,223704.23539720665
31151,2024,7,1,31095,200462.371147157,130529.41676822065
20077,2023,7,2,"40003,40053",81296.24183079328,116089.82737348799
42035,2024,9,1,42023,181072.64117581132,81765.06747923995
47131,2022,1,1,47053,136044.95775122085,157795.40554026014
19169,2020,7,1,19079,208629.2534743769,107185.72194356762
16005,2024,6,1,16071,342929.8386126233,325032.26957819326
51153,2023,7,1,51685,537539.9661311286,416585.54498015414
22033,2021,7,3,"22037,22121,22047",207737.9912435659,193066.03661316077
53073,2023,10,3,"53057,53055,53047",584011.437936735,578975.8782781735
18159,2025,6,1,18023,233636.97358139337,211897.980897372
47113,2021,7,1,47023,184849.60498441695,150911.07395987478
31149,2023,9,3,"31089,31015,31103",138677.59389413378,202445.49975030578
32013,2020,7,3,"41025,32027,32031",232216.85635848608,229578.97978848894
48225,2024,11,1,48455,220701.09692665795,185912.02197019703
36119,2024,7,1,36005,777983.3296620842,459713.2408121548
48167,2022,12,1,48071,332859.7295415589,337490.8924625471
19015,2023,6,1,19079,202764.87977730136,142337.8133422708
13105,2024,4,2,"13195,13317",164119.4518466269,228191.6955274331
28081,2023,8,1,28117,182968.7088216575,142933.48190975547
05037,2023,8,3,"05111,05035,05123",142289.34682325984,128287.15053204662
55061,2024,8,1,26019,275705.2247826462,380034.80209164624
48467,2025,4,1,48379,276732.72158097953,288524.3946638816
41001,2024,5,1,16087,287443.31381110643,368918.8636577556
48399,2020,6,1,48095,122733.3398122815,171098.17811179173
06049,2021,10,2,"41035,41037",162466.60789228647,213032.97021865065
20125,2022,11,1,40105,92415.57572479032,156436.7910959576
31153,2023,8,1,19129,336177.65065891785,252133.1159131576
22099,2022,8,3,"22101,22007,22047",173242.57738040955,144871.0479029432
49007,2021,10,1,49039,204315.54217664132,310067.68711882766
08037,2024,8,1,08065,1278467.8645594784,494398.0875709651
16069,2020,2,2,"16035,16061",232416.13342112745,170284.27761130122
48109,2020,6,1,48243,,209296.4381402916
06071,2022,12,1,04012,529793.5560696168,251383.79285890624
51199,2020,11,1,51735,345258.00605815375,351215.4690559691
23001,2021,7,2,"23023,23007",241743.43383125495,274650.1880487642
48041,2020,7,1,48313,236321.1431475717,179767.64560461356
01077,2023,12,2,"28141,47071",215052.93560661472,182801.40847325552
40129,2021,9,1,48483,162741.50247230573,123995.41345207574
30003,2022,7,1,30103,200486.83883742115,223906.47507673255
05135,2024,11,1,05065,156712.1291696218,169912.3757631922
48157,2022,10,1,48481,386788.8277216227,253337.395874097
46123,2023,7,1,31103,184691.1117900686,249918.7545007619
20029,2024,5,1,20123,100700.78151700489,128202.28497795462
21183,2021,3,1,21091,114076.87100087744,148112.71219711806
41011,2024,12,1,41019,353329.5104824349,338485.43360117
23001,2024,8,1,23023,316911.0350736071,419844.7663666191
54013,2023,7,1,54105,98033.96627526089,111946.44737681311
17161,2023,5,1,19115,136441.0946167433,146464.1065465059
26037,2025,6,1,26117,298377.5413022628,216099.2136107801
18063,2022,8,1,18109,323757.3547170192,268738.3934852941
22111,2021,3,1,22027,140454.01356644506,205985.77966726865
48473,2021,10,2,"48477,48185",333059.0460767899,321939.33231340314
48165,2022,5,1,48115,220265.5773135072,118939.1148952651
06001,2020,1,1,06099,868295.1921417549,333241.12176574836
48243,2022,9,1,48377,268083.59504781925,241430.03581859765
13297,2024,2,1,13013,375321.2122966221,339562.7740123782
12015,2023,4,2,"12055,12027",376871.64891148807,242729.05970162328
18049,2024,6,1,18149,181804.72447063716,198936.27864187863
26075,2023,8,1,26093,199157.18029326084,358511.44273684267
08049,2024,5,2,"08019,08047",750475.492920821,557467.8053887839
50027,2020,5,1,50017,274465.74303070497,244755.82438280652
06031,2023,1,2,"06079,06053",327769.38503579545,817800.889230439
08009,2021,3,1,08011,,130557.6748229841
42079,2022,3,1,42025,178770.2271199542,220287.0148036005
42037,2023,2,1,42093,225599.3029115717,247850.35156895232
29147,2020,3,1,19145,152259.14635028728,102379.56679068926
29093,2023,3,2,"29123,29221",140568.43448667083,157512.99881200318
48201,2022,3,1,48071,273228.6304402715,333405.06679114135
01005,2024,8,1,13061,151814.67530851488,171030.98695854688
12105,2020,12,1,12055,218593.39113279493,155473.59425094846
23019,2022,12,1,23009,234722.46792068865,376353.69542524585
29049,2020,7,1,29177,179171.1234313699,164100.74466946066
47069,2023,8,2,"47023,47075",144412.68830954123,166803.9336530778
49037,2021,9,1,08033,302352.1737452491,283961.78206613014
01047,2022,6,1,01131,93429.67018113652,147095.30019130008
41051,2025,2,3,"53059,41027,41009",514176.53867448465,569374.0055398034
31083,2022,4,1,31061,136906.32749454505,112495.4826785886
05059,2022,11,1,05039,159509.3306521099,133508.74696060395
28009,2025,5,2,"28139,47069",144701.67246682977,145732.38668872704
30047,2020,6,1,30089,328645.82942116214,242258.9944973639
29221,2022,5,1,29093,175482.93680019156,139890.35638683185
21175,2020,7,1,21063,95193.32214459474,96794.68101154632
54023,2023,9,1,54093,171179.52235507872,204729.8873119816
19047,2024,7,1,19093,162261.62540412912,134063.58388484223
46129,2023,7,1,46045,128918.72623083154,217631.994710597
48395,2025,5,1,48051,262691.07591988094,269138.7864238764
05019,2022,11,1,05039,146662.19390767612,133508.74696060395
39075,2024,4,2,"39169,39151",320231.57516591897,212909.25617973186
42011,2022,5,1,42077,254007.79563478936,299291.7347785327
05115,2021,4,1,05101,166440.06614361625,170030.80734228028
21053,2022,7,1,47027,147291.01318199237,184840.9317858925
48239,2025,6,2,"48285,48057",214637.56101942292,244904.61923993583
53031,2021,1,3,"53029,53055,53035",462726.152112976,553694.0064603145
21211,2020,5,1,21005,233613.8124771075,147693.28516319406
17021,2023,4,1,17173,102112.15550095448,140290.68118902636
30079,2024,6,1,30109,141368.93925319563,197347.30846496052
17131,2023,8,1,19115,157780.20862174864,148245.5240324595
13123,2021,3,1,13227,292668.5033286177,280018.25696915045
18169,2023,6,1,18103,160443.21484642258,130796.59691408534
16043,2021,8,2,"16065,16081",405275.2450401553,526342.2503546264
17041,2023,7,1,17147,126611.24799309496,192925.40682982389
47005,2021,7,2,"47083,47039",142299.402466246,159288.6592621211
06069,2024,2,1,06047,772682.7329693477,414724.49784743576
42105,2025,5,1,42023,153484.2169901411,92026.82269402235
41053,2021,12,1,41071,427210.10026074457,475047.661121183
32007,2021,5,1,32013,303143.5433069474,264626.37922548724
30059,2023,6,1,30107,285186.463272946,169648.8488700764
26043,2024,8,1,55037,159720.22671117968,179965.6690562193
13059,2023,4,4,"13195,13013,13157,13221",295327.0533629535,311435.5774033677
26131,2024,6,4,"26071,26083,55003,27031",126938.88939091116,222631.64123079128
19139,2024,7,1,19031,180373.75139316008,228014.50661408072
13175,2020,7,1,13283,137630.245341945,110469.15067117706
39029,2024,10,2,"39151,39099",152539.9711711013,175832.65322462632
08059,2022,7,3,"08093,08019,08047",668944.7185224849,564245.7609959958
26095,2023,4,1,26097,140140.3240728182,178164.0867234189
29111,2021,9,1,29103,164781.73230028222,140328.32444759982
32023,2021,8,1,32001,300143.4943098395,333835.8094623653
32007,2024,6,2,"16083,32015",351990.6904749863,302244.6876345462
13215,2021,12,1,13053,147586.69435393004,136037.66381770963
13219,2020,4,1,13059,360927.7744127984,199432.67992372517
19157,2021,12,1,19095,172269.67899826184,175360.8321665103
17121,2023,6,1,17051,107495.84954931104,143743.0185822359
35015,2024,8,1,48109,241011.8240741288,135794.2667116035
13237,2023,4,6,"13141,13159,13009,13133,13211,13169",375312.4854523332,317509.9714522738
05031,2020,9,1,29069,160062.0935518476,94966.79354549924
22109,2025,6,1,22007,187963.8506140028,164718.0692211288
13241,2024,12,2,"13281,37113",393230.67118389695,372425.3061636809
39005,2024,4,2,"39169,39103",211753.27830362937,274664.01729607204
48271,2025,5,1,48507,121367.63299129768,82073.61062298903
51800,2022,8,1,51740,342138.6771862513,230722.61723764695
19047,2021,6,2,"19193,19093",124770.3497629935,137143.32088923972
13045,2025,6,1,13149,286416.83324481297,264017.5944222047
28139,2020,1,2,"28009,47069",118723.28559009849,116706.58774283547
39001,2023,7,1,21161,162231.57338400383,145987.48949326467
18123,2021,6,2,"21091,21163",141599.89725999167,171044.9157845013
22115,2021,9,1,22003,145939.8046422525,122250.5021034924
18167,2021,7,1,17023,121085.62464842029,118852.48407286676
20025,2020,5,1,20033,55785.62503142815,70799.4358695806
13273,2024,2,2,"13307,13261",103761.13160744368,150311.05031201732
17133,2023,6,1,29186,274090.0152855352,217997.8812614945
42081,2023,6,1,42093,207148.3762221524,253262.33963263105
17147,2021,10,1,17039,175750.68202685736,108196.50729874925
21007,2021,3,1,21039,103401.72397400906,89554.4917080364
30031,2023,6,1,56039,664915.0082242683,2023950.2295566748
01113,2022,6,2,"13053,13259",171001.22251960306,119679.75615698769
22117,2024,8,1,28147,127273.13937021316,161490.20546619195
47131,2022,5,1,47053,138906.40273289682,163065.53128589792
49019,2023,6,7,"49007,49055,08077,49047,49015,08045,49037",595546.2974612215,368870.6624867494
05061,2025,4,2,"05113,05109",151441.4273738227,181342.98636314255
54055,2023,2,2,"51021,54089",130111.39940980804,148416.2537132059
12075,2024,4,2,"12041,12017",294582.3428055242,288270.48971277
01119,2025,5,2,"28069,01023",119697.9272064593,133385.39899621782
46085,2021,5,1,46023,,186909.1506123946
20143,2022,6,1,20123,143537.38130009893,121018.86858779684
13185,2025,6,1,13173,221784.27260589023,208769.21644465733
51650,2020,11,1,51735,194413.51145999643,351215.4690559691
45003,2021,6,1,45011,198017.19655446187,159295.71254379733
21159,2023,7,1,54059,107972.28295446334,86347.04281476069
05147,2021,5,1,05123,84551.89828227216,87779.85544185212
51003,2022,4,1,51540,474115.61545785214,446595.5698893075
16079,2025,5,3,"16035,16057,16009",271730.080304458,358122.1461436476
29137,2020,6,1,29205,138061.76076712433,105221.75274586258
17059,2023,4,1,17069,78385.50188221679,106459.72590117287
51163,2024,4,2,"51530,51678",307476.3358059505,238235.80443977605
48205,2023,8,2,"35059,35037",231168.80989230055,116107.16137897456
35043,2020,7,1,35006,243306.42160743743,106429.58474383484
39151,2021,5,1,39099,155847.1301635603,115426.61056566588
18083,2023,8,1,17033,134501.61783940412,123903.06961930012
29033,2025,6,1,29025,163703.29465199407,226699.65557252397
08073,2021,8,1,08039,233960.0252247198,634010.4119338418
17153,2021,3,1,17181,122627.23560683108,132191.31792249877
29027,2022,4,2,"29151,29051",234815.69142931604,219023.77815476235
20077,2022,3,2,"40003,40053",73162.8634053963,119214.14705622027
18053,2020,6,1,18009,96374.99204159708,81473.33017389942
22099,2022,12,1,22077,167730.63702120414,186111.29972928425
05139,2021,3,1,22027,126937.90511390733,205985.77966726865
08065,2023,8,3,"08093,08015,08117",485026.3272529764,734441.5173477685
29017,2024,2,1,29157,181152.06393651932,200117.52181915345
16069,2020,6,2,"16035,16061",236946.0854968843,175931.9614729195
13305,2020,8,1,13267,141953.921800778,125622.88782767682
17149,2020,7,1,17013,82135.58519019563,158263.77891122634
31111,2024,9,3,"31113,31117,31047",199197.7468188077,240991.56722732264
27089,2024,5,1,38099,187317.0900044398,151226.74661710614
48041,2025,5,1,48051,312536.4284167737,269138.7864238764
42061,2024,4,2,"42009,42057",167676.27974374953,202188.5409538308
31071,2025,6,2,"31183,31175",224770.62849022812,218366.92963064936
31139,2024,7,1,31167,235647.15250158755,243404.07052645864
18067,2023,4,1,18103,153696.69576101776,127731.99319712832
13033,2025,6,1,13163,167875.85933903945,127563.30518323054
51650,2022,4,2,"51740,51735",234362.33041105708,313244.709847708
16005,2021,9,1,16041,297711.58511762664,396186.88171129813
51153,2020,10,1,51685,432134.06792641943,339178.64284194243
48199,2024,11,1,48361,226725.24670369097,177067.63132227692
37111,2024,1,1,37011,263230.4394768924,387203.9168536723
49047,2020,7,1,49007,221918.82769559463,157878.7703819972
08089,2020,7,1,08025,114271.05857908736,126326.48184617936
49053,2020,8,2,"32017,49021",358197.21780216997,220561.0521699888
51089,2021,6,1,51690,112920.314751507,75181.6827359948
40031,2022,10,1,40075,135781.440172732,78344.96470757267
48015,2020,1,1,48481,314603.7978788012,206795.98204226073
55071,2022,7,1,26105,195573.65134725437,247660.15689404184
40149,2022,7,1,40075,94904.6430834484,79143.72170757379
08033,2023,4,3,"08113,08111,49037",306053.29658636893,753855.7741003731
30097,2023,6,1,30107,388372.11687916593,169648.8488700764
08009,2021,7,1,08011,,144886.12221254598
29147,2020,7,1,19145,154336.93990408888,106722.09984585538
48201,2022,7,1,48071,291591.39059160656,342155.0077409152
06015,2022,11,2,"41015,41033",348414.9509722549,427616.110212576
26127,2023,6,1,26105,233166.03402162893,247404.71315913703
46051,2024,5,1,27073,200013.09645566993,182012.23257265947
08053,2022,7,1,08111,449204.2988858493,492131.7072014402
19165,2022,5,1,19027,178337.1565357404,171683.28302585264
26099,2023,4,3,"26087,26163,26147",233988.91666066973,210282.39800423765
40121,2024,6,1,40005,140420.56890033916,200519.89261955008
19187,2024,6,1,19151,132073.64018166572,107194.66230525698
19183,2023,5,1,19115,199706.1176000454,146464.1065465059
51700,2022,3,1,51740,238359.9782283551,222188.36197038591
30063,2021,5,2,"30089,16049",434844.0973134765,288365.1978055686
27097,2023,4,3,"27009,27153,27095",267654.4272172084,260998.72514988834
34025,2024,5,2,"36081,36085",709079.3008818086,671309.6220628684
13107,2020,8,3,"13267,13283,13043",84120.11472770509,120239.09012132134
45041,2022,1,2,"45033,45089",165558.56384944182,128575.30826987266
51059,2020,2,2,"51610,51600",586816.4674936276,697087.2427087349
48387,2020,8,1,48119,151540.2025739616,129239.9957996962
39089,2025,4,1,39083,324683.58636048215,267278.13867973257
21071,2020,6,1,21159,96771.5068818346,75353.02943802267
21073,2020,7,1,21005,157397.37451696492,150675.98791885655
48143,2020,5,2,"48425,48193",215477.44122387492,220643.82539271895
48335,2024,5,1,48431,99099.77486533056,222103.1985637149
35007,2023,4,3,"35059,35055,08023",243095.5418657224,275753.5660728572
06047,2023,4,2,"06069,06085",398490.69766951696,1106969.983478325
35025,2023,8,2,"35005,35041",195944.80202718172,156972.48453392566
55061,2020,3,1,26019,188299.67944085097,234942.8182763077
19015,2020,7,1,19079,161898.47515156344,107185.72194356762
29223,2021,4,1,29179,123079.4345091065,140302.6693584358
55053,2023,4,2,"55141,55035",189505.7475584352,231039.4584866466
05067,2021,11,1,05037,99806.60124154728,129854.14290269028
13009,2022,6,1,13319,210459.6345071007,133893.77699720368
39119,2023,2,1,39115,175004.71680550138,140048.8197764786
35053,2020,8,2,"35006,35003",164730.43767720868,147500.59292571904
27057,2024,6,1,27029,295303.692056857,198866.34965334748
01053,2025,6,1,01035,138139.87096388126,128227.50145381832
37115,2020,4,1,37199,256280.1429368228,201172.84644651125
30107,2021,6,2,"30045,30059",136571.54948156956,222171.36297119153
48231,2021,3,2,"48119,48379",227691.86104517445,188263.70649841288
28029,2024,2,2,"28063,28077",125461.90744453062,128010.65818049671
28073,2021,9,1,28091,213754.46541296807,134246.88079406912
01099,2025,5,3,"01035,01013,01131",142896.60146966414,130609.805344756
45045,2021,7,1,45059,260518.1971796353,224472.86661228733
32007,2024,10,1,32015,357767.4521509516,252130.4437946626
13125,2021,6,2,"13301,13141",174815.97635210826,143590.07665000815
19147,2023,6,2,"19021,19059",141853.6163099711,260661.52410954973
13109,2021,6,1,13031,145730.10982236898,186902.24771265595
22119,2021,5,1,22027,150322.08853917776,186173.89927582024
20157,2020,7,1,31095,87972.04207985457,91186.68288750044
29131,2022,6,3,"29135,29151,29051",239170.9110648271,217374.3213975052
19113,2025,4,2,"19105,19055",226011.9788256356,223769.01056098525
13167,2021,3,1,13283,106888.61845046958,125981.82827312902
21101,2024,9,4,"18129,18173,21225,21233",195370.93433788233,186636.87452786992
05079,2024,8,1,05025,124079.60006187184,152827.95673479198
27145,2023,3,3,"27153,27009,27041",277544.0653365213,266477.82884697645
21205,2023,7,1,21063,158963.60039148855,152143.11873238464
20065,2025,4,2,"20147,20163",112654.72402214068,117409.8021602478
05019,2024,8,1,05039,158045.316073978,122409.55595334456
46017,2022,4,2,"46073,46015",,231406.51123394485
23011,2023,8,1,23023,289457.13503402116,396341.01207559096
27173,2021,5,5,"27073,27081,27127,27083,27023",129649.8352420702,152038.49006632855
13291,2024,12,1,13281,380376.0265357013,393497.18110660143
55057,2023,7,1,55141,211535.64140901653,184525.94528513085
21185,2020,5,1,21223,312636.0769430204,147890.17443935075
21227,2024,7,2,"21061,21213",285169.0783023166,216364.36707591434
17131,2025,5,1,19115,150650.8018952958,161075.7418627816
29047,2023,4,1,20209,290356.929794706,179865.7925639029
21049,2021,6,1,21173,185163.33275287013,168849.34307768193
29171,2025,6,2,"19185,19007",198942.87807025437,120506.56200074086
13189,2021,8,2,"13301,13317",158481.02630361827,117706.43463989208
26061,2022,4,1,26083,160230.88159617432,156206.87541772288
29111,2020,5,2,"29103,29205",135442.9343322699,111019.1485776174
54001,2024,3,1,54093,124312.47199213567,204578.340350469
38043,2023,9,1,38083,219023.47891914053,157205.28743875286
29095,2021,5,1,29107,193744.90393450088,173124.23413568834
35017,2021,7,1,04011,188870.23368159405,217329.8226209325
26071,2023,7,3,"55125,55041,55037",110856.51248393992,245010.10313600686
17025,2025,4,1,17159,101164.47624295265,121589.82576683362
01113,2022,10,2,"13053,13259",173329.54726482191,114592.34790042964
22117,2024,12,1,28147,128241.19992884882,162250.92935062476
54095,2025,5,1,54073,117956.1403829038,163001.62803837485
47073,2025,2,1,47067,239657.12381716413,157164.95566584496
54055,2023,6,3,"51021,54089,54109",135086.23947687782,123182.46891503081
06105,2021,7,1,06045,316144.7706185615,590838.2725624923
13285,2025,6,1,13149,230723.50094104468,264017.5944222047
48245,2022,7,1,48071,169008.84882932788,342155.0077409152
29113,2020,3,1,17013,204016.95905798208,155587.30711456187
48061,2025,5,1,48489,202913.1329146865,182915.00116264785
21007,2024,8,1,17003,133624.04215923406,68908.59551097297
31021,2023,10,1,31173,158967.76687368078,137563.2394084859
47163,2022,9,1,51520,224624.37711534256,153099.79595415108
31059,2024,4,1,31095,156267.91542624505,129137.54756856784
05147,2021,9,2,"05123,05037",87788.41186835512,106554.24780447016
54085,2024,9,1,54073,125763.73709670984,160406.0349050078
44007,2020,3,1,44001,279095.6837719846,399716.49274560384
19027,2020,7,2,"19165,19009",138018.48155492186,121425.47534424419
48125,2024,4,1,48153,103810.06408020308,94304.06722564535
27149,2023,4,3,"27151,27011,27041",194974.972809186,210875.11955013746
31031,2025,5,1,31171,238192.58067997897,196666.38414166347
19175,2020,7,2,"19003,19001",110264.9155358028,115045.21457680262
32033,2023,5,3,"49027,49045,49023",188999.0863102572,392675.3850810284
51015,2024,7,1,51790,332807.37203129363,265668.34355145815
01019,2023,7,1,13055,213769.91133056465,170176.00607730987
56013,2023,8,2,"56039,56017",301412.5350944639,1148827.6502652941
25005,2021,7,1,44001,421300.53135768906,490195.80102368584
06049,2025,3,2,"41037,06093",186363.8232869578,240565.52863009146
18165,2024,3,1,18045,121269.305304587,168945.51180394186
21231,2024,5,1,47137,159878.95712286196,215156.51679445236
13189,2023,1,3,"13301,13163,13317",184272.49209051183,131034.37010705902
04021,2024,8,1,04009,382009.50938189914,284707.51085280714
37019,2022,3,1,37141,360338.4992131158,384920.2732299276
29171,2022,5,2,"19185,29197",172633.2393905651,139375.04245753837
05139,2021,7,1,22027,131198.1812538549,170359.7651167156
41029,2024,7,3,"41035,41033,41019",428065.3495196968,340964.2502787974
04025,2021,8,1,04012,443858.7026558014,217004.04022262504
51141,2024,7,1,51063,200596.62788377423,252499.1648752579
48279,2020,6,2,"48369,48017",96826.69630746271,118850.93643918779
29017,2024,6,1,29157,183859.24620213604,205313.6251686199
13319,2024,8,1,13175,141439.55080446484,185320.08513700683
35049,2021,5,1,35028,464225.1580649235,455321.88959719375
06093,2021,2,3,"41035,06023,41033",249558.4954162409,331027.8743424658
27089,2024,9,1,38099,189547.63648339955,156191.38142390572
01113,2024,3,1,13053,177782.28384077307,132184.3798584915
30057,2021,7,1,30043,606938.3624246278,379361.90959015506
40011,2022,8,2,"40043,40093",101390.58160709018,142195.8337718359
40023,2023,5,1,40005,139464.00107373376,186590.50237447597
49013,2024,8,1,49009,336616.6034184454,311964.2533620643
18141,2024,6,1,18149,208301.2310391407,198936.27864187863
20143,2024,3,1,20123,154624.6325107341,125977.11252311598
27137,2024,5,2,"27071,27075",223483.5771477023,195371.6318665645
22105,2025,6,3,"22095,22091,28113",219466.7397407645,157734.10631190237
06019,2021,7,1,06069,339890.8407800861,761353.1966916122
48147,2025,6,1,48231,284482.9764944339,282219.30404996226
16043,2023,8,1,56039,429967.2196504953,2084901.049880923
05067,2023,7,1,05111,99973.61797257692,133423.41754623892
26055,2021,7,2,"26113,26089",314556.49789401,345510.8413189498
08035,2020,7,1,08119,541765.6767311824,346318.15109462646
35029,2020,6,1,35017,125478.71867491172,162405.66859512395
12105,2021,4,1,12055,231452.14051537475,164269.6682121956
27079,2022,9,1,27103,318270.8778245687,273032.03111687885
55121,2023,10,1,55035,228065.5025033644,291910.05714097986
22021,2023,5,1,22025,136736.5341096381,119306.33343282915
48073,2024,1,1,48225,239707.6738384012,219981.2991523809
55019,2023,4,2,"55141,55035",176916.1687913783,231039.4584866466
48089,2020,6,1,48481,228133.05285843465,210760.83014636
13287,2023,7,1,13315,139543.96240178493,131584.86698987722
18181,2025,6,1,18131,211856.1266502746,177643.86945899486
06113,2021,12,2,"06033,06055",598681.2543654465,597799.8653968273
13065,2020,6,1,13003,92833.89203317626,105566.86620151276
22071,2023,7,1,22075,275249.97393720795,291904.1299956275
13273,2021,3,1,13037,85696.54196045244,100516.23802936346
17033,2021,7,2,"17079,17023",124261.111176811,125223.4928888478
17057,2020,5,1,17169,82641.68492954821,112174.32686075396
04025,2023,1,1,04012,491273.18616555515,248867.4644829245
47127,2022,3,1,47051,295368.4956445187,277410.0049459404
46115,2021,7,1,46005,124595.01726422468,162113.59136620452
05061,2022,5,1,05081,147503.07984433588,135036.9736839991
25021,2024,7,1,25025,750932.293738428,750680.1141752793
27097,2023,8,4,"27153,27009,27145,27095",275615.93446367345,270683.81103185687
45041,2022,5,2,"45033,45089",175776.49177924046,128892.95496518177
17025,2020,8,1,17079,87548.00984342518,115970.47098697245
19037,2020,6,1,19067,143491.86929000105,115358.54858704978
12123,2025,6,1,12067,185308.96763921715,245889.88904520776
26019,2024,4,1,26089,374333.8835219626,601704.2989502327
04017,2024,6,1,04009,394014.3376847251,282774.87730202364
05049,2024,8,1,05065,181908.79569143575,171779.99640729965
40065,2022,6,2,"48197,40075",108319.94214101612,93827.04124284908
55029,2024,6,1,26089,396217.6661138232,605053.7738727896
42027,2022,6,1,42087,309107.10067878716,151738.09160171184
22077,2024,12,1,22029,185375.99704404952,122595.24739986472
51161,2024,7,1,51063,314390.22204771754,252499.1648752579
13001,2023,1,1,13279,144854.61098366915,141159.51749376394
30001,2025,6,2,"30057,30023",392784.22783885786,508699.5344329041
31063,2024,8,3,"31065,31073,31047",165387.76345429744,213366.6790683585
40107,2021,10,1,40133,105676.60307695829,95191.9356264444
20029,2021,12,1,20123,88718.66160638932,112297.55751738016
06029,2025,2,1,06031,364527.5849489603,356088.0901770319
21153,2021,6,1,21115,89195.80524454064,117941.0831123675
28131,2021,3,1,28045,159628.89926536495,193141.72846543687
48293,2024,6,6,"48145,48289,48349,48395,48161,48309",160954.6633499973,244502.20606092396
17141,2023,4,1,17015,184981.12999448992,117496.4491983599
13013,2020,2,1,13059,204735.6214487919,195822.5355148602
29031,2024,2,2,"17003,29157",225399.8282910041,133841.95866499704
26035,2023,7,2,"26111,26143",136086.88358822317,188458.8137325962
23005,2024,1,1,23023,535812.2703785857,406497.64743771544
22033,2022,5,4,"22037,22121,22091,22047",225628.29065136125,206467.94666966493
48471,2020,5,1,48313,210221.4973927692,177795.58190307007
05145,2024,8,1,05067,190166.72961659625,99493.62344998198
12043,2024,7,1,12055,266711.9162311644,241929.00627770144
28029,2024,6,2,"28063,28077",131751.11489322732,133394.40703553022
06053,2021,12,2,"06069,06079",772377.3944907128,783588.3612447937
22033,2025,6,1,22091,232360.17189649385,167275.08430323587
48331,2021,1,1,48287,222439.0840756471,286460.4556024812
37021,2020,1,1,37199,310556.6910207973,197008.82131697465
22059,2024,4,1,22127,156999.7356775729,119850.2328139348
29129,2022,6,1,19185,126076.46116278024,122266.70575991324
04007,2024,8,1,04009,396269.45257668546,284707.51085280714
28081,2024,6,1,28117,184202.0099877831,142862.76889462807
08055,2020,5,2,"08109,08003",178568.43703455533,185025.62475078917
12079,2025,5,1,12067,206700.70561759276,244840.91770691375
48049,2024,4,2,"48333,48093",182862.4682365438,279192.00481630716
23001,2020,7,1,23023,194394.3054206331,260831.5273210222
08079,2024,8,1,08109,411722.3008609749,231078.73382790727
19125,2025,6,1,19117,259919.14631498585,170932.70827398793
28057,2023,8,1,28117,136943.3695647353,142933.48190975547
40089,2025,1,1,05113,211399.5382342532,183667.68744968617
23011,2023,12,1,23023,298185.00218854257,405450.1086993825
48181,2024,3,2,"40095,40013",301333.86024552194,211569.1412747866
13167,2024,8,3,"13283,13163,13175",133405.3835168271,155413.8310871561
48243,2022,8,1,48377,270897.82784070354,245385.53624894167
51730,2024,7,1,51570,193220.93048493707,276447.2413559643
40151,2024,9,1,40003,117717.0271963289,124458.93117469508
12099,2022,5,2,"12051,12043",455642.03819216235,238108.6550816825
28067,2024,7,1,28111,163902.06145247363,154164.5991244235
39015,2023,7,1,21161,229219.82670849716,145987.48949326467
08077,2025,5,5,"08051,08085,49019,08029,08045",421378.8597293195,559667.4734796527
06051,2024,6,1,06109,737129.7226464512,401137.63697480824
29021,2024,7,1,29003,168406.95016571428,258048.01713273244
27111,2021,6,3,"27153,27159,27041",252041.80428313455,213486.98607304017
47027,2021,5,1,47137,145950.10910067995,181704.16868690975
40031,2021,6,1,40033,119787.60220844817,86776.40073457903
51117,2021,4,1,37181,149410.86128384084,150792.5728785556
13059,2025,5,2,"13219,13221",324378.7963845381,425438.1452537641
55011,2023,10,1,55035,215150.633287661,291910.05714097986
34019,2022,2,1,34021,513891.2329169104,344051.34577594884
28043,2021,6,1,28135,119347.55828661357,143926.18596402413
17101,2023,7,1,17033,104146.21526632168,123503.79107323608
40059,2020,7,1,20033,57869.091427993466,70488.67822979645
13007,2022,6,1,13037,149870.19288427572,108146.08022836932
27057,2021,9,2,"27029,27159",251288.86635895565,178773.5827951969
37175,2021,3,1,37087,329042.97438204364,260346.44483147535
45015,2022,5,2,"45089,45043",345015.0606180912,239797.87530877668
19119,2021,4,4,"19167,19143,19141,27133",179720.15810330227,167944.7894201312
13035,2025,6,1,13159,275991.20009405434,308322.2610484381
28157,2021,3,2,"22125,28005",124324.05607787528,214896.51308603448
51041,2023,6,1,51036,376971.3880125389,263301.9467588589
26073,2023,6,1,26111,206460.6269054732,209205.7174909131
13095,2022,4,1,13037,112645.27818753924,110757.14208648849
17199,2021,6,1,17181,127987.12793508136,132826.70930840078
19033,2024,6,1,19069,184718.85448857784,141861.9179876591
29113,2020,7,1,17013,207299.9545037574,158263.77891122634
37043,2025,4,2,"13281,37113",343546.5588044477,373111.86979951616
31117,2022,9,1,31091,297355.17363457434,124637.02896358696
56001,2022,7,1,56007,330407.082904722,185734.0617674917
27031,2022,6,1,26083,358224.4984925059,159796.90442537176
17159,2020,4,1,17079,105843.5879663122,112852.75560399954
16031,2023,7,2,"49003,16053",314150.5656486322,399931.7676971485
16055,2022,6,1,16009,595699.0795182292,354208.34363989654
22083,2024,2,1,22065,172037.11581459022,81494.20624368971
08073,2020,7,1,08025,184751.33016377248,126326.48184617936
16033,2020,5,1,16059,147541.38308944277,208910.93258398445
21193,2022,6,1,21189,108471.33900716984,132229.86285411936
18019,2020,7,1,21223,181055.1042041666,148505.44876359796
40141,2022,8,1,40075,65247.91719670046,79079.63088026938
20031,2022,4,1,20207,156108.23810771192,98285.50227706895
40151,2021,8,1,40003,106615.69728882276,112759.1685050372
39169,2021,5,1,39103,181104.4980502983,257134.5063743802
17131,2022,8,2,"19115,17071",160798.98731931462,132560.83997283017
48463,2020,3,1,48507,167959.9615329693,74308.73154286029
47157,2023,9,1,05035,223287.1092070186,159743.8699533327
04025,2021,12,1,04012,466556.7534784714,231286.64670531088
18071,2021,6,1,18093,174287.21822499522,162302.79955075638
29071,2021,6,1,29073,210640.02102628487,174368.37989064612
26071,2025,4,1,55041,126277.55269302412,189328.91590979823
48339,2022,3,2,"48185,48471",330455.1387115121,298482.5796322859
48267,2021,9,1,48435,335808.9760666741,171487.12166146145
48009,2022,11,1,48487,238543.2559142604,122778.09989281908
26041,2022,4,1,26153,149904.7939122143,174651.51926617487
53047,2024,9,4,"53025,53019,53017,53007",303909.72900474677,406097.8542786647
12001,2024,2,1,12041,311862.7354884356,286548.0167081067
23027,2021,7,1,23015,268506.3459674462,350092.18247846514
35023,2021,6,1,04011,,212937.77530327495
51650,2021,3,2,"51131,51735",204762.9213806414,288997.35862134025
50023,2020,7,1,50017,270200.3544877195,247767.11967514895
06041,2021,12,2,"06075,06013",1391458.5798747798,1136701.0155576938
42085,2022,11,2,"42039,39155",154897.84524032136,138839.69759782753
34017,2024,7,2,"36085,36047",613429.5715457522,769743.8956821926
05139,2024,12,2,"05003,05011",127500.91913410569,106953.54641554315
27063,2024,7,1,27091,195355.31530929217,194886.3997439587
05037,2021,3,2,"05035,05123",116883.04005049416,114093.55719051458
27137,2024,9,1,27071,225298.91698248623,145366.14290248524
48271,2021,4,1,48507,126015.9878360806,82036.27313885868
51005,2023,2,1,51045,152208.13363804374,199110.72617094053
47041,2025,4,1,47159,297966.9470402833,302454.3196995138
20191,2023,8,1,40053,133626.12876259346,117924.71936439018
06085,2020,1,2,"06069,06099",1181445.3843698658,474783.43465139816
08049,2020,7,2,"08019,08047",505598.5707407464,402266.6655004602
29175,2021,6,1,29089,130554.49921825924,164863.3259998347
06093,2024,7,2,"41035,41033",291887.47089415503,344639.9885835036
46099,2021,4,3,"27133,46079,46087",245255.3664239936,199670.7365990992
32510,2020,11,2,"32029,06061",367330.8678651496,472201.248545302
48297,2025,6,1,48255,223394.73444553695,205964.5811818936
01005,2025,4,2,"13061,13259",149826.6793036712,127694.05452035318
13001,2021,12,1,13005,149280.0033652436,124375.79287322768
51035,2024,4,1,51063,192711.2079483049,249548.4421993092
47103,2024,6,1,47117,248674.8988593811,315209.69895596773
42033,2025,4,1,42023,130595.26187146682,90290.12206762306
56007,2021,8,1,08107,174600.33845255987,815941.2160045294
25005,2023,4,1,25007,459674.7902128964,1373440.6798947423
48029,2025,6,1,48493,259789.3504758499,396644.09423876787
06019,2024,12,2,"06031,06069",406196.9011340938,568047.0659939513
13069,2024,6,1,13271,187991.50520935535,119687.5653518545
44005,2020,8,1,44001,454913.91063400847,406806.56913656736
29047,2020,5,1,29177,215439.3623982956,163767.21778458732
17027,2024,4,1,17005,189561.95039978475,147685.91396602342
51195,2025,5,2,"21095,21195",129337.5238561268,100089.16016463582
22045,2022,8,3,"22101,22007,22047",159196.76513215524,144871.0479029432
39039,2025,4,1,39171,176019.93824443663,173648.6518105841
23005,2022,12,1,23023,492643.55701208435,371992.5214683686
48179,2023,8,1,48011,102899.6323709942,215947.5158090361
04013,2021,1,2,"04012,04027",355009.6755464039,190804.03318384793
42097,2025,6,1,42093,154490.2342799254,266144.43370918016
19161,2024,6,2,"19151,19093",150359.00321872518,120756.16564962224
01077,2021,7,3,"47071,28141,01079",179258.1851540379,168072.76512182294
48347,2023,3,1,48405,204663.32470040375,229772.5817057745
54101,2024,1,1,54067,85451.5594768313,135774.75924985835
12097,2024,6,1,12055,389006.1204788899,241756.8157461524
47135,2021,7,1,47039,153783.85227211635,149404.77379498447
13061,2021,5,1,13037,144831.97350242527,103695.53803513742
18053,2022,7,1,18009,126967.55607424316,110923.15778443054
48403,2023,3,1,48405,208232.71257804925,229772.5817057745
13153,2020,11,1,13235,168764.62261460573,117741.7705983178
17017,2025,6,1,17009,103956.38133747008,143719.29540050993
05139,2023,4,2,"05003,05011",130173.44751460392,108324.68583173548
26009,2023,6,2,"26079,26029",320330.3898118513,285196.23861442984
29161,2025,5,1,29073,223099.75067943917,231091.41775757232
17157,2023,6,1,29186,130031.20941476578,217997.8812614945
48307,2020,4,1,48095,137551.00441964652,167739.39502219204
21009,2024,7,1,21061,201257.6262868486,184626.79980292416
39009,2023,2,1,39115,160541.36405926818,140048.8197764786
48331,2024,6,2,"48395,48145",273816.0211858793,210585.1354531492
38077,2022,7,1,27155,203122.1903735066,126479.60637036205
24005,2025,6,1,24029,357039.3880140407,374943.2577257298
13023,2023,4,5,"13235,13175,13153,13091,13319",159881.584230695,168043.1015723925
47139,2023,2,1,13213,216496.650797266,218600.5076466245
38005,2024,9,1,38095,149936.5198236163,152457.76093794673
19039,2025,5,2,"19185,19117",189860.9186594284,151226.46391472858
38039,2024,6,2,"38093,38031",135662.92000578824,178934.12307837186
13135,2022,6,3,"13247,13013,13157",411628.2387425114,339729.1939561336
29149,2025,6,2,"05049,05121",167469.27904430943,164506.95400564442
44001,2022,8,1,44005,552246.2236318765,656575.6255340453
29125,2021,5,1,29073,178100.96909301114,170993.81285081894
12039,2024,5,1,13087,204777.62138360468,179273.1118768344
29167,2021,12,1,29185,211108.19427742017,165078.878161601
22097,2021,4,1,22077,154359.92435374393,179887.61657515145
19069,2020,7,1,19079,112133.58665421656,107185.72194356762
33009,2020,4,1,50017,228494.32094471925,243434.36991185477
16043,2025,5,1,30057,437906.2305742491,738873.6896048035
13245,2024,7,1,13163,186957.09814184028,136095.78395623562
37041,2021,6,1,37073,181539.31708525587,175139.11029893032
40065,2022,10,4,"40057,48487,40075,48197",106248.88611378855,98523.01123379017
35017,2023,7,3,"35003,35051,35029",222169.50179668245,182039.87199144368
23003,2020,7,1,23029,102456.36811847264,122453.96069829824
32007,2020,8,2,"32033,16083",280401.0966845422,197447.81423822726
28127,2024,1,1,28077,139449.5008914714,126808.45524237303
29207,2023,7,1,29069,147289.8818649382,95728.12610285888
17137,2020,4,1,17017,105892.99554629232,76472.49858602817
13013,2020,6,1,13059,208827.4090760677,201895.97266192897
51165,2022,2,1,51660,295233.0354096185,279280.80774510466
49055,2022,10,1,49041,428261.2416927211,299432.62880328525
47069,2021,3,1,28009,108772.35036767776,148524.73849616005
26101,2020,4,1,26019,159690.28811825564,238285.1656790461
29031,2024,6,2,"17003,29157",227713.9119712248,137551.04793813927
49003,2024,7,1,16071,434664.52649276215,325078.87339872075
29019,2021,8,1,29089,256394.6739572334,167913.20177439455
51191,2022,5,2,"51520,51167",205764.08034471705,137376.25802687655
48087,2021,5,1,48483,119045.3018726862,119363.32732860472
17109,2021,12,1,17071,84999.72616210482,116887.99850047006
22033,2022,9,4,"22037,22121,22091,22047",227105.19170880993,200732.04537217945
17019,2022,9,1,17147,192364.9068065088,189947.2207534276
28073,2020,8,1,28109,190241.22249380383,146380.8104086032
29055,2021,5,1,29073,170144.65619374052,170993.81285081894
13029,2021,1,1,13031,271572.1471990976,176483.38818120523
46025,2021,7,2,"46077,46005",172756.0327965829,175562.1125313111
22063,2025,4,2,"22095,22091",244846.5186779697,190200.7232392786
13261,2025,5,4,"13307,13197,13093,13193",127301.01896012422,145871.48635143513
20201,2024,8,1,31169,142586.1921087565,139451.11228801322
17185,2023,4,1,17159,129811.62215134292,123087.8370219766
22037,2025,4,1,22091,224122.04092833807,172156.9298101803
08029,2023,4,1,08077,373507.6181000153,387226.99430812337
05107,2025,5,2,"05041,05077",52492.47840255234,102252.36135702976
48111,2023,8,1,35059,140325.8845717041,120455.54715906024
40079,2025,6,1,05113,163597.73690892715,182315.6568940809
13311,2020,2,1,13281,181765.14648121563,244059.6986199777
21171,2021,12,2,"47027,47111",107018.37206607098,194417.7556472657
51179,2025,6,1,51630,536411.9373389799,462485.2840295431
27105,2020,10,1,19143,161807.3703275131,118877.67552251206
45043,2020,6,1,45089,248113.40651615805,103044.57162153863
40089,2025,5,1,05113,206114.61715143055,182783.04021191373
17109,2020,4,1,17169,82026.03147067547,111499.36086931427
17081,2024,8,1,17145,122483.09725318274,109801.48240226146
48181,2024,7,2,"40095,40013",304144.46040513815,214430.0285029542
27011,2021,10,2,"27073,27149",146676.2054098949,168192.81899205508
48029,2022,3,1,48013,264145.5959958296,259003.63330573577
54001,2023,2,1,54093,118393.64166249696,192895.4105532531
06065,2021,9,2,"04012,06025",524291.1597760675,255327.39734129826
16019,2021,8,2,"16065,16081",371126.2111264142,526342.2503546264
48325,2025,6,2,"48507,48163",327004.9287407059,120515.67857874409
27111,2021,10,2,"27153,27041",258618.62918709384,243765.8729159776
25011,2022,12,1,50003,318225.05439939577,361175.00516517926
13175,2021,3,3,"13283,13309,13023",151755.2964613119,119805.39195765863
49057,2022,6,2,"49033,49029",468004.6451136486,635675.2006625474
21225,2023,4,1,17069,120406.32231092177,106459.72590117287
21031,2024,7,2,"21061,21183",191091.7814341692,159695.82105768973
51175,2023,1,2,"51620,37091",239828.7649644099,161939.79968612123
13215,2022,8,1,13053,163305.31379733203,138888.22181872363
18061,2020,8,1,21163,174952.36667269087,167305.10127972733
48479,2023,9,2,"48505,48323",215466.1701869389,177727.7000977245
22103,2021,10,1,28045,274599.21719760756,211247.74737804328
23019,2020,7,1,23029,165354.99236907045,122453.96069829824
54077,2023,4,1,54093,117556.84605767071,193397.97691326783
13095,2022,8,1,13037,119432.7261191536,110829.73275577876
47177,2022,9,1,47061,233746.27979290704,183781.07825752153
51059,2022,8,2,"51610,51600",718187.3539784123,844125.2690512086
18163,2024,8,2,"18129,18173",184306.91076114835,243924.68451343023
51003,2021,7,1,51540,439398.40549986507,419786.8051129685
28017,2022,5,1,28013,135329.66267768998,128431.46115273055
48481,2022,3,3,"48321,48015,48239",244309.1556506477,284767.72456173407
35013,2020,6,1,48141,188142.9176655018,148898.58512172932
55013,2021,6,2,"27115,27025",213434.72901075016,261542.1079205578
44007,2020,11,1,44001,296998.42193972465,426267.1241956251
47169,2025,4,1,47159,340062.7591008814,302454.3196995138
06017,2020,11,3,"06067,06005,06061",526710.1162969447,450418.5145324124
38085,2023,6,1,38029,,121669.94834862724
13213,2022,5,1,13111,218362.413128762,522317.6170630553
38099,2023,4,2,"38019,38063",154119.42682266317,162325.70915876923
51163,2023,7,1,51530,291687.4245752113,155535.72718367027
30025,2024,8,1,30109,168831.29390320185,196585.37082906067
22083,2024,6,1,22065,180334.42693157817,84888.76139059348
06071,2023,12,1,06059,544052.0812558687,1090394.9838810412
40143,2021,10,1,40147,197768.922352626,143601.09218137196
34039,2024,7,1,36085,587856.0745427716,667173.3964592469
40131,2022,8,1,40105,258195.7485695576,156541.45592277797
21167,2025,5,1,21239,241856.85717499955,353286.7186219602
22111,2025,6,1,05003,151190.3991077234,83204.45976015429
12093,2021,4,1,12055,190360.1339687784,164269.6682121956
13057,2021,3,1,13227,339682.0059283456,280018.25696915045
13105,2025,6,1,13221,166878.04626817995,302218.25382156746
18017,2025,5,2,"18131,18103",167936.17344516577,161181.10052497088
48325,2022,5,1,48013,341411.44147826865,263852.83569154586
08009,2025,6,2,"08011,08099",,149354.11565101368
27015,2021,12,1,27033,184108.38036239147,135214.56143683984
48101,2022,6,2,"48155,48197",64105.61093787707,130964.82205315186
37039,2023,7,1,13291,253839.2881746612,355257.06124375813
47047,2025,5,1,47069,372936.1204944463,151973.75050075763
28117,2022,5,3,"28139,28057,28141",155294.05729869686,156364.5522960043
18153,2022,7,1,18021,136797.46384184936,154415.05813991933
19083,2023,3,1,19079,129875.09592087287,139622.63261503764
08061,2020,3,1,08025,134880.87219260767,123457.5877230752
26041,2022,8,1,26153,150111.4423307382,174535.33438006305
12001,2024,6,1,12041,314666.4467367855,293116.2027183378
17167,2020,5,2,"17017,17129",139368.7753524067,115706.07685707687
37073,2025,6,1,37143,228049.38135218053,263795.5318631656
51650,2021,7,2,"51131,51735",215898.1964266247,306569.72061105
37031,2024,9,1,37137,459669.5230379258,257543.95169904453
13289,2021,3,2,"13021,13023",100826.37696065196,122629.50236586135
17191,2023,1,1,17159,114130.99157932428,125446.88748778855
17045,2023,2,1,17023,105008.16796859702,127807.39406972268
51059,2024,1,1,51600,736534.2508864222,718789.4398958985
55059,2024,4,1,55101,289227.4613781927,277059.0271810175
38073,2024,6,1,38045,175743.45706785723,167551.40954194704
47133,2024,7,1,47137,243299.59645484644,221384.13366283823
47181,2022,3,1,47039,152765.8606657683,166860.21743899383
48281,2022,11,1,48193,309908.6220368258,261107.9971057571
47081,2023,8,1,47135,180802.60308375128,169489.21354269437
22005,2020,7,2,"22093,22047",222185.66388372937,163778.9437798614
49027,2021,8,1,49039,270609.32409004244,296721.3113041705
41061,2021,6,3,"41063,41023,41001",248019.178037783,263609.2381086413
27141,2024,8,1,27009,366677.3521278969,284969.06110518123
29025,2022,3,1,29033,198751.8000201104,136774.191490074
22019,2024,6,1,22011,191288.90287048477,181707.2491424724
05095,2021,6,1,05123,110136.11571091718,88147.48503909733
08093,2021,8,2,"08019,08065",463700.4576136892,460511.87954079104
39063,2021,5,1,39137,184810.48736725535,177242.07585753573
01063,2022,2,1,01107,146854.7144634182,144912.1790609852
26089,2023,8,2,"26029,55029",597219.9885928227,373776.0319871792
35053,2024,7,2,"35006,35003",188049.43916659657,179829.76481581852
48287,2024,4,1,48477,345180.1389543959,369193.05559100606
37163,2022,8,1,37141,146020.69014912585,413419.8162545772
06041,2020,8,1,06095,1144393.7891653562,470799.88833791297
22107,2022,5,2,"28063,22025",309434.61721140455,148463.53064376186
13189,2020,8,1,13301,136253.95495837988,91292.77180925308
38069,2023,6,2,"38095,38083",,162055.80757192598
39091,2021,4,1,39021,193352.38356477197,178760.92634098316
20029,2022,4,2,"20089,20123",92791.5462994229,109272.55373859058
47087,2025,2,1,47159,224365.59732332928,303047.4390848702
47139,2023,6,1,13213,223590.94246049933,224735.07719169804
48239,2023,7,1,48481,230729.04350094523,246552.611425812
51159,2023,7,1,51119,218962.82798349485,349214.8034933543
18057,2025,4,1,18023,448540.41969936737,212410.4305185832
51149,2024,8,1,51670,336845.14854018606,211608.57472281507
13007,2021,2,1,13037,,99039.20167778883
53075,2024,9,3,"53013,53021,53023",323164.46199379914,290704.47415378847
12039,2024,9,1,13087,208523.29168592588,177764.68299909148
13077,2021,8,1,13149,309766.58784206404,205812.2525334498
46109,2022,7,1,27155,246321.15758200735,126479.60637036205
37171,2024,5,1,37005,221195.4893135927,263594.72317002725
31017,2022,9,2,"31149,31103",133375.39839519022,197757.46626266534
17061,2022,4,1,17013,88770.8562090135,180676.36755105457
20029,2025,5,2,"20089,20123",111376.3717340568,123021.17747630396
37189,2021,3,1,47091,355762.8021753167,183151.8389219248
19033,2023,2,2,"19189,19195",177520.372499635,149360.46469043772
31059,2023,4,1,31159,147719.6985723694,266412.0466352236
12105,2023,5,3,"12081,12049,12055",312263.59681392694,300869.53032636404
29131,2023,2,1,29135,229128.23910158625,196262.4530379113
01005,2022,7,1,13259,156416.5448771383,97645.2733364148
51121,2024,7,1,51063,330962.8490624633,252499.1648752579
51035,2021,7,1,51640,166398.76600623247,124647.97344466818
39077,2022,5,1,39005,161774.21022190433,190181.49222536315
51165,2022,6,1,51660,308314.23555201554,292232.33028611477
40019,2022,4,1,40095,158065.23305213044,186655.43815231696
29023,2023,3,2,"29069,05021",143749.57965015023,102241.9039616723
28073,2025,6,1,28065,255822.1035889785,96227.85151281748
13093,2024,3,3,"13315,13261,13193",132115.86791216454,124450.72601504523
06071,2022,4,1,04012,524378.2783762562,240610.7445312715
17077,2024,8,3,"17199,17145,29157",104559.31606901895,153234.41838759158
42123,2025,5,2,"42039,42049",131373.06531061596,177453.55899627262
31015,2020,8,1,31107,181816.6048168547,144904.80670893996
30047,2021,6,1,30089,439427.44930907903,321326.53879880643
16001,2021,5,1,16015,489819.6472730459,392850.2458348805
21175,2021,7,1,21115,113511.44843318482,118942.52791337104
31089,2021,9,1,31015,151471.24009315754,197136.66235263424
18121,2024,6,1,18045,190424.6870584617,174507.9371395722
01125,2021,9,1,01107,199719.98238174772,140744.33163237065
48193,2024,2,4,"48281,48333,48093,48099",252143.83766382423,267375.0832098252
31133,2022,4,1,31147,158396.22496309952,107654.8872196162
48445,2020,6,1,48165,161826.7722461998,193933.33565378876
08059,2020,6,3,"08019,08119,08047",483737.3156036643,383033.62558425666
48039,2021,12,1,48321,298216.79356326413,187391.6923588236
32007,2022,5,1,16083,337005.4136342896,373277.0730028364
26055,2020,7,2,"26019,26089",245958.00324800264,320376.4649158425
16057,2024,9,1,16035,451095.65534628375,297470.7771085962
18149,2025,4,1,18131,206147.4589373037,178656.37247705073
56003,2022,5,1,56043,235566.97975434145,216126.2523404894
13059,2024,4,2,"13195,13013",317243.79871339264,319135.82425491244
01033,2021,8,1,28141,158281.11013420523,165791.23889377955
51185,2021,3,1,51021,108162.75310156886,149763.4437536434
21059,2021,3,1,21091,160225.96250754243,148112.71219711806
19193,2025,4,2,"31173,19047",198195.97698031444,158167.77130966683
16073,2022,5,1,16083,455110.6405341285,373277.0730028364
16069,2024,9,1,16035,367255.4811655616,297470.7771085962
19193,2020,10,1,19035,151589.20961704696,116498.8010214588
29161,2022,6,1,29073,199337.19927689992,209000.451184208
01119,2024,12,2,"28069,01023",131254.75963102936,145879.51996036
17099,2024,6,1,17123,166306.19139345243,121655.93639527004
42107,2022,7,2,"42025,42077",133341.77724876595,269865.55308036745
45075,2021,5,1,45011,145108.93995474966,156743.66559287926
54047,2023,6,2,"54109,54059",55071.18971059753,80545.5311416017
41023,2020,5,1,41025,184026.0180438368,125523.31163092224
20001,2024,6,1,20107,110822.38056154003,151447.89762949865
06089,2025,2,1,06093,375770.5459371263,288395.6261129227
05147,2025,6,1,05067,85293.24810896181,95966.0906992684
54107,2024,5,1,54073,164099.56973252934,154242.74599720372
48395,2020,3,1,48313,253509.47651684977,175087.63670945982
39159,2025,5,1,39101,399358.16780952347,168102.14809008315
16045,2024,7,1,16087,460188.6884554688,368728.00406513625
05147,2020,12,1,05123,80078.70288283027,89847.56500744449
54077,2023,8,1,54093,121511.19971186726,204907.79713085713
19021,2024,7,2,"19151,19093",180495.1189755638,120671.13378255672
46085,2022,7,2,"46023,46015",,220508.4346886639
31169,2020,7,2,"31151,31095",99954.77156884408,112271.94928924463
12057,2025,6,2,"12105,12049",384780.18213294,267846.5863684638
39041,2025,6,3,"39101,39117,39083",509231.8886068025,232811.3888022461
37027,2024,7,1,37011,238159.07800886084,396221.0776627806
45075,2024,6,1,45011,163902.68453173412,161555.79827313236
13043,2024,3,1,13279,187142.73021216827,155776.135021599
39167,2025,5,1,54073,175835.84792670744,163001.62803837485
28059,2024,12,1,28039,209317.5259703768,200162.4221300181
46027,2020,7,1,31027,179611.40724235834,158401.39161261276
48369,2025,5,1,35009,151507.98344385016,161684.55386369597
06007,2020,11,5,"06101,06115,06063,06011,06021",360999.415916945,314483.8431197392
17181,2024,2,3,"17003,29157,17199",140536.88655678835,136765.23589613487
41025,2022,6,3,"41013,41037,32031",194460.24477327152,417933.8649858244
27111,2023,7,3,"27153,27159,27041",287303.94194178865,250690.321288667
12043,2020,6,1,12055,150596.01051655094,145142.76895496424
37155,2022,3,1,45033,118035.95296185982,128803.0630192277
39167,2023,12,1,54073,166484.4068639792,147545.85819274804
48101,2022,10,1,48197,61400.92646221822,103496.9173838894
19139,2022,6,1,19115,171956.08418404273,144247.74905636229
47161,2021,6,1,47083,195357.66361440995,166776.06751791216
08061,2020,7,1,08025,133587.90407399353,126326.48184617936
28047,2021,10,1,28045,193880.07463298776,211247.74737804328
39069,2023,6,2,"39095,39173",174978.60095719004,182797.51365148753
13141,2025,2,3,"13237,13301,13125",206738.9227747106,239251.51161887668
05147,2022,5,2,"05123,05037",97826.57442707896,112902.7205907894
18099,2020,6,1,18131,160009.62633852966,108452.2447432063
13289,2021,7,2,"13021,13023",105041.25899591565,130564.50109647257
17191,2023,5,1,17159,118748.8396748016,123574.58741898832
48085,2024,3,1,48397,524727.926648927,435229.9649758835
41001,2022,8,1,16087,278368.0955730208,378350.5867443459
13153,2021,3,2,"13021,13023",174777.42387865137,122629.50236586135
48135,2024,5,1,48475,231697.21149426032,197298.0932857568
48015,2024,2,4,"48089,48473,48477,48481",407318.0957348245,312335.96230645024
13167,2020,7,1,13283,97798.23016353576,110469.15067117706
39137,2023,4,1,39173,203016.4805182005,215421.43081420343
18003,2023,6,1,39161,223188.0238798842,148776.33588245045
53071,2022,6,2,"53021,53005",399674.1300470953,426118.68911847903
21145,2020,10,1,21039,136317.4998393984,83870.05619204258
29025,2022,7,3,"29177,29033,29117",201727.01874264117,175964.16238144052
18083,2024,8,1,18125,144927.8750870089,158487.85506188005
30071,2022,7,2,"30005,30027",201431.18496818337,223949.39248089248
38003,2024,6,2,"38093,38045",175783.87672450938,182671.28647262417
20021,2021,5,1,40035,94451.20955473992,143221.0744797425
13137,2023,6,3,"13011,13281,13311",284448.58833541186,325650.335835851
48305,2022,5,1,48115,217140.6446214294,118939.1148952651
28077,2025,6,2,"28065,28147",119701.79507716437,126427.756404507
23011,2022,12,1,23023,267227.75112152676,371992.5214683686
21181,2023,8,1,21201,176613.97785594742,169134.52704915672
08081,2024,9,2,"08107,49009",288426.1642866542,701795.2295661046
48285,2024,1,2,"48123,48089",282558.80781742156,257030.32202450314
49037,2024,8,1,08033,343209.8994680103,315144.47471113823
08051,2023,4,5,"08109,08091,08077,08015,08053",654679.4572335839,485687.87123456085
22111,2022,9,1,22067,152520.72708553303,113307.39012216173
31003,2024,7,2,"31011,31183",203834.15819202724,251134.8241904106
42121,2023,3,1,42039,121498.20771123156,152159.66947800104
47107,2021,6,1,47105,189774.86602131615,322834.6834149103
30099,2023,8,1,30015,303304.3603890089,249578.7394396132
16013,2020,4,2,"16025,16067",532216.986922899,242296.66859519354
13091,2024,3,3,"13315,13175,13271",150771.14810901778,143494.36340862224
47065,2023,6,3,"13313,13083,13047",333181.65295618,240364.1490774944
46013,2023,6,2,"38081,46045",212509.2620797729,200604.35047925267
26153,2024,6,3,"26097,26029,26089",172823.195146063,390657.8718706344
26041,2024,5,1,26089,165362.1051509277,603475.1956183844
19083,2020,6,1,19079,101826.98568295653,106790.68801748689
51181,2023,7,3,"51095,51036,51183",265117.2934217616,296857.08478929946
06023,2024,12,1,06093,449653.5053712849,289072.95832331415
48013,2025,4,3,"48493,48163,48255",239903.4846337596,255797.07316598392
27051,2021,6,2,"27041,27149",166470.5635583957,222739.92315709905
26091,2023,3,3,"26161,39095,26059",208961.362155413,231717.06027978042
51105,2025,6,3,"21095,21013,47067",108118.74664970487,120848.07015121642
28085,2021,4,3,"28147,28005,28113",162012.077087442,136559.47009758078
26017,2021,6,1,26011,130674.10564409006,120504.3780888593
21059,2024,8,1,18173,204311.241237929,269509.9946690753
48165,2023,9,1,48501,212679.2417240944,198495.902351268
16031,2022,7,2,"16083,16053",314218.9278932563,381536.00798362144
22029,2021,7,2,"22077,22125",122946.80164819832,232153.09768718178
19053,2025,6,2,"19185,19117",147385.9477447979,150309.43090596114
06071,2022,8,1,04012,536697.4343733365,256234.04150904997
48041,2020,3,1,48313,234817.38385773703,175087.63670945982
01099,2024,12,1,01131,141741.70437262818,138632.6030762799
30037,2023,6,1,30107,207518.2461370558,169648.8488700764
42017,2022,5,3,"42077,42095,34021",442371.5376277017,322875.80222924514
34003,2022,5,3,"36005,36061,36087",628920.9009658279,856588.5306258748
40129,2021,5,1,48483,160324.4719627478,119363.32732860472
48307,2022,5,1,48327,182646.2565560163,242267.75689479944
01075,2023,7,1,28087,154104.8066810836,164685.49180212172
20057,2024,9,1,20097,204857.5921544109,161950.51955781665
48075,2024,6,1,48191,102676.9430418582,79641.17921863297
30077,2021,7,2,"30043,30023",219321.32027131252,282188.11974940344
13157,2025,6,1,13219,403533.1244449615,546624.0959394239
39093,2022,4,1,39005,208419.4604871125,187850.3214453335
08101,2020,7,1,08025,209225.53748101476,126326.48184617936
29107,2020,7,2,"29177,29033",145800.4730966014,134607.92833528348
13209,2020,8,3,"13161,13283,13309",130416.37248118162,103470.63754135447
26053,2024,5,2,"26071,55003",115256.55327879322,155773.0550601592
34003,2020,12,1,34031,550836.5955925483,407289.8169818704
46039,2021,10,4,"27081,27073,27173,46011",252104.8295104089,176569.97401708
48175,2024,4,2,"48123,48391",255093.464979299,191659.7870020584
46121,2023,7,1,31103,,249918.7545007619
16049,2023,8,4,"16035,16061,16003,16069",330192.8417097179,351534.4962003124
28109,2023,5,2,"28035,28073",168871.0799578565,208946.30243787638
13315,2020,3,1,13017,91258.59303443652,78808.00046883363
55029,2020,8,2,"26019,26089",264630.0695997444,323053.87348629243
48193,2024,6,4,"48281,48333,48093,48099",257401.6804925406,273732.79462483514
16019,2020,7,2,"16029,16065",267849.52661700634,235828.40910730115
06051,2023,9,3,"06109,06003,32019",738884.3411420578,436801.2703059821
30027,2024,6,1,30037,274808.22819062654,219884.14220130217
53049,2022,1,1,53027,305350.9171943159,313405.7052247925
17091,2024,6,1,18111,197955.4125985848,206431.89069751732
48001,2025,6,1,48225,214737.0307461184,211118.13430757943
13263,2022,6,1,13053,184725.21080216332,141308.61045530532
12105,2020,8,1,12055,207825.40725083483,147110.77260748323
42101,2022,9,1,42017,224031.080443523,446501.6862893891
04005,2023,5,2,"49025,49037",572339.2680745166,371610.71827274933
17073,2023,5,1,17175,138398.28247277674,129875.1456830015
51185,2021,7,1,51021,111845.59804505476,157253.06833322678
42033,2024,4,1,42023,128452.88977323256,81714.13253863617
08119,2022,8,1,08093,489167.23523027095,539625.9331286218
37193,2025,6,1,37005,215994.72803108135,269358.42691542505
17189,2025,5,1,17081,143859.4650605221,125261.25956149794
48223,2025,1,1,48379,266472.45834069856,289643.7608499377
29113,2024,4,1,17013,282856.5767672963,193234.30798264916
37043,2023,1,2,"13291,13281",314267.24359484966,352407.6044867473
13095,2021,7,1,13037,98041.0221159875,106598.72936361168
51155,2021,7,1,51021,185714.40910351984,157253.06833322678
54107,2024,9,1,54073,166078.85319930245,160406.0349050078
16045,2024,11,3,"16027,16087,16075",462472.86198232626,393256.25832899084
30081,2024,5,2,"30039,30023",584819.2498031562,347754.2389432022
13015,2023,4,3,"13223,13233,13067",308327.5940133139,321786.30106759
48403,2022,3,1,48241,217395.94524339703,213497.1962475088
48211,2024,5,2,"40045,40129",170809.13887078394,142045.18460523826
26033,2023,6,2,"26097,26141",182213.41378365664,183398.66929917745
48317,2020,3,1,48165,,190682.66340413937
01007,2025,6,2,"01105,01065",216402.6857884853,151248.2814489109
39025,2024,6,1,21023,308107.8679323075,185860.55067388652
13273,2022,5,2,"13037,13307",98851.41269430802,135591.26026191574
06009,2025,2,1,06109,453938.5036233463,405059.5361032929
29205,2021,6,1,29103,130216.97942738236,138257.99558311733
22013,2021,4,1,22027,131713.44181204285,196783.438898804
53067,2021,1,1,53053,412682.71717812255,450865.67406647577
06051,2025,2,1,06109,742431.6759739098,405059.5361032929
38077,2023,5,1,38081,197834.6479465141,181487.3905300916
31179,2024,7,3,"31167,31173,31039",219255.8664543637,207621.86820784103
29111,2021,5,1,29103,154442.74123832348,136739.74529489048
13273,2025,6,2,"13037,13307",111196.21931513851,131747.78176428442
35017,2022,7,1,04011,212396.97627767743,234815.03458385845
16027,2023,5,2,"16045,16075",396706.432159859,413027.11974735616
47047,2024,4,2,"28009,47075",368747.70930041326,151354.50142862438
13217,2022,6,2,"13247,13159",296972.08491520066,296752.5439467594
54107,2023,1,1,54105,154524.4146294671,111754.45813888228
06035,2020,11,3,"06063,06091,06049",204794.67243614685,233378.28224383478
17101,2024,3,1,17033,105200.03674621489,124806.80770312628
28113,2020,8,1,28005,111801.81638481536,142085.2910532614
12081,2021,12,1,12027,388609.6918931703,217369.54511292477
13303,2021,3,1,13141,131640.99011523157,169012.7536383767
51800,2022,4,1,51740,331709.93806035875,224424.4756349868
12029,2024,1,1,12041,204689.6990445172,284746.3328510535
29065,2022,4,1,29093,159962.08919498758,138590.60847885124
56013,2021,7,2,"56029,56017",239729.00337201945,252077.4505854969
18073,2024,5,3,"18149,18111,18181",270793.0338304059,201130.7659123618
48437,2024,6,1,48153,109492.38317498028,95610.96787288494
29177,2021,6,1,29107,197716.7833108119,175859.8770819887
12011,2022,7,1,12051,408760.6912875516,254849.9341098553
31185,2020,3,2,"31023,31151",154335.04551942452,135331.15773620442
56007,2025,5,1,08107,202772.6675168666,1092773.1532870366
18035,2020,4,2,"18009,18075",97832.58132205496,90193.59980364234
13153,2021,7,2,"13021,13023",183636.1659973641,130564.50109647257
38091,2023,5,2,"38003,38063",,175392.80902003284
25005,2022,7,3,"25007,25001,44005",466594.38947172737,923260.9938575224
31089,2020,5,2,"31107,31003",133684.21068071292,143252.30872000582
31101,2024,9,1,31117,216091.52030077064,350745.1674240968
48445,2022,8,1,48115,158858.45964246034,116985.23895978316
48029,2024,9,1,48493,267309.3838317163,393162.46118730755
08051,2020,7,2,"08109,08053",465895.36136149097,256411.94055717962
17133,2023,2,1,29186,267048.30934498383,206238.558031506
35005,2022,9,1,35041,182885.46741500965,143380.9042096088
38035,2024,7,1,38099,257338.5097702962,155458.79029539533
18095,2021,3,1,18159,129304.8080177622,162804.40089430442
29099,2023,3,2,"29186,29221",252056.2251653272,188099.90618313855
29177,2024,7,2,"29033,29107",235831.1223650313,187346.22032153956
17137,2024,3,1,17017,120507.86690795036,95672.21126935678
55105,2020,8,1,55055,177649.1583558964,239839.67444381965
28131,2025,6,2,"28039,28111",198331.08709176828,173011.30763977475
01089,2022,2,1,47051,292743.33405286906,272737.6481080884
22115,2024,6,1,22011,152937.04680929962,181707.2491424724
01113,2022,2,2,"13053,13259",165224.186683427,120346.82115531937
39015,2021,2,1,21023,190832.49125028084,146079.88473731084
48285,2024,5,2,"48123,48239",284769.95874283795,232541.23433087906
26057,2023,7,3,"26111,26145,26155",166947.21252700163,179349.57124054353
37021,2021,3,2,"37087,37199",352802.03654078936,250184.8467304816
05139,2022,7,1,22067,132898.9790336153,112665.32694275254
13057,2023,4,2,"13067,13121",446382.1645803658,422078.38251278247
29199,2020,8,1,29103,98048.70027003351,119558.97950290932
01073,2023,6,1,01007,217380.64446739713,221918.279897282
38067,2023,4,1,38019,128320.38707330448,140826.01245644235
51173,2023,1,1,51021,135994.84396561552,166525.96526104704
05093,2023,8,5,"05111,29069,05035,29155,47045",94417.16947211468,129843.94713786244
08055,2021,7,1,08003,235418.1319843547,242019.9221192814
49023,2021,7,1,49039,375232.1175088846,289861.665034928
42121,2023,7,1,42039,122542.9842939738,151413.79695950277
13143,2023,5,1,13045,246389.1380514691,273664.0184661507
05147,2021,1,1,05123,80769.81445107305,88159.28554277807
08083,2022,3,1,08111,378021.4516814819,464213.01184603054
13205,2024,5,1,13087,147211.4436615352,179273.1118768344
29003,2025,6,2,"20043,29063",276930.63314658875,185931.0509572141
30069,2022,6,1,30027,181902.1984362665,263556.1773071255
35003,2022,7,1,04011,231098.9925900217,234815.03458385845
48063,2021,5,1,48459,189858.54258858383,191301.9009340322
19067,2024,6,1,19069,143442.11618835654,141861.9179876591
20055,2024,2,1,20083,226051.89386511652,142975.60097188954
48179,2021,3,1,48483,93107.50433523754,115011.21021527504
19109,2022,8,1,19197,152304.10143206923,125290.59847981251
48281,2023,3,1,48193,301754.0877333254,249581.36519787964
13291,2021,3,2,"13281,37043",272444.1636845167,265391.4865489375
31167,2023,9,1,31139,231610.9146292154,225856.75257434588
21083,2020,8,1,21039,104004.04501470848,80877.58105282894
27051,2021,10,3,"27121,27041,27149",181358.4644737182,241412.07851061368
49017,2020,7,1,49021,167347.53529887597,261495.2816844741
05111,2022,5,1,05037,123294.25508183744,136715.48414258388
16057,2020,2,3,"16035,16009,16079",303302.6843384982,183594.2742537466
25017,2023,6,1,25025,726707.4409991183,715208.5842361543
48135,2021,8,1,48461,220505.1389574383,142373.54778649972
37061,2025,3,1,37141,180275.0797338616,439481.2920089603
56023,2020,5,2,"49033,16029",260223.65890571033,255836.47374369937
31101,2021,8,1,31117,173550.44760098748,258005.69813715748
27171,2023,8,1,27145,369564.7583228413,282306.5860745968
23005,2023,8,1,23023,524735.0126848085,396341.01207559096
37051,2022,9,1,37017,200074.2795021506,154437.4854069377
21105,2020,8,1,21039,68789.31369944637,80877.58105282894
40071,2023,10,2,"40103,40053",108336.35981362085,127258.6730278964
13105,2022,11,3,"13195,13317,13221",148815.04794648665,232074.01793176998
13109,2024,5,1,13029,181315.9743235952,396329.0065310784
47135,2022,3,2,"47005,47039",172866.92892743397,165031.86690552626
29139,2025,5,2,"29151,29073",204617.8000226235,244805.0127000893
13033,2025,2,1,13163,171796.54419948565,133232.66970483703
26003,2021,8,1,26095,175456.61922202972,127751.00425677453
51153,2020,6,1,51685,419753.2991312031,330028.76533421216
22017,2021,12,1,22081,132950.92607770933,153206.13375839218
38015,2023,8,1,38083,326975.2053740807,162875.09371534834
12053,2024,7,1,12017,325615.3621393969,285665.15723453456
01031,2022,3,1,01039,155099.58980315385,150557.2658357259
48199,2024,7,1,48373,226359.7274046928,185550.16062967305
48361,2021,10,1,48241,190286.9450939522,199921.91844351945
28157,2025,6,1,22029,116033.32585961178,109096.69735329688
48109,2023,7,1,48243,134352.98707036072,250787.960090711
48383,2021,5,1,48461,,138954.6458710021
56027,2022,5,1,56009,181637.65170659448,265102.4667946548
27097,2024,8,1,27009,288822.4022876634,284969.06110518123
06029,2023,1,1,06079,331670.0955951119,831281.5445145002
42061,2022,7,1,42087,164972.29386807172,152368.4642822907
28087,2021,8,1,01107,158420.83900977686,141148.89459447167
48293,2022,5,1,48217,162296.704841961,223940.77348029963
39093,2022,8,1,39005,217354.36714310452,194976.8242350501
40031,2022,6,1,40075,133273.41420443077,78686.784819249
26035,2021,6,1,26113,123243.79549700256,195162.2602013637
13081,2023,4,2,"13315,13261",131812.83297573772,124310.45050385408
42001,2024,6,1,42055,306784.89385867893,273596.11759019917
05055,2022,9,1,05021,181785.69919323543,109829.1333340786
47099,2024,3,1,47101,221926.13128292424,236151.15317593468
13173,2024,6,1,13065,201900.14895635413,130055.70895274424
28029,2022,5,2,"28063,28077",131614.70327538022,160712.8828092104
08015,2021,8,1,08065,574778.5717703825,407051.7206749238
47019,2020,7,1,37121,152004.5043022756,152787.4600095769
53065,2023,4,3,"53043,53051,53063",337704.009660163,353437.9017271747
49035,2022,7,1,49029,579973.0561668363,724628.6404995857
17117,2020,5,1,17083,121408.7715716948,149077.3209442588
22033,2023,5,3,"22037,22121,22091",229181.74313794167,214483.59597882492
48463,2024,6,1,48323,202494.3760190028,218575.5471311334
27007,2020,6,1,27071,174755.84139259337,111961.95949721664
47167,2021,4,1,05035,201786.35594577444,141855.32097176058
22011,2021,12,1,22003,201683.31021593252,125065.98480264677
40085,2022,8,2,"40019,40095",186523.1981763571,178514.64965786895
38103,2023,9,2,"38027,38083",179221.43899159657,141709.6995562795
40047,2023,8,4,"40103,40093,40003,40053",129749.162154501,130064.08806811411
49045,2020,5,1,32033,320620.4926772767,150105.03601018558
28003,2023,8,1,28117,161147.78764812116,142933.48190975547
32013,2022,5,2,"32027,32031",304366.25987615396,402053.08242277586
21093,2020,8,2,"21163,21027",170694.41289647398,141403.5987506818
27145,2021,6,4,"27153,27009,27067,27041",242797.9156904904,228853.03110534645
21127,2025,4,3,"21159,21175,21063",161404.97175869392,149155.13931478793
21195,2021,7,1,51051,102356.66377330032,89181.33193085693
22065,2022,2,1,22083,,174148.49913668187
29147,2023,4,2,"29003,19145",202164.25467489104,187043.70546545082
40057,2024,2,1,40009,76024.89888630099,133510.71017849454
17167,2024,4,1,17017,169346.7726247195,96753.96160591778
22007,2020,8,2,"22093,22047",156146.51365203943,164236.46893189324
13299,2024,6,1,13065,150017.5669442309,130055.70895274424
06115,2024,1,1,06063,419945.65725546126,368318.3687255869
30081,2024,9,2,"30039,30023",589363.293707754,352763.735605561
26153,2021,7,3,"26095,26097,26089",151869.12770921926,260597.15582437007
37175,2022,5,1,37099,413696.9369333568,403899.4426463816
13161,2024,5,2,"13279,13271",146493.7065466585,139212.98473864578
17203,2025,5,1,17123,205458.49147493544,128338.25460354028
18179,2023,2,1,18009,201833.7548076656,112988.6393431192
32031,2021,7,5,"32013,32510,32029,32001,41037",505448.91936595173,329904.2996935631
13137,2025,6,1,13281,311684.80724041216,392290.7329619198
08071,2021,7,1,08011,201681.9181025817,144886.12221254598
45041,2020,4,1,45089,136320.9008838357,101659.16880165992
13209,2022,5,1,13309,171224.9850460489,125503.558210233
05001,2023,6,1,05107,122745.95337783876,56631.17188768281
08067,2022,9,1,08111,618849.0900677787,496821.0335191285
27173,2022,9,2,"27081,27083",154597.96139147718,180099.12467065698
48451,2022,6,1,48431,217341.42447763708,259208.79494810375
53009,2024,7,1,53055,478821.9265000839,891899.3073902122
28161,2021,3,1,28135,144948.4575959509,138655.21338474215
46091,2023,8,1,38081,211209.99046795932,174183.17032653547
55029,2022,5,1,26019,347718.4214175829,342771.30046771566
38059,2023,7,1,38029,281771.6793279782,122314.41267315188
08041,2023,8,1,08043,463616.7458455833,328679.66568859835
51161,2022,6,1,51775,283535.06056701526,239019.26411659064
40113,2023,7,1,40103,197037.60804963228,140009.01859886592
45015,2020,4,1,45089,247414.64210350977,101659.16880165992
08071,2024,8,1,08023,256109.85115539937,204092.5089156084
26155,2020,8,1,26065,152406.65804949816,149223.30688786568
20141,2022,4,2,"20089,20123",80945.89921276942,109272.55373859058
51173,2021,12,1,51167,123112.70704889022,119507.8306835822
06103,2020,5,2,"06045,06021",250247.67927074397,390108.22218454164
26097,2022,5,4,"26031,26095,26153,26029",178323.39647563806,223889.5501334871
46135,2020,4,2,"31107,31027",204900.449790054,146645.1956627315
13189,2024,7,2,"13301,13163",200991.10816094597,129723.86045390886
48371,2023,6,1,48243,166424.7298877039,252066.42572919975
48463,2021,5,2,"48507,48163",188897.6318129936,141722.19246971392
48487,2022,6,2,"48155,48197",123525.08176867776,130964.82205315186
18013,2022,3,1,18109,301726.7995687272,254646.04756799364
19029,2023,7,1,19165,136917.84780414982,182542.9864463875
48295,2024,5,1,40045,151226.60656249188,106835.38418114878
29185,2023,9,2,"29013,29083",198387.72940029227,196561.30678203283
49027,2022,4,1,49039,288236.0520261041,342756.6668526286
17011,2025,5,2,"17123,17155",134869.88540052707,151708.09199111108
48479,2024,5,2,"48247,48323",208478.5583292445,154928.77822624863
34009,2023,7,1,34011,695503.9222844524,242133.00700999363
12029,2024,5,1,12041,209427.2972715946,292297.7639320083
16055,2020,5,2,"16009,16079",371949.92491965945,195449.40612792186
45039,2025,2,1,45023,193715.6387873405,218637.61845407952
29141,2024,3,1,29053,281840.46869836515,225754.39726130743
39003,2025,4,1,39063,173992.98814278128,231257.91766820717
41065,2020,5,1,41027,276777.16398466035,492029.2109746461
48245,2025,6,1,48071,164326.5371924525,343721.3177108296
13303,2024,8,2,"13163,13125",156288.8288621083,168043.21133640496
28081,2022,5,1,28057,173455.59655176077,152015.6521189647
31185,2020,7,3,"31023,31151,31159",154087.74782980644,162752.6015695899
54059,2020,4,1,21159,65663.49931091457,74109.67510621667
18035,2020,8,3,"18135,18009,18075",101045.15872317646,93249.76549108466
01111,2023,5,1,13045,193638.7409745187,273664.0184661507
28059,2025,4,1,28039,212574.56535637088,205785.02668842385
27119,2024,6,3,"27029,27125,27087",222463.0624937984,186597.63419938972
48193,2020,1,1,48333,172068.40538530634,295998.2181407953
16031,2024,7,2,"16071,16083",321322.21763073356,341425.2630105668
34013,2024,7,1,34031,616053.6438635968,546709.0540610488
05075,2023,7,1,05055,124545.39195862964,183612.05493347548
29203,2021,3,1,29179,134898.002975634,137499.4426475894
38043,2023,5,2,"38029,38083",234526.74414134267,152572.8328819975
06071,2024,8,1,06037,554642.219629285,885324.1661760425
05015,2021,4,1,05101,204617.84402891132,170030.80734228028
48041,2022,3,1,48185,277868.3768803347,331358.91402540327
19151,2023,5,1,19021,95727.3729650353,172472.81844507984
06067,2022,11,1,06013,544943.015419481,835689.6038352071
12081,2020,8,1,12027,289022.65842699644,164758.61793860968
26061,2020,7,1,26083,132226.5668568873,131753.96095394544
39009,2021,3,1,39115,147135.63986093953,127048.7514578365
04013,2022,3,2,"04012,04027",475144.3836610264,242527.0596577073
29071,2022,6,1,29073,235762.46260168185,209000.451184208
01103,2021,9,1,01043,201519.28633783956,214914.0448118094
28147,2022,6,3,"22117,28077,28091",169235.0551748519,146096.50509993118
47163,2022,5,1,51520,217841.31901048784,146108.1476743828
08083,2022,7,1,08111,399009.69678454805,492131.7072014402
17197,2022,5,2,"17063,17091",313910.7323150424,223449.55665449705
19029,2020,6,4,"19165,19137,19155,19009",108693.12238361484,125865.00038725878
46123,2022,4,1,31103,195972.67369420108,250797.8481664701
30067,2020,5,1,56029,386580.9397415435,284765.63222978025
36013,2025,5,1,42049,163874.6185929095,206328.6260075668
31051,2024,7,1,31173,181463.84037172236,145913.42311388106
28013,2024,4,2,"28161,28017",132453.83367423984,141435.55380594573
47115,2022,5,1,47051,224131.6337841511,285221.9656741889
37061,2022,6,1,37141,157100.5908988289,407434.8058897462
48179,2021,7,1,48483,95714.87575373676,123411.62559769487
51131,2024,6,1,51735,285354.6856184149,443257.5859067444
40153,2022,9,2,"40043,40093",127933.61327631748,141670.84250625037
06097,2021,1,3,"06033,06045,06013",702168.8232276551,520841.0010051935
33009,2021,6,1,50009,290329.4133528809,190594.99721916096
47109,2020,5,1,47069,117425.49761579237,103258.49236269546
21075,2025,1,2,"29143,29133",90681.29374685348,98993.8235854979
31031,2023,8,2,"31091,31103",198609.9130107713,191183.09110249777
08059,2024,5,2,"08019,08047",645231.5630060048,557467.8053887839
48073,2025,5,1,48225,241118.19587460707,214639.33244058775
05095,2022,2,2,"05077,05123",111714.70047541836,110414.52376770412
08041,2020,5,1,08119,354135.78841582924,344495.42104697274
06085,2024,2,1,06047,1585499.0804279726,414724.49784743576
26055,2024,6,1,26089,389980.04924586025,605053.7738727896
36071,2022,5,2,"36079,36087",376729.2864648373,525628.9553287422
06071,2021,7,1,04012,457299.1229492501,211437.04892306903
49011,2020,5,1,49029,369070.70973193255,485301.4063279168
18165,2022,6,1,18171,124520.15868057916,200075.02975985836
13243,2022,10,3,"13037,13307,13259",94653.79950800778,122643.94041464252
31143,2020,6,2,"31141,31023",137272.0688218006,163812.29423494026
21107,2021,4,1,21233,115181.630559301,103099.81447094558
13061,2022,5,1,13037,165884.79188443208,108159.22744330391
51191,2023,7,1,51520,226120.364686751,164890.26460871208
05135,2023,6,1,05065,155867.27892002862,160818.9545666017
08103,2022,7,1,49047,297996.0862476525,285452.4782655147
49019,2020,5,1,49007,400539.525638894,157416.32744235676
48371,2020,3,1,48243,163720.36850662317,206212.25187449995
05139,2024,4,1,05011,129838.93737618891,124639.72937616722
48173,2021,5,1,48461,,138954.6458710021
48331,2025,6,1,48051,272215.476564321,267796.24567099084
40009,2022,10,2,"40057,40075",126907.88548777002,83226.0253207991
46009,2020,3,1,31107,133002.53984491355,135997.84851469542
13001,2021,4,1,13279,138152.22775289975,123501.5730305295
51149,2025,4,1,51670,343764.47783002496,211758.7321085216
16081,2023,7,1,56039,791388.2377339079,2047717.640094065
39051,2025,4,2,"39171,39095",220419.97934013008,169288.84045527453
49029,2025,5,1,49043,731943.5125490405,1286742.2766529482
27081,2024,7,1,27173,182761.5063588284,152550.978835274
27131,2024,9,1,27079,323987.19416444126,333281.06494024704
39121,2023,1,1,39115,167159.13204709638,141314.23404865435
48407,2021,10,1,48373,241970.66566506773,172121.9956397392
29127,2024,4,1,29173,169664.5896207699,229196.7577877279
42081,2025,4,1,42093,220713.65365796068,264611.54964253394
48147,2023,9,1,40013,278204.25304619595,221421.51163769545
48005,2022,3,2,"48241,48373",191781.8864307032,199016.7599366499
40071,2022,6,1,40053,107514.87779476904,120249.88801732066
30009,2020,7,1,56029,288494.82374533213,287536.4521314844
53041,2021,1,2,"53077,53053",317023.06834248017,363885.083709981
27051,2023,7,1,27041,201950.94202338735,307460.31235115655
55119,2023,7,2,"55069,55107",217905.95401480072,197586.6247200016
47099,2024,7,1,47055,229534.39682897096,247360.9282966186
48159,2020,8,1,48119,222579.85524246527,129239.9957996962
08097,2021,8,1,08065,1822816.2020302515,407051.7206749238
47103,2022,5,1,47051,231048.1980188977,285221.9656741889
51710,2022,5,1,51740,275059.6898828279,226353.6437394095
31033,2025,5,1,08115,160075.67338754842,169608.8932748068
19193,2024,7,2,"31173,19093",194878.73004253337,139988.50349936163
37095,2025,3,1,37187,216471.01048398856,110380.39321903238
48005,2020,10,1,48455,158507.4515226132,148410.19582263005
46025,2022,7,2,"46077,46005",194381.714329473,197244.75781450103
47161,2025,5,2,"21035,21221",251314.3084509526,199870.99685902466
29219,2025,4,1,29073,324573.70516558917,233059.66840004185
48149,2021,5,1,48287,388460.9353438846,303842.06440874696
26047,2020,7,1,26097,275832.56128651276,135637.429241976
22035,2022,5,1,22083,,177017.93674592543
27025,2025,6,1,27065,369156.7954026824,251892.82339071637
05125,2024,8,1,05105,244542.19251443425,168531.828991142
34005,2022,5,1,34021,337956.0244818308,359441.2016861215
06073,2022,3,1,06025,857229.5428755064,304648.052142504
39063,2022,7,1,39173,205854.0470159717,211763.28270444248
18179,2023,6,1,18009,208376.51642547743,115197.8737294044
18089,2023,9,1,18111,231537.74517043345,197429.93659824235
29187,2023,2,3,"29186,29123,29221",170141.29517809176,173144.6463920568
30001,2020,8,3,"30023,30093,16059",246981.06382131405,173705.0024253763
39093,2024,5,1,39103,232020.14862202105,315423.53249329125
04003,2023,5,1,04023,247986.6615942254,265198.85313732084
13153,2025,2,4,"13235,13093,13193,13023",246323.6128874369,148451.79104338848
06029,2020,4,2,"06083,06111",240526.977923368,635011.2586002098
18153,2023,7,1,17033,142376.0089668469,123503.79107323608
17159,2021,10,1,17079,106328.93194675483,130390.45387765858
48471,2020,1,1,48313,206930.805012653,171382.64782731366
48147,2020,8,1,48119,198926.15354234257,129239.9957996962
13129,2023,4,4,"13313,13123,13213,13295",237130.48062839973,264239.231876794
12099,2023,9,1,12043,487534.7170487142,257350.79076692936
01119,2022,7,1,01107,124471.18659966998,144941.51120016084
41039,2025,2,2,"41041,41019",454143.35975086567,405570.69888400636
05147,2023,1,1,05123,96379.05640395572,84268.93533476886
16037,2021,8,1,16015,307016.62154240464,431606.5669408248
31151,2023,8,1,31159,188118.060547824,272987.9720704919
28047,2024,1,1,28131,218103.13631998777,185448.39396207596
28011,2022,5,1,28027,156240.1590657557,67880.74886334014
22033,2020,8,1,22047,196430.32115170927,150624.79488005248
37083,2022,6,1,37185,99008.83560836456,230231.3238355672
51077,2025,6,2,"51197,37005",191887.58893218092,237494.0775530324
56013,2020,6,2,"56029,56017",210126.47830102767,218839.555089296
55003,2023,4,1,55051,187304.06526623724,197028.295161949
37023,2024,6,1,37011,252491.12784658003,395943.4264366934
13289,2025,4,3,"13319,13175,13023",111574.53161706153,164297.737239192
13221,2024,2,3,"13195,13133,13317",289814.78572603414,344164.6324762619
51027,2022,5,1,51167,88895.735944802,128644.3683793703
51041,2024,10,1,51670,400636.70533886185,211452.70638157244
10003,2025,5,1,24029,356280.74860446574,375374.3813225599
26045,2020,10,1,26015,188966.83880871467,207995.5747455028
45039,2025,6,1,45023,185715.94999921005,215500.49668135587
22063,2024,12,1,22091,243199.51895046144,171760.88573705454
29183,2020,6,2,"17013,17083",259852.3694959063,152232.57877339135
30005,2023,7,1,30015,188302.28278078613,248183.13221115756
51069,2020,6,1,51840,300148.0773343596,238819.06814348497
29155,2022,9,2,"47095,47045",96684.24026915862,132663.20298399817
39041,2021,8,1,39083,416212.46293976577,211637.40364794745
06065,2021,1,1,04012,449102.4458825611,188263.02667161296
19155,2023,6,2,"19129,19165",209556.28191535836,217468.81223869213
22089,2021,9,1,22057,269585.11610676575,220697.6244863913
41051,2020,12,1,41027,459129.0543760218,533628.8067048715
01111,2023,9,1,13045,191017.59803832448,281267.1657757678
48127,2024,9,2,"48507,48163",143859.6003006692,131771.0763017196
39167,2021,7,1,39115,156762.6751612335,132851.85288868702
01077,2024,6,1,47071,222573.8961835665,199008.9674589104
13163,2020,9,1,13301,110907.51863448316,93043.66169899088
48405,2022,1,1,48241,265720.03532096616,208861.16504978016
47109,2025,5,2,"28003,47069",162737.62213587866,162397.45826313086
25007,2025,5,1,25019,1486071.0982282162,2906217.5236830073
31173,2020,7,3,"31021,31039,19133",116314.37202142629,125883.0565167369
17029,2023,5,3,"17173,17035,17023",113738.09198538068,139869.07608293905
48181,2022,6,1,40095,297118.8645252618,190102.66921553537
46121,2022,7,1,31103,,261707.34612513136
01053,2022,5,1,01039,137801.36833285025,151236.5047708864
49023,2020,6,1,32033,297906.89034235047,151533.8307962574
30027,2023,6,2,"30015,30107",256381.50048508475,207527.5054363356
42035,2025,3,1,42023,188724.70511323097,88361.09198341251
48225,2022,4,1,48471,260128.77939025097,269457.9419436698
51005,2021,5,1,51580,137900.1852991151,72350.56925826879
30013,2021,7,2,"30045,30059",233282.75560429855,227148.09283618093
28093,2024,7,1,28009,204941.12924122848,135118.08131375498
19173,2020,10,1,19145,91976.77799621467,108789.85364233283
21053,2024,9,1,47137,156348.33218928077,224606.27316521545
47161,2022,2,2,"47083,47005",225195.08730479615,175083.98747684612
53013,2020,2,1,53023,194559.68178068692,136794.14758589325
08061,2021,3,1,08011,168458.76096880177,130557.6748229841
41005,2022,11,4,"41051,41027,41047,41071",600594.1336033168,532706.5827877076
12001,2025,6,3,"12075,12041,12007",308379.2988833626,276352.0244114765
21225,2021,3,2,"21233,17069",100137.84347994356,106453.77854705164
21187,2025,2,2,"21081,21103",177000.47327152322,259110.03193074052
16053,2025,5,1,16047,390049.0312582671,349506.808812962
46123,2022,8,1,31103,206684.43229003556,260660.94512695272
21191,2024,8,1,21097,223667.18354430093,203360.5159445066
17001,2020,6,1,17169,144708.61397413627,111721.75010589253
21215,2020,5,1,21005,239903.30607170265,147693.28516319406
19015,2022,5,1,19073,196494.16193403708,139752.0179707778
21205,2020,6,1,21063,117345.33187169013,96751.17334961594
49041,2021,6,1,49039,243066.12113394472,283131.67306052445
47075,2022,2,2,"47033,47097",150939.3990266862,141966.31105108283
36121,2025,5,1,36037,196371.48286120477,208234.02836327185
49015,2020,7,1,49007,,157878.7703819972
12029,2021,8,1,12041,173364.6511251298,226464.5757352719
26139,2024,6,1,55101,358701.42086595326,280149.09316509555
13099,2025,2,1,13061,130516.66485741935,163545.68134193076
40141,2022,4,1,40075,60672.31868599034,77951.57856089975
23011,2020,7,1,23023,181200.27442080865,260831.5273210222
20043,2022,6,2,"31147,20013",123781.2084317109,115292.88694548307
13271,2022,5,1,13309,112296.01446960444,125503.558210233
48491,2021,4,1,48287,,299032.66973965947
49005,2024,8,1,16071,445228.139918976,325648.06000303506
40119,2023,5,1,40103,215269.2255598728,138014.5805952194
29035,2021,5,1,29179,147891.23088452118,142925.14066502068
35035,2020,3,1,48141,144182.86157505927,146682.49199817973
05095,2022,6,2,"05077,05123",107090.47982381862,106956.01474136618
40137,2021,4,1,40033,100081.12155571056,87251.03988396109
27005,2023,8,1,27159,322362.1101873421,199257.49147648053
47047,2020,3,2,"28009,47069",264710.69109836064,117025.51687333333
13225,2025,6,1,13193,226935.4882168745,102109.549887115
21157,2021,5,1,21143,146899.85423074724,143720.91234057758
47165,2024,6,1,21213,438546.1658758144,247877.94071354475
31049,2025,6,1,08115,163495.51227892595,167415.76796570953
21011,2024,9,2,"21017,21181",163947.1552112175,222055.81052300992
37133,2022,6,1,37141,240855.7524815992,407434.8058897462
51199,2021,5,2,"51131,51735",360315.4235818104,298723.434887375
08055,2023,8,3,"08109,08003,08023",276178.6468124849,242555.22220452936
20105,2024,6,2,"20141,20123",113477.092610291,105829.51334195648
19063,2023,7,2,"27063,19059",133468.5256100719,268423.727316528
19047,2023,8,3,"19165,19093,19133",156572.33426398897,155279.53055840763
29087,2023,4,2,"31147,29003",,178523.9009228259
46009,2020,7,1,31107,131733.9260975397,142514.73139831529
56039,2022,5,2,"30031,56023",1949180.2408707256,565967.0239583993
51013,2020,6,1,51610,714311.6079900684,840485.9592836801
12049,2021,4,2,"12055,12027",159038.75098548338,176285.5159662873
13089,2021,8,1,13063,302454.83660585526,193888.64866190497
48217,2024,3,1,48309,227280.4470193837,262933.5789846705
21201,2023,1,1,21069,166211.6370560959,143023.8127844541
12105,2024,5,2,"12049,12055",317983.6315805771,235254.53053834394
13243,2021,6,2,"13037,13259",88432.96407967713,97588.94470950257
08097,2021,12,2,"08051,08065",1993348.3735503927,527511.7481845962
27161,2024,8,1,27079,235888.063094929,332227.0104103831
01025,2022,2,1,01131,163842.801146443,148239.8229188363
08037,2020,6,1,08065,699373.9293097098,312106.3885073737
42109,2022,5,1,42087,213128.29055562697,150284.536581433
35033,2024,9,1,35055,,460286.1155283423
38035,2023,7,1,38063,253304.72773854132,161681.15238698036
32007,2023,7,2,"49045,49003",339916.28490341286,443149.462747787
42123,2023,4,2,"42039,42049",120770.24234673892,165010.42782819667
13223,2024,7,1,13143,351275.87463172973,270459.0054784463
48287,2022,3,1,48149,356451.62924890127,435861.3399940151
35015,2023,9,1,35005,241005.82499385416,168496.66707074628
48301,2024,5,1,48475,,197298.0932857568
17165,2023,2,1,17069,90193.63087697122,106457.90538320527
51185,2022,5,1,51167,118873.1973442305,128644.3683793703
27037,2021,6,1,27163,351174.8238242427,385689.3473469372
13303,2025,2,3,"13163,13319,13125",147844.91814656017,156664.33880798632
17185,2024,8,1,17047,108999.53223902952,101596.19402948485
01125,2024,2,1,01063,225188.9630523308,135404.33909986276
05135,2020,9,1,05065,134097.38319602312,124590.25705708584
19045,2024,7,1,19031,165678.08662129272,228014.50661408072
13161,2023,4,4,"13279,13271,13209,13309",132697.4127754817,136106.2452381019
08117,2021,7,2,"08019,08065",891060.3459536461,455102.5357191154
39103,2022,7,1,39005,293278.0257550948,193944.4059864992
41063,2024,4,2,"53013,53023",410702.69036394655,228742.1204657033
13045,2024,7,1,13143,291259.6291186649,270459.0054784463
35043,2022,9,1,35028,346707.72904574475,501820.4243384567
29087,2020,3,3,"31147,20043,31127",,96841.04751353785
56037,2024,6,1,49009,270560.0294569092,314208.51988054457
48077,2021,5,1,40033,177287.89751228064,87173.7786968732
22079,2024,6,1,22039,166641.2478981246,112487.72989138751
53057,2021,11,1,53029,513635.52759847866,588466.0937520819
06029,2020,8,2,"06083,06111",245245.9096385239,639252.5506444906
16049,2024,4,1,16035,336341.3295773983,294248.1399525504
28109,2024,1,1,28131,180923.57718117707,185448.39396207596
12081,2022,8,1,12027,480504.5436333741,268299.57879135606
32005,2021,7,1,32510,642915.4944555102,435250.40899572335
13069,2021,1,1,13161,141394.15577359972,108713.42601905232
42081,2022,7,1,42093,201674.66514821164,246747.9302344947
16073,2020,4,1,16083,260766.84143507804,231765.07523644043
32019,2024,7,1,32029,401501.6137828456,486777.2751887062
48339,2025,6,1,48407,345930.9695608577,241657.3642053077
32021,2023,9,1,32019,155413.06501605234,389483.1956069356
55025,2020,7,1,55055,318285.3519824517,238295.3321556314
38053,2024,5,1,30109,322853.6790774587,198787.91380894443
13149,2023,5,1,13045,242221.48786179096,273664.0184661507
48149,2020,1,1,48285,315163.74832638697,222724.8051388179
47093,2021,6,1,47105,255010.6318945849,322834.6834149103
21069,2021,6,1,21201,117626.5570199578,137976.29654645483
51119,2021,3,1,51131,283437.5698901064,211745.0411747519
05121,2023,4,2,"05021,05055",148228.83331991974,145206.3513111038
29075,2023,6,1,29003,117893.75211464692,246650.95807272856
47153,2023,6,1,47061,262012.60049001352,184207.1653146762
21161,2023,1,1,21069,144235.67365191,143023.8127844541
19109,2023,6,1,19189,152147.98229155198,140210.45800911184
48223,2021,3,2,"48119,48379",237673.4358429795,188263.70649841288
17099,2025,6,2,"17123,17155",175904.84906710222,151802.97092070206
13239,2022,8,1,13259,117354.89559260302,97127.73223455652
16075,2024,6,1,16087,392015.893885396,369465.5556586262
48437,2023,9,1,48011,112745.57583986076,217478.43820721548
13241,2025,6,2,"13281,37113",399461.70666686137,373652.8701616585
48157,2020,1,1,48481,272291.6173238671,206795.98204226073
34019,2025,5,1,34021,616267.123209198,440038.2029883475
46085,2023,7,2,"46023,46015",,221517.04120553983
06099,2023,1,1,06085,444107.57799483655,1496416.8468309203
28085,2023,12,3,"28077,28063,28005",163618.20429508926,136489.38713324282
48411,2020,5,1,48333,189218.72472829107,311608.3665502993
08045,2021,8,1,08107,518820.5448638396,815941.2160045294
08111,2021,8,3,"08091,08033,08053",423961.0934507225,437985.0309582806
35035,2023,8,2,"35005,35051",213245.28451989105,169127.0513144728
48089,2025,5,1,48285,303617.9714259312,287343.2336183908
01113,2021,5,2,"13053,13259",154386.69149913776,109316.90346001188
21033,2021,6,1,21143,121629.81758023826,146117.01390706026
27011,2024,7,2,"27073,27149",167862.7963886344,187098.16151508217
46115,2023,5,1,46005,141434.9690810819,185048.62828062935
17147,2022,4,1,17039,187768.10986693716,115591.725053659
47045,2022,5,3,"47097,47033,47053",158704.37306002708,150419.3106054319
48181,2022,10,1,40095,296916.8736368714,192945.32816976603
55031,2024,5,1,27075,228378.45997653189,248482.6320406703
35061,2020,6,1,35006,195416.50993657336,105712.39629739964
29017,2023,3,1,29123,187945.22077440875,148530.84351335015
27111,2024,7,1,27041,299107.3234070312,321026.79842349555
19011,2021,12,1,19095,212100.68166130688,175360.8321665103
20077,2024,5,2,"40003,40053",85990.16143555474,116342.50378599647
47125,2022,4,1,47083,294059.88262347435,194091.16952729516
26043,2023,7,2,"55037,55075",155607.79697326003,175770.82790809625
06083,2023,8,1,06079,925955.0288948268,856674.9648123682
48313,2022,3,2,"48185,48471",251179.81645380976,298482.5796322859
13055,2022,9,1,13295,173866.19445261557,214574.14687788207
39011,2023,7,1,39161,199496.67756595663,150248.13321431528
13269,2022,6,1,13249,147202.29260312126,169787.81868584824
08061,2021,7,1,08011,174673.59986067403,144886.12221254598
26103,2022,6,1,26083,202601.39846487463,159796.90442537176
12121,2024,6,1,12041,263060.07151099923,293116.2027183378
13165,2023,6,1,13107,137670.07007227952,117176.14996434112
45069,2021,5,1,37007,105795.62691764742,119116.8276457877
55061,2022,5,1,26019,247498.84355355403,342771.30046771566
21135,2023,7,1,21161,127818.35021574248,145987.48949326467
45051,2022,1,2,"45033,45043",283128.65032064315,226722.92932146793
39159,2023,4,1,39101,368085.6050101079,147978.71962639675
13221,2021,5,2,"13265,13317",222104.0789774729,122122.85214942781
41017,2021,6,4,"41031,41035,41037,41043",601548.7229100399,274103.531471477
47019,2021,5,2,"47171,37121",168758.1591548374,177560.78391922772
51051,2022,5,1,51167,94759.13204602653,128644.3683793703
13291,2020,6,1,13281,230109.29308930764,247909.1777685047
13079,2021,1,1,13021,147542.08064895292,118894.57607089433
51115,2023,6,2,"51199,51119",307941.537158633,381976.4691131238
19053,2021,12,1,19185,153285.62473712483,110211.80763681106
51059,2020,11,1,51600,620820.6874808933,608208.8046645859
13099,2025,6,2,"13037,13061",124887.17114108316,126810.06463462694
40069,2021,4,1,40029,98203.12029422364,95632.83550967996
18077,2020,3,1,21223,145736.70535031558,146513.4268722038
21167,2020,7,1,21005,153034.59831978308,150675.98791885655
48329,2021,7,1,48461,283072.3277819988,141457.36365809862
48117,2025,5,1,35009,176743.78665062904,161684.55386369597
39167,2023,4,1,39115,162821.54236821586,140914.79216351022
40119,2023,9,1,40103,219300.42128037484,138875.1033890193
41017,2024,7,2,"41031,41035",685067.5795159736,355505.32668182615
35035,2020,7,1,48141,148333.54698141082,149617.95671491054
51051,2025,6,1,21195,105394.3703969131,115248.64353018109
18017,2020,7,1,18131,104817.90909531608,108930.09255105518
30099,2021,7,1,30073,240642.44126406417,176115.24686859408
42133,2022,6,1,42043,256139.54924431673,230234.07073560217
06025,2021,1,2,"04012,04027",264871.73544913775,190804.03318384793
35001,2024,8,1,35006,337463.1615228295,145510.09422864168
51199,2021,9,1,51735,369619.2563778511,382460.4454747686
37055,2023,6,1,37177,585726.051256166,168712.30640109535
27127,2022,8,3,"27083,27101,27033",158459.1712294275,180109.6575687093
25001,2020,11,1,25007,477878.13271383307,956599.339553374
47047,2023,8,1,47075,365297.9980189372,165691.530467451
27001,2021,7,1,27115,209377.67703008003,197125.1486969607
18067,2025,4,2,"18023,18103",179554.5358525566,177784.53851972538
36103,2025,6,1,44009,678983.3528449103,643835.8229689606
06019,2023,3,2,"06069,06053",378309.2596696196,784968.4432675983
28133,2022,5,1,28027,126165.52688389912,67880.74886334014
46123,2024,5,1,31103,183959.7920895546,273076.7362610777
06061,2020,4,4,"32005,06057,32031,06101",528719.5328189881,431575.63730052655
37111,2020,1,2,"37199,37121",182886.0681612557,172905.93264596272
13089,2021,12,1,13247,314939.776020888,266378.3767397878
29015,2024,4,1,29083,171307.06510338196,201442.45904920975
55083,2020,1,1,55078,165589.86975914243,177326.4165919946
32031,2025,6,2,"32013,41037",564464.5563600302,266448.18128428195
20085,2022,5,1,20013,200440.13287052544,116787.15529852702
27001,2024,8,1,27065,250335.17907343048,253394.4283528251
01089,2024,12,1,01095,309904.9911996424,240396.68116106823
40039,2022,6,1,40043,142372.67064084896,135311.6902762334
30111,2022,7,1,30103,360216.576756747,223906.47507673255
29117,2024,10,2,"29079,29061",172852.13205786006,181182.9768177651
27057,2023,7,1,27159,285949.65832481586,200094.65816020165
40121,2023,5,1,40005,134919.2790087495,186590.50237447597
01025,2022,6,1,01131,161294.72190670818,147095.30019130008
26129,2024,8,2,"26001,26143",159891.10389495743,175729.64050912223
05031,2024,8,1,05067,206821.9753115126,99493.62344998198
21085,2020,7,1,21027,134368.0591854282,114119.46575597936
53047,2021,8,4,"53025,53019,53043,53007",279276.8078572054,341775.40901397995
13303,2025,6,5,"13141,13009,13125,13163,13319",141971.48657446634,177251.53509048448
37015,2025,5,1,37187,69739.56815976759,109236.99868483456
01039,2023,4,2,"01035,01013",146379.61928151184,128267.65475887581
28145,2022,5,1,28139,186892.97560923747,142959.90850608973
32011,2024,9,1,32015,165479.75185323742,251039.4446735471
39065,2025,4,2,"39101,39063",171952.71419436924,199607.99236522737
48075,2025,6,1,40057,103913.11207250504,78853.12974401818
20071,2025,4,2,"08061,08099",169312.61316141774,191674.005621807
42111,2024,4,1,42009,166593.75371207742,186275.94091862344
41063,2024,8,2,"53013,53023",419622.1583474963,227353.3570063525
30015,2021,7,2,"30045,30073",215441.49915322103,197894.39724271937
54099,2020,1,1,21159,101603.68092113423,73131.24456226524
06073,2022,11,1,06025,868994.7179249242,308141.4966545409
48409,2024,3,2,"48007,48391",210313.3766499233,233240.1165744232
05013,2023,2,2,"05039,05011",132726.12154944846,120639.81175446554
26053,2025,5,1,55051,120444.9405898878,198472.7792596679
48355,2024,1,1,48007,231163.48482187223,321931.3856238452
16057,2022,12,3,"16035,16009,16079",433320.3907064472,301055.7164695903
28135,2022,5,1,28027,152526.2860629889,67880.74886334014
51057,2023,7,1,51119,283216.59506520635,349214.8034933543
22013,2020,11,1,22027,130760.0442225772,228489.19489152025
56003,2020,8,1,56029,172815.418122071,289690.62733963365
16049,2024,8,1,16035,337201.69455945917,297423.1994631372
29171,2024,7,2,"29211,29129",192998.2451503467,122590.01230665875
28141,2025,5,1,28003,196551.97835097127,172821.1660255041
31089,2024,8,1,31183,168722.25026483877,244415.34056005604
55089,2022,6,1,26127,419561.1377177784,232051.19399615764
17061,2020,7,2,"17013,17083",87856.29903992801,150876.93851084614
32005,2021,11,1,32510,667359.7788819914,447922.49128177087
28001,2024,8,3,"28063,28037,22107",119898.04245858028,173363.94092115804
18049,2020,8,1,18131,128087.73713742678,109721.58620695028
19139,2025,5,1,19115,183336.22787393452,161075.7418627816
47069,2024,4,4,"28009,47023,28139,47075",148984.57960110682,150916.36156401955
26061,2024,6,3,"26071,26083,26013",167007.04237367978,147108.6758303844
19197,2020,9,1,19079,107541.67088429572,109837.52095968164
51119,2021,7,1,51131,301955.5681317622,231550.0817775712
51067,2024,4,1,51063,327117.8412858077,249548.4421993092
48167,2025,6,1,48071,323991.6292592944,343721.3177108296
40153,2023,7,2,"40043,40093",133092.30486308874,141690.77941039333
01093,2022,7,4,"28057,01133,01057,01075",156640.84745015623,161695.7004366509
48251,2020,2,1,48425,242073.51868789448,264226.4452977628
41009,2020,11,1,53011,357633.69760678214,415165.3135349588
13303,2022,5,2,"13319,13125",154867.71364141352,160955.5896066678
19077,2020,6,1,19009,182723.7615275594,103033.13764617236
18123,2020,9,2,"21163,21027",123162.0280724133,143690.141616582
26143,2021,6,4,"26113,26135,26129,26039",135861.13037614513,143714.2689964712
48157,2020,5,1,48481,274028.661850965,210711.83916691612
21035,2023,3,1,47079,212482.18783581984,186895.34363227003
22035,2024,6,1,22065,90793.9692624508,84888.76139059348
27091,2021,4,2,"27063,27165",152067.20814294563,126657.08499642687
48075,2022,5,1,48197,122216.68018306696,109442.0044630048
55093,2021,5,1,27163,291430.7105708108,380422.82797190855
48189,2024,4,1,48153,126260.32176092143,94304.06722564535
20125,2025,5,1,20133,92923.98099729155,103946.12498064309
05001,2024,2,1,05107,114260.74179015134,52508.01954572634
29205,2022,6,1,29103,147146.7051804153,152572.0194742263
31041,2025,6,4,"31163,31019,31175,31047",161039.29067954075,214380.41358266756
29143,2023,3,3,"47095,29069,29155",92174.8636729081,98498.898948264
18149,2020,6,1,18131,125100.80214971,108452.2447432063
17113,2022,11,1,17147,216859.88788124465,189924.1552420396
48375,2023,8,1,48011,140458.38541758514,215947.5158090361
46115,2023,9,1,46005,140774.81669612127,174435.88112873738
40113,2024,3,1,40103,202047.97373517565,139126.7212685965
06099,2021,12,1,06085,430081.3828747932,1462562.5825672084
39029,2025,6,2,"39151,39099",152180.80804625023,182754.661963157
19193,2020,6,1,19133,145495.91784674753,109796.73903248284
48043,2023,6,1,48243,244039.96500252947,252066.42572919975
17189,2020,3,1,17121,112211.81309087887,83781.71292430758
29007,2024,4,2,"29173,29175",157682.4544021611,193728.2477153522
48129,2021,5,1,48483,,119363.32732860472
29017,2023,7,1,29123,189620.1230966224,152688.5327172272
22009,2024,6,1,22039,127106.77213399352,112487.72989138751
47163,2020,2,1,51520,167318.98938270527,105787.29158961371
46023,2020,1,1,31107,159473.82017905256,134681.2932159201
26065,2023,8,2,"26155,26093",193345.47172378076,272431.5490036182
13265,2024,7,1,13301,151702.72136579457,123351.9369515821
29079,2023,8,1,29211,90767.17504586552,108386.84034134886
37137,2020,9,1,37095,171577.9926478583,161243.50951522047
48503,2024,2,2,"48009,48429",175630.7964966003,197595.7968064571
30057,2020,8,2,"30043,30093",459026.8078968785,229055.46973544458
05147,2020,8,1,05123,74278.08228308806,87201.86575241578
39147,2024,3,1,39173,159896.3535622916,224792.3374981795
06083,2023,12,1,06079,953063.8076102271,876719.8745518298
17077,2021,3,1,17181,88021.7871787963,132191.31792249877
19069,2022,5,2,"19197,19023",138277.17813386142,141669.67784256814
22069,2022,1,1,22081,190432.97850479992,155119.5774710856
31031,2024,4,4,"31017,31171,31091,31103",202108.81482867105,181840.44297929452
20191,2022,5,1,40053,125536.91471371992,119039.56011475572
56013,2022,7,2,"56007,56017",289056.76141821785,193293.74269170902
25005,2020,6,1,44001,352376.6531290651,404703.23281962
05041,2023,6,2,"28011,05107",110949.70417933386,100776.79199803034
21083,2023,3,1,47079,143157.36158981116,186895.34363227003
55003,2025,5,1,55051,193154.85443488407,198472.7792596679
55017,2023,8,3,"55005,55107,55035",279689.80447458266,241480.5461073299
13045,2021,8,2,"13143,13149",226755.7327605628,207794.20054885477
45051,2022,5,2,"45033,45043",310300.4530280581,236011.54040894372
05103,2024,8,1,05039,107252.28476083784,122409.55595334456
46027,2020,3,1,31027,176215.47048988435,154739.3870882465
13291,2020,10,2,"13281,37043",244669.63249151217,238268.91195356555
13079,2021,5,2,"13269,13021",157217.47014823704,126788.12536054829
48447,2022,5,1,48275,299942.25782102434,103899.75087352352
35043,2021,5,1,35028,283502.2142260982,455321.88959719375
46031,2023,7,1,38029,157286.40616136356,122314.41267315188
13257,2023,1,1,13011,210591.95768643252,308707.0505255217
18095,2022,3,2,"18065,18159",151920.38624172364,171235.5181824151
35045,2020,6,1,35031,193024.03441925335,179971.4375726562
56043,2023,4,1,56017,223957.45672133123,206789.2477835489
13031,2024,5,1,13029,270175.62846706004,396329.0065310784
23019,2025,6,2,"23009,23027",269676.2468401051,364920.0733063085
44009,2022,8,1,44005,561146.3086998757,656575.6255340453
37053,2023,7,1,37177,509036.4427550288,168633.01518823873
13135,2024,2,2,"13117,13013",419550.5533582604,481408.32677450706
19007,2021,3,1,29197,124641.33810598707,133402.96215486218
40045,2023,8,2,"40043,40129",110923.32271888008,153715.03838701663
12081,2021,4,1,12027,321922.8581538397,188301.36372037895
27065,2021,9,1,27025,218163.27546245535,338706.89773522306
51710,2021,3,1,51131,243510.61830569035,211745.0411747519
19181,2025,5,1,19117,311929.465801306,173178.869188405
49023,2022,7,1,49039,429459.0415059374,356911.8336340397
19067,2022,5,1,19023,138421.46090820702,162814.9920372746
35055,2021,5,1,08021,431342.9812050333,182066.35231061713
05147,2022,1,2,"05123,05037",98775.03219450115,112427.17729955316
08083,2023,3,3,"08111,35045,49037",384634.6692209451,353148.8767941303
51177,2024,4,1,51630,437317.94496009685,448281.28609147016
22097,2020,1,1,22077,156201.27895787734,171208.7041677308
28011,2021,5,1,28027,157388.2025785018,71061.90791502285
17117,2021,5,1,17083,124887.93852113084,165918.19418870888
28091,2021,2,1,28147,121687.00088215696,143484.90513240767
17119,2020,3,1,17083,131443.98764882723,150953.21538374873
22045,2021,3,2,"22007,22047",159257.96019946737,154623.28888900738
21135,2025,4,2,"21205,21069",125995.92623804948,180115.12621731564
37111,2020,5,3,"37199,37011,37121",183115.3842786076,192759.99809663548
18083,2024,4,1,17033,142445.11972033474,126408.21034391456
55083,2020,5,1,55078,169443.26151847796,183399.73615867752
13145,2024,4,1,01017,344790.4192495592,138029.26635582352
21231,2020,3,1,21207,97483.63474970662,91202.99273165692
29163,2024,4,2,"29173,17013",184480.25780145585,211215.53288518853
01061,2022,5,1,01039,159928.81307780254,151236.5047708864
04015,2023,7,1,49025,345737.7519011849,413237.2346475599
50025,2022,12,1,50003,356799.6060447691,361175.00516517926
40121,2023,9,1,40005,135631.23806322188,188827.96153903787
48131,2025,5,1,48047,90625.4838721628,87632.90826733988
30089,2023,5,3,"30061,16079,16017",405107.4748868652,411153.6937293946
48291,2024,2,2,"48339,48407",239265.98430822705,286284.5712207181
38017,2023,7,1,38003,303902.36103580747,176520.9183733064
47135,2023,3,1,47039,168514.79041684198,163765.61732981305
39153,2024,5,3,"39169,39103,39151",207324.98398362496,248533.20853928532
19087,2023,5,1,19115,173643.9361838212,146464.1065465059
45005,2021,5,1,45011,71843.42340435786,156743.66559287926
21137,2025,5,2,"21199,21203",181689.26127674113,172236.40473093942
22029,2024,6,1,22107,124712.9670767544,230360.27295496175
51153,2021,6,1,51685,483148.95134298113,376022.0627138543
22077,2022,5,3,"22125,22121,22047",186424.1432699036,235776.32298759616
40089,2022,7,1,05081,226784.23615465817,135851.22601940844
48177,2020,5,1,48285,244822.03601468517,225444.7835001156
30039,2021,7,1,30023,339871.13292761636,185014.32990865177
51163,2025,5,2,"51530,51678",316523.5592937202,253020.20406725298
16039,2021,8,3,"16015,16025,16047",307031.347830389,368398.67775199615
06077,2023,3,1,06013,531222.6037017398,803642.7740643774
51105,2025,2,3,"21095,21013,47067",103820.15836906328,118928.05936085938
19087,2021,12,1,19183,161588.13958391294,183274.59943023635
18081,2022,6,1,18109,297281.0270597706,267895.42119768256
51013,2022,7,1,51610,791618.539479934,1004655.1742899042
26123,2023,7,1,26105,215807.68301778735,247495.63977979776
49035,2020,6,1,49029,391283.3310757253,487545.26480184606
29217,2022,3,1,29185,125667.33852488003,180563.0415573108
22077,2025,6,1,22029,181345.60684652676,109096.69735329688
13081,2024,4,2,"13315,13261",137455.2164587788,134292.97868805594
19023,2020,5,1,19067,126827.59696770809,115072.17891348856
08013,2021,6,1,08047,663299.679097972,487545.52515061566
29223,2022,2,1,29093,132807.62526917295,131823.5562157431
22123,2025,6,1,05017,123671.33787358618,101298.00353567768
29021,2023,8,1,29003,161495.93680305834,250167.49395200808
18049,2025,6,2,"18131,18103",193007.55652238755,161417.1228968767
06077,2021,10,1,06013,518951.5641903681,813921.4334756774
31107,2023,6,5,"46135,46023,31015,31139,31003",184575.29024871,220982.17016491093
19169,2023,5,1,19079,257973.11473713964,141472.3481622089
21127,2023,3,1,21063,147726.0394026876,148449.96337128596
29165,2023,4,1,20209,357873.64865790005,179865.7925639029
47163,2023,7,1,51520,237067.99875796563,164890.26460871208
26105,2020,8,1,26101,174907.0756869649,164143.02383150655
13099,2024,2,1,13061,125746.1846824234,166590.90491236767
40141,2021,4,1,40033,51939.91300457487,87251.03988396109
36059,2022,8,1,36005,710764.3699990475,512105.8898891688
21209,2021,7,1,21097,255044.98198301127,164094.76445585463
35023,2023,8,1,35029,,146950.74180587777
19113,2024,7,1,19031,221546.8846833449,228014.50661408072
27007,2021,6,2,"27135,27029",198476.4869709676,178272.9705538576
47039,2024,4,2,"47135,47071",171824.9742075747,181497.7970801136
47049,2021,3,1,47137,165502.88235937824,175809.04142611916
13157,2025,2,1,13219,405088.00378507,549002.2392785583
37043,2024,5,1,13281,334972.68215561454,390407.3845603244
06017,2024,2,1,06005,654127.9563046227,428215.3314896296
21209,2024,8,2,"21017,21097",321347.04654801957,228640.12994592512
48387,2021,4,1,48119,174920.93109965962,150220.9887454011
13033,2023,1,2,"13107,13163",167755.85988343763,120377.77163859231
38031,2023,7,1,38027,164195.0843834849,126399.15023732051
12067,2021,8,1,12041,196786.54876605092,226464.5757352719
26051,2024,8,1,26143,164138.108318302,179603.27261791797
39089,2021,6,1,39083,252710.3823687795,207582.0622469833
22089,2025,6,1,22095,261503.00755700315,200839.09300853973
12083,2024,7,1,12017,285835.58427778445,285665.15723453456
55029,2020,4,2,"26019,26089",259754.8024735063,317493.57301540667
18089,2024,5,1,18111,239632.66899141137,205554.1298329516
06051,2023,5,1,32019,728669.1982593368,384927.468301985
28139,2021,3,1,28009,130162.21867463551,148524.73849616005
40131,2021,5,1,40035,217521.97154366723,143221.0744797425
18153,2024,3,1,17033,136867.36049893708,124806.80770312628
38071,2023,5,3,"38095,38019,38063",200751.9651047353,155324.8039113
48227,2022,5,2,"48115,48431",167539.27530608242,187926.94803749793
26123,2020,6,1,26133,159721.247032322,121415.08251057735
21043,2025,4,2,"21205,21063",170822.2852544868,180632.2968105862
29143,2023,7,3,"47095,29069,29155",95668.69560538088,101097.39356728205
24025,2025,5,1,24029,412992.0116610732,375374.3813225599
48099,2023,3,1,48193,228779.83432620275,249581.36519787964
19025,2021,5,1,19021,114319.86880047596,145465.24894621366
22123,2022,5,2,"22083,22067",132729.83292123114,143107.8460915382
47017,2021,7,2,"47183,47039",144654.43047939416,140978.22647010328
13139,2024,7,1,13013,397080.3853573947,344320.79523294047
28095,2022,2,1,28057,152230.58180575195,153506.09431702146
04013,2021,10,2,"04012,04027",435952.335898608,225321.23025483443
47163,2020,6,1,51520,170127.54084681164,107382.31593638836
22063,2022,7,1,22091,240076.97125003673,206678.1361601029
47031,2023,8,1,47061,286731.8695159481,188898.5907596239
46023,2020,5,1,31107,167345.93351710017,139197.00756271108
55075,2025,5,1,55041,190137.09449735936,190423.35341840168
20025,2024,8,1,20097,90846.9413175702,159737.48828393826
53061,2021,11,3,"53029,53035,53033",653341.6695591029,641443.2959856758
17073,2021,8,1,17175,130631.82537369542,127439.69674237027
05101,2025,6,1,05129,238799.71806034227,165056.68324558088
40047,2021,7,2,"40103,40003",116348.96368569168,117091.6498285563
31031,2024,8,1,31171,202495.9869629763,193272.91150533644
18119,2021,7,1,18055,181308.8344430912,141001.20105940435
01013,2022,1,1,01039,125910.27819010352,151113.88010559275
25005,2020,10,2,"25007,44001",366727.40035992133,677402.1699358808
29069,2022,9,1,05021,103588.67894938168,109829.1333340786
53043,2024,6,1,53025,308465.3304556669,352357.2842343417
08079,2020,6,3,"08109,08105,08053",280932.5222595095,234586.26335292388
23011,2024,4,1,23023,302276.80948635883,413807.8370894762
22073,2023,12,1,22049,172321.1699744541,120001.80016636224
13045,2021,12,1,13149,239382.65149713904,210772.47354957295
05103,2024,12,2,"05039,05019",104236.85962622298,140180.9201222193
12097,2020,6,1,12055,254014.47591549807,145142.76895496424
29061,2020,8,1,29117,157197.3359688434,122373.9697168938
40151,2020,7,1,20033,95912.18672671932,70488.67822979645
06097,2020,8,3,"06033,06095,06045",667749.0295409337,417702.9364123961
22089,2022,5,1,22057,278309.97784791235,220725.39647537644
48229,2024,8,2,"48109,48377",,180674.27007146247
13069,2023,7,1,13271,184703.55501090095,118459.73463500231
13243,2025,5,4,"13037,13307,13061,13259",94959.43109708796,130350.39520549143
13257,2023,5,1,13011,215038.5007093956,313783.3536791594
27137,2020,7,1,27071,163846.42859439872,112138.5606114314
06073,2021,7,1,06025,765934.6528150728,283465.1676407689
12097,2023,7,1,12055,385004.8999725909,231318.63653159144
13153,2024,6,2,"13225,13193",240016.13892477425,170061.05179738952
48451,2020,5,1,48095,174972.83203505454,169269.21057226165
41005,2020,6,1,41027,461809.4999848643,492960.49311242456
17047,2023,3,1,17159,115647.79407052482,123916.77178615502
19007,2021,7,1,29197,116424.04383493378,142976.0598322758
04025,2022,6,1,04012,516807.02980886586,249786.99719731495
40113,2021,6,1,40103,175981.41113406056,118609.42494897312
36013,2023,4,1,42049,145167.00168229218,177791.88911164572
13285,2021,8,1,13149,168827.21042907063,205812.2525334498
29095,2020,8,1,29177,166096.02762842455,165304.75104451377
21047,2024,3,1,21033,188007.6696715143,148085.48894720722
22009,2021,9,2,"22125,22097",145980.9746371522,218275.02904856636
47025,2025,2,4,"21013,47173,21235,47067",217023.05445288663,179323.84430191014
29175,2020,5,1,29041,111451.84431347506,238553.2273248351
54085,2025,5,1,54073,121386.44021504332,163001.62803837485
30031,2021,7,3,"30043,56029,30059",617583.4836821709,316095.7988615487
51177,2024,8,1,51630,444589.6125727673,457861.8056368443
05135,2024,8,1,05065,158843.38391388624,171779.99640729965
24003,2025,5,2,"24029,24035",503198.6055487669,445493.86003132106
31059,2020,6,2,"31151,31095",108649.44010185328,111661.77004597714
18155,2024,5,1,18115,215653.51846090777,257110.85837278748
01095,2021,10,1,01043,202990.85066640345,217056.8894587905
47115,2023,5,2,"47061,13083",236589.0633401662,204712.30855499353
17119,2020,7,1,17083,132041.03230355534,143490.09811046594
48005,2021,10,3,"48457,48241,48373",181323.8689085195,183100.1058916472
29186,2025,5,1,29157,240912.82733891104,213032.5197976114
06029,2024,7,4,"06031,06079,06111,06037",357693.6139377132,752741.5992861696
55083,2020,9,1,55078,172065.54824370626,193312.4617206078
18147,2021,8,1,21091,180079.9292449653,152924.65514204022
51191,2021,6,1,51520,180941.25990713816,126601.44774679042
28071,2021,9,2,"28013,28137",275311.89368624834,159939.72771453025
26009,2022,5,3,"26039,26079,26029",317090.33390189003,239717.98649353578
29199,2020,4,1,29103,93259.1311890895,115077.88927115452
19115,2024,7,1,19087,155236.07598829936,179848.54490960357
47049,2024,8,1,47137,240659.71858193816,222910.3151673624
12115,2020,6,1,12027,285838.53310315806,162787.57671882937
48079,2023,10,2,"48501,48017",78772.3869780025,172092.59510863374
34025,2022,6,1,34021,634262.0006484153,363458.2818381977
06023,2023,3,1,06015,480342.2541662604,349731.44571225235
48389,2023,7,1,48243,211211.175060795,250787.960090711
42085,2023,3,3,"42039,39155,39099",161326.93331888306,139840.99758067544
19149,2021,10,4,"19167,19193,19141,19035",225497.02789706897,168570.2694235201
13167,2025,6,4,"13283,13319,13163,13175",132933.82958483478,143494.25908288237
48105,2022,5,1,48435,241763.27197313347,172435.3500224855
48173,2022,5,1,48431,387884.8794138373,256914.78117973075
49003,2020,5,1,49005,295236.9815659012,299224.10020720813
27073,2023,4,3,"27151,27011,27173",181727.88744285947,161894.9643217454
39043,2024,4,1,39123,211369.08795015825,257261.9081666167
18027,2024,7,1,18125,214269.35539249927,158316.237451616
40067,2021,7,1,40033,74060.42927508616,85439.01219946537
21097,2020,8,1,21201,144135.07643571915,111212.0237587394
20007,2020,7,1,20033,65172.496420193405,70488.67822979645
46107,2023,6,1,46045,211584.3945733097,221475.5009235
16085,2020,5,2,"16045,16059",372982.00443064654,250394.4656529003
55133,2023,8,2,"55131,55089",434442.4397169945,404370.3446119637
27011,2025,5,1,27155,173806.5095821972,132972.31425792785
12055,2022,3,2,"12043,12027",205031.65141224768,228859.2910755392
48411,2024,4,2,"48281,48333",238028.78484110173,321347.01997693663
16003,2022,8,2,"16045,16087",541338.5272157543,434018.0305967481
41057,2022,1,1,41071,488289.6734715407,480156.4416808602
13081,2024,8,1,13315,140299.11789264562,139171.57672287725
37139,2025,5,1,37143,262088.55205747497,263133.17612168967
17059,2021,3,2,"17165,17069",95254.95255474786,98248.58826265624
38055,2021,6,1,38083,174377.18634102726,216117.24001975427
20007,2023,8,1,40003,81348.98025864287,112118.19291933364
05103,2023,4,1,05039,106498.27649053471,123822.24097999536
17151,2022,7,1,17069,169182.90295865745,114086.42595970516
41017,2020,6,2,"41037,41025",456104.2656048876,124551.21925112142
18083,2021,7,1,18055,115221.3967649528,141001.20105940435
56029,2023,4,2,"56039,56017",396614.9160392591,1100425.717398427
17109,2022,6,1,17071,89430.62682720086,121537.66151568809
06045,2023,2,1,06097,549360.3721526762,785266.6122351353
29165,2023,8,1,20209,364203.9186754709,187025.86544822785
13175,2020,4,1,13283,136427.59675816275,107489.43016745133
30111,2024,8,1,30037,380809.80867787165,222755.50865691516
20097,2020,6,1,20033,133118.04633595663,70525.4477191561
20143,2025,4,1,20123,167280.37564138367,139256.5766411066
29161,2021,3,1,29073,164442.2892411054,164029.42124596596
28047,2023,8,1,28131,216793.8524375776,182610.98515990353
26103,2024,10,1,26083,220890.8049051544,183870.83233164495
17121,2023,3,1,17051,106372.5301856816,142769.52666862882
05147,2024,3,2,"05123,05037",93993.9484778238,114302.14264823642
48069,2020,5,1,48369,152784.52245308235,123912.54526545104
48289,2025,5,1,48225,305491.2031804104,214639.33244058775
40115,2021,7,1,40035,110889.77377764531,145343.1336632536
29167,2022,4,1,29185,232581.15288208704,184534.53511415256
12057,2024,3,1,12049,400902.7314794762,226866.69035476717
13167,2022,5,1,13319,116206.71724039932,133168.11439087964
26069,2022,4,2,"26001,26135",147395.99880531928,143018.5148453022
17159,2024,3,1,17033,120238.58967201626,124806.80770312628
40089,2024,4,1,40023,215430.28460050796,134394.07768883562
01039,2025,5,2,"01035,01013",152829.47066441548,127363.32318337426
47097,2023,8,3,"47033,47075,47045",134431.14011890572,164453.61774162293
21207,2021,1,1,21001,102110.62093923368,126633.20822044018
27105,2021,4,5,"27063,27133,27033,19143,27101",172927.60317121132,150385.70325225857
06073,2023,3,1,06025,847887.3125410369,312258.9582008343
13129,2021,3,1,13227,183880.95840647747,280018.25696915045
20013,2021,12,1,31147,108819.3801981145,98615.430774146
40107,2022,6,1,40133,125530.34525067724,107564.33840956078
30001,2021,8,1,30023,312576.81313564075,190554.61437278925
28057,2024,6,1,28117,139925.8600318042,142862.76889462807
08101,2023,8,1,08043,293168.2655422978,328679.66568859835
19057,2024,8,1,19087,140150.36645612775,179433.79310862292
28133,2021,5,2,"28135,28027",127279.3429710996,106938.6938761166
13307,2021,5,2,"13197,13259",134682.7506913981,126193.95362974677
16019,2023,8,1,56039,382547.3780765072,2084901.049880923
13297,2022,5,3,"13219,13013,13247",358165.8832095769,374231.3528076162
13241,2023,1,1,13281,359560.7620773853,365434.8719960053
40037,2024,5,1,40119,199707.02305280996,224152.32330527017
13261,2021,3,1,13197,102911.08669252715,158835.7680720517
20201,2020,6,2,"31067,31095",111833.48550570656,109134.80155085068
47131,2022,2,1,47053,138057.8046117079,160582.14336038652
31071,2023,10,2,"31183,31089",188490.64598459203,204248.1136676252
16077,2024,8,1,16071,276833.4551973725,325648.06000303506
47031,2023,12,1,47177,288308.5365023338,248471.62536978457
22037,2021,2,3,"22125,22121,28005",211591.65727896997,211839.0066315121
45003,2021,3,1,45011,192098.35836587555,151736.9025523651
18007,2023,8,1,18181,168857.8148417682,192676.3927702981
13197,2024,8,3,"13053,13307,13249",193209.87757928073,170087.35814639262
22103,2022,4,1,28045,291814.44718245947,231025.28252227267
08089,2023,5,1,08011,165156.65666756398,141449.78875153942
01041,2022,7,1,01013,132410.9377124414,124521.13967419404
13137,2020,8,1,13281,189496.31880501844,251819.21453109852
17187,2022,5,1,17071,96851.87876619208,121788.13114036452
06001,2023,3,4,"06081,06075,06085,06013",1068114.5611795243,1263749.9724778077
20013,2023,5,1,31147,122147.62002600529,115677.02606930152
16049,2020,7,3,"16035,16061,16059",209711.59797732352,188809.77938129645
13105,2024,5,2,"13195,13317",166342.2666500792,231253.65108092478
04001,2024,7,5,"35006,04009,35003,35031,04011",318203.1645389809,214759.97733483775
28081,2023,9,1,28117,181874.39146349012,141884.04013592406
27093,2021,4,1,27067,216073.8750019764,208607.28927432917
18023,2022,3,2,"18157,18159",173813.8411479198,216703.63349198503
48325,2021,4,2,"48507,48163",289825.22803704947,140012.69161696697
27155,2023,7,1,27011,131979.2662426393,172942.7923641852
31039,2023,10,1,31173,222061.8758510308,137563.2394084859
54081,2023,7,1,54109,141609.06937120322,73084.54652092762
48201,2025,5,1,48071,286323.2312705727,343934.59212345484
08027,2024,5,1,08109,398395.04642999166,222014.88031137537
47031,2022,4,1,47051,269041.10263566516,281913.71992624854
37013,2025,4,1,37187,230666.71289832087,110107.35637286234
40127,2024,5,2,"40005,40023",144952.880959659,167441.50076332758
51199,2025,6,1,51830,453754.5490931706,403037.0490502336
40113,2021,10,1,40147,180806.74666523817,143601.09218137196
13139,2021,10,2,"13013,13157",315547.3836833337,298797.7326725918
13311,2022,8,3,"13291,13281,13137",291898.1857920049,336738.9296557936
51199,2020,12,1,51735,347099.8392211187,355463.44871279947
27001,2025,4,1,27065,258323.99440413373,250737.0670249645
35049,2022,7,1,35028,542527.8466953099,503867.686007733
48143,2023,3,1,48193,320109.1952970614,249581.36519787964
46087,2024,7,1,46097,261429.82891161137,190413.84072959225
50023,2021,5,1,50015,308177.7043837582,415879.38079734094
46123,2023,8,1,31103,183714.05359018416,252304.63229506745
20029,2024,6,1,20123,102262.192476428,129369.10639236469
05097,2025,6,3,"05113,05109,05019",201010.18608499216,172933.80990361443
49005,2022,7,1,49033,468270.33615442185,550522.0842441809
20191,2024,6,1,40053,140263.27544755596,115119.80692447968
37041,2025,5,2,"37187,37143",226821.98598773475,186185.08740326212
42073,2021,5,1,39099,127393.04748261569,115426.61056566588
26075,2020,8,1,26065,158735.04999645622,149223.30688786568
08049,2021,5,3,"08107,08019,08047",620154.9392743382,574682.8395251579
01085,2022,6,2,"01013,01131",147480.3782213175,135810.99852092328
49015,2021,7,1,49039,,289861.665034928
29065,2020,11,1,29179,119490.12906154136,132527.73486167451
51001,2021,4,1,51131,197319.55294378637,217249.29728711
06015,2024,1,2,"41015,41033",362475.6100916968,422343.9471461198
18087,2023,6,2,"26149,26023",290243.33301269595,188880.4764254341
27151,2024,8,3,"27073,27149,27121",171733.10162606734,225952.49597512477
08081,2023,4,2,"08103,49047",270173.15070757124,297772.19399750605
27005,2021,7,2,"27029,27159",275893.1513714742,175485.64405931107
39119,2021,6,1,39115,158501.16047239184,131605.52686912543
08085,2021,8,2,"08029,08091",363707.0726268632,481265.625122783
06029,2024,11,4,"06031,06079,06111,06037",361379.106872232,759832.8518365853
22111,2021,4,1,22027,141326.45790773703,196783.438898804
31185,2023,4,1,31159,198617.27428687876,266412.0466352236
13069,2025,4,1,13271,188813.1007060256,108756.13589129118
04001,2021,6,1,04011,252182.94782212368,212937.77530327495
38105,2023,5,1,30091,304138.80968734535,172806.65424125956
16073,2024,7,1,16083,420697.3502505027,357771.65262241283
06031,2023,2,2,"06079,06053",326700.35803139413,813194.9056236165
28009,2022,5,1,28139,157609.47404751755,142959.90850608973
39139,2021,5,2,"39077,39083",134456.22756784654,176592.3786298284
01077,2022,5,1,28141,201538.07306596095,174118.09626295845
41023,2022,7,2,"41013,41049",268356.29594724457,383443.41332967137
29093,2023,4,2,"29123,29221",140618.68218897554,159546.98682764417
47047,2021,3,1,28009,294246.3243127924,148524.73849616005
19151,2021,8,2,"19021,19041",97073.5271501249,149084.272643143
16023,2022,5,1,16037,,352031.95100887073
13267,2023,6,2,"13107,13279",168379.12954063038,131873.42002078387
17157,2024,4,2,"29157,17145",140319.3367741239,157260.4472542507
55095,2023,8,1,55005,302054.60742919176,248558.61306938468
26033,2020,10,2,"26095,26097",151581.49234852378,128289.42310769035
42085,2023,7,1,42039,163829.4839280188,151413.79695950277
31089,2025,4,1,31183,174488.64827015984,256193.71968966775
48043,2022,6,1,48377,264117.1848371847,248242.3252509944
20059,2024,6,1,20107,226658.4809581966,151447.89762949865
20117,2020,6,2,"31067,31133",105200.49900991857,126321.780147531
20105,2025,6,2,"20141,20123",116463.72438239318,114617.18537323533
48395,2025,6,1,48051,261000.5825062825,267796.24567099084
13201,2024,5,1,13087,147847.51079883098,179273.1118768344
05115,2021,5,1,05101,168026.69021648928,173287.53097240604
21053,2022,8,1,47027,148549.2337738302,184387.44231653796
56037,2022,7,3,"56007,56041,56023",252119.2272564061,306071.784398884
25009,2024,7,1,25025,688580.4871398311,750680.1141752793
06047,2023,1,2,"06069,06085",405144.2552029213,1139729.0456041142
47109,2020,1,1,47069,114296.75624909531,100452.13801719015
17021,2023,5,1,17173,103774.03226765974,141387.81145001974
21015,2025,2,1,21081,335612.3083920846,276069.6255127876
31031,2023,4,2,"31091,31103",195181.212604344,185448.45331336858
54041,2020,8,1,54021,103313.52399000588,79672.03152282267
27095,2025,6,1,27065,300044.8403984581,251892.82339071637
13181,2023,7,1,13317,222647.24455876465,153642.07012745363
40117,2023,6,1,40103,151892.58232231278,139464.13096824856
48029,2021,8,1,48013,239849.20661845387,238520.08768344368
42105,2025,6,1,42023,151848.15509767752,91500.0078864398
32007,2021,6,1,32013,306488.7938382276,270054.9575237339
06029,2021,10,1,06079,299036.2807217774,751989.0073506254
13037,2024,1,1,13061,106165.3128906993,168673.84222438038
29019,2022,6,2,"29135,29051",289706.1821333185,213816.18537312787
13195,2025,4,1,13221,309657.41632097866,304049.6729910961
18107,2025,4,1,18023,212621.9438525245,212410.4305185832
13175,2020,8,2,"13283,13309",138805.7273471721,104156.06102784487
26109,2023,8,2,"55075,55029",159644.48657564563,278061.71113365155
16073,2021,6,1,32013,391531.94700234086,270054.9575237339
08059,2022,8,3,"08093,08019,08047",662360.3043515561,561456.6908505118
27061,2020,6,1,27071,168166.69389788242,111961.95949721664
21177,2024,6,2,"21219,21183",125756.20535625324,173660.6854426617
29161,2021,7,1,29073,175222.27553471204,176832.71962217553
48377,2020,5,1,48243,168397.04008701607,208893.51993392743
32007,2024,7,2,"16083,32015",353011.39103585476,303274.51704494446
31119,2023,8,2,"31139,31003",222583.67005044155,212253.22193448167
12115,2022,3,1,12027,428818.44460417907,240880.28380850187
16001,2020,4,1,16045,353946.2583015258,288860.2195038028
47159,2024,4,1,47169,300486.1331936328,339030.0725438673
21101,2024,6,3,"21225,18173,21233",194854.49631587075,175668.8589581639
12091,2022,5,1,01039,361158.3933704288,151236.5047708864
31139,2022,10,2,"31167,31179",215586.42490879496,215595.68942612928
51003,2020,12,1,51540,410487.9367222965,386676.22662489087
53015,2020,9,1,53011,310129.74322377174,403095.2829695115
12057,2024,7,1,12049,400270.90757810185,232395.82222568485
39137,2025,6,2,"39063,39173",235271.9825978348,232524.9888974554
49013,2022,7,1,49047,297320.04040608864,285452.4782655147
29129,2023,8,1,29211,134164.41905627618,108386.84034134886
20105,2022,5,1,20123,107753.04415062565,119571.31417925544
39167,2024,6,1,54073,168731.32604039807,156168.3416850172
06065,2020,12,1,04012,441111.27471126383,185993.47393059972
37035,2022,8,1,37003,261720.3992179374,220679.06244414923
04003,2024,9,2,"04009,04011",257317.83189579987,249942.52883169142
48103,2021,5,1,48461,193066.8881185017,138954.6458710021
26057,2025,5,2,"26073,26117",165499.90385255413,212324.54663190385
38079,2023,6,1,38095,,147467.8910806597
05137,2020,9,1,05065,149222.43654487326,124590.25705708584
16067,2023,5,2,"16063,16053",300216.0585546806,325444.36005760095
08045,2022,10,1,49047,601465.4911640426,290224.245111866
08013,2023,7,1,08047,742194.3248470365,543679.4659523737
42081,2023,7,1,42093,208296.5122842123,253497.52949051737
23005,2020,7,1,23023,349696.2035788154,260831.5273210222
27129,2021,9,6,"27067,27173,27085,27023,27127,27093",151606.69291055566,191250.93615328908
27127,2023,10,1,27173,156463.3422692249,150121.6926927929
06089,2024,1,3,"06105,06063,06049",369897.92846392695,274945.9905299482
20201,2025,4,1,31169,161187.81787136107,148689.39883305135
30031,2023,7,1,56039,668121.4109560889,2047717.640094065
48339,2021,12,2,"48185,48471",314285.44554163615,285738.3738237511
18107,2022,3,1,18157,182603.76079551456,243316.2590593727
21031,2025,5,1,21177,202554.09892224765,141835.59943977767
12075,2024,5,2,"12041,12017",296108.37620214786,289168.51889868104
51153,2023,12,2,"51685,51683",547789.225620054,444554.1104233805
30065,2024,6,1,30037,244034.91524990893,219884.14220130217
22033,2021,12,3,"22037,22121,22047",214421.02391155265,196263.19324066513
45003,2021,7,1,45011,200687.81311458207,161049.84910247856
46057,2022,3,1,46077,275072.9739024137,205235.7516171233
19109,2024,6,2,"19151,27091",159109.79226049248,150949.04897441494
51003,2022,5,1,51540,482417.5478660936,453076.7253517656
39099,2024,4,1,39151,149170.11271925713,189746.38191151177
06075,2021,3,1,06013,1367309.454870681,741043.460328814
48089,2023,4,1,48481,282260.4993337987,243591.5128235214
06099,2024,1,3,"06047,06109,06009",457116.2919772877,420335.9963549333
48137,2020,3,1,48435,,143468.60911194308
53011,2022,11,3,"53059,41051,41009",534052.6025205037,497509.21589253395
51163,2024,5,2,"51530,51678",309093.89475105685,240286.34555845015
55085,2025,5,1,55041,297579.6115778207,190423.35341840168
17125,2020,7,3,"17017,17129,17169",78928.73900802233,114446.72162383313
17113,2023,7,1,17147,220226.31508070996,192925.40682982389
20099,2025,5,1,20133,94589.3271553156,103946.12498064309
51141,2024,4,1,51063,194303.1942216655,249548.4421993092
08013,2020,6,1,08047,573961.0811847411,400519.1314275093
55117,2025,6,1,26105,299030.9902869628,248408.2198999561
13309,2020,4,1,13283,93855.71572392588,107489.43016745133
29017,2024,3,1,29157,181181.12094400436,201051.46039689632
48325,2024,9,2,"48507,48163",324392.16098788584,131771.0763017196
30063,2024,7,2,"16035,30039",555383.4705967781,359866.9668973436
22041,2023,12,2,"22065,22107",119101.01383012194,169766.6577268041
47075,2020,5,1,47069,119175.37883446916,103258.49236269546
51153,2025,5,1,51685,582418.919944298,455402.6641076063
51650,2022,5,2,"51740,51735",237486.37187996323,316348.21075259545
26031,2024,7,5,"26047,26097,26141,26119,26029",240564.9940949441,267485.3414634516
46059,2022,7,2,"46073,46005",258503.93826153435,222706.71201561228
48021,2022,3,1,48149,392455.8034880637,435861.3399940151
47147,2024,4,2,"21219,21213",372988.3285321588,226975.6010830045
08089,2020,8,1,08025,116210.5170333854,128486.03662281258
31159,2025,4,3,"31059,31185,31143",286195.2928367094,196552.94423371283
39167,2021,3,1,39115,149952.24608208876,127048.7514578365
01085,2022,10,2,"01013,01131",148007.42136830257,132172.56225567427
41059,2022,6,2,"53005,41049",295851.10385928274,360850.17281677655
47179,2021,8,1,47171,233040.43041506852,183076.85517784752
45091,2024,12,1,45023,394721.6911598984,216147.5985497767
40127,2023,1,1,40005,141802.61253883792,181072.5688091987
55071,2022,8,1,26105,195160.92864194632,245871.72179735583
27017,2021,4,1,27115,214126.83065884255,186693.14393741652
30087,2022,8,1,30103,219064.37366685996,222008.6711013723
26085,2023,6,1,26105,138187.50071960103,247404.71315913703
30107,2024,8,1,30037,174865.41983280113,222755.50865691516
04001,2021,10,1,04011,274409.29044111486,217062.23312109572
12015,2023,9,3,"12055,12043,12027",376008.17447170295,251861.16361088282
42073,2024,10,1,39099,153106.41689598348,155777.59532263948
21181,2024,2,1,21201,175520.1075989471,170784.0997130466
22051,2022,6,2,"22057,22095",299757.5825435379,220493.01872754982
42079,2022,8,1,42025,185583.93007517277,235486.278653119
42037,2023,7,1,42093,231623.9692290093,253497.52949051737
48351,2022,3,1,48241,151130.2760361703,213497.1962475088
19173,2020,6,2,"19137,19145",87658.49321858054,103587.47507566072
48201,2022,8,1,48071,293042.8334995483,341686.2497931064
29049,2025,6,2,"29025,29063",272171.13560542377,226555.57518204735
19151,2021,12,2,"19021,19041",94345.5628363756,153930.33554006566
46051,2024,6,1,27073,202479.9605018895,183936.39305116705
31175,2020,5,1,31077,125038.22780463765,160317.90439784268
17157,2024,8,2,"29157,17145",135051.61165337046,157894.11202835798
31111,2021,9,1,31117,164273.0130741139,252612.4758194545
23001,2023,5,1,23023,286523.9377242664,382996.8681499967
16051,2021,9,1,16065,405879.8288844346,352809.8362042494
34003,2024,7,2,"36005,34031",703306.8977891556,503211.1474366018
21073,2020,8,1,21005,158944.2778504789,152994.10473789758
22005,2021,3,3,"22093,22007,22047",236327.1331871509,167134.58335214495
21049,2024,8,1,21017,239620.19799119525,253919.74394734364
40121,2021,4,1,40029,115988.12458787474,95632.83550967996
12015,2022,1,2,"12043,12027",330333.80299222394,214101.16380999185
29035,2021,1,1,29179,136575.04867150492,134177.5469577041
55061,2020,4,1,26019,189050.5315441844,238285.1656790461
18181,2020,7,1,18131,146268.69170531468,108930.09255105518
29223,2021,5,1,29179,123812.76441302046,142925.14066502068
48029,2021,12,1,48013,249439.93507147825,250024.16749431015
13001,2024,7,1,13279,163592.59097331107,162140.0491764728
33017,2023,8,1,33013,434733.0453372354,421942.62926473655
17051,2021,6,1,17027,118788.26718367376,167017.53655639527
35053,2020,9,2,"35006,35003",169383.06938039535,150115.5713586891
22111,2023,1,2,"05003,22067",147170.49763140152,103228.78287392252
19123,2025,6,1,19107,182228.41516474175,131465.88998533651
13105,2023,1,3,"13195,13317,13221",148195.7294984739,230119.63738872917
48243,2024,7,2,"48109,48377",243298.3957056528,180968.2574816403
27101,2023,10,1,27105,198031.68108874865,207079.44933053415
30107,2021,7,2,"30045,30059",138638.82728036316,227148.09283618093
13317,2025,4,2,"13301,13221",156904.21493903597,208943.83387353003
28145,2020,4,1,28009,149961.17762946224,133936.00915887076
19047,2023,4,3,"19165,19093,19133",153121.8275939141,152024.2973214914
31143,2023,7,1,31159,187962.94657723044,272170.5744087502
05147,2024,11,1,05067,89921.7714134538,99136.5596619615
48219,2023,9,2,"48501,48017",164108.7719397284,171073.05138147625
17095,2022,11,1,17175,92201.61214265044,123421.13591019534
18057,2021,6,1,18159,357140.2229614327,172379.37002716487
37133,2025,3,1,37141,280422.7075606202,439481.2920089603
31089,2022,7,1,31103,168008.40292874663,261707.34612513136
05055,2021,4,1,29069,155480.10673450108,100994.9664770591
22125,2025,5,1,22029,374607.1862031726,113930.6076630851
26011,2023,6,4,"26017,26129,26069,26063",139058.98780943258,158553.96327220096
17129,2024,3,1,17017,177371.39092902877,95672.21126935678
05013,2024,2,1,05011,126865.37308093804,121117.82406812072
16003,2024,9,1,16087,495475.3835241928,368954.70425877935
42115,2024,4,1,42131,214181.64252757604,213912.91331973465
39029,2023,7,1,39151,145466.61847492022,182448.5469281841
48427,2020,5,1,48247,140894.61315792118,114979.61227036228
28153,2024,5,1,28111,132339.31119176853,153886.98923765167
35051,2020,7,2,"35003,35017",128452.03146876348,174278.9786407578
17189,2024,4,1,17145,137724.00562627302,111816.87312833456
35017,2021,8,1,04011,190011.15696790977,219652.36467003523
21195,2020,2,1,21159,86585.13580449938,73040.12339546054
29055,2022,5,2,"29093,29073",201295.39836741076,172765.33391914662
17023,2020,4,1,17079,110661.39822959884,112852.75560399954
51185,2022,1,1,51167,115781.65421176118,121805.5810893366
18133,2021,12,1,18109,210900.51455625583,240389.72792771008
48469,2024,12,1,48057,218966.7589158468,209178.8833257335
22095,2022,2,2,"22093,22057",221214.7374413812,210468.79667694285
54095,2025,6,1,54073,116467.54825576492,162037.77063468416
54055,2023,7,2,"51021,54109",136225.92839284346,118382.82411220495
41051,2022,4,2,"53059,41027",541472.9943951587,604264.9718179086
01061,2021,9,1,01039,150318.27337807533,142791.232974065
47155,2021,5,1,37087,336801.20698770444,270483.0337657018
48271,2024,2,1,48323,127152.39583472758,210884.25000507577
48321,2023,10,1,48481,189604.55694425936,243314.60172739348
05081,2024,1,1,05133,149335.79585658488,153456.36311692398
17121,2025,4,1,17081,110270.66774766194,126006.2223311034
21007,2024,9,1,17003,133261.48620722402,67973.29477869572
32510,2023,9,2,"32019,32029",462287.5402734503,431147.5006810509
22053,2021,5,1,22003,164822.30744360457,128954.83840494078
05147,2021,10,2,"05123,05037",90393.33722026656,107558.89216419525
49017,2022,9,1,49001,235659.9074857882,277999.16764044965
29201,2024,3,1,17003,152417.6872647666,68300.87174367272
32033,2023,6,3,"49027,49045,49023",189235.8346319752,393604.46980419423
20163,2024,4,1,20141,108316.3366519281,80502.97869613994
01019,2023,8,1,13055,214157.78787152655,170726.7501468324
56013,2023,9,2,"56029,56017",303140.3544706553,313727.49309192906
22045,2025,6,1,22007,138526.14595583215,164718.0692211288
51175,2022,10,2,"51620,37091",243921.9827104346,161028.855614526
12131,2022,1,1,01039,662143.349117968,151113.88010559275
18015,2023,5,1,18181,194767.43915724911,187650.2046885772
35045,2024,7,1,35031,250715.1133901029,214297.85269419965
53057,2024,8,4,"53029,53055,53061,53007",562850.0566996136,697469.0537899426
18053,2025,5,1,18103,145077.7516140847,143981.5469816063
26113,2023,7,1,26143,208483.96602128833,167549.9834059544
37187,2023,6,1,37177,110392.35534358262,168712.30640109535
01033,2022,4,1,28141,172012.22208880287,174004.91273997934
26079,2020,11,3,"26165,26137,26039",162516.25485705957,145824.60778174578
45025,2021,4,2,"37007,37179",145626.24917546767,225348.6602855877
47059,2021,5,1,47171,177100.8266773943,173277.1041949675
41029,2024,8,3,"41035,41033,41019",428071.3358986157,341383.0065006718
04025,2021,9,1,04012,449710.8739849021,221207.79194462567
31179,2020,7,5,"31119,31027,31167,31039,31139",157655.02867612822,166638.68567317625
22105,2022,6,3,"22117,22095,22091",245043.11808789,194663.11267489695
29007,2025,4,1,29137,165769.29253169236,199638.2161696686
29065,2021,3,1,29179,126940.6160285129,137499.4426475894
48359,2023,5,1,35037,,113018.849002628
30057,2021,8,1,30043,619103.0266219919,386479.8931158369
53017,2021,8,3,"53025,53037,53007",422817.80983790616,412667.7449684941
13241,2020,8,3,"13281,37113,37043",236281.690304774,224582.55785799059
29219,2022,3,1,29073,287209.78886720544,198534.47724727573
48219,2020,6,1,48017,149390.52531603683,113558.63193382938
27053,2021,4,1,27019,342521.88588148676,411024.07816324855
40023,2023,6,1,40005,139280.37929158306,188690.462831664
28033,2021,3,1,05035,235044.84752816503,141164.80209197733
13169,2022,6,2,"13319,13159",218611.11292314905,208150.35658472544
21083,2024,3,1,21157,147663.22248744822,181900.21529474363
47147,2024,8,1,21219,374963.1931247213,214952.32312998804
37047,2025,4,1,37141,179013.31540429514,439610.15239154286
27067,2024,8,1,27121,261433.06935699668,302301.5062148324
29039,2022,4,1,29185,188733.18584983455,184534.53511415256
41045,2020,6,3,"41025,16087,16075",183346.18996510157,193865.9964046627
47183,2022,5,2,"47017,47053",151800.69057717596,165159.06011668025
08097,2023,6,3,"08015,08077,08045",2202835.7737528915,553053.1853140689
39123,2021,9,2,"39143,39043",224376.15246588096,158535.9881147045
26115,2025,6,1,39095,247259.9174516235,165364.107734713
53063,2022,6,1,16009,434594.0704700984,354208.34363989654
22021,2023,6,1,22025,137982.39032597924,118100.16960174318
51195,2025,2,3,"21095,21195,21133",133514.09973309698,94957.19622547418
53011,2024,8,2,"53059,41009",549983.9087329899,495830.75159538316
13287,2023,8,1,13315,139533.8083767808,131551.46657611727
18111,2022,5,1,17091,184369.12892162497,180322.6048970532
31125,2020,8,2,"31011,31077",121491.9638179809,181535.7745022424
18083,2025,6,1,17185,150598.20653568767,116811.48423188226
06067,2023,1,1,06013,529978.8665518906,817595.7716397602
13273,2021,4,1,13037,86562.86279044689,102095.47242944824
06039,2025,2,1,06109,419905.39451616374,405059.5361032929
48485,2021,7,1,40033,133886.21193006236,85439.01219946537
48469,2020,3,1,48285,167316.77681768677,223575.6645441737
05139,2023,1,3,"05003,22067,05011",126895.10227055078,107423.42603519703
06059,2020,12,1,06037,795519.4013665589,709470.0252574068
22117,2021,10,1,28091,140130.6192349625,136020.76029956978
46115,2021,8,1,46005,125669.61218750937,165077.0875310617
17149,2022,5,1,17013,88941.00311369407,182671.28605271663
25021,2024,8,1,25025,752237.4721360463,752138.4373147422
51700,2022,8,1,51740,249736.9020210863,230722.61723764695
13291,2020,2,1,13281,227019.87902385576,244059.6986199777
45041,2022,6,2,"45033,45089",178189.11298713033,129985.46174634295
21073,2025,6,2,"21239,21103",242493.2142362864,299426.376389532
17161,2022,6,1,19115,134985.70842316883,144247.74905636229
51059,2020,7,2,"51610,51600",596044.2832224636,708450.9552354836
17119,2021,3,2,"17083,17027",146955.59344645953,162857.4615445978
22005,2021,7,3,"22093,22007,22047",243414.96757661528,168326.36931620035
37181,2022,5,1,37185,172098.0298316322,226574.07632013355
04015,2021,6,1,04012,306048.7200853414,205986.7125716207
21083,2021,2,2,"21039,47183",114224.56738031708,104998.52492107314
23003,2020,4,1,23029,100622.69849170971,118564.63420386058
49033,2025,5,1,49043,552897.796261996,1286742.2766529482
48117,2020,7,1,48369,131088.4745656357,124868.34920932078
47027,2024,7,1,47137,197491.20064488173,221384.13366283823
55061,2020,8,2,"26019,26101",193243.76591512983,204831.3711846705
28131,2021,4,1,28045,160606.53343651412,196451.55859953992
27085,2021,5,1,27019,219519.99722207664,417701.9342957425
48057,2024,4,4,"48007,48321,48391,48239",205410.13196001248,222160.0161509121
48291,2022,1,1,48373,229282.34976964063,179216.4991948291
51051,2020,8,1,51195,72915.97745230481,89421.16209611118
47079,2025,5,1,21035,206349.1333829564,218046.01176155172
22033,2022,6,4,"22037,22121,22091,22047",227414.56134654616,206553.27778146707
22111,2023,5,1,05003,146193.8660298053,100087.75631181906
51165,2023,8,1,51660,334139.6843417841,297004.71715049265
18007,2024,6,2,"18111,18181",182502.07909538315,204245.51638293045
18175,2025,6,2,"18143,18025",211665.8541047545,177735.405536626
22029,2022,5,2,"22125,22025",127325.282833509,222180.20707799963
17001,2025,5,2,"29111,17009",166307.52728664363,161158.22219554204
19157,2025,6,1,19107,201417.35413454357,131465.88998533651
13261,2025,2,4,"13307,13197,13093,13193",130241.01372944278,150963.5570977606
13095,2025,6,1,13037,125684.7953050785,95325.85996896157
42037,2025,4,1,42093,228796.08123104484,264611.54964253394
29093,2025,5,1,29223,147847.22618744927,128803.979335089
13263,2024,12,2,"13053,13197",193033.8700176597,166071.5961048024
08027,2023,5,2,"08109,08043",381262.5060248443,280713.2769972639
19057,2025,4,2,"19115,19087",142072.48563469018,171977.73379748795
06017,2023,9,2,"06005,06003",655112.3696116704,475171.320344675
26153,2020,8,3,"26095,26097,26089",126001.58881736903,214739.877159114
26041,2020,7,1,26089,119492.70440722664,397518.522841394
31103,2021,8,1,31015,232994.7582441041,198694.3657972055
32031,2025,2,2,"32013,41037",569001.111349812,265011.769287344
23001,2020,8,1,23023,197085.58716057564,263612.9234492629
48343,2021,4,1,48459,149459.62321365482,188558.45461958623
48431,2021,10,1,48081,,162855.35833031198
13099,2022,1,1,13037,123446.122393944,113057.70858478767
47149,2024,7,1,47117,413452.7428249232,315370.6940653962
46039,2022,8,1,27081,292053.0187262514,173195.17939095854
46121,2024,5,1,31103,,273076.7362610777
35009,2020,6,2,"48369,48017",150727.4839673928,118850.93643918779
55029,2021,6,1,26089,303145.52054712665,480824.64129633433
28067,2024,8,1,28111,163009.81646915947,153690.27185436655
53073,2024,7,1,53055,597436.7859618432,891899.3073902122
08013,2022,6,1,08047,794624.6328584763,564363.3714513368
08077,2025,6,5,"08051,08085,49019,08029,08045",421891.44724559464,559602.4993168123
06051,2024,7,1,06109,732700.6295458702,400716.62280626345
40047,2022,7,3,"40093,40003,40053",125759.91714560625,133673.55359386562
48081,2024,4,1,48431,149023.96019003724,217633.0354774196
22041,2024,6,2,"22065,22107",113456.19463199776,157624.51717277762
32031,2023,9,4,"32019,41037,32029,06049",538874.4924340071,307547.6125628511
21179,2020,6,1,21005,169570.27891965184,148931.90271169943
17189,2024,8,1,17145,137586.08051598913,109801.48240226146
37017,2025,5,1,37141,157759.27442064468,439656.4734618741
26107,2020,4,1,26133,154723.80128091143,114539.00792024603
13059,2025,6,2,"13219,13221",324420.56780011364,424421.17488049564
21225,2023,1,1,17069,121802.38742181052,106477.81485320895
35023,2024,8,1,04011,131932.35081713143,216404.64314727735
28103,2022,5,1,01107,131417.77610341436,142136.62005325136
45015,2022,6,2,"45089,45043",349556.10147087503,243663.9813905803
21011,2021,8,1,21173,128744.13239347193,170728.4281824709
22103,2021,7,1,28045,267176.9200698791,204303.9822182235
51041,2023,7,1,51036,380258.01052666415,265421.77144692006
13095,2022,5,1,13037,113612.2286723856,108159.22744330391
48245,2022,12,1,48071,168762.4282050306,337490.8924625471
18001,2023,6,1,39161,203162.56844202077,148776.33588245045
55099,2024,7,1,55003,173287.14069246943,194392.7114769043
37043,2025,5,2,"13281,37113",343585.7877414736,373341.4643878576
13033,2024,1,3,"45011,13163,45005",168466.32158714108,121125.27235030942
06087,2020,1,1,06069,821841.2535088466,616325.747537048
10001,2023,7,1,34011,336037.1712816648,242133.00700999363
33009,2023,8,3,"50009,50005,33013",376719.9069038743,311676.4717521257
38061,2023,8,1,38013,197274.00812465805,169392.72285459997
26135,2024,7,3,"26001,26119,26143",137630.26366676157,173525.44887354493
26143,2022,10,2,"26135,26079",164818.62443414875,168955.8256229366
53051,2020,6,1,16021,245904.5151612913,284892.8907131013
36071,2024,7,1,34031,431323.8868242496,546709.0540610488
48323,2021,6,1,48507,181958.9577435997,84841.35274325173
49011,2022,7,1,49029,554145.040273949,724628.6404995857
16033,2020,6,1,16059,148815.2198223117,210207.62505635488
13279,2020,4,1,13283,110350.11910354008,107489.43016745133
48507,2022,5,1,48127,92844.04074275005,149356.30741964866
27099,2023,7,1,19195,170424.5981777065,160467.7527235107
41039,2020,12,2,"41035,41019",352280.2688292649,235425.2142255298
13189,2023,6,3,"13301,13163,13317",185272.81588407877,133018.30789609833
49019,2022,7,1,49047,623257.0054951356,285452.4782655147
48463,2020,4,1,48507,168508.55115002827,75553.02256865353
17139,2022,9,1,17147,138712.63697471697,189947.2207534276
19197,2020,5,1,19079,103970.30400428698,106647.92413306334
28031,2022,7,2,"28065,28073",167480.0910756098,170269.44489335522
37031,2021,5,1,37137,341783.10639304086,197097.76312882453
29071,2021,7,1,29073,212610.33313185663,176832.71962217553
41025,2023,8,1,41037,200597.18523836392,187023.86553856952
20131,2023,7,1,31147,196836.6163186185,116075.14513535284
17189,2021,7,1,17027,124134.16540929904,168019.43323569748
21127,2021,2,1,21115,122637.51583407128,113810.26534873612
39095,2024,5,2,"39173,39123",157664.6950246216,244030.55747447506
39019,2024,4,1,39151,173178.69016982373,189746.38191151177
54085,2023,6,1,54105,115940.79806757356,111387.82339254288
06093,2021,7,2,"41035,41033",274011.02922097023,309914.3857087324
29185,2024,3,1,29083,193049.08763454316,199926.0251656026
01113,2024,8,1,13053,182834.71711819095,140629.74078932282
35023,2021,7,1,04011,,217329.8226209325
45053,2024,6,1,45049,430412.18944938265,168756.13948530247
22097,2024,6,1,22039,142185.9768193713,112487.72989138751
40023,2023,10,2,"40005,40013",132765.78295637874,205775.3499715155
28033,2021,7,2,"28143,05035",248927.96719006027,141287.59680672333
20143,2024,8,1,20123,160307.34074709227,130908.47942036232
37189,2024,1,1,37011,492695.3005381325,387203.9168536723
06019,2021,12,1,06069,357831.6575323988,798953.0573370205
27023,2023,4,2,"27151,27173",188203.985236702,158159.70780701752
56041,2025,5,1,49043,315863.81930300064,1286742.2766529482
27083,2023,10,1,27173,191798.9767176366,150121.6926927929
39069,2024,8,1,39173,186809.2062791089,229060.5517325864
01067,2025,5,1,13061,189884.52804236137,158894.4491379908
29175,2021,7,1,29089,132413.6775745718,166762.52742047762
20007,2024,10,1,40003,89856.48799030513,124286.016419892
32003,2020,3,1,32017,301046.6253433556,171122.5526117396
01005,2025,5,2,"13061,13259",148618.31786506003,127014.45577030309
48085,2025,5,1,48231,510302.2645606648,283939.7261693547
19161,2021,6,3,"19021,19093,19035",119741.64085864362,129086.27565361967
51035,2024,5,2,"51640,51063",194601.8642924009,201055.21897460462
56043,2021,7,2,"56029,56017",189477.47294783057,252077.4505854969
39159,2024,12,1,39101,397909.7793351705,166132.55943857328
48419,2023,3,1,48405,237815.4972015204,229772.5817057745
30067,2022,7,2,"30031,30059",631059.0551418604,497406.25544797233
24015,2025,4,1,24029,376719.44696822466,375663.7472258546
17067,2022,5,1,17071,101953.62692305086,121788.13114036452
46111,2024,7,1,46097,233731.5099041476,190413.84072959225
48207,2022,5,2,"48433,48275",100389.68077231736,121517.51271995128
47103,2024,7,2,"47055,47117",249774.2238972697,281365.8111810074
56007,2021,9,1,08107,175310.29977569866,829694.9740717234
40063,2021,6,1,40029,95851.28379470784,98202.5530297435
08051,2021,5,3,"08029,08091,08053",540438.6356282928,432206.84182049235
13069,2024,7,1,13271,188965.0490032466,119032.86468042244
13065,2025,5,1,13173,117914.83981432705,207802.4499111229
45057,2024,12,1,45023,397701.85557055776,216147.5985497767
29045,2021,6,1,29103,164020.3590321292,138257.99558311733
31109,2022,10,1,31023,265557.5598536701,188548.53953016896
19161,2024,7,2,"19151,19093",150110.62890417114,120671.13378255672
29181,2023,4,1,05021,154346.66778878475,109602.14954090568
05139,2023,5,2,"05003,05011",132255.9792120127,109986.37064546897
29161,2025,6,1,29073,222506.4246243119,229644.2587492022
39009,2023,3,1,39115,160393.34365911083,139859.36659120143
06053,2020,3,3,"06031,06069,06079",610264.2503333031,500095.1992302549
05067,2022,4,1,05037,99914.2391735937,136261.95218009266
20131,2020,6,2,"31147,31133",154279.04966602288,102308.10759829651
19039,2025,6,2,"19185,19117",189237.6383109688,150309.43090596114
47101,2023,7,1,47135,231848.7198781642,169704.09980109264
29187,2025,4,1,29157,188791.18437517085,213140.46168005944
18105,2021,12,1,18109,261544.24558099313,240389.72792771008
37143,2023,6,1,37177,246461.4387649506,168712.30640109535
06029,2022,6,1,06079,336869.74838589336,853191.7505589115
48213,2024,3,1,48161,266766.8847634255,245270.1727268789
22097,2021,5,2,"22077,22099",154162.42382330148,170732.73216218536
18135,2022,8,1,18075,128347.07855987787,138074.57648765645
33009,2020,5,1,50017,229771.66117256848,244755.82438280652
08043,2020,5,2,"08109,08119",235604.1621772882,253270.54146662634
31031,2022,7,2,"31091,31103",194908.18385679196,192219.1151084883
13245,2024,8,1,13163,186896.3670075499,136226.8871554458
40015,2022,4,1,40075,103054.7309374932,77951.57856089975
20103,2023,6,1,20209,306807.8275724898,183717.1650356
17119,2021,7,1,17027,150363.1369441357,168019.43323569748
04015,2021,10,1,04012,327664.1400316854,224478.58875043297
23003,2020,8,1,23029,103694.17503076373,124047.39536128665
18133,2022,6,3,"18119,18109,18021",233435.53972122,207372.79377250408
16087,2021,6,3,"16003,41001,16075",291230.14176617895,328983.1114423782
17137,2020,5,1,17017,105395.8953630588,76869.42790439604
23015,2023,5,1,23023,405807.8851976336,382996.8681499967
30097,2022,7,1,30059,394342.2882608723,285876.3214359228
08123,2025,4,1,08014,505599.472447518,636513.5413136153
13013,2020,7,1,13059,209815.6934138959,203004.72577796932
51191,2022,6,2,"51520,51167",209096.01886422583,139088.7313465933
08027,2020,8,1,08109,268990.3019621097,165196.3861813295
23005,2024,6,1,23023,547664.1474967214,417802.6507342071
48105,2020,4,1,48435,,143849.02939548728
17059,2022,5,1,17069,88682.901703007,114232.48932806398
48139,2021,10,1,48217,337199.15288227244,202976.25027415747
19187,2023,7,1,19079,130634.85326510105,143258.9349899698
13219,2024,2,2,"13133,13013",527542.0490235266,462937.49225987535
08033,2025,6,1,08083,301278.8799861733,399484.96553301945
51155,2024,1,1,51063,207610.00188957027,245996.0533522881
13029,2021,2,1,13031,274404.8184037832,178383.64295116914
12115,2021,6,1,12027,343197.6007087867,195705.69353077063
48247,2023,9,2,"48505,48047",93515.31807798288,117057.42734613435
28093,2020,1,1,28009,157265.07793680832,132961.0374684808
21053,2020,3,1,21207,100906.66722376535,91202.99273165692
56019,2020,5,1,56033,271305.46657911624,301715.62035677413
30089,2024,9,1,30053,428657.58563035034,414404.1352230123
48107,2024,6,1,48153,81382.02587231384,95610.96787288494
22037,2025,5,1,22091,222916.6865774995,169838.44246583406
41011,2024,1,2,"41015,41019",352067.3990820607,393534.95895202784
31089,2021,6,1,31015,155685.24329419405,195168.7158673013
06065,2023,3,2,"04012,06025",577163.0408241804,279372.32710025494
27077,2021,7,1,27135,188721.64583687283,186294.251896175
05003,2024,8,1,05011,95281.6946398825,128011.87566884924
21079,2025,5,1,21203,295857.3189440244,163183.48635827875
20007,2021,7,1,40003,73593.9665703671,114598.89310950512
28143,2025,5,1,05077,147235.49327578073,110596.7660277362
34029,2024,4,1,34001,492985.9646809835,343272.1049588531
23001,2020,12,2,"23023,23007",213593.4735972013,239623.6992083774
51197,2023,7,1,51021,192413.7524130351,163681.1017034823
48171,2022,5,1,48267,544569.8010899342,355324.15125455667
26047,2022,9,3,"26031,26097,26029",397785.41493687057,252987.49672748326
55027,2023,10,1,55047,267058.17186119413,249837.916372693
28161,2025,2,1,28043,152436.41390841725,123922.66463102264
04015,2023,3,2,"04012,49025",342473.68466054526,324980.1546761268
48029,2022,4,1,48013,269378.7185853338,261332.0820612179
13215,2024,2,1,13053,174076.76619665473,130855.8953267588
34005,2024,7,1,34001,398020.8068526117,350029.11183479434
08013,2022,10,1,08047,766989.5924996207,553086.3859091586
42047,2024,6,1,42023,128924.39012976328,81972.34478556023
12043,2023,4,1,12055,244905.57792302535,226012.9590526537
16019,2021,9,1,16065,376544.9530041692,352809.8362042494
30035,2023,8,1,30101,170583.91080744998,161394.5525270759
06051,2024,11,1,06109,736041.9644216597,400938.7838112025
17049,2023,4,3,"17173,17035,17051",194643.3986219228,143411.26318319605
17151,2023,7,1,17069,161499.1460635329,109698.34910782348
47141,2025,5,1,47159,307978.75799700123,301218.91807547497
08057,2021,7,1,08107,,800642.7526345832
49051,2025,5,1,49043,938671.4305396996,1286742.2766529482
08061,2023,5,1,08011,174828.26071687904,141449.78875153942
21027,2024,7,1,21183,164349.8542006573,134764.84231245532
21181,2021,7,3,"21201,21173,21097",146964.94981205603,158011.1605209652
48463,2025,4,2,"48507,48163",204183.66538794895,124212.22383968384
46079,2024,7,1,46097,283497.9445267134,190413.84072959225
29183,2022,6,1,17013,339799.7007305012,183803.8567548949
48163,2020,5,1,48507,183723.1078393655,76069.39063441468
29161,2022,3,1,29073,190832.0124711838,198534.47724727573
34041,2022,7,2,"34019,42095",358008.0771876993,425903.27819605434
05093,2021,3,2,"29069,05035",125316.05428371816,120294.27182071534
13007,2022,11,1,13037,145954.05118744905,110163.77034815509
19105,2024,7,1,19031,217722.2094485322,228014.50661408072
46057,2021,6,2,"46077,46011",244859.50157163249,213365.24783729902
22055,2021,5,1,22099,216298.20456790863,162156.2662211557
18099,2023,4,2,"18131,18141",214511.57441140476,171856.9252465236
32013,2024,9,1,32015,323800.09080673836,251039.4446735471
48479,2023,10,1,48323,214143.7923313682,207792.82896240408
48423,2021,4,1,48459,204317.67338686905,188558.45461958623
13095,2022,9,2,"13273,13037",120951.04275323918,107566.48975158125
42037,2022,7,1,42093,225197.4973764844,246747.9302344947
47177,2022,10,1,47061,231099.6462704379,181865.02766954884
05005,2024,4,2,"05137,05065",218879.91839939888,179625.54748783057
53011,2025,2,3,"53059,53015,41009",555060.7336437973,476522.0639878617
18067,2022,3,1,18159,147662.30045365493,190091.0079245974
37027,2024,4,1,37011,229456.17528219827,392376.471446039
22127,2023,12,1,22049,128601.77317513963,120001.80016636224
30061,2024,7,1,16035,388444.1899165269,296861.6912554735
35013,2020,7,1,48141,189461.80589765657,149617.95671491054
44007,2020,12,1,44001,302486.87875538925,434351.64963583
48025,2023,8,1,48391,185427.84876769315,150933.75376814685
38085,2023,7,1,38029,,122314.41267315188
41053,2021,1,1,41043,367973.0594817688,309012.7541431698
19133,2022,5,2,"19193,19093",144143.08795548778,151293.67227598227
53075,2022,12,7,"53013,16009,53003,53021,53043,53023,53001",312933.3097261887,299303.60681380396
12015,2024,7,3,"12115,12055,12027",359427.4393115569,321906.8233538981
16039,2024,5,1,16083,341467.455425327,357566.78006870084
13213,2022,6,1,13111,220155.60949596265,527629.7167641943
29021,2023,4,1,29003,159979.82784001,242088.01594205957
12071,2022,3,2,"12051,12043",367289.02068498667,225128.3302033887
18019,2025,6,2,"18143,21223",258079.7879821848,216265.2405702346
18023,2021,10,1,18159,161009.66103976048,179531.8764892038
13279,2020,8,4,"13161,13267,13283,13043",112532.03816573434,115704.26523308441
48227,2023,9,1,48431,151762.11052608237,238739.4079983241
39091,2024,6,1,39021,232467.27311861995,225687.5212611448
48319,2022,5,2,"48267,48327",339416.9052603472,298795.95407467807
48101,2022,7,2,"48155,48197",64398.79599543007,130528.80898056272
37039,2023,8,2,"13291,13111",255673.8658327493,421573.51825892134
29053,2020,8,1,29195,168493.50459564707,148504.60566936154
19083,2023,4,1,19079,130510.5428586104,140472.220006829
37101,2021,7,1,37127,277682.9059872506,184220.04488235372
01117,2025,6,1,01037,353683.852877816,179927.32841270076
31175,2024,4,2,"31183,31071",178990.63554123635,216963.72260201396
12001,2024,7,1,12041,314038.5623195999,293574.8738666034
17167,2020,6,2,"17017,17129",139031.84309968294,115922.91208935506
53019,2023,4,1,53043,277268.3493697581,305085.76707655104
19163,2025,5,1,19045,234080.69059614613,166354.8151041269
21183,2025,5,2,"21177,21149",151400.0957442905,160414.9972580396
51041,2025,4,1,51670,402528.29233748815,211758.7321085216
34035,2025,5,1,34021,647429.4331369033,440038.2029883475
51005,2023,7,1,51045,155896.40449378145,204325.02103984135
08023,2021,6,2,"08021,08003",193553.46096450396,212366.45992094022
41021,2024,8,3,"41069,41065,41049",212175.49146369495,329386.45262774476
28085,2024,2,3,"28077,28063,28005",164119.42473369944,134939.50498764045
47109,2024,4,2,"47023,47071",161992.65316914828,178277.8656553398
20125,2020,11,1,20049,71132.58306611997,68641.23573274969
27149,2025,6,1,27155,193260.0887113624,132867.67770008452
30061,2021,6,1,30089,287557.754142504,321326.53879880643
30085,2023,7,1,30091,137432.86154243056,177613.93107078515
21043,2020,6,1,21063,95607.24261959545,96751.17334961594
17067,2022,9,1,17071,98605.21959463776,117052.9188696394
16031,2025,5,1,32007,327457.5952340183,366983.7868261747
06043,2023,8,1,06109,413770.8953301858,404216.40063509863
42049,2022,9,1,39007,174706.74889760147,148249.86174073437
18117,2025,6,1,18025,172535.8357708736,163755.0199715628
27155,2024,7,1,27149,125688.4232803727,188575.7628597728
48055,2022,5,2,"48177,48149",334088.4726196869,380016.98886944854
29055,2024,11,1,29073,203964.17772072472,225569.01744797
48287,2024,5,1,48477,347457.1834543271,370413.99310256104
26067,2025,5,1,26117,241802.4303126215,215792.00738459325
13023,2020,8,1,13235,111713.93714154558,113043.05251507484
01047,2025,2,1,01131,92291.68295509148,139461.73892119658
13009,2021,5,1,13141,184525.4690257957,174552.64533740995
18157,2025,6,1,18023,289834.66203108727,211897.980897372
40047,2021,3,2,"40103,40003",114529.1265880883,111923.08941951691
28147,2023,4,3,"28113,28077,28091",152285.10985942607,128683.26016043893
19063,2022,8,3,"27063,19041,19059",136695.19699336227,232796.39162128264
16043,2022,9,2,"30001,30057",474787.9022979143,546662.1071736332
16027,2021,6,1,16075,398189.1545248952,344206.45871691895
16069,2022,12,3,"16035,53003,41063",352618.94915934163,341928.6527703197
16029,2021,9,2,"16007,16041",272218.0370418865,365753.4473108512
04019,2023,5,1,04023,339913.4020276142,265198.85313732084
47139,2023,7,1,13213,224714.9291991043,226369.34807418415
29113,2022,3,1,17013,259421.676813007,177847.00055363108
05115,2025,6,1,05129,204514.99974392224,165056.68324558088
48167,2022,5,1,48071,327745.5475809642,339418.0221702175
13015,2021,3,1,13227,234915.16757520332,280018.25696915045
20029,2025,6,2,"20089,20123",110959.759708979,122182.96896782077
19033,2023,3,2,"19189,19195",176605.31185322988,149028.34810846063
40033,2022,6,1,48077,93675.27066194592,215933.73668307764
32023,2022,9,1,32001,355072.19012112304,371683.27021930454
29131,2023,3,1,29135,231133.98315169176,196514.3628938951
12097,2023,3,1,12055,382397.78154242766,225123.87456275217
28127,2024,6,1,28077,147468.65730870512,129899.72705885624
47099,2023,12,1,47101,224540.3194111035,237044.48671984323
47131,2023,8,2,"47095,47045",148748.70925042153,137273.60537061046
08119,2025,6,1,08043,487115.4214638678,338955.84976824006
51165,2022,7,1,51660,308974.8313788343,293250.5476545384
19025,2024,7,1,19151,141188.32777727043,107278.6836802712
29023,2023,4,2,"29069,05021",144452.01082720776,103141.93037992937
48231,2025,1,1,48379,284782.8951339091,289643.7608499377
35051,2024,6,1,35003,170777.19449740043,214915.41090171985
55095,2021,7,2,"27163,27025",269628.08522949717,362381.7904066395
22045,2024,6,1,22101,151510.4282429878,121110.53899034044
49043,2022,6,3,"49033,56041,49029",1379811.2349435322,518434.0447767757
48043,2020,5,1,48243,192297.262660194,208893.51993392743
17023,2024,3,1,17033,127626.52502655548,124806.80770312628
20157,2024,5,1,31095,117247.16366215255,129837.35520288588
40083,2021,7,1,40103,265055.4325312545,119584.40654760748
13243,2023,8,2,"13307,13259",91534.24342381548,127283.96253985606
51155,2024,5,1,51063,210616.74955257957,251867.2727697924
47171,2020,4,2,"37199,37121",153217.89190063972,176494.0744047666
19151,2022,8,2,"19021,19041",97492.2726745761,169479.99190539974
48157,2022,3,1,48015,360639.42762532533,411043.48674921255
17157,2025,4,1,29157,139681.38472240933,213140.46168005944
48505,2020,4,1,48247,153341.01690084484,113808.28769259126
13245,2023,4,1,13163,176787.95517814066,123957.5521716846
47009,2021,5,2,"47105,37075",265655.5510520078,240212.4648071385
48411,2022,7,1,48333,262087.5046816927,416413.2283453447
16001,2021,6,1,16015,506298.126704769,408056.6382582979
48039,2023,6,1,48481,324148.7039153837,245998.1110226734
49003,2021,9,1,49005,390408.2547021035,401959.27369930566
13311,2020,7,1,13281,187442.0202882708,249201.32775070623
40117,2021,5,1,40103,126938.59039430828,117131.2920080026
20105,2021,12,1,20123,101333.0766137868,112297.55751738016
26165,2022,9,2,"26019,26079",193191.02978141373,278682.1684729705
16033,2022,6,1,30001,246950.08299883537,367905.45487740304
47133,2021,5,1,47137,186907.1484967244,181704.16868690975
53015,2021,11,1,53059,376221.0892325461,486461.1461302789
45041,2024,7,1,45033,190694.5552336582,108867.2928279541
26131,2022,6,1,26083,135124.60570274622,159796.90442537176
21229,2020,6,1,21005,148568.58267905164,148931.90271169943
13069,2020,2,1,13017,127654.9880247244,77862.82329131482
51015,2023,6,1,51017,316729.6653213355,206003.3806131959
40117,2024,6,2,"40103,40119",162130.33372126435,183616.67232893023
30009,2021,5,1,56029,352578.5608335466,323175.83770769153
48203,2021,3,1,48459,185458.90322883613,186453.50976553935
54001,2023,7,1,54093,122437.32679180717,204597.7475292514
32007,2022,6,1,16083,339883.04739313107,377389.7368199872
06035,2023,9,1,06049,234446.8116675367,181167.94554778855
53017,2022,6,1,53037,468667.03894333896,508241.31430617947
12069,2024,10,1,12119,378636.361693251,397941.64836059447
13061,2023,1,1,13037,158906.29194136144,108698.62298736729
28071,2024,6,1,28107,355104.2227784984,188612.86665696383
20135,2024,4,1,20083,89940.127544561,144534.36990172983
16073,2022,6,1,16083,459740.6616735502,377389.7368199872
49013,2020,6,1,49007,211778.34527344425,157318.54920463328
56005,2020,7,1,56033,259778.50754862415,303772.23880600295
27025,2024,9,1,27065,366606.4717332256,253497.5205947292
08117,2020,6,2,"08019,08065",725938.044485665,357544.50539465976
45075,2021,6,1,45011,146423.2830237118,159295.71254379733
20001,2024,7,1,20107,111939.87937537748,152971.29602274593
46057,2021,10,2,"46077,46011",251679.75656456745,219878.69876015262
39159,2025,6,1,39101,399341.9820821441,168711.46545802592
16023,2020,4,1,16059,,207481.84535369757
53077,2020,2,4,"53037,53053,53041,53033",245569.81530752304,409426.36990645714
18067,2022,7,1,18015,153935.98459065435,196794.0756192068
37027,2024,8,1,37011,239538.88454413984,396383.13083166425
31089,2023,3,3,"31103,31015,31003",165781.64464077714,204257.52224248662
13033,2024,9,1,13163,176667.14096473312,134944.0641138624
48039,2020,5,2,"48321,48481",250830.72685861713,187016.63300796918
19003,2023,7,1,19145,133402.47375620806,132860.06226388484
47071,2023,8,1,47023,183586.25771264537,167916.33683870462
39167,2025,6,1,54073,176881.05520446715,162037.77063468416
16039,2024,9,1,16047,343903.4136274027,346792.4139553308
53015,2023,4,4,"53069,53059,53041,41009",395499.8762144501,427625.1255415155
12071,2022,7,1,12051,410659.83212255937,254849.9341098553
48369,2025,6,1,35009,151977.0776880125,159893.17370051504
28161,2022,5,1,28013,164444.60411977454,128431.46115273055
38023,2023,8,2,"38013,30091",,173577.21600215163
26103,2024,6,3,"26071,26083,26013",217368.83451043663,147108.6758303844
08013,2024,7,1,08047,747154.758871802,548934.4300989979
05021,2025,5,1,05121,114654.08757543634,144532.9743865973
01119,2023,5,4,"28075,28069,01023,28103",122354.58463635498,131030.97309013826
23005,2021,7,1,23023,437708.7194470291,324876.2809079451
13179,2020,8,1,13267,148461.84659630663,125622.88782767682
01053,2021,10,1,01039,129222.25486126296,145031.85074368046
27111,2023,8,3,"27153,27159,27041",288127.45868050726,250867.0603804534
16013,2023,6,1,16063,860093.024294693,283521.6182143187
17049,2020,7,2,"17079,17035",157852.97620539824,124270.81521119515
01071,2023,4,1,13083,181749.32025331748,224607.01586187023
13241,2024,5,1,13281,387256.6413186631,390407.3845603244
47161,2021,7,1,47083,199825.5578762683,169172.54472925773
29219,2021,6,1,29073,263791.8342310446,174368.37989064612
05051,2024,8,1,05105,245012.03516922795,168531.828991142
47137,2022,5,1,47027,210427.85873577432,183497.61828599192
45027,2022,3,1,45089,204719.99365625763,129950.06753619848
17123,2021,7,1,17175,98501.81500238711,126907.82990417907
45009,2024,4,3,"45011,45005,45049",142598.24835145942,134983.53299273294
27149,2022,9,1,27155,190671.98185267727,125792.17305850874
37111,2022,3,1,37199,240472.64699960608,295944.94964630675
46073,2021,10,2,"46111,46005",247010.57102289287,203112.52206885532
13289,2021,8,1,13021,104991.05404742528,131293.9668198249
13221,2020,6,1,13059,186647.9475183084,201895.97266192897
53063,2020,3,1,16009,287695.164965871,208375.2572795557
28085,2024,6,4,"28063,28037,28147,28077",167907.58134274313,145933.77903154964
55013,2023,4,1,55005,252257.59636664344,240815.58960490875
48015,2024,3,1,48477,407306.6663629126,366766.4375470471
01121,2020,5,1,01029,127637.2540372474,153547.4161089421
39173,2020,11,1,39143,183502.05133740915,126223.12956108614
55083,2025,4,1,55041,277028.44966067176,189328.91590979823
30071,2022,8,1,30005,200202.15530240524,182143.71649657775
29021,2020,7,1,20043,128333.8063495772,104928.843683136
38003,2024,7,2,"38093,38045",176578.10861164346,183472.85956305894
13137,2023,7,3,"13011,13281,13311",287972.91640380054,327491.1606325624
30063,2022,6,3,"30039,30061,30077",547218.6628176048,361989.82937630924
42035,2024,6,1,42023,182682.7502318766,81972.34478556023
26003,2024,6,1,26083,189971.13347185697,178392.46680017115
32015,2021,7,2,"32013,32001",213593.49889774737,300519.6756200923
51153,2023,4,1,51685,529278.7237196126,407796.4074246818
31003,2024,8,2,"31011,31183",204191.7874328704,252908.45405444846
28145,2024,7,3,"28009,28117,28139",176988.0081012725,138682.480000545
27015,2023,10,1,27013,200790.0628382323,272275.7804536956
29001,2021,6,2,"29197,29103",157835.26245201044,138553.62307492614
16013,2020,5,2,"16025,16067",535799.839832812,245312.11229991558
37039,2025,5,1,37113,268947.769641243,354883.58163524326
17107,2021,12,1,17039,116292.80335695876,110586.79814679222
13091,2024,4,3,"13315,13175,13271",152355.6091506522,145194.52281881258
47065,2023,7,3,"13313,13083,13047",335197.3913213424,242095.38915797393
30077,2024,9,2,"30039,30023",298739.2867653859,352763.735605561
05071,2021,4,1,05101,149500.35244791134,170030.80734228028
19033,2020,6,1,19067,135747.60526301336,115358.54858704978
47047,2022,9,4,"28009,47075,47069,28093",363562.8856981284,160706.35350762823
06093,2023,8,4,"41033,06105,41029,06049",295004.31991240295,321435.4450127974
26041,2024,6,1,26089,165645.4611085114,605053.7738727896
26123,2025,5,3,"26133,26117,26105",230604.09456459704,213777.767078437
13137,2020,4,1,13281,184933.78400089848,246330.3431419537
46059,2023,7,2,"46073,46005",251452.95422364635,221186.40236487178
19015,2023,3,1,19079,199838.33403550345,139622.63261503764
48013,2025,5,3,"48493,48163,48255",238878.63777973145,254767.81273882696
13105,2024,1,2,"13195,13317",161857.718557194,222520.41407346068
38019,2024,9,2,"38095,38099",146014.11091503396,154324.57118092623
48465,2022,4,1,48435,201588.20091036032,172851.87031036543
28157,2020,4,1,22037,115117.22706160371,210627.4331505839
38047,2024,5,2,"38093,38045",,180953.67604422412
48399,2020,3,1,48095,118559.97396613711,165509.28553460797
40091,2022,10,1,40063,182817.0830729607,111526.92685364273
27001,2023,9,2,"27061,27095",244597.86360303653,253366.2892294153
36115,2023,8,2,"50001,50021",224007.22857701033,364787.0425275122
54099,2025,4,1,21159,134305.31010789875,124623.36978302768
31127,2021,12,1,31147,137882.23173562318,98615.430774146
41059,2023,6,4,"53013,53005,41063,53071",291282.70411911706,370120.2630005291
49035,2025,5,1,49043,560736.0332399243,1286742.2766529482
28085,2021,5,3,"28147,28005,28113",163331.47292336565,137396.8231293061
22099,2022,5,3,"22101,22007,22047",171153.83963084826,144487.96459257673
20043,2023,4,2,"31147,29003",127252.06188593358,178523.9009228259
08067,2020,8,1,08053,428797.39570140635,352193.7817447845
29063,2024,8,3,"29075,29061,29003",221563.68119113977,208992.9060109918
48207,2024,6,1,48275,98913.06810427897,82100.94259996618
13151,2021,8,1,13063,268940.2194318271,193888.64866190497
49007,2021,7,1,49039,190451.64786783975,289861.665034928
08037,2024,5,1,08065,1254931.384456175,490673.84051157866
48165,2023,10,1,48501,213668.5061634003,198109.8246300023
05095,2023,4,3,"05077,05123,05107",99128.64388951006,85571.54825050676
16031,2022,8,1,16053,315994.1940340667,383337.0374059213
06071,2022,9,1,04012,533623.4396219273,256900.29466175137
51199,2020,8,1,51735,337081.2791040002,339712.4373017782
27155,2021,10,1,27149,120810.29390287246,177630.2877652583
48041,2020,4,1,48313,235332.3333998679,176722.07166458396
13023,2022,5,1,13319,153617.54542469126,133168.11439087964
31117,2023,8,1,31091,294522.4076911939,130061.5499099281
41023,2023,11,1,41069,265214.99686055584,297970.55031350633
26067,2022,8,1,26037,221181.9237186991,277642.68331377447
20137,2024,10,3,"31065,20147,31083",123319.35839404092,139170.43832422528
01125,2023,7,1,01007,225654.5258764517,221824.45426606736
12001,2021,8,1,12041,257145.5375626509,226464.5757352719
21191,2025,4,1,21097,230993.50902116665,229098.75147682437
05057,2022,7,1,05081,118579.4290724835,135851.22601940844
18105,2022,4,2,"18119,18109",278885.9991038812,228389.94888894912
01075,2023,8,1,28087,152235.66851235912,165017.68244538017
01085,2022,2,1,01131,149892.31302491057,148239.8229188363
16001,2021,10,1,16045,525537.5862872478,443536.6169632818
13017,2024,5,2,"13315,13271",127586.4695572948,127729.92116227986
45073,2025,6,1,37113,280255.20485050185,355015.0073613972
17191,2020,3,1,17121,111256.91554471148,83781.71292430758
30041,2023,8,1,30015,208844.40676527444,249578.7394396132
29107,2020,8,3,"29195,29177,29033",146877.40594413705,140129.6132205658
26053,2024,6,2,"26071,55003",116540.68241885644,156467.01349746843
18167,2024,7,1,18165,150181.0359583837,125794.96357608022
13085,2022,6,1,13111,420734.779423211,527629.7167641943
29127,2025,6,2,"29111,29137",185337.95615259712,192017.31692328554
13069,2020,6,3,"13003,13005,13017",132366.67316038054,93861.58566531767
30027,2024,7,1,30037,275996.04352467874,220065.4846085969
32023,2024,6,1,32015,339531.5841093045,247001.1600301098
01005,2024,5,1,13061,153038.8046366317,169111.16935560512
45087,2024,12,1,45023,134316.681576754,216147.5985497767
51185,2021,8,1,51021,112159.99923128662,156130.27610519223
21059,2021,8,1,21091,167004.69356725307,152924.65514204022
30107,2022,7,3,"30027,30045,30059",162351.22686050125,272723.72916148807
29045,2020,6,1,29103,,117656.45445379544
21175,2020,4,1,21063,92316.2402341912,96072.66456312896
54023,2023,6,1,54093,168749.8943748932,201724.3260542336
35001,2020,6,1,35006,222906.4757328196,105712.39629739964
51155,2021,8,1,51021,188553.46727938124,156130.27610519223
48033,2022,5,1,48115,,118939.1148952651
27059,2025,5,1,27065,326913.0860606591,251068.49292481065
27167,2022,7,1,27155,197392.66085233967,126479.60637036205
45051,2024,7,1,45033,329932.7028697755,108867.2928279541
54107,2024,10,1,54073,166323.38609485704,161842.37626779798
16023,2020,8,1,16059,,214475.70711812552
21157,2020,8,1,21143,134994.471872871,131819.9522188207
53075,2020,5,2,"53023,16009",237458.1742834856,176755.37655466018
26033,2023,7,2,"26097,26141",182262.22755796913,183745.40770872333
18057,2022,6,1,18159,422519.6897410846,196956.8443082909
30095,2024,8,1,30037,442198.99542823754,222755.50865691516
17131,2023,5,1,19115,158598.76415175098,146464.1065465059
19111,2022,5,2,"17071,19087",115666.97597210476,146434.4633382366
37195,2021,8,1,37127,163484.65379491216,184846.3523853145
48317,2020,4,1,48165,,191703.91624897148
46015,2021,10,1,46023,187622.38444246785,198485.85871445583
12097,2025,5,2,"12105,12093",375974.19586964016,296935.99501088826
29027,2025,4,1,29151,255457.7675529664,261820.73859450416
48451,2022,3,1,48081,215690.4606204107,172778.81923094168
29186,2022,4,1,17133,204810.33772372516,266658.8897660762
53009,2024,4,2,"53031,53055",474504.4166353164,726897.6121216994
26043,2024,5,2,"26071,55037",160312.44157988776,146371.63257803724
22013,2021,5,1,22027,130743.97353837037,186173.89927582024
06029,2021,6,1,06079,283809.952164942,726471.7347026026
01113,2025,4,2,"13053,13259",189083.9493340922,118298.25881115606
23025,2021,6,1,23007,159581.5502895099,219707.3603005686
39133,2024,5,1,39151,251265.59832559104,191306.87843724177
39085,2022,10,1,39007,206382.7422373935,148532.70465863185
40113,2023,4,1,40103,196106.42571119464,135961.6996290722
48427,2021,5,1,48247,172688.12010989536,125718.82965680324
29071,2025,4,1,29073,257507.0402215418,233059.66840004185
29111,2021,6,1,29103,156712.9308996894,138257.99558311733
28153,2025,5,5,"28061,28111,28023,01023,28041",133640.57144677828,135347.5817166153
32023,2021,5,1,32001,277867.2693800358,312419.5459150251
13309,2024,9,3,"13283,13175,13271",145369.36792611843,148547.89216291308
48035,2022,8,1,48425,255460.247137618,392553.8438922344
21101,2024,2,1,21233,190249.5583896701,127130.8976012678
19139,2022,11,1,19115,174093.19785059974,146040.98348407718
13007,2023,3,1,13037,143087.2446262215,108435.6903065509
51025,2022,5,1,37185,162841.4145114044,226574.07632013355
20167,2024,6,1,20141,102668.92007315993,82289.92029154826
45027,2022,7,1,45089,209066.98256612185,134883.77608879446
28043,2023,12,2,"28135,28161",122588.11247431116,132024.56662402832
56013,2021,8,1,56017,243774.6330505003,171667.35141350317
51163,2022,8,1,51678,295452.97885574936,302429.256490358
27069,2021,8,1,27135,157604.19455707647,187530.50104429908
05043,2023,7,2,"05003,05011",152626.2853002859,110560.53875555962
55133,2020,7,1,55055,342678.94381607254,238295.3321556314
56007,2025,6,1,08107,204152.7339539868,1091417.3422372404
13153,2021,8,1,13021,185472.94991693532,131293.9668198249
55013,2023,8,1,55005,263800.2046195946,248558.61306938468
05075,2023,4,1,05055,119900.4927469613,180810.55308130188
29171,2020,5,2,"29211,29129",128191.437374346,103632.8300108329
16071,2021,5,1,16041,240419.8337269168,366724.2942983824
08045,2022,6,3,"08107,08037,49047",602358.5990171694,815905.1782585587
31089,2020,6,2,"31107,31003",135300.11416942865,144600.51619427203
13199,2021,7,1,13231,165250.07124792927,284437.4829500524
17133,2023,3,1,29186,265562.9483807339,209704.6582556209
47071,2025,5,1,28003,202109.11451399463,172821.1660255041
18095,2021,4,1,18159,132030.37274292982,165824.22898380354
35035,2024,6,1,48109,219847.26831743107,135810.75530050983
21117,2024,9,1,21081,271972.6176401339,263840.02392857795
01025,2024,12,2,"01023,01131",142389.13960173106,142244.88666059362
01089,2022,3,1,47051,297770.9091132616,277410.0049459404
22115,2024,7,1,22011,152553.40410195768,183284.06266422648
20077,2023,8,2,"40003,40053",81934.42418994606,115021.45614186191
47151,2025,4,3,"21231,47137,21147",185492.6458838645,175972.62665831263
16063,2021,9,2,"16025,16053",265381.5387448513,356795.66153884877
47111,2025,4,1,47159,255127.44002207587,302454.3196995138
05137,2023,6,1,05065,197340.95896740895,160818.9545666017
26003,2024,10,3,"26083,26153,26095",190944.30723736677,164642.95686031008
47157,2024,6,1,05035,224127.76469307696,159355.85836517316
12093,2023,6,1,12055,265380.6532347824,229636.39074410585
51153,2023,8,1,51685,540910.0261921012,420364.7650793901
01119,2025,2,2,"28069,01023",128257.76078230364,141105.20772839553
01073,2023,7,1,01007,218143.76273900204,221824.45426606736
38067,2023,5,1,38019,128897.28879193075,141334.33823494765
47095,2025,5,1,29143,109878.26197215584,96816.04834540786
51650,2020,8,1,51735,186596.0135787853,339712.4373017782
49023,2021,8,1,49039,382575.9945643589,296721.3113041705
05107,2021,3,1,28027,64380.9323771492,68148.11321336526
47163,2022,2,1,51520,209146.75515975908,140198.62389713907
05147,2021,2,1,05123,81602.90616838414,87011.1683048834
54085,2024,2,1,54073,117725.418019569,148131.1150611043
32013,2020,8,2,"41025,32031",235706.28607306848,266810.4656183478
13091,2024,8,3,"13315,13175,13271",157088.541968615,147474.60407371243
17155,2024,7,1,17123,165198.82602476343,120927.46423100878
39011,2024,5,1,39003,211764.77988658668,168112.50337107226
12111,2023,10,1,12093,386143.97597027215,272816.0044029377
48225,2024,12,1,48455,221067.58948504683,186555.51431456767
30069,2022,7,1,30027,182194.18485433725,264977.4305964736
13141,2020,11,1,13301,157289.2901039742,97394.6500169454
18067,2024,9,1,18023,170005.46298516146,204534.5903772754
18037,2021,6,1,18101,197828.5581367909,142873.79784586807
45003,2024,4,1,45011,224809.7645639039,161589.24287294247
37061,2022,3,1,37141,146307.02245943982,384920.2732299276
48205,2023,5,2,"35059,35037",229254.1857538765,116213.78478978007
19015,2023,7,1,19079,203866.09910717813,143258.9349899698
32027,2025,5,2,"32013,32015",246569.44558163607,293755.0964879587
40013,2022,7,1,40095,214250.78833662355,191439.86474820424
53009,2021,1,1,53055,365441.90410375193,685938.9145851018
21201,2022,10,1,21069,164487.8120069497,141979.42405722963
18053,2020,3,1,18009,95419.95860029018,80007.77773470474
22099,2022,9,4,"22077,22007,22101,22047",172602.30009302366,154450.02529356343
29139,2022,5,2,"29151,29073",215134.6381082579,213177.7256847559
25007,2021,11,1,25019,1202099.1834521226,2477240.053240785
23005,2023,9,1,23023,529311.1682638804,399970.63241675653
19017,2020,5,1,19067,180982.92433812865,115072.17891348856
47135,2022,4,2,"47005,47039",175216.9207901718,166098.18806793675
18053,2023,4,2,"18009,18103",125956.39158921556,121040.83938698085
48041,2020,8,1,48313,237591.4120187564,181269.31689174593
17113,2021,10,1,17039,188705.72733873632,108196.50729874925
48201,2023,12,1,48339,288550.70189819083,344606.22160364024
12093,2020,5,1,12055,168905.71683414813,144661.67132613025
51153,2020,7,1,51685,420223.0127716069,329982.5064627005
30003,2022,8,1,30103,199972.06611609683,222008.6711013723
38015,2023,9,1,38083,327741.1915559206,157205.28743875286
41015,2024,12,2,"41033,41019",465948.2227118393,365497.56717309245
01031,2022,4,1,01039,156287.54786680025,150673.85654835007
48109,2023,8,1,48243,134011.6403343347,247818.74558112535
08101,2025,6,3,"08089,08025,08043",287514.606758731,224343.58808516114
31065,2024,4,1,31073,153044.72467080803,290777.76967572275
06029,2023,2,1,06079,329916.4542220363,826462.1818000813
30021,2024,8,1,30109,187507.42890857605,196585.37082906067
22087,2021,7,1,28045,213960.94474338825,204303.9822182235
26123,2022,8,4,"26127,26133,26105,26085",215833.719475398,196853.98205799673
48409,2023,8,2,"48007,48391",213314.0349026015,239572.04281810235
49049,2022,5,1,49039,556006.7728821049,349027.95475595817
12049,2022,6,1,12027,204753.12964375355,262568.9344192368
40149,2022,4,1,40075,93255.6586662786,77951.57856089975
48243,2022,10,1,48377,266420.42989451,238981.8906795167
48131,2024,4,2,"48247,48047",87283.44449896998,86265.58966853058
31107,2022,7,3,"46135,46009,46023",181772.48696302413,217453.4035100784
01005,2024,9,1,13061,151198.2185649116,170132.41576432344
40121,2024,3,1,40005,138555.13684349295,195431.1439514664
27007,2020,7,1,27071,175333.71053266557,112138.5606114314
22095,2020,7,1,22093,199990.27668976272,177120.8348193688
21035,2024,1,1,21157,200094.05228799264,181541.38850992685
08037,2021,8,2,"08107,08065",929240.771683994,611496.4683397266
49045,2020,6,1,32033,322534.52176862344,151533.8307962574
31111,2021,5,1,31117,159850.82062879924,259914.1036975605
27145,2021,7,4,"27153,27009,27067,27041",247669.38098947052,233240.38513780333
48223,2025,6,2,"48379,48231",266624.01247866754,284133.4575225373
21127,2025,5,3,"21159,21175,21063",161686.90906322756,150750.03806875795
05129,2021,4,1,05101,148593.84567181685,170030.80734228028
29147,2023,5,2,"29003,19145",205626.56372707817,188360.2169137756
40083,2023,8,1,40103,300721.1764298508,139616.39926346214
20045,2023,9,1,20121,303144.7276091811,337034.0713394456
19027,2023,7,1,19165,175659.71641263567,182542.9864463875
48387,2020,5,1,48119,148695.73713793478,130118.82275663808
05005,2023,7,1,05065,216628.44841436317,161189.6418845456
21071,2020,3,1,21159,94138.50860221776,73193.60215931077
19117,2024,10,1,19185,172858.0956765928,127993.31590044792
06003,2024,7,1,06109,508046.3578564118,400716.62280626345
41051,2023,10,5,"41009,41067,53059,41005,41027",507552.9513173413,568000.7552685782
05141,2024,10,2,"05137,05029",167299.95887688,181768.22229436424
19111,2022,9,1,17071,118032.54558815176,117052.9188696394
27145,2024,8,3,"27009,27121,27041",290987.0178483836,303133.03763727687
19063,2021,8,3,"27063,19041,19059",124115.11348748369,199676.4742265916
05063,2023,8,1,05065,164629.70842617872,160921.06569809798
05129,2024,5,1,05137,176212.15002049415,195688.68791894964
17151,2021,2,2,"17165,17069",155589.9976318214,97750.16395572406
51103,2023,6,1,51119,354813.19458209135,346508.12879216025
54083,2023,8,1,54093,145440.17599665254,204907.79713085713
13209,2022,6,1,13309,171793.68842218255,125602.43134393673
48251,2022,8,1,48425,359097.1367578153,392553.8438922344
55125,2024,6,1,26071,370417.4418370782,117502.37414241988
31147,2025,5,1,20043,110031.82231537234,145571.3806165727
30059,2023,7,1,30107,287469.680086627,171164.35737612544
48451,2022,7,1,48431,217643.2453124003,261818.87455421864
12131,2021,12,1,01039,648511.5307719796,149756.8840138791
45091,2021,7,2,"45087,45023",309803.23664512415,150863.87421066267
56003,2021,6,1,56029,204133.6457512642,328777.5126293199
13059,2023,5,3,"13195,13013,13157",297730.5864611883,327143.3646401285
29117,2025,6,2,"29025,29061",182457.64574330187,242979.85731326032
55029,2022,6,1,26019,353409.28209745185,346894.6048891653
21149,2024,6,2,"21183,21233",160037.1046757834,134146.14244576526
08041,2023,9,2,"08119,08043",465036.1918593905,404160.8136357646
16019,2022,5,1,56023,419240.4372510079,435838.5741838582
51097,2023,6,2,"51095,51119",254190.37718200256,392963.0485856711
40113,2023,8,1,40103,197097.76391784375,139616.39926346214
31053,2020,2,6,"31021,31023,31177,31155,31039,31037",153254.83209795933,170776.16941773435
29135,2024,4,1,29053,209290.01173627147,227592.5012546453
32023,2021,9,1,32001,307066.7253906434,338277.7688244135
22099,2021,1,3,"22077,22007,22047",159300.91750047568,163289.98692951456
54107,2023,6,1,54105,157647.99701597643,111387.82339254288
21225,2024,1,3,"21233,21055,17069",122408.24843774896,121977.9338210926
46135,2020,5,2,"31107,31027",205658.5286361217,147776.46451938117
48363,2023,9,1,48133,283720.3458755345,160947.1738738686
22029,2020,4,1,22077,123671.53478659126,169732.02652904805
19025,2023,7,1,19021,133964.5252924261,173846.99799573675
21055,2022,6,1,17069,136988.32663510225,114598.9869760648
37049,2021,3,1,37137,185846.81403940407,192340.65278745297
13303,2021,8,1,13141,140313.0164291824,180298.40539148697
51041,2024,7,2,"51670,51570",398533.6637100927,243880.75862318286
08117,2022,7,4,"08037,08019,08093,08065",1130872.3260485146,694995.336951147
48127,2021,5,2,"48507,48163",146645.94395211234,141722.19246971392
16055,2020,6,2,"16009,16079",375330.0852675585,196927.39545602995
29141,2024,4,1,29053,283330.51218304806,227592.5012546453
18019,2023,1,1,21223,234814.93695029107,194836.80491784037
12017,2020,2,1,12053,172700.61751256927,186909.45343194125
23011,2023,5,1,23023,278086.29698760185,382996.8681499967
23017,2021,6,1,23007,240188.3945120783,219707.3603005686
08085,2023,6,4,"08091,08113,08077,49037",417612.0967833667,713160.1982516549
55057,2023,4,1,55141,208052.72143437213,179735.99375495777
40063,2024,1,2,"40029,40133",107971.9959357005,113788.41540188616
08043,2024,8,2,"08015,08109",333169.5397288482,446582.05234822206
39003,2025,5,1,39063,174151.2802821632,231129.8816629426
41051,2020,9,2,"53011,41027",436606.6028334312,453506.58629975264
01111,2023,6,1,13045,193750.54637923537,275173.76056423626
05075,2023,8,1,05055,123366.47594873834,183821.8079160394
16061,2024,7,1,16035,267126.6952464586,296861.6912554735
26021,2023,6,1,18141,244437.83954230868,194871.7876301142
17107,2022,4,2,"17129,17039",118005.62604792876,147827.62055851205
21143,2025,1,2,"21139,21033",191026.3869195771,149814.30678017525
27091,2023,8,2,"27013,27063",185514.7776377728,229282.6810360757
06071,2024,9,1,06037,556547.6235942162,892083.4899124448
18095,2021,8,1,18159,139338.70495250318,177373.87076155096
26071,2023,4,3,"55125,55041,55037",112282.80333465688,239962.19707648174
27115,2024,9,1,27065,246549.13219007393,253497.5205947292
19151,2023,6,1,19021,96914.05166888036,173331.1390717771
29207,2021,4,1,29069,134356.26551351635,100994.9664770591
01089,2022,7,1,47051,313020.94597897475,290502.08909549634
27013,2024,8,2,"27091,27079",277181.5687939427,263458.2373674609
41039,2021,12,2,"41035,41019",411989.2963342641,282662.3346683759
12081,2020,9,1,12027,291886.94971803494,167579.25063092724
05061,2025,5,2,"05113,05109",151901.16380165605,180601.97385079498
05023,2024,10,1,05137,243387.69985734683,199446.21979651903
26061,2020,8,1,26083,131177.63761150354,132614.91554011902
01119,2025,6,2,"28069,01023",117334.10380955267,131367.20615300807
21023,2023,7,2,"21201,21161",179726.06431747144,157754.39881303045
18073,2023,2,2,"18131,18181",244902.342062559,166407.61844348625
13019,2025,6,2,"13003,13173",194025.71782817369,164200.4326837391
47163,2022,6,1,51520,221025.0395219539,148296.59953367975
41043,2022,8,3,"41003,41047,41053",392854.4910776214,480592.8012409862
05147,2021,6,1,05123,85705.33070329986,88147.48503909733
54085,2024,6,1,54073,122622.26023488998,156168.3416850172
22109,2022,6,3,"22101,22007,22057",194384.3721929891,167186.0186369225
17067,2020,4,1,17169,91934.0042490767,111499.36086931427
48063,2021,10,1,48449,211142.09086462887,209340.12492385288
56013,2023,5,2,"56039,56017",294758.69754686765,1104191.467196251
06019,2022,12,2,"06069,06053",386185.6102901537,800514.0377375307
17059,2023,5,1,17069,79630.22310755077,107215.55167697702
48005,2025,5,2,"48455,48225",196640.80896974928,200422.5778534044
28021,2024,8,2,"28063,22107",105672.20653718169,183645.07690471623
06071,2023,1,1,04012,526221.0763460132,248867.4644829245
48179,2021,8,1,48483,95783.50443414308,123960.81778103478
13045,2022,6,1,13149,273560.3045536102,238083.7289141229
35043,2020,8,1,35006,246044.4935261176,107394.1940220564
05103,2025,6,2,"05039,05019",96401.5281878441,130256.71357708953
23011,2020,4,1,23023,176605.6616041163,256528.5712866264
49055,2025,6,1,49019,436982.0740895627,585973.4911829005
42097,2023,6,1,42093,141005.32228596671,253262.33963263105
17153,2021,4,1,17181,120824.83697726727,133235.27083950394
40013,2022,11,1,40005,217480.97193336676,183433.95367892855
18053,2020,7,1,18009,96421.18413073274,81258.7724797164
16041,2023,6,2,"49033,49005",405648.2755260307,485171.2241431738
48073,2025,6,1,48225,239596.3443784075,211118.13430757943
05139,2021,4,1,22027,128146.4995686562,196783.438898804
08041,2020,6,1,08119,355419.95013957756,345599.123043315
55021,2023,4,2,"55047,55077",296506.7733221958,230570.8477549543
13031,2025,3,1,13109,280185.9746800081,175286.39050779396
13311,2021,3,1,13281,216912.30164404967,287987.0296816512
13029,2025,3,1,13109,406991.4612993985,175286.39050779396
27089,2024,6,1,38099,189292.08104989515,153174.4616142517
13241,2020,4,1,13281,230058.788733699,246330.3431419537
31139,2024,8,1,31167,236726.3964830532,244076.1085904527
30031,2020,6,2,"30043,56029",471003.17902625166,290960.4503998584
05135,2023,7,2,"29149,05065",155841.1290706361,163092.8816582269
49019,2020,6,1,49007,403997.0396329265,157318.54920463328
48371,2020,4,1,48243,166671.62027911085,207734.21350653816
29129,2025,6,1,19185,136890.00276309115,129686.15353793435
13255,2021,5,1,13231,181871.3614787713,273743.71033364994
51153,2020,11,1,51685,438459.9749745807,344061.4334591606
05067,2023,4,1,05111,96647.32726481004,127849.52942892857
54063,2023,2,2,"54089,51045",154370.57199433853,166314.75986589617
47077,2023,9,1,47023,179200.80031458728,168090.3438383831
51149,2025,5,1,51670,343041.96448520647,210837.51228136185
37143,2024,6,1,37177,253148.719487163,170412.1418184896
55121,2023,7,1,55035,227343.93113901097,288172.31226918794
06029,2023,6,1,06079,334306.7966328239,838615.1304701982
51089,2021,7,1,51690,115595.8411341508,76411.60574855514
13077,2022,5,1,13149,363659.75673556374,235702.4686522338
48499,2021,3,2,"48459,48379",215132.45126308803,208040.51292293583
21173,2024,6,1,21181,209940.30789913057,186103.15155704995
42081,2025,5,1,42093,221172.59138686684,265557.4248653828
05013,2022,11,2,"05039,05011",131676.0454641706,124828.40059442531
37139,2024,6,1,37177,252733.02693341835,170412.1418184896
34001,2023,7,1,34011,320825.618453858,242133.00700999363
16015,2022,6,2,"16045,16037",497418.3954401882,426118.82014391106
22071,2023,4,1,22075,276511.19730821217,295811.00901973195
30009,2020,8,1,56029,290891.126585471,289690.62733963365
47131,2024,4,1,47095,150427.00900678537,111783.50661407788
22099,2024,6,1,22101,166332.46255763463,121110.53899034044
21209,2025,6,3,"21017,21097,21239",328304.7605007026,282597.9138327691
40039,2023,8,2,"40043,40129",154894.28507731154,153715.03838701663
13215,2025,4,1,13053,182894.99940813615,141343.59368685147
23005,2025,6,2,"23023,23001",549675.1509778762,372178.43301333813
29115,2023,8,1,29211,120831.03495524576,108386.84034134886
31033,2025,6,1,08115,159675.72996067986,167415.76796570953
51195,2023,5,1,51720,122746.4451061966,109378.0984444794
36095,2023,8,1,36093,205888.46820689793,263030.4063302837
36029,2025,5,2,"36063,36037",277584.1750012777,219195.64367765113
19093,2025,6,1,19047,140772.43154467893,165724.73839512377
47049,2025,2,1,47137,243683.14982704024,239538.80840952985
53007,2023,1,5,"53057,53037,53061,53033,53017",522331.964774209,604270.3811806453
19187,2024,7,1,19151,131630.4341399724,107278.6836802712
27121,2021,6,3,"27067,27041,27149",261398.887939219,220082.0947089049
30063,2021,6,2,"30089,16049",448617.3550506602,298950.3540704901
48225,2020,7,1,48313,196838.42648956535,179767.64560461356
13157,2024,7,2,"13219,13013",398664.0238101783,442121.46378229995
30073,2023,8,2,"30101,30015",227240.41209182012,205486.64598334453
32015,2020,7,3,"32011,32001,32027",191819.54792514016,202224.95902977244
48387,2020,9,1,48119,155275.60872461615,132041.42373207668
39089,2025,5,1,39083,324075.9655843393,267725.3125843413
21071,2020,7,1,21159,97797.404391427,76224.14711031261
05049,2024,5,1,05065,176725.43781060204,167289.29802547884
12099,2025,3,1,12093,485149.39163415367,288611.3536271017
35025,2023,9,3,"35005,35041,48501",193282.0505034673,170347.73672462747
34005,2022,6,1,34021,342427.02903308556,363458.2818381977
06077,2024,1,2,"06005,06009",545131.6098159155,439443.8985172763
32031,2021,12,5,"32510,32029,32001,41037,32027",537805.6145453319,328383.0444848406
13081,2025,2,2,"13315,13093",138961.02753401015,130466.3603544324
42125,2022,3,1,54009,212175.67423692392,116933.5908261949
45057,2021,3,1,37179,295900.21317607677,327564.4825648796
42047,2025,6,1,42023,124344.61436291914,91500.0078864398
28003,2022,5,3,"28139,47109,28141",170971.41163546086,156864.75364141105
37193,2024,7,1,37005,216061.9462447795,269202.3674546925
28139,2023,9,1,28117,135706.10929176057,141884.04013592406
48131,2021,7,1,48247,,120693.55644309534
05147,2023,2,1,05123,95955.50671248544,83977.46071344941
19113,2025,5,2,"19105,19055",226113.07338767065,222917.477965389
12079,2025,2,1,12067,209317.04486851,247457.13199385407
19103,2021,12,2,"19183,19095",254144.1308122259,179317.71579837333
39157,2023,6,2,"39151,39075",176751.71224946587,249069.88768620545
37023,2024,7,1,37011,253104.6536121944,396221.0776627806
16055,2025,4,1,16009,581565.5719613024,320629.05711804837
30089,2022,8,2,"30061,16079",429739.0706739912,333880.7053792485
31113,2024,4,2,"31171,31117",183292.6951158253,256643.64233137682
51001,2023,6,1,51119,237069.53999929852,346508.12879216025
08113,2022,10,1,08111,1543094.0339643592,497589.6999010252
28037,2020,12,1,28005,152029.2489210875,147997.7060443446
51069,2020,7,1,51840,300350.2008850082,239715.50721753764
47057,2025,4,2,"47173,47067",271763.4384784729,218455.3331252603
16071,2020,4,2,"16041,49005",184810.67296259524,290329.9564878468
54059,2025,3,2,"21195,21159",84926.92902051186,118344.14249322312
12083,2025,5,1,12075,279860.0634847773,294205.1663063721
41053,2022,1,1,41071,432518.0148437624,480156.4416808602
21049,2021,7,1,21173,187008.8811867196,170012.78403480895
48317,2022,5,1,48115,293386.2997526417,118939.1148952651
05003,2022,7,1,22067,97718.28547016508,112665.32694275254
26165,2020,4,2,"26019,26133",148978.8009856652,176412.08679964606
32031,2023,5,4,"32019,41037,32029,06049",529360.5457677457,305132.8605402317
29095,2021,6,1,29107,196949.8275263685,175859.8770819887
47017,2020,10,1,47183,131035.8951285772,120835.8858717335
01077,2024,7,2,"47055,47071",223235.62112893455,224479.4500049454
08067,2024,7,2,"08033,08111",651385.8717625308,431970.7040278366
18095,2021,12,2,"18065,18159",142829.27403830594,163461.47570411838
48451,2024,4,1,48431,225559.0828838377,217633.0354774196
19079,2022,5,1,19197,137965.68287541263,120524.3636478617
05069,2024,8,1,05025,92376.088397859,152827.95673479198
55011,2023,7,1,55035,212970.47352336103,288172.31226918794
01117,2023,5,1,01007,346215.8094323411,221110.1129595851
46121,2022,8,1,31103,,260660.94512695272
08041,2025,6,1,08043,457319.4072218838,338955.84976824006
51199,2024,7,1,51735,443375.2725032652,443338.1906605699
30027,2023,7,2,"30015,30107",259094.25593105843,209673.7447936415
22103,2021,3,1,28045,253309.654260347,193141.72846543687
16021,2024,9,1,30053,440712.0792784826,414404.1352230123
29095,2024,7,2,"29101,29107",239307.30689236455,239383.9472970728
42035,2025,4,1,42023,188953.03882121228,90290.12206762306
04013,2022,8,2,"04012,04027",509388.3038992169,262178.2755354341
13095,2022,1,1,13037,106140.00483305736,113057.70858478767
17199,2021,3,2,"17181,17165",127650.33877533184,108650.076735098
29113,2020,4,1,17013,205495.77128503376,157406.51837666988
47161,2022,3,2,"47083,47005",227981.18622130493,177870.18364296353
54085,2024,10,1,54073,126390.23393618502,161842.37626779798
18011,2025,4,1,18023,397816.7437907776,212410.4305185832
06017,2020,4,1,32005,504475.4575861363,508939.55064102105
19103,2023,5,1,19115,277633.53988384653,146464.1065465059
13007,2025,4,1,13037,153175.23708070352,99042.5951829141
31031,2025,6,1,31171,237731.5978035451,195924.49798647183
08091,2020,7,1,08053,491077.4582941735,349426.1364735423
16017,2023,1,3,"16055,53051,16079",614044.6494231328,397141.6275253317
05099,2024,12,2,"05109,05019",,170168.86660362547
19009,2025,4,1,19047,149587.32995259587,167148.24209160524
51015,2024,8,1,51790,332819.78363824176,266299.24581844057
16055,2022,3,1,16009,573933.8749510014,336230.0039566982
51005,2024,7,1,51580,168345.70386109804,98386.29388830904
18019,2020,4,1,21223,179068.51843804956,147138.48887789637
13243,2024,8,2,"13307,13061",99685.46015046304,173694.98202703614
23011,2020,8,1,23023,183853.5445613856,263612.9234492629
16007,2023,4,2,"49033,49005",374092.6029024069,481652.7581730789
28127,2022,7,2,"28065,28077",161482.36265614958,127797.18561977935
55113,2024,7,1,55003,307483.7091339025,194392.7114769043
40151,2021,5,1,40003,102384.74464197674,113654.68661274148
29019,2024,8,3,"29175,29053,29089",310131.8843288358,198816.2377511464
29013,2022,3,1,29185,200264.92606584987,180563.0415573108
48491,2021,5,1,48287,,303842.06440874696
48283,2023,3,1,48127,147722.47950007513,143680.92242707498
20005,2022,5,1,20013,148109.13813706196,116787.15529852702
08049,2023,7,3,"08019,08047,08117",752075.8712491024,708247.8767219419
34023,2022,6,1,34021,461321.4626148352,363458.2818381977
47047,2020,4,2,"28009,47069",266222.4214141203,118412.13056279512
48287,2025,5,1,48051,352745.8269473666,269138.7864238764
35049,2021,6,1,35028,469881.8232884393,459581.2885220714
47165,2024,7,1,21213,438139.74991762,248101.93434890453
20005,2025,6,1,20043,165748.6841766587,145450.60712285744
48221,2020,5,1,48425,266921.08596178703,266948.52755863284
21023,2025,4,2,"21201,21097",195073.81247440295,208239.5557869655
13285,2022,6,1,13149,196243.89433069955,238083.7289141229
41011,2023,12,2,"41015,41019",353366.03282946657,394541.7700507282
08055,2023,9,3,"08109,08003,08023",276958.83843361563,240901.6884175587
20105,2024,7,2,"20141,20123",114042.387366828,106597.01242175
21047,2025,1,2,"21219,21033",199321.55727817453,187913.77507858654
27077,2024,6,1,27071,205187.3481720568,143306.42264888206
18073,2020,5,1,18131,187577.97871803865,107988.58199139273
16027,2022,6,1,16045,458050.6393024097,495756.1413599395
42083,2025,5,1,42023,108727.61844655348,92026.82269402235
05067,2023,8,1,05111,99218.41468919146,133258.51213850678
48061,2022,5,1,48489,182006.7089461287,237652.10145130393
48281,2022,4,1,48333,290866.1898244497,412148.6770555011
46009,2020,8,1,31107,132485.22566220156,144904.80670893996
51177,2025,6,1,51630,452573.24013872776,462485.2840295431
39095,2022,8,1,39173,144095.7535547278,212149.01472166443
01083,2024,7,1,47055,313866.9445754762,247360.9282966186
51035,2024,1,1,51063,188903.89096846696,245996.0533522881
56007,2021,5,1,08107,170498.69202869976,755335.1923292374
06087,2024,12,1,06069,1141197.8160754,782573.5155408786
36091,2023,6,1,36093,398626.8555449077,259253.7857525167
48179,2023,5,1,48211,100138.57575369305,168531.65313848708
27119,2021,8,1,27029,196293.5339162709,176720.01429160117
31127,2022,8,1,31147,154427.3091916558,115093.9185385893
48393,2021,3,1,48483,,115011.21021527504
01005,2023,8,1,13259,157676.58142470708,88459.46363069995
17033,2021,8,1,17079,124101.96010989673,132032.37975393815
17057,2020,6,1,17169,83103.38393812405,111721.75010589253
06041,2020,1,1,06095,1126674.2073721045,460925.3607411205
18107,2024,5,1,18045,199916.9438711808,173483.28603205192
01127,2021,10,1,01043,128440.31483651772,217056.8894587905
17157,2023,3,1,29186,127585.30582564056,209704.6582556209
26003,2020,9,1,26095,155890.5270567794,112001.1686678876
01065,2022,10,1,01007,171927.82964981048,219770.17183563765
29099,2022,4,1,17133,249336.8211442063,266658.8897660762
54087,2023,2,1,54105,122936.71119009366,110421.19770311555
41023,2024,7,2,"41069,41049",266185.13635812094,299921.26514933776
06023,2024,1,1,06105,458571.0407822493,276198.6892635789
17165,2023,3,1,17069,92275.68340866192,106827.99040672806
48149,2021,10,1,48477,412111.8691470384,333488.03582907695
25009,2023,6,1,25025,631221.3041892718,715208.5842361543
36061,2024,5,3,"36005,36081,36047",1135693.8010982643,669320.9535352058
48137,2022,5,2,"48267,48435",,263879.7506385211
13245,2024,4,1,13163,184717.46614014948,130439.66382373
45013,2024,4,1,45049,537741.1116565722,164877.31095891856
04017,2024,7,1,04009,394301.4876342751,284170.97849873407
16001,2022,6,1,16045,564919.17210597,495756.1413599395
16071,2023,9,2,"49003,49005",319256.4508144011,440177.802080006
51015,2021,5,1,51820,288741.5877786228,225122.9272434832
42027,2022,7,1,42087,309521.4620533232,152368.4642822907
06073,2022,8,1,06025,903694.4357443724,313499.4106167201
06029,2025,3,1,06031,364498.524878442,356378.909285939
21153,2021,7,1,21115,90136.09261743628,118942.52791337104
22079,2024,7,1,22039,166725.90320865382,111485.8132849427
56003,2020,5,2,"56033,56029",170839.24383578845,293240.6262932772
26113,2020,11,2,"26165,26039",182441.04169031425,135081.50894827666
13181,2024,1,1,13317,227082.0970884012,156280.64911042678
56029,2022,7,2,"30031,56017",386816.0092578445,454894.8065379741
28071,2022,5,2,"28013,28137",293686.7555829545,168011.73230073426
32005,2021,8,1,32510,651759.5136735972,440863.59267847706
13069,2021,2,1,13161,142106.93116623664,110060.61720068114
13081,2025,6,2,"13315,13093",132898.68915081944,126064.22771334095
42125,2022,7,1,54009,220070.5030696212,119238.61418013027
17119,2024,4,1,17005,177301.7970200948,147685.91396602342
45057,2021,7,1,45023,316648.7081111302,172463.33455782197
16073,2020,5,1,16083,263364.7145523762,233689.64042028144
01119,2022,12,3,"28075,28069,01023",119636.58169073846,139902.87318380506
01129,2024,12,2,"28041,01023",167462.06626701856,137039.60665764095
56031,2022,4,1,56009,239867.52998275807,263745.9776527074
16013,2021,7,1,16025,740741.6829143412,374646.50901769305
20201,2024,5,1,31095,140030.11206823014,129837.35520288588
37185,2021,4,1,37181,183569.2609744826,150792.5728785556
05147,2023,6,1,05123,99634.87733129389,89172.39402737684
08083,2024,8,2,"08033,08111",393547.4413020811,431949.62173743325
48313,2025,5,1,48225,281286.3324890143,214639.33244058775
29163,2022,5,1,17013,183627.78547035143,182671.28605271663
47093,2021,7,1,47105,260142.50834136028,329824.84192492696
17115,2022,4,1,17039,97460.90353698548,115591.725053659
41051,2021,1,1,41027,465466.3706173287,543291.8477542419
51650,2024,7,1,51735,273031.1826788291,443338.1906605699
48111,2023,5,1,35059,137873.19191156112,119408.72057693214
47153,2023,7,1,47061,263315.3237107269,186532.53327518617
31091,2025,5,1,31171,128771.673671828,196666.38414166347
16075,2024,7,1,16087,392147.707221272,368728.00406513625
45069,2024,7,1,45033,104345.21022427556,108867.2928279541
13221,2024,7,1,13219,300459.590953767,539922.1323316594
28143,2025,1,1,05077,149340.93595697242,119228.23558230988
46045,2022,8,1,46129,194757.74651515947,131183.08570874084
18037,2025,5,2,"18025,18123",246008.71442488456,174225.57349259147
18041,2021,12,1,18065,110881.96624639668,144359.58913828703
21069,2024,8,2,"21201,21181",165135.47547608524,187330.2622648867
47085,2021,10,1,47083,192707.41174962916,174196.71223237968
51730,2024,8,1,51570,194208.302181999,277491.103881175
16051,2020,4,1,16065,281285.17670938035,253119.6157870101
17125,2024,2,1,17017,80289.08856608781,95311.40260684864
08045,2021,9,1,08107,525436.7300367443,829694.9740717234
06065,2021,6,2,"04012,06025",496623.29284540215,242352.10417545537
12099,2022,6,2,"12051,12043",467230.4178634102,243884.92780208663
39063,2024,5,2,"39003,39173",224410.90282379347,198113.55187312432
47077,2022,5,2,"47039,47017",170719.77159110527,167793.4170331949
27111,2021,7,3,"27153,27159,27041",255637.68873822704,217902.78915808783
40031,2021,7,1,40033,120402.55737112176,85439.01219946537
30013,2023,5,1,30015,283514.1724470108,242165.3164590615
26073,2020,6,1,26133,160633.70600057347,121415.08251057735
26001,2021,7,2,"26129,26135",155510.8250235569,124754.18670908635
46115,2023,6,1,46005,141220.37794120956,185222.7462640476
38051,2024,5,1,38045,,165666.87141369568
49023,2025,5,1,32033,430664.4427077519,185732.70296938936
35061,2020,7,1,35006,197247.3610205819,106429.58474383484
47113,2025,5,1,47069,231503.43481840493,151973.75050075763
32019,2021,7,3,"32029,32001,32510",369486.7397959384,403976.62584095844
27057,2021,10,1,27029,252526.39996853468,174626.83429611463
27111,2024,8,1,27041,302331.71111778595,322128.545591817
55049,2020,10,1,55103,224983.7792397313,155466.88193448048
47125,2022,5,1,47083,299180.7101092635,194540.81693233256
23019,2020,4,1,23029,162268.79618779727,118564.63420386058
13101,2025,6,1,13173,168055.81709403454,208769.21644465733
48313,2022,4,2,"48185,48471",256421.23088465177,303165.6462051715
16085,2021,6,3,"16015,16003,16049",536754.4269110551,366254.76849150815
51059,2022,5,2,"51610,51600",718586.5034576036,847610.766146975
29113,2020,8,1,17013,209027.593032036,160618.43489537292
28085,2022,5,3,"28063,28037,28077",179896.61892510447,163921.28805590805
35013,2020,3,1,48141,186110.33570805076,146682.49199817973
44007,2020,8,1,44001,284448.4352468381,406806.56913656736
12057,2020,5,1,12049,249984.641754259,137085.07318472824
26121,2022,8,1,26127,221601.31625784177,233765.3729926572
48021,2021,4,1,48287,302521.4918818216,299032.66973965947
01091,2025,5,2,"01023,01131",144698.90436059926,138535.61813781294
51175,2021,5,1,37073,209922.5295894868,174556.19499075436
16031,2023,8,2,"49003,16053",315303.071139693,401136.8337548069
30025,2024,5,1,30109,172783.68709370174,198787.91380894443
26045,2022,8,1,26037,227876.28137676057,277642.68331377447
08113,2024,7,2,"08033,08111",1454844.510706331,431970.7040278366
31113,2021,7,1,31117,,261819.68249419317
51051,2022,6,1,51167,96224.22407753406,129880.86315950686
22079,2021,4,1,22003,164501.48783602356,128813.63804145412
28085,2025,6,2,"28147,28113",168886.5031398828,130857.90146006402
48303,2024,6,1,48153,215498.81446887887,95610.96787288494
23011,2020,12,3,"23023,23007,23015",201085.6897569392,259605.3998818108
40069,2021,5,1,40029,99693.50124983728,96918.30267802866
28085,2020,12,2,"28147,28005",162930.35796742066,144879.19511318672
31163,2020,5,1,31077,129381.3695964672,160317.90439784268
37163,2025,6,1,37141,148390.56202199924,439311.670110805
40151,2021,9,1,40003,107357.9627572935,110295.10148164506
13271,2022,10,3,"13315,13309,13091",111961.03514084636,135235.07374271925
48117,2025,6,1,35009,175873.64718833813,159893.17370051504
18137,2024,5,1,18115,248819.97945243484,257110.85837278748
53059,2021,1,3,"53077,41027,53039",443304.7894723927,395413.0716758926
28141,2023,8,1,28117,179329.72455012097,142933.48190975547
35035,2020,8,1,48141,148859.34542556162,150697.4640093815
27015,2021,9,3,"27127,27165,27033",181257.99084737388,130346.05933544593
39139,2025,4,5,"39005,39083,39077,39033,39117",179154.12076432988,217437.35529256464
41059,2024,8,4,"53071,53013,53005,41049",295049.4370906911,348617.4288223761
27007,2024,6,2,"27071,27029",245366.9598316579,171086.38615111477
28047,2021,3,1,28045,177133.90548056937,193141.72846543687
27103,2023,8,1,27013,278198.5157276985,271166.6561231645
35001,2024,9,1,35006,338329.82350971666,145340.89979133185
47041,2025,5,1,47159,297782.02353506937,301218.91807547497
48465,2020,3,1,48435,164359.4715003729,143468.60911194308
19173,2022,8,1,19145,117865.95967333217,128381.15810736008
55003,2020,6,1,27075,140776.45321745554,174071.57238944524
08097,2022,1,2,"08051,08065",2030288.23826872,535985.310503144
40055,2025,5,1,40057,81008.37115709756,82119.97465471954
46039,2024,6,2,"27073,27173",281252.0164278249,168567.53370153919
51013,2025,5,1,51610,823956.6599582034,1112427.0031789527
26131,2025,5,1,26083,122462.37729312414,189087.45702921657
06019,2023,4,2,"06069,06053",378701.9002256712,785402.8973043989
46123,2024,6,1,31103,185026.7458255523,275503.9623603276
27171,2021,4,1,27019,323467.054979101,411024.07816324855
06061,2020,5,4,"32005,06057,32031,06101",529629.3274704778,432847.85860244225
42033,2025,5,1,42023,130261.48439303202,92026.82269402235
05095,2021,3,1,05123,106521.47652306104,87022.31228905183
08093,2021,5,2,"08019,08065",438304.31578799494,436433.19017865835
16031,2020,7,2,"16083,16067",202983.9781880012,215437.31278633367
13193,2021,6,1,13269,93903.47398346178,130093.74218130128
01067,2023,12,1,13061,181846.1688060324,169656.00996345034
48393,2021,7,1,48483,,123411.62559769487
01005,2023,12,2,"13239,13061",149478.39256555654,148327.79461870508
13061,2021,6,1,13037,147369.26670965648,105290.7386189018
37163,2022,5,1,37141,141603.81199943103,400840.2743825496
46051,2023,5,1,27011,223935.73660016851,172205.13929041577
40121,2023,6,1,40005,135456.46383040553,188690.462831664
08093,2024,6,3,"08015,08019,08065",532447.9202891634,572571.4573704711
42033,2023,12,1,42023,130768.82946886662,90878.04702216818
41057,2024,11,3,"41007,41071,41009",513837.5581433953,491870.81417558156
38017,2023,4,1,38003,300107.3459520124,174109.31843186438
13139,2022,6,4,"13011,13013,13157,13137",370830.50569019496,323333.74467431894
06067,2021,12,1,06013,522859.86275814165,822700.7454104811
17165,2023,7,1,17069,94571.46046076348,109698.34910782348
21091,2020,8,1,21027,136114.8473134194,115502.09622163624
28113,2024,12,1,28147,105587.85439234608,162250.92935062476
40129,2022,6,1,40043,183419.2994431445,135311.6902762334
28155,2022,7,1,28013,177184.51307791637,130404.61554189544
08103,2024,9,1,08107,310754.87881114805,1089251.711441737
53075,2024,6,3,"53013,53021,53023",323592.24783478584,291940.58652454475
12039,2024,6,1,13087,206844.1473804278,179410.04765870166
08055,2025,6,1,08023,278706.58097902,199941.63785160455
31051,2020,7,1,31027,134711.22645077985,158401.39161261276
39065,2025,5,2,"39101,39063",172966.82196127705,199616.01487651287
36119,2022,3,2,"36079,36087",689490.2230466398,509795.53517632827
40049,2021,12,1,40099,116920.46014732588,137598.8022893717
54099,2020,2,1,21159,102510.14105835772,73040.12339546054
06073,2022,12,1,06025,862218.1615346601,307479.7936764521
42105,2024,9,1,42023,155360.62502019896,81765.06747923995
01005,2022,4,1,13259,152844.94673259708,99725.41631853949
50005,2021,5,3,"50015,50009,50019",227774.0087442867,273892.9842590787
51121,2024,4,1,51063,327361.48034616635,249548.4421993092
46059,2021,6,1,46005,214957.73251286,159144.23867778035
29121,2022,6,1,29103,158067.22795285846,152572.0194742263
13181,2024,5,1,13317,233809.7362026495,163381.16600606378
49003,2024,8,1,16071,434773.3420695847,325648.06000303506
27141,2021,4,1,27009,313300.7315542965,224414.84995885665
55089,2022,7,1,26127,420667.5691270765,233497.8208700244
32005,2021,12,1,32510,672623.2324594386,451226.7377853973
37099,2025,5,1,37113,441974.17976580706,354883.58163524326
19137,2022,8,2,"19071,19145",127143.47903117676,146386.63145533775
46025,2021,8,2,"46077,46005",172565.97823373193,178025.4278389158
06067,2020,4,3,"06095,06113,06101",411017.2301569888,428716.0108369305
22063,2025,5,2,"22095,22091",244400.81967521776,187129.42332637188
27033,2023,10,1,27105,158699.57681336452,207079.44933053415
28045,2024,1,1,28131,232198.12935229647,185448.39396207596
06089,2023,6,2,"06105,06049",368819.8836152106,238352.53412023
22095,2021,3,1,22093,220823.02764026728,192157.17227842016
48087,2024,7,1,40009,96974.28680876872,135340.81056211225
13207,2021,1,2,"13171,13021",248573.86525359133,152094.57371439913
13161,2022,1,2,"13005,13309",126040.00347943844,126217.68369001549
55099,2023,4,5,"55069,55125,55085,55051,55107",175396.6927667613,245277.16409495153
05107,2020,12,1,28027,69030.49490911151,65286.02199817246
13107,2021,1,3,"13279,13283,13031",93199.58082873625,138790.34111898867
13211,2025,2,2,"13237,13219",446516.5446542387,474630.9142432427
48215,2025,5,2,"48489,48047",191527.91662461223,135273.95471499386
48115,2020,5,1,48165,109370.46083596938,193031.37553495413
40153,2023,8,2,"40043,40093",133169.1682608157,140948.2537376297
40067,2022,7,1,48077,92995.29840404606,216898.02198761725
48253,2022,5,1,48433,149400.9453579033,139135.27456637906
28091,2024,6,2,"28147,28077",135819.96606694255,146526.21878064156
48157,2020,6,1,48481,273737.2881497059,210760.83014636
40089,2025,6,1,05113,201947.77034710444,182315.6568940809
06007,2023,9,1,06011,401871.20774126606,362511.76359877945
35043,2024,7,2,"35006,35031",366123.9765963157,180206.68991761532
21057,2021,1,1,21001,123475.30734325763,126633.20822044018
06065,2021,10,2,"04012,06025",530511.5969800749,257983.19132193725
55039,2023,8,4,"55139,55047,55015,55131",243302.16958422225,297960.35663552943
13051,2024,5,1,13029,351895.0925304669,396329.0065310784
21043,2025,1,2,"21205,21063",162249.91254410087,173226.8159284035
26113,2022,8,3,"26079,26133,26039",207202.37809218583,177889.59986626633
13241,2022,8,2,"13281,13137",375900.9947401969,329454.06263107085
29031,2021,6,1,17181,194072.85286395135,132826.70930840078
01113,2021,10,2,"13053,13259",160072.96603616964,110302.29994259325
05099,2025,4,2,"05109,05019",,168572.1901408759
49057,2022,7,2,"49033,49029",467703.6309593294,637575.3623718834
28073,2022,2,2,"28065,28091",223568.6087307557,129739.2895348707
05061,2024,8,1,05113,145875.21626202218,178870.00803747828
41019,2020,7,3,"41015,41029,41033",237558.3129906716,328160.9499687813
19193,2020,7,1,19133,146529.46399635836,110396.42141560992
20131,2022,4,2,"31147,20013",190334.14650342436,111414.85423012736
48129,2021,6,1,48483,,121741.5565821997
13239,2021,5,1,13259,97314.08450164004,89447.03371552513
48469,2025,6,2,"48285,48057",217182.11689269697,244904.61923993583
06089,2020,5,1,06049,289689.7936541369,130555.09692437944
05147,2020,9,1,05123,76350.86513192872,89402.87651966211
23019,2020,8,1,23029,167380.90910564907,124047.39536128665
06109,2020,8,1,06051,314717.3300976756,514060.8429929831
29189,2021,9,1,17133,230882.71779036717,250513.55877409503
45067,2022,1,3,"45033,45089,45043",128711.54428922397,192678.29481590874
51003,2021,8,1,51540,440659.1376121392,421169.08803131495
50001,2020,8,1,50017,329180.1681415075,250155.6542228776
05107,2022,5,2,"05077,28027",62049.65193695383,96686.01892896103
48039,2020,1,2,"48321,48481",248476.00843663196,183464.73539685205
38099,2023,5,2,"38019,38063",154781.60452679975,158626.0179926551
30025,2024,9,1,38033,169526.4450005251,168360.54264381932
45051,2022,6,2,"45033,45043",317785.44767573505,239530.20833466988
39123,2020,10,1,39143,193131.17992790305,123795.02678782174
46027,2020,4,1,31027,177786.39429826077,155608.5786288861
13137,2021,10,2,"13281,13257",238177.8736800402,253941.95173182443
18017,2025,6,2,"18131,18103",167932.12121399865,161417.1228968767
30083,2024,6,1,30109,264342.020382542,197347.30846496052
51710,2021,4,1,51131,246976.84757940812,217249.29728711
48369,2023,9,1,48017,150055.86185291727,143650.2004116845
34015,2023,7,1,34011,329191.9131849734,242133.00700999363
51153,2024,8,2,"51685,51683",571432.0385877393,462804.7915004741
22003,2024,6,2,"22011,22039",115030.3635974734,147097.48951692996
28047,2021,7,1,28045,186464.0141094617,204303.9822182235
48093,2023,9,1,48133,208825.25926007784,160947.1738738686
48485,2023,9,1,48077,160874.34171442292,207253.4691569541
19067,2022,6,1,19023,140088.79423342226,164575.74206031623
05147,2022,2,2,"05123,05037",99266.32149829427,113087.49080026941
08083,2023,4,3,"08111,35045,49037",384513.9565552005,356419.91900188173
13107,2024,8,3,"13283,13163,13175",133509.6864838679,155413.8310871561
40123,2021,12,2,"40133,40099",156787.4679765529,117775.16864733608
47181,2022,4,1,47039,153586.5909625777,167951.691719625
23015,2020,7,1,23023,270005.41380899906,260831.5273210222
28011,2021,6,1,28027,157820.94906765822,72425.81408398387
13167,2020,4,1,13283,96437.30079503282,107489.43016745133
13249,2023,4,4,"13269,13197,13261,13193",171246.20662498646,129607.86937973995
28091,2021,3,1,28147,122650.81713849974,144156.0722546149
54089,2025,6,1,54063,149992.52985218287,174620.9005068298
17059,2024,1,1,17069,81672.10422717867,109806.59292381234
27165,2024,8,1,27091,152168.20274694334,194689.4643245387
04015,2020,7,1,32017,243418.31998503956,174097.78043811955
22045,2021,4,2,"22007,22047",158913.34424449972,154077.21879547316
18083,2024,5,1,17033,143807.5936973821,125892.45452054408
22019,2024,7,1,22011,189966.6067397832,183284.06266422648
55083,2020,6,1,55078,169283.0596220295,185522.7135523292
26089,2023,9,1,26029,595507.0328545842,365005.9746750593
42071,2022,5,1,42043,317343.23345804436,227961.74583100257
25017,2024,7,1,25025,793185.9959499832,750680.1141752793
06013,2020,8,1,06095,657845.8391730827,470799.88833791297
20099,2021,7,1,40035,83846.4425656457,145343.1336632536
37163,2022,9,1,37017,144935.80290911745,154437.4854069377
20151,2024,9,1,20097,123678.30800330213,161950.51955781665
40097,2021,7,1,40035,171748.38211564,145343.1336632536
40121,2023,10,1,40005,136236.24467765706,190330.75305954597
13297,2025,5,1,13219,382135.5709230751,547766.86235957
29035,2023,7,1,29149,178574.680661481,164996.12143190822
37023,2025,5,1,37011,251729.78861504,392767.3466573667
38017,2023,8,1,38073,304730.93354015314,181072.19070223733
39139,2022,7,1,39005,154291.8260348556,193944.4059864992
29003,2020,5,1,20043,189514.48265312333,102490.91861250736
21137,2025,6,2,"21199,21203",181935.55497700325,171590.7697063302
31005,2021,9,1,31117,,252612.4758194545
48387,2024,6,1,40023,183197.99847444156,136735.94159425845
38049,2023,4,1,38083,170818.19390230425,191802.6288284617
18057,2025,5,1,18023,447927.1536377536,212220.68458559224
40129,2022,10,1,40043,184783.30006294764,132488.8854451736
46109,2022,8,1,27155,246441.5714802073,126519.14093120689
05049,2023,8,2,"29149,05065",173808.5420623694,163158.01149815798
48255,2021,10,1,48013,280467.50281167426,243075.5782771639
48383,2022,6,1,48431,197639.9404561416,259208.79494810375
47041,2022,8,1,47159,295166.7054097361,300530.1690436382
48131,2022,3,1,48247,119214.0444719485,110546.66691720315
17169,2024,5,1,17017,153942.9528146175,98020.52170938176
28085,2021,1,2,"28147,28005",162662.3035012537,146082.33249471232
54099,2020,6,1,21159,105509.6730966988,75353.02943802267
13099,2021,2,1,13037,106076.04473135529,99039.20167778883
51013,2022,8,1,51610,783433.4085694436,994934.7165031144
26123,2023,8,1,26105,216426.7622254627,247277.18951557015
49035,2020,7,1,49029,392118.3483820956,490862.1596218107
51035,2021,8,1,51640,167331.75601043805,125762.43671139269
19023,2020,6,1,19067,127284.1555244368,115358.54858704978
55067,2020,5,1,55078,132223.00620395204,183399.73615867752
29223,2022,3,1,29093,134624.0138958051,135872.49308538449
22029,2021,4,2,"22077,22125",124415.47215978045,229159.7713876528
13069,2021,10,1,13005,161764.51679704338,119666.52761513872
45071,2021,7,2,"45087,45059",203286.92535695143,176868.64023789536
51683,2021,5,1,51685,396957.6355942208,371500.287711967
13217,2025,6,1,13159,295544.078763552,308322.2610484381
54099,2023,7,1,54059,125599.0208123531,86347.04281476069
47163,2023,8,1,51520,240495.47645261855,167022.74073653485
31117,2023,4,1,31091,275389.25682091893,129728.24392820596
29183,2021,3,1,17083,284556.7387314071,163162.12755228466
27059,2023,8,1,27095,316169.76319824666,282891.12876463844
37115,2021,3,3,"47171,37087,37199",300124.96935456403,223072.63675619793
27007,2021,7,2,"27135,27029",202407.98453576013,180871.444991
47167,2022,5,1,47097,239005.1872283302,129486.37962946692
17077,2024,9,3,"17199,17145,29157",104367.31406951867,152865.77873545975
22095,2021,7,2,"22093,22057",221373.743336815,211357.3866907042
20057,2024,6,2,"20097,20083",201724.4793964537,152285.08052515687
21035,2020,7,1,21221,153241.78552052617,231268.19363142792
42123,2025,6,2,"42039,42049",131860.6093878049,177390.87843860107
13211,2025,6,3,"13237,13219,13159",442994.4648281955,418807.0569120923
51069,2024,4,1,51840,410971.7308713665,331757.0966948667
36087,2024,5,1,34031,695389.8390256469,540780.4443659274
48255,2023,3,1,48175,234137.0245690141,250560.41024884192
30003,2020,7,1,56033,134768.41644043816,303772.23880600295
16049,2023,5,5,"16035,16003,41063,16069,16061",321540.7712083645,358567.44746186014
05057,2025,4,1,05109,114976.5766035894,178972.8397842735
16019,2020,4,2,"16029,16065",261124.31279732147,229541.3410130958
41035,2023,4,5,"41019,06049,41039,41037,41029",281413.88376893493,308693.4741809529
19131,2023,3,1,19195,174541.7649551075,159348.41667006604
08101,2023,5,1,08043,291621.5866514604,324179.5686850599
27091,2021,9,2,"27063,27165",163353.8516670762,137131.45655714514
01029,2023,8,1,13045,205322.49768704115,279336.721110492
18153,2024,4,1,17033,138385.70031719102,126408.21034391456
06063,2022,6,1,06091,387122.9566511779,336905.960887926
48227,2022,6,2,"48115,48431",167666.34989178635,188692.28834732497
21043,2025,5,2,"21205,21063",171038.9860532486,180997.71003721253
48335,2023,9,1,48431,104539.1959667593,238739.4079983241
01033,2021,9,1,28141,159773.0070258385,167247.02371618597
13189,2022,7,2,"13301,13317",181124.3604230264,136401.74334895346
40093,2021,8,1,40003,131871.68400161504,112759.1685050372
31023,2025,4,2,"31185,31143",221210.00790730183,212148.18513805856
24025,2025,6,1,24029,413598.5811179165,374943.2577257298
32005,2023,9,2,"32019,06003",664660.2575927208,453107.2514073568
16019,2023,5,1,56039,379113.7509086873,2000289.2443967965
21015,2024,9,1,21081,328049.39882128156,263840.02392857795
17011,2023,5,1,17175,121071.19262513262,129875.1456830015
13095,2021,4,1,13037,93823.4369898998,102095.47242944824
22009,2024,11,2,"22029,22025",122282.19240168783,111428.72525660513
47163,2020,7,1,51520,169627.1128589002,107920.09571398392
54047,2023,7,2,"54109,54059",54161.35341515391,79715.79466784415
46023,2020,6,1,31107,167344.5884242383,140834.02694803887
54107,2024,6,1,54073,165083.13716785942,156168.3416850172
48061,2024,9,1,48489,200994.10019692848,194052.9350126459
48239,2020,5,3,"48285,48321,48481",196263.9783479961,199826.01650535132
21171,2022,1,2,"47027,47111",110109.686351648,198694.92768956767
40023,2022,11,1,40005,136433.33709865282,183433.95367892855
08043,2022,7,1,08093,330934.73399947386,543428.7416142247
46085,2022,8,2,"46023,46015",,221134.5231791077
12029,2025,6,3,"12075,12041,12067",207290.87501767225,277335.6265059884
01013,2022,2,2,"01039,01131",126339.77196691126,149750.48324453746
25005,2020,11,2,"25007,44001",373730.8489803912,691433.2318744995
16087,2023,8,2,"16045,16003",356045.5352075457,465985.14347695676
16007,2022,7,2,"49033,56023",397439.46514058224,497951.9697651542
21109,2022,8,1,21189,138734.9063814004,135609.37828358976
40151,2020,8,1,20033,96907.31518095394,70855.45363991373
22021,2022,11,3,"22083,22041,22025",131334.4364493469,133300.70601710922
17131,2021,8,1,17071,151977.11048257616,117787.23096669528
18077,2025,6,2,"18143,21223",222927.86103537283,216265.2405702346
39029,2024,3,1,39151,148248.4445962289,188191.9019844824
13285,2023,2,2,"13145,13199",201954.87824345464,259592.5666637948
13057,2021,8,1,13117,371600.3053298059,467333.867204132
13257,2023,6,1,13011,217762.3389825879,316611.3802777605
55021,2022,11,1,55047,285734.8695135255,239136.59084096272
27137,2020,8,1,27071,164841.6781457326,112502.37293091264
06073,2021,8,1,06025,773095.1074940233,286899.9601186171
26011,2022,9,1,26069,138728.53388009258,149902.2015113989
56043,2023,9,2,"56029,56017",227686.497490164,313727.49309192906
55127,2024,3,1,55101,371110.72035236587,274320.40263017546
48451,2020,6,1,48095,175550.00369462007,171098.17811179173
13135,2024,7,1,13013,427091.74749946647,344320.79523294047
53069,2025,2,5,"41009,41007,53015,53049,53041",377985.6550899527,427299.2809329126
19007,2021,8,1,29197,114248.05301978377,147453.78837469142
31057,2024,6,1,31085,192763.1538510012,283110.5257925563
12081,2021,9,1,12027,364629.6159411466,205687.61678337763
17025,2021,7,1,17079,94154.2462789502,131594.50170482884
48493,2021,12,1,48013,371268.10863458406,250024.16749431015
22105,2023,4,2,"22091,28113",231674.90262976056,149719.57473627062
51710,2021,8,1,51131,256947.9237675738,232582.9589997333
17175,2025,4,1,17123,123786.20212513643,127143.78238474758
27137,2023,9,1,27061,218044.47095908457,223481.96890783953
48271,2020,4,1,48507,114934.061909126,75553.02256865353
38093,2023,4,1,38003,194956.20951311535,174109.31843186438
51081,2022,7,1,51595,143628.31844950913,130905.24143848415
55129,2023,6,2,"55005,55107",282360.7031119161,216422.91252775598
31021,2024,7,2,"31173,31039",164834.49569688182,189730.76704853223
05147,2022,6,2,"05123,05037",99041.1971150717,113601.7944202325
54085,2025,6,1,54073,119832.19887798897,162037.77063468416
30031,2021,8,2,"30043,30059",624272.2885527619,312729.64533851313
48469,2022,9,1,48057,212380.53259446248,210624.7446151903
24003,2025,6,2,"24029,24035",502982.20798307424,445334.6989002624
37167,2021,5,2,"37007,37179",221492.13240032035,229692.50960521083
05133,2025,4,1,05113,162488.08709701977,183713.1329420116
48499,2025,4,1,48379,272808.6554981416,288524.3946638816
48037,2022,8,1,05081,205802.1836793759,136134.09950270457
35039,2022,6,1,35028,315671.0300306585,501353.5932044253
26035,2024,6,1,26143,140588.8746319282,177938.60314531528
30067,2021,6,2,"56029,30059",502788.6650589478,279001.27666186687
12055,2025,5,4,"12049,12105,12015,12093",236941.80536834116,288339.50844981795
17019,2023,4,1,17147,192641.179427379,190181.58526281745
25005,2022,4,3,"25007,25001,44005",450644.32510355464,877480.5925982922
48445,2022,5,1,48115,162059.79389299237,118939.1148952651
28013,2025,5,1,28043,130142.65615549992,128630.21684203851
06019,2023,12,2,"06047,06039",392063.98352861457,406505.52213251725
47115,2023,6,2,"47061,13083",238925.4017421652,207045.23976203665
18013,2021,12,1,18109,284667.5078151374,240389.72792771008
21083,2025,1,1,21039,158149.87543102074,136383.86436930567
17119,2020,8,1,17083,132958.9586915287,142481.17086736587
22005,2020,12,3,"22093,22007,22047",231375.10619427945,165981.13128300585
54069,2022,5,1,54009,141217.66140552863,118931.3017984845
26055,2022,6,2,"26019,26079",354719.93546993035,279990.5146199793
55105,2020,5,1,55055,175942.5242321063,236809.04458410433
38055,2024,8,2,"38065,38083",193489.0360336715,185636.7759493715
37111,2020,10,2,"37199,37121",194532.94597027812,187294.67851527044
05053,2023,4,1,05039,185849.2667952405,123822.24097999536
48103,2024,5,1,48475,197753.6973549392,197298.0932857568
47027,2023,12,1,47137,185254.51219550104,207251.5074514399
17033,2025,5,1,17159,130874.96103857891,121307.09789643792
20021,2021,6,1,40035,96036.20856146884,144848.93047337807
45057,2025,6,1,45023,398848.83217304264,215500.49668135587
48285,2024,2,3,"48123,48089,48239",281850.49158862606,246402.99776844695
48151,2022,5,1,48433,124822.54672241578,139135.27456637906
28039,2023,4,2,"28041,28111",181046.25955408803,139479.00147213347
29199,2020,5,1,29103,94772.92142045528,116881.75744824026
16015,2023,8,1,16045,459595.69475032104,445847.569909475
42121,2023,4,1,42039,121780.87379115264,152228.9665447476
48005,2024,12,1,48455,195418.06591373065,186555.51431456767
18099,2025,6,1,18131,241527.58659743323,177643.86945899486
23029,2024,10,1,23009,194340.38671089927,406589.54244207736
39107,2023,7,1,39161,229882.53611261692,150248.13321431528
45073,2022,4,3,"13147,13137,37099",247320.40745825032,317091.74752123625
34025,2022,7,1,34021,640032.1165093137,365644.50262640696
18027,2021,7,1,18055,178604.43318188982,141001.20105940435
46013,2023,7,2,"38081,46045",212806.0170315888,196943.31722611302
42085,2023,4,3,"42039,39155,39099",162211.4798855109,140255.50780045168
39147,2021,5,2,"39077,39143",136103.62408407117,142682.98785866302
54055,2021,2,1,51021,101822.72239684072,148117.2518165753
38049,2023,8,1,38083,165783.49505997702,162875.09371534834
56035,2022,5,1,56023,355212.84204785974,435838.5741838582
49003,2020,6,1,49005,297433.3370171557,301005.2153420835
22009,2023,3,2,"22077,22025",148793.3291702881,156809.94420592833
21159,2021,7,1,21115,97917.20957707363,118942.52791337104
18027,2024,8,1,18125,214499.60505580556,158487.85506188005
32031,2024,7,1,32029,556687.2619784293,486777.2751887062
20007,2020,8,1,20033,66504.73335555346,70855.45363991373
46107,2023,7,1,46045,209392.91803294036,217631.994710597
27051,2021,7,2,"27041,27149",170780.44870908666,225404.52013622827
29165,2020,8,1,20005,279975.8591828906,108538.15453938876
48135,2021,5,1,48461,223032.43275087303,138954.6458710021
12055,2022,4,2,"12043,12027",209478.23764417015,236852.8380910916
13099,2021,6,1,13037,110735.58833391347,105290.7386189018
31101,2021,5,1,31117,166194.98176085445,259914.1036975605
41057,2022,2,1,41071,495611.6910967725,486396.5373377384
23005,2023,5,1,23023,508611.3680927589,382996.8681499967
37139,2025,6,1,37143,262895.8077159328,263795.5318631656
28021,2022,7,1,28063,145417.54702327747,177338.73613649874
18083,2021,8,1,18055,115794.8723133463,143193.9424894216
47093,2025,4,1,47173,373029.21179828467,281595.08291391225
06045,2023,3,1,06097,547959.5537437066,784966.8516030158
01127,2022,6,2,"01057,01133",132483.13224798095,163484.58909550693
22099,2025,6,1,22007,163704.2753942151,164718.0692211288
21127,2023,8,1,21063,142412.9781139435,150998.37362971238
48139,2022,4,1,48217,372098.66521572904,220963.11664481813
17123,2023,5,1,17175,115085.25566232752,129875.1456830015
22099,2020,12,3,"22077,22007,22047",159344.1889332896,163642.06382624243
48373,2025,6,2,"48455,48407",183261.57470223992,213329.03620804468
47157,2021,1,1,05035,172979.97275556883,139834.4090782051
40053,2021,7,1,40003,108284.78785539618,114598.89310950512
38015,2023,5,2,"38029,38083",320673.54997142445,152572.8328819975
37115,2021,7,4,"37021,37087,47171,37199",323111.13506136445,276130.7961233207
17069,2020,7,1,21055,94613.59688731616,118337.66527895334
47167,2022,9,3,"05035,47075,47097",247534.28921919188,149429.64566167945
05009,2021,4,1,05101,158071.33598553066,170030.80734228028
22103,2025,6,1,22095,282720.68867904745,200839.09300853973
28103,2021,10,1,01107,133712.19932962116,141458.32733628192
47145,2021,5,1,47105,211020.2059638968,315345.19983176695
19119,2020,10,2,"19143,19141",172456.8090172521,122751.19091590535
05081,2023,10,1,05061,148849.73070577008,143186.7810856143
13091,2021,3,2,"13309,13023",129948.96402579456,116717.17379992343
39093,2022,5,1,39005,211466.21581474497,190181.49222536315
08101,2020,8,1,08025,212285.24993717857,128486.03662281258
48017,2025,6,1,35009,148802.39804053106,159893.17370051504
21185,2023,1,1,21223,405888.19767688913,194836.80491784037
26041,2021,5,1,26089,136062.81482848045,467281.1218368002
51069,2024,8,1,51840,414482.64751937863,337910.8021329296
13033,2023,6,2,"13107,13163",171822.52257812815,121527.07041366624
01039,2025,6,2,"01035,01013",153450.01750034417,124849.88341180052
30101,2021,7,1,30073,131676.22503959414,176115.24686859408
21141,2024,8,1,21219,189079.26741637045,214952.32312998804
06001,2021,11,3,"06085,06075,06013",1079360.2258744033,1233098.4392334896
39055,2024,4,2,"39085,39007",340021.990174402,189637.29204548904
55029,2020,9,1,26089,268179.8284420667,406143.9070086747
01017,2023,6,1,13145,143393.5549905547,336035.9337349126
16019,2020,8,2,"16029,16065",270547.9543992823,238047.2640590981
30001,2021,9,1,30023,317784.466375007,194937.37065822203
49033,2021,7,2,"16007,16041",404966.0987364373,351142.2467154135
08101,2023,9,1,08043,292527.2748134194,328134.34652405133
19131,2023,7,2,"19067,19195",177547.45644563597,151328.69642766635
47019,2020,4,1,37121,150860.11570014458,151815.302363022
17143,2023,7,1,17175,126824.07275103002,132643.2287820735
28133,2021,6,2,"28135,28027",127691.5252932242,108176.000024004
20091,2023,2,1,20209,405511.7406180308,177341.35985683618
31077,2023,8,1,31183,199214.43600501693,234016.88870642823
48355,2021,9,1,48273,216243.21188469217,142210.94498232644
22011,2021,9,1,22003,206527.4979476056,122250.5021034924
29021,2025,6,2,"20043,29063",177649.02637277986,185931.0509572141
38103,2023,6,2,"38027,38083",190852.28884778565,151492.5704689033
18071,2025,6,1,18143,219762.60726719137,191715.7911016892
54049,2024,8,1,54103,153982.48871351927,117091.4793883027
13297,2022,6,3,"13219,13013,13247",362997.0258261549,379878.53385284956
21127,2025,1,4,"21159,21175,21063,21115",153929.46691376367,143428.1523349396
13289,2023,4,5,"13175,13153,13169,13319,13021",113282.8930421866,182439.93451213927
28095,2022,7,2,"28057,01075",155529.6715305279,158221.47013138703
31027,2022,5,3,"46027,46135,31051",200002.8453977178,215658.09433037057
29133,2024,6,1,17003,98810.6715758626,69788.47070765863
16047,2024,5,1,16083,346322.85588754877,357566.78006870084
51550,2022,7,1,51740,371289.61304012703,230090.00865642456
08091,2024,8,1,08111,767772.6680620151,548754.7687637283
18079,2025,4,1,18143,209118.3438746758,191038.5388801516
22103,2022,5,1,28045,294812.7700022194,234029.2238174611
20013,2020,5,2,"31147,20043",86230.46964538553,91060.01033116596
18119,2021,12,1,18109,183320.5212736391,240389.72792771008
21085,2024,2,1,21061,161527.30686269692,175824.71581680965
48251,2022,4,2,"48425,48217",340973.4360373015,298734.0146688952
08067,2022,6,1,08111,617221.1497524505,486295.6169372045
08105,2024,8,3,"08021,08109,08003",298940.41765760415,247089.313553075
39089,2023,4,1,39083,295485.33111556905,234558.41570990536
37077,2021,7,1,37181,247107.99979074043,159128.17341075727
13015,2021,12,1,13233,268654.567094676,170941.32074093827
38059,2023,4,1,38029,274601.03576199897,119834.17691519768
08041,2023,5,1,08043,459061.314556549,324179.5686850599
04001,2024,8,5,"35006,04009,35003,35031,04011",317604.7794452622,214517.10618318175
17125,2020,4,3,"17017,17129,17169",78298.78712095186,113916.79408638428
39065,2024,5,1,39003,165858.0450013338,168112.50337107226
48123,2023,3,1,48175,229487.1762493616,250560.41024884192
48323,2022,4,1,48127,195630.82994728375,149512.6135860544
17173,2020,5,1,17035,113903.58489286368,130260.53969422172
55109,2023,8,1,55005,388643.71973583585,248558.61306938468
22051,2025,4,1,22095,246358.30565266704,208244.5166683769
42089,2022,5,2,"42025,42095",288051.8210788206,270043.75869960705
08071,2024,5,1,08023,254809.78750051747,203312.4292764325
19131,2020,6,1,19067,130363.77133667826,115358.54858704978
48201,2025,6,1,48071,285267.3572078524,343721.3177108296
06073,2021,12,1,06025,791879.4971916004,297865.46756688313
47031,2022,5,1,47051,271991.0822052082,285221.9656741889
50005,2020,5,1,50017,201296.6663931872,244755.82438280652
26007,2021,7,1,26135,142870.39166564366,117025.93368719732
37013,2025,5,1,37187,229497.0177886208,109236.99868483456
21045,2021,2,1,21001,105824.3198995796,128526.92507131113
19029,2023,4,1,19165,136870.68727556177,180376.2479046741
17101,2024,4,1,17033,107740.57673885644,126408.21034391456
19007,2021,12,2,"19185,29197",114143.50760295076,133623.027393762
18157,2024,7,2,"18181,18045",279629.69598842785,188616.49643187973
53039,2024,7,6,"41027,53059,53077,53005,41065,41049",462902.7934421933,450019.3680397174
48323,2025,5,1,48507,228486.72443360183,82073.61062298903
48413,2022,3,2,"48267,48435",,264139.03943039046
06053,2024,2,1,06079,843384.4830559612,873565.5064787961
22105,2023,8,1,28005,228203.1757302191,155223.6098344339
06095,2021,10,2,"06055,06013",568936.0934611118,835344.873753041
27001,2025,5,1,27065,257899.15403911952,251068.49292481065
35049,2022,8,1,35028,541216.372397218,503240.02446207026
51045,2025,6,1,54063,218653.5990131728,174620.9005068298
21047,2024,8,2,"21219,21033",194695.845824128,183922.90578821563
01107,2023,8,2,"28103,28087",147821.82094714988,139273.1451659042
29125,2025,5,2,"29151,29073",233231.7219254285,244805.0127000893
50023,2021,6,1,50015,314669.00976121874,426865.3115201539
47023,2025,5,1,47069,166286.77427389452,151973.75050075763
46059,2022,4,2,"46073,46005",248442.0096688051,219862.88466633542
28033,2022,5,1,28137,285461.6443092763,207592.003448738
48185,2024,2,4,"48473,48477,48339,48313",333556.9738994347,335411.69639801735
27141,2023,8,3,"27009,27145,27095",361996.9047044988,279550.067754961
48127,2024,2,1,48323,140447.609829889,210884.25000507577
21095,2020,7,1,51195,47046.54392551154,88870.95327748412
25005,2022,8,3,"25007,25001,44005",466040.0333380098,922693.4222537695
48271,2023,9,1,48323,134583.20910271196,205871.44673079863
38035,2024,8,1,38099,257967.26397546017,156550.31499718124
48223,2020,8,1,48119,216518.1605439638,129239.9957996962
54069,2022,9,1,54009,142535.54266125718,117773.87067034436
06071,2024,5,1,06037,549757.2344104572,874151.3817983847
29099,2023,4,2,"29186,29221",253817.30403211524,191779.6906737649
08085,2021,9,2,"08029,08091",367329.6401708827,488790.8940202046
06029,2024,12,2,"06031,06037",362732.7177517917,629272.4373987613
06001,2020,3,1,06099,876232.9820112856,336689.6347059244
13069,2025,5,1,13271,186885.48542573117,109186.231709834
38105,2023,6,1,30091,304970.6147747216,175825.43510854524
23009,2020,8,1,23029,273160.13617947086,124047.39536128665
39029,2021,6,1,39099,128181.0914386837,117794.00989374323
37031,2022,1,1,37095,384212.6760282408,193233.57480309947
17107,2020,7,1,17129,112372.0140982978,155441.6465541952
16027,2020,5,2,"16045,16075",277013.86258196324,266202.563297278
47047,2021,4,1,28009,297955.3604680148,147570.71571001233
41005,2022,4,3,"41065,41027,41071",610793.3027741578,519486.45614425436
45073,2022,8,2,"13147,13137",260903.52495221145,288402.191754361
48149,2024,5,1,48477,451267.2267990443,370413.99310256104
01125,2022,4,1,01107,212501.45089027667,142743.77622500004
41013,2024,7,2,"41031,41069",463565.493737079,359549.3430487274
06095,2023,3,4,"06055,06041,06097,06013",574494.9371630183,968067.4792578819
48105,2022,10,2,"48435,48103",227462.0115148426,188987.01934816345
54055,2021,6,1,51021,107609.79911135545,156670.47619937852
20059,2024,7,1,20107,228075.88622593973,152971.29602274593
08055,2024,9,4,"08027,08109,08003,08023",281806.835412252,287199.247670925
20117,2020,7,2,"31067,31133",105329.02472914055,127337.98085521953
55115,2020,7,1,55078,152168.52467694323,187804.7213577115
22009,2023,7,1,22025,137871.1940501137,115960.76840129455
21211,2020,7,1,21005,237292.72190913247,150675.98791885655
39069,2020,10,1,39171,143148.42458614198,123223.16858868864
39019,2023,7,1,39151,169158.44214436805,182448.5469281841
51121,2023,7,2,"51045,51750",320005.7997178124,220878.38457404805
13245,2025,6,1,13163,183305.30272324276,127563.30518323054
13181,2023,8,1,13317,224435.51346340976,154399.5697288815
37061,2025,4,1,37141,181071.03366875404,439610.15239154286
56023,2020,6,2,"49033,16029",261571.37473038863,257029.29737295042
31101,2021,9,1,31117,176361.79921505367,252612.4758194545
48029,2021,9,1,48013,241755.0927717771,240730.80849453967
21107,2021,1,1,21233,112994.53996264008,98669.84202466437
28113,2022,7,1,22117,122954.85919756604,152816.57090889118
06041,2021,1,1,06013,1248912.2003133197,716275.2783942875
23013,2021,6,1,23015,331106.7700447249,341972.6272747615
18107,2025,5,1,18023,212488.6729624291,212220.68458559224
20005,2020,4,1,20043,105695.32178438587,99812.70255938813
27061,2020,7,1,27071,168017.66489407702,112138.5606114314
40053,2021,11,1,40003,106941.7067066266,111491.74481816776
29161,2021,8,1,29073,177660.3602582894,178563.43809773374
31119,2023,9,2,"31139,31003",222709.52117602844,211845.24335605948
16001,2020,5,1,16045,356688.37168838433,291877.99872181617
13031,2023,6,1,13107,243387.76969876673,117176.14996434112
48039,2022,5,1,48321,320282.10892310005,196148.72820910584
06023,2025,1,1,06093,446854.11091861944,288607.96383419045
17165,2024,3,3,"17199,17151,17069",95165.50993116271,138013.1366045184
56027,2022,6,1,56009,184159.6381416124,267071.7520216556
48215,2024,8,2,"48489,48047",193265.94248700415,141383.07114123896
40045,2022,9,1,40043,117366.41185873782,133385.03874716777
12091,2022,6,1,01039,367004.8782739534,153013.68531595383
28087,2021,9,1,01107,160334.59886287563,140744.33163237065
31089,2022,4,1,31103,162704.48012973907,250797.8481664701
20105,2022,6,1,20123,108936.46987258094,121018.86858779684
39109,2024,5,1,39021,244640.0890217247,224221.6750917146
29025,2024,10,1,29061,219929.1076364688,248572.6336957291
20007,2022,5,1,40003,77205.6724510347,127252.86837425453
28119,2023,9,4,"28135,28143,28107,28027",,128729.21549018158
31145,2024,11,1,31065,166055.20370075476,153606.36248192991
22073,2022,7,2,"22083,22067",173782.90986619587,146120.54154177304
48103,2021,6,1,48461,195101.5528345676,139938.8348644846
48159,2020,5,1,48119,216137.5350093142,130118.82275663808
06083,2024,9,2,"06079,06111",986105.8701169848,892740.575563208
47103,2022,2,1,47051,223553.21213015143,272737.6481080884
17117,2020,6,1,17083,119817.27594822286,146298.23096528664
13179,2024,3,1,13029,233646.50765217657,390495.8091196814
28047,2022,5,1,28045,209023.4376105687,234029.2238174611
20091,2023,6,2,"29037,20209",417524.2469004605,245541.66475533944
23005,2020,8,1,23023,353070.2168042347,263612.9234492629
13239,2025,2,2,"13061,13259",118885.26971109722,130782.7222387242
19093,2020,8,1,19133,103122.57998428404,111874.89060770327
28003,2023,9,1,28117,161065.09703142836,141884.04013592406
17023,2020,1,1,17079,107807.25790286012,108127.18335877312
32013,2022,6,2,"32027,32031",308072.9951508954,405437.2762945131
18097,2022,3,1,18109,205481.63729313877,254646.04756799364
16075,2022,6,2,"16045,16087",425679.2866685321,438288.04984402156
01001,2025,4,1,01085,252622.88981945717,142868.647358389
06089,2024,2,1,06049,370005.3388161462,179756.1070776614
51117,2022,7,1,37185,177821.76793934897,232483.04467499573
13261,2021,8,1,13197,108217.83261460863,167975.99556567697
21027,2025,5,1,18123,173437.13139888857,182799.5542384527
17167,2024,5,1,17017,170491.97706738827,98020.52170938176
41051,2022,1,2,"53059,41027",520275.7741909972,568866.2729386155
31175,2023,9,1,31183,175182.0293918084,237280.44500300172
01093,2021,12,1,28057,142087.14769318944,153956.2107693114
46085,2021,7,1,46023,,196324.2921121335
13169,2025,4,2,"13237,13319",243014.9477395824,267787.2856971687
19109,2024,7,2,"19151,27091",159979.46857795634,151082.54171211494
06055,2021,1,1,06033,781972.6727297249,292972.983982786
34005,2022,2,1,34021,323471.87273747305,344051.34577594884
48399,2022,5,1,48081,147028.5688723783,173309.49115794618
53015,2022,3,2,"53059,53041",396968.0889491641,462637.8881172738
48263,2022,6,1,48433,,138011.00612944146
18135,2020,3,1,18075,95450.50796325716,98138.55028161065
12021,2025,6,1,12087,579237.3959482941,965304.0077794516
45041,2020,5,1,45089,136815.32398064496,102564.82040192145
06099,2024,2,3,"06047,06109,06009",458545.204884481,420877.93970629893
48015,2023,4,1,48481,412857.5787879501,243591.5128235214
48137,2020,4,1,48435,,143849.02939548728
47083,2024,4,1,47085,208327.4479666705,227208.54904149065
28161,2021,4,1,28135,146953.7582062415,140908.19415860737
06065,2022,6,2,"04012,06025",607425.8452829329,280638.2328464244
45001,2021,10,1,45047,173874.16206390524,149991.05353189152
17125,2020,8,1,17169,80283.29709470256,112092.08434010563
06077,2022,4,2,"06001,06013",565883.3580773341,1043261.5707201855
48469,2023,1,2,"48175,48391",211996.97551317504,202269.59437859606
39023,2024,5,1,39021,179980.01982223304,224221.6750917146
29179,2025,4,1,29223,172932.3698694725,128490.74895755644
20099,2025,6,1,20133,94456.07679991722,103358.8703218723
47031,2022,9,3,"47061,47127,47051",276604.6271822545,259423.89547078413
31173,2021,12,3,"19193,31051,31043",125935.1930500245,170097.056102607
26103,2020,6,1,26083,152474.71018494794,131229.53594992336
08013,2020,7,1,08047,572454.0466244766,400597.2560625965
37171,2025,4,1,37005,227233.40349812247,270799.3367376775
18013,2022,4,1,18109,308894.8493865398,260038.2708574292
48295,2024,6,1,40045,150321.04556099247,106406.79441872612
30019,2023,6,1,30091,177090.52085912565,175825.43510854524
26081,2025,5,1,26117,336735.74096122873,215792.00738459325
48219,2020,3,1,48017,146689.50862649266,110407.3822862026
19009,2023,7,1,19165,130693.4467962252,182542.9864463875
39159,2021,4,1,39021,318750.4777161936,178760.92634098316
04019,2022,10,2,"04023,04027",351992.23475903255,269228.7228057444
17161,2025,4,2,"19115,19045",143420.03715817464,163758.12244031363
31037,2024,8,2,"31167,31039",209526.87705063293,239320.5113964656
29183,2020,3,2,"17013,17083",257022.6391619744,153270.2612491553
26041,2023,7,1,55029,161734.69611152215,380060.5962947386
48373,2024,2,2,"48455,48407",179303.7349228376,204298.1418680898
51069,2020,3,1,51840,297837.4821343514,238037.3546621859
06113,2023,3,1,06055,608161.9913825077,888587.3384530703
21225,2022,8,1,17069,122706.95305780265,112837.3797748572
12083,2025,1,1,12075,284189.8487396539,295036.8004049822
48021,2022,4,1,48149,402856.2226047443,444110.78511989006
29001,2023,8,1,29211,171652.16643739515,108386.84034134886
41065,2020,6,1,41027,278906.1323535133,492960.49311242456
53071,2021,6,2,"53021,53005",338109.2365013559,360602.13524230395
27119,2024,7,3,"27029,27125,27087",222607.21397128247,188144.88197749152
37029,2024,7,1,37177,367292.69876581314,171369.92720595092
16031,2024,8,1,16071,320583.352001183,325648.06000303506
51027,2025,3,1,21195,87632.38314952097,116071.03444714627
48049,2022,4,2,"48333,48093",180345.4183057832,308768.0702387034
41017,2022,7,2,"41013,41037",717773.9494116424,333104.34845410334
17135,2023,2,2,"17173,17051",108486.90170334488,141673.52413040682
41059,2022,7,2,"53005,41049",296784.48477585235,361968.00307228416
20125,2021,9,1,40147,80708.62245877518,141609.7582931349
40125,2022,7,1,40133,164055.8320715116,108564.81773808756
12021,2022,5,1,12051,594563.3754182543,244993.6448355499
48095,2022,5,1,48327,198951.3076342616,242267.75689479944
39173,2021,5,2,"39137,39143",194384.06528882476,156851.2377985755
31135,2025,5,1,08115,229054.7575267054,169608.8932748068
29103,2025,6,2,"29199,29111",160182.840938364,155000.46543168533
22111,2021,9,2,"22027,22067",140704.351330671,129930.5549837164
08037,2023,6,2,"08045,08117",1155929.6852688056,813282.6973143488
29123,2025,4,3,"29157,29223,29017",163473.26043474415,177546.14939292672
48485,2021,4,1,40033,127104.9276672873,87251.03988396109
48231,2024,6,1,48379,288988.837446013,289596.2166286916
47113,2020,3,1,47069,153080.09913224634,101971.65935169696
12023,2024,7,2,"13065,12041",271390.276733505,211479.34840750592
37069,2022,5,1,37185,347143.97352991195,226574.07632013355
27015,2022,9,2,"27103,27033",198516.11135752444,210331.71599901718
22041,2022,5,2,"22083,22025",116907.43320854724,148141.74556822266
01103,2021,10,1,01043,203203.7537585137,217056.8894587905
21099,2023,12,1,21061,164467.62248440576,175118.9676916589
19165,2022,7,1,19027,182076.6322371269,173776.26324670995
51159,2022,11,1,51119,215589.80112487753,343172.15543093655
31175,2020,6,1,31077,126094.71269259212,162178.83488090066
46123,2022,5,1,31103,199151.8779609398,255444.9934728735
19111,2024,7,1,19087,121451.55755211704,179848.54490960357
18169,2025,5,1,18103,179426.124436421,143981.5469816063
36013,2025,6,1,42049,164617.55111152973,207268.21100466585
51199,2022,10,1,51735,404058.9160047081,413900.9471706433
16029,2022,7,1,56023,304914.08499054634,445381.8552861274
13117,2023,4,3,"13139,13135,13121",575701.2844854059,399751.6127330828
48479,2021,5,1,48247,189556.11935751163,125718.82965680324
51059,2020,4,2,"51610,51600",594273.1839427404,706676.0437836983
51131,2024,7,1,51735,287595.3596531944,443338.1906605699
31121,2020,6,1,31141,144576.6451157412,184843.6311389811
55075,2024,6,1,55037,179589.47672090077,178611.6475858304
33009,2021,7,1,50009,297003.31166371965,195832.1632883188
21145,2021,3,1,21039,138481.02653572758,89554.4917080364
31031,2023,9,2,"31091,31103",198523.48198273743,191761.06726671
51191,2020,7,1,51520,158742.527639055,107920.09571398392
45019,2022,4,1,45043,502558.8598781363,340053.5845185176
40121,2021,5,1,40029,116719.43972466716,96918.30267802866
42073,2023,3,1,39099,141830.03171313115,135863.1707230714
08059,2024,6,2,"08019,08047",645735.5543586843,557011.8834842683
13103,2024,5,2,"45049,13029",332630.6992438024,281720.3884891948
05095,2022,3,2,"05077,05123",110377.74817153317,109782.47386645884
16031,2021,7,1,16053,263566.7754334746,325083.9334326381
55061,2020,5,1,26019,189870.04249732135,240416.4275564532
48467,2021,1,1,48379,225956.75992641295,222921.32300352497
19053,2024,6,1,29129,147586.30628608484,133456.4124044032
06085,2024,3,1,06047,1586337.4849627456,416945.41178155976
21103,2020,5,1,21223,158827.1817565301,147890.17443935075
51683,2020,8,1,51685,350754.5808029282,331606.966660862
27005,2023,5,1,27159,318185.535433671,197945.057763198
06071,2021,8,1,04012,463311.51492235175,217004.04022262504
39119,2023,4,1,39115,175848.16451750547,140914.79216351022
13193,2022,6,1,13249,98761.17182308562,169787.81868584824
13243,2022,11,3,"13037,13307,13259",93518.71588769372,121495.64892374103
28077,2021,5,1,28147,130222.74459442128,145422.59625986466
31143,2020,7,2,"31023,31159",138189.04501985526,177450.29450889042
13061,2022,6,1,13037,166905.07282866354,108146.08022836932
13037,2024,6,1,13061,111766.74758653024,170153.0668369046
26009,2024,7,2,"26029,26089",329439.84497812804,492065.3823438416
54039,2024,2,1,54067,140869.36808393066,136399.35858801278
48391,2022,9,2,"48025,48057",162919.92600740932,208408.5077263192
37133,2022,3,1,37141,229055.34453806156,384920.2732299276
46003,2021,4,3,"46035,46023,46111",,197988.65050059676
51093,2023,6,2,"51095,51620",362857.89084046334,320587.4772129342
48201,2024,2,2,"48473,48339",289140.57198092766,355262.00174699037
28093,2021,3,1,28009,182055.3140345099,148524.73849616005
46009,2020,4,1,31107,133595.07209721836,137681.8126965769
05147,2024,12,1,05067,89364.46673352935,99762.47174130556
48219,2023,10,2,"48501,48017",164789.56315233055,172092.59510863374
17003,2021,3,1,17181,91518.8174302285,132191.31792249877
19039,2021,12,1,19185,154546.14876879202,110211.80763681106
25023,2024,8,1,25025,610165.1658878456,752138.4373147422
37133,2025,4,1,37141,280691.6663837552,439610.15239154286
05017,2022,7,1,22067,112656.5861895782,112665.32694275254
05075,2025,6,2,"05067,05121",126636.96386682671,119912.55994472426
28075,2025,6,4,"28023,28069,01023,28061",123194.26188505144,129005.99151135009
13181,2022,4,1,13317,226888.69943454536,141145.9639361323
31089,2022,8,2,"31149,31103",168374.7705157717,199281.56262067414
28109,2022,5,2,"28091,28045",167922.05323587227,186766.17647051194
48187,2022,3,1,48177,319040.00424316316,306085.93953305314
22125,2025,6,1,22029,374354.6475698036,109096.69735329688
18049,2023,2,2,"18131,18103",170010.4081528237,137917.7058342186
37029,2021,4,1,37073,285815.9930928288,173039.18089673258
31127,2022,4,1,31147,147056.96611689962,107654.8872196162
49047,2024,8,1,49009,323831.5575878191,311964.2533620643
47061,2022,4,1,47051,185561.0511746364,281913.71992624854
13177,2024,4,1,13261,252751.55818247775,134082.5846768619
06073,2023,12,1,06059,922096.2698771728,1090394.9838810412
48001,2024,6,2,"48289,48161",224344.10731959145,278145.9545164635
19139,2023,5,1,19115,173906.70780505118,146464.1065465059
05013,2024,3,1,05011,126567.2453463338,122263.88257377868
22073,2022,11,2,"22083,22067",174286.07359006398,142166.07650985557
13077,2025,6,1,13149,392459.3257628432,264017.5944222047
48499,2024,4,1,48379,265780.5641965294,287314.4521604882
35009,2020,3,2,"48369,48017",148316.06874691174,116722.3387247445
40047,2022,4,3,"40093,40003,40053",123266.82404412796,129808.43271922985
48427,2020,6,1,48247,143261.21183287233,115519.76123520668
31179,2023,9,2,"31173,31139",209243.29700841417,181767.49190482526
38035,2023,4,1,38063,248774.4856389837,183825.4058610961
54001,2024,5,1,54093,127657.66161355916,209086.5184042259
19193,2024,8,2,"31173,19093",194854.03063730185,139929.88533380887
23005,2020,12,1,23023,378867.0511885406,284983.4545723985
38055,2023,8,1,38083,186971.3050100384,162875.09371534834
30053,2022,6,1,16021,391131.835726333,497602.7998451519
21195,2020,3,1,21159,87934.30274492917,73193.60215931077
46025,2022,8,2,"46077,46005",194502.99674262377,197825.95543762963
35015,2023,6,1,35005,237971.809494996,176086.18034636058
40029,2023,8,1,40005,111754.0504700999,188264.63692499627
21041,2025,6,2,"21223,21103",197919.6245517434,243849.559429556
27037,2021,3,1,27163,336310.9249835377,369973.22265389137
29219,2025,5,1,29073,325613.57633238594,231091.41775757232
13175,2022,6,2,"13319,13309",174011.40225161248,129748.10417057021
22047,2025,4,1,22007,168657.3098311258,167199.42530784474
28149,2024,8,2,"22065,22107",147904.68765628926,157169.08321708423
26009,2021,6,3,"26137,26039,26089",260937.8404158448,267092.9630691024
13161,2023,1,3,"13279,13309,13209",134832.6859423871,142473.81278731304
21191,2021,2,1,21023,170525.3389509586,146079.88473731084
17121,2025,5,1,17081,109967.65089109888,125261.25956149794
46057,2022,8,1,46077,283091.1339770551,213319.94178927055
35043,2022,6,1,35028,343358.9352074921,501353.5932044253
45073,2021,4,1,37113,212235.9668777706,254631.4737373755
08017,2025,4,1,08061,201776.2535123059,203152.0317089952
49017,2022,10,1,49001,234822.1849520379,277186.2900118797
04003,2023,6,1,04023,249593.47945924615,267119.63963508373
12081,2022,5,1,12027,456416.91017063457,256373.52681959583
28091,2025,6,2,"28065,28147",133854.8002765069,126427.756404507
39065,2023,4,2,"39101,39175",156410.371589736,154052.13035357912
06065,2022,10,2,"04012,06025",599416.3764296004,282858.3310990065
35045,2024,8,1,35031,252056.816969928,213115.81547203552
41039,2025,3,2,"41041,41019",453312.7372342488,404436.76843852736
18053,2025,6,1,18103,145087.6846304675,145190.3763347586
01033,2022,5,1,28141,173443.92303346007,174118.09626295845
08007,2025,6,4,"08021,08105,08079,08053",573946.8055858432,358428.2775748873
45025,2021,5,2,"37007,37179",147829.02649933845,229692.50960521083
26103,2025,4,1,26083,227453.23989883973,189520.64881320985
13235,2024,6,1,13315,174450.95259168424,138090.11278466685
19109,2023,3,1,19189,147648.53548296893,138708.27954685522
51800,2021,4,1,37073,296400.79694099067,173039.18089673258
13239,2022,5,1,13259,114453.02344278502,98368.4060259321
37111,2021,6,2,"37199,37121",227166.24477493868,222604.1976516546
21069,2024,4,1,21201,160093.06787322124,176067.7759258376
19069,2023,6,1,19079,138997.94888241158,142337.8133422708
29153,2025,5,1,05049,212620.5361672528,185563.34969514937
35003,2021,9,1,04011,224721.7208805124,219272.73430437513
28043,2024,6,1,28135,125505.60294429974,119408.57970984232
29183,2020,7,2,"17013,17083",260527.10155576395,150876.93851084614
26137,2022,5,6,"26031,26135,26039,26119,26079,26029",215415.19683409037,207973.73554772782
22059,2022,8,1,22025,169523.41533175972,122675.07363033303
47147,2024,9,1,21219,374527.6653932009,214497.6144889444
48465,2021,9,1,48435,190024.68050717152,171487.12166146145
19001,2020,3,1,19009,121347.65873803385,101093.99841488407
48467,2024,6,1,48379,281292.9090770406,289596.2166286916
39093,2021,5,2,"39077,39103",189494.8560258168,203020.0411760455
17135,2023,6,1,17051,107843.2290810798,143743.0185822359
17113,2022,4,1,17039,202936.4031298299,115591.725053659
49007,2025,6,1,49019,271303.1824311167,585973.4911829005
53011,2024,9,2,"53059,41009",550549.4033755165,496941.7079816966
39173,2021,9,1,39143,197220.077306368,140040.0754522567
40127,2023,6,1,40005,146125.28222613072,188690.462831664
13043,2023,7,2,"13107,13279",178026.8990303391,133200.94515836245
06039,2025,3,1,06109,419470.11937973974,404637.2080854702
49023,2020,7,1,32033,299358.1554679471,153450.24632451046
30035,2021,7,1,30073,124990.33441376196,176115.24686859408
26043,2023,4,2,"55037,55075",150332.57450488964,171588.62325104277
26003,2025,4,3,"26083,26153,26095",192031.08620143775,165676.24678160038
38027,2024,7,1,38031,122883.03171405572,161958.41646396543
32015,2022,5,2,"32001,32027",223032.79175514771,296662.988597036
30013,2021,8,2,"30045,30059",236313.44692609843,231412.93265542618
38063,2024,8,1,38099,157086.90363894904,156550.31499718124
49057,2020,6,3,"49033,49029,49005",301751.26308599894,363837.5941929414
34015,2024,7,1,34001,354215.191496518,350029.11183479434
05061,2022,7,1,05081,148083.41938073016,135851.22601940844
28145,2025,5,1,28139,190296.63565909423,139491.02287669646
38069,2024,9,2,"38095,38009",,173869.7390270761
21191,2024,9,2,"21097,21081",224172.07088925692,233115.05977811644
17087,2021,5,2,"17181,17165",150319.7205150037,108522.45024839303
56041,2020,6,1,49033,203338.0941391842,302962.3024348945
49041,2021,7,1,49039,249905.6185002557,289861.665034928
01101,2025,4,1,01085,162172.8750294221,142868.647358389
34037,2024,7,1,34031,414442.89290524385,546709.0540610488
13209,2024,8,1,13283,179199.06089406204,144694.52096901575
51059,2020,8,2,"51610,51600",598612.6399283541,712750.9760281839
36027,2022,3,1,36079,385591.8304665164,440111.5279020618
48329,2021,4,1,48461,286015.5089010226,138343.7226599334
13147,2023,7,1,13195,292846.3185347417,281027.934710441
39167,2023,1,1,39115,165098.64241927295,141314.23404865435
12015,2022,6,3,"12051,12043,12027",381979.9468529755,250112.93000780334
55061,2020,9,1,26101,196066.74169095865,166668.15038513302
55053,2023,10,1,55035,193678.36919588156,291910.05714097986
48057,2024,5,4,"48007,48321,48391,48239",207675.72214868903,223189.2772762705
08081,2025,6,2,"08107,49009",297297.3198403716,712075.014484027
06071,2021,12,1,04012,489520.1686673718,231286.64670531088
28121,2025,6,1,28129,258679.0715404513,163066.81721313193
08027,2020,5,1,08109,266486.1106089336,162045.6618862799
48163,2023,3,1,48127,193430.47840038137,143680.92242707498
22111,2023,6,1,05003,147593.27770005827,99720.29323706689
17029,2020,5,1,17035,103601.49427265248,130260.53969422172
26085,2025,4,4,"26133,26165,26101,26105",146376.68100963204,221021.30072485784
41029,2021,6,3,"41035,41033,41019",399240.4231976965,297696.94975725
48325,2020,5,1,48507,258155.94398037985,76069.39063441468
51199,2021,6,2,"51131,51735",364011.05841927073,303430.834270679
39037,2020,3,1,18075,126221.5831169613,98138.55028161065
26127,2025,5,1,26105,232431.44421531263,248457.1675546892
40123,2021,4,1,40029,142778.1904593366,95632.83550967996
28093,2021,7,1,28009,188612.5114588957,148023.50405040415
32017,2023,9,1,49021,232923.01969667137,386518.22492670856
26041,2020,8,1,26089,120302.3451581556,400588.02843475033
51013,2020,7,1,51610,710728.2999691396,840076.640219167
31077,2024,4,2,"31011,31183",196241.98963982248,247644.68428726474
32031,2025,3,2,"32013,41037",568710.5112301834,265155.4441923121
20007,2021,4,1,40003,71815.91099234343,111897.40906653908
17041,2022,9,1,17147,122038.76131220948,189947.2207534276
27001,2024,5,2,"27065,27095",246110.80353563675,270456.4349385979
51770,2022,8,1,51775,182016.222982838,242818.3568254028
18049,2023,6,2,"18131,18103",175149.45802945373,144044.52569029926
41001,2020,4,1,16087,182572.1106192503,208269.96185118103
46039,2022,9,1,27081,290075.87964535883,171724.20021867912
21185,2025,5,2,"21223,21103",436393.74918697187,243010.6886294433
13085,2023,4,3,"13139,13123,13187",418813.2452121738,371174.2991643416
46121,2024,6,1,31103,,275503.9623603276
20047,2023,10,1,20083,82781.23292755727,144139.48083070284
40121,2023,2,1,40005,133737.14677901403,179627.04138553483
29223,2023,3,1,29123,125564.60166866623,148530.84351335015
32023,2025,4,3,"32033,32011,32015",352102.82865583367,198947.63936406976
08037,2020,7,1,08065,699114.6172495874,313845.9312032645
48129,2024,5,1,48191,123229.93158946,80130.19085041177
32007,2023,8,1,49003,341641.26503899135,428648.7719201571
29053,2023,6,1,29135,224202.88572827575,201924.13964482336
21195,2020,7,2,"51195,21159",90604.26877347352,82547.55019389837
29183,2022,3,1,17013,325195.60986906476,177847.00055363108
51185,2022,6,1,51167,120738.7738932592,129880.86315950686
13237,2022,6,2,"13133,13159",384260.7530089238,434256.182650032
27059,2024,8,1,27065,323077.81244539376,253394.4283528251
20137,2025,6,3,"31065,20147,31083",121164.08459559486,136262.36949555672
13007,2022,8,1,13037,150239.7538959973,110829.73275577876
05059,2023,6,1,05039,162010.25323889975,124478.70845903152
27143,2024,8,1,27079,261905.1419101803,332227.0104103831
38069,2021,6,1,38083,,216117.24001975427
21165,2021,6,1,21173,95401.22088434454,168849.34307768193
48427,2023,11,1,48047,151445.2501358484,83565.82824981677
21191,2021,6,1,21097,178136.52388974416,162278.81456174285
39103,2022,8,1,39005,294009.66452082276,194976.8242350501
20157,2022,6,1,20089,108258.27796625176,103231.31989694427
29177,2025,6,1,29025,249493.6346695423,226699.65557252397
13045,2024,8,1,13143,291823.74227695784,270850.07677222847
01035,2022,1,1,01039,126659.09735955537,151113.88010559275
37043,2025,6,2,"13281,37113",343611.8518789927,373652.8701616585
04011,2020,6,2,"35003,35017",182343.04450045177,173095.78681668825
13211,2021,12,2,"13219,13133",367452.9687816091,495143.46855598106
13155,2020,3,1,13017,105560.40753392749,78808.00046883363
41031,2023,5,1,41069,404093.2619315097,288125.44246961334
31179,2022,5,1,31051,199119.0622945058,163936.70959775164
27091,2022,9,1,27063,183662.664618484,186109.4082313988
12131,2022,6,1,01039,748954.0605143207,153013.68531595383
08071,2023,8,3,"35007,35059,08023",249649.19826453752,191582.16681233628
01029,2024,8,1,13143,216586.14673876745,270850.07677222847
45029,2023,1,1,45009,225831.7567978892,121472.66139224
55025,2020,8,1,55055,320000.8896924863,239839.67444381965
26131,2020,7,1,26083,93819.51062410534,131753.96095394544
01033,2022,9,1,28141,176667.59799148704,177197.4721050888
13189,2023,7,3,"13301,13163,13317",186758.48970686688,134110.0344931103
08119,2023,5,2,"08093,08043",469421.14997538255,417733.3501330564
19197,2020,6,1,19079,104531.22502669484,106790.68801748689
45067,2020,4,1,45089,108879.03179031696,101659.16880165992
13285,2024,4,1,01017,225151.4413867586,138029.26635582352
29111,2022,4,1,29103,172940.44549649578,149325.97553999454
51067,2024,1,1,51063,324300.44902159175,245996.0533522881
21161,2023,2,1,21069,144959.2710180588,143331.72965274463
08099,2021,6,1,08011,142385.48944059515,142378.53338207796
48273,2024,5,1,48047,146016.4153049863,82427.86632509175
01099,2022,8,3,"01035,01013,01131",148963.97034423146,133759.4703989547
05019,2023,4,1,05039,152527.67033365424,123822.24097999536
54085,2023,7,1,54105,116710.4019185386,111946.44737681311
42039,2024,5,1,39007,140031.6383715271,157353.13789002004
37111,2021,10,2,"37199,37121",231327.93997732512,228692.87166187956
27053,2021,9,4,"27171,27003,27019,27141",356116.61418523657,361305.16472945723
22097,2024,7,1,22039,140960.9129478149,111485.8132849427
30081,2020,8,3,"30039,30023,16059",350355.89739865455,202660.3729863586
28091,2024,2,1,28077,130811.81844733784,126416.42455192066
46085,2023,8,2,"46023,46015",,221369.55478466128
32003,2020,4,1,32017,302286.1275761788,172018.17811183428
48085,2025,6,1,48231,506154.0139875198,282219.30404996226
19161,2021,7,3,"19021,19093,19035",121038.12327299285,130157.47946573926
32027,2024,10,1,32015,248641.9254761743,252130.4437946626
51810,2021,6,1,51131,342066.8912691606,228336.84384495983
48277,2021,4,1,48119,160984.9246311145,150220.9887454011
01111,2025,6,1,13149,199579.02033891063,264017.5944222047
47151,2024,7,1,47137,188561.7649696877,221384.13366283823
16003,2020,5,2,"16045,16087",299350.1445923522,251137.61162727678
55019,2023,10,1,55035,181502.4706063882,291910.05714097986
05149,2024,8,1,05105,167133.4665220777,168531.828991142
06007,2021,12,1,06021,404784.2303723346,333243.45059242845
48267,2020,3,1,48435,252510.26885085297,143468.60911194308
29017,2023,4,1,29123,189673.42096705816,149783.45369403157
51173,2022,5,1,51167,131154.4609867523,128644.3683793703
27137,2021,8,1,27017,191203.12079422385,230120.45852043584
32001,2024,7,1,32015,370509.15123005625,248777.3814674761
30063,2023,8,2,"16035,30061",540489.0247829611,335732.01710447465
20077,2024,6,2,"40003,40053",87819.07331005379,117824.33560931962
16063,2022,7,2,"16025,16053",298065.9522441496,393183.0239388045
53017,2020,5,2,"53037,53047",363908.60359226825,281983.9907918663
18149,2023,4,2,"18131,18141",178148.87372772838,171856.9252465236
47135,2021,9,1,47039,158376.36415547327,152641.85505074557
26043,2023,8,2,"55037,55075",156097.16991638497,175828.4585069868
38041,2024,5,1,38089,103881.786522119,272112.2770925257
48469,2020,8,1,48175,169329.33968240154,254101.145721973
05139,2023,6,2,"05003,05011",133242.9189850369,110801.64281728333
20003,2024,5,1,20107,173338.74700104617,150184.90806689576
35039,2020,5,1,08021,238204.31420298177,152032.39260419365
16043,2022,6,3,"30001,30031,30057",479176.579180916,604714.9233291954
25005,2020,3,1,44001,348284.08504737663,399716.49274560384
47043,2021,6,1,47083,280271.5099652466,166776.06751791216
05067,2022,5,1,05037,98762.50274245688,136715.48414258388
17083,2022,6,1,17013,164434.65510957906,183803.8567548949
47101,2023,8,1,47135,233351.75807232183,169489.21354269437
29177,2022,3,1,29033,215672.4674932299,136774.191490074
48159,2021,3,1,48119,247017.3581188065,146899.89691649348
55007,2024,3,2,"55003,27075",265566.1268258355,217529.66273451896
06029,2022,7,1,06079,339379.2989096991,854151.5790720796
20033,2024,9,1,20097,96258.2404433001,161950.51955781665
13291,2020,7,1,13281,231633.0766215175,249201.32775070623
06097,2020,1,3,"06033,06095,06045",666425.355235607,412451.0411980671
17161,2022,11,1,19115,132944.8701736948,146040.98348407718
19071,2023,6,2,"19129,19145",160138.48225616486,192752.40244595354
12057,2023,6,2,"12081,12049",389922.3946776171,338948.11933407857
19081,2024,6,1,19069,166939.15145983643,141861.9179876591
36027,2022,7,1,36079,408641.7012946952,463007.6436303117
08059,2023,5,3,"08093,08019,08047",621344.9265512262,534839.4110942385
29139,2021,8,1,29073,194537.81210839524,178563.43809773374
21167,2020,8,1,21005,154926.1266765533,152994.10473789758
26055,2023,6,1,26079,369371.6581028243,206909.31769001027
21083,2021,7,1,47183,119565.61402305803,132551.6791452221
35045,2020,3,1,35031,193777.77620528708,176522.07415572464
40013,2023,5,1,40005,218611.57585336576,186590.50237447597
01085,2024,12,1,01131,142405.85928704063,138632.6030762799
30097,2022,8,1,30059,394138.2734939165,285310.4701296458
40045,2023,5,3,"40043,48211,40129",113573.28593824524,159321.2622538791
48471,2025,5,3,"48455,48407,48225",265485.44349737786,213932.77134712855
47151,2021,6,1,47137,155342.72425303134,186213.91655786836
23005,2024,7,1,23023,547579.3399956945,418693.8340294233
48105,2020,5,1,48435,,142840.5366061218
38015,2021,6,1,38083,286942.26843995793,216117.24001975427
38049,2021,7,1,38083,176359.12184670626,217646.19515586743
28035,2024,6,1,28111,183845.1919360723,154543.37974465845
19187,2023,8,1,19079,130291.48737756148,144527.1688671145
56019,2020,6,1,56033,272049.1285804323,302737.0230205245
39037,2020,7,2,"18135,18075",129902.03958662134,98649.74915097849
27127,2022,9,3,"27083,27101,27033",158035.22644794546,179200.84742185954
21087,2021,2,1,21001,125464.3400484536,128526.92507131113
08027,2023,10,2,"08109,08043",392488.7228729609,274891.87250105885
13245,2023,1,1,13163,176988.41962567068,125123.16407801288
34027,2022,6,1,34019,574188.8050926616,534789.5982005585
38049,2024,8,1,38083,155302.86192585065,148107.76929821237
01091,2022,4,1,01131,156660.19609852892,147182.78013132358
30001,2024,4,1,30023,377266.0298023675,270348.66107507545
37111,2020,2,2,"37199,37121",182755.59789162013,174024.9136562682
40071,2021,6,1,40103,95664.62738502516,118609.42494897312
21079,2025,6,1,21203,296127.88927754684,163628.8279551562
55083,2020,2,1,55078,166580.56407880192,177750.979208576
13177,2023,3,1,13261,238478.07714066905,120717.46090779938
19061,2025,4,4,"19097,19105,19055,17085",257150.0746421774,225245.59626596884
12071,2025,5,1,12015,364400.4440372077,328042.96124368935
20085,2022,6,1,20013,203966.80426950872,118664.54917200544
06013,2020,4,1,06095,656414.5827454171,468460.7175245073
13099,2022,6,1,13037,125235.88014862704,108146.08022836932
41047,2025,2,1,41065,442393.77279048273,390444.8815075384
47123,2021,6,2,"47105,37075",211801.15371267137,245201.66547390533
30111,2022,8,1,30103,361580.3190863966,222008.6711013723
21105,2021,5,1,47183,82773.91808100122,126532.57944119396
16083,2021,6,2,"16047,16053",304484.3411569994,298543.6159908128
48005,2024,4,1,48455,195773.8486713656,183014.3200201566
29223,2023,7,1,29123,127445.02546694412,152688.5327172272
51097,2022,11,1,51119,247982.602104496,343172.15543093655
22057,2021,3,2,"22093,22007",223044.8844177832,175546.38090324754
08015,2022,7,2,"08093,08065",677295.6606434644,519105.8626626122
42097,2022,5,2,"42093,42043",138002.32894941609,236718.0629677385
30063,2020,5,5,"16035,30089,30061,30077,30039",340029.5814895465,210555.2589524141
31005,2021,5,1,31117,,259914.1036975605
21045,2025,5,1,21199,155699.4431551244,181289.3231036001
21181,2021,8,1,21173,148169.6209155327,170728.4281824709
48463,2025,5,2,"48507,48163",202252.81401943637,122088.5381741653
26003,2022,5,3,"26083,26153,26095",185036.29250321395,155905.44119225504
48017,2023,5,1,35041,134390.66963960347,142573.6973360727
21225,2023,6,1,17069,120155.24103696602,108071.14575248925
30075,2020,5,1,56033,134365.74903975954,301715.62035677413
13033,2021,5,2,"13107,45011",147282.75176659494,127139.5402877359
17195,2025,5,1,19045,132352.94083581012,166354.8151041269
47055,2024,3,1,47117,238262.0691937257,309697.2521575715
16039,2021,5,3,"16015,16025,16047",285298.99255086243,341164.4967967072
48423,2021,5,1,48459,207023.63449548403,191301.9009340322
19111,2021,12,1,17071,108198.45689043218,116887.99850047006
05005,2024,5,2,"05137,05065",220348.75646628227,181488.99297221424
28087,2022,5,1,01107,171187.32338729626,142136.62005325136
40041,2021,5,1,40035,219018.6969989721,143221.0744797425
37075,2025,5,1,37113,222216.85215628947,354883.58163524326
18081,2022,3,1,18109,283227.4246282078,254646.04756799364
13033,2024,6,3,"45011,13163,45005",174502.0451780865,126014.74271302538
06027,2020,6,1,06051,378845.3013298798,510821.89257879887
06019,2020,3,3,"06031,06069,06051",282149.5321110993,457034.1668239802
19003,2023,4,1,19145,131515.1324757669,131999.39498884205
12003,2025,1,1,12007,304827.1321328772,245817.78607111957
16049,2024,9,1,16035,338292.7909815216,297470.7771085962
29171,2024,8,2,"29211,29129",193931.46980269375,123748.92405615542
39161,2024,5,1,39003,164835.85178895548,168112.50337107226
31107,2023,3,5,"46135,46023,31015,31139,31003",176954.02244966707,215800.4703040434
48381,2023,8,1,48011,248591.8144182203,215947.5158090361
04013,2024,8,1,04027,479054.60329018504,275388.9668369426
22099,2020,4,1,22077,156481.1997472593,169732.02652904805
48227,2023,10,1,48431,151378.75003800972,234998.62369472915
47167,2022,1,1,47097,228326.34153519067,124579.48609540814
48355,2022,9,1,48249,233544.56029530603,167305.51379853033
48371,2022,10,1,48103,184027.2275161528,208376.1810487207
13197,2022,8,3,"13053,13307,13259",177000.74137629147,133921.58638395494
51067,2024,5,1,51063,330541.899564977,251867.2727697924
51167,2020,7,1,51195,106406.57050716793,88870.95327748412
40147,2022,8,1,40105,156799.68388028964,156541.45592277797
29095,2023,8,3,"29037,29101,20209",231089.77765952193,253011.13671844514
20143,2021,12,1,20123,135245.43863162532,112297.55751738016
17095,2023,5,1,17175,88974.80945285973,129875.1456830015
13157,2020,5,1,13059,254752.7880850012,200802.39026534377
38031,2023,4,1,38027,165303.54889464684,125316.79186596506
17101,2025,6,2,"17159,17185",108627.0397255916,118417.42346514831
06033,2023,1,2,"06055,06097",334065.78641664033,840460.5594684761
29125,2024,12,2,"29151,29073",230542.8074300877,242070.21580351226
26051,2024,5,1,26143,161277.2562154965,176289.705435073
13303,2022,6,2,"13319,13125",156576.18059290116,161329.6425810574
12083,2024,4,1,12017,286588.4104033438,285937.0385533916
06001,2021,3,1,06013,978696.3462760452,741043.460328814
21035,2023,4,1,47079,213696.27344959768,188350.04556951657
51041,2025,5,1,51670,402124.7797027279,210837.51228136185
44009,2024,1,1,36103,595624.0051181162,632597.2186066434
48075,2022,6,1,48197,122725.64751722802,108967.29766644916
55093,2021,6,1,27163,295601.3416025957,385689.3473469372
20125,2025,6,1,20133,92302.0582345371,103358.8703218723
29175,2021,12,1,29041,135218.36945513453,260413.52404300123
10001,2025,5,2,"24029,24035",361180.0673382065,445493.86003132106
32003,2020,8,1,32017,303547.7019528816,177118.78903351232
08067,2023,6,3,"35045,08111,08053",618866.7395638778,404345.63882526243
30085,2023,8,1,30091,137869.92979503938,177761.7091497033
40113,2024,4,1,40103,203885.6619075643,140803.68246738907
48323,2023,4,1,48127,193836.02522513937,144789.2581608586
30035,2020,6,1,30101,101293.64606154716,122985.6607758844
48055,2022,6,2,"48177,48149",340905.11474789033,384814.8076102223
18151,2023,6,2,"26023,26059",278326.91050587915,184207.2242553634
47163,2020,3,1,51520,168131.06513080216,106235.63335489434
06067,2023,10,1,06005,533127.7218142991,433176.5206897619
48283,2025,5,1,48163,142334.25636922035,162103.46572534155
17077,2021,4,1,17181,87484.55808942963,133235.27083950394
30045,2023,8,2,"30015,30107",256645.60188375952,210372.95419747056
20191,2022,6,1,40053,126648.4457683087,120249.88801732066
19033,2020,3,1,19067,134291.83246021206,113799.8561533253
30053,2021,6,3,"30089,16021,16017",295908.31566566735,418223.8197237665
47043,2021,10,1,47083,297351.8478685885,174196.71223237968
17011,2021,8,1,17175,111952.86925823468,127439.69674237027
53043,2024,3,1,53025,301673.9330102201,348607.26938702684
47139,2023,8,2,"13213,13111",225712.0669020168,356923.0130321984
13133,2025,2,3,"13237,13219,13221",610617.0480326148,418145.25986981415
48167,2022,6,1,48071,332077.8171149826,341503.21702651685
51149,2024,10,1,51670,339725.9724415647,211452.70638157244
29061,2020,5,1,29117,152718.4283736929,119970.39797010653
13271,2021,5,1,13309,98320.13014131632,112805.54295274714
31051,2025,6,2,"31173,31179",178736.7920127659,190323.5786696354
13069,2023,4,1,13271,179678.34415631098,112019.79300269805
27101,2024,7,1,27127,207001.22197691537,161686.13841174
12085,2025,5,1,12093,459949.5389464782,287411.9702699065
48249,2025,5,1,48047,146711.40428236537,87632.90826733988
17027,2023,2,1,17051,180587.61448939456,142602.55299452224
01021,2023,6,1,01007,206341.02403919367,221918.279897282
48185,2020,8,1,48313,250471.1732461373,181269.31689174593
51087,2023,6,1,51036,365917.78074412514,263301.9467588589
01079,2022,7,1,01133,211760.4260251675,192338.7875253651
17023,2021,3,1,17079,121519.7925885482,130155.04887356763
19161,2023,4,3,"19021,19093,19035",140310.39745143775,148666.6973493827
05053,2024,8,2,"05025,05039",194153.4338583298,137618.75634406827
12097,2023,4,1,12055,382233.8068785081,226012.9590526537
41045,2022,8,1,16087,301287.4838110054,378350.5867443459
06043,2025,2,1,06109,402640.1197480022,405059.5361032929
17157,2022,4,1,17133,124939.97241790564,266658.8897660762
35051,2024,7,1,35003,170383.72935287838,213544.00249060604
42099,2024,6,1,42055,277103.0465295226,273596.11759019917
42085,2021,7,1,39099,152920.42096256893,119654.77333785384
49043,2022,7,3,"49033,56041,49029",1379696.625998384,520750.05362893315
40113,2021,3,1,40103,167023.66102156896,113710.32685496274
48323,2020,3,1,48507,159823.96285677064,74308.73154286029
55109,2021,7,1,27163,347930.4631303291,390063.6420166392
29071,2023,3,1,29221,234787.87284297985,166495.15411065618
16067,2022,8,1,16053,302771.6612811201,383337.0374059213
36029,2024,10,1,36063,274539.4972506698,228004.4862023947
51199,2020,5,1,51735,334919.3841725973,337836.11164747906
48043,2020,6,1,48243,193016.9746788016,209296.4381402916
53007,2022,6,4,"53057,53037,53061,53033",543097.9393753461,692242.5623095147
29095,2020,5,1,29177,164640.0158228795,163767.21778458732
19181,2025,6,1,19117,312355.144679835,170932.70827398793
20157,2024,6,1,31095,118776.10860139578,130186.37522249468
51155,2024,6,1,51063,211622.53507557607,253139.1994864128
18097,2021,12,1,18109,193442.25993743815,240389.72792771008
27123,2021,7,1,27163,306960.81183890224,390063.6420166392
39075,2022,5,1,39005,302517.7533752876,190181.49222536315
05135,2024,5,1,05065,153398.06739273202,167289.29802547884
29079,2020,8,1,29117,84738.48377999943,122373.9697168938
48149,2025,5,1,48285,454728.6742905332,287343.2336183908
31059,2020,3,2,"31151,31095",107873.55668865448,109226.22405629259
54085,2020,8,1,54021,89269.55951201869,79672.03152282267
19085,2023,8,2,"19165,19133",190199.8520086488,166044.21638702037
47023,2020,3,1,47069,132298.99145722232,101971.65935169696
47085,2023,12,2,"47135,47081",222360.66504842744,176020.0504130486
05067,2024,2,1,05037,96254.27376349168,141520.64466320505
47009,2021,6,2,"47105,37075",271969.07547170826,245201.66547390533
31043,2025,4,1,31173,225579.4260588652,149187.30052772842
40117,2021,6,1,40103,128872.6290939578,118609.42494897312
30001,2024,8,1,30023,381601.6856225949,277373.502030581
37111,2020,6,2,"37199,37121",182984.5658799399,178089.68625557388
29055,2023,2,1,29221,195457.05114104645,165169.28010046878
37129,2022,3,1,37141,376302.99926247913,384920.2732299276
13177,2023,7,1,13261,245903.91314757225,126886.01469249294
51131,2020,9,1,51735,181393.19177398528,342858.6153644685
16011,2020,4,1,16029,231621.2638244084,205963.06623918153
21229,2020,7,1,21005,149990.85458661476,150675.98791885655
48143,2022,12,1,48193,317499.1024151869,257977.88831865072
16015,2023,4,1,16045,440118.0300052296,441627.483028735
01061,2022,6,1,01039,162246.12778895022,153013.68531595383
32023,2024,3,1,32015,336123.6350376741,240724.0288619921
04015,2023,8,1,49025,346217.3124677415,410463.3827785455
41047,2020,12,2,"41031,41065",348061.9117265168,307471.1389532253
27051,2024,6,3,"27121,27041,27149",206219.472978883,269400.03108622524
21161,2025,2,2,"21201,21069",165114.0043427034,179553.94783703628
48079,2023,7,1,35041,75138.1844476933,143543.67733025367
55111,2020,10,1,55103,237337.7720065968,155466.88193448048
21221,2021,5,1,21143,232985.09366839935,143720.91234057758
47125,2024,7,1,21219,319459.5894648513,213804.7707041693
48291,2024,3,1,48407,239549.41830946572,226281.80117497224
28071,2024,7,1,28107,358723.3447446783,187881.2496248956
29219,2024,8,1,29073,313168.6987787131,221458.3446248409
29131,2021,12,3,"29135,29151,29051",216669.4076669867,196123.59210933742
22059,2023,6,1,22025,162179.9308020646,118100.16960174318
51175,2023,7,3,"51620,37091,51183",243443.49142145296,170094.6251121782
37111,2025,5,1,37011,267788.2138718974,392767.3466573667
13111,2023,4,4,"13291,13123,13213,13187",479520.0193176411,326826.6549099768
21053,2022,1,1,47027,131915.89914043978,173867.33177560355
51163,2025,6,2,"51530,51678",316750.26785315824,255072.52527644747
12023,2023,11,1,12041,258580.903227282,281528.5702236042
39157,2022,11,2,"39151,39075",177308.26301204335,241450.38639842934
37023,2023,12,1,37011,239628.9881869399,386006.2113779133
40067,2021,4,1,40033,71824.61524795483,87251.03988396109
06055,2020,8,3,"06033,06095,06113",728405.8329962465,412356.774867746
45039,2024,12,1,45023,194201.4781473509,216147.5985497767
05005,2024,9,2,"05137,05065",221847.52084280815,185582.1364963323
22101,2021,4,1,22007,123549.40175399516,158365.516591922
39033,2021,5,1,39077,119776.90498490422,148905.5759777108
29217,2022,4,1,29185,125995.46320962104,184534.53511415256
46061,2024,7,1,46097,,190413.84072959225
21003,2022,2,1,47111,184043.56181020147,228152.5074901149
08013,2021,7,1,08047,675597.4421759368,493282.4606887093
38057,2024,9,1,38025,218152.2932529357,332935.25732066325
20007,2023,5,1,40003,80944.84332189585,113929.59592190398
05103,2023,1,1,05039,102588.65597031712,128672.19895362656
27065,2023,8,1,27095,246496.32492433712,282891.12876463844
19169,2023,6,1,19079,260157.18203206835,142337.8133422708
36059,2022,9,1,36005,709646.7272751182,500464.25937744504
38051,2023,6,1,38029,,121669.94834862724
17167,2022,4,1,17129,153407.18478357166,180063.51606336512
26103,2024,7,1,26083,217916.82694281056,178023.82962791668
51650,2023,6,2,"51199,51735",254135.42426863455,422300.36569791887
13215,2021,6,1,13053,143833.53982031086,129504.58956425048
29001,2024,8,1,29211,175207.35830545015,111197.85623614345
22103,2020,8,1,28109,237670.66578423337,146380.8104086032
26073,2022,8,1,26133,201778.31014023817,167493.83359806868
17033,2020,7,1,17079,115661.11925977327,114746.45254531056
29141,2022,5,1,29135,305519.84833127615,196174.9739577735
48389,2020,3,1,48243,226814.89146475113,206212.25187449995
26111,2025,5,3,"26035,26051,26073",225466.64170023776,173105.25065207147
29183,2024,4,1,17013,356765.37026968104,193234.30798264916
53019,2023,9,1,53047,271161.9033966274,304064.63161334465
22005,2022,6,4,"22093,22007,22095,22047",264853.45519511617,186292.49250572338
01081,2023,12,1,01017,315275.41812078655,135380.8133302588
55067,2025,4,1,55041,191765.8678257387,189328.91590979823
41061,2023,5,1,41063,289505.4476980762,398784.6838827731
51163,2022,5,1,51678,289443.35750641936,294851.4682737132
18089,2024,6,1,18111,240266.5029847925,206431.89069751732
01041,2023,12,1,01085,129792.82928434706,143820.36844896647
55133,2020,4,1,55055,340637.9400037976,235641.78540854657
08085,2024,8,1,08029,435118.3334047881,391834.68923693505
37131,2022,4,1,37185,112030.914290315,222881.98305636455
48025,2025,6,1,48255,174629.3805630815,205964.5811818936
41047,2022,3,2,"41065,41071",429042.42854761536,435895.2178846905
48181,2021,10,1,40095,257774.99789926407,170674.84261434272
55009,2023,4,5,"55083,55015,55061,55071,55029",286850.07297048805,276094.1392605901
38059,2024,8,2,"38065,38089",289182.08840716444,249567.78520501178
51161,2023,7,1,51045,300853.0488020488,204325.02103984135
05055,2020,9,1,29069,142665.08405483016,94966.79354549924
13139,2024,8,1,13013,397606.3542395136,345099.56355228514
47011,2023,7,2,"13313,13213",289932.3287119095,224037.19506791694
37039,2022,5,2,"13291,13111",241954.9068806551,435358.1921321242
48469,2024,1,2,"48123,48391",215109.34922852207,189434.35223434996
47013,2025,5,3,"47173,21235,21147",234095.756432496,186009.7770473701
26005,2024,6,1,55101,313265.42823623895,280149.09316509555
18159,2025,4,1,18023,230571.7259772347,212410.4305185832
21225,2020,7,1,21055,89357.43764691784,118337.66527895334
29001,2021,7,2,"29197,29103",159008.1122088897,141185.36942917033
40047,2021,8,2,"40103,40003",116734.65400966148,116687.16775071634
37039,2025,6,1,37113,268264.45109148725,355015.0073613972
48257,2025,5,1,48231,310065.29507646215,283939.7261693547
36119,2024,5,1,36005,772761.5336033005,458568.1070839842
04019,2023,10,2,"04023,04003",349128.75270055566,262948.7281870723
05025,2023,1,2,"05039,05011",151237.8514159946,122242.4556556863
13137,2020,5,1,13281,185655.32334927924,247313.87906086328
46059,2023,8,2,"46073,46005",250640.149120694,218511.36672429432
17081,2020,3,1,17121,109141.09392107674,83781.71292430758
12083,2021,7,1,12119,215653.217137871,316117.0429897761
48349,2022,4,1,48217,202224.0594809661,220963.11664481813
19033,2023,8,3,"19067,19189,19195",179580.36177052406,147709.17603193648
54099,2025,5,1,21159,133618.63212933202,127530.08779279742
04012,2024,8,1,04027,262600.56812724104,275388.9668369426
20125,2022,9,1,40105,92692.19583577628,156535.28809716649
20043,2023,5,2,"31147,29003",128251.31259934625,179963.43180121997
19161,2023,8,3,"19021,19093,19035",143559.037284372,150815.35704976824
13115,2023,4,3,"13055,13233,13295",211738.55815764095,195095.50980961532
16035,2022,8,2,"30061,16079",300807.3809889867,333880.7053792485
08041,2021,8,1,08039,430773.57183104474,634010.4119338418
40113,2021,7,1,40103,177938.38028050787,119584.40654760748
21175,2023,6,1,21063,145069.14861767922,152391.02280017114
55043,2025,4,1,17085,207538.71539932225,234372.0877231676
51199,2020,9,1,51735,339753.3819862435,342858.6153644685
17075,2024,5,1,18111,134347.33869957714,205554.1298329516
46039,2023,5,3,"27081,27173,46011",292698.1518444493,200769.95833238206
05135,2024,9,1,05065,159307.7982322656,171527.0036546528
31059,2020,7,3,"31151,31095,31159",109193.83960195525,145265.79529932447
05091,2022,7,1,05081,173703.09027542733,135851.22601940844
48045,2024,6,2,"48153,48191",178837.94179735557,87626.07354575896
46123,2023,5,1,31103,190572.79711901068,244470.12951226896
21191,2025,5,1,21097,231462.98727724905,233552.4118099041
19063,2024,6,1,27091,138035.52875915897,194703.4356435729
37189,2020,1,1,47091,296306.8870037988,161642.06701345186
13245,2023,9,1,13163,180133.72919408177,129012.28873860733
13311,2025,6,1,13281,313636.99963173136,392290.7329619198
23001,2024,6,1,23023,316820.42739249207,417802.6507342071
41035,2020,8,3,"41037,41029,06049",200045.2177336194,197577.26389770446
06065,2023,12,1,06059,602221.2244468565,1090394.9838810412
31159,2020,3,3,"31023,31151,31109",208192.77996413107,158446.9986163014
53065,2020,1,1,53019,234216.060735523,231948.7194243819
01049,2023,7,2,"13055,13083",195662.02456239323,200996.7688782903
18063,2022,6,1,18109,321675.5490194638,267895.42119768256
47133,2021,10,2,"47087,47027",199900.5156233219,172199.15916041934
26075,2023,6,2,"26093,26059",197400.47442157732,268636.145681911
31127,2023,6,1,31147,155352.38293694935,116198.14771168742
17027,2020,5,1,17121,149695.77627115068,86714.70664923829
32023,2024,7,1,32015,340183.8193781587,248777.3814674761
38043,2021,5,1,38083,226349.33180075276,218674.8134202738
13239,2023,7,1,13259,118904.39171637404,88122.54848287538
01077,2022,2,1,28141,192401.41791510652,176114.4575443807
05111,2025,5,1,05067,123797.996079438,97132.81936443584
12115,2020,7,1,12027,286403.1471064782,163188.92165119998
48149,2024,1,2,"48089,48477",441878.0788796638,322626.6810169503
05031,2023,8,3,"05111,29069,05055",205319.6699891472,137174.56701365052
29049,2020,5,1,29177,178001.89138118122,163767.21778458732
04005,2023,7,2,"49025,49037",585809.0921042291,375413.1261780345
01047,2022,4,1,01131,94260.76249890096,147182.78013132358
48173,2022,6,1,48431,388709.28919921425,259208.79494810375
40083,2023,5,1,40103,299787.7535289875,138014.5805952194
35001,2020,7,1,35006,224501.9656685422,106429.58474383484
51179,2024,8,1,51630,522655.6760713074,457861.8056368443
26033,2023,8,2,"26097,26141",180877.75828266735,184574.38349778944
13077,2023,5,3,"13045,13121,13199",379904.032475949,299002.7144651852
31015,2022,7,2,"46023,31103",202609.84344207417,247498.9716308245
40069,2023,11,2,"40005,40013",137935.12181114094,207030.97685195148
01059,2021,8,2,"28141,28057",148284.60792029384,155414.53267252402
35007,2024,7,2,"35055,08023",249604.61385954916,334892.4302743633
26029,2020,7,2,"26097,26089",248093.1092970192,266577.976041685
18095,2024,6,1,18059,176166.479806733,313642.0203010295
56037,2025,5,2,"49009,49043",288694.8447185217,809910.0768049156
42105,2025,3,1,42023,155193.13983948444,88361.09198341251
51131,2022,6,1,51735,263941.46058621764,410596.433152927
26043,2024,6,2,"26071,55037",160275.2604074803,148057.01086412513
31041,2024,8,5,"31113,31175,31047,31163,31019",160284.37900306543,200034.09024812264
01121,2025,6,1,01037,181439.1659241529,179927.32841270076
01113,2025,5,2,"13053,13259",188434.1614566075,117793.5158570591
56029,2023,5,2,"56039,56017",399344.59313431714,1104191.467196251
26101,2022,5,3,"26019,26105,26085",229463.63406783025,242578.5114656477
48471,2021,4,1,48455,231541.59523175223,163527.69738315293
47005,2024,6,1,47135,179632.07724591027,178283.75132835016
48427,2021,6,1,48247,175400.93282591933,124124.37998160745
20097,2020,7,1,20033,133178.11728580133,70488.67822979645
29111,2021,7,1,29103,159334.7626179397,139394.6790260649
29161,2021,4,1,29073,167030.72078602202,167626.19385414405
28047,2023,9,1,28131,217529.43264965023,183805.9781476697
17181,2024,8,3,"17003,29157,17199",141844.69441462107,139603.45609049543
13215,2021,10,1,13053,145150.91142341393,130533.13022870362
27083,2024,7,2,"27127,27173",194993.0858747549,157118.55862350698
17121,2023,4,1,17051,106719.01474413736,142684.14613732652
05031,2025,1,1,05067,206977.17529908143,100576.16791183912
05147,2024,4,2,"05123,05037",94730.76770877944,115250.18642043066
48289,2025,6,1,48225,303876.94264462293,211118.13430757943
51185,2023,2,1,51021,123748.8380003472,163313.71386555998
21101,2024,3,1,21233,191578.9256445381,128094.67089250217
06023,2020,3,3,"06015,06045,06093",414783.19054445653,336426.4461802033
51025,2022,6,1,37185,164096.76007628007,230231.3238355672
20167,2024,7,1,20141,103523.56049131569,82901.55220605498
12057,2024,4,1,12049,401732.8106585315,228160.92354577224
13303,2021,5,1,13141,134040.80508925984,174552.64533740995
13167,2022,6,1,13319,116970.68053234305,133893.77699720368
13249,2025,6,2,"13197,13193",187212.33553587287,142479.9982584307
56005,2022,5,1,56009,289863.2407276789,265102.4667946548
17001,2024,10,3,"29111,17169,17009",168243.90174175505,154026.78027695642
21207,2021,2,1,21001,103145.63235672272,128526.92507131113
20037,2025,5,1,20133,137774.8815645421,103946.12498064309
46057,2023,8,1,46011,276686.67840927676,279383.21725350985
47071,2022,5,3,"28141,47109,47039",178059.36276846463,165322.86584569022
39167,2024,3,1,54073,166389.6301704197,149546.71914540266
19161,2025,4,1,19047,154807.83116059945,167148.24209160524
04009,2023,11,1,04003,275681.58439194213,252310.02559398813
17165,2022,6,1,17069,85572.88340017077,114598.9869760648
22079,2020,9,1,22039,157302.12206170932,121171.94201986276
55133,2020,8,1,55055,343462.0724435821,239839.67444381965
16071,2021,6,1,16041,248031.8863751632,376043.6671512046
08045,2022,7,2,"08037,49047",604976.5222399073,721745.2139353729
28137,2023,9,2,"28143,28107",221707.1330102187,167734.0921774215
19133,2024,7,2,"31173,19093",155419.46265876517,139988.50349936163
13307,2021,6,2,"13197,13259",137466.13238824604,127552.72564423922
35035,2024,7,1,48109,221257.1088630428,135705.00373141505
18017,2024,7,1,18181,159929.45364781076,202718.08712764943
21041,2020,4,1,21223,108041.48994609878,147138.48887789637
26065,2022,8,1,26037,187709.0238235722,277642.68331377447
48469,2024,5,3,"48123,48391,48239",218912.68330901265,204637.98823001434
55027,2022,11,1,55047,247783.5083946647,239136.59084096272
39133,2021,5,2,"39055,39099",209897.7507832559,197919.57736318014
20201,2020,7,2,"31067,31095",111995.1942113185,110179.0772147002
28117,2021,7,2,"28139,28141",142708.53963629567,149712.93663228626
47111,2025,5,1,47159,255563.26923416383,301218.91807547497
05137,2023,7,1,05065,197826.85385565195,161189.6418845456
12061,2023,11,1,12093,391372.62250201503,274048.2868909109
16005,2024,8,1,16071,342109.7039690982,325648.06000303506
44003,2021,6,1,44001,319809.8267669848,484601.1517097824
51153,2023,9,1,51685,543322.2366487655,423566.1367271261
22037,2021,3,3,"22125,22121,28005",212705.4850823578,212578.16252291805
20143,2022,4,1,20123,141592.83077180685,118159.19313875416
39149,2021,3,1,39021,166487.1844883846,176118.75481475107
22033,2021,9,3,"22037,22121,22047",209672.8017980658,193607.29013068593
51650,2020,9,1,51735,189075.44495097065,342858.6153644685
05147,2021,3,1,05123,82623.96269333399,87022.31228905183
31091,2021,7,1,31117,111271.44321217912,261819.68249419317
47065,2023,12,1,13047,340502.47254730883,278792.2867184824
28143,2021,3,2,"05035,28027",131429.4616133979,104656.45765267129
29137,2020,4,1,29205,137133.98552677812,104199.12067559177
19177,2024,7,1,19087,174833.05425139578,179848.54490960357
17187,2022,6,1,17071,97105.76126248592,121537.66151568809
45003,2024,5,1,45011,226378.58792276288,162277.2474530179
17059,2023,2,1,17069,76809.3774524209,106457.90538320527
55071,2025,6,2,"26101,26105",243420.78395679969,241921.52202645075
20013,2023,6,1,31147,122913.41243126168,116198.14771168742
26135,2020,11,4,"26129,26137,26039,26069",107529.43687202524,129990.54841734731
18083,2023,6,1,17033,132611.2362775336,123578.6608849553
13043,2021,6,3,"13107,13031,13279",144799.47122920756,137567.82070189962
38025,2024,5,1,38089,328980.45470380894,272112.2770925257
25019,2020,10,1,25007,1940035.5972457696,936628.9465954014
26091,2023,9,1,26115,216947.8518698915,232683.8398242043
48325,2021,5,2,"48507,48163",293979.28965408873,141722.19246971392
48467,2025,6,2,"48379,48231",275712.0148143247,284133.4575225373
41001,2024,7,1,16087,288491.5200350554,368728.00406513625
17113,2023,4,1,17147,214462.19606237425,190181.58526281745
06031,2021,10,1,06079,301353.936302678,751989.0073506254
41065,2023,5,6,"41021,41055,53039,41005,41069,41027",378208.2684328179,410314.79274459835
51141,2024,1,1,51063,192224.14406798215,245996.0533522881
16083,2025,5,2,"16047,32007",366513.2996042837,358245.2978195683
29115,2021,12,1,29041,103242.72491288796,260413.52404300123
17149,2020,5,1,17013,82398.00882911323,158502.4137058791
28003,2020,4,1,47069,134418.4769871192,102888.25196671949
13241,2020,1,1,13281,224103.99070317767,243052.134797144
18067,2023,2,1,18103,152519.97503247162,126012.17671142874
21091,2024,7,1,21183,189401.07121627295,134764.84231245532
46039,2023,9,4,"27081,27073,27173,46011",280395.432719496,195086.4198554638
42119,2022,2,1,42087,232053.69221179563,141756.21311612515
48483,2023,8,1,40129,108919.8475304934,176130.6100240443
20029,2024,7,1,20123,103816.04605772164,130292.472637445
08089,2020,5,1,08025,112714.86793047546,126283.8381318584
41035,2025,6,3,"41037,06093,41019",304028.0177641055,273407.5131334465
37189,2020,5,1,37011,302303.14223318966,223391.29276433037
40119,2021,5,1,40103,187851.7032910375,117131.2920080026
42073,2021,6,1,39099,128978.59096698818,117794.00989374323
49053,2020,6,2,"32017,49021",354995.42251006747,216590.37313724216
01085,2022,7,2,"01013,01131",149009.64981429608,135913.1541412139
48479,2022,9,2,"48131,48127",208962.88768299576,132496.02587225387
40123,2022,6,1,40133,173154.59974082248,107564.33840956078
49015,2021,8,1,49039,,296721.3113041705
17051,2024,4,1,17005,150141.8090568158,147685.91396602342
40031,2022,8,1,40075,135458.71020332156,79079.63088026938
17161,2023,7,1,19115,139213.9635038595,147603.180190058
39119,2021,7,1,39115,160253.59959977746,132851.85288868702
49049,2022,6,1,49039,561757.9988208887,354434.3030636506
29155,2020,9,1,29069,83859.48588755331,94966.79354549924
12049,2022,7,1,12027,207260.9493959345,266321.5322045151
22111,2021,5,1,22027,142176.35463821664,186173.89927582024
13105,2021,5,1,13317,120486.5784304518,119099.7525751177
13131,2024,8,1,13087,196841.46675146968,178570.2885420822
18061,2021,6,1,21163,200623.26825966456,190198.6904613499
13297,2024,4,1,13013,380000.45694558416,342075.1013091057
12015,2023,6,2,"12055,12027",376423.4244958541,245726.41806388984
48265,2022,4,1,48267,385600.4565402456,354841.7553556664
50027,2020,7,1,50017,275947.2078448774,247767.11967514895
06031,2023,3,2,"06079,06053",326704.32498685847,810956.0923494629
29147,2020,5,1,19145,153148.07424934392,104728.87959258856
48201,2022,5,2,"48291,48071",284144.5523049196,289218.2372319366
22117,2021,3,2,"28147,28113",146015.96768268725,127558.03981085718
29159,2021,6,1,29107,139442.7119196757,175859.8770819887
40121,2024,4,1,40005,139087.99316052627,197249.36361902
21035,2024,2,1,21157,197282.39720207368,181541.37463835572
41067,2022,4,1,41071,585749.8712016436,500872.71218873776
49045,2020,7,1,32033,324902.66572193056,153450.24632451046
49043,2024,8,1,49009,1271912.2887240269,311964.2533620643
51199,2022,6,1,51735,402101.9116665654,410596.433152927
21175,2020,9,1,21063,100002.4898324572,100965.2074290404
48225,2020,4,1,48313,194903.7465251052,176722.07166458396
29147,2023,6,2,"29003,19145",208429.6898743272,189583.19301763043
19173,2023,4,1,19145,113166.10194900732,131999.39498884205
55099,2022,9,1,55119,172812.57111579156,207849.9458263883
13107,2020,6,1,13283,82544.84072989346,110307.7062308453
51179,2024,12,1,51630,531823.6467896918,465098.8139209495
42011,2022,7,1,42077,258869.9434676359,304731.0596446443
05005,2023,8,1,05065,216632.76826424315,160921.06569809798
21071,2020,4,1,21159,95113.29842965509,74109.67510621667
37009,2024,5,1,37005,353326.69735232316,263594.72317002725
25009,2024,8,1,25025,691157.765084733,752138.4373147422
06047,2023,2,2,"06069,06085",400866.005611371,1126702.0873587993
06003,2024,8,1,06109,508521.8786468651,400282.4415275351
35025,2023,6,2,"35005,35041",200575.95266945404,159769.69303650648
13161,2024,7,2,"13279,13271",147314.18948113418,140586.45692844762
01105,2023,6,1,01007,148275.09272848492,221918.279897282
42059,2024,8,2,"54103,54051",140638.768614779,122310.82906179687
30029,2022,6,5,"30035,30073,30049,30099,30077",668480.5614207376,272996.86073541315
55061,2020,1,1,26019,186820.22836742536,228298.18720364643
16001,2023,8,1,16045,495208.5911622112,445847.569909475
19015,2020,5,1,19079,162001.63474845205,106647.92413306334
29107,2022,6,1,29033,200717.0437789457,144108.49237928478
51103,2023,7,1,51119,356897.0963013738,349214.8034933543
54083,2023,9,1,54093,145088.00876945656,204729.8873119816
32007,2021,7,1,32013,309474.573465337,273850.2101146932
54013,2020,8,1,54021,73691.16087845486,79672.03152282267
35053,2020,6,2,"35006,35003",160288.99528379753,144749.1506678261
13037,2024,2,1,13061,105133.91115499864,166590.90491236767
26101,2022,9,2,"26019,26105",228811.12436863425,295117.58311435865
39005,2021,5,3,"39077,39103,39083",171280.7956418453,203439.754544679
54029,2022,7,1,54009,127175.34093262209,119238.61418013027
48231,2021,1,2,"48119,48379",219759.9323643374,182054.80280232453
28145,2020,1,1,28009,148289.05406157367,132961.0374684808
45015,2020,6,1,45089,249629.9091292897,103044.57162153863
32007,2024,8,1,32015,354099.1448956444,250175.2926130253
13219,2020,6,1,13059,361839.60101718106,201895.97266192897
48269,2022,5,3,"48155,48433,48275",,132875.30616111663
05031,2025,5,1,05067,206046.18286452128,97132.81936443584
05147,2024,8,2,"05067,05095",93931.04340480632,97452.37512818143
54107,2023,7,1,54105,158893.72687576024,111946.44737681311
51185,2023,6,1,51021,129420.2932512827,162484.12080271618
18057,2021,3,1,18159,339343.81223086023,162804.40089430442
06107,2025,2,1,06031,356724.0762296913,356088.0901770319
18035,2022,3,1,18065,129698.55019461775,152380.02844023285
21055,2022,7,1,17069,138032.01599175893,114086.42595970516
28109,2022,1,2,"28091,28045",162569.83067418102,182114.90773309677
19047,2021,8,2,"19193,19093",128021.25408533627,139685.27971140997
17079,2024,5,1,17033,144193.32907908762,125892.45452054408
39075,2021,5,1,39083,274424.3008917231,204279.181281946
48001,2024,2,2,"48289,48161",219590.83248524772,271941.6906632634
13079,2025,5,1,13193,203330.41750391189,102384.49307113804
05043,2023,12,1,05011,150492.16784720504,121057.00454628948
22083,2023,12,1,22065,175757.0178585502,84207.76611053692
21185,2020,3,1,21223,311863.20877433475,146513.4268722038
37173,2021,6,3,"37087,37113,37075",249217.91536131233,236732.624707612
39029,2023,4,2,"39151,39099",141776.7754896305,156063.20495151298
17107,2022,5,1,17039,117030.33887865256,115972.88420102932
42121,2025,6,1,42039,128941.5613279863,147513.54587253628
42081,2023,8,1,42093,209221.26589923332,253150.54952162024
55011,2023,4,1,55035,211810.7268735148,282342.9232183354
13241,2023,6,1,13281,369123.0496211496,374378.2493682435
30031,2023,8,1,56039,670924.1655307086,2084901.049880923
42085,2025,6,2,"42039,39099",169267.16457054214,154463.75189908405
47131,2022,7,1,47053,140842.33531898758,163597.35351267536
54095,2025,3,1,54073,120394.72585535636,165520.8031771716
05061,2025,6,2,"05113,05109",152358.46090782937,180370.91743610162
21031,2025,6,1,21177,200793.92839710007,141753.74467332163
30049,2021,7,2,"30043,30059",356203.28333245823,306992.2738228361
48245,2022,5,2,"48291,48071",167892.88117348115,289218.2372319366
22009,2025,5,1,22029,126730.13222307344,113930.6076630851
51173,2023,7,1,51021,140203.44415316163,163681.1017034823
28047,2020,12,2,"28109,28045",171282.63961053037,166320.12953868188
19013,2022,5,1,19023,153938.5438777574,162814.9920372746
48273,2025,5,1,48047,144174.84813572388,87632.90826733988
35055,2020,11,1,08021,404127.952525012,162677.17337201312
21007,2024,6,1,17003,132976.44386710925,69788.47070765863
31021,2023,8,2,"31173,19133",157474.46076847133,143099.74314567322
47035,2022,5,1,47175,273806.40690077294,198987.30340711935
54085,2024,7,1,54073,124105.02568174922,157740.96924157187
16085,2022,8,2,"16045,16037",714865.2576238745,423840.2602859702
51003,2022,6,1,51540,488706.82296604966,457600.81217096606
21067,2025,5,3,"21017,21049,21239",320618.258649829,288208.0083034108
39099,2024,5,1,39151,151043.5832189678,191306.87843724177
35039,2021,7,3,"08021,35028,08007",299325.81783830584,370526.02499043057
30067,2020,7,1,56029,388734.7773351791,287536.4521314844
17127,2024,8,2,"17151,21139",109030.49281513334,152387.20646478544
28091,2020,8,1,28109,118715.27575245092,146380.8104086032
37061,2022,8,1,37141,162317.61157310216,413419.8162545772
17059,2023,6,1,17069,80595.90553113549,108071.14575248925
06071,2023,2,1,04012,521737.84181235713,246896.72463745263
13243,2024,5,2,"13307,13061",99583.9290414862,172418.32975404826
42097,2023,7,1,42093,140709.07057072807,253497.52949051737
53001,2024,6,2,"53021,53025",299364.39964952203,385145.9227776232
04003,2021,9,1,04011,227098.72839572257,219272.73430437513
29171,2022,3,2,"19185,29197",165389.25835185443,136293.46136585734
16041,2023,7,2,"49033,49005",405405.8501176894,484580.96982554113
05139,2021,5,1,22027,129340.29413424524,186173.89927582024
04025,2021,6,1,04012,424820.1063012229,205986.7125716207
50007,2021,7,1,50015,417774.1676060917,439427.31660151907
37053,2024,6,1,37177,529662.0854290867,170412.1418184896
41005,2021,1,2,"41065,41027",499534.63664339966,427375.628983808
27089,2024,7,1,38099,189977.12258244137,155458.79029539533
30063,2024,8,2,"16035,30039",556831.0276011083,360808.44440305047
42061,2024,6,2,"42055,42057",165973.26341321412,245451.242635827
37143,2021,6,1,37073,212494.29544139377,175139.11029893032
30031,2020,7,2,"30043,56029",471879.2313566354,291907.43454367784
40023,2023,3,1,40005,136992.80213517553,180190.67743704945
51153,2025,6,1,51685,581371.452125786,455379.9850377945
05139,2024,6,1,05011,130783.4433114428,128285.0503201551
18141,2024,4,1,18149,205232.58470549187,194785.91216026025
26069,2024,7,1,26001,162651.44835508417,170706.98549510242
55087,2023,5,2,"55135,55015",281671.6351764802,272922.25544638204
22105,2025,4,3,"22095,22091,28113",222125.39597635425,162660.23009086473
48177,2024,5,1,48123,296108.47698600596,236306.46493349984
51153,2020,12,1,51685,444587.5522766528,348544.9723476865
40065,2025,5,1,40057,114581.76045272576,82119.97465471954
05041,2024,3,1,05107,104681.10918243736,52895.2988602373
01071,2022,5,1,47051,178012.541527276,285221.9656741889
37143,2024,7,1,37177,254034.72211394823,171369.92720595092
47181,2023,2,1,47039,154677.19364791163,163082.51631834503
22021,2023,3,1,22025,132131.40214289704,118351.6500555328
06019,2024,6,2,"06031,06069",403118.41581349,566335.1621516532
05013,2022,12,2,"05039,05011",131528.67451512208,123684.31098211315
12049,2022,11,2,"12055,12027",209538.5091613759,247081.49162260687
06113,2021,10,2,"06033,06055",587406.7941600919,593519.4737014392
22071,2023,5,1,22075,276398.49158557877,295891.8181529014
13043,2023,3,2,"13107,13279",172430.68745070687,127102.32207660619
40149,2022,9,1,40075,95211.98844582362,78857.67884413728
13297,2024,8,2,"13219,13013",383696.3021991213,442642.6296744117
23015,2024,6,1,23023,433704.9673937862,417802.6507342071
17057,2020,3,1,17169,81906.24800360399,109334.5435596428
30097,2023,8,1,30107,394327.39940904774,171167.16895532797
42037,2023,8,1,42093,230864.008346344,253150.54952162024
22117,2021,7,2,"28147,28113",142193.9920036533,133502.92602696118
46115,2021,5,1,46005,121345.74283611232,156629.83553928646
48105,2021,5,1,48461,,138954.6458710021
49045,2025,5,2,"32033,32007",475562.42646444665,276358.24489778205
28035,2025,6,1,28111,185414.2134879972,144217.3814928165
55117,2022,6,2,"26105,26127",243895.82495797105,239884.19751590476
19183,2023,7,1,19115,202336.26734821792,147603.180190058
21097,2024,2,2,"21201,21023",197218.1014991264,175336.09988843033
30063,2021,7,2,"30089,16049",459662.9595937398,308491.42060735164
34025,2024,7,2,"36081,36085",717126.2603562431,674706.4670193654
13157,2024,8,2,"13219,13013",398813.3115032776,442642.6296744117
20051,2025,6,2,"20163,20141",231259.06856278516,102941.06667862408
39089,2025,6,1,39083,323657.8934961224,268748.88326567336
13245,2024,1,1,13163,181840.6837741283,130307.525798031
20003,2022,4,1,20207,157086.05252634364,98285.50227706895
21071,2020,8,1,21159,99861.2040447874,77649.25587633299
26035,2020,4,1,26133,98986.59146369954,114539.00792024603
26053,2023,7,2,"55051,55125",108613.34504425328,282256.851292322
46109,2023,6,2,"38081,27011",239416.8870073779,176508.36169466365
16071,2023,6,2,"49003,49005",317385.8650938683,439183.0567494475
51161,2024,5,1,51063,312322.1383807342,251867.2727697924
35025,2023,10,1,48501,190902.642353926,198109.8246300023
06077,2024,2,2,"06005,06009",546312.5809745194,439199.18554318324
18181,2020,8,1,18131,146901.60600370355,109721.58620695028
48495,2024,5,1,48475,122194.2628766861,197298.0932857568
46077,2024,7,1,46097,226861.40462296412,190413.84072959225
13009,2022,8,1,13319,213148.6818353017,136305.31855424217
53027,2025,2,3,"53049,53067,53041",321712.9919463202,425333.47149107215
48117,2023,5,1,35037,162424.27747627613,113018.849002628
26085,2020,6,1,26133,122202.22557907476,121415.08251057735
48231,2021,5,1,48379,235070.8232515226,234850.0844608309
48325,2020,1,1,48507,254018.60892666728,74481.84099710315
37023,2021,7,1,37011,199160.2288731631,306513.1101590603
13289,2022,5,1,13319,116650.1420914758,133168.11439087964
19147,2023,8,2,"19021,19059",143027.87042164107,263831.7946559221
22033,2025,4,1,22091,232938.50149062937,172156.9298101803
19041,2024,7,1,19151,174312.90126638618,107278.6836802712
27031,2025,5,1,26083,410609.4598097705,189087.45702921657
28033,2024,7,1,05035,294002.99689789634,158267.84388058292
28081,2024,4,2,"28117,28017",183626.0354873025,136241.2873714487
39143,2022,7,1,39173,150367.77273807288,211763.28270444248
18035,2022,7,2,"18009,18075",135210.94282879995,124079.54001050007
37023,2024,8,1,37011,252918.12422726993,396383.13083166425
13289,2025,6,3,"13319,13175,13023",110097.66858312752,162711.90146940728
21195,2023,6,1,54059,107095.65389704904,87254.65699339088
20065,2025,6,2,"20147,20163",112782.46970091228,116683.85734950015
19047,2021,12,2,"19193,19093",132859.34889348908,145277.39118464844
17193,2024,8,3,"17047,18129,17059",101681.6113733316,132996.46778392026
47057,2025,5,2,"47173,47067",269762.3038223775,219103.3438339868
54059,2025,4,2,"21195,21159",83258.46131656384,120301.59795273715
12099,2022,3,2,"12051,12043",428798.6692290294,225128.3302033887
13287,2020,2,1,13017,103361.27077476894,77862.82329131482
40105,2021,5,1,40035,130408.71451056236,143221.0744797425
29047,2023,6,1,20209,295098.21919447376,183717.1650356
28065,2024,6,1,28077,93107.76527755584,129899.72705885624
39029,2023,8,1,39151,146140.28411297058,183861.2993605103
47027,2021,3,1,47137,143174.33531647205,175809.04142611916
48081,2024,1,1,48431,148049.70181957757,221576.99015933197
32023,2020,6,5,"32033,32001,32017,32011,32021",244427.41624338832,183263.5944747099
29053,2023,2,1,29135,225710.49006604624,196262.4530379113
40031,2021,4,1,40033,117816.2944983326,87251.03988396109
35017,2021,9,1,04011,190979.0889182474,219272.73430437513
48405,2022,3,1,48241,268952.90739214345,213497.1962475088
37017,2025,2,1,37141,159964.1803451515,438991.0730439259
29159,2023,8,2,"29101,29083",167685.35288420532,229303.51050581184
45029,2024,5,2,"45049,45005",249154.61368611944,123578.06346404288
42069,2024,4,1,42131,194420.5122248883,213912.91331973465
01117,2023,6,1,01007,348145.54541562946,221918.279897282
46121,2022,9,1,31103,,257922.20040397788
29121,2020,7,2,"29041,29103",114893.73858676602,182633.14961984425
13007,2022,4,1,13037,151435.06720647475,110757.14208648849
27057,2021,7,2,"27029,27159",246453.44616207448,175485.64405931107
28103,2022,2,1,01107,136511.25272653965,144912.1790609852
45015,2022,3,2,"45089,45043",332964.029931975,231691.62649279204
30027,2023,8,2,"30015,30107",260534.9642745261,210372.95419747056
29095,2024,8,2,"29101,29107",239394.3653660064,239691.68143346417
26129,2022,8,4,"26001,26135,26039,26069",149717.72928006834,148341.90808756638
17087,2024,8,3,"17199,17151,17165",184263.99540539304,132551.50260866884
29113,2020,5,1,17013,206354.08294898775,158502.4137058791
54107,2025,4,1,54073,168565.362096507,164206.8643625162
33009,2023,5,3,"50009,50005,33013",361858.3014830661,303872.6438686375
21187,2025,4,1,21103,178783.5016457695,245584.22953481643
19129,2022,9,1,19145,254023.21087630803,128373.66448511032
53075,2022,5,4,"53021,53023,16009,53001",310967.34090884915,305598.2426453803
19117,2021,12,1,19185,148420.8556079813,110211.80763681106
29143,2021,3,2,"47095,29069",80636.08168308588,95116.56745773916
20183,2024,4,1,20141,97687.18199928552,80502.97869613994
32033,2023,7,3,"49027,49045,49023",188426.714847028,393563.70809451933
29173,2025,6,1,29137,243694.5196334871,202653.4324066115
26159,2023,7,1,26149,249563.43431686633,192554.53111753892
41063,2022,8,1,53023,412332.6707402303,183984.7413687985
13045,2022,11,2,"13097,13121",277545.0707974112,374630.96162402676
18019,2020,5,1,21223,179768.7593703596,147890.17443935075
48291,2025,5,2,"48071,48407",239283.49247494497,292443.8752290159
21231,2024,7,1,47137,162975.2286134386,221384.13366283823
41069,2022,7,4,"41013,41065,41021,41049",304647.61979401804,342678.0400932844
13189,2023,3,3,"13301,13163,13317",181102.98563016663,129679.50400144626
17131,2022,6,2,"19115,17071",162149.11000317984,132892.7052860252
46049,2023,5,1,46045,,222036.73498924493
48505,2021,5,1,48247,172490.091694226,125718.82965680324
17055,2024,9,3,"17199,17145,17165",90376.64459808338,114937.60145059502
26057,2022,9,1,26037,160756.57934604774,276654.21124563407
18157,2023,6,1,18181,257683.81467940717,189646.46394025275
29071,2021,4,1,29073,204975.10057637029,167626.19385414405
53003,2022,6,1,53023,336627.99566350767,184211.36941719524
37039,2023,1,1,13291,246022.80380688625,339380.33697748935
41025,2023,5,1,41037,198595.23346745633,186004.63514358047
40137,2021,6,1,40033,103585.02985347377,86776.40073457903
48041,2024,2,5,"48477,48289,48051,48395,48313",307634.7249311992,291253.52278342616
29007,2025,5,1,29137,166542.67014454564,200862.92546333055
13311,2021,8,2,"13291,13281",242205.56322864557,312171.83882277546
35049,2021,7,1,35028,474057.4401020326,462065.41051848535
37017,2022,1,1,37141,153459.41484505413,370101.7381690286
01113,2024,5,1,13053,180968.51172790863,135153.0249611521
38033,2024,5,1,30109,171298.04910335652,198787.91380894443
22109,2021,3,1,22007,199846.5105226652,158935.58952807492
50023,2020,5,1,50017,268512.4429348481,244755.82438280652
34027,2025,5,1,34037,678913.0101006391,426306.6121250712
34017,2024,5,2,"36085,36047",609032.0601476183,766910.3504356006
29001,2022,3,2,"29197,29103",168105.68346967697,151390.98648981727
39147,2020,10,1,39143,121737.31629065397,123795.02678782174
20143,2024,5,1,20123,156493.46225420202,128202.28497795462
31075,2023,8,1,31091,,130061.5499099281
48279,2023,9,1,48017,113163.5370323446,143650.2004116845
27137,2024,7,1,27071,224871.7818367895,143910.47547544542
20191,2023,6,1,40053,131228.31217670135,120241.93257302314
42083,2025,6,1,42023,108390.78663796277,91500.0078864398
01067,2025,2,1,13061,190337.43830085575,163545.68134193076
20007,2024,7,2,"20097,40003",87982.50123937741,140133.95882393548
48281,2022,5,1,48333,297478.3254790616,416026.9609773483
48297,2025,4,1,48255,227231.55202290532,206902.07925139452
37047,2025,5,1,37141,177188.2698809162,439656.4734618741
54063,2023,7,1,51045,154186.83973056125,204325.02103984135
01005,2025,2,2,"13061,13259",151698.62549136943,130782.7222387242
13001,2021,10,1,13005,145637.58066283405,119666.52761513872
13133,2021,8,2,"13265,13141",510398.94979294593,156052.0306215164
56007,2021,6,1,08107,171967.48853293926,780123.238983868
48029,2025,4,1,48493,262160.4741445994,395602.280400157
36091,2023,7,1,36093,401555.26202928735,261461.65530318895
21177,2025,1,2,"21219,21149",132645.87362759913,195601.83761976226
28133,2023,12,2,"28135,28027",107998.55909311096,85068.40930210434
29023,2021,4,1,29069,123955.74304829212,100994.9664770591
13273,2021,5,1,13037,87569.54424632453,103695.53803513742
42097,2025,4,1,42093,153741.95671531907,264611.54964253394
35045,2021,7,1,08007,203443.5132219029,461724.4381568251
13011,2021,8,2,"13257,13119",262229.49305890704,197192.88574132798
05111,2024,8,1,05067,134111.42104979057,99493.62344998198
17057,2020,7,1,17169,83993.33393310469,110813.4269078288
18107,2024,6,1,18045,200519.03888162403,174507.9371395722
13153,2020,9,1,13235,165580.07973104157,114741.6567300083
17017,2025,4,1,17009,102932.1713296732,140396.7644092122
36035,2023,2,1,36041,183158.42070128748,231816.67216568944
05027,2021,12,1,22027,164176.8437072923,159580.19959953675
53039,2020,5,1,41027,318124.06982734124,492029.2109746461
24005,2025,4,1,24029,356579.1519820734,375663.7472258546
20131,2020,3,2,"31147,31133",148208.39280888037,99724.10721723596
38005,2024,7,1,38095,149439.4337941533,150377.57726251465
22073,2023,1,2,"22083,22067",173814.30028181066,141348.13359255824
44001,2022,6,1,44005,552130.1578499255,655407.0194562125
29125,2021,3,1,29073,175055.83790482188,164029.42124596596
06029,2022,3,2,"06031,06079",320950.40742546733,567126.6413563218
01013,2024,12,1,01131,127314.33120044542,138632.6030762799
48157,2023,4,1,48481,380172.9195211238,243591.5128235214
31141,2025,5,4,"31167,31121,31125,31143",267445.4427521661,208463.69649610025
31031,2022,4,2,"31091,31103",189975.40913141263,185283.5271427132
13245,2024,5,1,13163,185959.9378246277,132815.37725780197
04017,2024,8,1,04009,393951.5143145474,284707.51085280714
37041,2021,4,1,37073,176279.30209151088,173039.18089673258
40065,2022,8,2,"48197,40075",107408.91883137311,93979.34142234747
51015,2021,6,1,51820,292502.4426672222,228582.1651203577
18015,2025,4,1,18023,223057.1499644324,212410.4305185832
04015,2021,7,1,04012,313597.1414860984,211437.04892306903
13001,2023,3,1,13279,145199.61801039745,140772.80315131965
35017,2023,5,3,"35003,35051,35029",222182.4718309451,183164.0482379773
23003,2020,5,1,23029,101544.16806272436,120562.40860157654
42105,2024,6,1,42023,157559.64543539574,81972.34478556023
32007,2020,6,3,"32033,32011,16083",277065.3591748146,190710.79911245298
32027,2021,5,2,"32013,32001",178378.20226538857,288522.9625702562
13013,2020,4,1,13059,207449.43823952155,199432.67992372517
08097,2020,6,1,08065,1354124.1685445874,312106.3885073737
56029,2022,8,1,56017,388113.7401086127,201981.3837381159
48087,2021,3,1,48483,114795.51378915051,115011.21021527504
17109,2021,10,1,17071,84553.15187820594,115854.20606749784
23005,2024,3,1,23023,539856.5120086332,410447.3969706103
22033,2022,7,4,"22037,22121,22091,22047",228203.74302723433,205861.4342720999
34041,2025,5,1,34037,412346.4560068363,426306.6121250712
08059,2021,8,2,"08019,08047",586325.9560756055,504789.44115879113
32019,2024,9,1,32029,403209.0454595045,484471.8866888911
13243,2023,1,3,"13037,13307,13259",90004.43058149016,118457.7982427471
46025,2021,5,2,"46077,46005",176633.49260891034,169220.14235031448
37193,2024,12,1,37005,217864.41687027251,270948.1907289171
40009,2021,6,1,48483,115793.98140558478,121741.5565821997
16013,2021,8,1,16025,756439.7817050861,378406.7638602319
29223,2024,11,2,"29017,29207",124627.67030462612,165970.06039069023
28029,2024,8,2,"28063,28077",130953.66186139626,131071.47229736076
20201,2024,6,1,31095,141115.81974795155,130186.37522249468
05147,2023,7,1,05123,98632.66219262284,89784.64973078981
06045,2024,1,1,06105,510167.09659608937,276198.6892635789
13319,2021,7,1,13023,119834.01038554015,130660.20742799058
12067,2024,4,1,12041,241628.7747000458,290603.9408721484
41013,2020,5,1,41025,321948.3844832185,125523.31163092224
06017,2023,10,1,06005,656527.8796228912,433176.5206897619
48331,2021,3,1,48287,226607.7007245735,294590.28586213087
40079,2025,4,1,05113,165518.17955306722,183713.1329420116
08055,2020,7,2,"08109,08003",181010.6141844927,186236.54652848488
27121,2023,4,2,"27151,27041",289783.33253447106,231629.94064960562
37023,2024,12,1,37011,251429.6777770538,397136.2651901666
13295,2024,2,1,13047,231102.7215266031,281355.7373280404
48343,2021,5,1,48459,151135.61110182162,191301.9009340322
12123,2022,7,1,12029,192996.7251889312,213245.54396206813
27011,2021,8,2,"27073,27149",145263.85692378564,168860.3351681466
13057,2024,2,1,13117,472280.49940711394,623253.8795366359
17125,2024,3,1,17017,82015.7132167452,95672.21126935678
27095,2021,5,1,27009,251091.1546124599,227641.95269751188
13043,2025,5,1,13109,206899.2750626985,170248.60282386787
06065,2021,7,2,"04012,06025",507488.293309928,247451.10828191898
55031,2021,6,1,27115,193413.86571949543,193721.954400699
12099,2022,7,1,12051,474846.9998368577,254849.9341098553
55029,2021,7,1,26089,309935.98505537485,494241.53907200973
08013,2022,7,1,08047,794503.3100934811,565576.8684996307
06051,2024,8,1,06109,730308.5665990114,400282.4415275351
27111,2021,8,3,"27153,27159,27041",257020.8838867027,220869.57465361085
17151,2023,4,1,17069,159048.60922415936,106459.72590117287
47141,2025,2,1,47159,308142.2751075291,303047.4390848702
30013,2023,6,1,30015,287059.72055675456,245406.1620025948
48351,2024,6,1,22011,153114.64015045596,181707.2491424724
26073,2020,7,1,26133,160579.50391361443,125520.85998067628
48133,2022,5,1,48093,166764.61119883068,207263.90884651477
29031,2021,3,1,17181,186393.94265927956,132191.31792249877
13217,2021,12,1,13247,260139.4155103556,266378.3767397878
31027,2021,8,3,"46027,46135,31051",182667.15112209145,197936.2089517374
48409,2022,9,3,"48025,48297,48249",215974.9955460304,205206.15014866853
19029,2022,9,1,19009,135216.06819155448,131904.85339191454
13215,2022,6,1,13053,160852.36202605895,141308.61045530532
20195,2024,9,1,20163,130646.8318936372,114352.55599594122
13297,2023,4,5,"13211,13247,13013,13135,13217",359417.36896558414,349673.8835737548
45015,2022,7,1,45089,352676.0442036146,134883.77608879446
32013,2024,6,1,32015,321856.2954880151,247001.1600301098
17049,2021,8,1,17079,171078.43053902802,132032.37975393815
42021,2024,4,1,42009,97610.843097881,186275.94091862344
13095,2022,6,1,13037,115295.1332737398,108146.08022836932
18089,2022,5,1,17091,219809.5011050728,180322.6048970532
51059,2022,6,2,"51610,51600",724403.5514909695,853841.2864322016
18163,2024,6,1,18173,183916.2302548137,268824.19071238785
51003,2021,5,1,51540,430185.8246494664,409604.060788841
13263,2021,12,1,13053,164013.02179991707,136037.66381770963
37027,2024,1,1,37011,228795.2682075617,387203.9168536723
19051,2021,6,1,29197,162641.64636717533,138849.250566735
47169,2025,2,1,47159,342220.8183553068,303047.4390848702
55131,2020,10,1,55089,293375.4119138049,357793.1486886752
16031,2023,9,3,"16083,49003,16053",316583.08779313596,386501.721208924
55061,2022,7,1,26019,251850.83121070173,348344.9577274224
30025,2024,6,1,30109,171465.92610993687,197347.30846496052
08113,2024,8,2,"08033,08111",1455000.653044355,431949.62173743325
13161,2021,12,2,"13005,13309",123521.2757409848,123378.64808079404
18023,2021,7,1,18159,159648.69648156504,175426.05824896912
55027,2020,6,1,55055,198590.1748189391,237685.82911153432
16033,2020,7,1,16059,150716.90053525675,211934.11701684888
21193,2022,8,1,21189,110019.14288582651,135609.37828358976
13267,2024,5,1,13279,177688.49347151513,159456.58758254797
06097,2021,11,4,"06033,06045,06055,06013",758903.8783258889,653122.815590462
48193,2022,4,2,"48333,48093",261937.72714811136,308768.0702387034
48463,2020,5,1,48507,169524.33163938383,76069.39063441468
29071,2021,8,1,29073,213245.678699374,178563.43809773374
06085,2024,12,1,06069,1716449.980762758,782573.5155408786
48339,2022,5,3,"48291,48185,48471",343161.8407587574,285189.5526401366
13017,2025,6,2,"13315,13271",127692.34920126911,117768.91878996117
22127,2022,1,1,22021,118960.65009351508,135864.3491290005
37017,2022,5,1,37141,159238.29631240675,400840.2743825496
26041,2022,6,1,26153,151081.04982047205,176701.0091231845
17167,2020,3,2,"17017,17129",138679.236865335,114450.2328308869
29185,2024,4,1,29083,195387.09218891684,201442.45904920975
35023,2021,8,1,04011,,219652.36467003523
18139,2021,12,1,18065,159816.29793334205,144359.58913828703
08109,2021,7,4,"08105,08003,08053,08079",214197.3099783403,306788.1973600688
13285,2022,11,2,"13145,13199",201737.4976335128,262142.3523966088
01041,2023,4,1,01013,129873.33591292024,121225.99769323294
37029,2023,6,1,37177,334985.8054241045,168712.30640109535
06085,2020,3,2,"06069,06099",1203807.1462652052,480972.51158206305
53031,2025,2,3,"53029,53055,53035",585928.7030515093,696728.7108959678
51013,2025,6,1,51610,821390.9774685929,1113617.577332801
41059,2021,6,4,"41023,53005,41063,41049",249881.5167116631,295131.11165654846
13167,2020,1,1,13283,91704.50324468824,103072.30678607612
55113,2023,4,2,"55005,55107",310070.7792303161,212174.87109903106
30085,2023,4,1,30091,132737.58431494082,169880.01815899764
24015,2025,5,1,24029,376903.8717406234,375374.3813225599
42033,2025,6,1,42023,128994.05306288355,91500.0078864398
49025,2020,7,1,49021,281883.78961211053,261495.2816844741
25005,2023,6,1,25007,467934.1916717619,1395851.7211190592
16017,2020,5,3,"30089,16021,16079",383137.5892487211,233729.57382118842
12119,2024,4,1,12017,399348.72346682515,285937.0385533916
05095,2021,4,1,05123,107383.59910575808,87326.10366857359
29047,2020,7,1,29177,217296.95282638425,164100.74466946066
21093,2021,6,1,21163,195475.17570604951,190198.6904613499
17079,2023,5,4,"17159,17033,17023,17035",140153.64124725864,131394.53587221535
54025,2025,6,1,54063,195633.9243407326,174620.9005068298
48393,2021,8,1,48483,,123960.81778103478
37163,2022,6,1,37141,144682.45643202905,407434.8058897462
12023,2025,1,1,12041,268885.3385818355,294804.605121
31141,2022,8,2,"31125,31143",240241.7144228296,174851.49637757806
39009,2023,4,1,39115,161654.702410377,140914.79216351022
19063,2022,5,3,"27063,19041,19059",131754.77202017696,226070.81356942272
38077,2022,9,1,27155,202721.8048917315,125792.17305850874
48043,2021,10,1,48377,235834.17494981375,226749.86786971023
20131,2020,7,2,"31147,31133",154225.05974258136,103217.56134951042
48479,2020,4,1,48247,173517.22938373932,113808.28769259126
54087,2023,7,1,54105,122980.70349287498,111946.44737681311
48387,2024,3,1,40023,182208.5090611725,132907.9377203757
13001,2020,6,1,13005,121134.28970969068,95221.87498763
29187,2025,5,1,29157,188440.45873559825,213032.5197976114
01047,2023,6,1,01131,96707.14380684312,143402.84435548345
31149,2021,6,1,31015,,195168.7158673013
33009,2020,6,1,50017,231087.0295534246,246266.93735943627
08043,2020,6,2,"08109,08119",236191.0058766132,254087.1456878464
33007,2021,6,1,50009,177676.13986130364,190594.99721916096
31031,2022,8,2,"31091,31103",195440.83015004153,192244.39909248496
30029,2021,9,2,"30089,30073",528999.1298968795,264128.94965622283
39065,2025,6,2,"39101,39063",174110.1347581053,199878.79791609646
13185,2024,8,1,13101,217969.3116955614,174848.56972796668
48185,2020,4,1,48313,247022.33867305063,176722.07166458396
48397,2025,5,1,48231,425960.0981701467,283939.7261693547
16001,2022,11,1,16045,522327.9711762995,459693.3241454068
32023,2022,6,1,32001,355310.8631881505,376336.3746885603
13001,2023,7,1,13279,154612.81267206007,147749.19371354833
53043,2022,6,1,53001,319760.376865338,284386.92851739837
27051,2022,9,1,27155,203524.09078285607,125792.17305850874
01005,2022,5,1,13259,153450.57148578612,98368.4060259321
45091,2025,5,1,45023,393758.7722673151,217083.91219179193
18133,2022,7,2,"18109,18021",234220.17285891488,211820.30157401465
51121,2024,5,1,51063,329499.81425908726,251867.2727697924
16007,2020,6,4,"49033,16029,16041,49005",228949.4623483494,275678.55796164914
21075,2021,2,1,47095,68305.18981851237,90180.39932715996
29023,2023,1,2,"29069,05021",143297.34483728302,104174.2504547587
51191,2022,7,2,"51520,51167",211505.5990617895,140835.5305426614
48087,2021,7,1,48483,120313.31929324692,123411.62559769487
01111,2022,5,1,13149,204541.33470321572,235702.4686522338
37099,2025,6,1,37113,442153.06668522186,355015.0073613972
35033,2023,7,4,"35039,35047,35055,35049",,395048.8287033015
51195,2022,6,2,"51720,51167",116919.53524406264,121620.27030627469
19137,2022,9,1,19145,126953.50861689373,128373.66448511032
29161,2020,11,1,29073,157388.84636264513,153976.34409285433
37117,2025,5,1,37187,126944.77060687492,109236.99868483456
06067,2020,5,3,"06095,06113,06101",412215.0343703218,429927.2905252374
22063,2025,6,2,"22095,22091",243828.2144755832,184057.0886558878
12115,2021,7,1,12027,353650.8766013016,199783.734956827
48215,2022,5,1,48489,168600.52139194513,237652.10145130393
05147,2023,11,1,05123,93628.20727829575,88996.73112515897
05111,2021,11,1,05037,122096.70401641556,129854.14290269028
13233,2024,2,1,13143,212741.65275931472,263154.3719642292
05043,2024,8,2,"05025,05011",153409.68263363396,140419.9162018206
17115,2022,9,1,17147,96795.53835465969,189947.2207534276
12091,2021,9,1,01039,317578.79903555673,142791.232974065
37177,2025,5,2,"37187,37143",166368.20454855668,186185.08740326212
26137,2024,7,2,"26119,26029",237002.46831016568,275064.1365275398
31015,2020,6,1,31107,173846.57320646138,140834.02694803887
37021,2020,7,1,37199,316458.5121760991,205048.5657184768
13181,2021,3,1,13317,187684.96020354985,115065.79236610916
30049,2020,5,2,"30043,30077",280164.2217428382,234000.18760527635
13311,2020,4,1,13281,184181.43997660952,246330.3431419537
53025,2022,6,5,"53037,53001,53005,53077,53021",345654.44271149434,395243.88254502666
48215,2025,6,2,"48489,48047",191081.63650518368,133424.5614602781
48115,2020,6,1,48165,111427.45067156976,193933.33565378876
47133,2021,2,1,47137,179097.25076823356,172611.62794687806
13137,2024,12,1,13281,311425.4398057483,393497.18110660143
05057,2025,1,1,05109,118632.74140239628,180870.2527308277
22035,2024,8,1,22065,92248.09096158674,82195.22446876478
30051,2020,6,1,30101,141118.76451088372,122985.6607758844
17109,2020,6,1,17169,81508.95931850566,111721.75010589253
48029,2022,5,1,48013,274091.1589307817,263852.83569154586
21057,2021,2,1,21001,124760.56680543254,128526.92507131113
18113,2020,10,1,18087,161676.24542691547,222316.43435469797
27095,2021,9,2,"27009,27141",265051.94366541685,286637.3094247553
38067,2024,6,1,38099,123936.40357430743,153174.4616142517
28157,2024,12,2,"22029,28001",118013.29733032158,124055.66899291027
54083,2024,5,1,54093,151983.099694415,209086.5184042259
26055,2020,5,3,"26009,26019,26089",249983.27946097564,281859.8913790724
32021,2022,7,2,"32019,32001",179135.54654540462,400852.61887948937
26113,2022,9,1,26079,204965.9437481358,210750.36520274237
12081,2024,7,3,"12049,12115,12027",458681.0886766747,318729.0953365592
18149,2020,8,1,18131,127255.55084415196,109721.58620695028
29019,2023,3,1,29135,290916.42689993203,196514.3628938951
13241,2022,9,1,13281,372052.3986901127,376215.61102675577
05119,2025,6,1,05053,200111.7404056273,196417.84780583007
27129,2022,8,1,27103,165325.9269686965,274574.5602459991
41047,2023,9,5,"41031,41043,41053,41005,41065",433243.8957274594,450391.79065629764
19193,2020,8,1,19133,147747.88943702096,111874.89060770327
29161,2022,4,1,29073,194240.9785914813,202447.48836256805
48023,2022,6,2,"48155,48275",145442.91031120947,128613.39785510281
38103,2024,8,3,"38093,38031,38083",169999.57035767808,170116.17064180062
06025,2024,8,1,04027,341470.7269970028,275388.9668369426
17083,2024,4,1,17013,182082.1888009803,193234.30798264916
29195,2020,4,2,"29033,29041",145446.76687206098,168148.2511120895
45075,2021,3,1,45011,142411.3298096381,151736.9025523651
32013,2024,10,1,32015,325903.18181753403,252130.4437946626
17049,2021,12,1,17079,182118.68606878872,132799.90997607354
53047,2023,1,4,"53043,53017,53057,53025",305512.6525473213,409347.21086358314
22103,2021,12,1,28045,279072.70936619665,217487.04108873464
05147,2020,10,1,05123,78221.3303736475,90934.02477598896
54077,2023,6,1,54093,119927.53850121037,201724.3260542336
51003,2021,9,1,51540,440239.1527407418,420494.69418646145
21067,2024,8,1,21017,311797.19747384184,253919.74394734364
37027,2024,5,1,37011,232684.885977846,395219.34840723267
39041,2025,4,3,"39101,39117,39083",509828.602322281,232450.28973313878
48481,2022,5,3,"48321,48015,48239",250137.11583940696,290982.83147779375
35013,2020,8,1,48141,191219.69746791504,150697.4640093815
18171,2024,6,1,18045,219603.32917341136,174507.9371395722
45075,2024,4,1,45011,161257.88688174696,161589.24287294247
56023,2021,7,1,16007,356529.11386473424,318676.30384242814
12095,2025,5,1,12105,412979.16594486387,306460.01975187
39031,2024,7,1,39083,168666.42868538818,259784.70760528557
13291,2025,6,1,13281,378415.1064196876,392290.7329619198
39123,2020,11,1,39143,196615.4327539039,126223.12956108614
12071,2022,4,2,"12051,12043",379897.7827669143,231835.92244165053
19051,2024,11,1,19101,218596.95672427103,169160.01847520602
53011,2023,10,3,"53059,53015,41009",542670.4251344235,460134.36153774755
27021,2021,7,2,"27159,27153",249455.02304165455,191854.6282676134
29081,2025,6,1,29061,130553.99016856584,259260.0590539967
47107,2024,5,1,47121,243083.9430441417,283385.8668107056
27111,2023,5,3,"27153,27159,27041",283433.2563100565,247685.71006932374
34025,2025,5,1,34021,738752.9302874686,440038.2029883475
37155,2022,1,1,45033,113723.85518177056,132561.59073495495
17049,2020,4,1,17079,156405.40749585428,112852.75560399954
48101,2022,8,1,48197,63879.41522158629,108879.05196442555
48289,2020,4,1,48313,248230.56662464677,176722.07166458396
20089,2024,4,2,"20141,20123",102213.71567749484,103773.35764082623
06103,2021,4,2,"06045,06021",287700.0891436515,439314.1556158196
22117,2025,6,2,"28147,28113",127575.5373969188,130857.90146006402
12071,2020,11,2,"12015,12043",255679.90738255673,202314.00534853776
19083,2023,5,1,19079,131100.6865696167,141472.3481622089
21071,2021,6,1,21115,110024.12088373788,117941.0831123675
37101,2021,8,1,37127,283292.6858630827,184846.3523853145
21027,2021,7,2,"21091,21163",138227.63553200694,174098.5653484399
34015,2023,8,1,34011,332051.34145554324,244118.0587739617
44003,2022,6,1,44005,360937.1940821744,655407.0194562125
19177,2022,6,2,"19087,19101",159521.05149404102,170686.88667139152
45009,2024,1,2,"45011,45005",127639.04126425188,116534.14562644863
17167,2020,7,2,"17017,17129",138902.34741080424,116263.36898183529
20207,2025,6,1,20133,102928.16699923934,103358.8703218723
54007,2020,8,1,54021,98999.48105550416,79672.03152282267
17121,2021,3,1,17027,91982.37500929768,162552.79553691097
39069,2023,4,2,"39095,39173",171084.61717447502,179011.2609475149
21183,2025,6,2,"21177,21149",153850.00761061063,159650.14571292914
05147,2022,3,2,"05123,05037",98636.79400775672,113137.6036344618
31025,2023,6,1,19129,277926.52067973337,252989.3769293748
13289,2021,5,2,"13021,13023",103539.4426287312,125985.24996213592
17191,2023,3,1,17159,118087.3501766834,123916.77178615502
23001,2022,11,1,23023,275719.6034072766,371714.84482636256
29107,2023,8,1,29101,205420.48338951092,263457.3352785758
08023,2021,7,2,"08021,08003",197520.00404583593,214904.07420763135
47181,2022,5,1,47039,153675.5835452367,168334.24511892724
47133,2024,9,1,47137,241945.9062075894,224606.27316521545
23015,2020,8,1,23023,273241.84167447075,263612.9234492629
19081,2023,3,2,"19189,19195",156741.76422460776,149028.34810846063
55113,2023,8,2,"55005,55107",310677.45128563355,217430.95011405967
47169,2022,5,1,47111,321828.0434486196,234846.2930053092
19023,2023,8,1,19067,169464.25779403475,141845.46426399893
17059,2024,2,1,17069,81391.05104621172,109941.59796536335
47045,2021,1,1,47095,139725.7303462079,90337.882841207
19003,2020,3,2,"19137,19145",101730.19618019824,100057.72059592474
06043,2023,9,1,06109,413027.7394272136,404189.30810323264
39031,2021,6,1,39083,137729.0833250348,207582.0622469833
41061,2021,8,3,"41063,41023,41001",256512.28197099167,273963.3435042397
41017,2023,5,2,"41039,41037",650926.118597621,312988.6745578809
18083,2024,6,1,17033,144340.47490304997,123880.63329636032
30071,2022,5,2,"30005,30027",199023.6699213507,220123.98734118347
41039,2021,1,3,"41035,41043,41019",358276.63104826637,262997.967503929
01063,2022,4,1,01107,143526.83513833315,142743.77622500004
35053,2024,9,2,"35006,35003",186356.6924653053,179462.62958693638
49037,2024,6,1,08033,346854.3952677501,310406.06533312326
22111,2022,7,1,22067,152482.07316497463,112665.32694275254
22107,2022,7,2,"28063,22025",308501.7594903102,150011.00641293332
47065,2023,4,4,"13313,13295,13083,13047",328049.5337078234,231545.2989484191
20029,2022,6,2,"20089,20123",93779.5729015572,112125.09424237056
29087,2022,6,1,31147,,111921.2247189607
18057,2025,6,1,18023,447652.5120707108,211897.980897372
21197,2021,6,1,21173,122736.8356623768,168849.34307768193
13007,2021,4,1,13037,,102095.47242944824
46109,2022,9,1,27155,244666.6083420407,125792.17305850874
06107,2024,11,1,06031,352633.8423947477,352183.01449404936
37171,2024,7,1,37005,226997.91787928875,269202.3674546925
17061,2022,6,1,17013,89504.35708610485,183803.8567548949
05075,2024,11,1,05067,126167.71522893384,99136.5596619615
28109,2021,10,2,"28091,28045",158033.35088150552,173634.25383880653
30093,2024,9,1,30023,269659.99928109295,278442.6207895411
26095,2024,6,1,26097,131574.89756776908,189279.98436575217
54099,2025,1,1,21159,135262.65508491528,111943.31865725444
48079,2020,5,1,48017,,113327.05988080316
06019,2025,2,1,06031,407602.1278711411,356088.0901770319
13099,2021,3,1,13037,107061.67877008238,100516.23802936346
29131,2023,4,1,29135,234680.52488959077,197723.00811923097
40055,2022,9,1,40075,83740.65763801751,78857.67884413728
13287,2024,1,1,13315,138819.64463653628,133007.67704414533
48409,2024,9,1,48391,209229.16761406572,147076.42491322692
21115,2020,5,1,21159,98932.7175854242,74807.51365910364
39077,2022,7,1,39005,164697.02827469824,193944.4059864992
48255,2024,12,1,48493,204685.50545399057,396680.9018913267
21059,2024,6,2,"21183,18173",203983.08807448045,202009.82768798055
51165,2022,8,1,51660,308524.5004232445,292685.47755752417
13267,2021,6,2,"13107,13279",139848.12438868269,112900.60719652148
22029,2021,5,2,"22077,22125",123784.16442148504,229918.17641866434
29023,2023,5,2,"29069,05021",145770.77418550462,104557.86007609637
48231,2020,8,1,48119,205586.44399892024,129239.9957996962
06071,2022,6,1,04012,536333.1360485698,249786.99719731495
27155,2021,7,1,27149,122689.54305218632,180809.92933341977
48041,2020,1,1,48313,233719.59578705792,171382.64782731366
47163,2023,9,1,51520,243462.22717929384,168663.2699381923
51131,2023,12,1,51735,277204.5703142745,431223.81715507543
40141,2021,6,1,40033,53754.291645710146,86776.40073457903
41023,2023,8,1,41069,267193.0441870643,296102.1233931361
34003,2022,3,2,"36061,36087",612558.540881328,988460.6127855475
28093,2020,6,1,28009,167712.87008375992,137742.83319713396
13211,2022,6,3,"13219,13133,13159",407788.2925335043,457213.4436893633
48283,2022,4,2,"48127,48013",173468.73065286226,205422.34782363614
17157,2025,5,1,29157,139825.10457870425,213032.5197976114
48505,2020,5,1,48247,153925.50703484818,114979.61227036228
13161,2022,6,1,13309,133869.87090873296,125602.43134393673
20057,2024,7,1,20097,203192.44859915783,157966.74318096464
48225,2021,4,1,48455,212972.9698351683,163527.69738315293
13157,2025,4,1,13219,404392.3666025854,548623.2136897807
20065,2024,9,2,"20147,20163",106861.5309927435,114777.89759032277
29107,2020,5,2,"29177,29033",145415.09018150566,134339.96790231782
16033,2022,7,1,30001,246936.25217351876,369798.08470099815
47133,2021,6,1,47137,190830.8808677399,186213.91655786836
46039,2021,8,3,"27081,27073,46011",252191.06305142815,186705.32168044886
28109,2023,3,3,"28035,28073,28091",168355.41284085004,180878.51263730394
29013,2024,8,2,"29083,20107",206266.83049604087,179734.04475557664
21227,2023,12,1,21061,280437.3370413415,175118.9676916589
16019,2020,5,2,"16029,16065",264109.3589926579,232064.6001346989
41035,2023,5,5,"41019,06049,41039,41037,41029",282734.50773548806,310121.01305594126
17091,2024,4,1,18111,196761.81774667295,203965.78824351312
30093,2021,8,2,"30043,30023",203312.32004039257,288517.2537443131
40055,2024,2,1,40009,87824.32887164566,133510.71017849454
54001,2023,8,1,54093,122462.29112090611,204907.79713085713
48001,2025,4,1,48225,219077.4638675001,218051.5238050355
41039,2024,8,2,"41035,41019",447652.9106042299,315418.7899037346
01033,2021,10,1,28141,161417.1798794729,169309.22900872928
19007,2024,10,1,19185,113982.48217253346,127993.31590044792
19025,2021,7,1,19021,116311.89962472928,148488.85541989352
19193,2025,6,2,"31173,19047",198401.007461226,156732.788443366
22071,2022,9,1,22075,295980.78186820674,291781.51743698516
46025,2023,6,1,46005,181877.59957719268,185222.7462640476
17099,2024,8,1,17123,165931.9314365091,120486.29721341142
51179,2024,4,1,51630,512840.4959415238,448281.28609147016
13263,2025,5,2,"13053,13197",187529.12940928308,162363.21209131245
54107,2024,7,1,54073,165919.5832333003,157740.96924157187
48395,2020,5,1,48313,255485.02028470967,177795.58190307007
48403,2022,1,1,48241,217717.58506328517,208861.16504978016
16023,2020,5,1,16059,,208910.93258398445
51550,2022,4,1,51740,362290.5075909873,224424.4756349868
18057,2022,3,1,18159,402004.56206534855,190091.0079245974
17139,2023,2,2,"17147,17173",137652.29344606955,165741.00166507057
35043,2023,4,7,"35006,35001,35045,35028,35039,35031,35049",343397.0617750624,318038.92318921164
41063,2020,5,1,53023,279688.87427709176,139244.45247861536
25005,2020,12,2,"25007,44001",380797.9276692343,706404.1950775698
23011,2024,6,1,23023,305047.03274457995,417802.6507342071
29205,2021,4,1,29103,125979.44867190951,134849.51200770607
31041,2024,4,2,"31115,31071",160547.2215171021,241784.5125159123
06099,2025,4,1,06109,469812.917043587,403181.2340065869
55079,2024,3,1,55101,258796.5514110967,274320.40263017546
05077,2021,3,2,"05035,05123",116239.1185165861,114093.55719051458
30029,2020,5,2,"30089,30077",358686.81730295974,207310.91486012953
40113,2023,1,1,40103,198466.07313618783,134530.5169824836
46115,2022,7,1,46005,148908.65458366385,182275.18994570876
39029,2024,4,1,39151,149552.30917660947,189746.38191151177
04017,2023,8,1,49037,384611.9562415744,338748.08231067745
55117,2023,8,4,"55089,55131,55015,26105",263840.58937434625,343793.40870021615
01119,2023,6,4,"28075,28069,01023,28103",124293.0429803392,132177.8673012619
13257,2023,7,1,13011,219985.1821595869,318567.52686529333
06073,2021,9,1,06025,775810.1483543068,289447.00273797085
41005,2025,2,2,"41065,41027",618447.5999916004,542019.5728308593
21127,2020,2,2,"21159,21063",102872.9402435514,83559.75267672786
37155,2022,5,1,45033,121467.58029050344,125106.62006534883
47125,2021,6,1,47083,246747.78092121484,166776.06751791216
13135,2024,8,1,13013,427685.4977766436,345099.56355228514
19139,2022,8,1,19115,173674.12296705614,146032.66789034635
31057,2024,7,1,31085,192093.45892771892,285668.56135803927
01113,2023,8,2,"13053,13259",175126.97642924995,110062.61688646046
35023,2020,7,1,35017,,163003.4790985301
17025,2021,8,1,17079,93662.1673844556,132032.37975393815
29219,2021,7,1,29073,267171.0008334021,176832.71962217553
34027,2024,8,1,34031,659255.3330741404,550135.0970984297
45027,2022,4,1,45089,204732.85578690865,131602.66147424345
29065,2022,2,1,29093,153849.01732067516,131823.5562157431
45009,2024,5,3,"45011,45005,45049",146030.94645358852,136477.79146036788
17175,2025,5,1,17123,123874.6087348361,128338.25460354028
48271,2020,5,1,48507,115236.40858963598,76069.39063441468
31021,2024,8,2,"31173,31039",165766.0142993187,190268.69003427838
17121,2021,7,1,17027,98781.94185308514,168019.43323569748
47159,2022,4,2,"47087,47111",297270.69005180034,217260.93625440294
18099,2020,8,1,18131,161252.69797199938,109721.58620695028
26025,2023,6,3,"26149,26023,26059",161308.0533222682,186468.44426413186
51059,2024,7,1,51600,762022.6927955005,749688.2611226159
13271,2020,2,1,13017,81855.3654397408,77862.82329131482
48499,2025,5,1,48379,272580.08768896974,286897.970156682
35039,2022,7,1,35028,317910.41993417003,503867.686007733
26035,2024,7,1,26143,141462.94844634752,178732.3770048238
30067,2021,7,2,"56029,30059",520875.8910004825,284462.74349724554
13153,2021,5,2,"13021,13023",178938.89757966992,125985.24996213592
17019,2023,5,1,17147,194322.34519260735,190900.8282499987
05075,2023,1,1,05055,118291.17199947951,179364.3672379167
19081,2023,7,2,"19189,19195",161632.3620483009,150329.60738922795
13199,2021,4,1,13231,159082.28705686945,269322.53869313013
18003,2023,8,1,39039,227136.99655036328,157473.82829583515
38035,2024,5,1,38099,255011.5336332978,151226.74661710614
39025,2021,3,1,21023,243935.72584473816,148815.1203128616
55083,2025,5,1,55041,279014.2346706407,190423.35341840168
38055,2024,9,1,38025,194909.9988625426,332935.25732066325
39123,2022,8,1,39173,246285.25368129148,212149.01472166443
17033,2025,6,1,17159,129904.7308996204,120023.36269841436
13137,2023,8,3,"13011,13281,13311",290700.88259324856,329184.67008097144
12081,2020,2,2,"12049,12027",285721.681199053,148830.26522244394
48447,2024,4,2,"48009,48429",222896.4043200626,201081.80151902564
18053,2021,8,1,18159,114175.44807316664,177373.87076155096
26003,2024,7,1,26083,190146.92523025247,178023.82962791668
48285,2024,3,2,"48123,48239",282521.9009032377,229649.64928537555
22111,2022,11,2,"05003,22067",151188.19485144631,103360.01893707979
47095,2025,2,1,29143,112439.85586648464,96918.18839446128
48485,2022,6,1,48077,156764.6354222738,215933.73668307764
28145,2024,8,1,28139,177842.97273736625,138025.1741224895
39043,2021,5,2,"39077,39143",172432.42401181135,142682.98785866302
47065,2023,8,3,"13313,13083,13047",336900.9320076698,243799.84919807257
05071,2021,5,1,05101,151440.39719752446,173287.53097240604
46013,2023,8,1,38081,212757.22799124956,174183.17032653547
16045,2021,6,3,"16015,16003,16075",421423.8522865369,388798.86494975653
55107,2022,9,1,55119,180615.56866787156,207849.9458263883
18025,2021,6,1,21163,125731.27773152175,190198.6904613499
42067,2024,6,1,42055,216497.8116328017,273596.11759019917
48177,2025,5,3,"48493,48285,48255",284253.31781078404,296514.40203651
05145,2025,6,1,05067,195693.8853081196,95966.0906992684
28021,2024,1,2,"28063,22107",102438.79989343924,188114.34976841416
19015,2023,4,1,19079,200543.0494952519,140472.220006829
48013,2025,6,3,"48493,48163,48255",238599.88654044687,254190.3014039028
49041,2022,5,1,49039,292467.3614938364,349027.95475595817
48465,2022,5,1,48435,203609.9038571141,172435.3500224855
32031,2024,8,1,32029,557718.160054718,484897.6886048438
27051,2021,8,2,"27041,27149",175208.22779613888,226085.15203985432
19075,2024,6,1,19069,196005.2521150216,141861.9179876591
49035,2025,6,1,49043,559768.9532815354,1288636.02014575
31153,2023,6,1,19129,332016.14763979363,252989.3769293748
36059,2024,7,2,"36005,36081",772873.6458753588,570976.3891958194
22099,2022,6,3,"22101,22007,22047",171957.17217161797,144941.16437365158
48135,2021,6,1,48461,222350.58493733045,139938.8348644846
13287,2024,5,1,13315,145782.83490848835,136490.46042981613
22025,2024,6,1,22107,104392.29488178212,230360.27295496175
16017,2022,6,1,16021,683973.5647927327,497602.7998451519
16031,2022,9,1,16053,315381.82692785905,379125.8763670635
53007,2021,1,2,"53057,53037",434641.2029927617,416149.8705101586
39117,2021,5,1,39083,232143.70169100352,204279.181281946
06071,2022,10,1,04012,531622.0135250917,255816.2026343844
48041,2020,5,1,48313,235565.64802959035,177795.58190307007
01127,2022,7,2,"01057,01133",132902.3550111916,165169.93074191478
48139,2022,5,1,48217,378791.59827235347,223940.77348029963
26067,2022,9,1,26037,220310.49712534895,276654.21124563407
41011,2023,1,2,"41015,41019",345320.04852489795,391304.29437434603
21151,2025,5,4,"21203,21049,21109,21065",277147.10851208185,172254.2564856849
51153,2020,4,1,51685,418203.443918275,329035.17901316145
39059,2024,8,2,"39157,39067",155803.71922590627,164488.2539085215
22017,2021,10,1,22081,131635.85727324957,150754.0804968396
21233,2020,7,1,21055,85583.82749515101,118337.66527895334
38015,2023,6,2,"38029,38083",323011.12975070806,149156.83620590976
05009,2021,5,1,05101,160410.04937534416,173287.53097240604
19183,2024,7,1,19087,212396.58891374213,179848.54490960357
08113,2025,6,2,"08091,08085",1477263.1339161694,605535.9718720183
40031,2022,4,1,40075,129711.9365368352,77951.57856089975
17159,2024,5,1,17033,121209.16629812733,125892.45452054408
29121,2021,7,1,29103,134870.6075664582,139394.6790260649
28067,2023,12,1,28111,161087.43144738427,146611.06383115685
20187,2025,6,1,08099,147383.70541357592,176604.64418036575
16019,2020,9,4,"16011,16029,16065,16081",274772.4672983408,307282.7537168487
51073,2023,6,3,"51095,51199,51119",330714.0822975584,401123.63553514314
31133,2022,10,1,31147,162924.27774340173,115966.58208105135
30027,2024,8,1,30037,277798.395048041,222755.50865691516
24011,2025,5,1,24035,326761.4946217392,515613.3387400822
49035,2022,5,1,49029,575452.5162699564,718121.7255081782
13263,2022,8,1,13053,186572.84040728005,138888.22181872363
08081,2021,8,1,08107,221640.8811498428,815941.2160045294
17073,2023,7,1,17175,140391.11438366797,132643.2287820735
29121,2024,8,2,"29175,29041",168351.94834786447,144852.58943786705
42033,2024,6,1,42023,130168.49793067569,81972.34478556023
31095,2025,5,2,"31059,31169",134359.72521342253,156734.49464843416
08093,2020,6,3,"08019,08119,08065",361988.615503384,353562.7112775448
47053,2021,3,1,47183,129003.49617212793,122761.24038204276
27145,2021,4,4,"27153,27009,27067,27041",233776.7748856273,221546.4665742629
21175,2020,5,1,21063,93435.11061071746,96623.36348064306
47043,2023,12,1,47081,344274.73996201745,180626.44052721723
13095,2021,9,1,13037,98939.85676621478,107081.10892709148
08005,2021,8,1,08039,491599.0623951757,634010.4119338418
27059,2025,6,1,27065,326471.00188966014,251892.82339071637
29061,2022,7,1,29117,228756.77120675216,156354.65372873752
30081,2024,7,2,"30039,30023",584384.8149119258,349665.4599096924
26051,2023,6,4,"26017,26111,26143,26129",157779.8398512012,169226.24892047892
51550,2022,8,1,51740,370990.7460681127,230722.61723764695
33009,2022,12,2,"50009,50005",356648.9476804722,247014.54464931213
18079,2025,5,1,18143,208776.3160876316,191234.33452933872
19163,2024,7,1,19031,230514.87046333417,228014.50661408072
55137,2023,6,4,"55097,55135,55047,55077",229414.83736007637,240175.49248764027
48349,2024,2,1,48161,215645.8098909885,245899.83329405249
48317,2020,5,1,48165,,193031.37553495413
06037,2023,12,1,06059,880074.6565696156,1090394.9838810412
53023,2021,6,2,"53003,41063",159995.23636165386,320568.84996452
46017,2023,6,2,"46073,46015",,235557.32277602493
48251,2022,5,2,"48425,48217",347270.2910125439,302963.9980751478
05001,2023,4,1,05107,121656.2209023508,55318.85107386078
39089,2023,5,1,39083,298781.2745263236,237045.13497440377
48335,2022,6,1,48431,126542.77051741426,259208.79494810375
38059,2023,5,1,38029,277156.45518510573,120488.24226726669
39015,2024,5,1,21023,241385.6861766051,184971.9761812316
28089,2025,6,1,28051,329810.27599450597,80901.9667993555
54033,2022,6,1,54049,139260.00029804054,148689.56871265333
22125,2023,7,2,"22037,22121",327092.3177124683,228663.1516233614
40113,2023,5,1,40103,196436.4931430656,138014.5805952194
38077,2023,7,1,38081,199755.13844349087,176254.63974162904
39029,2024,8,2,"39019,39151",152699.7645664101,186276.3093417231
48323,2022,5,1,48127,195978.34600283025,149356.30741964866
17173,2020,6,1,17035,114151.78106493778,131593.02886422793
08077,2021,9,1,08029,351225.8239918333,340943.4632256327
29071,2025,5,1,29073,257133.79586381817,231091.41775757232
22051,2025,5,1,22095,246305.23986725963,204420.4041869097
42089,2022,6,2,"42025,42095",293034.3344520689,273316.65091078193
30027,2021,7,1,30045,216861.4403981707,219673.54761684465
31183,2020,5,3,"31011,31077,31003",168587.24044079013,167025.939573957
32023,2021,6,1,32001,284679.95533142576,319727.19970560994
37031,2020,9,1,37095,296510.9239080435,161243.50951522047
48227,2024,4,1,48431,159468.1106366848,217633.0354774196
48507,2023,4,1,48127,91058.38517579962,144789.2581608586
21127,2020,6,2,"21159,21063",108445.2963849096,86052.1013938193
13189,2024,5,3,"13301,13163,13317",200830.43308483565,138685.41230863627
41005,2020,12,2,"41065,41027",492264.9598075935,419674.4560172363
17101,2024,5,1,17033,110097.18388098064,125892.45452054408
31149,2022,4,1,31103,134565.005115682,250797.8481664701
48125,2022,5,1,48433,134718.85575966668,139135.27456637906
22029,2020,1,1,22077,124580.82059564676,171208.7041677308
53039,2024,8,6,"41027,53059,53077,53005,41065,41049",463218.871796386,450078.3106081391
06053,2024,3,1,06079,846289.6043679739,874754.4250800827
22105,2023,9,1,28005,226114.0827106668,156003.42388178632
17035,2020,1,1,17079,122846.72978878317,108127.18335877312
56013,2021,9,1,56017,247422.1843909003,172927.42562316667
12121,2023,12,1,12041,255790.92221438908,283056.25639105804
22061,2021,3,1,22027,200997.23669848996,205985.77966726865
19147,2021,7,3,"19021,19041,19059",127068.51274770424,195255.45677386122
01081,2024,2,1,01017,317668.83520877874,134459.16521109454
22069,2024,4,1,22127,173037.15043721782,119850.2328139348
48211,2021,6,1,48483,183333.01228272935,121741.5565821997
25023,2022,7,1,25001,557930.0411947262,677834.7246623988
18035,2020,6,2,"18009,18075",99367.57428510766,91196.40626578845
37097,2022,8,1,37003,376609.8478766053,220679.06244414923
49005,2022,9,1,49033,458826.2459927804,543906.3863559081
29203,2021,1,1,29179,129532.3017579818,134177.5469577041
38091,2023,7,2,"38003,38063",,169101.03538014338
25005,2022,9,1,25007,462967.2445577487,1418563.4156899862
31089,2020,7,2,"31107,31003",136951.10398014795,146081.74114876677
48029,2024,11,1,48493,265814.29520169547,395981.5039688951
08049,2021,7,3,"08107,08019,08047",655536.7890489907,601845.0653785552
13199,2021,8,1,13231,165681.31203939475,289028.8456490181
17133,2023,4,1,29186,267144.3718464835,214248.86138627303
06071,2024,6,1,06037,551616.8843070638,876285.7448677603
01089,2022,4,1,47051,303397.74591285817,281913.71992624854
40151,2022,6,2,"40093,40003",113687.08004932692,138885.84951227502
12081,2020,6,2,"12049,12027",286868.28001785005,149905.62766173028
47151,2025,5,3,"21231,47137,21147",183779.8432266677,177065.90525205605
48493,2020,9,1,48255,302998.1012541849,264101.78388953843
48505,2022,5,1,48247,171252.71945930147,105795.81459403744
47157,2024,7,1,05035,223958.26743501404,158267.84388058292
39029,2021,7,1,39099,129325.14925302225,119654.77333785384
31179,2021,8,1,31051,181179.22870790405,154772.21189021878
16067,2021,9,1,16053,263260.58426360745,334146.29198495386
51173,2023,3,1,51021,135571.010395801,160730.54885849947
28005,2025,5,2,"22091,28113",156529.91574180673,138228.37221205753
01103,2021,7,1,01079,196604.1564130589,189548.7323366838
32001,2025,5,1,32015,382978.7452854889,250778.08841103828
12115,2025,6,1,12015,418581.4474773963,322681.31479710614
48035,2024,2,2,"48309,48099",234525.4480197706,242885.25600626867
54085,2024,3,1,54073,118673.0438446714,149546.71914540266
41005,2022,5,3,"41065,41027,41071",619136.5183892624,526721.0484655395
45073,2022,9,2,"13147,37175",260306.66088335335,361376.9541109103
17155,2024,8,1,17123,165349.3801872746,120486.29721341142
31089,2025,6,1,31183,172196.55696617204,247061.73498579263
49003,2025,5,1,32007,445956.2017250711,366983.7868261747
47043,2022,4,1,47083,331187.6423938899,194091.16952729516
37061,2022,4,1,37141,149878.76069049785,393387.8650575943
48179,2021,5,1,48483,94745.09029983904,119363.32732860472
13243,2024,1,3,"13307,13239,13061",97882.60680548212,154854.3432303186
47091,2024,9,2,"37011,37009",245669.90841887423,375319.3782092122
38021,2023,4,1,38081,161501.95622828952,181929.0330683603
39019,2023,8,1,39151,169626.6718483606,183861.2993605103
40153,2022,7,2,"40043,40093",125734.21060564608,142363.85152223858
21083,2020,10,2,"21039,47183",108524.6828950468,102352.97103188804
45011,2023,1,1,45009,163590.02001581778,121472.66139224
40013,2022,8,3,"40069,40095,40005",215546.6536992872,167689.5296239469
08097,2024,7,2,"08015,08065",2406952.736423626,576925.2217308459
19135,2025,6,4,"19185,19051,19117,19007",163751.75354994636,158081.39161504142
51191,2020,4,1,51520,156981.6655974054,106694.48354200588
29139,2022,6,2,"29151,29073",216770.72224720285,216745.52231523395
37061,2025,5,1,37141,181807.33952823348,439656.4734618741
13287,2024,9,1,13315,147894.61769390266,138582.143426265
04015,2022,9,1,04012,365376.8475332836,256900.29466175137
26055,2024,4,1,26089,387054.95977705455,601704.2989502327
36071,2022,3,2,"36079,36087",365002.7491462536,509795.53517632827
22125,2020,4,2,"22037,22077",265083.5731399527,190179.729839816
22067,2025,6,2,"05003,05017",94153.22306178987,92251.23164791599
48005,2023,9,1,48455,199128.70162746523,185852.77676714925
29055,2025,4,1,29073,208049.5297211644,233059.66840004185
06067,2024,2,1,06005,535624.5430391947,428215.3314896296
37095,2023,8,1,37177,215441.6495825542,168172.68233923882
19017,2020,6,1,19067,181035.85045681935,115358.54858704978
13195,2025,6,1,13221,310103.3487068882,302218.25382156746
13033,2025,4,1,13163,168095.22617553815,129349.98993401264
48173,2021,3,1,48461,,138177.66996823295
48177,2024,1,1,48123,288729.0104921002,232503.202059468
51153,2020,8,1,51685,422384.00559343427,331606.966660862
01031,2022,5,1,01039,157758.67936881378,151236.5047708864
46009,2020,1,1,31107,133889.95442991346,134681.2932159201
37055,2024,5,1,37177,605557.6204903725,169313.6266955074
19017,2023,7,1,19067,226486.98860450592,142189.640131822
48109,2023,9,1,48243,133938.68757359238,243034.93031958168
55121,2023,4,1,55035,224899.4265815412,282342.9232183354
06029,2023,3,1,06079,329190.74977336527,823297.0604429003
51089,2021,4,1,51690,108597.32610603988,72109.75662448425
26123,2022,9,1,26105,214414.667696737,243621.1944855187
19003,2022,9,1,19145,138469.7651093876,128373.66448511032
40073,2023,8,1,40093,209817.38461255192,150597.0407252705
13177,2024,1,1,13261,249077.6793489162,131033.1692279437
20007,2022,6,1,40003,78098.50325886725,128867.22031011306
48281,2020,4,1,48333,204384.92953064153,310674.547545838
27051,2023,5,1,27041,202726.82960599015,303056.6377533371
48131,2024,5,2,"48247,48047",88875.32084818324,87109.8898439637
49035,2022,9,1,49029,564826.1195091594,711649.306374991
17117,2020,7,1,17083,118661.48242737608,143490.09811046594
05027,2021,4,1,22027,158314.12390319773,196783.438898804
22033,2023,7,2,"22037,22121",230630.01074099695,228663.1516233614
51195,2023,2,1,51720,119129.97346964791,109376.6943772322
23005,2020,9,1,23023,357996.43071684614,268101.21217141574
12069,2025,5,1,12105,373577.97519003024,306460.01975187
28035,2020,8,1,28109,153031.87222197346,146380.8104086032
18097,2022,4,1,18109,209602.82094068057,260038.2708574292
31011,2023,9,2,"31183,31003",246091.99776693183,217557.08957038738
47053,2021,7,1,47183,141785.5258192741,132551.6791452221
21027,2025,6,1,18123,172759.57565853433,182125.6385979564
36057,2023,5,1,36093,180735.3781250268,257093.50062603105
19027,2023,8,1,19165,175938.23673046016,183375.25643058855
29091,2025,5,1,05049,204896.94171101868,185563.34969514937
39041,2024,7,2,"39117,39083",499799.44854924874,257814.5986701761
20013,2025,4,1,20043,143273.27668053444,146127.1815527208
18179,2023,4,1,18009,203609.32720063088,114349.68557683338
30001,2020,6,3,"30023,30093,16059",244470.45409744527,171015.70973357363
06051,2022,7,3,"32019,32005,06003",783077.7640916416,565961.1866556491
47051,2023,7,1,47061,293845.61627902,186532.53327518617
16081,2020,4,1,16065,471267.5864898344,253119.6157870101
21085,2024,7,2,"21061,21183",161834.94036882953,159695.82105768973
27097,2021,9,2,"27009,27153",232983.5871056701,226937.6410181239
17151,2021,3,2,"17165,17069",155759.35345502515,98248.58826265624
29179,2022,4,1,29093,163033.02261563242,138590.60847885124
48137,2020,5,1,48435,,142840.5366061218
27011,2022,8,1,27155,165706.80856498287,126519.14093120689
29217,2024,4,1,20107,154672.3729055179,148984.67045634784
06065,2022,7,2,"04012,06025",610845.1184617298,283648.72462440113
42047,2025,3,1,42023,128001.88426076132,88361.09198341251
08041,2023,10,1,08043,465519.9733353423,326892.25610405265
51161,2022,8,1,51775,288090.14725984185,242818.3568254028
53059,2020,9,4,"53011,53077,41027,53039",404250.5382487462,375692.84347218054
08071,2024,10,1,08023,255728.6861792948,207406.40290665496
01103,2024,12,1,01095,231092.7523025506,240396.68116106823
13023,2024,8,1,13175,169303.93657033023,185320.08513700683
47031,2022,10,1,47061,275543.18532468355,181865.02766954884
47161,2020,7,1,21221,169393.4262107192,231268.19363142792
21225,2024,2,3,"21233,21055,17069",122542.19349756754,121739.22093803533
27129,2023,4,1,27173,166441.39925267207,153285.48490912048
46135,2020,6,2,"31107,31027",205939.05255137177,148949.61195735022
22033,2020,6,1,22047,197422.61929081703,150627.2557535047
48371,2023,8,1,48243,169382.21881761673,247818.74558112535
37171,2025,5,1,37005,225357.16447939983,269891.71648804523
19025,2023,8,1,19021,134431.83925640926,174334.02946858964
49027,2022,6,1,49039,298986.6613240321,354434.3030636506
26081,2025,6,1,26117,337186.7559372369,216099.2136107801
37023,2024,4,1,37011,248239.57159285236,392376.471446039
46127,2021,10,6,"46027,19167,19193,31051,46083,31043",293424.9963217255,211001.04086266234
51041,2024,8,2,"51670,51570",399057.33991386415,244549.83930199503
47177,2023,7,1,47061,237887.66424611924,186532.53327518617
08113,2022,7,1,08111,1587749.5071295183,492131.7072014402
17161,2025,5,2,"19115,19045",143438.47148501195,163715.27848345425
28037,2020,9,1,28005,147501.84963655958,145377.50131320689
34033,2023,7,1,34011,258448.82908021,242133.00700999363
51069,2020,4,1,51840,299483.1007730972,238845.59335984968
48025,2024,5,1,48391,178017.38468400374,148831.49602828492
39003,2025,6,1,39063,174923.32329557708,231046.13037416697
28081,2022,7,1,28057,176179.20542144708,154839.72470593703
54059,2020,6,1,21159,66757.5491841064,75353.02943802267
01111,2023,7,1,13045,193436.58862699263,277179.2588818792
27119,2024,8,3,"27029,27125,27087",222687.83547062383,188843.30041084057
48049,2022,5,2,"48333,48093",181559.37041019625,311645.4349119315
48467,2024,3,1,48379,279876.0140270643,284335.85408459854
38043,2023,7,2,"38029,38083",222721.71062590243,145553.0639020771
17135,2023,3,2,"17173,17051",109238.2241531614,141464.60462998127
01077,2024,4,1,47071,218551.5858279796,190733.102135567
41059,2022,8,2,"53005,41049",295917.6205071791,360960.8107043237
19151,2023,7,1,19021,98023.28795897771,173846.99799573675
28127,2023,12,1,28077,139821.59384132383,127822.74598506503
48181,2022,4,1,40095,287670.2622857133,186655.43815231696
13267,2025,5,1,13109,181878.10558726368,170248.60282386787
31135,2025,6,1,08115,226736.37108716177,167415.76796570953
46121,2022,5,1,31103,,255444.9934728735
39169,2022,7,1,39005,264713.8300227153,193944.4059864992
05021,2021,4,1,29069,93771.51952190936,100994.9664770591
47113,2020,4,1,47069,154042.61768758544,102888.25196671949
37069,2022,6,1,37185,353581.79330905667,230231.3238355672
48043,2024,5,1,48377,235661.8820773609,225485.6528944654
25001,2023,6,1,25007,686375.8886657247,1395851.7211190592
21023,2023,8,2,"21201,21161",179258.17280524803,156978.63934910274
21053,2024,7,1,47137,157011.39777485092,221384.13366283823
17153,2024,8,1,17003,91303.72063853045,68908.59551097297
13265,2025,6,3,"13301,13141,13221",140368.082276079,206426.30721161273
47163,2022,7,1,51520,223264.5624972347,150439.5688828925
06093,2022,8,3,"41033,41029,06049",304205.37378289126,340941.15050108597
37043,2020,4,1,13281,201519.6611522192,246330.3431419537
12001,2025,4,3,"12075,12041,12007",311233.54913639714,278667.7035451331
31175,2020,7,1,31077,127268.35516905632,164245.99179035128
46123,2022,6,1,31103,202939.03337365075,259932.56888468505
17001,2020,4,1,17169,144641.22499320624,111499.36086931427
21205,2020,4,1,21063,116479.46538515508,96072.66456312896
51005,2024,4,1,51580,164832.77645694133,92822.53355039789
47115,2022,7,1,47051,230952.69126478815,290502.08909549634
04019,2024,4,1,04009,352946.17003312224,280526.70438423025
49015,2020,5,1,49007,,157416.32744235676
26159,2023,3,1,26149,242947.3630012369,186124.58651039415
48245,2020,12,1,48071,155595.92019041206,286899.02097577375
21211,2025,6,1,21103,324760.9564468194,246884.42882033196
26139,2024,4,1,55101,356371.24457873474,277059.0271810175
47133,2025,5,1,47137,245755.8579243862,242517.04371962952
18019,2020,1,1,21223,175859.12572397114,145502.62959664644
51131,2024,8,1,51735,289242.0956356299,443962.8238142709
06097,2021,3,3,"06033,06045,06013",719449.6988323204,534078.7535968263
27031,2020,7,1,26083,266690.88786464377,131753.96095394544
51191,2020,8,1,51520,160037.0924166187,109009.14131968528
05095,2022,4,2,"05077,05123",108324.75455856824,108331.22492320204
08041,2020,7,1,08119,355934.3018770221,346318.15109462646
06085,2024,4,1,06047,1599447.8810576375,419600.0199147978
26091,2025,5,1,39095,224099.95227286968,165256.9684927213
21161,2024,7,1,21201,156244.39057114293,183009.38425946023
13031,2025,4,1,13109,279737.2532404494,172642.06986982943
48123,2020,5,1,48285,202309.80349380072,225444.7835001156
06071,2021,9,1,04012,468693.50767315406,221207.79194462567
47047,2020,1,2,"28009,47069",260895.4842647845,116706.58774283547
40083,2020,11,1,40103,240362.3398622773,108417.05657837602
26093,2020,8,1,26065,279129.4468090709,149223.30688786568
30037,2022,7,1,30027,243805.7331420546,264977.4305964736
48007,2025,5,1,48057,310771.8888610324,202987.91007270993
05135,2023,8,2,"29149,05065",155492.37677380853,163158.01149815798
35051,2025,5,1,35003,171048.29218874007,214832.06991846385
49019,2020,7,1,49007,407549.45876384946,157878.7703819972
48371,2020,5,1,48243,169146.5001162256,208893.51993392743
49013,2024,6,1,49009,338296.8238730213,314208.51988054457
51199,2021,3,2,"51131,51735",353517.3365789975,288997.35862134025
08117,2024,6,2,"08019,08065",1004798.1092711502,529006.7515352713
21177,2024,12,2,"21219,21149",128992.12065721369,190635.43224778248
41025,2021,8,2,"41023,41037",166264.22023909198,197965.2525952455
28041,2024,8,1,28111,126695.67182034873,153690.27185436655
46009,2020,5,1,31107,133505.54562774466,139197.00756271108
13001,2021,6,1,13279,142758.78085746444,127113.94119208984
53043,2020,5,2,"53019,53047",204538.13551513504,225623.0956309247
12105,2021,2,1,12055,224642.2796756097,159367.252172495
17003,2021,4,1,17181,89515.70569766243,133235.27083950394
51149,2025,6,1,51670,342447.93684832775,209776.35690317384
39051,2025,6,2,"39171,39095",220743.35772214108,169694.92707472097
13077,2022,6,1,13149,368545.3521890452,238083.7289141229
48499,2021,4,2,"48459,48379",219813.62243089624,210212.96488140785
37133,2025,5,1,37141,281096.61775620753,439656.4734618741
18081,2021,12,1,18109,266838.20282213105,240389.72792771008
08045,2024,9,1,08107,663820.7107982256,1089251.711441737
48187,2022,4,1,48177,325138.41940371465,306280.9551698781
39121,2023,3,1,39115,166334.89320056015,139859.36659120143
29127,2024,6,1,29173,172577.3432524923,231952.90166083255
42081,2025,6,1,42093,221990.25536912004,266144.43370918016
01091,2023,6,2,"01023,01131",164982.41866662004,146445.06789043784
37139,2024,7,1,37177,253682.27205956692,171369.92720595092
48179,2023,2,1,48211,95603.50500686248,178094.9819286318
40071,2022,8,1,40053,109222.02833070366,122686.9689046711
39069,2022,8,1,39173,177243.11779355432,212149.01472166443
48083,2020,5,1,48095,129905.85902526425,169269.21057226165
18131,2024,7,1,18181,170827.46594023585,202718.08712764943
22073,2022,12,2,"22083,22067",174636.09219448242,141451.5454631933
49005,2021,5,2,"16007,16041",367753.8184073028,331408.13949685195
47103,2022,7,2,"47127,47051",234125.41947838428,297957.7358982436
51710,2022,7,1,51740,278050.3840982109,230090.00865642456
35033,2024,7,1,35055,,466376.4194787997
38035,2023,5,1,38063,249867.6805475311,175917.69775036254
36029,2025,6,2,"36063,36037",278615.2826522251,219935.72401316446
38055,2023,9,1,38083,187172.93662917343,157205.28743875286
53025,2020,5,2,"53037,53047",237084.6266597592,281983.9907918663
18097,2022,8,1,18109,216604.4112425,268738.3934852941
42041,2024,6,1,42055,325151.36007063143,273596.11759019917
22047,2025,5,1,22007,167054.3420878869,165869.30834662882
29195,2021,6,2,"29107,29089",157221.78556305115,170361.6015409117
39103,2022,5,1,39005,286759.69482719083,190181.49222536315
37195,2020,8,1,37079,134325.3522668866,128699.49112981472
48039,2024,3,1,48321,324649.0609007333,190976.1492789742
35043,2022,7,1,35028,346571.3283553236,503867.686007733
04019,2021,1,1,04027,265160.6081100276,193345.0396960829
34005,2022,7,1,34021,344759.73011283687,365644.50262640696
12099,2020,10,1,12043,315957.4589152205,158688.53515871774
29187,2023,4,3,"29186,29123,29221",172046.67281004495,177780.9450138538
21153,2021,4,1,21115,86071.6876125101,115647.70614215556
16057,2022,6,1,16009,438775.26348139625,354208.34363989654
31009,2025,6,1,31171,,195924.49798647183
47187,2024,6,1,47117,888735.7731004109,315209.69895596773
12081,2022,6,1,12027,469535.64044910745,262568.9344192368
54009,2024,8,1,54069,128971.4055973005,145071.33088348337
28001,2024,2,2,"28063,22107",121614.13457137388,184415.10509460428
31043,2024,7,1,31173,218433.67873556644,145913.42311388106
31099,2022,4,1,31061,208748.5918055851,112495.4826785886
06065,2022,11,2,"04012,06025",594739.4025587786,281016.3467310682
55025,2020,5,1,55055,317102.23423570645,236809.04458410433
45087,2025,5,1,45023,128348.82315308505,217083.91219179193
47131,2021,4,2,"47095,47183",113496.0236075355,107926.93425380447
13063,2023,2,5,"13089,13121,13113,13151,13255",244594.61241731292,363818.05789101
05121,2023,2,2,"05021,05055",145438.31923263814,143573.09824336402
26103,2025,5,1,26083,227959.7021435841,189087.45702921657
48111,2023,2,1,35059,140147.826050856,117391.91516210392
28011,2022,7,1,28027,158157.09355285877,69519.4037922142
27129,2023,8,2,"27173,27023",168577.47356460252,171651.25272543984
08099,2021,3,1,08011,135298.1436510767,130557.6748229841
13239,2022,6,1,13259,115275.73734383022,98050.90185867004
56013,2020,8,2,"56029,56017",211328.19858625272,220856.659924359
48437,2023,7,1,48011,113491.0984378553,214032.0144674539
05041,2021,7,1,05107,103827.4999532138,64305.53570123531
06061,2021,10,1,32510,664113.1924632844,445746.259193667
39157,2023,7,1,39151,178309.0457817586,182448.5469281841
55003,2023,6,1,55051,195125.5894966337,200349.48678168995
06039,2020,5,1,06051,286568.60529700195,509251.1996162448
47075,2025,5,1,47069,171571.347478427,151973.75050075763
51027,2022,7,1,51167,92028.44609616004,131231.49220243032
48455,2022,3,2,"48373,48471",192307.10176383503,225071.2844324798
21069,2024,5,1,21201,162641.51514555103,179397.81146872792
29153,2025,6,1,05049,213924.88634003303,185154.87882110872
29183,2020,8,2,"17013,17083",262033.14134757183,151549.8028813694
37027,2025,5,1,37011,234762.8997795184,392767.3466573667
05005,2020,11,1,05065,165385.00281577487,128856.99665616344
53011,2021,9,1,53059,487869.8547505511,486662.86067068856
16071,2020,5,2,"16041,49005",186949.14101750185,292491.90056528844
12083,2025,6,1,12075,278727.6223468846,292737.7443719914
08045,2021,6,1,08107,502568.8520542651,780123.238983868
06065,2021,3,1,04012,465057.2002609388,193902.29939745492
19155,2023,8,2,"19129,19165",212674.4542373932,217754.18617187307
28107,2022,5,1,28137,181540.8255247617,207592.003448738
13251,2024,5,2,"45049,45005",181829.43969670325,123578.06346404288
08067,2024,8,2,"08033,08111",653859.0812171991,431949.62173743325
27139,2021,9,1,27019,397300.1896712212,439399.8714043445
06015,2024,11,2,"41033,06093",371149.4495033238,341019.601874843
53011,2024,10,2,"53059,41009",551382.8791437646,498991.11178826157
17029,2023,7,1,17035,116880.40643554657,155993.1388107098
29017,2023,1,1,29123,186932.28795792416,148257.75928703096
51173,2022,2,1,51167,127059.94859947346,124429.37995386068
37073,2023,7,1,37091,182368.25193623744,123880.45846323328
01053,2022,7,1,01035,140272.93137565933,130518.1746116036
47011,2024,5,1,47121,307143.15071992675,283385.8668107056
30063,2023,5,2,"16035,30061",525430.8199730897,327696.6223118253
51199,2024,8,1,51735,444302.7969510159,443962.8238142709
47125,2022,2,1,47083,283095.8780002441,189657.7469565925
06031,2023,12,1,06079,340243.3398269971,876719.8745518298
53061,2021,1,3,"53029,53057,53035",555616.7370759932,472802.47259799717
51059,2022,2,2,"51610,51600",679510.6573602161,807407.7523832652
18011,2025,5,1,18023,398620.96388302743,212220.68458559224
12057,2020,2,1,12049,246576.11048790367,135400.53159428312
05097,2024,8,1,05113,192467.62588028572,178870.00803747828
21215,2020,7,1,21005,242305.23707905467,150675.98791885655
16031,2023,5,2,"49003,16053",311724.6397357642,397194.4484257625
31133,2023,8,1,31147,163614.84741107028,115101.41968792156
37011,2020,1,2,"47091,37121",213821.9439136316,155222.5554942013
13291,2020,4,1,13281,228487.97098762085,246330.3431419537
26041,2025,5,2,"26153,26089",181392.71877317465,396258.9889409237
13137,2021,3,1,13281,217602.63165853373,287987.0296816512
01101,2025,5,1,01085,161615.4440555336,143477.69421440092
34037,2024,8,1,34031,416837.77659029095,550135.0970984297
51059,2020,9,2,"51610,51600",604281.45941023,720807.1846450698
13099,2025,4,2,"13037,13061",128135.22937460766,129588.8901440799
40141,2022,6,1,40075,63288.662374883344,78686.784819249
28085,2020,9,1,28005,159869.93341750657,145377.50131320689
29121,2025,6,1,29137,172426.15041952487,202653.4324066115
26017,2025,5,2,"26011,26051",168155.78629027898,159239.61796771683
12101,2025,3,1,12105,345260.8726270238,309835.56912325835
01025,2025,5,2,"01023,01131",137959.21749233827,138535.61813781294
39167,2023,2,1,39115,163560.12230335103,140048.8197764786
37069,2021,2,1,37181,263628.9746841949,145303.28455439603
40033,2023,9,1,48077,96036.7603048184,207253.4691569541
20039,2025,6,1,31065,105076.28606612356,139005.98679885862
48339,2022,1,2,"48185,48471",319265.1330241472,290178.99507372646
06015,2021,10,2,"41015,41033",343340.9289271482,401600.64367434336
31137,2022,4,1,31061,192691.530517494,112495.4826785886
49037,2025,6,3,"49019,08085,08083",350919.69127718004,476906.4936986128
51153,2024,1,2,"51685,51683",548797.1825930012,445779.15494062915
22111,2023,7,1,05003,147526.79555364314,98284.21711610636
49007,2022,6,2,"49047,49039",233975.5739036993,318276.677109572
55127,2020,7,1,55055,266193.27901550295,238295.3321556314
26033,2024,6,2,"26097,26141",179357.84975987786,186746.09296169155
06081,2021,12,2,"06085,06075",1553128.6062557856,1456631.9341360573
37133,2022,8,1,37141,246437.86952439605,413419.8162545772
51199,2021,7,2,"51131,51735",367147.1489950715,306569.72061105
39037,2020,4,1,18075,127150.88607378725,99531.60439401702
18073,2020,6,1,18131,188363.0587094529,108452.2447432063
13091,2020,7,1,13271,113892.6906867597,84671.54775313819
40123,2021,5,1,40029,144661.23360300556,96918.30267802866
16025,2024,11,1,16047,374510.7315266711,350326.8742100865
06019,2023,1,2,"06069,06053",382750.5239606046,793680.739161843
21107,2024,11,3,"21033,21149,21233",150675.9137597691,148089.8325765806
49039,2020,6,1,49007,224079.07304223604,157318.54920463328
19065,2025,6,1,19055,142980.81052620892,222013.20202737383
29127,2024,10,1,29111,174394.53040428428,176264.90628540528
27119,2021,9,1,27029,196622.03561609017,175775.85491922346
31127,2022,9,1,31147,154762.3692023563,115777.3227682954
06013,2020,1,1,06095,646073.1010180349,460925.3607411205
12105,2024,7,2,"12049,12055",316231.6874559625,237162.41425169315
08067,2021,5,3,"08007,08053,08033",482891.46727667423,369589.0500288546
35041,2020,6,1,48017,137853.3996770657,113558.63193382938
30029,2024,8,1,30053,636811.1801483845,412557.6089464599
48427,2025,5,1,48047,145567.69733671084,87632.90826733988
19197,2023,8,1,19079,121561.13896917956,144527.1688671145
32023,2025,5,3,"32033,32011,32015",353279.53684621304,198709.60305866288
48129,2024,6,1,48191,123348.42132679957,79641.17921863297
38035,2023,9,1,38099,253072.1477471008,154186.77994074536
36037,2024,10,1,36063,205591.17275227513,228004.4862023947
32007,2023,9,2,"16083,49003",343702.45744468895,392402.05774058966
31119,2022,10,2,"31167,31179",215683.25853028905,215595.68942612928
21195,2020,8,3,"21159,51195,21133",91792.13997421451,84592.09596996877
18001,2020,7,1,18075,152475.3642880104,101142.62868944852
37043,2022,6,2,"13291,13281",317679.3597776541,364545.84863522137
17165,2023,4,1,17069,93240.45633896212,106459.72590117287
48215,2023,9,1,48047,185671.73987408724,84530.90122761833
29093,2020,11,1,29179,103879.9057804173,132527.73486167451
06089,2024,11,1,06093,374400.33996620664,289466.88957468397
27059,2024,9,1,27065,323572.076937118,253497.5205947292
21165,2021,7,1,21173,95600.6905310374,170012.78403480895
13207,2022,6,1,13159,299713.8207262026,282406.93617224717
32011,2024,7,1,32015,167229.15468062894,248777.3814674761
48309,2022,8,1,48145,263636.6442671187,178020.35030102337
48075,2025,4,1,40057,103979.83277382384,85324.46737636747
45013,2024,5,1,45049,539540.5834429924,167111.77044731122
16043,2020,9,2,"16065,16081",288264.4494508275,381499.0927928386
29087,2020,5,3,"31147,20043,31127",,100055.98896028602
17183,2022,6,1,18171,86657.65421709491,200075.02975985836
56037,2024,8,1,49009,272426.0097300529,311964.2533620643
29207,2023,5,1,29069,148761.58744698245,97138.05610788362
48255,2024,4,1,48123,209796.69083032757,235545.0752207049
48327,2021,9,1,48435,,171487.12166146145
56003,2020,6,2,"56033,56029",171285.53204958304,294383.54573590343
13155,2020,4,1,13017,106746.91633030272,79955.43438821142
16049,2024,6,1,16035,337533.3620272731,296117.5365277352
21141,2025,5,1,21177,198399.75234984633,141835.59943977767
12081,2022,10,2,"12115,12027",475980.12221338897,372911.8045136796
29019,2021,6,1,29089,249056.1554461718,164863.3259998347
08051,2024,8,3,"08029,08015,08109",683777.6982162966,428332.9313111264
06087,2021,12,2,"06069,06085",1077993.467414438,1130757.8199521145
17061,2020,5,2,"17013,17083",89641.73465987486,153789.86732506895
28001,2024,6,3,"28063,28037,22107",123472.95962461032,173680.98383995905
47163,2023,1,1,51520,224201.30397503672,156845.69273472854
50007,2023,9,1,50013,497915.4674051115,443336.3216943208
22099,2020,1,1,22077,152351.84720012956,171208.7041677308
06089,2023,3,1,06049,364099.33690580726,175757.0006023353
08083,2024,9,1,08111,394221.4718782301,550435.6879537884
48469,2023,10,2,"48123,48391",215520.88022162564,192438.4585476702
01033,2022,10,1,28141,176284.70286834156,175688.5810558955
17077,2024,2,3,"17199,17145,29157",104513.30361320364,150113.55088107256
29163,2022,6,1,17013,185297.2843251129,183803.8567548949
49019,2022,9,1,49047,613198.9695595665,288061.6860776828
39147,2022,8,1,39173,153198.3278474088,212149.01472166443
48427,2022,4,1,48247,171843.0899402757,107983.66053354472
45067,2020,5,1,45089,111577.22624337356,102564.82040192145
51119,2021,5,1,51131,291916.2783838695,222992.2115306932
05121,2023,6,2,"05021,05055",151479.70691480316,148068.60922453803
44003,2020,11,1,44001,282901.3246358129,426267.1241956251
42099,2022,5,1,42043,259570.4980893172,227961.74583100257
49043,2020,6,2,"49033,49029",790369.8416811157,395253.7836183703
29075,2023,8,1,29003,119660.745401458,250167.49395200808
47153,2023,8,1,47061,264510.21789774165,188898.5907596239
17011,2024,6,1,17123,130170.28865162237,121655.93639527004
21161,2023,3,1,21069,145680.78068666262,143803.33501870974
08099,2021,7,1,08011,144544.2321082198,144886.12221254598
48223,2021,5,1,48379,244233.1016670759,234850.0844608309
13223,2021,8,1,13143,285952.5788728587,209776.14856425975
21055,2023,1,1,17069,136319.3546807734,106477.81485320895
53075,2021,2,7,"16009,53063,53003,53021,16069,53043,53001",258188.69294862283,274287.33146490826
31093,2024,4,1,31121,255591.09994343057,199991.83492302184
18123,2020,7,1,21027,121425.08512450827,114119.46575597936
18037,2025,6,2,"18025,18123",246268.06639836464,172940.3292847596
31081,2024,4,1,31121,260835.8383792022,199991.83492302184
45043,2020,4,1,45089,248385.26298305017,101659.16880165992
21035,2023,1,1,47079,222693.12148877885,188455.46029641945
46085,2023,9,2,"46023,46015",,221811.26476489007
06099,2023,3,1,06085,438077.24911488575,1456312.692549715
16051,2020,5,1,16065,284022.2454074347,255209.2017002787
05041,2024,12,2,"05017,05079",101786.0391900004,119342.50181028902
54083,2024,1,1,54093,145192.94866193575,202792.23225658305
18015,2022,3,1,18157,187118.2463622427,243316.2590593727
26113,2022,5,3,"26079,26133,26039",209762.8751008052,178585.83717913972
20077,2021,6,1,40003,67557.47469509668,115196.2201723709
17113,2022,9,1,17147,216084.0817172916,189947.2207534276
53063,2022,12,4,"16055,16009,53051,53043",417377.1047612042,391307.0289104817
39137,2024,8,1,39173,218433.2487448576,229060.5517325864
47151,2024,8,1,47137,188896.1400364661,222910.3151673624
46115,2023,7,1,46005,140955.62436564406,182735.88504080733
05087,2021,4,1,05101,201756.88506474104,170030.80734228028
17149,2024,4,2,"29173,17013",93992.9069072076,211215.53288518853
51153,2022,12,1,51685,528491.2572826229,406092.5260751276
40073,2022,8,1,40093,210033.738210747,149594.7985975689
48129,2021,3,1,48483,,115011.21021527504
29017,2023,5,1,29123,189808.47713617503,151267.4622931657
51173,2022,6,1,51167,132977.68830701278,129880.86315950686
26065,2023,6,2,"26155,26093",191050.13333144152,270214.87627097196
20077,2024,7,2,"40003,40053",89105.57495379464,118688.11919603616
30057,2020,6,2,"30043,30093",453772.5723468503,227260.27164612355
05031,2021,3,1,29069,166465.6410395028,99423.74154945336
08083,2021,8,1,08033,342269.702921073,284664.035854935
29181,2023,6,1,05021,147060.03553210062,113076.80221106664
20003,2024,6,1,20107,175349.27585670655,151447.89762949865
50001,2020,5,1,50017,326167.3314549798,244755.82438280652
12057,2020,6,1,12049,250507.4826282036,137023.67860463122
25005,2020,4,1,44001,350165.2881099668,402460.7393465853
47043,2021,7,1,47083,285455.23449766444,169172.54472925773
48021,2021,5,1,48287,311151.2721797922,303842.06440874696
51175,2021,6,1,37073,213215.39105861323,175139.11029893032
26141,2020,7,1,26097,146420.37613377275,135637.429241976
45051,2022,3,2,"45033,45043",295669.1354434304,231118.12423430666
41017,2021,8,3,"41031,41035,41037",626779.2739887431,262252.0302352277
31113,2021,8,1,31117,,258005.69813715748
51051,2022,7,1,51167,97417.22629097814,131231.49220243032
05045,2024,8,1,05105,239754.2498191797,168531.828991142
31163,2020,6,1,31077,130484.89178503002,162178.83488090066
48329,2021,9,1,48461,281463.83741551015,142764.1497190759
22111,2020,10,1,22027,135241.67326480945,233503.21354964335
38035,2025,5,1,38063,267209.9192684985,150396.50311214977
12015,2022,11,3,"12115,12055,12027",386159.83173871104,323194.92706320895
27007,2024,7,2,"27071,27029",245428.2878363624,172855.20019127132
22117,2020,8,1,28109,135847.91190962572,146380.8104086032
47111,2021,7,1,47087,204412.37629070508,175191.82653065465
48105,2020,6,1,48435,,141827.14375219014
28039,2024,5,1,28111,194164.11413949417,153886.98923765167
38015,2021,7,1,38083,289857.90269971435,217646.19515586743
16067,2022,5,1,16053,297325.5687241854,378124.6891694097
38049,2021,8,1,38083,180427.88939494852,219533.9833031866
28035,2024,7,1,28111,184215.5075316981,154164.5991244235
05093,2024,6,1,05035,108413.08535424327,159355.85836517316
31111,2025,5,1,31047,204913.8312402938,197549.0748762567
51077,2021,3,1,47091,144049.48082430952,183151.8389219248
47113,2022,5,3,"47033,47017,47053",216456.9300632176,163008.04704476378
25021,2023,6,1,25025,692426.5611788066,715208.5842361543
37055,2023,8,1,37177,588392.0325915257,168172.68233923882
48465,2020,4,1,48435,164663.28511360692,143849.02939548728
27127,2022,10,3,"27083,27101,27033",157261.71560947198,178341.34513719648
21091,2025,5,1,18123,201471.92880693707,182799.5542384527
19173,2022,9,1,19145,117067.30546471744,128373.66448511032
40041,2024,7,1,29119,270079.9892025969,222284.3437597764
08097,2022,2,2,"08051,08065",2065300.471567198,543341.2243684754
16005,2022,5,1,16041,333130.909875067,445931.2460104989
18067,2025,6,2,"18023,18103",180933.85929275016,178544.1786160653
28011,2021,3,1,28027,160686.91712399162,68148.11321336526
39089,2024,7,1,39083,322156.2203479136,259784.70760528557
17117,2021,3,1,17083,125944.95474509516,163162.12755228466
38049,2024,9,1,38009,154962.23219722547,195281.71711620552
48483,2024,6,2,"40129,40009",101681.61585423228,156490.13675811497
28133,2022,7,1,28027,126896.2379079449,69519.4037922142
04015,2020,4,1,32017,238340.88720640843,172018.17811183428
12121,2021,7,1,12041,213646.86189744304,223883.5086077948
37139,2023,6,1,37177,234776.62406379133,168712.30640109535
21135,2025,2,2,"21205,21069",125180.84115093404,175631.89048149716
48005,2021,4,1,48455,168423.33647977503,163527.69738315293
47091,2025,5,1,37011,246790.098673183,392767.3466573667
18083,2024,2,1,17033,138481.27597217614,123392.5341599013
55083,2020,3,1,55078,167773.2353211716,179005.63435877053
49015,2022,6,1,49039,,354434.3030636506
26089,2023,6,2,"26029,55029",593122.2597453181,370600.34115620237
37161,2021,7,1,37021,185263.54316464136,378428.74883852544
19037,2022,6,1,19023,182897.1209639623,164575.74206031623
29033,2021,6,1,29107,125798.54065229231,175859.8770819887
21231,2020,1,1,21207,95491.04427171696,90462.78148809468
53041,2021,11,5,"53053,53067,53059,53077,53027",378941.47285979753,418150.7919461776
01061,2022,3,1,01039,157558.1050214792,150557.2658357259
30111,2022,9,1,30103,361385.4596488788,219523.43690958005
05013,2024,12,3,"05025,05039,05011",131238.54631839585,131026.67206777807
13297,2025,2,1,13219,382321.3351902282,549002.2392785583
01025,2022,8,1,01131,161296.33306862006,147321.71235483917
38017,2023,5,1,38003,301245.30274976295,174867.92028970315
08015,2022,8,2,"08093,08065",673863.0992991334,517617.4288696443
48239,2023,5,1,48481,230066.61250507485,244563.85225397753
26003,2022,6,3,"26083,26153,26095",187231.33450379552,156907.23446644776
01057,2022,2,1,01107,136244.77813384132,144912.1790609852
21091,2020,9,1,21027,138443.83564411712,117870.1349586353
22059,2023,3,1,22025,163119.4848570906,118351.6500555328
30075,2020,6,1,56033,134823.98729296846,302737.0230205245
26063,2025,4,2,"26011,26069",187642.45531527497,157608.9618636219
06107,2024,7,1,06031,349877.66076044884,349561.1119767979
48093,2020,5,2,"48193,48333",148418.4487496689,242973.74488855217
26063,2020,10,1,26011,144500.31074093815,109447.32890899113
48127,2025,5,2,"48507,48163",128537.72126470106,122088.5381741653
06077,2023,1,1,06013,538977.3080462917,817595.7716397602
20071,2025,6,2,"08061,08099",164012.01967881015,187812.13050035867
08071,2025,6,3,"08089,08011,08023",253162.44896966932,163779.06831279342
51105,2020,6,1,51195,81006.15546794546,88833.58651233219
04019,2021,9,1,04027,307801.17353706766,223975.10131146864
23017,2020,12,1,23007,208730.391028197,194263.94384435625
47141,2022,4,1,47087,280539.07524923806,200309.69243173552
51013,2022,5,1,51610,791558.4345593587,1000571.9678310916
50005,2021,6,3,"50015,50009,50019",233063.0652100653,280883.0140220679
05013,2023,4,2,"05039,05011",137613.93902289995,120506.81877813037
06019,2020,4,1,06051,283210.9498837835,507625.7322875647
48147,2024,3,1,40013,279413.1941655586,222342.3112735468
39077,2022,3,1,39005,159049.94497661153,184701.0107274755
28135,2022,7,1,28027,153926.0246518275,69519.4037922142
37173,2025,5,1,37113,327619.5849693253,354883.58163524326
48175,2025,6,1,48255,267752.6354672387,205964.5811818936
46059,2021,7,1,46005,217581.73090922087,162113.59136620452
42055,2024,1,1,42057,269190.72670843353,216873.59603629145
04013,2024,9,1,04027,478089.15273913014,276744.6528028397
31037,2025,5,1,31167,218598.70765470705,246909.372052671
22099,2020,5,1,22077,156515.08907534453,169700.3258492131
22017,2021,2,1,48315,131822.45255599028,135150.75966853322
29157,2023,7,2,"29186,29123",193523.79581252404,185079.69294942266
17077,2024,6,3,"17199,17145,29157",105476.53290389676,153795.39001242563
48221,2022,8,1,48425,391679.32648090646,392553.8438922344
51005,2025,2,1,51580,174063.71606034323,100660.89553982
19187,2020,6,1,19079,110222.27970341052,106790.68801748689
21163,2025,5,2,"18025,18123",274669.5203838829,174225.57349259147
21139,2022,7,1,17069,131677.47395491623,114086.42595970516
37095,2022,12,1,37177,209500.30345881716,170295.7068678382
13157,2020,6,1,13059,255045.5553618553,201895.97266192897
13223,2021,12,1,13233,310257.62687202357,170941.32074093827
48387,2021,2,1,48119,170184.8708763185,144011.95531586744
51069,2024,1,1,51840,407122.2080456005,328437.19694738695
40153,2023,9,2,"40043,40093",132780.17270593124,140261.29283080934
48251,2020,4,1,48425,246107.57286237332,265727.7309825356
18035,2023,1,1,18009,136722.58876162535,112398.21277234284
39089,2021,4,1,39083,244149.8505485079,201101.3969694595
26051,2024,6,1,26143,162611.8564921594,177938.60314531528
53075,2021,6,6,"16009,53063,53003,53021,53043,53001",270598.9563310961,298487.89251858986
48053,2024,4,1,48281,453920.27409125253,301893.0851300784
06115,2020,5,2,"06057,06101",313160.0067471145,407450.02858210576
21035,2023,5,1,47079,216783.9627822045,190251.4918996739
48245,2024,11,1,48361,162404.2751319538,177067.63132227692
04001,2022,8,1,04011,309433.54762624466,233222.7896699699
16051,2020,9,2,"16011,16065",299978.035654601,257698.18818599277
55093,2021,7,1,27163,299811.98631742335,390063.6420166392
22051,2023,4,1,22075,283519.0080900428,295811.00901973195
34023,2024,7,1,36085,532520.6215510643,667173.3964592469
13273,2023,7,2,"13307,13261",105785.89448049763,146290.50976676217
05001,2024,4,1,05107,115789.21225545152,53781.70679127332
19161,2021,12,3,"19021,19093,19035",125646.03438430036,136655.16808876328
29101,2021,6,1,29107,229238.694055647,175859.8770819887
40093,2021,5,1,40003,130049.53166923858,113654.68661274148
51071,2025,6,1,54063,191449.5220669025,174620.9005068298
08007,2024,7,1,08021,554085.1590915596,208084.15640185657
37107,2020,8,1,37079,87203.06835484812,128699.49112981472
51053,2023,6,1,51183,267281.5347351629,180591.8473888404
40113,2024,5,1,40103,204531.903201693,142095.14105380536
53039,2022,7,8,"41027,53059,41021,41055,53077,53005,41065,41049",476512.23124693,394275.5908699455
29007,2024,6,2,"29173,29175",159022.48136776898,196341.67139807736
28083,2021,5,1,28135,102028.62331550354,142815.47983721035
48129,2021,7,1,48483,,123411.62559769487
32019,2021,12,3,"32029,32001,32510",395402.394061194,421422.50256128196
28005,2024,12,1,22091,156221.4061036862,171760.88573705454
22063,2022,5,1,22091,238302.06006158752,211446.00080072996
48371,2024,4,1,48475,178726.34882762734,193550.17168311845
34011,2024,7,1,34001,260177.66931269117,350029.11183479434
18007,2023,2,1,18181,157169.75431525847,182992.00192996403
47003,2024,6,1,47117,323409.0518088623,315209.69895596773
13169,2021,8,1,13021,193212.3687115298,131293.9668198249
25005,2020,8,1,44001,356064.72013106564,406806.56913656736
05067,2022,10,2,"05111,05037",99451.69579305804,132239.95077203237
21083,2023,5,1,47079,145264.36075635,190251.4918996739
30081,2022,6,3,"30001,30023,30039",617751.778362359,349465.8500063426
46027,2020,5,1,31027,178884.43365451312,156355.92147605127
40151,2020,5,1,20033,95897.47332380526,70799.4358695806
22039,2021,9,2,"22097,22003",112244.58394076186,136083.9953204691
48229,2024,6,2,"48109,48377",,181257.06881532678
55041,2024,6,2,"26071,55037",186974.6975424532,148057.01086412513
01065,2023,5,1,01007,176024.9375246894,221110.1129595851
31125,2024,4,2,"31011,31121",154946.87571564052,227520.83834471833
08107,2023,4,2,"08103,08045",979467.6424398534,449365.6452906112
35043,2021,7,1,35028,291919.59585453477,462065.41051848535
27137,2020,5,2,"27071,27075",162761.7602779778,142988.9685597515
28005,2023,4,3,"22037,22091,28113",153825.3847788079,174914.00794925774
17137,2025,5,1,17009,122733.4191498378,142460.7722536806
19161,2023,5,3,"19021,19093,19035",141633.19276912438,149484.2485438008
41045,2022,9,1,16087,299428.2430615137,372149.5686142564
16057,2021,6,1,16009,366115.5973285021,274712.46450864564
13153,2024,4,2,"13225,13193",238916.25355732057,166485.52868477098
48451,2020,3,1,48095,172774.58320730837,165509.28553460797
13119,2022,8,3,"13195,13011,13147",253724.31113069548,296957.7010645024
36055,2025,5,2,"36073,36037",270603.8895849329,194946.44786360709
40113,2021,4,1,40103,169869.2277540093,115670.24057429266
37021,2022,5,1,37199,432245.3834558379,314359.0937566648
29071,2023,4,1,29221,235434.76426017503,169310.51996125677
16067,2022,9,1,16053,300841.55765318783,379125.8763670635
51081,2022,4,1,51595,138745.34251840113,120679.67988894742
12085,2022,3,2,"12051,12043",419915.2817697813,225128.3302033887
48485,2023,10,1,48077,161291.74864751485,206019.8017321751
17005,2023,6,1,17051,141450.41690704055,143743.0185822359
35055,2021,7,1,08021,444292.1173721768,187788.22629598132
21097,2023,7,1,21201,192618.58009915007,169521.3081327962
01031,2021,12,1,01039,151863.54545688187,149756.8840138791
54085,2025,3,1,54073,126142.8369633167,165520.8031771716
30031,2021,5,3,"30043,56029,30059",583312.587254261,301944.0120598762
05139,2025,4,2,"05003,05011",124390.1855351716,99467.74762287011
05133,2025,1,1,05113,163185.67045656682,183667.68744968617
19185,2024,6,1,29129,127045.7784783324,133456.4124044032
47023,2020,4,1,47069,133970.0889636002,102888.25196671949
26019,2023,7,2,"55061,55029",365381.3551764966,321780.54261865735
13245,2023,6,1,13163,179116.58328907276,125877.99086299136
28091,2021,4,1,28147,123987.193712617,144568.59324012886
28013,2025,2,1,28043,133810.65060764088,123922.66463102264
42125,2024,8,2,"54069,54051",228764.58112059397,136300.7548093872
04015,2020,8,1,32017,247250.44484304904,177118.78903351232
30001,2024,9,1,30023,383566.576623749,278442.6207895411
54025,2024,1,1,54067,179481.94202374748,135774.75924985835
21135,2025,6,2,"21205,21069",124852.3186155688,180958.0676655656
37111,2020,7,2,"37199,37121",184118.9227275763,178918.01286402685
55083,2020,7,1,55078,169054.6044980337,187804.7213577115
13177,2023,8,1,13261,247096.5082161322,127940.09748614144
42071,2022,6,1,42043,320145.32703807036,230234.07073560217
25017,2024,8,1,25025,794029.5250578616,752138.4373147422
18147,2021,6,1,21091,175397.28591709383,151891.14110765266
48471,2024,2,4,"48455,48339,48313,48407",264031.9683806915,255057.21062001266
08081,2024,7,1,49009,286939.8931771154,312026.94789416395
05135,2021,3,1,05065,146053.15269912637,134452.48079230895
29163,2024,6,2,"29173,17013",185951.8893759693,211660.09085928637
48163,2022,4,2,"48127,48013",202895.37514172227,205422.34782363614
42103,2025,5,1,34037,293640.3944036434,426306.6121250712
13099,2022,11,1,13037,126037.62267672952,110163.77034815509
40039,2022,12,1,40043,146898.59196385133,131762.7605186941
13215,2024,8,1,13053,179164.08500748602,140629.74078932282
53027,2024,7,3,"53049,53067,53041",326133.89483924414,421366.3272212516
13297,2025,6,1,13219,382068.7544803352,546624.0959394239
47049,2024,6,1,47137,237549.1747142483,218638.90474870367
05111,2025,2,1,05067,128358.03596045724,101117.04478652908
30099,2023,6,1,30015,296240.6645524578,245406.1620025948
30097,2024,6,1,30037,412655.44437346474,219884.14220130217
48389,2023,5,1,48243,222049.0258824923,252496.3209488526
47085,2022,5,2,"47083,47005",213091.68445494457,179352.7941276842
22059,2023,7,1,22025,161576.33759226368,115960.76840129455
51153,2021,8,1,51685,489995.2803007045,381382.70005173766
51169,2020,7,1,51195,103721.3973358982,88870.95327748412
18035,2021,12,1,18065,123654.16101598268,144359.58913828703
47001,2025,4,1,47173,301393.5258668649,281595.08291391225
46125,2021,4,4,"46067,46027,46087,46135",218847.01952922065,197823.35926342968
46089,2023,7,1,46045,,217631.994710597
16039,2021,10,1,16025,316140.72371752805,380057.2107314468
47141,2022,8,2,"47087,47159",292000.43223205133,252829.45415141233
13081,2024,6,1,13315,140035.18556327923,138090.11278466685
48355,2024,7,1,48007,233207.86598715547,319216.70543420705
47027,2025,2,2,"21053,47137",202926.13258336543,202555.4713783622
08077,2024,8,1,08029,410401.8671974772,391834.68923693505
05063,2024,11,3,"05067,05137,05065",163764.68179472612,155827.77604079517
29223,2022,4,1,29093,134748.44384036234,138590.60847885124
20007,2023,6,1,40003,81276.20680253013,113155.13880739229
05103,2023,2,1,05039,102932.40182077342,125959.97222427667
28107,2021,3,1,28135,150724.60090105748,138655.21338474215
27067,2023,8,4,"27151,27121,27145,27023",250644.12272055435,233055.03783581135
19169,2023,7,1,19079,261423.55596874433,143258.9349899698
49035,2023,9,4,"49043,49029,49011,49051",543881.8806033948,847193.852092512
29183,2021,4,1,17083,288676.75655448163,165369.03830018235
38051,2023,7,1,38029,,122314.41267315188
30111,2024,6,1,30037,380453.886251919,219884.14220130217
13179,2025,4,1,13109,244256.16655188764,172642.06986982943
29161,2021,1,1,29073,160217.92200301323,158509.5792235812
41049,2023,8,4,"41069,41021,53005,53039",286199.74194123235,348795.8645646529
26051,2021,9,1,26129,144504.73971412948,132958.71122685884
51005,2025,6,2,"54063,51580",173848.67070027962,138409.22567732353
40115,2021,5,1,40035,108678.33718146644,143221.0744797425
19147,2024,6,1,19151,150303.99995125833,107194.66230525698
29037,2024,8,2,"29101,29083",311290.44335075695,235647.01836754038
08101,2020,5,1,08025,205482.31980021147,126283.8381318584
37043,2024,7,1,13281,338161.54308629874,391293.8014915358
38031,2023,9,1,38027,161247.1414986296,126214.11167380614
21187,2024,9,1,21081,171706.6144597206,263840.02392857795
21055,2023,9,1,17069,137425.97598218312,111987.52228636444
39089,2021,8,1,39083,256848.39377655977,211637.40364794745
39031,2023,4,2,"39083,39075",156713.00595626587,273207.0599365561
46057,2023,5,1,46011,273872.2113685455,276351.5345478127
05125,2025,6,1,05053,246936.04536298555,196417.84780583007
06073,2023,1,1,06025,854945.4619369729,309211.5006227797
01075,2021,12,1,01107,156342.26820145053,144280.87648141934
17143,2023,4,1,17175,123038.67294167924,128110.55653922784
40131,2021,7,1,40035,223067.2766708408,145343.1336632536
37131,2022,5,1,37185,113898.51194043973,226574.07632013355
26037,2023,7,1,26155,279079.23701564496,185321.44534741956
21043,2025,6,2,"21205,21063",170397.54560618242,180881.16902987938
49049,2020,5,1,49007,370169.38322191144,157416.32744235676
48335,2023,10,1,48431,101776.70985678774,234998.62369472915
47079,2021,4,1,47183,148420.74342407018,124310.17028497752
55009,2023,5,5,"55083,55015,55061,55071,55029",289145.5101479851,279751.65756736917
40093,2021,9,1,40003,131796.89691993973,110295.10148164506
48175,2022,9,1,48025,264069.9011005015,206192.27083744804
31023,2025,5,2,"31185,31143",221886.27595894004,213556.5420211653
29171,2021,12,2,"19185,29197",152330.6103698264,133623.027393762
16019,2023,6,1,56039,380275.2407990151,2023950.2295566748
01129,2025,5,2,"28041,01023",166580.2837495506,136746.63021453522
27127,2023,4,1,27173,159613.3472764426,153285.48490912048
22123,2022,7,2,"22083,22067",134432.47622959866,146120.54154177304
51127,2023,6,2,"51095,51036",391799.0853680118,351359.95756902045
47011,2023,8,2,"13313,13213",292122.73971725145,225719.79255082173
36047,2022,3,1,36061,874220.7074884856,1397441.6831205003
37039,2022,6,2,"13291,13111",247122.5045292356,439842.0065633663
04013,2021,12,2,"04012,04027",449593.8330027848,231526.64565033405
13095,2021,5,1,13037,95368.85858123245,103695.53803513742
16077,2024,6,1,16071,274961.79260534164,325032.26957819326
46023,2020,7,1,31107,167169.06731024288,142514.73139831529
48061,2024,10,1,48489,200777.29218552567,193388.54299095937
18055,2022,6,2,"18119,18021",159663.03953308318,177111.48005991481
18007,2023,6,1,18181,164766.6526340973,189646.46394025275
37127,2022,6,1,37185,213827.6880000882,230231.3238355672
21171,2022,2,2,"47027,47111",113255.19192557724,203057.79998335085
31149,2023,8,3,"31089,31015,31103",140057.15667105085,202942.9731393842
45067,2022,6,3,"45033,45089,45043",138057.17805129368,204393.21715719774
08043,2022,8,1,08093,329812.4622044132,539625.9331286218
22103,2022,2,1,28045,284570.71775637934,224236.39261776
39157,2024,3,1,39151,183966.1099428779,188191.9019844824
40047,2021,9,1,40003,116991.21914680196,110295.10148164506
20191,2022,11,1,40053,130396.07653625384,122418.6284246909
27005,2024,6,2,"27029,27087",326567.4895463569,184817.30455977307
48167,2022,11,1,48071,334657.23472348327,339065.96353719244
37077,2021,4,1,37181,234076.49385186503,150792.5728785556
21103,2023,1,1,21223,214462.6913722245,194836.80491784037
42113,2024,6,1,42131,194353.81013942097,217901.80189690433
12115,2023,9,2,"12081,12027",471404.4037437367,366748.1478814998
37183,2021,7,1,37127,384784.055003048,184220.04488235372
47031,2022,2,1,47051,259365.0248128016,272737.6481080884
13031,2024,11,1,13109,276879.5285065987,178448.24173995876
37187,2024,5,1,37177,110436.6681382068,169313.6266955074
37013,2025,2,1,37187,231829.3146599273,110162.60901612738
13153,2024,8,2,"13225,13193",241432.92621316493,172116.38713852048
05077,2024,4,3,"05035,05123,05107",114547.4832377708,100000.29269930786
12081,2021,10,1,12027,372313.3533283316,208555.8092459104
04025,2022,8,1,04012,517607.7072705587,256234.04150904997
28003,2020,1,1,47069,134262.05530645946,100452.13801719015
31111,2024,4,2,"31117,31085",195068.15464937343,298940.5895280547
22105,2023,5,2,"22091,28113",231963.17347242983,151650.10520878027
18151,2025,4,1,39171,297179.2444528385,173648.6518105841
39029,2022,11,1,39151,141436.37739027292,174140.5907115936
36013,2023,6,1,42049,147647.33308828995,181016.52312225584
13311,2022,6,3,"13291,13281,13137",289524.3197040079,334986.44581632287
51199,2020,10,1,51735,342759.2827377918,346908.0567322717
17075,2024,6,1,18111,134322.45591326265,206431.89069751732
12011,2022,5,1,12051,394324.36431885674,244993.6448355499
40011,2023,8,2,"40043,40093",100989.85533085064,140948.2537376297
50023,2021,3,1,50015,299714.28761942015,401307.6252109765
20145,2023,10,1,20083,88309.91572762832,144139.48083070284
05133,2025,5,1,05113,161506.17233298885,182783.04021191373
21191,2025,6,1,21097,231406.0483674451,235587.14772110828
49027,2020,5,2,"32033,32017",212561.4689204404,161291.41956000833
19063,2024,7,1,27091,138056.34375657525,194886.3997439587
47115,2023,7,2,"47061,13083",240533.7422710436,209175.0324772285
48223,2020,5,1,48119,208235.4051019336,130118.82275663808
42091,2022,5,1,42077,424438.4862774464,299291.7347785327
41053,2024,12,1,41071,473662.4764859636,508282.7785750762
06071,2024,2,1,06059,546574.1978466526,1096316.042501751
26089,2022,5,3,"26019,26153,26029",578866.5433371327,290463.6675305595
55105,2020,6,1,55055,176404.8852593817,237685.82911153432
08085,2021,6,2,"08029,08091",350008.2637737221,463081.92568079964
16073,2024,5,1,16083,421493.99865338387,357566.78006870084
26075,2023,7,2,"26093,26059",198305.4086736718,269695.290731829
13233,2021,8,1,13143,167419.22298576494,209776.14856425975
31181,2022,4,2,"20089,31061",126587.21356121132,106440.6985085078
17107,2020,4,1,17129,112353.0645545079,153778.52280381037
38043,2021,6,1,38083,225915.7910866594,216117.24001975427
40009,2025,5,1,40057,144336.0203283057,82119.97465471954
13239,2023,8,1,13259,119830.48775013482,88459.46363069995
13219,2023,4,5,"13133,13211,13157,13221,13013",499233.9775316718,391332.17781906406
01077,2022,3,1,28141,195260.8049071085,174965.50986026254
41045,2024,6,1,16087,295713.9696368697,369465.5556586262
18177,2021,12,1,18065,127907.89946099004,144359.58913828703
47047,2021,1,1,28009,287409.84245701885,149839.29331689666
13259,2024,8,2,"13053,13307",105338.10481303243,158494.3589424241
29159,2021,3,1,29107,133631.12011697367,166028.61019299037
18145,2024,6,1,18059,232803.47161386092,313642.0203010295
48149,2024,2,2,"48089,48477",444979.38283019536,323267.6022160414
37013,2022,1,1,37095,178209.07660492093,193233.57480309947
29187,2024,4,1,29157,181019.8681041509,202704.02138016687
17157,2024,2,2,"29157,17145",136941.4685279579,153864.43114240357
49013,2025,6,2,"49009,49043",351684.3942793435,810684.3534382818
01075,2022,2,1,01107,158663.7172226963,144912.1790609852
54055,2021,3,1,51021,103666.20643451445,149763.4437536434
51199,2022,3,1,51735,388766.1628858841,398328.46791586606
29197,2025,6,3,"29199,19051,19007",154220.29834530634,153442.14469055147
30047,2020,5,1,30089,327579.7136188951,242173.58039193213
49003,2020,7,1,49005,299581.24847713433,303264.04333872255
05115,2021,3,1,05101,165029.73104915617,166632.67316350676
56037,2022,5,4,"56007,56041,08081,56023",250051.91064608676,287435.52252440597
21211,2020,4,1,21005,232167.8443064111,146514.79191761315
01005,2021,4,1,13259,137348.18347612137,88927.71675779537
37089,2021,3,1,37087,318198.4830915381,260346.44483147535
13089,2022,6,1,13247,355711.8410333604,311098.1517212716
12055,2022,5,2,"12043,12027",213934.13998762175,243798.59607370544
27095,2025,4,1,27065,298276.1900399705,250737.0670249645
35007,2024,8,2,"35055,08023",248334.32228296847,333559.49533021665
27021,2023,9,3,"27159,27061,27153",297539.5842338861,221854.69407437564
48277,2023,9,1,40013,193391.98277010463,221421.51163769545
34031,2022,5,1,36087,474363.0294438034,598118.4634159204
56037,2025,6,2,"49009,49043",288978.9110133457,810684.3534382818
26165,2024,8,2,"26019,26079",214380.45899108204,304097.82411102176
40071,2023,8,2,"40103,40053",109135.0233512316,128770.55931392616
01067,2024,5,1,13061,185222.7940696203,169111.16935560512
38055,2021,8,1,38083,176529.00089807066,219533.9833031866
13243,2022,4,3,"13037,13307,13259",97028.56006278776,124048.69480309048
51131,2022,7,1,51735,267250.1785609468,413210.3583303173
05103,2023,6,1,05039,109917.9245319353,124478.70845903152
56025,2022,5,3,"56007,56043,56009",261217.15344157917,221388.72473813905
26115,2023,4,3,"26161,39095,26163",224089.54387422663,224107.20336997035
31087,2024,6,1,31085,144807.5239939397,283110.5257925563
51191,2023,1,1,51520,214060.57275303596,156845.69273472854
42041,2022,5,1,42043,291746.61331022345,227961.74583100257
47093,2025,5,1,47173,372618.2387444068,282508.7317795547
17109,2022,8,1,17071,90054.78350557905,119089.012055314
48471,2021,5,1,48455,233261.02507033656,165960.20476320162
13175,2020,6,1,13283,137373.50114379864,110307.7062308453
35061,2024,7,1,35006,299125.9708420521,146115.52714103097
20143,2025,6,1,20123,164060.95529502185,139008.1795178321
29161,2021,5,1,29073,169599.12578789602,170993.81285081894
22033,2024,11,1,22091,231951.9454558352,170499.76907368447
31119,2023,6,2,"31139,31003",220249.8251547022,208492.97862001008
45069,2022,5,1,45033,123636.66666262592,125106.62006534883
05147,2024,5,2,"05123,05037",95212.37044243189,116279.88413068958
45015,2021,12,2,"45089,45043",315197.9829677287,218141.7520661827
47145,2021,6,1,47105,215625.15230488588,322834.6834149103
39107,2020,7,1,18075,172954.51640674096,101142.62868944852
25023,2024,1,1,25025,590588.8844203805,726140.1859394656
12057,2024,5,1,12049,401943.0667464733,229489.56789415443
40069,2022,4,1,40095,115982.3189864037,186655.43815231696
39137,2025,4,2,"39063,39173",233477.8494175137,233036.19262744678
27047,2023,8,3,"19189,27161,19195",173458.95099625742,176336.19063005605
48337,2024,3,1,40067,256777.5842440638,93978.06198716944
13033,2023,7,2,"13107,13163",172767.6971089777,122850.76994579402
56005,2022,6,1,56009,292712.3643149488,267071.7520216556
40089,2024,6,1,40023,215009.47009904624,136735.94159425845
29195,2022,6,1,29033,144677.07336727463,144108.49237928478
06001,2021,12,3,"06085,06075,06013",1089112.6758456344,1245321.5378941984
28157,2023,11,1,28005,114552.46705053188,153542.78466925264
31145,2024,8,1,31065,164513.26862883914,152683.66456817533
49033,2021,8,2,"16007,16041",421693.99446499656,359346.4905849076
32021,2021,6,1,32001,150623.55622207685,319727.19970560994
38079,2023,4,1,38095,,150705.87344603488
16071,2021,7,1,16041,257133.12838475872,383608.1895883989
08013,2023,5,1,08047,740814.0652445577,535161.9030468715
31077,2023,9,1,31183,197175.66394123904,237280.44500300172
48355,2021,10,1,48273,217208.24051799215,142816.46644275822
27129,2021,7,3,"27127,27067,27023",147701.86645217714,174451.14926403874
35035,2024,8,1,48109,223090.8999564393,135794.2667116035
22011,2021,10,1,22003,206029.80961652767,121320.6674231165
55009,2023,9,2,"55015,55087",298838.81067903497,305667.75199806574
38103,2023,7,2,"38027,38083",187634.5794297252,147595.4326841614
13241,2023,3,1,13281,359845.3622478335,364856.1914922236
21041,2020,5,1,21223,109063.39881567734,147890.17443935075
30031,2023,5,1,56039,660778.8432719903,2000289.2443967965
26065,2022,9,1,26037,186696.5942418537,276654.21124563407
48339,2021,10,1,48185,305414.5163363764,310390.62879772927
22117,2024,7,1,28147,128554.577932616,162563.42645068938
13261,2021,5,1,13197,105798.65444535208,162940.8735439684
30097,2021,7,1,30059,317815.4961135204,234622.6380555172
13141,2022,6,3,"13301,13133,13125",203490.2055572547,300139.78074783203
20201,2020,8,1,31067,111910.03423823864,130379.81778201486
47111,2025,6,1,47159,255940.43858246665,299700.7656398353
06091,2020,7,2,"06057,32031",239205.67905793968,443682.29556605045
51650,2020,10,1,51735,191704.43875076473,346908.0567322717
19113,2021,12,1,19095,193683.864377543,175360.8321665103
45003,2021,5,1,45011,195631.03224613468,156743.66559287926
22103,2022,6,2,"22117,22095",297188.73287905945,187244.65758661332
47019,2025,4,1,37011,238367.5815373677,393987.59944170545
55017,2022,9,1,55119,265014.1114665786,207849.9458263883
44007,2021,7,1,44001,339644.81593502243,490195.80102368584
13137,2020,10,1,13281,196665.83989103953,260358.33227494903
21145,2024,3,2,"21157,21139",173546.934853745,159749.0199886406
26137,2023,6,5,"26079,26031,26119,26135,26029",222655.72029278683,221653.9392297403
01097,2025,5,2,"28041,28039",196064.76808873913,168666.0309474484
46091,2023,6,1,38081,220681.3016762218,179733.20003500534
29051,2025,5,1,29151,262136.23395531843,258518.6076426063
51163,2024,3,2,"51530,51678",306153.29794968414,236571.69846009836
06065,2022,3,2,"04012,06025",575261.4629922565,271071.3449451839
37175,2020,10,1,37087,292168.61390500405,238609.3335607676
20013,2023,7,1,31147,124002.34765817152,116075.14513535284
17125,2020,5,3,"17017,17129,17169",78205.01994592119,114528.82685830258
48123,2023,4,1,48175,228075.1504278104,251237.6373979463
29027,2022,3,2,"29151,29051",231710.55583079692,214250.3950940086
28099,2025,6,1,28069,143292.83864126404,125660.57288565655
17113,2023,5,1,17147,215792.29466950556,190900.8282499987
19091,2024,6,1,19151,145948.8558820919,107194.66230525698
18153,2021,8,1,18055,123629.22756935265,143193.9424894216
47189,2025,4,1,47159,500329.66216183314,302454.3196995138
22033,2020,2,1,22037,197067.2806080668,209199.3700109256
37013,2025,6,1,37187,228623.3949090268,108387.51689008858
19133,2021,7,2,"19193,19093",129381.31197541486,138363.31310456878
48323,2025,6,1,48507,228404.23973062905,81069.12836644133
13139,2021,12,3,"13011,13013,13157",326424.48129335156,297884.7402768555
31071,2025,5,2,"31183,31175",224603.90882408197,221006.41214348553
12061,2025,5,1,12093,374798.7837037882,287411.9702699065
26119,2021,6,4,"26031,26135,26137,26039",157494.1292434243,158737.99933953115
35049,2022,9,1,35028,536641.009909375,501820.4243384567
26041,2023,4,1,55029,155082.26963872698,368025.5456270768
50023,2021,7,1,50015,321105.1493634347,439427.31660151907
27165,2023,8,2,"27013,27063",143294.5390838754,229282.6810360757
54059,2020,2,1,21159,62765.2371177969,73040.12339546054
20029,2024,8,2,"20089,20123",105147.51278856256,118999.8460192009
49047,2020,6,1,49007,221321.88935620096,157318.54920463328
16031,2024,5,2,"16071,16083",322574.418982324,340809.7184065797
01071,2022,2,1,47051,169775.99261594875,272737.6481080884
12111,2025,5,1,12093,379305.90987616614,287411.9702699065
34013,2024,5,1,34031,609551.5689384156,540780.4443659274
01025,2023,4,3,"01099,01023,01131",156403.4493628264,143131.7992666049
29015,2023,9,1,29083,180775.8701213159,194917.88472994944
42073,2021,7,1,39099,129742.94699850644,119654.77333785384
49053,2020,7,2,"32017,49021",355955.5969736416,217796.53106129682
16039,2020,4,2,"16025,16083",210968.8438212228,261814.5229939847
42091,2022,9,2,"42077,42017",430555.8925794524,375322.2441559827
51001,2021,6,1,51131,205728.5707588204,228336.84384495983
53065,2020,6,1,53019,244994.1874285048,235966.27659709277
38045,2023,7,1,38003,178253.83949156143,176520.9183733064
27005,2021,9,2,"27029,27159",277972.8355122918,178773.5827951969
29063,2023,6,1,29003,224629.41931959896,246650.95807272856
29115,2020,5,3,"29211,29041,29117",80546.92956919853,153875.96989337204
01033,2023,12,1,28141,184837.15906146623,178397.12486163471
13069,2025,6,2,"13003,13271",185066.9042034377,114880.80574087438
48485,2021,1,1,40033,122441.2898121791,89120.77898575012
04001,2021,8,1,04011,266050.3410555458,219652.36467003523
12023,2024,4,1,12041,266482.2635456976,290603.9408721484
48265,2022,5,1,48267,392156.7604743288,355324.15125455667
21011,2022,10,1,21069,148746.18016220737,141979.42405722963
50027,2020,8,1,50017,278229.69462397124,250155.6542228776
06031,2023,4,2,"06079,06053",327412.66511923284,813281.1113602472
41059,2025,5,7,"53013,53071,41061,41023,41063,53005,41049",303949.41736511776,348794.77181122865
08009,2021,6,1,08011,,142378.53338207796
48377,2023,8,1,48243,223081.3680336452,247818.74558112535
16023,2022,7,1,16037,,358430.66339246073
19165,2022,4,1,19027,174837.24974197522,169466.59440683105
13265,2020,8,1,13301,107563.83187611176,91292.77180925308
48291,2024,12,1,48407,238481.53455623836,239547.492761438
41055,2024,8,1,41065,259014.49483825723,386930.564079639
13267,2023,8,2,"13107,13279",170090.85558879114,134048.02356814686
21035,2024,3,1,21157,198334.00608258543,181900.21529474363
16053,2020,5,2,"16083,16067",245902.549740647,213638.91253291705
49043,2024,9,1,49009,1273268.0582155108,314338.7476904722
20147,2022,4,1,31061,104581.72232974508,112495.4826785886
51199,2022,7,1,51735,403854.6840695115,413210.3583303173
48043,2022,8,1,48377,267000.95227014803,245385.53624894167
13103,2021,1,1,13031,223717.81647531365,176483.38818120523
51059,2020,1,2,"51610,51600",582500.4156720961,692928.4455185572
34003,2024,5,2,"36005,34031",696126.5094493601,499674.2757249558
13211,2024,8,1,13219,445656.9871277643,540185.6957965383
48335,2024,4,1,48431,98554.78455210084,217633.0354774196
26053,2023,4,2,"55051,55125",106718.5749607297,276937.1730628273
48255,2022,5,2,"48177,48013",268389.0015436039,285520.3921574368
01125,2025,6,1,01065,230277.98254372855,168472.87071975545
47023,2022,5,1,47109,166663.66638551108,153516.25615518494
13085,2021,4,1,13227,333319.7215418208,286195.74814778444
06047,2023,3,2,"06069,06085",398618.9248024344,1113817.2274144432
29223,2021,3,1,29179,120754.53979913105,137499.4426475894
55061,2020,2,1,26019,187610.3205898014,231130.8713595051
48029,2021,10,1,48013,243601.75524362308,243075.5782771639
35017,2024,7,2,"35003,04011",220682.8920878219,214607.7641701121
13093,2023,4,5,"13235,13193,13315,13153,13261",122827.501962733,144905.6302193561
06071,2021,5,1,04012,440726.9300683704,201145.19263447385
27151,2021,9,4,"27073,27067,27023,27149",141469.67544933487,182259.05895651848
36083,2023,1,1,50003,268229.0077594307,363907.72511165496
01067,2024,9,1,13061,184589.48142417628,170132.41576432344
35053,2020,7,2,"35006,35003",161360.9119294672,145992.03146341015
56025,2022,9,1,56007,268023.88517362793,187001.1257549147
06029,2021,12,1,06079,306023.99785109825,768223.6651525671
37019,2025,5,1,37141,403743.6079758689,439656.4734618741
28071,2023,8,2,"28161,28107",331251.25637624273,172678.41947380474
26027,2023,6,2,"26149,18141",242105.15724358996,192931.33595589153
28073,2021,8,1,28091,212726.12939196848,132025.96476649013
28145,2020,2,1,28009,148540.3779003447,132330.71700259045
17115,2021,12,1,17039,95130.35613027796,110586.79814679222
27061,2020,8,1,27071,168595.83701781524,112502.37293091264
13317,2020,8,1,13301,98473.53297788632,91292.77180925308
39155,2024,4,1,39007,142775.64133559968,155675.75852024005
19115,2021,12,1,19183,132478.9698057913,183274.59943023635
28005,2022,4,2,"22037,28037",163614.22815303432,200867.99583637487
32007,2024,9,1,32015,355564.2124364502,251039.4446735471
40009,2022,8,1,40075,126908.06504999008,79079.63088026938
12115,2022,5,1,12027,460391.0767758368,256373.52681959583
20157,2020,6,1,31095,87550.91810946848,90162.3246868312
21053,2021,2,1,47137,115649.6354811604,172611.62794687806
48269,2022,6,3,"48155,48433,48275",,131745.93394654905
13031,2023,7,1,13107,246415.44626225313,118652.69660317658
05147,2024,9,1,05067,92504.23966455634,99667.3912699102
51185,2023,7,1,51021,130643.854660848,163681.1017034823
53047,2022,6,2,"53057,53073",314078.1408412618,587371.4596804925
36051,2025,5,1,36037,230895.5135295427,208234.02836327185
48215,2024,9,2,"48489,48047",193366.8148853564,140297.02527234738
21101,2024,8,4,"18129,18173,21225,21233",194964.7938139307,186467.78827404013
31169,2024,4,1,31095,139640.82001494555,129137.54756856784
25023,2024,5,1,25025,604234.2354018823,747455.3177986579
06107,2025,3,1,06031,357310.3107009901,356378.909285939
35039,2024,9,2,"08021,35055",317182.7887029427,333599.5937701127
30067,2023,9,1,56029,565454.7669271026,413257.5598272237
48173,2024,4,1,48431,307907.4608769385,217633.0354774196
28001,2022,5,2,"28063,28037",161684.38106769192,173999.8027231536
13283,2022,5,1,13309,142681.5224530231,125503.558210233
28139,2020,4,2,"28009,47069",118707.4329737862,118412.13056279512
39167,2024,8,2,"54073,39111",169724.71584552107,148493.9734601906
24041,2025,5,1,24035,494948.4840942202,515613.3387400822
21129,2022,6,1,21189,94041.25470009175,132229.86285411936
13213,2021,12,1,13111,206637.89984939728,470336.7748153351
19039,2024,10,1,19185,185558.528876729,127993.31590044792
27139,2024,8,1,27079,426096.1275770652,332227.0104103831
22073,2022,8,2,"22083,22067",174280.8309996261,145885.93835817385
17131,2025,4,1,19115,149857.10296923053,161030.25402085495
28067,2024,2,1,28111,159753.06502421576,147926.22681695884
29163,2020,5,1,17013,132481.11572224172,158502.4137058791
55065,2025,4,1,17085,211785.34102730945,234372.0877231676
36103,2024,12,1,44009,672493.0929063138,630966.121123529
05137,2020,11,1,05065,153391.271794801,128856.99665616344
34023,2025,5,1,34021,562669.8072320479,440038.2029883475
13273,2024,5,1,13307,108049.49862916127,175725.4901524914
21161,2021,2,2,"21201,21023",114338.82033515342,137410.96095422097
27033,2024,7,1,27127,161557.10256893767,161686.13841174
01001,2025,5,1,01085,252406.729503916,143477.69421440092
05035,2022,5,3,"05077,05123,05037",155788.4140712444,117098.91005872023
13241,2023,7,1,13281,372961.21753992065,375970.4218899016
18139,2024,6,1,18059,189963.20078797897,313642.0203010295
31027,2022,10,4,"46027,46135,31051,31179",203972.0238303616,215853.1293465932
46101,2021,4,4,"27081,27133,46079,46011",199348.0145419465,194237.7021814882
54095,2025,4,1,54073,118904.74202562124,164206.8643625162
17115,2023,5,2,"17147,17173",99888.91123172115,166144.31985000923
22015,2021,11,1,22081,209096.85765810384,151664.99787974785
46085,2021,8,1,46023,,198110.7478932469
48245,2022,6,2,"48291,48071",168572.06684254782,291534.0033405421
48273,2025,6,1,48047,144234.8746641774,87224.61387650837
05147,2021,8,2,"05123,05037",86911.36348080187,105870.35749913641
39019,2025,6,1,39151,186466.10846442624,204095.3660006822
54077,2024,4,1,54093,127556.56205059327,206960.07580232096
26077,2023,7,2,"26149,26023",244607.3179316501,190086.0350754134
51003,2022,7,1,51540,491571.3297164131,459157.26120888937
21067,2025,6,3,"21017,21049,21239",320630.3750571367,287393.15375045437
28011,2025,6,2,"05017,05041",135094.90597941526,96901.96466877213
01019,2023,6,1,13055,213095.6509527464,169279.04159136643
19081,2022,8,1,19197,160869.61225901145,125290.59847981251
04001,2023,4,5,"35006,35045,35003,35031,49037",307379.01724379096,225855.39195184465
22045,2025,4,1,22007,141222.95369919474,167199.42530784474
51175,2022,8,1,51620,243752.29816927423,195668.3068988037
17059,2023,7,1,17069,82075.59813723236,109698.34910782348
01119,2022,5,1,01107,122012.05067672343,142136.62005325136
37187,2023,4,1,37177,108671.4418098477,168156.2329931218
29179,2025,5,1,29223,170308.29733629865,128803.979335089
04003,2021,10,1,04011,229346.5327177864,217062.23312109572
16063,2020,7,2,"16025,16067",217237.65721066183,248241.2738199223
01003,2023,4,1,01099,364299.9293559372,141613.008226738
26103,2020,7,1,26083,152660.6429733005,131753.96095394544
17149,2025,4,1,17009,103762.02609806698,140396.7644092122
29065,2021,1,1,29179,122914.49462121468,134177.5469577041
28145,2023,9,1,28117,177731.47304953812,141884.04013592406
30019,2023,7,1,30091,178611.5855751929,177613.93107078515
28123,2025,6,2,"28129,28061",115010.3163869615,152534.65694540337
48325,2024,11,2,"48507,48163",325636.65336765186,129792.24465133136
01113,2024,2,1,13053,176149.2453515626,130855.8953267588
40137,2022,12,1,40019,126693.57662805506,167762.2332184155
30031,2020,8,2,"30043,56029",474970.0088015914,293856.92282167973
04019,2022,11,2,"04023,04027",349832.53254658775,267771.86420313397
29183,2020,4,2,"17013,17083",258461.9686059115,154082.73858309578
18141,2024,5,1,18149,207092.95779886644,197045.35476683007
06019,2021,6,1,06069,334265.2889500789,750310.05252274
48143,2023,9,1,48133,326264.86728497286,160947.1738738686
48147,2025,5,1,48231,284950.4927178049,283939.7261693547
17055,2021,3,1,17165,115696.35072727573,85108.83554769725
48221,2021,12,2,"48425,48143",351233.7684872062,314426.8434391923
47147,2024,6,2,"21219,21213",375775.74497743,230001.92346764743
37111,2024,4,1,37011,263293.79874226876,392376.471446039
51027,2025,4,1,21195,86709.76966070278,115979.82612244664
39159,2024,6,1,39021,391100.7770776219,225687.5212611448
41017,2022,8,1,41037,708925.847296788,181307.81078019203
47181,2023,3,1,47039,156033.82658186016,163765.61732981305
27139,2021,5,1,27019,381467.77921770554,417701.9342957425
13249,2024,3,2,"13261,13193",187088.00671368744,120341.36625617064
48003,2020,4,1,48165,216026.67189577263,191703.91624897148
12021,2022,6,1,12051,611211.6586359894,250273.93435109887
19023,2024,6,1,19069,171113.29585133534,141861.9179876591
48015,2020,4,1,48481,321004.1602737159,209948.07805912392
06043,2024,7,1,06109,415134.7820363165,400716.62280626345
18181,2025,5,1,18131,210953.735639832,178380.65406833545
40127,2023,3,1,40005,143816.072167077,180190.67743704945
18083,2025,4,1,17185,150503.48260007225,116458.97006165305
29123,2025,5,3,"29157,29223,29017",163889.56486382385,177088.10865643632
48485,2021,5,1,40033,128932.9341568253,87173.7786968732
13105,2021,10,3,"13147,13317,13221",131850.34272348168,204183.0927224191
48027,2022,8,1,48145,269742.93302358495,178020.35030102337
06083,2023,2,1,06079,886657.1418461399,826462.1818000813
48201,2022,10,1,48071,292902.750654087,340017.12481436244
38063,2024,5,1,38099,151894.47020568766,151226.74661710614
26153,2023,7,2,"26097,26029",177704.4001772073,274171.12237193406
22017,2020,11,1,48315,132785.14514960852,132932.30938259148
28103,2025,6,1,28069,112583.90385805792,125660.57288565655
49045,2025,6,2,"32033,32007",474907.68562012166,276721.9506884444
55117,2022,7,2,"26105,26127",245037.83259621033,240578.98888203313
22029,2023,11,1,22107,132246.1458694743,259665.5461866722
22009,2022,3,2,"22125,22025",154006.68643223567,215842.16212053687
18105,2021,6,1,18093,252585.04834918663,162302.79955075638
21135,2023,1,1,21069,125557.27284791926,143023.8127844541
51700,2022,6,1,51740,247139.5802992822,228518.16214611885
34025,2024,8,2,"36081,36085",720647.23871591,677565.241785832
13017,2023,7,2,"13315,13271",124142.00034953209,125022.30081243976
38071,2024,5,2,"38095,38099",199238.50759730572,149195.7230820536
51059,2020,5,2,"51610,51600",595925.376140634,708185.5389330245
34003,2024,9,2,"36005,34031",712174.5880784695,508730.50155896996
19083,2022,8,1,19197,131252.3585704928,125290.59847981251
46109,2023,7,2,"38081,27011",232172.49605649983,174598.7160529071
45019,2022,5,1,45043,516397.76710184413,346916.46075253864
42073,2023,4,1,39099,141987.06889805567,136763.9878657221
48117,2020,5,1,48369,127187.47262786551,123912.54526545104
13103,2024,6,1,45049,334263.9791596258,168756.13948530247
16031,2021,8,1,16053,267829.0927138692,330487.4100106565
55061,2020,6,1,26019,190579.41509249015,241962.2042518563
21057,2025,5,1,21053,160284.96980630074,170940.3231945399
55053,2023,7,2,"55141,55035",196198.43974338204,236349.12877715938
27113,2021,8,1,27029,196882.16206037623,176720.01429160117
26155,2022,8,1,26037,178958.1505460095,277642.68331377447
19053,2024,7,1,29129,146403.1497281597,134761.3323787049
08015,2020,7,2,"08109,08065",455843.0965919325,238621.83792204072
21217,2021,2,1,21001,139412.3992945305,128526.92507131113
22111,2023,3,1,05003,142898.61647977147,98145.7449662208
28077,2021,6,1,28147,132160.74431558567,147594.74767506777
48473,2023,10,2,"48477,48339",368586.9243461771,355159.4773207957
51165,2023,6,1,51660,332078.5891412636,295046.3386656398
37115,2020,7,1,37199,261328.1277448492,205048.5657184768
37015,2023,6,1,37091,74308.4585527092,124585.27522536227
29123,2022,4,1,29093,148526.29572597996,138590.60847885124
06105,2024,11,1,06093,265151.95052798773,289466.88957468397
21011,2024,7,1,21181,163058.17932601462,188764.93224217612
54039,2024,3,1,54067,141954.15512793395,137868.40163702605
12023,2021,7,1,12041,207906.59918472136,223883.5086077948
28145,2020,6,1,28009,153171.7741695177,137742.83319713396
22119,2021,8,1,22027,141402.8396152984,164540.991566465
42123,2024,10,2,"42039,42049",132212.51904916533,170390.35988303984
12067,2024,1,1,12041,237126.31649591497,284746.3328510535
29049,2022,7,1,29177,245999.5542266883,226238.3405554695
51013,2020,4,1,51610,715293.0401971872,839256.7499404527
18057,2021,8,1,18159,365601.0874623217,177373.87076155096
37025,2021,3,1,37179,283873.11726439145,327564.4825648796
48049,2024,3,2,"48333,48093",181110.41229713435,276254.7411794836
48013,2021,4,1,48163,227386.8555300033,197989.11009507524
31103,2021,6,1,31015,235232.56729435347,195168.7158673013
46017,2022,7,2,"46073,46015",,235432.25316316297
55027,2023,4,1,55047,258979.3476988698,244510.07059890716
26011,2023,8,4,"26017,26129,26069,26063",139182.25857545194,160043.34271608858
47133,2022,4,2,"47087,47027",224614.1211960336,191594.79544042022
20121,2024,8,1,20107,347966.57213250734,154653.59172763964
40025,2023,8,1,35059,77263.56724187308,120455.54715906024
20011,2025,5,1,20133,127936.76567340102,103946.12498064309
05013,2024,4,1,05011,128409.6480914824,124639.72937616722
28067,2024,6,1,28111,164048.42286949142,154543.37974465845
13287,2020,3,1,13017,103409.42052301588,78808.00046883363
16047,2020,4,2,"16025,16083",202302.1902219192,261814.5229939847
19035,2024,7,1,19093,149525.89090418967,134063.58388484223
55079,2023,8,2,"55131,55089",250335.0596464913,404370.3446119637
54019,2023,2,1,54089,114790.88385118629,133518.7935608518
48187,2025,5,1,48493,303980.777165526,395797.6430578183
16003,2024,11,1,16087,497649.3498520418,371544.4626438865
31179,2023,10,1,31173,209291.0465083608,137563.2394084859
51081,2023,6,2,"51595,51183",145621.67482590853,160009.0901096362
32023,2020,7,5,"32033,32001,32017,32011,32021",245850.75120176948,184034.24849600715
21179,2020,4,1,21005,167305.06174172912,146514.79191761315
29095,2021,8,1,29107,199212.5805473229,178744.0745095349
32007,2023,5,2,"49045,49003",336823.71000302775,441266.43204870867
29053,2023,3,1,29135,222672.00068057195,196514.3628938951
21161,2021,6,1,21201,119763.69471544235,137976.29654645483
45029,2024,6,2,"45049,45005",252955.2171977611,125126.6470491955
35023,2024,6,1,04011,132127.51231665318,214219.7903913909
40059,2020,6,1,20033,57607.877508994134,70525.4477191561
06105,2021,10,1,06045,319004.8801296891,600796.3376222377
16035,2021,7,2,"16061,16049",248214.75702103335,258365.49277262407
45015,2022,4,2,"45089,45043",339497.28774044925,235828.12299638052
13083,2022,11,1,13295,226335.95276706468,214821.47802692573
48309,2022,4,1,48217,250236.90984937423,220963.11664481813
17199,2021,5,2,"17181,17165",127927.10149114313,108522.45024839303
48245,2022,10,1,48071,169291.12232611224,340017.12481436244
21139,2023,7,1,17069,139840.20697803597,109698.34910782348
55099,2024,5,1,55003,173838.42281722845,195642.52824133672
54107,2025,5,1,54073,167635.89634676577,163001.62803837485
54077,2024,8,1,54093,133329.95564371714,212131.70254262877
37009,2020,1,1,47091,241028.26669455157,161642.06701345186
51059,2023,12,1,51600,734080.8618437914,718261.8891609596
17067,2025,4,1,29111,103622.92494065128,179042.70631091413
53075,2022,6,4,"53021,53023,16009,53001",313035.2523180552,308651.5780542263
26143,2022,8,3,"26135,26079,26039",164498.43778858395,164522.19676090238
35039,2021,12,1,35028,304885.255828869,467363.0656633203
29143,2021,4,2,"47095,29069",80002.85697233965,96269.33234984527
05095,2024,2,2,"05123,05107",91356.22572434314,69468.18195567715
04001,2023,8,6,"35006,35045,35003,35031,08083,49037",313105.80550148175,257819.78621312094
36071,2024,5,1,34031,427247.4265999604,540780.4443659274
12131,2022,3,1,01039,692885.5374833079,150557.2658357259
16063,2025,5,1,16047,311707.51711972576,349506.808812962
05135,2025,6,3,"05049,05065,05121",145503.7974725341,165435.67992660683
21231,2024,8,1,47137,163468.98077975895,222910.3151673624
21017,2021,6,2,"21173,21097",204581.62863777045,165564.0788197124
53009,2021,11,1,53031,432279.9957104291,555614.2932098969
28031,2022,5,1,28065,164909.31132505366,110572.91511066323
18157,2023,7,1,18181,260374.75005698105,191170.01439188953
44003,2020,7,1,44001,272091.61990614975,404909.7097594047
47157,2023,8,1,05035,223654.74690643977,162133.82491259847
30043,2024,8,1,30023,498925.5607732104,277373.502030581
29071,2021,5,1,29073,207897.80921603055,170993.81285081894
22105,2022,8,2,"22117,22091",243910.3705071454,176461.77405108936
20131,2023,5,1,31147,196547.33105900144,115677.02606930152
22063,2023,5,1,22091,238942.63745825647,184697.11653581067
48297,2022,4,1,48013,239893.51894105368,261332.0820612179
13241,2020,10,3,"13281,37113,37043",247215.74833770416,232854.5500708725
27053,2021,6,1,27019,351872.8488701749,424521.788311918
28031,2025,6,2,"28065,28129",165077.87580834853,129647.33436297471
19069,2023,7,2,"19067,19079",138881.34496093754,142724.2875608959
30081,2020,5,3,"30039,30023,16059",343861.14889026503,198619.55100873378
39147,2020,11,1,39143,124874.96015443024,126223.12956108614
20143,2024,6,1,20123,157271.6555594853,129369.10639236469
01009,2021,10,1,01043,205979.2116136757,217056.8894587905
06019,2021,10,1,06069,350140.1631369122,783803.1411468546
08049,2020,6,2,"08019,08047",504643.99680674734,401750.87685472757
20007,2024,8,2,"20097,40003",88899.4143843738,141764.20947626495
37111,2024,8,1,37011,266285.0816233654,396383.13083166425
51059,2025,5,1,51610,780565.3258135711,1112427.0031789527
56043,2021,5,2,"56029,56017",183636.72274864532,244383.24227479807
47181,2023,7,1,47135,164048.82735994764,169704.09980109264
06019,2024,11,2,"06031,06069",405137.9310457722,567826.8868794832
55019,2023,7,2,"55141,55035",181011.596983902,236349.12877715938
44005,2020,7,1,44001,452964.4642228852,404909.7097594047
51195,2025,4,2,"21095,21195",130290.38364902016,99208.88044654994
23005,2022,11,1,23023,491907.86168814736,371714.84482636256
06067,2023,3,1,06013,520041.85783761647,803642.7740643774
13043,2023,8,2,"13107,13279",178943.59170460075,134048.02356814686
18097,2024,6,1,18059,224977.11285796048,313642.0203010295
35045,2021,8,1,08007,204830.78081213092,469785.1426972241
13119,2023,8,2,"13195,13011",262201.9749753233,301793.2842989706
17057,2020,8,1,17169,85596.27973838117,112092.08434010563
05139,2023,3,2,"05003,05011",128083.6784897388,106894.07738982313
48429,2023,9,1,48133,170142.3964947289,160947.1738738686
22105,2024,1,1,28005,221282.78373542684,149394.77714053498
26103,2022,4,1,26083,196459.05502887676,156206.87541772288
16005,2020,8,2,"16029,16041",226394.47450343487,253940.0262125015
49057,2020,7,3,"49033,49029,49005",303247.86037088063,365942.7926277187
39009,2023,1,1,39115,161777.08188878882,141314.23404865435
46115,2021,10,1,46005,127099.9556222398,170848.078382498
26019,2021,6,1,26089,295858.87291307934,480824.64129633433
06053,2020,1,3,"06031,06069,06079",602089.9266396506,494362.3788416844
17083,2022,3,1,17013,161151.263083215,177847.00055363108
47139,2023,1,1,13213,216534.87601448048,219205.76528319213
19039,2025,4,2,"19185,19117",190086.75494024545,153017.84596719348
01001,2024,1,1,01085,241959.62890151353,142160.33198875503
22097,2021,3,1,22077,154380.61258802252,179932.8127316871
45027,2020,1,1,45089,157941.25472149032,98766.4949115609
19069,2020,6,2,"19067,19079",111701.52102177018,111074.61830226833
38071,2024,9,2,"38095,38099",203905.1237268286,154324.57118092623
27131,2023,8,1,27161,315651.18855335336,227726.5080583576
49049,2021,7,1,49039,474303.9866285235,289861.665034928
36027,2022,4,1,36079,392177.230255183,446815.53213965305
48329,2021,5,1,48461,285324.3744971336,138954.6458710021
20103,2023,4,1,20209,301808.1803555193,179865.7925639029
17119,2021,5,2,"17083,17027",149044.7474137471,165685.6135108876
04015,2021,8,1,04012,319895.4977663272,217004.04022262504
23003,2020,6,1,23029,101954.99393350894,121527.60749257162
13147,2023,8,1,13195,294711.9911352527,283150.8425174941
37047,2022,5,2,"45033,37141",174399.1950227388,262973.44722394925
47027,2024,9,1,47137,196266.96247887783,224606.27316521545
06029,2025,5,1,06031,363973.8075587431,355959.671705972
32027,2021,6,2,"32013,32001",182266.51343845003,294891.07861467195
48163,2023,4,1,48127,193520.0305350283,144789.2581608586
22033,2022,8,4,"22037,22121,22091,22047",228280.3635017924,204004.5364705812
26085,2025,5,4,"26133,26165,26101,26105",146477.75250479227,220729.25248453047
19187,2023,5,1,19079,130893.85506645017,141472.3481622089
13105,2023,7,2,"13195,13317",156092.58939869897,217335.0024189473
40009,2021,7,1,48483,116540.23183307333,123411.62559769487
18017,2023,6,3,"18131,18181,18103",145045.59550000262,159245.17177361707
26085,2020,11,2,"26165,26101",127489.21577994087,162448.34678118216
31011,2022,10,1,31125,251413.9530270533,158496.58588665168
21053,2020,1,1,21207,100552.08894880768,90462.78148809468
13297,2021,12,3,"13219,13013,13247",326170.7502310939,335241.0589398209
42037,2025,6,1,42093,229858.50098331727,266144.43370918016
48107,2024,4,1,48153,79568.81172397152,94304.06722564535
48389,2024,5,2,"48109,48475",189385.7290847494,166143.45239798236
22119,2021,12,1,22027,139527.5933256907,159580.19959953675
12067,2024,5,1,12041,244044.21561646345,292297.7639320083
40099,2022,10,2,"40019,40069",163945.19707689327,149280.23758597422
06065,2023,1,2,"04012,06025",585259.4126555437,279039.48255285213
13033,2022,10,2,"13107,13163",171150.94687234322,124935.41708222355
13311,2020,1,1,13281,180192.39060360883,243052.134797144
18057,2021,12,1,18159,380810.7185038671,182563.36226994972
12019,2025,1,1,12007,340447.68978987425,245817.78607111957
05003,2024,6,1,05011,93953.86148134209,128285.0503201551
39083,2022,7,1,39005,236577.44110889416,193944.4059864992
20007,2021,5,1,40003,72507.61263382756,113654.68661274148
17109,2020,3,1,17169,81626.36621330408,109334.5435596428
48181,2024,6,2,"40095,40013",304808.89772992954,214496.59575873282
21185,2025,6,2,"21223,21103",436812.9305863581,243849.559429556
17143,2022,11,1,17175,123539.85979272962,123421.13591019534
04015,2023,1,2,"04012,49025",348530.47240420856,327682.3366589607
48005,2024,1,2,"48455,48225",195234.6590267464,200617.45289886824
42047,2024,4,1,42023,124129.80415584028,81714.13253863617
16019,2021,7,2,"16065,16081",363593.10504062165,516984.12733454397
30035,2023,6,1,30101,165651.46105854007,159516.67358886756
29223,2023,4,1,29123,126263.0744122576,149783.45369403157
06051,2024,9,1,06109,731165.0828698861,400227.2582742072
17049,2023,2,3,"17173,17035,17051",195307.03649570644,142165.1284784025
29071,2024,10,1,29073,251828.41236706183,224060.12683862436
28117,2025,5,2,"28003,28139",140901.87904225345,156156.09445110027
51117,2021,7,1,37181,155766.42057985338,159128.17341075727
26107,2020,6,1,26133,156097.80345471515,121415.08251057735
21225,2023,3,1,17069,121018.5201755535,106827.99040672806
53069,2024,12,4,"53049,41007,53041,41009",376010.8971981071,428970.0002466166
13297,2023,5,3,"13247,13013,13211",360911.0723112886,351492.12550344574
37119,2021,3,1,37179,310944.8810736174,327564.4825648796
45015,2022,8,1,45089,354258.2569426833,134843.66857716822
48479,2023,8,2,"48505,48323",215956.49464836848,176938.34745870891
13095,2022,7,1,13037,117442.21159893512,109318.0742050456
18089,2022,6,1,17091,221936.82778729833,181477.4567756699
08113,2021,8,2,"08091,08033",1170214.204882609,454846.2492635021
01041,2021,12,1,01039,127159.88474369516,149756.8840138791
01035,2022,2,1,01039,127345.94604608968,151261.14357023864
35013,2020,5,1,48141,187433.96460460837,148236.93930807352
06087,2020,3,1,06069,831944.6651346142,625255.3884582017
19057,2022,5,3,"19115,17071,19087",134180.56876427072,144993.6230871349
44007,2020,10,1,44001,291889.0319921789,418175.3932763602
10001,2023,9,1,34011,339839.6508457468,245439.06730509448
39143,2024,5,2,"39173,39123",167623.81145143943,244030.55747447506
12015,2024,5,3,"12115,12055,12027",366379.228129348,324237.9076565931
08073,2025,4,2,"08061,08025",255972.03395345857,183666.96623788378
12071,2022,1,1,12043,345952.5550070285,204036.60406895485
18049,2020,6,1,18131,126552.3053914437,108452.2447432063
16037,2020,5,1,16059,217205.0116683635,208910.93258398445
40143,2021,9,1,40147,195702.11291453135,141609.7582931349
13173,2020,6,1,13003,131723.0869907405,105566.86620151276
26107,2025,5,4,"26133,26035,26117,26073",211789.93207395033,186602.51441069273
55027,2020,7,1,55055,198845.84817241773,238295.3321556314
13279,2020,6,1,13283,110924.82912330114,110307.7062308453
13267,2024,6,1,13279,180022.0587755438,161070.1456609218
48193,2022,5,2,"48333,48093",267380.25345067336,311645.4349119315
48221,2022,4,1,48425,376224.6974790876,376504.9126929723
17049,2020,1,1,17079,155216.58275928374,108127.18335877312
29071,2021,9,1,29073,213062.79703371308,179712.79241003786
06103,2021,1,2,"06045,06021",278018.017997544,426889.54461977584
20131,2023,9,1,31147,199752.52235870343,113633.42494465208
13269,2021,1,3,"13249,13197,13263",123203.42193772404,149054.29962767006
35049,2021,12,1,35028,492225.8676374491,467363.0656633203
06093,2021,9,2,"41035,41033",279417.2471398183,316595.9971779918
12001,2024,5,1,12041,314794.98474220815,292297.7639320083
17167,2020,4,2,"17017,17129",139220.02378425215,115125.51069491927
39081,2024,8,3,"39019,54069,39067",117420.3292313388,155003.52989948177
05133,2024,12,1,05113,161415.90923073186,181970.44377486172
31051,2023,10,1,31173,170753.83837279773,137563.2394084859
28037,2021,3,1,28005,154430.56018624353,152738.23186381476
37029,2023,7,1,37177,337180.78819995513,168633.01518823873
19147,2022,5,3,"19021,19041,19059",139112.630666772,221397.07251602263
48223,2024,6,1,48379,278509.0784808159,289596.2166286916
32003,2020,5,1,32017,302685.40454459324,172477.80310983106
40005,2021,5,1,40029,153134.1033053123,96918.30267802866
19103,2025,4,2,"19115,19183",293723.02021141443,190321.5552615865
47081,2023,7,1,47135,180090.79011106596,169704.09980109264
30085,2023,5,1,30091,134619.7591092811,172806.65424125956
22109,2024,9,1,22101,195599.39780906017,117195.7162473458
51035,2024,7,2,"51640,51063",195126.32372040628,201807.02284453512
55033,2023,8,2,"55005,55035",280516.9329714025,269069.17558162747
21043,2020,4,1,21063,94224.0634579588,96072.66456312896
24015,2025,6,1,24029,377145.9329190374,374943.2577257298
22021,2023,12,1,22049,121171.04781740712,120001.80016636224
06099,2021,10,1,06085,423025.34960592695,1423966.4175490225
48055,2022,3,2,"48177,48149",318411.46201887407,370973.6397635341
29045,2021,8,1,29103,164770.18989502842,140041.92013509836
54023,2024,8,1,54093,184758.7108406067,212131.70254262877
45007,2021,10,1,13147,219430.77098691603,260150.234499081
22051,2021,7,1,22057,287246.7076073266,222674.29861544824
31173,2022,5,3,"19193,31051,31043",138326.2682486562,178791.3412024393
32017,2025,6,1,32033,224775.33700989743,185858.9602076884
47135,2021,10,1,47039,158972.88560195325,154166.0924990475
48149,2023,9,1,48089,448749.8673331533,285053.042037844
18157,2025,4,1,18023,289611.234061319,212410.4305185832
27061,2024,7,1,27071,228666.64987586837,143910.47547544542
05139,2023,7,2,"05003,05011",133062.48736819552,110560.53875555962
01129,2023,4,2,"28041,01023",153558.04869148883,137995.9914952232
48173,2020,8,1,48461,,140580.45450241872
29195,2023,8,1,29089,169059.42958081988,201999.3726821963
20029,2022,3,1,20123,92091.22468932223,117049.61006483738
20191,2022,3,1,40053,123530.79492925736,115593.72329686844
16043,2022,7,3,"30001,30031,30057",481747.98163665953,607373.8253591097
13035,2022,6,1,13159,256541.95616314467,282406.93617224717
48479,2020,5,1,48247,174318.59547656216,114979.61227036228
47139,2023,5,1,13213,221832.14819945837,222725.7126711528
48167,2022,3,1,48071,317269.8959631632,333405.06679114135
12077,2021,3,1,12037,140302.48712399823,343414.8014000279
29187,2025,6,1,29157,187710.68129576603,213045.99307282
51149,2024,7,1,51670,335491.71455480705,211314.27589040145
48159,2021,4,1,48119,251740.86765270456,150220.9887454011
06029,2022,8,1,06079,339860.992577637,850233.1463148914
45027,2020,5,1,45089,160302.68028066505,102564.82040192145
33009,2020,7,1,50017,232720.66480984652,247767.11967514895
08043,2020,7,2,"08109,08119",236962.16621958485,254857.94786772173
30051,2023,8,2,"30101,30015",196890.5011899754,205486.64598334453
56035,2023,8,1,56039,402444.85596747993,2084901.049880923
33007,2021,7,1,50009,181829.34078001775,195832.1632883188
31031,2022,9,2,"31091,31103",195433.6310350901,191279.61468378242
12107,2025,1,1,12007,214475.1356597017,245817.78607111957
40015,2022,6,1,40075,102802.61834295244,78686.784819249
32023,2022,7,1,32001,357330.37851847074,376946.6492717374
12105,2023,4,3,"12081,12049,12055",312426.2736665083,299867.2736284537
08097,2025,5,5,"08051,08015,08037,08045,08065",2453210.160285026,765155.1451740237
18133,2022,8,2,"18109,18021",233667.06663478137,211952.6982925062
17137,2020,7,1,17017,103887.96488654136,77085.09140947538
48471,2025,6,3,"48455,48407,48225",265624.6285953943,212592.06890788962
51191,2022,8,1,51520,212853.8102084424,152147.91353646005
55095,2021,5,2,"27163,27025",259106.10208405097,351822.51063116756
01111,2022,6,1,13149,206069.4067267948,238083.7289141229
08103,2021,8,1,08107,265808.09760973096,815941.2160045294
16073,2025,5,3,"16027,32013,32007",428262.64099529834,371487.56744015944
23005,2024,8,1,23023,547991.8159224187,419844.7663666191
29075,2025,6,2,"29061,29063",126282.31458961972,242835.7769227837
51195,2022,7,2,"51720,51167",118131.8694530559,122550.4111253921
29199,2021,6,2,"29197,29103",122767.24115282772,138553.62307492614
19193,2023,10,2,"31173,19093",188327.65501461507,135068.0164146868
30007,2021,7,2,"30043,30059",387944.53642633714,306992.2738228361
37117,2025,6,1,37187,125323.9438155086,108387.51689008858
47171,2020,2,2,"37199,37121",151623.9803584426,174024.9136562682
19047,2022,5,3,"19193,19027,19093",147318.7785410516,158090.20919260575
17005,2023,2,1,17051,138294.60226289954,142602.55299452224
46025,2021,10,2,"46077,46005",172643.6717829063,181706.11595653702
37191,2020,8,1,37079,142330.91071369065,128699.49112981472
29079,2020,5,3,"29211,29129,29117",82549.70511601023,109078.68599725743
22007,2024,9,1,22101,157306.61177554048,117195.7162473458
18039,2023,6,2,"26149,18141",229845.6435135468,192931.33595589153
48337,2022,4,1,48077,257438.6458764019,210797.29462312403
12091,2021,10,1,01039,320917.57552840636,145031.85074368046
38015,2024,8,2,"38065,38083",332856.76243527996,185636.7759493715
34027,2022,7,1,34019,577490.271683976,536812.571867636
48411,2022,5,1,48333,256013.55291968453,416026.9609773483
16021,2023,5,2,"53051,16017",453470.6542492311,477917.4256002894
22059,2024,11,1,22025,152239.95223445617,101017.0701019023
31089,2021,8,1,31015,154559.07385405677,198694.3657972055
30049,2020,6,2,"30043,30077",280860.65923095046,233931.45739334606
13311,2020,5,1,13281,184966.87206601005,247313.87906086328
18029,2024,5,1,18115,301146.0610979892,257110.85837278748
47077,2024,4,2,"47023,47071",181464.82402525257,178277.8656553398
12019,2025,5,1,12007,337300.6232390445,243930.1058117612
56037,2023,5,2,"49043,56041",262572.91587018926,756181.1922588847
47133,2021,3,1,47137,181477.3586535415,175809.04142611916
12071,2025,6,1,12015,359756.3313427087,322681.31479710614
47091,2020,11,1,47163,173594.12330285218,172397.96289090812
26079,2021,7,3,"26113,26137,26039",188534.3308262364,174838.04678526483
21229,2020,4,1,21005,146382.2353736978,146514.79191761315
30051,2020,7,1,30101,141781.21503722956,121641.02574284008
17109,2020,7,1,17169,80925.32300973007,110813.4269078288
40117,2024,4,2,"40103,40119",160817.65936163193,182253.95893229786
38067,2024,7,1,38099,125723.85697794198,155458.79029539533
38103,2021,8,1,38083,211948.05456824275,219533.9833031866
26055,2020,6,3,"26009,26019,26089",247201.2863781158,282500.71990173165
37095,2024,4,1,37177,212411.92711319713,167344.93169485897
47125,2024,4,1,21219,318190.8812821651,208655.7031856513
39035,2021,3,3,"39103,39055,39085",155184.8516991098,235557.32575607553
53013,2022,6,2,"53023,53021",260594.95654547072,298005.5200298051
21045,2025,6,1,21199,155896.56469952504,179552.7114575042
13175,2021,6,4,"13107,13283,13309,13023",156946.42748714468,118989.19208427516
48463,2025,6,2,"48507,48163",201077.3334055821,120515.67857874409
13195,2021,8,1,13119,244515.36069101744,214993.6674655743
27129,2022,9,1,27103,164096.77117804214,273032.03111687885
49013,2020,4,1,49007,211408.52459173417,157275.6725434202
29161,2022,5,1,29073,197049.34653958,205640.31145146143
18061,2025,5,1,18025,253113.73471028844,165651.59274673025
56005,2020,5,1,56033,257547.38473873524,301715.62035677413
40089,2022,5,1,05081,223772.10313968835,135036.9736839991
26141,2022,5,3,"26031,26119,26007",178065.59518177222,186601.8978563728
08033,2022,7,1,08111,322908.53921238024,492131.7072014402
46057,2021,8,2,"46077,46011",249496.83890516704,218193.50258604885
18099,2023,6,2,"18131,18141",220121.0071406084,176082.12104831368
16039,2021,6,3,"16015,16025,16047",293866.3825739039,351859.7828221266
54077,2023,7,1,54093,121048.61757074088,204597.7475292514
42037,2022,9,1,42093,223695.081098106,246588.31291124667
51003,2021,10,1,51540,440302.71814353135,420186.80665450793
41011,2021,2,2,"41015,41019",279124.23665086855,326967.83389445575
39041,2025,5,3,"39101,39117,39083",509454.3807015521,232432.5122220906
13033,2024,7,1,13163,176442.60987903507,136095.78395623562
19057,2022,9,2,"19115,17071",137420.24193043882,131558.22064528026
22059,2021,10,1,22021,161492.69692180728,131622.92580767642
39031,2024,8,3,"39157,39083,39075",168541.24078482878,258166.34533341145
19133,2022,7,2,"19193,19093",146377.89001919402,153988.5885875182
39171,2023,6,1,26059,157404.90242815987,181644.3799415274
39167,2025,4,1,54073,174691.88012812936,164206.8643625162
16039,2024,7,1,16083,342513.3300991821,357771.65262241283
29021,2023,6,1,29003,162322.34249682914,246650.95807272856
55085,2024,10,1,55041,297455.4261691153,185759.34723934575
48049,2021,10,2,"48333,48093",168866.60504064467,284090.4350130998
12125,2025,6,1,12007,258850.00512283412,242939.0827616721
20051,2024,7,1,20141,218157.7842533073,82901.55220605498
12071,2022,5,2,"12051,12043",392452.6471689359,238108.6550816825
19169,2023,3,1,19079,254903.31484449696,139622.63261503764
18023,2021,12,1,18159,163545.97136977664,182563.36226994972
25007,2024,8,1,25019,1496777.418639356,2965522.1062793224
40131,2022,11,1,40105,259296.1808718182,156436.7910959576
08013,2024,5,1,08047,752084.0331957993,549133.7750348129
23005,2021,5,1,23023,419939.40145777585,312315.3709611982
08089,2021,6,1,08011,145021.9079891141,142378.53338207796
17033,2020,4,1,17079,118573.49055339536,112852.75560399954
28095,2023,8,1,28087,150421.67771693552,165017.68244538017
13261,2022,5,2,"13249,13307",123162.62941697694,165903.1432828348
28029,2021,10,2,"28063,28077",124862.2633516654,157215.91637096915
31027,2023,6,3,"46027,46135,31139",203304.1622575901,242529.59270026046
08061,2020,6,1,08025,135138.4008567291,126350.3041839276
28047,2021,9,1,28045,191198.570778955,208926.29138853005
13147,2024,2,1,13195,296998.68363130145,290280.283479999
34009,2024,7,1,34001,723011.1974771334,350029.11183479434
49047,2024,7,1,49009,323941.7442669758,312026.94789416395
51041,2025,6,1,51670,401655.54116122174,209776.35690317384
18099,2020,5,1,18131,159594.564845812,107988.58199139273
13289,2021,6,2,"13021,13023",104903.72489995342,128589.42347970809
37189,2024,7,1,37011,508476.04408892983,396221.0776627806
26025,2023,3,3,"26149,26023,26059",157435.16277057325,183324.79056805125
18041,2022,3,1,18065,119208.5536651478,152380.02844023285
51059,2024,4,1,51600,751655.0364147122,735249.2748541146
13167,2020,6,1,13283,97830.47987745302,110307.7062308453
19091,2022,5,1,19197,140103.63084826272,120524.3636478617
39031,2021,7,1,39083,139098.33438284296,210326.19838878527
30071,2022,6,2,"30005,30027",201091.68837473783,223138.5190014269
29021,2020,5,1,20043,127736.36240945345,102490.91861250736
38003,2024,5,2,"38093,38045",173657.8042081508,180953.67604422412
41039,2021,2,3,"41035,41043,41019",364913.2211553007,267813.6712045912
20077,2023,2,2,"40003,40053",78191.77499621942,117936.82329273538
42035,2024,4,1,42023,182403.68146571223,81714.13253863617
47013,2025,2,3,"47173,21235,21147",235225.34505015632,183439.5025540891
21221,2024,9,1,21033,171400.6356429968,151864.20657617817
49037,2024,7,1,08033,345363.71089204616,312630.0944004444
01047,2025,4,2,"01131,01085",89587.63557756519,140005.48000241973
40151,2023,8,2,"40093,40003",118474.4674919502,131357.61682230205
51650,2020,2,1,51735,179674.80756323412,333073.09544885595
27015,2023,8,1,27013,199483.48349235032,271166.6561231645
29005,2020,10,1,19145,110594.8387255136,108789.85364233283
16001,2024,9,1,16027,513343.5462552,411198.1412092875
06093,2023,6,4,"41033,06105,41029,06049",295807.54949777614,322200.19261270197
27147,2023,10,1,27161,264283.9986281169,228841.2441095852
51181,2023,6,3,"51095,51036,51183",263794.9400478597,294437.2541756271
13137,2020,2,1,13281,181717.42133645772,244059.6986199777
21197,2021,7,1,21173,123522.70544563478,170012.78403480895
29125,2021,12,2,"29151,29073",184174.01126903796,192521.54706004378
06029,2022,12,1,06079,333838.2375537012,834978.9916970577
12039,2024,12,1,13087,208185.2113276486,176073.13195917607
05055,2025,5,1,05121,188129.5907009392,144532.9743865973
17027,2023,3,1,17051,180466.43640106928,142769.52666862882
08049,2022,7,3,"08037,08019,08047",805344.5502556032,769115.4969929979
12107,2025,5,1,12007,213069.99470239328,243930.1058117612
51087,2023,7,1,51036,368561.56908026966,265421.77144692006
28085,2021,3,3,"28147,28005,28113",161467.26008107804,135951.43716184303
31059,2023,7,1,31159,151309.5575388416,272170.5744087502
08067,2020,6,1,08053,427011.6221794745,347588.5314071166
28127,2024,8,1,28077,146318.71827179124,126995.73275069275
06043,2025,3,1,06109,402418.78713548306,404637.2080854702
01097,2023,4,1,28041,185802.58769712097,129451.57646211969
56007,2023,8,1,08081,190427.07969211313,281823.60915465705
29051,2023,4,1,29135,235403.3338803046,197723.00811923097
05095,2023,2,3,"05077,05123,05107",98009.04655980167,84585.74423573891
29023,2023,6,2,"29069,05021",147072.39375503696,104915.11400866215
13093,2024,6,2,"13315,13193",138078.98686629173,126846.59941974952
06071,2022,7,1,04012,538065.2477774896,253884.32786756437
30037,2023,5,1,30107,204294.45774860357,167036.6403996081
31137,2024,4,1,31073,198396.43846746424,290777.76967572275
32017,2022,9,1,49001,232128.51476968505,277999.16764044965
13233,2024,7,1,13143,222413.65663330737,270459.0054784463
19085,2023,9,2,"19165,19133",190021.2325095489,166380.58860126854
01125,2023,5,1,01007,224343.2074999612,221110.1129595851
48505,2020,6,1,48247,154664.3864903122,115519.76123520668
05057,2022,5,1,05081,118030.9620098982,135036.9736839991
01075,2023,6,1,28087,155748.045327852,164223.41400379152
23001,2024,3,1,23023,311731.6840829612,410447.3969706103
16001,2021,8,1,16015,523221.2249465533,431606.5669408248
16025,2025,5,1,16047,379999.1842319592,349506.808812962
13181,2021,8,1,13317,205812.96567541652,123204.29034757736
41035,2020,5,3,"41037,41029,06049",195678.07402552632,195952.2967080028
17191,2020,1,1,17121,111188.81377482794,81530.02154783308
30041,2023,6,1,30015,205688.8271134504,245406.1620025948
56037,2023,9,3,"49043,08081,56023",265104.97056837525,666762.1554017353
22013,2024,4,1,22127,117544.48304006142,119850.2328139348
48255,2023,5,1,48175,235014.68317664147,251532.58165170628
51131,2020,10,1,51735,185423.0479259065,346908.0567322717
05057,2025,6,1,05109,114665.87958051974,178426.17797812234
16011,2020,5,1,16029,234387.60923407928,208919.9985691191
29127,2025,4,2,"29111,29137",184484.78071990455,189340.46124029136
13069,2020,4,1,13017,129950.20612824382,79955.43438821142
28013,2023,9,1,28161,133207.72230325406,152998.05950043266
48203,2021,5,1,48459,187000.4980569762,191301.9009340322
27051,2024,7,3,"27121,27041,27149",206378.9513325343,270370.86063207156
26055,2020,10,3,"26165,26101,26089",255999.2156686987,244671.04440677902
12105,2020,7,1,12055,206084.31513553756,145912.33509841037
41039,2024,9,1,41019,448200.905081792,334327.0884053215
47125,2024,8,1,21219,319318.01868495386,214952.32312998804
04005,2023,4,2,"49025,49037",567492.261933826,366807.3083296739
48363,2021,10,1,48143,259742.78880531577,275405.8370454838
08119,2022,7,1,08093,491988.2261668369,543428.7416142247
26033,2020,4,2,"26095,26097",142798.6166991533,119212.85382006258
13175,2021,10,1,13309,161233.4686240087,118341.71654648372
21175,2020,2,1,21063,89577.78353102172,94079.3819579952
17011,2023,7,1,17175,122888.8372128248,132643.2287820735
39155,2025,4,5,"39055,39099,42039,39133,39007",152156.3652434339,220056.27122635805
46025,2023,7,1,46005,181488.60354938277,182735.88504080733
28003,2024,12,2,"28139,47069",167715.54210414176,149228.3500321897
40009,2023,8,1,40129,129350.06114795544,176130.6100240443
06037,2020,8,1,06111,654787.4336397541,647583.5720949293
37111,2025,6,1,37011,266777.75812600926,390906.96726455423
51155,2021,6,1,51021,182329.0048036193,156670.47619937852
40067,2021,5,1,40033,72992.23234055209,87173.7786968732
53045,2021,1,2,"53053,53035",350591.8885273316,462031.985532018
17183,2021,5,1,18165,79279.8610061624,109032.39856959767
45073,2020,8,1,37113,182232.2518230735,214436.95317194992
18037,2024,7,2,"18173,18125",239520.5580429784,213641.0336206602
18155,2021,2,1,18115,159963.0113960414,195402.65060814205
22101,2021,5,2,"22007,22099",122913.6929612986,159618.9886842562
40069,2023,8,1,40005,138935.74772016666,188264.63692499627
13181,2023,1,1,13317,221841.8797902238,150054.2069729102
27021,2023,5,2,"27159,27153",288783.8302758894,220000.24622731702
17041,2023,2,1,17147,122431.92019894166,190737.50806384973
47145,2024,5,1,47121,281758.1630122495,283385.8668107056
38005,2023,8,2,"38095,38027",166192.85963253138,137340.6260776003
47077,2021,7,3,"47023,47039,47071",154759.10846567468,150626.66024190202
16039,2024,11,1,16047,344768.0536755267,350326.8742100865
27035,2023,8,1,27095,344462.63050821255,282891.12876463844
01113,2025,2,2,"13053,13259",189393.8663869748,120417.31191375587
08007,2023,4,6,"08079,35045,08021,35039,08105,08053",535399.9541320661,310914.94345572765
46115,2022,8,1,46005,148883.8466446095,182331.9690859887
48183,2021,4,1,48459,165856.9314103695,188558.45461958623
13285,2023,4,2,"13145,13199",204685.87627854943,262353.4989586636
29111,2021,4,1,29103,152174.62387879603,134849.51200770607
18015,2024,5,1,18181,213391.6820660558,200792.8131373037
26103,2024,8,1,26083,218699.58921101,178980.05275460088
01119,2023,7,4,"28075,28069,01023,28103",125717.37067837558,132839.5068402642
13215,2021,7,1,13053,145105.16392275572,129185.71769068232
45009,2021,5,1,45011,114923.41434618628,156743.66559287926
13309,2024,7,3,"13283,13175,13271",141831.68379965087,149684.42012095018
41025,2022,9,1,41037,197226.4098094782,180003.9325052752
26113,2024,7,1,26143,208038.56013894515,178732.3770048238
37155,2022,6,1,45033,123186.43449801073,125851.68869043254
47125,2021,7,1,47083,252460.07476559267,169172.54472925773
13241,2024,7,1,13281,390369.2537190525,391293.8014915358
17033,2020,8,2,"17079,17101",116645.75148820964,103351.55709075286
29219,2021,8,1,29073,268838.9020879057,178563.43809773374
45027,2022,5,1,45089,205811.4655048858,132679.2898650147
55115,2023,6,4,"55135,55083,55097,55078",209980.43019720353,250669.98804984687
29065,2022,3,1,29093,157278.62368563484,135872.49308538449
45075,2023,1,1,45009,151849.50565391776,121472.66139224
37111,2022,5,1,37199,247613.15600284413,314359.0937566648
51163,2022,6,1,51678,293061.6685304724,298643.45882572705
17035,2021,7,2,"17079,17023",142388.69515523082,125223.4928888478
27069,2021,6,1,27135,156594.48710601506,184220.54501477207
26025,2023,7,3,"26149,26023,26059",162309.75581450955,187467.36694207313
51059,2024,8,2,"51610,51600",763093.4132276595,904423.0351871126
22115,2021,4,1,22003,149375.05759936417,128813.63804145412
53063,2020,5,1,16009,293966.3974070373,214266.300630705
56043,2020,8,2,"56029,56017",169177.17327486133,220856.659924359
55133,2020,5,1,55055,342226.3842744602,236809.04458410433
26035,2024,8,1,26143,142636.31638282255,179603.27261791797
55013,2023,6,1,55005,260201.44657746283,246503.20181385204
27003,2021,4,2,"27163,27025",313307.3846159055,346324.2174681342
19081,2023,8,2,"19189,19195",162332.9565435181,150641.03191590525
56023,2023,5,3,"49033,56041,56039",462317.8519674258,938524.6679473883
29115,2024,10,1,29079,128462.64822414702,113793.31993980106
12015,2021,12,1,12027,322562.3004146243,217369.54511292477
36001,2023,6,1,36093,313972.6404744818,259253.7857525167
51700,2023,6,2,"51095,51199",260667.3669284921,428431.38890663465
48469,2024,2,3,"48123,48391,48239",214960.902690027,201070.13902479806
40037,2024,3,1,40119,196004.31892919252,222753.27416991713
48305,2022,8,1,48115,219857.0576431068,116985.23895978316
20077,2023,6,2,"40003,40053",80661.75051797209,116698.5356902077
47111,2025,2,1,47159,254613.02957263775,303047.4390848702
31071,2023,8,2,"31183,31089",190734.33655077536,202408.69794077435
06083,2022,9,1,06079,915049.0574168902,843649.2616824037
16041,2024,8,1,16071,419656.06345931994,325648.06000303506
46077,2023,10,1,46097,222287.6382902657,190427.48237826888
47157,2024,4,1,05035,222568.57330205143,159474.92881810572
22111,2022,12,2,"05003,22067",149841.72044144702,103277.02227466034
01073,2023,5,1,01007,215944.4850119165,221110.1129595851
46083,2021,4,2,"19167,46027",289879.9486514414,210997.7907546786
48383,2024,5,1,48431,189148.6283239699,222103.1985637149
32013,2020,6,3,"41025,32027,32031",229789.56825391608,228241.0554219253
16013,2020,7,2,"16025,16067",541599.313957266,248241.2738199223
13091,2024,6,3,"13315,13175,13271",155197.4298639299,147721.69322091326
46013,2023,9,1,38081,212934.10168943307,171337.33252706644
47161,2023,2,1,47079,226439.15242271824,187206.95160380125
19173,2021,10,1,19137,102134.35416491936,110753.92904356256
26007,2024,7,3,"26001,26119,26141",171549.73233972423,175697.79188253402
35003,2022,6,1,04011,230864.5926329604,233330.34301582072
19083,2020,9,1,19079,105688.53154427028,109837.52095968164
06019,2022,6,2,"06069,06053",394339.15831074474,851783.5385804304
45003,2024,2,1,45011,222602.9911347675,156813.6696729994
28111,2022,6,1,28039,157162.94300724642,190611.9139109226
37061,2022,1,1,37141,140099.41857359666,370101.7381690286
30065,2022,7,1,30027,247996.20428450804,264977.4305964736
28021,2024,2,2,"28063,22107",103090.36362682845,184415.10509460428
19015,2023,5,1,19079,201609.35013102624,141472.3481622089
37171,2024,12,1,37005,230974.43288262756,270948.1907289171
49041,2022,6,1,49039,296546.15912892995,354434.3030636506
48465,2022,6,1,48435,206657.97342184745,174225.08973333603
48349,2022,5,1,48217,205007.8137046115,223940.77348029963
31167,2023,8,1,31139,230916.66309425328,226391.8530195109
49017,2020,6,1,49021,166263.32033610964,260451.02089143984
48399,2020,5,1,48095,121186.30017634363,169269.21057226165
47181,2024,3,3,"47135,47101,47071",166032.32339390766,197654.10839199528
54099,2025,6,1,21159,132760.16871176768,128684.61102527204
25017,2023,5,1,25025,717525.1688924888,711043.4912123241
48057,2023,9,2,"48007,48391",208023.54617745383,239987.68408525214
47185,2022,5,1,47175,243054.88562552608,198987.30340711935
21105,2025,1,2,"21039,29133",116359.63416699327,118558.09884442214
36083,2022,12,1,50003,269134.743693644,361175.00516517926
13115,2023,5,1,13055,212617.919710376,168066.18456261585
01097,2023,8,1,28041,190124.12993195775,128616.71370844136
49007,2021,9,1,49039,200260.5391280006,303663.88597087265
40121,2022,8,2,"40029,40005",132075.7337537835,151656.78592498144
05095,2023,6,3,"05077,05123,05107",102771.1551867846,88380.64607387558
22029,2021,10,1,22125,121002.01565467434,287382.3895394558
48353,2021,9,1,48081,133504.67922946057,160735.31246624756
13139,2021,8,1,13117,307165.88619565126,467333.867204132
21175,2023,7,1,21063,144327.787956855,152143.11873238464
06071,2022,11,1,04012,530656.0843121941,253891.19680759555
13237,2021,12,1,13133,356232.1150097819,534391.775344421
21151,2025,6,4,"21203,21049,21109,21065",277144.46263201063,172360.23238276393
22017,2021,11,1,22081,132140.57279121698,151664.99787974785
38015,2023,7,2,"38029,38083",325181.81690853107,145553.0639020771
21075,2024,12,2,"29143,29133",90214.6715338973,98926.22037083044
05091,2022,8,1,05081,174331.84321542503,136134.09950270457
48283,2022,9,2,"48131,48127",174673.54050755515,132496.02587225387
48109,2023,6,1,48243,135617.26614884354,252066.42572919975
16029,2023,8,1,16007,306511.3495901629,379027.4262972667
49053,2020,3,2,"32017,49021",350379.73963580374,214489.80497928947
23001,2024,7,1,23023,317020.0961930608,418693.8340294233
30021,2024,6,1,30109,188390.75962846167,197347.30846496052
26041,2021,7,1,26089,139592.77089576115,494241.53907200973
26037,2025,5,1,26117,298986.87312549766,215792.00738459325
18063,2022,7,1,18109,323585.8758639801,269225.54500810994
12049,2022,4,1,12027,198569.16087070305,249331.8901504696
17061,2024,4,1,17013,101439.71401058842,193234.30798264916
29121,2021,8,1,29103,135974.73579817565,140041.92013509836
20195,2025,6,1,20163,136695.28043268115,115655.94212860956
13315,2020,6,1,13017,94787.90730335064,80796.0158068103
13131,2024,5,1,13087,195113.087618786,179273.1118768344
17163,2021,7,1,17027,146023.03055595254,168019.43323569748
08015,2021,7,1,08065,566994.5961839175,398595.0886258576
48081,2023,9,1,48431,155806.36310455695,238739.4079983241
05127,2025,6,1,05113,141438.14605470668,182315.6568940809
13099,2023,1,1,13037,124799.941307337,108698.62298736729
28045,2023,3,1,22087,226654.4112350907,230767.1331049447
05013,2025,6,3,"05025,05039,05011",122511.4968150418,118780.17028974897
20047,2024,9,1,20097,79425.21832774457,161950.51955781665
47167,2021,3,1,05035,199641.58402357565,141164.80209197733
04005,2023,8,2,"49025,49037",590835.2153096461,374605.73254461144
49037,2021,8,1,08033,298725.4561442907,284664.035854935
19197,2024,6,1,19069,125992.64900758944,141861.9179876591
48007,2021,11,1,48391,291791.62393657275,162232.8379549752
19025,2021,12,1,19021,121559.38770305102,153462.93995159236
21093,2020,7,1,21027,168888.4364993358,114119.46575597936
48223,2025,4,1,48379,269071.9020183033,288524.3946638816
21175,2020,6,1,21063,94177.593528012,96751.17334961594
48225,2020,1,1,48313,193024.3042900085,171382.64782731366
20039,2024,9,1,31065,106177.0936581834,152526.80805473265
54023,2023,8,1,54093,169983.7718282,204907.79713085713
19047,2024,6,1,19093,161966.09436072755,134317.66899398752
35001,2020,8,1,35006,226892.96208372695,107394.1940220564
19027,2023,5,1,19165,174580.4303459641,181323.0865473944
46129,2023,6,1,46045,129941.85008213426,221475.5009235
27167,2022,9,1,27155,195558.67194456235,125792.17305850874
29155,2025,5,1,29143,87514.20059547061,96816.04834540786
30081,2024,8,2,"30039,30023",586476.2288719885,350783.5956867724
37013,2020,8,1,37095,144467.71534970318,157817.80487596677
19057,2021,8,1,17071,126059.45319688872,117787.23096669528
48317,2020,6,1,48165,,193933.33565378876
31015,2022,8,3,"31149,46023,31103",200923.49451553775,210867.31892298302
17139,2023,7,1,17147,142509.16733428676,192925.40682982389
19063,2021,6,3,"27063,19041,19059",123044.5887321119,195872.4724195119
16001,2023,5,1,16045,489709.87486920034,442124.56072907994
16043,2021,7,2,"16065,16081",397084.86668140936,516984.12733454397
05129,2024,3,1,05137,173172.93059015603,192346.7486873977
16061,2022,12,1,16035,274353.7899631648,292003.6371500874
21057,2020,3,1,21207,108319.41620134842,91202.99273165692
32031,2021,6,5,"32013,32510,32029,32001,41037",494796.164494158,324219.00734856946
46017,2023,7,2,"46073,46015",,233931.54213738278
48451,2022,5,3,"48431,48327,48081",216775.21564041637,224164.0097441588
12131,2021,10,1,01039,621581.5552000043,145031.85074368046
29211,2022,5,1,29115,122513.60444389858,111781.80357295208
26131,2024,5,4,"26071,26083,55003,27031",124601.88750216176,222187.6993659289
49057,2021,9,1,49005,404778.0640715584,401959.27369930566
40113,2023,6,1,40103,196897.3588988507,139464.13096824856
38077,2023,8,2,"38081,38073",199931.99084168347,177627.6805143864
39029,2024,9,2,"39151,39099",152515.39644690946,175019.95697103906
32023,2021,7,1,32001,292555.3809963481,327189.14112549135
32007,2024,5,2,"16083,32015",350432.5895835743,300937.2991777515
13263,2024,2,2,"13053,13293",186029.93816210885,148019.42571580125
35017,2022,10,1,04011,212726.72835751352,224301.2703720285
13219,2020,3,1,13059,358939.9970872882,197717.75472338195
41071,2024,4,1,41047,501106.62500539,438151.0114771991
29205,2024,10,1,29111,168233.2203729594,176264.90628540528
51185,2023,3,1,51021,123851.46326504277,160730.54885849947
46135,2020,3,2,"31107,31027",204024.80268484785,145368.61780147097
31055,2022,8,1,31153,268365.3919784456,322730.35981574137
47165,2022,3,1,47111,419798.1601273531,231911.79654955192
06023,2020,4,2,"06015,06045",414745.2893747519,393840.71365179657
19029,2023,6,1,19165,136879.8054605615,181948.24754800947
48125,2022,6,1,48433,134617.18035812114,138011.00612944146
28113,2020,11,3,"22105,28147,28005",112505.78246313236,165342.25633728964
19025,2023,5,1,19021,130958.81638577294,172472.81844507984
51025,2022,7,1,37185,163887.14090067102,232483.04467499573
17011,2025,4,2,"17123,17155",135408.10922543716,151087.6770864181
51800,2022,7,1,51740,341436.40560443647,230090.00865642456
12029,2024,4,1,12041,208205.76055852484,290603.9408721484
51155,2023,3,2,"51021,51750",205241.5172169883,195092.3806176681
22061,2021,4,1,22027,202346.15561928824,196783.438898804
20037,2025,6,1,20133,137597.19486854345,103358.8703218723
29175,2025,6,1,29137,164603.390840232,202653.4324066115
08085,2023,4,4,"08091,08113,08077,49037",411903.493125591,712950.1598186938
13291,2024,7,1,13281,374050.7345756073,391293.8014915358
05147,2022,12,1,05123,97238.43396827478,85230.17456500912
05043,2023,9,1,05011,151267.11164417,120990.75952654357
48025,2024,2,1,48391,177145.5313950393,145827.0299953764
48245,2025,5,1,48071,164584.2314786689,343934.59212345484
25023,2022,8,1,25001,556720.4036184686,678984.4052925722
31185,2020,6,2,"31023,31151",154308.63589770554,137971.08636801128
05075,2023,6,1,05055,124227.73183952377,183060.41623800943
31089,2020,8,2,"31107,31003",138705.4591372203,148242.67083875253
26021,2023,4,1,18141,241500.89494717796,190839.59604689773
36071,2025,5,1,34037,442016.59015390225,426306.6121250712
13273,2024,1,2,"13307,13261",104252.71044442708,150218.02492212894
29081,2024,7,4,"29075,29129,29061,29079",126092.3030405751,153111.73943432648
53003,2020,6,1,53023,261172.74661369773,140098.74228889274
18095,2021,6,1,18159,136676.545515104,172379.37002716487
29099,2023,6,2,"29186,29221",258242.78861816172,195930.62869260643
39167,2022,11,1,39115,166788.69451064063,142654.4479264615
01089,2022,5,1,47051,308063.20352847927,285221.9656741889
01113,2022,5,2,"13053,13259",169068.67159992925,120385.76546447782
12081,2020,7,1,12027,287295.28545246203,163188.92165119998
29117,2022,3,2,"29033,29041",152012.80540178518,187958.64040821075
41013,2021,8,3,"41031,41023,41069",419752.8998024412,289024.7670473939
22043,2024,4,1,22127,158942.09532867395,119850.2328139348
26061,2020,6,1,26083,133650.3033882698,131229.53594992336
34017,2022,5,1,36061,574829.7931764984,1442194.9985486064
05139,2022,10,1,22067,129691.50825512124,113139.3576888283
20143,2022,5,1,20123,142622.09211065574,119571.31417925544
29071,2022,5,1,29073,233179.67704681825,205640.31145146143
48035,2024,3,2,"48309,48099",236130.5610953199,243804.59881082876
21007,2024,3,1,17003,128791.51997079824,68300.87174367272
30053,2020,6,2,"30089,16021",219344.66095559552,263575.9426052326
06035,2022,7,3,"06091,32031,06049",238302.12240167405,367901.2860264736
05147,2021,4,1,05123,83437.09223164081,87326.10366857359
08083,2022,6,1,08111,395525.36663717986,486295.6169372045
37043,2020,1,1,13281,197563.4013788333,243052.134797144
13205,2024,8,1,13087,152889.86209736575,178570.2885420822
26077,2023,3,2,"26149,26023",236056.45492318692,184968.10446687805
13241,2021,10,1,13281,322836.30986746866,327622.38489950105
53013,2021,6,2,"53021,41063",223807.73429941913,345889.41052260634
20089,2021,12,1,20123,93599.02498095729,112297.55751738016
19177,2024,8,1,19087,175869.17980715455,179433.79310862292
31093,2020,6,1,31077,189632.23171505416,162178.83488090066
49003,2025,6,1,32007,445260.791401119,367584.9411692004
55115,2020,9,1,55078,155685.44034066072,193312.4617206078
17059,2023,3,1,17069,77680.02271168192,106827.99040672806
06047,2021,12,2,"06069,06085",389120.49161410733,1130757.8199521145
22025,2021,10,1,22021,112444.881216406,131622.92580767642
39069,2025,6,4,"39171,39095,39063,39173",197426.559365846,201109.95798608818
54025,2023,2,1,54089,174508.94245126625,133518.7935608518
35043,2020,6,2,"35006,35031",241141.784994617,142841.91693502793
18083,2023,7,1,17033,133445.59398874012,123503.79107323608
37011,2021,3,2,"47091,37121",277946.4322517196,178888.61855535797
21083,2020,11,2,"21039,47183",110837.07819347623,103193.82377720841
16057,2020,5,3,"16035,16009,16079",310811.87781950366,190688.01205419283
08097,2024,8,2,"08015,08065",2431585.1813266887,578241.729219751
04021,2024,3,1,04009,381633.20860911655,279290.8871990088
17055,2024,2,2,"17199,17145",95707.74833176064,125111.56541203213
16041,2023,4,2,"49033,49005",406382.94872486166,481652.7581730789
48073,2025,4,1,48225,242736.67689852335,218051.5238050355
37061,2025,6,1,37141,181971.06067389532,439311.670110805
08007,2020,5,3,"08021,08105,08053",366022.7632723957,230994.5672145198
21221,2025,1,1,21033,166598.65218008068,153562.61884003496
17149,2020,6,1,17013,82348.79441299668,158166.92658149605
30063,2024,5,2,"16035,30039",554438.7876812741,358422.56602929404
48493,2022,3,2,"48177,48013",388444.6313450394,282544.7864193944
53017,2021,2,2,"53037,53025",389210.7067549207,332539.31805422716
13241,2020,2,1,13281,226113.3871500501,244059.6986199777
18053,2023,6,2,"18009,18103",128210.9100514328,122997.23532174487
08103,2022,6,3,"08107,49047,08081",295430.1531981362,518420.84349044337
05139,2024,3,1,05011,128650.62099862758,122263.88257377868
13255,2021,3,1,13231,176056.70696107604,264966.98463024857
16005,2021,8,1,16041,291773.92229639547,390688.48214554024
51153,2020,9,1,51685,426457.2982945834,334928.8972851463
48331,2025,5,1,48051,273615.2837175662,269138.7864238764
05067,2023,2,1,05111,96387.23742124658,124586.82330865617
01031,2022,6,1,01039,159547.6406933013,153013.68531595383
37055,2024,6,1,37177,604712.5460629929,170412.1418184896
40123,2022,7,1,40133,174279.12459004825,108564.81773808756
55121,2023,5,1,55035,227472.6170463816,284826.2101366079
16079,2022,3,2,"16009,30061",279602.99566036457,341139.20024943445
48293,2022,8,3,"48395,48161,48145",168311.45212643352,240942.15308786312
22087,2021,9,1,28045,217691.4726791792,208926.29138853005
48089,2020,1,2,"48285,48481",228498.02860992835,214760.39359053932
27131,2024,8,1,27079,323383.9124081688,332227.0104103831
49049,2022,7,1,49039,561818.025265264,356911.8336340397
51195,2020,2,1,51720,86469.37992928467,80204.67113836261
13165,2021,5,2,"13107,13031",109780.7876407153,140828.62800284565
55071,2022,6,1,26105,195226.7340381764,247717.20103565187
48165,2022,8,1,48115,223766.35958156208,116985.23895978316
30009,2020,6,1,56029,288027.10997423856,286030.0684512824
28109,2023,12,1,28131,180267.10904052612,185008.56761307185
40149,2022,6,1,40075,94508.58213339462,78686.784819249
18061,2021,7,1,21163,203000.4114004124,195479.95955200295
18177,2020,7,1,18135,106513.98480250148,96156.86961250844
18137,2020,8,1,18115,180639.3679161773,178440.3870886975
22057,2020,7,1,22093,218232.15605028984,177120.8348193688
29131,2025,6,1,29151,262279.7717465448,255300.89466299317
13215,2025,2,1,13053,183221.54677491693,142814.86069199408
26039,2023,6,5,"26143,26079,26129,26119,26135",149265.57871937894,165675.9499532461
05027,2021,5,1,22027,160104.4951579131,186173.89927582024
36095,2023,6,1,36093,202968.20768392415,259253.7857525167
40121,2024,5,1,40005,139776.86033504448,198988.42232143303
27007,2020,9,1,27071,178703.97480338402,113779.95783039888
49045,2020,8,1,32033,328437.98995595815,156023.86599776242
31111,2021,7,1,31117,162418.10754642996,261819.68249419317
51683,2023,8,1,51685,453382.4405264217,420364.7650793901
48225,2020,5,1,48313,195738.2331085806,177795.58190307007
22065,2022,5,1,22083,,177017.93674592543
37043,2023,8,2,"13291,13281",324727.23813877936,366991.0330277
19027,2023,9,1,19165,176499.32122383322,183978.65012023272
51197,2021,4,1,51021,156905.6194009802,151988.87472711175
49001,2020,7,2,"32017,49021",189092.96935997324,217796.53106129682
21071,2020,5,1,21159,96200.0641763208,74807.51365910364
48143,2020,4,1,48425,215188.47271431464,265727.7309825356
06065,2024,1,1,06059,604170.309099797,1094046.2465255482
20013,2025,5,1,20043,142524.8194175287,145571.3806165727
51169,2022,7,1,51167,141942.05806668574,131231.49220243032
19057,2021,12,1,17071,127233.37650889395,116887.99850047006
35025,2023,7,2,"35005,35041",198088.00004157276,158262.16431328678
34005,2022,4,1,34021,332874.86538299656,354233.405131174
30001,2020,7,3,"30023,30093,16059",245240.66103093987,172182.23441412507
47187,2024,3,2,"47081,47117",876347.9202342668,242362.73188449856
32031,2021,10,5,"32510,32029,32001,41037,32027",525566.7600442442,322959.6215685274
56039,2020,8,1,56029,1157820.915979172,289690.62733963365
18153,2023,6,1,17033,142067.4753211739,123578.6608849553
13209,2022,8,1,13309,171054.6166150643,126110.83154558776
39127,2023,4,1,39115,190828.88561736172,140914.79216351022
22013,2021,11,2,"22027,22081",118361.7737994918,155805.65348242485
27087,2021,7,1,27029,159528.6041564158,175448.638085825
37193,2024,5,1,37005,211091.0218782602,263594.72317002725
16019,2022,7,1,56023,421881.9483346921,445381.8552861274
28029,2024,1,2,"28063,28077",124753.72078952764,127985.42220550294
26095,2023,7,1,26097,132393.4196439887,183963.89732303828
45015,2020,7,1,45089,251020.19833264197,103090.20827299256
19147,2023,5,2,"19021,19059",141159.32650845323,258548.95388187247
22119,2021,4,1,22027,151963.37445211285,196783.438898804
13167,2021,2,1,13283,105886.31459151936,122981.43021359538
46135,2020,7,2,"31107,31027",206265.10618047937,150458.06150546402
28033,2024,4,1,05035,296559.30991443415,159474.92881810572
22029,2020,6,1,22077,123432.2946563295,169975.44875377466
39157,2023,4,2,"39151,39075",173332.0567328157,243609.06310025533
26063,2021,6,2,"26011,26069",154505.02799043866,125885.72651701779
37023,2024,5,1,37011,251008.25210946728,395219.34840723267
12029,2024,8,1,12041,209638.2603171339,294360.508962668
13137,2024,1,1,13281,297734.5258046492,383846.8704531404
30073,2020,5,1,30101,146096.8985876123,124813.8470373606
28037,2020,10,1,28005,149884.04634099975,147247.47695418118
19147,2021,12,3,"19021,19041,19059",132596.4575980518,203568.876533772
19057,2023,5,1,19115,137022.64765744016,146464.1065465059
47057,2025,2,2,"47173,47067",273567.57250641333,219675.3939621133
21185,2020,4,1,21223,312385.7551467647,147138.48887789637
22115,2021,12,1,22003,150399.3317369357,125065.98480264677
41065,2020,8,1,41027,283980.474464742,497405.0636124895
29085,2021,12,1,29185,153001.14145225295,165078.878161601
01111,2023,8,1,13045,192259.18590210963,279336.721110492
05095,2025,6,1,05077,89458.74055747227,108968.94235203182
08067,2024,5,2,"08033,08111",647287.105486079,432433.8692803589
13265,2022,6,4,"13301,13133,13317,13221",149641.02398159986,280911.57011346676
55011,2023,5,1,55035,213538.23727085115,284826.2101366079
46121,2022,6,1,31103,,259932.56888468505
12081,2020,11,1,12027,299784.8323327427,173861.66178584928
30027,2023,5,2,"30015,30107",252371.1348053176,204600.9784293348
39009,2021,6,1,39115,149081.11972015057,131605.52686912543
18073,2023,4,2,"18131,18181",247132.24762539176,169307.63566771714
51005,2021,4,1,51580,136017.2589320933,70935.51252214656
29053,2021,6,1,29089,192769.86668111116,164863.3259998347
21053,2024,8,1,47137,157326.62832272763,222910.3151673624
47163,2022,8,1,51520,224442.8266617395,152147.91353646005
54085,2024,8,1,54073,125240.62353197194,159089.81679513716
19027,2020,6,2,"19165,19009",137561.9863507401,120721.42106324225
31031,2025,4,1,31171,237433.25850893895,196841.84572094705
30067,2020,8,1,56029,390988.623353515,289690.62733963365
26051,2020,8,1,26035,127836.35160146178,102474.18704479946
21205,2020,5,1,21063,117052.99997876756,96623.36348064306
13311,2024,8,1,13281,308623.3406279247,392649.5809522253
25005,2021,6,1,44001,418329.2015540283,484601.1517097824
38047,2023,6,1,38029,,121669.94834862724
26141,2021,9,1,26031,157340.58400771316,207219.93235375787
06071,2023,3,1,04012,517483.4784986255,246485.6959996756
42013,2024,4,1,42009,150646.2352488176,186275.94091862344
48179,2021,10,1,48483,96218.13756370654,124332.33546791984
29186,2024,8,1,29157,228735.68328686172,205986.74165445447
28127,2022,5,2,"28065,28077",159790.01972143925,127168.58691604008
42097,2023,8,1,42093,140457.71913257006,253150.54952162024
19161,2022,8,3,"19021,19093,19035",143098.27656968535,147515.6639055198
29019,2024,6,3,"29175,29053,29089",307611.69595802185,198390.17457122527
48491,2021,3,1,48287,360055.71255046345,294590.28586213087
49005,2024,7,1,16071,445938.08144994633,325078.87339872075
26101,2024,8,1,26019,231956.28275898076,380034.80209164624
08041,2020,8,1,08119,357124.6541680766,348500.47279509436
27107,2024,6,1,27087,149959.33200219503,170768.25946619862
29023,2022,9,1,05021,141148.3186403487,109829.1333340786
21103,2020,7,1,21223,161086.53194849528,148505.44876359796
22125,2020,9,1,22077,271009.6102178436,172138.71348296048
48009,2022,6,1,48077,233649.26246151875,215933.73668307764
17005,2021,3,1,17027,133849.12061223495,162552.79553691097
13031,2025,5,1,13109,279344.88617705676,170248.60282386787
13029,2025,5,1,13109,406245.06172217074,170248.60282386787
06093,2021,1,3,"41035,06023,41033",245186.45557063745,326418.373673219
37053,2024,7,1,37177,529628.4445710048,171369.92720595092
55127,2020,4,1,55055,264381.45738769026,235641.78540854657
27013,2021,9,1,27165,240964.7063650794,115481.68576683568
41013,2023,5,1,41069,454583.33409318933,288125.44246961334
48221,2020,3,1,48425,265763.915605897,265084.3725976599
01059,2022,3,2,"28141,28057",155213.48627501036,163770.0505887464
28033,2021,1,1,05035,230454.09680875175,139834.4090782051
48173,2021,8,1,48461,,142373.54778649972
22105,2025,5,3,"22095,22091,28113",220828.9886568553,160292.38287034156
29195,2024,8,5,"29033,29041,29107,29089,29053",164384.48599782982,188060.14154634406
28147,2024,2,1,28077,157686.3593863306,126416.42455192066
20105,2024,5,2,"20141,20123",112831.17482753338,104898.3527613232
16043,2023,7,1,56039,432231.68506142386,2047717.640094065
05067,2023,6,1,05111,99545.7784270028,132824.5740378256
08035,2020,6,1,08119,541557.7972992108,345599.123043315
13001,2021,7,1,13279,144405.39986860877,129179.14651552368
06029,2023,8,1,06079,340051.58650904207,856674.9648123682
48499,2021,5,2,"48459,48379",224658.26806702785,213075.99269743153
21173,2024,8,2,"21017,21181",210138.4730232797,222312.74326345144
36091,2023,4,1,36093,393341.2932975013,255522.0712799018
27119,2021,6,1,27029,193480.54053875068,172325.39609294312
31125,2020,6,3,"31141,31011,31077",117389.9017527562,180214.87513153147
48217,2024,2,1,48309,225359.147718195,261687.72405668712
16015,2022,8,2,"16045,16037",488717.7678118645,423840.2602859702
13243,2021,5,2,"13037,13259",87333.4964199649,96571.28587533128
20001,2025,5,1,20133,110011.12457031508,103946.12498064309
41045,2023,5,1,16075,292597.2782648164,383929.6787656324
55119,2023,10,1,55107,210885.76182890873,186291.9627576439
22057,2025,5,3,"22093,22007,22095",187569.68147807373,188364.7939498817
17057,2020,4,1,17169,82395.75326085628,111499.36086931427
39035,2025,4,6,"39153,39103,39055,39085,39133,39093",206052.29159470944,274526.49532524473
48417,2024,4,1,48429,180396.39274367565,162898.78390606967
18107,2024,3,1,18045,196758.89246899312,168945.51180394186
48047,2022,4,1,48247,103193.4506198916,107983.66053354472
40039,2023,10,2,"40043,40129",156727.24191064658,152003.67143364184
48321,2025,6,1,48057,199247.43297584084,201900.63364134025
35033,2024,8,1,35055,,463026.4817448249
12067,2022,8,1,12029,233419.3878673995,212783.83151679477
47127,2022,2,1,47051,289577.66727878345,272737.6481080884
51195,2023,7,1,51720,124580.12350314086,112889.31155107524
22045,2020,10,1,22047,173976.90833049093,153206.42635691978
37095,2025,6,1,37187,217722.327375849,108387.51689008858
35015,2023,8,1,35005,240260.73543123237,170361.3298547949
27089,2021,7,1,27135,196298.96326781204,186294.251896175
30063,2021,8,1,30089,467196.50911829807,338583.80281789927
05123,2025,5,1,05077,85520.1814854147,110596.7660277362
27037,2021,5,1,27163,346146.48708538647,380422.82797190855
18091,2024,5,1,18149,233320.34467666503,197045.35476683007
48457,2024,7,1,48373,172343.4469325641,185550.16062967305
51197,2021,8,1,51021,160785.45441557583,156130.27610519223
17025,2020,7,1,17079,85813.11509629739,114746.45254531056
48387,2020,11,1,48119,161338.60133412818,137280.25375610543
16043,2020,6,1,16065,274175.0449283226,257082.82609555245
42027,2022,5,1,42087,306906.8183029324,150284.536581433
51161,2024,6,1,51063,313657.52406835003,253139.1994864128
06073,2022,6,1,06025,911560.9013163452,311489.46849553386
12099,2020,11,1,12043,320083.05487377796,161677.32336977302
37047,2022,1,2,"45033,37141",160699.06662435897,251331.6644519918
29207,2023,2,1,29069,144234.3482393968,97142.25409506937
05129,2024,11,1,05137,180459.6230392567,198434.39269723184
31151,2025,4,3,"31059,31185,31169",211519.97695347777,176823.71208281067
47187,2024,7,1,47117,890884.8286968699,315370.6940653962
46077,2024,8,1,46097,226854.31564476024,193358.5179755805
48277,2024,3,2,"40023,40013",191142.11385933837,177625.12449696125
56029,2022,5,3,"56043,30031,56017",380210.9858161101,369341.9077230312
32005,2021,6,1,32510,629994.5192546763,427238.8615473434
30051,2021,7,1,30073,168277.0680710006,176115.24686859408
55091,2023,8,1,55035,220706.20853938916,289579.7380938703
42125,2022,5,1,54009,217274.83025660715,118931.3017984845
48471,2020,4,1,48313,209740.2455004228,176722.07166458396
48147,2020,11,1,48119,207230.7139065788,137280.25375610543
40009,2021,3,1,48483,115414.68207635375,115011.21021527504
48339,2025,5,1,48407,346433.6859122923,240953.15833457696
05147,2023,4,1,05123,98059.3919071738,85885.54190018479
05111,2021,4,1,05035,113617.88840722576,141855.32097176058
22033,2025,5,1,22091,232727.75783518117,169838.44246583406
29129,2022,5,1,19185,126947.55498918162,121112.281299681
04007,2024,7,1,04009,397405.88430907275,284170.97849873407
39143,2022,8,1,39173,150568.4849576589,212149.01472166443
05093,2022,5,1,47097,106866.39612731844,129486.37962946692
16075,2024,5,1,16087,391593.8505459025,368918.8636577556
12079,2025,4,1,12067,206678.1352628701,245017.76869114503
39157,2023,8,1,39151,179375.63871385867,183861.2993605103
18099,2024,6,1,18149,237707.55709823585,198936.27864187863
21097,2021,2,2,"21201,21023",154081.48760086487,137410.96095422097
06053,2024,12,2,"06031,06069",867909.8962244485,568047.0659939513
16039,2022,6,3,"16025,16083,16037",346107.9577391211,379200.2837708536
19027,2025,6,1,19047,190341.93097451972,165724.73839512377
19125,2025,5,1,19117,259728.8926182382,173178.869188405
51197,2023,1,1,51021,184150.4614927911,166525.96526104704
13137,2024,5,1,13281,304975.7101057281,390407.3845603244
21069,2024,6,2,"21201,21181",164306.04302481728,184098.72164806194
05005,2025,6,4,"05049,05129,05065,05137",224513.1323372901,177779.2972484276
48089,2022,3,3,"48015,48149,48239",292087.2223578343,366207.1703113346
17193,2024,9,3,"17047,18129,17059",101092.56554713944,131853.49107451353
17081,2024,3,1,17145,126336.9226693189,109660.07687093456
37027,2025,6,1,37011,233779.3134836109,390906.96726455423
47097,2024,4,1,47075,132944.11338719053,171274.75932712763
16071,2020,6,2,"16041,49005",188449.9372654982,294327.8185503478
22059,2022,10,1,22025,163749.44418968656,119203.29427254776
54059,2025,5,2,"21195,21159",82349.41350071829,121856.439093138
39063,2024,3,2,"39003,39173",220523.31604745096,194953.90415682408
51071,2023,7,2,"51021,51045",183828.2823501293,184003.06137166184
31145,2025,2,1,31065,167866.04744377898,150194.22412056153
35035,2023,7,2,"35005,35051",212006.2823402897,170939.08128799676
27015,2024,8,1,27127,209694.50827454784,161776.60394551457
27111,2021,5,3,"27153,27159,27041",246637.71830529676,209203.66281205005
13251,2024,6,2,"45049,45005",184103.43878263285,125126.6470491955
26073,2020,4,1,26133,158399.73326634231,114539.00792024603
08067,2024,9,1,08111,657012.7416227603,550435.6879537884
12086,2025,6,1,12087,527266.7322664703,965304.0077794516
06015,2024,12,2,"41033,06093",371951.50297658914,340791.3295341645
27011,2024,6,2,"27073,27149",167580.4658408658,185671.12097740962
31027,2021,5,3,"46027,46135,31051",176281.96982018967,189971.3932790154
01117,2023,7,1,01007,349255.9670283241,221824.45426606736
28043,2021,5,1,28135,118015.9247174757,142815.47983721035
48373,2021,5,1,48455,164308.74946959942,165960.20476320162
27111,2024,6,1,27041,296907.51714571693,319816.06836930936
48123,2025,6,2,"48285,48255",228846.0444278446,246936.5930102125
17049,2021,5,1,17079,168428.23792975827,129644.42531129476
30027,2023,9,1,30107,261250.3652713267,170495.36911518432
42035,2025,6,1,42023,190350.99774711556,91500.0078864398
19009,2022,5,1,19027,128692.48567199185,171683.28302585264
51005,2021,8,1,51580,142812.5022204575,75300.76607936952
29141,2023,2,1,29135,296009.21965650126,196262.4530379113
51059,2022,3,2,"51610,51600",693517.0847006539,820780.3391700916
29113,2020,6,1,17013,206638.71297801263,158166.92658149605
47161,2022,5,2,"47083,47005",228600.18174660308,179352.7941276842
08061,2021,6,1,08011,173782.4636120625,142378.53338207796
46109,2025,5,1,27155,213986.7375336158,132972.31425792785
18011,2025,6,1,18023,399217.54988030234,211897.980897372
44007,2020,6,1,44001,282849.750537033,404703.23281962
19103,2023,7,1,19115,281932.37344332255,147603.180190058
13007,2025,6,1,13037,144259.1284533915,95325.85996896157
17159,2020,3,1,17079,104083.57151227877,110333.84976148828
16031,2023,6,2,"49003,16053",313021.9825061597,398830.83026762994
18181,2022,7,2,"18157,18015",186298.41983002328,224836.39887868823
55061,2022,4,1,26019,243127.5667760597,337715.1284131631
13311,2024,12,1,13281,308905.28476401424,393497.18110660143
18179,2020,6,2,"18009,18075",155232.64057426652,91196.40626578845
13137,2021,4,1,13281,221184.44973200036,294901.0501638788
01123,2021,7,1,01027,234159.83906393443,149189.71567950453
08073,2020,6,1,08025,183584.2291026388,126350.3041839276
48303,2024,4,1,48153,215495.86682358405,94304.06722564535
54099,2024,9,1,21159,133821.30764184124,113385.35841724386
13099,2025,5,2,"13037,13061",126320.1603915177,128063.99856937012
40141,2022,7,1,40075,64588.56558178535,79143.72170757379
22111,2025,1,1,05003,153739.69268616126,89287.43214005877
37163,2025,4,1,37141,148374.7340150195,439610.15239154286
06003,2023,5,1,06005,514205.9269076596,430384.5035352628
40151,2021,7,1,40003,105429.31186551582,114598.89310950512
08049,2023,9,2,"08019,08047",753149.6570807137,557971.2628535354
40137,2021,7,1,40033,105770.7500345522,85439.01219946537
40113,2020,11,1,40103,157337.68509857485,108417.05657837602
27065,2021,4,2,"27115,27025",204678.1588199087,252166.7137491429
47047,2020,6,1,28009,267531.7954120755,137742.83319713396
55127,2020,8,1,55055,267696.7247452915,239839.67444381965
23027,2021,6,1,23015,261405.8066253215,341972.6272747615
51650,2021,2,1,51735,201861.6598819146,362666.7158398316
48505,2024,7,2,"48427,48247",144914.15410898117,120060.1444453074
53055,2021,11,2,"53029,53031",864728.6278940068,572040.1934809894
35001,2024,7,1,35006,337212.88866673544,146115.52714103097
27137,2024,8,1,27071,225185.93628902177,144711.06725329705
48279,2023,10,1,48017,113762.96565948318,146075.36558726517
20059,2023,9,2,"20121,20107",217213.1093419617,243038.70864127344
47065,2024,5,2,"47121,13047",350420.4940087637,285142.7428201773
18073,2020,7,1,18131,188775.73198237165,108930.09255105518
16027,2022,8,1,16045,453076.0343127102,489685.4744491504
26059,2025,6,1,39171,193012.1170892293,174025.74641472893
20131,2021,12,1,31147,177573.70719156569,98615.430774146
27153,2024,8,1,27041,249670.88698494327,322128.545591817
21057,2022,7,1,47027,155085.49547618965,184840.9317858925
48273,2022,9,1,48249,148367.41750550535,167305.51379853033
35029,2020,9,1,35017,131940.97500588655,165243.96002779962
06019,2023,2,2,"06069,06053",379699.2441849513,787692.7301770874
21107,2024,12,3,"21033,21149,21233",153272.11126924973,149638.15993326958
28135,2025,5,2,"28083,28043",124281.08203688129,104786.296525453
22005,2020,2,1,22093,220727.11090491293,173091.4319833118
06029,2023,12,1,06079,345585.84436502965,876719.8745518298
13077,2022,11,4,"13255,13113,13121,13199",372927.8603833562,333877.86328763777
12049,2021,7,1,12027,169597.3750361694,199783.734956827
42033,2025,3,1,42023,130384.22584053752,88361.09198341251
08037,2022,2,2,"08107,08065",1040930.7050473548,681856.484270948
40063,2021,4,1,40029,90985.2552783694,95632.83550967996
48029,2025,5,1,48493,260813.337685277,395797.6430578183
36091,2023,8,1,36093,404001.45491402,263030.4063302837
13069,2024,5,1,13271,186601.52485856693,118969.3818947436
16031,2020,5,2,"16083,16067",200350.99496724387,213638.91253291705
48127,2020,3,1,48507,137226.49345132822,74308.73154286029
04001,2020,7,2,"35006,35003",202481.83990012656,145992.03146341015
21093,2021,3,1,21163,188498.00431791684,180333.337917523
17079,2023,2,4,"17159,17033,17023,17035",134575.98815962288,130287.49297889865
27001,2024,7,1,27065,248524.63078278064,253156.55493856428
48217,2024,6,2,"48349,48309",234972.01155792383,244775.5282131592
