target_fips,storm_year,storm_month,n_clean_neighbors,neighbor_fips,target_zhvi_t0,baseline_mean_zhvi_t0
48393,2021,5,1,48483,,230077.05764040377
13061,2021,4,1,13037,297515.6877280969,223718.00740528284
06041,2020,3,1,06095,2072478.323095681,596531.5556545528
06045,2022,9,1,06097,909562.999588329,1277528.4038444045
48199,2022,1,3,"48457,48241,48373",346084.10002804484,338430.7794137671
36111,2022,9,1,36071,594296.3886173343,561995.5931541856
21009,2024,6,1,21061,336374.023114129,324372.77073474514
24005,2025,5,1,24029,570883.6720004315,742761.4327889443
42123,2023,7,2,"42039,42049",219753.7718408841,287071.6275736467
06067,2021,10,1,06013,709529.8055062979,1451014.0063531166
17165,2023,5,1,17069,173944.80475379888,207952.12439432065
53045,2025,2,3,"53067,53053,53035",687962.0560365673,797612.8148100359
53047,2021,7,4,"53025,53019,53043,53007",528327.6968723305,556846.9511629415
21047,2020,7,1,21221,210489.05448923,223674.2053447368
29149,2025,5,2,"05049,05121",317055.64678951865,283378.1402925558
06089,2024,12,1,06093,525213.3283947376,447237.15972606465
48033,2021,10,1,48115,,208478.0417966224
27037,2021,9,1,27163,508388.72017049947,578393.8842531801
18065,2020,7,1,18135,207236.20665343237,181212.961425518
18167,2022,4,1,18021,235217.00847149687,263015.78396309126
18121,2022,8,1,18021,341048.29433543474,274088.9428110645
30029,2021,6,2,"30089,30073",872478.2754691128,453076.7518171065
45013,2024,6,1,45049,1118735.634683422,303931.081115987
16001,2022,8,1,16045,828585.7979731887,828898.5111877113
41063,2024,7,2,"53013,53023",699518.4297845662,385877.657919151
05049,2024,11,1,05065,312939.6439820116,299542.89367102185
13001,2023,4,1,13279,271033.493260022,266370.79576722457
17183,2022,7,1,18171,167816.88844977188,377879.141646832
06073,2022,10,1,06025,1470608.1605754895,428924.0230831402
39043,2020,10,1,39143,272143.3532480255,195452.055560016
56037,2024,9,1,49009,403628.78789574467,492756.38038776646
32007,2020,7,3,"32033,32011,16083",383095.12258828833,313395.1236067069
45091,2025,2,1,45023,639124.96014004,355096.26216138067
05013,2023,1,2,"05039,05011",250329.3290908941,232638.59672874562
22073,2021,9,2,"22021,22067",285524.06652705796,226258.53482745445
29019,2021,7,1,29089,430947.88285898423,346966.4966950274
42125,2022,9,1,54009,425507.1403166294,207419.9223299884
08059,2021,9,2,"08019,08047",829907.937335284,781682.9998924304
21007,2025,1,4,"17003,17153,21039,29133",279548.4963938641,197216.24166603727
29055,2021,4,1,29073,290504.87262207706,343672.3105032987
56031,2022,6,1,56009,475963.68286864687,444427.282465291
16013,2021,9,1,16025,1920744.884948532,625925.674043702
05147,2023,8,1,05123,187247.9724820647,184550.6208671256
06105,2025,1,1,06093,399966.2886919452,447003.45210082346
05043,2024,5,1,05011,270035.4440359213,231937.08724630263
17185,2023,3,1,17159,203803.16164936693,221397.37548576645
48087,2024,5,2,"48191,40009",207412.43854069113,231370.04293875134
48427,2022,5,1,48247,255077.41089969952,224963.24311644075
51119,2021,6,1,51131,530611.8715586233,501580.39382403233
42099,2022,6,1,42043,424354.47159141634,380808.6566140002
40079,2025,5,1,05113,294117.3315656159,322547.58363088017
51179,2025,5,1,51630,707086.9199419649,647303.8409256322
05093,2022,9,4,"47097,05111,05035,47045",204936.60572785896,253914.3559292624
08055,2020,8,2,"08109,08003",364661.6866334662,336413.5851826911
05019,2023,6,1,05039,259776.63453234817,229291.2863377461
48327,2020,2,2,"48095,48435",,251157.8254121063
19077,2020,5,1,19009,386693.8697691763,214449.25402775817
40089,2025,4,1,05113,520347.1029061761,324283.52360980754
12123,2022,8,1,12029,351134.76123801066,370993.5797092184
21015,2021,2,1,18115,390302.5686826632,341431.1854415464
26029,2021,4,5,"26047,26031,26097,26137,26089",654034.334342601,512806.20290279866
16051,2020,6,1,16065,433500.4933898917,385434.95137799624
06065,2021,8,2,"04012,06025",725733.2218436174,437270.4581881927
55031,2021,7,1,27115,327941.8396390076,324713.8252013767
31145,2025,6,1,31065,306478.7574863971,329408.99078955135
48325,2025,5,2,"48507,48163",556550.2753255925,240663.2742162943
20019,2021,10,1,40147,252086.68297425445,253463.07768866932
31041,2025,5,4,"31163,31019,31175,31047",444269.4971495779,472132.64590754773
26079,2024,4,1,26143,359012.6712551308,325810.23452921555
18149,2020,5,1,18131,210889.5118175526,188732.18520748295
30013,2023,7,1,30015,444793.8184837671,572279.6427566414
37131,2023,7,1,37091,303284.0574660985,225750.86364836743
55139,2023,4,3,"55135,55047,55015",394702.8716843271,477684.2860060903
13241,2022,6,2,"13281,13137",930338.0035754824,543002.3404865599
29031,2021,4,1,17181,347701.99169845186,255168.1544474851
13175,2021,2,3,"13283,13309,13023",264254.9080967028,245905.01192410247
49057,2022,5,2,"49033,49029",675306.2176431752,1080234.6834488658
46115,2023,8,1,46005,362843.1165396029,386910.0790343412
05087,2021,5,1,05101,345707.38306530495,307081.11897590506
19193,2020,5,1,19133,247477.15085508185,199511.49965309244
35061,2020,9,1,35006,318420.20800157706,198078.0935583125
51077,2024,5,2,"51640,37005",328220.4111806977,350717.72844431794
26065,2023,7,2,"26155,26093",332102.8897359299,406411.0737354441
37137,2020,8,1,37095,319902.13589341374,441650.24257761176
48363,2024,3,1,48429,736217.5445226118,381118.20480204234
05031,2021,4,1,29069,276669.5700612852,162752.32695553274
06109,2020,6,1,06051,445620.7461369861,905270.502434697
51059,2022,7,2,"51610,51600",1116168.4612309027,1284126.8690489049
51003,2021,6,1,51540,769284.6553347437,667890.2098792259
20003,2024,7,1,20107,376462.2100127041,352035.1339024071
33019,2023,8,1,33013,570109.5974095726,603969.3560220626
19051,2021,7,1,29197,323834.555092768,285027.25381221244
45075,2024,1,1,45011,277837.34279088606,259765.40947341765
21083,2023,2,1,47079,268649.89963558945,353712.56328225206
42073,2025,6,1,39099,277825.12586539495,297821.3408651811
51163,2023,6,2,"51530,51017",512583.55184953153,327484.86815670546
13045,2021,7,2,"13143,13149",349391.0795361386,346763.4321940768
28131,2023,4,2,"28035,28111",272658.96226696245,272020.0499854575
30025,2024,7,1,30109,309212.31562673376,388366.55471308314
17191,2024,8,1,17047,226216.96911735076,206765.24080477413
37121,2025,5,1,37011,406361.8402506041,1007236.8532755704
48065,2023,8,1,48011,298518.80308073445,432926.6338412152
22111,2025,5,1,05003,267982.30495149334,163932.7023610112
55067,2023,6,5,"55069,55083,55085,55041,55078",314189.1461085466,427755.25399062864
31163,2020,7,1,31077,457564.7724910335,561488.1262872466
06097,2021,12,3,"06033,06055,06013",1229759.52783575,1216982.9571774239
13105,2025,5,1,13221,298558.3576952966,442738.694394402
18017,2025,4,2,"18131,18103",271260.7128441579,275787.9061822224
29123,2024,6,1,29157,284630.61340480257,353076.7574442278
48325,2022,4,1,48013,546980.9266500184,454022.84924647905
46011,2022,9,5,"46101,46077,27081,27117,46079",444481.73224960273,511519.1701925375
48101,2022,5,2,"48155,48197",197234.69294046893,251203.64784296515
18127,2024,5,1,18149,461147.5957705053,319318.13433241885
27007,2024,8,2,"27071,27029",382201.7703604538,327893.9050484074
42067,2022,6,2,"42043,42087",370233.0063217736,325269.2579900491
23025,2020,12,1,23007,226812.39455242493,366122.6363746484
37073,2025,5,1,37143,330525.613368295,444673.3691407638
51650,2021,6,2,"51131,51735",300267.2125418502,516914.77101510204
31111,2025,6,1,31047,373185.5781309482,370678.972803456
18051,2024,12,3,"18129,18173,17185",308586.6591719306,327849.3507688591
08109,2021,8,3,"08105,08079,08053",440921.10799373704,583420.8074299778
48465,2020,5,1,48435,253987.79438089323,233988.7510854177
08097,2022,3,2,"08051,08065",8081058.209058891,1099742.8023024234
55125,2025,6,2,"55051,55041",649679.4284704012,362702.5051265354
46039,2024,8,2,"27073,27173",612643.1066864533,406271.3383992397
13279,2025,5,2,"13283,13209",294830.86317787034,305896.98216697393
05025,2024,2,1,05011,267592.5950278204,225139.6462190961
49027,2021,7,1,49039,391821.606181144,470803.4637595185
16017,2020,6,3,"30089,16021,16079",634784.541318811,381865.64045509713
18083,2024,3,1,17033,253907.56251269183,219583.64971616227
01085,2023,6,2,"01013,01131",289606.67983435595,254212.37920013536
30071,2022,2,2,"30005,30027",367235.6984561716,484256.9513689036
05095,2021,5,1,05123,218560.49350052,174184.8070273382
08093,2021,7,2,"08019,08065",689376.6351815657,715160.4008186639
16031,2020,9,2,"16067,16053",358775.14819645433,358096.9563208844
55083,2020,4,1,55078,295111.2040852289,304872.69046964316
49015,2022,7,1,49039,,560375.0208312945
01077,2021,10,1,28141,326053.2876014393,295719.4601963788
20099,2021,5,1,40035,211065.30072991704,323394.3559320486
13287,2025,6,1,13315,299594.21414691285,242567.16056017848
20151,2024,7,1,20097,254781.2335078664,306961.3149397753
16083,2021,8,2,"16047,16053",511483.7489327367,553058.1001589008
40121,2023,8,1,40005,286868.0439381015,364711.02910247975
01025,2022,9,1,01131,268426.78585545253,290090.71705435077
37055,2022,1,1,37095,842506.5249046859,499190.60480892967
47065,2023,1,3,"13313,13295,13047",517618.7782785611,353581.37310820905
39139,2022,5,1,39005,268457.5590355844,325365.9577176702
21099,2024,7,1,21061,331202.901693187,324984.3827834421
22117,2022,2,1,28091,265645.31732615986,251828.9947784764
13141,2020,1,1,13125,294382.4978081537,243570.1384884544
51153,2021,5,1,51685,662255.2384538179,480217.4885648107
12039,2024,8,1,13087,353481.9340715247,299185.4219337664
18167,2022,8,1,18021,242430.68808053335,274088.9428110645
26031,2020,7,1,26097,339607.5165514313,256572.91353486243
53051,2022,6,1,16021,635579.1544928574,782270.2815909825
48173,2023,9,1,48431,,355770.9985862497
20029,2025,4,2,"20089,20123",241720.20007225696,294234.89170143043
34035,2022,2,1,34021,819097.3915184668,634174.6964136317
36119,2022,5,3,"36005,36079,36087",1236052.936345073,738105.700752528
47139,2021,12,1,13111,378421.5083121325,851823.7621416487
47141,2022,5,1,47087,457687.1264753843,384234.72263588366
48507,2024,5,1,48323,167643.3159698256,292717.87189666723
26123,2023,6,1,26105,354182.77451564634,412616.0311417743
49035,2020,5,1,49029,578848.8941186826,762093.0170507586
17143,2021,8,1,17175,232525.8567908441,321586.8392305561
01005,2022,6,1,13259,273717.6445689891,239112.76029730355
45091,2025,6,1,45023,638692.5297933429,348933.16326303635
13189,2025,6,2,"13301,13163",339786.3421671725,266316.45583809115
39077,2022,4,1,39005,263654.0336279024,321318.47807868867
37173,2025,6,1,37113,523574.35050694674,788908.7422867074
46059,2021,8,1,46005,549689.7399383775,351764.6157224633
08077,2024,5,1,08029,601095.5515609747,595327.4098712421
22029,2021,2,2,"22077,22125",223163.807637538,403467.5305288567
18049,2025,5,2,"18131,18103",348809.8420774233,275692.7101616288
53003,2024,9,1,53023,485731.5005906045,336784.5509300595
48231,2020,5,1,48119,332408.50915607926,288086.3432820087
06071,2022,3,1,04012,739059.6550151794,536957.0733703168
40083,2021,5,1,40103,411028.0272289267,280094.1854482283
13099,2024,1,1,13061,250532.0159913121,351302.1157505351
13313,2021,7,1,13047,296312.84719453455,329682.18879846466
35023,2023,7,1,35029,215724.86416272735,210254.37705067344
16047,2022,6,3,"16025,16083,16053",712866.1918661931,646207.8056691281
54107,2022,11,1,54105,255818.68735332237,214177.0241270338
54095,2024,9,1,54073,211276.21538532685,262163.05375786085
26051,2021,6,2,"26129,26011",254602.00224173124,225428.7402232312
31015,2020,7,1,31107,,366063.8246458964
21175,2021,6,1,21115,214910.06253828085,216858.9420018231
01071,2024,12,1,01095,333388.309645945,419387.1105533924
29187,2022,5,1,29093,298968.0365212483,265322.6556667504
48251,2020,5,1,48425,367416.2959716758,446171.4596088386
42049,2024,5,1,39007,325656.2305628411,264532.1531414586
38101,2023,8,1,38013,384056.5791218756,345179.444454078
17079,2025,4,1,17159,256439.1859619191,216181.19665360905
17091,2024,1,1,18111,306479.95109511074,331519.6356882965
41003,2021,1,1,41043,583913.1303467919,458588.1973544391
29127,2020,6,1,29205,223734.10889922347,240761.4805854361
35043,2024,9,2,"35006,35031",543830.7525748693,278982.01897700335
04013,2023,2,2,"04012,04027",731028.8001094678,455502.0181191128
34023,2024,8,1,36085,747816.7140545711,869808.4254432338
06065,2021,12,2,"04012,06025",762371.6951628694,463766.01757613575
54083,2024,6,1,54093,255504.7028653435,397167.2109583462
13273,2023,8,2,"13307,13261",250788.01392061185,313571.88710972806
05001,2024,5,1,05107,257909.28263307884,132736.28385677084
48227,2022,4,1,48115,289902.3772997905,218472.39233367456
53015,2024,10,3,"53059,53041,41009",591587.4776695167,671735.7524553984
56003,2022,4,1,56043,424514.255367691,391526.93167416705
29207,2020,9,1,29069,227515.7362114784,154569.5620782196
37173,2022,5,1,37099,489367.9546679932,1171867.9706546366
29019,2023,4,1,29135,484408.6246921955,381862.3224409835
31055,2020,7,4,"31153,31155,31177,19155",338748.9045359013,400335.2328756947
24025,2025,4,1,24029,600605.0291369614,743050.9923886308
37089,2020,10,1,37087,452911.6089658083,377837.3199856456
49057,2022,9,2,"49033,49029",666178.5885907634,1085778.135556642
40113,2024,6,1,40103,362850.04371220735,320498.7889096117
20131,2022,6,2,"31147,20013",442397.56150894257,292026.1076076267
13263,2025,2,2,"13053,13197",380130.4565183848,307324.3283704042
20001,2024,5,1,20107,229910.58866153617,345426.24956062675
48061,2024,7,1,48489,328901.38516880124,491148.6368147751
05147,2020,11,1,05123,158737.09343716502,171717.59298388797
48371,2024,5,1,48475,284298.69683424756,296780.5410795806
13197,2024,3,3,"13053,13307,13261",332665.70358768455,288765.2109521874
19103,2022,6,2,"19115,19183",451669.0309538171,308804.51637067716
31169,2020,6,2,"31151,31095",313242.0256948464,263713.8219497232
08099,2023,5,1,08011,289787.73195965216,273218.3791789265
41063,2020,2,1,53023,517966.54953693086,254133.7869266166
45075,2024,5,1,45011,283556.9625814263,267005.9985006121
56023,2021,8,1,16007,691465.536842028,630115.6867725985
21083,2023,6,1,47079,268604.8898415435,356879.7629115427
46027,2020,6,1,31027,310629.39028623473,417867.3344231564
53065,2024,9,1,53019,549704.9529836726,442426.2829566879
26117,2022,9,1,26037,322512.1027688787,413449.28713638335
40151,2020,6,1,20033,217784.9276127564,160130.01397567915
46115,2022,4,1,46005,363319.8281981149,384001.7989359941
01065,2023,6,1,01007,288908.66381493,329050.9803376221
27137,2020,6,2,"27071,27075",289827.49014884786,272701.069667401
51173,2021,3,1,51021,189727.8807313166,296702.1701309376
18095,2022,6,1,18159,274142.3842808663,335015.3351834992
30083,2024,8,1,30109,412957.3136415957,395013.40422181174
21157,2025,1,1,21139,326548.33516512805,240293.49334096292
20011,2024,4,1,20107,277270.18204387237,344357.0052517038
12081,2021,7,1,12027,599799.8545381172,362232.49763243785
12071,2020,12,1,12015,458213.722984687,393198.41037402
17025,2021,5,1,17079,186710.5593081843,251151.351663622
48351,2021,10,1,48241,281271.6405902141,341854.1902381975
48493,2021,10,1,48013,561822.1070350199,421892.3580164802
34027,2024,5,1,34031,968753.6778762504,700406.4507309893
21071,2021,7,1,21115,181515.76637427075,218374.5214310779
34015,2023,9,1,34011,473942.7139610206,333756.66285370965
21005,2025,5,1,21239,388589.49935338815,578007.0376550481
12085,2022,4,2,"12051,12043",872085.7041842373,390568.8711323588
19089,2020,6,1,19067,235192.26363458383,234549.03479059148
42121,2024,10,1,42039,233487.98893261055,238035.18098821
48485,2023,11,1,48077,271447.4300250297,381749.1684169545
35055,2021,8,1,08021,693182.3699802376,347260.21432948724
55129,2023,4,2,"55005,55107",478700.8539123265,367469.01963424124
05147,2022,4,2,"05123,05037",190940.01872695013,219898.20990342792
54085,2025,4,1,54073,237083.42728815076,265162.90645187674
40011,2023,5,2,"40043,40093",209161.4886962717,335180.0135635513
48469,2022,7,2,"48057,48239",344960.7224762869,443164.1547722621
51177,2024,7,1,51630,617569.8455732194,638777.3917038729
05043,2023,1,3,"05003,05017,05011",260013.1356226078,216562.79393018552
16085,2023,5,2,"16045,16003",1125307.7440370622,795531.104079636
23001,2022,12,1,23023,390929.84946007904,583923.4000132243
37167,2021,3,2,"37007,37179",348519.3011886782,397572.6422690602
08097,2022,7,2,"08037,08065",8650860.56846488,1816813.4277478722
17019,2023,2,1,17147,332628.6347421018,344570.43807136937
19081,2023,4,2,"19189,19195",282197.73207434715,252063.0700729678
13199,2021,1,1,13263,268486.2374853198,301277.5451679469
06047,2022,12,2,"06069,06085",551281.392079322,1850148.605979605
01091,2022,10,1,01131,299731.10070059315,286746.2626714836
45003,2020,12,1,45011,307254.7495132081,237690.79164306135
37111,2020,8,1,37121,331648.403612491,282803.5123173597
29055,2023,4,1,29221,343037.3613835033,295018.13343145774
18083,2024,7,2,"17033,18125",259006.09263135973,240298.26665764768
38021,2024,5,1,38045,282130.14231797314,306927.24699011754
55083,2020,8,1,55078,297800.25302940776,314785.89587501436
13163,2021,5,2,"13107,13301",237515.53612252188,229548.4014538638
21181,2023,7,1,21201,324130.41637123324,308476.80533442483
26107,2022,8,2,"26133,26085",355620.59182312194,285277.7119600956
01097,2024,12,2,"28041,28039",328618.5107484651,264076.5168181036
47049,2024,7,1,47137,399565.3737280403,396271.9212942915
17039,2023,4,1,17147,229315.87099681864,341263.02173749194
18017,2022,7,1,18015,236482.10811886247,331739.8800361722
18099,2025,4,1,18131,396457.7339102508,289553.1200342067
13119,2024,2,1,13195,446134.84048578585,415907.76457072067
45073,2022,2,3,"13257,13147,13137",566830.8734958699,451082.8703181211
34025,2022,5,1,34021,1030850.7294144623,665331.0247090278
46013,2023,5,2,"38081,46045",358980.13043564156,453078.48124129255
40057,2022,6,1,48197,222971.98418557807,193839.7937940998
29003,2020,7,1,20043,333798.0320825817,219757.51116352607
48239,2023,10,2,"48089,48481",455156.2077922299,579744.2021074567
27117,2021,4,5,"27133,27081,27101,46011,27083",359959.2419401842,407921.84283046576
51169,2025,2,1,47067,275223.36491533444,292497.0444840282
06023,2024,11,1,06093,621735.0058737806,447307.1310889835
38049,2023,6,1,38083,333854.5464249828,371929.2985763764
06107,2024,12,1,06031,489775.122472221,471534.61011813465
38019,2024,7,2,"38095,38099",243518.37690198433,249485.93964558683
05075,2024,12,1,05067,224175.56364747055,178437.05843125912
34035,2022,6,2,"34019,34021",866818.5821819473,724112.3798843365
40013,2022,1,1,40095,336164.60204282054,354166.2143627925
48079,2020,6,1,48017,143884.88916624195,215543.36875884625
51105,2025,5,3,"21095,21013,47067",193084.52804400775,210263.3144761912
36119,2022,9,2,"36005,36087",1272908.180364312,795333.7359979718
48135,2021,3,1,48461,327781.9889874048,237826.51252593935
06019,2025,3,1,06031,589643.3052758555,475829.5762599408
13099,2021,4,1,13037,226575.4559438054,223718.00740528284
04015,2022,2,1,04012,538886.0178155294,530830.9725391533
33015,2023,8,1,33013,821113.8877400318,603969.3560220626
21115,2020,6,1,21159,192329.3051485276,143286.98544181493
40071,2023,5,2,"40103,40053",215540.4425695502,308519.46070774586
55067,2020,7,1,55078,241076.80092661452,311048.9630433105
29223,2022,5,1,29093,231215.8294001967,265322.6556667504
19053,2025,5,2,"19185,19117",311385.8696176466,314909.38973310764
41017,2020,5,2,"41037,41025",754042.3267581426,256671.58622534177
31027,2025,4,1,31179,508869.3641452608,476482.0142158961
22099,2025,4,1,22007,277257.827804149,268858.4289220676
26105,2020,11,1,26101,312803.1055360671,313042.9172361996
40141,2021,7,1,40033,123526.33051836307,208398.749821917
29183,2021,5,1,17083,425878.0281661413,297924.39564844937
51153,2020,1,1,51685,564956.1085934807,416289.830123258
26039,2024,6,2,"26143,26119",267883.3646941275,314985.97969519754
54015,2024,2,1,54067,201401.98625791757,235506.54666400995
16083,2023,5,2,"16047,16053",552372.3939601158,613612.8161143435
27007,2021,9,2,"27135,27029",337996.99749738845,341625.73667497124
28145,2021,4,1,28009,245606.43870520729,238669.47359481544
40047,2024,11,1,40003,264323.987309241,291393.2030629196
41051,2021,11,2,"53059,41027",746186.651831328,854789.5846564721
48109,2023,2,1,48243,310509.54148783913,436785.21306199353
19147,2024,7,1,19151,283059.57902582013,239723.25582276136
48225,2021,5,1,48455,425459.624476946,312274.99292833667
13157,2025,5,1,13219,549512.1524660183,798281.5009401081
08101,2020,6,1,08025,314105.72329041566,216363.0935313621
48017,2025,4,1,35009,283504.8867951824,261215.17631049085
42017,2025,5,1,34021,767303.4121061065,802032.106849278
13033,2023,4,2,"13107,13163",308546.21935639734,242407.06905568132
18035,2023,6,1,18009,250185.039404716,221487.13252491632
36087,2024,7,1,34031,971472.0219440784,706848.9160426515
26063,2022,8,1,26069,328557.6185737155,254612.06906605663
55073,2023,5,4,"55069,55097,55135,55141",341268.9362896995,364058.9315131554
21141,2024,6,2,"21219,21213",345401.69888638955,399536.66708387993
28109,2023,4,3,"28035,28073,28091",284686.5046861551,306301.8271146108
13123,2022,6,1,13111,652493.0012968275,954592.6511222176
55029,2020,7,2,"26019,26089",487161.9867174267,619124.9621371764
40107,2022,5,1,40133,302608.34520052193,232937.61859060577
20187,2025,3,1,08099,328259.90711602365,305187.3529547227
41031,2022,7,3,"41013,41065,41047",678428.739101518,711108.176554086
16019,2020,6,2,"16029,16065",397716.0316258603,375901.8246498634
48099,2020,5,1,48193,275160.92488903506,463700.6931892601
17091,2024,5,1,18111,313766.24210607953,339746.8936299529
19131,2023,5,1,19195,378763.73190486635,279413.49468234833
48001,2025,5,1,48225,418847.6529652206,436977.27688033384
48057,2020,4,1,48321,300013.06462765374,288262.7444611089
17143,2023,5,1,17175,254071.3202079193,312997.8503914431
56039,2021,8,1,16081,4291571.044297452,1221023.729722186
28105,2025,6,1,28019,417818.6269674652,248137.99072188747
26037,2023,8,1,26155,416498.9534150147,293039.54417883634
48227,2022,8,1,48115,291557.1435711595,218052.04332709673
48451,2023,9,1,48431,368204.8008309694,355770.9985862497
49049,2020,6,1,49007,544200.312752315,256834.9258192616
31129,2022,4,1,20089,364220.604788932,278617.1941486204
21059,2021,6,1,21091,273497.8296706277,270709.47267206013
38103,2023,4,2,"38027,38083",305644.9953988507,307618.62583504815
18071,2025,4,1,18143,339694.49090839986,296202.55551981437
37193,2025,5,1,37005,363637.5381926706,471432.51609972265
16019,2023,7,1,56039,545557.4047132316,5329372.660540266
22125,2024,12,1,22029,592897.1448384523,248034.0666551813
17189,2025,4,1,17081,271766.99285800016,229696.0904233961
30053,2023,5,1,16017,649518.3875339866,992587.5462765387
39153,2021,5,2,"39103,39055",309742.7366315618,416429.39971772034
46023,2020,8,1,31107,386957.55635069794,368650.7518415181
54107,2024,8,1,54073,269112.1730294597,259879.096034094
06089,2020,11,2,"06063,06049",442322.8002423286,417538.5243149495
20013,2020,3,2,"31147,20043",199445.9252332044,216969.44919888896
39157,2024,4,1,39151,315228.48421378684,315270.6232751914
48049,2020,5,1,48333,298841.7403358993,750456.613969387
32510,2024,9,1,32029,694512.8569620956,725181.2581413724
22119,2020,11,1,22027,250082.98870102956,277208.94518996385
05001,2023,1,1,05107,267023.27378117834,139242.1117021672
23011,2024,7,1,23023,447096.8340804053,648115.7548119064
27005,2024,7,2,"27029,27087",581665.4027387141,359541.906483317
39089,2023,2,1,39083,452744.2467523262,397308.23082767025
12097,2020,9,1,12055,353867.13183887146,235299.54473498315
51165,2024,7,1,51660,526677.4117738601,455813.2992081998
04001,2024,6,5,"35006,04009,35003,35031,04011",506442.7689245396,330256.6834568319
30029,2020,6,2,"30089,30077",629871.3138471019,384473.16457457945
38077,2023,4,1,38081,357188.280868879,402952.2747340626
51195,2024,9,1,21133,225094.1372868078,168557.5870268729
48123,2023,1,1,48175,513211.4341214346,525181.6089766253
38043,2024,8,2,"38093,38083",385000.1544489577,336189.05034665635
35017,2022,6,2,"35023,04011",351631.8707793946,298633.30775275175
13257,2023,8,1,13011,380262.07652210025,492573.16939633526
51173,2021,7,1,51021,198437.2110753559,309312.523532227
54081,2023,6,2,"54109,54089",247423.09285030412,185454.81165579578
06073,2021,10,1,06025,1274534.5020269556,399964.0373057655
32001,2023,9,1,32019,472930.17355155264,489274.9622471086
12115,2023,10,1,12027,890599.7146765763,462016.31988688256
37183,2021,8,1,37127,599429.3254183283,297015.2593605486
47031,2022,3,1,47051,432792.6137885316,569570.5122226794
28093,2022,5,1,28137,314901.1720570405,328407.29154379666
37187,2024,6,1,37177,205523.46560662557,311936.1962109043
13189,2024,2,3,"13301,13163,13317",334281.9491695829,287015.0499208565
41005,2020,9,1,41027,695888.886166694,761465.5874678027
17101,2024,2,1,17033,179989.58283182335,218569.9457669798
18157,2024,5,2,"18181,18045",421915.5953317668,326047.7383505418
35023,2020,8,1,35017,180230.5380055385,261659.04731449904
01053,2023,4,2,"01035,01099",241251.2573989319,257849.22541519377
06011,2021,10,2,"06033,06021",512516.21395394974,549628.5407793829
40113,2021,9,1,40147,314313.8229852841,250585.3330118273
31183,2023,3,1,31003,,526666.2525159628
36013,2023,7,1,42049,282815.4655645956,310114.7805602558
27001,2025,3,1,27065,437722.33550358313,374513.71588679054
35049,2022,6,1,35028,1019425.1049744852,691653.2112529128
29053,2022,6,1,29135,446301.4958837096,397453.4290721459
55129,2023,8,2,"55005,55107",489707.8838045667,373774.76230633096
01107,2023,6,2,"28103,28087",268021.65094307746,250291.17670919767
47025,2025,5,4,"21013,47173,21235,47067",364783.4695020796,301919.23727196746
38073,2023,4,2,"38003,38081",367032.1374034175,373065.7248409799
05147,2022,8,2,"05123,05037",195732.1946155687,224059.3853261232
12011,2022,6,1,12051,720659.7951928816,387090.9321775594
40011,2023,9,2,"40043,40093",211004.77867686911,335844.3230716292
48211,2021,3,1,48483,321444.5932891267,220921.61562838827
05133,2025,6,1,05113,278648.1952124389,321238.27281146636
13271,2020,3,1,13017,174705.6702794435,148422.35042487297
22097,2020,8,1,22077,243773.88369397668,310683.25924203853
30029,2025,5,1,30047,1128891.0048576456,1121723.735624102
18035,2020,3,2,"18009,18075",183062.10443207264,183623.59372796514
30067,2021,8,1,30059,1028187.03659965,508369.61680276017
20191,2024,5,1,40053,291608.652011043,297113.5179346004
05075,2023,2,1,05055,209641.72250945924,291162.1472211149
13199,2021,5,1,13231,286103.47854551865,416169.23995532776
47115,2023,8,2,"47061,13083",489193.8416339744,383378.6803912477
38035,2024,6,1,38099,394678.35845187376,238869.74601110577
54069,2022,7,1,54009,270168.85554662603,208851.97471258332
08035,2021,8,1,08039,923129.2697622408,877242.7947727288
29099,2023,2,2,"29186,29221",368500.6861892224,320326.75222129
55105,2020,7,1,55055,281528.9216781392,367016.7872631438
05053,2023,6,1,05039,302458.4076565782,229291.2863377461
41045,2021,6,4,"32013,41001,16075,41023",441518.86930261855,471869.1052231646
23011,2021,6,3,"23023,23007,23015",356748.23222160153,509886.0158767772
38045,2023,4,1,38003,360941.8692107662,343179.17494789715
27005,2021,6,2,"27029,27159",497693.6567152136,343005.28481756145
47151,2025,2,3,"21231,47137,21147",319721.9201911723,296515.70493868657
18053,2021,9,1,18159,201937.7949358095,301865.9221556868
45007,2022,4,1,13147,405985.7451794316,599921.710374354
30007,2020,8,1,30043,453326.50794802426,469698.8629984181
38043,2021,7,1,38083,350243.08477163856,338547.5027330034
05035,2025,5,1,05077,279178.4869403842,213355.35167065504
22009,2020,4,1,22077,256781.7107761399,309980.0581468024
13019,2020,6,1,13003,229121.65278092667,227619.68486242616
41005,2022,2,3,"41065,41027,41071",884952.5012454748,775767.7375665437
45073,2022,6,2,"13147,13137",608057.3240448016,528098.293352201
13159,2025,2,1,13237,515077.1383966501,804894.2121830955
27013,2022,9,1,27103,416316.73674090655,421210.47378929897
51149,2023,6,2,"51036,51183",414159.81185743416,361963.77102180454
01125,2022,2,1,01107,360841.9110877717,264827.45136590576
13135,2021,8,1,13117,455320.35539746657,660818.2698765324
28063,2021,6,1,22107,294465.7425332779,376649.3696182075
27157,2024,6,1,55091,497023.8257466387,376021.4469920429
06095,2023,1,4,"06055,06041,06097,06013",746200.7769139704,1745985.8455550524
51169,2025,6,1,47067,270009.33026846615,290065.2798423872
48043,2022,5,1,48377,410657.6400128695,388641.4425153848
20059,2024,5,1,20107,392770.772166641,345426.24956062675
08055,2024,7,3,"08109,08003,08023",505832.37742765347,412926.0943649484
56035,2022,7,1,56023,669467.3160709209,837417.261519833
20105,2025,5,2,"20141,20123",315597.5061564288,256476.05713549134
32031,2024,9,1,32029,915271.5021406112,725181.2581413724
01005,2021,5,1,13259,245598.1911459988,211718.8755805964
27079,2023,8,2,"27013,27161",522363.8909192846,396376.3226512658
51191,2020,1,2,"47091,51520",274640.3948791759,231949.38192258295
48135,2021,7,1,48461,326443.88763069053,249758.60997619625
12055,2022,6,2,"12043,12027",342756.5537321709,451881.2478017863
35007,2024,9,2,"35055,08023",583109.4559293948,516730.59966606286
37061,2025,2,1,37141,313305.82203712355,722435.0340235803
04015,2022,6,1,04012,583232.392200072,571994.1525139994
40117,2023,5,1,40103,294473.67638226476,311051.70666655427
47123,2020,8,1,37075,345422.4760088156,291912.49123262137
51195,2021,6,1,51720,185556.7226753702,166808.11584572608
06071,2021,2,1,04012,602876.3316164805,416892.4254858818
19167,2020,10,3,"19143,19141,19035",367623.6507643138,230724.99693707735
48339,2024,12,1,48407,604533.7102589696,467438.82135255664
48215,2021,5,1,48047,230028.93202024512,203545.5197886901
28029,2023,12,2,"28063,28077",248276.9003298107,249288.91950076813
31087,2024,7,1,31085,395559.3294220753,658215.6886902271
42041,2022,6,1,42043,464092.3010565869,380808.6566140002
51191,2023,2,1,51520,363790.9320563542,237042.1789342241
21075,2023,3,1,47095,159101.78344639714,240420.85430084087
29139,2025,4,2,"29151,29073",431990.6312674225,454203.87376206135
26109,2023,7,2,"55075,55029",241885.2056409832,495696.9231954783
47157,2021,3,1,05035,341157.12409430253,228665.54159524964
22033,2024,12,1,22091,407039.93012365344,316044.466045713
51650,2023,12,1,51735,356505.84133638465,602398.1933517529
30089,2025,5,1,30047,699254.3275180092,1121723.735624102
48039,2022,3,1,48321,461027.9354943846,343665.2067647903
39107,2020,8,1,18075,305670.53742125165,219853.54017165772
56027,2022,4,1,56009,432933.6469991864,436885.24306850735
48051,2021,5,1,48287,518886.7690701384,612078.874148178
48293,2022,4,1,48217,358626.80706543283,439858.8350708485
39093,2022,7,1,39005,377861.7882085292,331451.3292503513
18067,2021,6,1,18159,228547.2499995577,291609.3337999499
49013,2022,6,1,49047,485133.05279508926,433667.2518572261
13033,2023,8,2,"13107,13163",318676.20141940704,249993.94596206973
48181,2023,9,1,40013,542441.7195201867,367657.8774902439
05145,2022,6,1,05023,303497.7916581256,421000.7440094561
40073,2023,5,1,40093,403056.5369195483,352137.5276247487
48281,2020,1,1,48333,366530.36067867774,723763.3283870751
32021,2021,7,1,32001,208393.69084320357,447957.22519887815
48103,2021,4,1,48461,250117.67683538524,239414.01033670225
49021,2022,10,1,49001,597764.5036133007,449253.76924671326
31107,2022,5,3,"46135,46009,46023",454600.0230287397,412367.25598216295
39051,2023,6,2,"39095,26059",307782.41391719383,302152.36170259025
13293,2021,4,1,13231,222969.90325515825,409925.4108535112
49035,2022,6,1,49029,856622.1960411909,1150038.112058452
22033,2023,4,3,"22037,22121,22091",405505.48551092873,353509.1738448076
28133,2021,8,1,28027,216058.426495665,185746.67311508357
48463,2024,5,1,48323,391673.1686828337,292717.87189666723
35051,2020,2,2,"35003,35017",197564.73774096332,283429.84741872497
20091,2023,4,1,20209,640278.565547214,276753.5978742109
19093,2020,6,1,19133,220377.3578399612,199516.48734982676
31011,2023,6,1,31003,683493.1900312485,554718.0937835402
13261,2021,6,1,13197,215808.64868905116,312955.20989809005
31027,2022,7,3,"46027,46135,31051",481155.4669438486,435643.98895583977
28149,2024,2,2,"22065,22107",266134.18363869097,281371.8721669685
17167,2024,3,1,17017,304037.0041323581,168928.85550916925
28043,2022,7,1,28013,250185.57071716836,223702.24308640615
47167,2024,4,2,"05035,47075",389385.8975908345,294009.1459719803
47153,2024,5,1,47177,491011.13920274173,413200.72840569465
05037,2025,5,1,05067,258125.1954980638,178482.7426322104
21171,2022,7,1,47027,251923.2088862862,371096.6170987526
19187,2022,8,1,19197,243564.89416765925,237202.6298058488
17203,2025,4,1,17123,329015.32543822954,207912.86022733556
28157,2022,4,3,"22037,22125,28037",254931.88413685304,415402.6062582344
22103,2022,7,1,22117,480421.3791094835,280978.61162731587
48399,2022,3,1,48081,302635.12563413987,358882.3190784643
49053,2023,9,1,49021,790160.7695348816,547576.3403388616
53015,2022,1,1,53059,550444.4010098958,755652.6393096652
13137,2025,5,1,13281,474586.71307719295,629805.8304409917
37121,2024,8,1,37011,405475.5156195509,989189.989783212
27173,2022,8,2,"27081,27083",367963.8259522708,391043.28817238705
17159,2021,5,1,17079,213606.29194015855,251151.351663622
06009,2020,11,1,06077,536875.7603908415,599314.0055150678
01097,2025,6,2,"28041,28039",329582.35110569984,264444.32327410113
46091,2023,7,1,38081,,392338.099202697
38059,2023,6,1,38029,463165.6040958425,276411.4210279555
01119,2022,2,1,01107,251611.9714828237,264827.45136590576
51161,2022,5,1,51775,410304.54022614105,360543.0171330085
06051,2025,5,1,06109,1264379.1587675028,551812.0555652807
48123,2023,5,1,48175,517049.6144245283,529621.9568603475
48323,2022,6,1,48127,275060.528777723,265886.065859744
17173,2020,7,1,17035,230599.9977118772,237479.59927191425
18023,2022,6,2,"18157,18159",312766.2962893098,365338.0071118071
42089,2022,7,2,"42025,42095",416224.31497193733,423911.7284043727
13009,2025,2,2,"13237,13319",446362.36783265945,533408.7496781503
48227,2024,5,1,48431,289743.2031344446,340553.0727241708
19091,2024,7,1,19151,295031.50273817225,239723.25582276136
50005,2020,7,1,50017,371854.1030469693,448023.5107342703
47189,2025,5,1,47159,721396.540318888,465838.83913897583
48463,2021,4,2,"48507,48163",348963.36131592566,254374.82955327223
18055,2021,3,2,"18093,18101",235912.86740296835,251158.93666910514
18007,2022,3,1,18157,264003.7860946041,382077.2907515339
55117,2025,5,1,26105,453715.419098671,421879.6009490465
22047,2020,2,1,22077,272556.9596208869,311604.83625106094
29001,2020,5,2,"29211,29103",241777.02006430356,199539.2896552151
31047,2024,4,1,31073,353979.5372735127,626600.1955452793
37193,2022,8,1,37003,350919.9112234244,407909.30330039514
37023,2024,1,1,37011,388401.1431978657,972285.9338001168
06095,2021,12,2,"06055,06013",747862.6379909938,1566465.3243138026
48479,2024,4,2,"48247,48323",316765.9862289673,236238.0742087601
40049,2022,12,1,40019,288160.34991804283,313609.0286491777
35049,2022,10,1,35028,997421.3821052328,683155.5375943911
19147,2021,8,3,"19021,19041,19059",234619.8092605752,380766.59797051625
08023,2020,7,2,"08021,08003",278776.0623715163,306166.3013668201
06113,2023,1,1,06055,908465.6142605843,1663918.0746628556
21225,2022,6,1,17069,234571.81895678712,227043.65903030612
30081,2021,7,2,"30023,16049",786052.2108341051,409388.62704958004
27103,2024,8,1,27079,426162.5638243041,529939.9517647553
19103,2024,7,1,19031,471733.5771367244,396340.5170115112
22097,2020,12,1,22077,248654.4370325862,325884.82255122624
54059,2020,3,1,21159,120855.6669639686,140336.6057093565
18035,2020,7,3,"18135,18009,18075",186030.19065742847,185085.48981088074
27119,2024,5,3,"27029,27125,27087",376495.50145364174,361459.9608861683
16031,2024,6,2,"16071,16083",522399.65940084023,547725.3934106526
51027,2025,1,1,21195,157151.01125538166,199800.06950871216
27113,2024,6,2,"27029,27125",344284.2016995615,378271.5568146382
40119,2021,7,1,40103,327444.7049875057,287230.6230038148
12015,2020,7,2,"12055,12027",366663.9475450881,261553.48329798516
08049,2021,8,3,"08107,08019,08047",1197982.4545532942,1111179.2062277135
40007,2024,6,2,"40059,40045",309033.2185845325,213616.0099872778
13163,2020,4,1,13125,202011.7702176407,250652.0220676372
41059,2022,5,2,"53005,41049",440302.72123505146,545414.6013125884
06071,2024,7,1,06037,784517.5105625811,1518009.2468994933
27005,2021,10,1,27029,516276.71519353014,360297.15997020184
31185,2023,7,1,31159,416010.20566336747,520272.7967846504
40063,2022,6,1,40133,283311.2113660847,235593.2216821992
21149,2021,3,1,21233,237567.1275450168,208067.50384889753
30087,2022,7,1,30103,389736.82054973353,575207.5119179589
51071,2021,6,1,51021,261705.74153471712,307846.83413941483
04001,2021,9,1,04011,440661.04733852594,346615.3758797508
05059,2024,8,1,05039,294905.3971757902,218987.854882678
12023,2024,5,1,12041,425052.4503347452,455494.94893364445
38105,2023,8,2,"38013,30091",452167.8686440166,342764.94528061093
21239,2020,6,1,21005,413191.9759847592,256261.40718924868
37069,2022,3,1,37185,477165.3392962499,553701.0669458825
29045,2022,6,1,29103,271632.3549452133,302468.8800704773
29161,2024,11,1,29073,374252.7574937625,448840.3405894165
45007,2022,8,1,13147,424638.9118115769,613829.674669229
22051,2022,5,1,22057,478273.7320454062,329569.4746973436
42079,2022,7,1,42025,302276.10345621925,371339.8636918827
13223,2022,11,1,13097,461100.9195348206,435728.6245651471
16023,2022,8,1,16037,,796636.1160686781
01125,2022,6,2,"01107,01057",376910.87232906144,268195.2594957148
13135,2021,12,3,"13247,13013,13157",487249.8140387985,415523.8127004599
22037,2024,12,1,22091,385452.4564409579,316044.466045713
47115,2022,4,1,47051,477526.8783781729,579129.2952793912
16051,2021,8,1,16065,602800.9840621264,522959.73585542577
48043,2022,9,1,48377,418844.449451366,392095.3064174789
48249,2024,5,1,48047,280938.5988525683,172319.76349380473
19173,2023,6,1,19145,246527.27871832348,251842.13463967305
39121,2021,7,1,39115,276126.21427427855,247609.2682078863
48179,2021,6,1,48483,164638.00868872963,234905.56919325344
47133,2025,2,1,47137,410449.76003063726,415908.7780808371
47061,2020,9,1,47153,264391.0690966624,343532.1471718718
29125,2022,6,2,"29151,29073",425965.99104951794,417043.8877602421
17143,2025,5,1,17123,288829.6855488891,207744.689160732
13177,2022,9,1,13273,356113.5813504448,251444.69395879153
33009,2021,5,1,50009,509612.5175294271,371841.7605375861
47109,2020,4,1,47069,226828.84544555392,204743.30363669872
21145,2021,1,1,21039,243633.49377351208,207605.2378535597
20183,2022,4,2,"20089,31061",214586.65903042187,297170.07508993853
05095,2022,1,2,"05077,05123",230038.73798552647,216018.7007391291
16031,2021,5,1,16053,429880.9921709515,484870.5106386314
29055,2025,5,1,29073,351797.0592895676,457205.1217834141
51683,2020,6,1,51685,460894.3953183172,425995.0720651081
06071,2021,6,1,04012,647724.0243332406,452958.16598054074
29055,2020,11,1,29073,270795.4650402115,312290.8252455958
28077,2021,3,1,28147,231594.24656885795,236623.81230577757
06041,2021,3,1,06013,2307397.4759139945,1290203.2954516576
23013,2021,8,1,23015,622293.2398284859,637750.350915688
28071,2023,9,2,"28161,28107",566437.3862603633,291060.38816665544
21075,2023,7,1,47095,158159.10572033367,246304.11011887935
13227,2023,4,1,13123,563572.122582076,612158.7469711193
27143,2022,9,1,27103,464543.8534926872,421210.47378929897
27061,2020,9,1,27071,285477.2771607724,236135.9601561928
47157,2021,7,1,05035,361492.4774361034,236904.88833908108
39155,2024,5,1,39007,245626.19591252095,264532.1531414586
12115,2022,6,1,12027,905747.7176773694,471597.7092630395
46009,2020,2,1,31107,193362.7747156859,352831.12281509134
13031,2023,8,1,13107,383152.8815826219,243289.8528420472
05147,2024,10,1,05067,185235.3273375113,175809.64003955203
32017,2023,3,3,"49027,49021,49001",373551.27449071873,476802.0791635132
36051,2025,6,1,36037,375032.6353502844,305562.91754368605
48423,2020,11,1,48459,328586.9978385569,307176.7960471851
26033,2022,6,1,26095,293159.03183436097,252203.44886573547
55007,2020,6,1,27075,339155.6299230995,313133.7285882049
05017,2022,5,1,22067,254476.70017471505,211581.06158673775
48173,2024,5,1,48431,,340553.0727241708
05055,2021,3,1,29069,250529.89290359663,161046.85373018557
42075,2022,5,1,42043,413259.75282067223,376322.2916836896
41053,2025,2,1,41041,652364.5814725537,711706.558815389
40089,2024,11,1,05113,536625.6178579683,320987.8402551441
42081,2025,3,1,42093,344302.7731379541,452703.2384449165
28021,2021,5,1,22107,271532.45901425584,372894.1031086635
13177,2024,2,1,13261,366272.914299152,260843.29281573615
47069,2022,2,2,"28139,47109",262703.21740045585,257601.01024790673
51710,2022,4,1,51740,403037.6316056683,302142.59910757653
13179,2024,5,1,13029,310401.098949315,557302.4311332019
19137,2023,6,2,"19129,19145",248858.17313839347,346085.87574634654
35051,2020,6,2,"35003,35017",201956.81646423985,290510.3516594121
47113,2023,8,3,"47023,47033,47075",380399.2416481645,299958.73214542243
37095,2025,2,1,37187,539465.6006936909,207951.7701275385
38055,2023,6,1,38083,349579.1817553596,371929.2985763764
13223,2024,2,1,13143,456121.4198398469,396128.07060959697
29055,2022,4,2,"29093,29073",350083.0457222983,336580.0416291186
40085,2022,11,1,40019,391251.93035709526,314303.7668249838
16013,2022,9,1,16025,2370729.434767999,714252.017774477
21041,2025,4,2,"21223,21103",329580.1759957598,387792.81409189105
13241,2023,8,1,13281,873013.4080120506,624594.8422796378
13269,2025,4,2,"13197,13193",317694.791072529,307148.0477789859
36057,2023,6,1,36093,284167.34638523747,375581.055005654
28149,2024,6,2,"22065,22107",269781.6104233277,289611.5840794211
26009,2021,4,3,"26137,26039,26089",572813.092009969,474963.94241076225
29091,2025,6,1,05049,334826.99168810813,309375.0233434718
21139,2023,4,1,17069,218672.1785814974,206055.41700105337
06073,2022,2,1,06025,1379332.9025758246,416189.5054214424
16057,2022,3,1,16009,658137.5237339357,565966.0820128185
16081,2020,5,1,16065,810397.0959438294,383578.4898686735
51003,2022,8,1,51540,874026.2059616112,741916.1267002377
53015,2022,5,3,"53059,53041,41009",592011.4226517355,685119.3733616214
06029,2020,3,4,"06031,06079,06111,06083",339530.29429745424,914987.3328879345
17009,2020,7,2,"17017,17169",236305.8087629348,197441.6974884199
22045,2025,5,1,22007,241623.13205963292,267447.71174560155
21145,2024,8,1,21139,302847.09594813763,233294.54043607667
39031,2025,6,2,"39083,39075",324748.2213850205,499740.62117907754
40089,2021,10,1,05133,534885.5789625021,253596.4277750087
36081,2022,9,3,"36005,36047,36061",1033889.4764955188,1930839.763840245
16017,2024,9,1,30053,1050182.7101483017,678808.6870946777
06065,2022,8,2,"04012,06025",850487.1612733313,507892.2512777491
13105,2024,12,1,13221,302997.3153725047,446811.13044571417
48131,2021,5,3,"48283,48247,48047",240936.87455434352,274034.1485878771
01033,2022,3,1,28141,294365.73953679315,304595.0883525126
48363,2022,2,1,48143,720279.4043432513,621252.854970272
06083,2021,10,1,06079,1841135.6394506665,1154618.5398771
31079,2024,4,1,31121,354494.2185017771,422973.14452391554
47141,2021,9,1,47087,404757.3130600968,343122.1186261312
45025,2021,3,2,"37007,37179",254039.62742972857,397572.6422690602
55001,2023,3,3,"55097,55141,55077",354380.0136531202,345217.28202480136
47153,2023,1,1,47061,465397.8112632376,349082.32074320497
48355,2023,8,1,48007,401553.806513434,578973.8458655138
26103,2020,8,1,26083,246618.63799355945,261644.673455434
17149,2025,5,1,17009,215519.95787511623,276891.08852909115
37171,2025,6,1,37005,373108.4709492621,469558.34495700366
18013,2022,6,1,18109,534967.8974044947,416854.8584918124
37083,2022,5,1,37185,227901.1517916368,569785.706651179
17099,2025,1,2,"17123,17155",311309.13663150993,250928.2473709571
01099,2022,2,1,01131,269205.0956562289,292053.351250532
56013,2020,5,2,"56029,56017",368005.87822623894,368836.2113278246
37111,2021,4,2,"37199,37121",388771.133636592,379180.20854837215
51027,2022,4,1,51167,149739.41062866847,230847.23592951428
48219,2020,5,1,48017,241161.4552931528,215674.14036014173
47177,2023,8,1,47061,402355.4283699323,359604.7758434376
21069,2024,2,1,21201,301656.60408212343,295951.84173804225
35003,2021,7,1,04011,371840.7722197129,343339.43779573846
19037,2023,7,1,19067,405113.22277578927,298290.71145916864
28149,2021,5,1,22107,240130.1048512099,372894.1031086635
18025,2020,8,1,21163,189991.64025429147,281784.7727897964
51115,2021,8,1,51131,514809.71680150303,514288.2869025983
30005,2023,6,1,30015,400243.5057218305,565475.9122407404
51650,2022,8,2,"51740,51735",338493.1813694002,447772.7745143916
39041,2021,7,1,39083,583083.9512519562,364233.792956273
17055,2021,4,1,17165,184730.04603419235,154905.72790219163
28157,2024,1,1,28005,242993.8191332832,285178.8609788041
54005,2023,7,2,"54109,54045",173391.36807141485,154456.8706804433
21083,2024,2,1,21157,269924.2063415607,314690.6593662942
28081,2022,8,1,28057,295488.2213760009,259537.73779734017
37189,2025,5,1,37011,864350.0024346242,1007236.8532755704
47147,2024,7,2,"21219,21213",543178.9729174994,401694.9012676922
37111,2024,5,1,37011,464241.0849725097,984384.1710056268
54059,2020,7,1,21159,124554.69127049706,144791.87594882728
12083,2020,9,1,12017,281202.77640747855,285212.88305799523
51027,2025,5,1,21195,155861.61550019385,202838.5046975138
41001,2023,5,2,"16003,41063",504040.5997061536,773812.3105899461
39167,2021,6,1,39115,257417.41808555575,244692.1437870032
17135,2023,4,2,"17173,17051",238242.59518965415,286354.32042061945
53063,2022,5,1,16009,636590.4237130898,593924.8938766369
27139,2021,6,1,27019,565121.9772029842,647307.254268224
48003,2020,5,1,48165,345423.20257422206,300233.4677082734
12021,2022,7,1,12051,1523440.7394351466,392846.1718794634
48181,2022,5,1,40095,531079.1503287372,381021.5744688611
27043,2024,8,1,27091,295486.1196632492,468340.3919449704
46051,2021,8,1,27073,467496.6593561102,527647.3527096858
48485,2021,6,1,40033,227239.77237688607,208550.50573708533
37189,2023,12,1,37011,851838.2028803829,972823.8568595232
47113,2020,5,1,47069,264728.6925814278,204785.14262939745
48225,2022,3,1,48471,496018.29563727224,491447.9946001377
28115,2022,7,1,28013,301366.1228664305,223702.24308640615
22117,2021,9,2,"28091,28113",258956.97850448304,227611.77534053585
16005,2020,5,2,"16029,16041",340865.8017888498,390253.23489427846
31175,2020,8,1,31077,388985.4035217518,561482.1417178902
18181,2022,3,1,18157,316065.1639216487,382077.2907515339
37139,2021,6,1,37073,290005.74219614273,329059.8521145667
51005,2024,5,1,51580,279457.6351474856,152311.78828595014
23001,2023,8,1,23023,412656.3389721725,611895.5791080125
13103,2021,6,1,13031,343241.16554475937,307268.6557104687
13107,2025,6,3,"13283,13163,13175",262654.8287417302,290721.475332097
13291,2020,1,1,13281,394785.5349646302,427016.4772148644
49015,2020,6,1,49007,,256834.9258192616
13017,2023,8,2,"13315,13271",216087.3452824695,243299.56839134597
19033,2022,8,1,19197,376828.2622831268,237202.6298058488
34037,2024,5,1,34031,571525.76296758,700406.4507309893
21073,2025,5,2,"21239,21103",362049.3318671064,488960.1920321054
38071,2024,6,2,"38095,38099",344657.46222730726,246180.82305994185
51059,2020,6,2,"51610,51600",894068.2581978341,1047093.230070305
37087,2022,5,1,37099,516100.17453880265,1171867.9706546366
46109,2023,8,2,"38081,27011",461863.2736403728,385579.0402255282
12001,2023,12,1,12041,484490.774485616,446203.023916377
17065,2024,8,2,"17165,17059",209670.46690991896,154132.86631256097
45019,2022,6,1,45043,1094423.4779421233,715913.9458075842
12015,2022,4,3,"12051,12043,12027",579855.5332127218,409138.0492841495
48117,2020,6,1,48369,242298.03922675477,239598.7539987878
28059,2022,6,1,28039,318368.61514929286,286805.68286932615
29035,2021,4,1,29179,255415.39187558283,272253.3937649964
51051,2025,1,1,21195,177792.2046911811,199800.06950871216
05095,2022,5,2,"05077,05123",228463.50355439712,216479.15048824952
16031,2021,9,1,16053,456678.4735833594,519176.69614839624
55061,2020,7,1,26019,313396.1795386731,449442.589108137
31133,2021,12,1,31147,429321.35362559534,273741.6344451382
48467,2021,3,1,48379,402774.3399419584,426103.3690023916
27085,2021,4,1,27019,345546.4991123429,625398.1467342186
26091,2025,6,1,39095,373269.02598395554,307360.8214620459
51051,2020,7,1,51195,136380.6937728162,164672.94273641994
21161,2024,8,1,21201,307016.2136360699,312873.9805536734
27005,2023,7,1,27159,576970.0302296061,354009.117685632
06071,2021,10,1,04012,682347.130814422,501849.498600759
22111,2023,4,1,05003,256908.22877304823,173362.21545063428
51165,2023,7,1,51660,513575.5308195018,447562.7168483538
18007,2024,5,2,"18111,18181",294798.1896291233,338537.0200104674
31049,2025,5,1,08115,369131.3143607803,315022.4578946308
17001,2025,4,2,"29111,17009",289686.11380702717,306196.36157474533
37015,2023,7,1,37091,199150.5493918301,225750.86364836743
21011,2024,8,2,"21017,21181",291279.16808856424,432162.68851454183
12023,2021,8,1,12041,357646.16726775345,375011.8641554715
42079,2024,4,1,42131,310262.54889056255,344343.24264919007
29093,2025,4,1,29223,263549.6350339383,230776.2696984512
21023,2020,8,1,21201,239123.77328995703,226488.759033289
37039,2021,5,3,"37113,37075,37043",335011.7124675277,468131.60732970637
46009,2020,6,1,31107,196320.5861047822,364817.1171858948
26041,2020,6,1,26089,208831.2914100732,789029.5961421855
39081,2022,7,1,54009,199506.07356401323,208851.97471258332
37133,2025,6,1,37141,409882.5665788928,723591.4346770224
47029,2022,9,1,37087,373213.2981727324,525494.0842697788
48187,2022,5,1,48177,464526.53748855746,742763.0268337891
51770,2022,6,1,51775,292758.9772890021,365151.98009164335
55027,2023,5,1,55047,413585.01353448513,555817.1914399691
48083,2020,6,1,48095,356122.98545382166,272299.2713028891
47149,2024,6,1,47117,562965.9406281706,493586.21604405344
46039,2022,7,1,27081,659416.8885752864,450474.4828550094
01005,2023,6,1,13259,270205.05540308903,217005.09541680804
19139,2023,7,1,19115,315011.93908045825,272244.78245184064
05013,2024,5,1,05011,239116.04361855597,231937.08724630263
20011,2025,6,1,20133,284905.0211274104,239431.54955270523
13229,2020,6,1,13005,242057.3603004183,204887.1655841104
48499,2024,6,1,48379,479493.19540914753,513650.2937505164
13287,2020,4,1,13017,220979.34249018188,149594.65849925837
16047,2020,5,2,"16025,16083",409300.7187744925,418996.2619033476
48187,2025,6,1,48493,425106.9349992457,606088.0609171981
32023,2025,2,3,"32033,32011,32015",448930.0974637332,361084.8112982418
47005,2023,8,1,47135,306412.2682016676,323315.4909570474
51173,2025,6,1,51197,251285.7856753676,331434.66260007606
32023,2020,8,4,"32033,32017,32001,32021",343662.5165478767,272915.9585613226
32007,2023,6,2,"49045,49003",463947.91530192265,595569.4882590673
42123,2023,3,2,"42039,42049",215061.70806569365,287425.9489418407
13093,2020,8,2,"13081,13235",207980.2028473178,231092.86127250022
37017,2025,4,1,37141,317513.7120356883,723467.9075721469
41005,2024,8,3,"41065,41027,41071",908281.6378123974,786852.358247327
17095,2021,6,1,17175,198362.45066548104,318492.2884513552
48155,2024,2,1,48487,222949.7325135646,212309.2610333404
35023,2024,7,1,04011,200616.35589199816,336817.0880833478
48237,2022,4,1,48077,591490.4995877115,402421.7288958356
05059,2023,4,1,05039,273330.73258929496,230553.43004909097
47073,2025,6,1,47067,372050.0522892621,290065.2798423872
22097,2022,12,1,22077,269895.29232701566,358512.10749028274
21011,2021,7,1,21173,245873.14182668,271268.23122129356
48309,2022,5,1,48217,425338.1617084384,447410.3962172
48271,2024,5,1,48323,242044.1093281087,292717.87189666723
21191,2021,4,1,21023,332772.7661757942,283502.5516956018
28037,2024,1,2,"28063,28005",248924.19416550788,271560.67194307374
20157,2022,4,1,20089,290590.1977355712,278617.1941486204
19047,2020,6,4,"19085,19165,19133,19009",198762.8181517924,234562.16893734047
35043,2022,8,1,35028,527265.9306071713,691007.5249973912
54107,2025,6,1,54073,272491.8759016059,261733.4541457361
08017,2025,6,1,08061,366364.59166337503,374246.4475152219
48077,2021,4,1,40033,332879.613476851,204838.3803517328
21051,2022,6,1,21189,215502.55552008073,244154.29542503957
13153,2025,5,4,"13235,13093,13193,13023",365654.9586768401,289651.3819341863
29201,2024,6,1,17003,248088.6756041468,153084.50953433648
55051,2024,5,1,55003,363598.2982488345,323113.8560515972
48323,2021,5,1,48507,244057.1170912526,166805.00065300643
06065,2022,12,2,"04012,06025",819778.2316252285,492201.0061301394
12131,2022,4,1,01039,1803403.58331473,277304.7225502277
41039,2025,5,2,"41041,41019",632652.5640335431,605562.3630342409
55025,2020,6,1,55055,484433.85402691824,366130.4618878653
21231,2024,9,1,47137,277942.42022303864,400082.1497700196
45087,2025,6,1,45023,223698.88018416648,348933.16326303635
01033,2022,7,1,28141,307708.5954404702,314231.1197906116
21017,2021,7,2,"21173,21097",442737.95835343655,278118.1890200956
47131,2021,5,1,47183,237911.60983520735,254319.09348409917
54095,2024,1,1,54073,207971.03273621225,244384.29002928865
13285,2024,2,1,01017,355141.9534086827,243358.09144340744
55001,2023,7,3,"55097,55141,55077",364165.94740677625,348148.4329904439
29075,2023,5,1,29003,300993.86988310795,436670.7443060279
20131,2023,6,1,31147,422148.5288743187,310099.9243252809
51800,2021,6,1,37073,432782.0279865558,329059.8521145667
01099,2022,6,3,"01035,01013,01131",282953.52677503886,268870.5249478148
05019,2023,2,1,05039,250408.0953179587,234908.35707940636
39095,2024,4,2,"39173,39123",294586.1472887403,422810.9687624256
39019,2024,3,1,39151,324449.5267440484,313362.4928882091
01093,2022,2,1,28057,264456.74857992533,251074.65762868695
48215,2020,5,1,48047,203901.41164464783,177955.97492184708
45053,2024,5,1,45049,625315.180075185,302178.7709275143
19069,2023,8,2,"19067,19079",263413.57491998794,288296.1453536983
22021,2025,2,1,22041,229972.07349685792,223636.93762634555
18045,2022,3,1,18157,300390.2219081943,382077.2907515339
46085,2023,6,2,"46023,46015",,529371.6396621601
20143,2024,7,1,20123,329770.43332734227,262974.0546263319
17187,2021,8,1,17071,184371.75784699095,220101.66292610145
53011,2021,10,1,53059,705043.3900426832,740142.5710193975
06113,2023,9,1,06011,919021.567288889,525716.2847781744
20007,2024,9,2,"20097,40003",206767.56836951632,306007.4346171041
29025,2020,7,3,"29177,29033,29117",281698.5620766668,258053.1520992258
45075,2020,11,1,45011,221024.55030989848,234613.99558845515
48027,2024,6,4,"48281,48309,48145,48099",400324.7482692686,416095.996198087
51059,2025,6,1,51610,1194408.8602824092,1760281.194946372
56043,2021,6,2,"56029,56017",346802.5462247363,427000.80806538777
51810,2021,4,1,51131,540876.9071581612,473639.49965941376
21043,2020,1,1,21063,184607.70840203145,192194.31603538655
17113,2022,6,1,17039,349365.7657710501,229326.3200432448
39137,2024,5,2,"39003,39173",343371.77485673944,322896.9218587557
47151,2024,5,1,47137,313519.12472437974,389773.3987889951
06007,2021,10,1,06021,587683.4888564763,582460.5884092199
45007,2021,7,1,45059,355784.60848821694,330683.31002412376
27093,2023,8,1,27145,432419.3948563203,465227.04633212974
08083,2021,5,1,08033,524738.7313927034,497393.6141499176
29181,2023,3,1,05021,269781.70128702786,230208.5436118891
47065,2022,12,3,"13313,13295,13047",519641.8945116638,354482.31865385425
32015,2022,7,2,"32001,32027",400639.13972918707,452424.5701189435
39011,2023,6,1,39161,328701.9295079217,249870.53807711415
20099,2022,11,1,40105,238778.790735607,373716.8621079974
53013,2020,5,1,53023,348427.2208019055,259884.65972321815
22105,2024,2,1,28005,319611.6472594144,282744.9730406776
26103,2022,5,1,26083,324192.58104809193,307966.77623670286
48059,2023,9,1,48133,372596.20015825937,383865.191676656
12121,2024,5,1,12041,415143.550971192,455494.94893364445
05041,2023,1,3,"05017,28011,05107",210014.9096006686,217303.98834473023
51175,2021,3,1,37073,339451.59186630003,320531.8436523112
08101,2024,9,1,08027,417827.250394973,687126.1933490923
23001,2023,12,1,23023,422104.1639202197,626975.9029239109
04019,2024,9,2,"04009,04027",557159.4743946859,391651.0659539011
13291,2020,5,1,13281,396279.400337552,431167.6035711405
48213,2024,2,1,48161,576699.5353425569,501217.95520699746
18135,2022,7,1,18075,241810.5085909342,290969.1883987712
45027,2020,2,1,45089,260570.3006491066,231639.9577435439
17161,2022,9,1,19115,231020.3380414669,271523.1978248402
51059,2020,10,1,51600,916941.966962208,801330.8368162289
12057,2023,4,2,"12081,12049",606227.3813147884,593147.6180894669
39041,2023,4,3,"39101,39117,39083",667537.0954196729,349647.9434081206
49049,2021,8,1,49039,707692.2350176125,480172.99434700306
29139,2021,6,1,29073,369588.9047150684,361668.0130723721
13099,2020,11,1,13037,215332.01474067612,210976.1891542667
48329,2021,6,1,48461,441336.724362569,245408.26576728385
20103,2023,5,1,20209,469618.60607451823,278653.8936547073
17065,2024,12,2,"17081,17059",209431.40893158305,181090.3905668804
04015,2021,9,1,04012,513485.1584926919,491777.37779806694
48117,2025,4,1,35009,327840.28801438113,261215.17631049085
21083,2021,5,1,47183,225023.0098622255,254319.09348409917
39167,2023,3,1,39115,269896.8174645717,252932.00131610865
40119,2023,8,1,40103,369902.957391398,314946.17129906337
12015,2022,8,1,12027,625374.757390635,479114.13975222706
19101,2024,7,1,19087,304955.0758278039,319056.0784113577
35035,2020,6,1,48141,254903.28767609308,222813.51971410643
51051,2025,5,1,21195,174973.57158332234,202838.5046975138
28131,2021,7,1,28045,254493.86932324184,345134.94843005977
13163,2022,5,2,"13301,13125",266617.0316328725,312642.68637454096
42133,2022,5,1,42043,387119.0905642485,376322.2916836896
13251,2021,5,1,13031,290527.396417089,302517.04095735244
53033,2021,1,4,"53037,53053,53077,53035",1170721.6271582143,622912.5389810827
05127,2024,11,1,05113,261978.89659952125,320987.8402551441
21231,2021,6,1,47137,224602.77613815383,362337.9854319783
47151,2021,4,1,47137,270797.72927855793,346102.64219177415
08027,2020,7,1,08109,479211.4773702032,334705.44129077747
17029,2020,7,1,17035,189200.64701650213,237479.59927191425
31067,2024,7,1,31095,392803.1890486454,342710.3318522402
13037,2024,12,1,13061,245524.25594769896,354187.5721256053
13105,2023,8,2,"13195,13317",283180.77587541967,374330.5773792039
05141,2025,6,2,"05137,05129",305976.08428637544,302481.8045349126
18051,2024,8,3,"18129,18173,18125",303244.66688155715,348053.37137586303
39157,2025,6,2,"39151,39075",329707.4134545166,446032.455483987
29041,2021,8,1,29089,267314.91691619,347117.52370797656
08009,2023,8,1,35059,230264.7546856775,217400.99861237404
39037,2020,5,1,18075,242570.67829073465,214427.41472646504
25001,2020,10,1,25007,818716.0491295349,1988295.508982232
40123,2021,6,1,40029,259777.97833537371,251429.10640524217
08053,2024,8,2,"08109,08111",697326.1820826315,672008.6484542486
04011,2023,9,1,35003,337468.82279860514,383584.30629235506
13231,2024,2,1,13293,513503.33385864465,287221.4886724125
06065,2023,2,2,"04012,06025",805131.8188450431,484615.6884506923
29005,2023,5,1,19145,334945.9088326094,251314.30389153003
54091,2022,6,1,54049,300191.6870123007,252763.77278510787
13177,2023,1,1,13261,356295.87470275746,247124.9819741333
20007,2021,6,1,40003,171995.0905470626,263083.8304662386
20085,2022,4,1,20013,357308.6525006033,261006.30649950777
25017,2024,1,1,25025,1239947.1328344832,1246944.4024384045
31107,2021,8,3,"46135,46009,46023",406821.7576367701,371870.7978243397
13099,2022,4,1,13037,259448.07264898636,251564.68563173895
13151,2022,6,1,13247,454059.8471033569,432249.0620972076
36085,2022,8,1,36047,863019.2987461007,1716992.0508809872
27165,2022,9,2,"27063,27033",306801.1522465636,352605.3461545467
29223,2023,5,1,29123,228180.2967729447,267993.21989187977
32023,2025,6,3,"32033,32011,32015",451847.73255216266,360787.4334027047
08015,2022,5,3,"08093,08051,08065",1009085.3318105526,1029587.4137630352
26129,2024,7,2,"26001,26143",263423.8998972149,319702.23952224536
28153,2024,12,5,"28061,28111,28023,01023,28041",233825.0344454262,238429.76149528558
29053,2023,8,2,"29019,29089",435742.75415159034,453067.14517192164
29183,2022,5,1,17013,487031.8324691924,355984.17167749844
13033,2021,3,1,45011,264537.7159494047,246851.22761308576
48007,2022,9,1,48057,570172.6925622547,379617.79010216106
08091,2022,7,1,08111,1290731.9900777962,874084.8780526778
13161,2023,7,4,"13279,13271,13209,13309",252357.03838010845,278092.6601968844
47053,2023,8,2,"47033,47045",321781.05537007604,288125.6750113542
48423,2021,3,1,48459,341164.25627916056,320189.786556035
05005,2024,3,2,"05137,05065",360585.95697474485,301088.2684032355
13079,2024,7,2,"13225,13193",342168.74518504477,304694.1074033739
04011,2020,8,2,"35003,35017",295793.09177101153,294812.50890456664
48025,2023,7,1,48391,314787.468578205,274590.0311315541
21043,2023,6,1,21063,252631.1414305862,288208.5406050233
51057,2023,6,1,51119,445915.0987599458,591023.1449828997
16049,2024,7,1,16035,556763.2925483087,522831.6896756241
28153,2023,4,3,"28041,01023,28111",221880.26604358095,238427.26078445997
36089,2023,7,1,36033,225041.75641397573,342995.96830059413
18019,2025,5,2,"18143,21223",367074.93476109166,333846.7501253231
13279,2020,7,2,"13161,13283",212550.1097293645,214274.61793741683
38053,2024,8,1,30109,460412.5065174823,395013.40422181174
47079,2022,5,2,"47005,47017",363921.2578822958,311363.2272710968
26061,2024,5,3,"26071,26083,26013",285562.3656693957,272819.317527587
49019,2022,10,2,"49007,49047",936636.4615700268,409129.6180843753
13197,2022,6,4,"13053,13307,13249,13259",338320.6363993709,303652.19252516684
06105,2020,7,1,06045,434982.2830073507,779518.587008201
19107,2022,6,2,"19101,19183",220926.6902865355,323578.3270957722
44003,2020,12,1,44001,412525.24616632424,664668.0908471827
17011,2024,7,1,17123,211764.99494931623,203905.4532563527
48167,2025,5,1,48071,525817.4465545785,506258.4034039051
01093,2022,6,4,"28057,01133,01057,01075",280537.95414601936,335470.6424077209
17101,2025,4,2,"17159,17185",192037.7546359716,206062.27315160516
48251,2020,1,1,48425,358980.1433738998,444509.2974671728
39081,2024,9,1,39067,206724.38302656,270478.31497200386
20167,2025,6,1,20141,217522.3808396506,221382.46045261933
01081,2023,6,1,13145,490460.1735486257,488237.6134074099
16079,2024,9,1,16035,397852.8212553418,522301.2788678913
27059,2021,9,3,"27003,27141,27025",417320.5782636458,458118.2300843099
17073,2022,11,1,17175,276365.0749709925,299557.26367320394
05043,2022,12,3,"05003,05017,05011",261453.43990463016,216442.72716835924
12083,2024,2,1,12017,422275.1552583683,437823.3636814127
19163,2025,4,1,19045,416961.80315519776,320873.0113025698
06001,2021,1,1,06013,1432944.0688493391,1249900.4045592772
27143,2021,9,2,"27019,27085",463831.3314273046,522387.1316626731
06003,2020,7,2,"06051,32005",660956.1918325623,915580.0094730787
37189,2024,4,1,37011,852224.2009994661,978293.4711716624
28037,2021,4,1,28005,251988.82364618476,282431.92616758373
20125,2025,4,1,20133,215332.2135104522,242788.45088522547
53009,2025,2,1,53055,726516.1070121002,1637477.5915438074
19161,2021,9,3,"19021,19093,19035",251881.0660320972,245666.08257188663
18147,2024,6,1,18173,347862.93615339446,422487.72858050145
28131,2024,12,2,"28039,28111",289801.9736473359,274607.5502671654
25023,2023,6,1,25025,857846.6799346474,1251617.5463983354
51810,2021,8,1,51131,563226.0212585727,514288.2869025983
47181,2023,12,3,"47135,47101,47071",317293.5311278473,366877.5031313574
29101,2021,3,1,29107,354635.75637423486,279444.66231855
04001,2025,6,2,"35003,08083",497740.5769886817,477817.9733162655
08051,2021,8,3,"08029,08091,08053",1340385.1953922394,748302.740992332
40113,2024,2,1,40103,356381.33932249196,314203.46263454086
13139,2024,2,2,"13117,13013",594068.47130971,661759.8462943264
47011,2023,1,2,"13313,13213",432479.6760576042,326670.47455647297
22101,2020,12,1,22007,204323.2281863845,253433.21066453596
48267,2020,5,1,48435,664034.0578692644,233988.7510854177
31143,2024,4,1,31121,426846.6736225753,422973.14452391554
47163,2020,1,2,"47091,51520",271367.3733301358,231949.38192258295
13013,2025,6,1,13219,449433.05048060586,796504.1354065752
13009,2021,4,1,13141,359628.96415171726,366486.9312454788
27089,2023,9,1,38099,364485.7433167575,247275.3623494529
41039,2022,8,3,"41041,41003,41019",634682.261105124,654039.0691561186
18149,2023,6,2,"18131,18141",300363.64348843804,297410.7169076175
48371,2024,1,1,48475,278737.7452148025,294468.67009449744
29181,2023,7,2,"29149,05021",255461.72816826284,270343.77186807286
30045,2023,6,2,"30015,30107",534188.6190197404,442715.8088154389
05023,2025,6,1,05137,448075.4314893359,317170.32528165885
18157,2025,5,1,18023,436847.74091080064,345039.3584070988
27061,2024,8,1,27071,386032.2912626854,281797.94668830145
50001,2020,6,1,50017,571015.1314652428,446441.63780817174
28147,2023,3,3,"28113,28077,28091",251906.8160971644,238201.4447406343
16043,2022,8,2,"30001,30057",885455.7403519837,1879262.7197944657
41043,2023,4,3,"41039,41003,41053",558076.4559070055,654783.4047187852
13001,2020,8,2,"13161,13267",229981.70951660385,214074.3733346968
47019,2021,8,2,"47171,37121",296156.0261472487,317881.93668331957
06029,2022,9,1,06079,473550.637183679,1298494.0456362488
48213,2024,6,2,"48349,48161",585026.0318101725,473062.75833963056
06097,2020,3,3,"06033,06095,06045",1063211.2149816926,602373.4714059656
31051,2025,4,2,"31173,31179",429064.2642028773,436042.88345174177
45027,2020,6,1,45089,265728.8452467154,235168.1107210727
33009,2020,8,1,50017,420529.0819755369,452513.3675768915
36027,2022,9,1,36071,605940.2913741427,561995.5931541856
08059,2023,7,3,"08093,08019,08047",898505.0939137578,809539.8119615889
29069,2025,5,1,29143,161501.06971514074,184362.7336120234
46031,2023,6,1,38029,443000.093009205,276411.4210279555
41057,2021,11,1,41071,763023.4988136245,712147.1724539758
04009,2021,9,1,04011,357190.55420242547,346615.3758797508
41045,2022,6,1,16087,540783.8263013043,717197.1384069877
29137,2024,4,2,"29173,29175",383983.8326249977,359726.1534400446
47019,2024,9,1,37011,374261.3022629527,996787.307081881
39035,2024,5,2,"39103,39085",360477.72202185815,413179.9931092614
54043,2023,7,2,"54045,54059",214753.57890619643,165471.58620637038
29131,2024,11,1,29151,438547.9829219918,432013.7674664016
08103,2021,9,1,08107,546225.176210438,1798147.2821624049
42085,2021,5,1,39099,286218.3416288465,224328.73193528297
29139,2024,11,2,"29151,29073",423140.5229209745,440427.05402790906
55109,2021,5,1,27163,510406.0130062162,553832.1951703703
31075,2022,4,1,31091,,264646.75724843
13301,2020,4,1,13125,209523.75552993093,250652.0220676372
28035,2024,8,1,28111,292737.57850118825,256004.16582252315
29095,2020,3,1,29177,289973.1901683601,281224.31304035644
19181,2025,4,1,19117,489677.5134638225,345691.85845837765
19067,2022,4,1,19023,286459.4229085799,316971.4181884718
17005,2023,3,1,17051,253907.76898952984,291980.4483534784
22009,2021,4,2,"22077,22125",258956.77775477595,405740.2839113568
48035,2020,5,2,"48425,48193",347476.54463556764,454936.0763990494
18091,2023,6,1,18141,382967.4269326261,332807.1246865369
28011,2021,4,1,28027,242008.26704511183,172319.7116092839
39089,2024,8,1,39083,489188.68985794793,443945.5097695883
13187,2022,6,2,"13291,13111",553135.1128533264,773217.7410585275
30049,2020,7,2,"30043,30077",409516.8270422265,413061.256957363
04015,2020,5,1,32017,375748.2783818262,280776.54746197484
41067,2024,11,3,"41007,41071,41009",789649.615052199,724020.0742961173
21207,2025,5,3,"21199,21053,21231",279828.9668392157,292272.84483973746
13001,2022,1,1,13005,280925.33551882685,263385.30657789734
30001,2024,6,1,30023,669586.3219516323,465744.63518485654
37139,2023,7,1,37177,346309.8645680885,315624.83184912615
37111,2020,4,1,37121,321851.39307368087,277502.3688300924
48005,2021,5,1,48455,297858.08667114074,312274.99292833667
26165,2022,8,4,"26019,26133,26079,26085",332956.848420428,397212.03302814666
19043,2025,4,1,19055,397812.8495982783,496018.1165921644
34029,2024,7,1,34001,923656.375769724,623376.2335227898
45041,2024,6,1,45033,311212.07945508166,197488.59578069128
17009,2024,6,1,17017,273275.0338184636,172558.07226192413
28161,2025,5,1,28043,252631.48738674432,255972.95838855373
48477,2025,5,1,48051,900234.1130332673,575672.0239524225
41047,2025,4,1,41065,603262.0530577557,588237.0502141401
01061,2022,4,1,01039,274362.1820899652,277304.7225502277
40117,2024,5,2,"40103,40119",312096.8015685103,346931.56893987115
47123,2021,8,1,37075,410688.5918613874,362819.1821907083
51023,2023,7,1,51045,464159.3298004519,364048.0314241368
20103,2020,8,1,20005,357764.1771591807,237573.75429382108
48005,2024,6,2,"48455,48373",345044.03491316806,361543.8082598245
48079,2023,5,1,35041,156755.16573203422,246727.3774502897
37095,2024,5,1,37177,529438.9112336995,310352.613467078
17049,2023,7,1,17035,374584.4758050547,283435.7918774837
20141,2021,12,1,20123,180320.52509565305,251007.71802198
13269,2024,7,3,"13249,13225,13193",326575.60651879286,312316.4158470856
28143,2022,5,3,"28137,05077,28027",259575.56033586807,248236.11119654923
27043,2023,8,3,"19189,27161,27013",285363.24576570065,340197.19531142124
19045,2023,5,1,17015,304395.4176946996,348029.8481684019
30075,2020,7,1,56033,255816.29196326985,521200.8034540853
56005,2020,6,1,56033,384016.60851429665,520120.2120594711
41067,2023,3,5,"41057,41009,41007,41005,41071",778399.7750833108,762140.833397538
27025,2024,8,1,27065,509810.6989662525,381185.494997838
31119,2024,7,2,"31167,31011",385966.41544829734,621384.9605163161
48247,2025,5,1,48047,180214.77792991247,182445.14703625732
51163,2025,4,2,"51530,51678",537401.0945309085,395360.99865915684
46057,2021,9,2,"46077,46011",513259.7645104529,420260.54867179785
13289,2024,8,1,13175,231853.88581351624,314993.5318955479
37065,2021,7,1,37127,176021.85308573602,294128.9459624126
13091,2022,5,1,13309,280519.31449306646,278336.3271924835
51105,2020,7,1,51195,148757.20944068898,164672.94273641994
18067,2022,6,1,18159,260627.2422695232,335015.3351834992
13033,2024,8,1,13163,327066.15345320513,270909.86108239205
22077,2025,5,1,22029,338495.8955289964,235178.74428953207
06027,2020,8,1,06051,546259.147907898,901860.352792796
06019,2020,5,1,06051,425595.54371276544,908740.4756307518
08013,2021,5,1,08047,1103382.9880131113,688872.0273976849
26125,2023,4,5,"26087,26049,26163,26161,26093",530432.1678287397,417218.6248394613
12071,2022,6,2,"12051,12043",725815.0220769062,409627.85925904626
01101,2024,2,1,01085,321727.07205219223,279816.9245474879
48131,2020,8,2,"48247,48047",231770.4961552783,202516.9350078744
19169,2023,4,1,19079,403062.27439501527,272602.47299407044
21209,2021,6,1,21097,384246.9799380496,280791.5332934898
28047,2023,3,1,22087,345820.8349137942,325574.4325114645
47113,2024,4,2,"47023,47075",385139.48090270784,306576.47252506297
19187,2020,7,1,19079,195154.78457876577,209920.9282155922
21163,2025,6,2,"18025,18123",378976.21206949954,292641.67557926243
08089,2021,7,1,08011,247967.88584434355,256379.3694728144
17033,2020,5,1,17079,197368.55760691685,220539.404179804
13261,2022,6,2,"13249,13307",246840.6554644697,357798.485865668
51027,2021,7,1,51051,151502.3006222959,162689.02983346328
19083,2023,7,1,19079,247649.9100997297,276106.3898710154
17095,2023,7,1,17175,193175.98569114876,320214.73071524495
13157,2020,7,1,13059,371141.21095030016,331546.23663231765
38031,2023,6,2,"38039,38027",288400.9977150264,247550.7453406579
01093,2022,10,1,28057,283954.3251644762,253399.1732838557
06033,2023,3,2,"06055,06097",493966.1081166347,1442514.4773348658
26051,2024,7,1,26143,280145.2087377433,333004.36897823325
48053,2024,5,1,48281,973782.693980888,508458.44761224935
12083,2024,6,1,12017,423255.1904396683,439993.565791193
21035,2023,6,1,47079,291708.9086071064,356879.7629115427
28157,2023,4,2,"22037,28001",235024.7771863585,321696.7831348395
39063,2023,2,3,"39147,39173,39175",344175.3643248531,283417.707409623
08111,2020,6,1,08053,603324.2714948873,569779.6817316232
48075,2022,8,1,48197,215563.40413921248,194094.1054344238
22051,2023,5,1,22075,449463.1684448722,538330.4903688213
48025,2025,4,1,48255,325203.456812373,517188.5272944169
13189,2022,5,2,"13301,13317",318271.19147506106,308552.3703646077
39173,2020,10,1,39143,280871.53027918405,195452.055560016
47011,2023,5,2,"13313,13213",439314.9096993249,330100.20704279735
21025,2022,6,1,21189,170279.15336973444,244154.29542503957
48413,2020,4,2,"48095,48435",600072.6837887167,252953.63916105434
28083,2021,6,1,28135,187280.96284432113,251137.16178467064
22051,2021,12,1,22057,469041.3276093371,321364.2559697453
01047,2025,5,2,"01131,01085",184476.423754728,275908.5825516343
13009,2021,8,1,13141,379322.1046873227,394019.7015470191
47031,2023,7,1,47061,447470.83580475935,357050.0979497358
56045,2022,6,1,56009,439207.9622797393,444427.282465291
55075,2025,4,1,55041,297924.81530727074,358613.2608048632
20025,2024,7,2,"40059,20097",198971.08905046564,239014.11575949937
22033,2021,3,3,"22121,22091,22047",360805.39420874446,305701.74935499445
01041,2022,2,1,01039,273850.7626959754,274511.6715829068
48461,2022,10,1,48103,256571.69163185032,288480.2919606546
37041,2023,7,1,37091,398537.4539355745,225750.86364836743
19033,2020,5,1,19067,302589.0573921626,235170.65398962304
45083,2021,7,2,"45087,45059",321294.9464173229,265547.2878840161
29113,2022,6,1,17013,434188.40461392544,357755.09575615585
22121,2020,6,2,"22077,22047",293057.0506368347,291624.9278574234
12097,2020,5,1,12055,348530.59256525856,228297.1775965722
46059,2023,6,1,46005,615328.409493801,401654.6621586654
13077,2021,12,1,13149,481884.4768995619,369280.0390580211
13069,2023,6,1,13271,303537.5867265891,239562.92635822904
17027,2023,4,1,17051,299176.1217479461,293922.7027967879
37189,2021,7,1,37011,694153.784515709,830327.1319188401
08049,2022,8,3,"08037,08019,08047",1425596.8539064226,1554271.2281714296
12107,2025,6,1,12007,371991.49896658486,390872.80979505304
54099,2025,3,1,21159,219394.42792185643,206821.795589728
41059,2023,5,4,"53013,53005,41063,53071",426774.39385501295,590809.4678714949
54081,2023,2,1,54089,243234.43603765336,242457.6743765018
17137,2025,6,1,17009,215247.52914950863,279302.463589525
12097,2023,6,1,12055,523074.9369471432,352058.20023680135
29063,2024,7,3,"29075,29061,29003",435016.24079436593,426162.9234830365
48451,2020,4,1,48095,288978.93904224044,270650.86635049526
19007,2021,6,1,29197,205114.91001532707,277461.58238154935
16035,2022,6,1,30061,552674.2212249298,621355.5474039571
29023,2023,7,2,"29069,05021",259719.89689732404,202006.803481562
36055,2025,6,2,"36073,36037",420354.77366929455,291491.3971413136
40113,2021,5,1,40103,299903.16728188854,280094.1854482283
48323,2020,5,1,48507,222377.04974376224,153763.87763828805
55109,2021,9,1,27163,534879.0199157834,578393.8842531801
29095,2020,7,1,29177,293613.56001305644,284194.31661134446
20157,2024,8,3,"31129,20089,31169",308207.15860770544,357479.41274232324
47171,2020,7,1,37121,243566.04892615345,279616.3723721688
42083,2024,6,1,42023,186536.47837489468,154620.7189612849
27123,2021,9,2,"27163,27003",450983.80753825296,516718.72053541837
39075,2022,7,1,39005,569894.3981820812,331451.3292503513
13121,2021,8,2,"13117,13063",731506.7016837006,457915.49260609597
05091,2022,5,1,05081,294047.8547991268,244376.38686395204
48483,2023,2,2,"48211,40129",226761.2711701186,358793.2653658651
05139,2025,5,2,"05003,05011",251276.0184227821,190017.52281293803
01125,2023,6,1,01007,380036.70745933725,329050.9803376221
47023,2020,5,1,47069,237219.73811781732,204785.14262939745
22097,2020,4,1,22077,244138.0268992741,309980.0581468024
12001,2021,7,1,12041,403087.2474670652,371766.9155026276
48045,2024,4,2,"48153,48191",,189124.8346839309
31141,2024,7,3,"31167,31011,31121",419152.96351180546,557381.177973349
42085,2024,10,2,"42039,39099",300317.95161470096,263002.3107830582
13245,2023,7,1,13163,281284.94811377977,255511.2870056924
22105,2021,9,2,"22091,28113",321810.99230183114,276393.2127035402
05067,2024,4,1,05037,173393.65229534428,259759.24255776033
48479,2022,3,2,"48127,48247",311902.984433084,245493.17250395514
45073,2025,5,1,37113,667160.179315529,786920.3732239554
13311,2020,10,1,13281,322156.97493326,451358.4543484273
30041,2023,7,1,30015,327541.04208551045,572279.6427566414
29186,2025,4,1,29157,397459.4266253814,364767.472392852
51131,2020,11,1,51735,416265.4980270762,492050.6181049291
29127,2025,5,2,"29111,29137",322081.3845172079,371904.0492135221
26075,2023,4,3,"26161,26093,26059",324874.42808276764,476571.0745496788
48119,2025,6,1,48231,431038.53239037545,469180.6140278909
13215,2024,9,1,13053,319456.33917011664,260600.5014218662
21161,2025,4,2,"21201,21069",325033.6419351156,325435.2775835423
28005,2020,4,2,"22037,22091",246649.7887846833,358592.4149725662
30097,2024,7,1,30037,886918.813181085,464060.8562086662
13267,2023,1,2,"13107,13279",292260.45603978424,252290.64568349835
48389,2023,6,1,48243,346881.39762571995,423137.47252790653
46025,2023,8,1,46005,516604.28047123255,386910.0790343412
05093,2021,10,1,47097,213659.04319650464,219262.8796167442
27077,2020,6,1,27071,316957.82947370876,232268.4107465972
40067,2021,6,1,40033,160674.67122597568,208550.50573708533
45051,2024,6,1,45033,497940.81505044736,197488.59578069128
21157,2020,7,2,"21143,21221",231470.195326992,252561.1081179983
29151,2021,6,1,29073,361228.15796647593,361668.0130723721
05005,2024,11,2,"05137,05065",371128.02118288697,311286.08047958853
53077,2020,5,2,"53037,53053",372490.589934876,598103.0342465399
37195,2021,7,1,37127,266886.1976587724,294128.9459624126
27021,2023,6,2,"27159,27153",543841.9681894359,401992.9896137431
13033,2024,12,1,13163,329694.75424080476,274343.74024053407
39175,2025,4,4,"39101,39147,39033,39063",287280.6443024788,299941.4209982553
13043,2024,7,1,13279,364392.75311749615,293449.48243166605
28021,2022,5,1,28063,285422.7740903779,313064.42554952437
20007,2023,7,1,40003,194875.72442425028,274536.6978140294
27035,2023,9,1,27095,606554.579823923,415802.1303915857
21143,2024,12,2,"21139,21033",395683.2268447482,264099.2102400542
39133,2024,4,1,39151,395890.8216153156,315270.6232751914
17109,2022,5,1,17071,171108.63989230627,235622.5058528341
06045,2023,1,1,06097,850606.4409313168,1247899.789847522
39085,2022,9,1,39007,331818.2069188272,253002.77543081052
13195,2020,5,1,13059,296393.28340025555,328270.5990614901
47005,2024,4,2,"47135,47085",310432.2553445545,358553.7407123796
38079,2024,9,2,"38095,38009",,345382.55475809786
13179,2025,5,1,13109,318079.82016194303,313918.37097403104
48183,2021,5,1,48459,266932.60513821087,329290.8548172994
16015,2020,5,1,16045,466261.5179181662,473866.93537514826
17181,2024,6,3,"17003,29157,17199",273640.4676959968,255291.81955454315
13215,2021,8,1,13053,266694.5037636747,236144.45859552143
21139,2021,3,2,"21143,17069",176385.26997072285,258042.63148239366
17121,2023,2,1,17051,196350.81824077832,290456.9519447572
05147,2024,2,2,"05123,05037",186002.00124165727,220287.0229498649
48289,2025,4,1,48225,598239.4394894675,441769.5920027581
39107,2020,4,1,18075,298561.7383597547,213453.7707383573
40115,2021,6,1,40035,214412.34444876257,329600.6847548176
01071,2023,7,1,13083,331493.89503775357,405419.948126004
21101,2024,1,1,21233,310455.5983645662,259747.98710551765
06103,2021,10,2,"06045,06021",466452.10687093856,755110.8336600992
20167,2024,5,1,20141,204480.0684159235,198122.6973088679
48389,2020,5,1,48243,382823.0348155666,350929.3881297422
45027,2022,6,1,45089,358459.6651233292,300508.1652581468
40089,2024,3,1,40023,567289.8709411296,283218.7767431861
53019,2023,11,1,53047,446341.0162005468,572560.513194709
27031,2021,10,1,26083,550831.1408138773,282715.27092310524
39167,2024,1,1,54073,274735.25708694063,244384.29002928865
06073,2023,2,1,06025,1420717.1984715716,427951.8517166269
37189,2024,12,1,37011,873676.4809271569,1011166.3581966412
01123,2025,6,2,"01087,01037",734523.0120392448,354830.3950904992
06007,2024,1,2,"06063,06011",575136.5782946442,574587.8813040603
18167,2021,3,1,18165,207393.2404439645,197739.24086896697
55133,2020,6,1,55055,529750.9015498507,366130.4618878653
19057,2024,7,1,19087,265112.76408917713,319056.0784113577
37131,2022,6,1,37185,322466.06540900125,578407.4929109177
48277,2020,5,1,48119,248399.4396252499,288086.3432820087
42081,2023,2,1,42093,320719.74533207336,433773.8192506304
18017,2024,5,1,18181,255725.39222897857,337327.1463909819
05055,2020,11,1,29069,239714.1493370893,156952.87610366673
37039,2022,7,1,13291,413913.1612403991,591750.8187296144
40037,2024,4,1,40119,343093.80412911886,374635.8513338552
31151,2024,7,1,31095,366798.4807060694,342710.3318522402
20077,2023,7,2,"40003,40053",211233.34416699052,288720.38515195285
42035,2024,9,1,42023,287297.04563518614,153051.1722502899
47131,2022,1,1,47053,269508.8201694819,301778.71212807245
19169,2020,7,1,19079,339542.5839221099,209920.9282155922
16005,2024,6,1,16071,501889.5038749049,538948.2129259491
51153,2023,7,1,51685,751725.8981555017,550227.5525609307
22033,2021,7,4,"22037,22121,22091,22047",368948.0941691276,331500.46029552736
53073,2023,10,3,"53057,53055,53047",865004.80554122,1020913.130241424
18159,2025,6,1,18023,373065.0798529515,343991.6209212059
47113,2021,7,1,47023,314684.008391254,268149.0133527192
31149,2023,9,1,31089,370243.9562423175,380354.5760551756
32013,2020,7,3,"41025,32027,32031",341347.86683803494,414116.9996013888
48225,2024,11,1,48455,437967.47387946537,354186.0372062957
36119,2024,7,1,36005,1360815.541299212,741341.3428579298
48167,2022,12,1,48071,539487.1440299705,486327.0252780094
19015,2023,6,1,19079,361024.980845684,275035.35639089835
13105,2024,4,2,"13195,13317",291455.8583478954,383173.48424143536
28081,2023,8,1,28117,300878.2390167577,226487.47057599985
05037,2023,8,3,"05111,05035,05123",256740.3340014541,226737.95172960535
55061,2024,8,1,26019,421004.3588597602,695790.3743190096
48467,2025,4,1,48379,474545.5443325723,508523.4034408643
41001,2024,5,1,16087,513226.2369515265,668156.1900362101
48399,2020,6,1,48095,237237.48962251612,272299.2713028891
06049,2021,10,2,"41035,41037",341274.6130460022,348473.38877929794
20125,2022,11,1,40105,207169.41058999044,373716.8621079974
31153,2023,8,1,19129,475717.8779616354,439918.21295105136
22099,2022,8,3,"22101,22007,22047",293878.76163061423,266005.1214086236
49007,2021,10,1,49039,328602.0795909096,497854.6634667364
08037,2024,8,1,08065,3110831.8265511617,698436.1082063258
16069,2020,2,2,"16035,16061",335703.38509455486,315558.6809845563
48109,2020,6,1,48243,,351212.2934935595
06071,2022,12,1,04012,747572.0364291146,558483.1239020746
51199,2020,11,1,51735,479792.8796741275,492050.6181049291
23001,2021,7,2,"23023,23007",347384.4830388753,468058.0727017365
48041,2020,7,1,48313,383436.5445540874,378280.1042631287
01077,2023,12,2,"28141,47071",372716.853498276,336280.5733503507
40129,2021,9,1,48483,362642.7174302649,249786.16143435577
30003,2022,7,1,30103,427368.4065294184,575207.5119179589
05135,2024,11,1,05065,283094.9622839191,299542.89367102185
48157,2022,10,1,48481,583678.869553404,523026.7718659798
20029,2024,5,1,20123,216344.87511767927,259489.03983031187
21183,2021,3,1,21091,199717.48091216027,261388.65729378696
41011,2024,12,1,41019,530823.3532894094,507597.4588930868
23001,2024,8,1,23023,433539.6315505162,649907.044217104
54013,2023,7,1,54105,188247.40070049753,214295.2640978284
17161,2023,5,1,19115,233544.0869920951,268949.2962153131
26037,2025,6,1,26117,432479.7995409556,322363.61610879604
18063,2022,8,1,18109,448687.9214302232,417501.4196539926
22111,2021,3,1,22027,245062.37318375125,266467.2077290409
48473,2021,10,2,"48477,48185",572116.1545552114,751263.5798825396
48165,2022,5,1,48115,363797.8564281775,218314.69744193065
06001,2020,1,1,06099,1329396.3692508533,447282.3870506718
48243,2022,9,1,48377,451479.03276772983,392095.3064174789
13297,2024,2,1,13013,519959.5938742147,443121.6350720275
12015,2023,4,2,"12055,12027",597844.785969276,404031.4957504977
18049,2024,6,1,18149,333233.5449986986,322084.7514092301
26075,2023,8,1,26093,329003.8341324119,520438.219412979
08049,2024,5,2,"08019,08047",1323693.608747491,838800.4035623923
50027,2020,5,1,50017,547452.1633408604,445711.2746726363
06031,2023,1,2,"06079,06053",452216.6003225565,1439203.3910151718
08009,2021,3,1,08011,197139.6026007691,232705.58760893796
42079,2022,3,1,42025,290780.89167957933,349172.64770625386
42037,2023,2,1,42093,362425.2397884086,433773.8192506304
29147,2020,3,1,19145,320860.0686294424,194574.2954502249
29093,2023,3,2,"29123,29221",256734.67101847692,276999.7394176199
48201,2022,3,1,48071,459492.4032262747,479450.81133080326
01005,2024,8,1,13061,266064.03236196045,357022.1298334387
12105,2020,12,1,12055,294664.30997352366,246896.6109049425
23019,2022,12,1,23009,352884.8389565405,736310.1530684895
29049,2020,7,1,29177,312387.13536379597,284194.31661134446
47069,2023,8,2,"47023,47075",277817.4515580068,305041.91596385173
49037,2021,9,1,08033,522484.8881422041,517883.42527685966
01047,2022,6,1,01131,191291.63389588473,294048.24698663334
41051,2025,2,3,"53059,41027,41009",738782.3254588902,815226.6399115762
31083,2022,4,1,31061,298743.3394622268,315722.95603125665
05059,2022,11,1,05039,272350.76717576437,245601.7685298712
28009,2025,5,2,"28139,47069",243642.04482415217,264215.34695218015
30047,2020,6,1,30089,651034.3379989378,410634.0550225592
29221,2022,5,1,29093,303175.8797994801,265322.6556667504
21175,2020,7,1,21063,173571.9017071326,204198.77954896225
54023,2023,9,1,54093,277022.5689505588,387861.5117874906
19047,2024,7,1,19093,270959.0663025575,274300.9604398406
46129,2023,7,1,46045,260740.47576612953,497841.263873242
48395,2025,5,1,48051,569312.266706382,575672.0239524225
05019,2022,11,1,05039,246882.9138252124,245601.7685298712
39075,2024,4,2,"39169,39151",536426.6128055057,350798.09447950555
42011,2022,5,1,42077,390546.4340938077,459114.1146471784
05115,2021,4,1,05101,270721.0934194355,301758.0761784097
21053,2022,7,1,47027,266936.4551455412,371096.6170987526
48239,2025,6,2,"48285,48057",440801.4972058996,510832.7827379778
53031,2021,1,3,"53029,53055,53035",696013.3525480023,939020.6252044834
21211,2020,5,1,21005,396555.5191040285,254196.4159546527
17021,2023,4,1,17173,197415.48000606024,278785.938044451
30079,2024,6,1,30109,295793.97738276504,388948.3357613953
17131,2023,8,1,19115,313708.397261262,274575.55625176005
13123,2021,3,1,13227,484895.6837954854,453815.3262593081
18169,2023,6,1,18103,281045.1114460409,238345.4596294084
16043,2021,8,2,"16065,16081",731132.5813367352,871991.7327888058
17041,2023,7,1,17147,220914.4245273543,341149.0790332284
47005,2021,7,2,"47083,47039",270308.4636731039,315219.7777373026
06069,2024,2,1,06047,996700.0613556722,546977.1710324291
42105,2025,5,1,42023,276848.8771002839,151362.05430107826
41053,2021,12,1,41071,591781.0852023369,719173.1666060515
32007,2021,5,1,32013,420224.0530425172,400614.5568983404
30059,2023,6,1,30107,552928.5077777695,319955.7053901374
26043,2024,8,1,55037,279351.049556344,335842.53097387066
13059,2023,4,4,"13195,13013,13157,13221",452114.7933301933,440692.27220435767
26131,2024,6,4,"26071,26083,55003,27031",230602.91382852095,388508.6823464795
19139,2024,7,1,19031,324067.4073916459,396340.5170115112
13175,2020,7,1,13283,243480.55214851515,234555.2925636652
39029,2024,10,2,"39151,39099",270070.5055827638,305667.92925934435
08059,2022,7,3,"08093,08019,08047",956886.1262526005,857537.411380773
26095,2023,4,1,26097,250974.3440771563,316465.5809705527
29111,2021,9,1,29103,310765.38337598334,262150.1009656691
32023,2021,8,1,32001,413684.0604890117,455516.16048507346
32007,2024,6,2,"16083,32015",474327.9479880104,479754.3263212652
13215,2021,12,1,13053,275621.99395232263,242097.7538116882
13219,2020,4,1,13059,540127.6815926702,326277.5311036148
19157,2021,12,1,19095,322013.9159965281,300838.0243538878
17121,2023,6,1,17051,199714.23589250256,295896.9280004076
35015,2024,8,1,48109,366253.8897621697,258421.85669915308
13237,2023,4,6,"13141,13159,13009,13133,13211,13169",760603.0197858821,628371.4744750554
05031,2020,9,1,29069,262829.7133446262,154569.5620782196
22109,2025,6,1,22007,308353.5614702173,266874.3737312634
13241,2024,12,2,"13281,37113",898780.5383595494,709598.736702305
39005,2024,4,2,"39169,39103",351760.19510146073,428255.8991259457
48271,2025,5,1,48507,231653.18898849844,166814.5914280916
51800,2022,8,1,51740,490299.23579566577,308725.53050489025
19047,2021,6,2,"19193,19093",224369.7320377595,256579.94805316208
13045,2025,6,1,13149,414953.3622887975,441599.97861916706
28139,2020,1,2,"28009,47069",202840.55691229543,208045.64856015355
39001,2023,7,1,21161,288933.60379868024,289733.44192608935
18123,2021,6,2,"21091,21163",243873.1927373867,295501.89172401273
22115,2021,9,1,22003,236908.1435672119,224995.35590475544
18167,2021,7,1,17023,217748.68605918108,219737.74251929065
20025,2020,5,1,20033,135563.3344960427,160570.71371240984
13273,2024,2,2,"13307,13261",247562.10365553,310078.47800252505
17133,2023,6,1,29186,413776.7119240446,361996.6904590723
42081,2023,6,1,42093,325223.99919537775,437563.6606258448
17147,2021,10,1,17039,313187.66524199623,208380.35749789697
21007,2021,3,1,21039,213904.0825262429,212711.5159391174
30031,2023,6,1,56039,1194843.6652622072,5278540.761307229
01113,2022,6,2,"13053,13259",278608.82164765225,249505.8991846657
22117,2024,8,1,28147,248725.52972581217,264812.2171172175
47131,2022,5,1,47053,279886.05321182666,317551.7359722368
49019,2023,6,7,"49007,49055,08077,49047,49015,08045,49037",893801.7559434973,598677.8338965529
05061,2025,4,2,"05113,05109",294212.82939620136,328178.4633672982
54055,2023,2,2,"51021,54089",221621.56987184993,269972.55187168636
12075,2024,4,2,"12041,12017",489149.46687728487,445854.71210498037
01119,2025,5,2,"28069,01023",239890.103485015,238362.05490925297
46085,2021,5,1,46023,,419018.06385385414
20143,2022,6,1,20123,322977.16202602646,276097.85391618655
13185,2025,6,1,13173,344558.49733020953,291463.6937195904
51650,2020,11,1,51735,275669.16607622354,492050.6181049291
45003,2021,6,1,45011,330524.66911285283,259217.8790877684
21159,2023,7,1,54059,193048.0309242064,154305.71137326423
05147,2021,5,1,05123,169265.92350561012,174184.8070273382
51003,2022,4,1,51540,842207.5907182954,723194.1094448827
16079,2025,5,3,"16035,16057,16009",402554.6303314704,567816.1930866517
29137,2020,6,1,29205,288289.075280698,240761.4805854361
17059,2023,4,1,17069,128537.73049752109,206055.41700105337
51163,2024,4,2,"51530,51678",528962.772654303,374862.72391136916
48205,2023,8,2,"35059,35037",360078.1748176432,221883.5660993466
35043,2020,7,1,35006,385149.22547236265,194272.4739750985
39151,2021,5,1,39099,260509.19994763835,224328.73193528297
18083,2023,8,1,17033,246876.46496785097,225375.0454299155
29033,2025,6,1,29025,389033.30021820497,463954.20227198495
08073,2021,8,1,08039,428307.7540734467,877242.7947727288
17153,2021,3,1,17181,190221.64232693613,256596.62770956077
29027,2022,4,2,"29151,29051",419380.11116946535,376417.8213779929
20077,2022,3,2,"40003,40053",193494.260798278,301391.7730534824
18053,2020,6,1,18009,172314.135247418,157092.10549237495
22099,2022,12,1,22077,286706.7804706751,358512.10749028274
05139,2021,3,1,22027,233505.75988750812,266467.2077290409
08065,2023,8,3,"08093,08015,08117",693098.6768083259,1209732.7954024107
29017,2024,2,1,29157,304519.2198888075,345828.13891576015
16069,2020,6,2,"16035,16061",340448.9246950356,322529.8162711647
13305,2020,8,1,13267,240478.95156777176,232112.9221536288
17149,2020,7,1,17013,172870.91588684675,312141.32564678945
31111,2024,9,2,"31113,31047",361976.50809422106,418734.9777455728
27089,2024,5,1,38099,353591.1449136403,236685.69975210223
48041,2025,5,1,48051,515294.5724919177,575672.0239524225
42061,2024,4,2,"42009,42057",298562.2954486481,341080.30780614004
31071,2025,6,1,31175,514951.12184461625,510189.5505566159
31139,2024,7,1,31167,567883.9425843137,501474.2548851992
18067,2023,4,1,18103,258950.82330991296,232436.75665426083
13033,2025,6,1,13163,325037.8743693728,268337.1462647481
51650,2022,4,2,"51740,51735",329142.4342356464,436880.7646475492
16005,2021,9,1,16041,457164.1281647689,586955.6975561992
51153,2020,10,1,51685,594163.9143775689,438604.79639712354
48199,2024,11,1,48361,357117.87154834316,286345.6187230784
37111,2024,1,1,37011,461546.3507502948,972285.9338001168
49047,2020,7,1,49007,334830.18063481024,257525.27906726833
08089,2020,7,1,08025,201708.46837059667,217392.30466462215
49053,2020,8,2,"32017,49021",545381.1835190188,344691.8080538683
51089,2021,6,1,51690,184953.65728895192,148604.9504600619
40031,2022,10,1,40075,252495.48313907505,181481.0388648144
48015,2020,1,1,48481,708287.2994809487,428413.4484788081
55071,2022,7,1,26105,342928.64274695754,413864.1160861999
40149,2022,7,1,40075,211227.09802285736,183172.3697481004
08033,2023,4,3,"08113,08111,49037",547181.0502473562,1957835.9327236086
30097,2023,6,1,30107,839734.8854802909,319955.7053901374
08009,2021,7,1,08011,207782.07755720872,256379.3694728144
29147,2020,7,1,19145,325119.41515000473,195996.97035581103
48201,2022,7,1,48071,487300.28252600785,495297.58901490504
06015,2022,11,2,"41015,41033",503543.46164981974,645530.1100400044
26127,2023,6,1,26105,417490.83628167416,412616.0311417743
46051,2024,5,1,27073,476935.7798681143,442617.2511360636
08053,2022,7,1,08111,727293.2929525976,874084.8780526778
19165,2022,5,1,19027,317841.3975165858,315523.6906628551
26099,2023,4,3,"26087,26163,26147",371469.4511962991,352692.3171754992
40121,2024,6,1,40005,287699.6578923086,380435.0047970798
19187,2024,6,1,19151,242951.65873180356,239452.90987158203
19183,2023,5,1,19115,350993.79841104447,268949.2962153131
51700,2022,3,1,51740,326654.87268558535,299089.1332370895
30063,2021,5,2,"30089,16049",624610.9020848676,490464.9458188517
27097,2023,4,3,"27009,27153,27095",444418.9164013995,417190.06830244
34025,2024,5,2,"36081,36085",1153972.781695916,939008.3888162677
13107,2020,8,3,"13267,13283,13043",187123.61646212215,237884.08309171544
45041,2022,1,2,"45033,45089",283109.1344843562,244675.5605410482
51059,2020,2,2,"51610,51600",883245.2707427923,1034617.976150506
48387,2020,8,1,48119,312249.05634508206,289823.66118054517
39089,2025,4,1,39083,490955.1397151544,444500.3392070339
21071,2020,6,1,21159,156509.44542905386,143286.98544181493
21073,2020,7,1,21005,258490.5459501077,259295.0918289637
48143,2020,5,2,"48425,48193",455596.51802409854,454936.0763990494
48335,2024,5,1,48431,232642.37313744947,340553.0727241708
35007,2023,4,3,"35059,35055,08023",573236.0548274559,433262.09443492483
06047,2023,4,2,"06069,06085",534984.4871512315,1759759.66828379
35025,2023,8,2,"35005,35041",296103.4242997619,263086.683753391
55061,2020,3,1,26019,309212.21457313956,440303.81343726866
19015,2020,7,1,19079,281152.86944826465,209920.9282155922
29223,2021,4,1,29179,194816.1500832777,272253.3937649964
55053,2023,4,2,"55141,55035",301887.9369196883,376829.5580844645
05067,2021,11,1,05037,172684.12758096654,240484.55568255248
13009,2022,6,1,13319,424473.93813108926,253792.4932568063
39119,2023,2,1,39115,292902.7681028895,253676.31760934868
35053,2020,8,2,"35006,35003",248695.24101789235,261913.60162810748
27057,2024,6,1,27029,479097.2513741085,369012.3921655765
01053,2025,6,1,01035,242841.6617566255,246456.35361449397
30107,2021,6,2,"30045,30059",273248.3328708687,483788.02000326687
48231,2021,3,2,"48119,48379",375392.54993290425,375320.95736168476
28029,2024,2,2,"28063,28077",248692.04072295132,245400.03883947607
28073,2021,9,1,28091,350151.9177652658,239404.50121931103
01099,2025,5,3,"01035,01013,01131",252820.6243250346,252282.34294588128
45045,2021,7,1,45059,432659.11582820624,330683.31002412376
32007,2024,10,1,32015,480866.86763320706,408635.3639552852
13125,2021,6,2,"13301,13141",313205.1358292854,316782.05687421706
19147,2023,6,2,"19021,19059",262428.0354153881,529447.0140190265
13109,2021,6,1,13031,281834.72072281834,307268.6557104687
22119,2021,5,1,22027,246539.75129952197,255394.1202462944
20157,2020,7,1,31095,219760.3929387459,263521.8636822025
29131,2022,6,3,"29135,29151,29051",438727.5927463015,392868.1432867416
19113,2025,4,2,"19105,19055",373799.7307838671,458881.7336204026
13167,2021,3,1,13283,222124.2983843469,267810.6571919399
21101,2024,9,4,"18129,18173,21225,21233",318588.1956952259,321279.625374504
05079,2024,8,1,05025,230157.88396660212,269677.03209772106
27145,2023,3,3,"27153,27009,27041",457833.625141924,452840.813909525
21205,2023,7,1,21063,265936.2537708334,285813.2885691444
20065,2025,4,2,"20147,20163",229569.12885882473,248320.88671900297
05019,2024,8,1,05039,261919.02415425944,218987.854882678
46017,2022,4,1,46015,,493350.8481902724
23011,2023,8,1,23023,430227.9080610635,611895.5791080125
27173,2021,5,5,"27073,27081,27127,27083,27023",312106.12595599843,400074.23499274347
13291,2024,12,1,13281,582036.5424775636,640208.872482069
55057,2023,7,1,55141,372724.4138068186,291124.7612061573
21185,2020,5,1,21223,483283.6459010508,267877.33834652894
21227,2024,7,2,"21061,21213",436667.2730090259,353053.96704307594
17131,2025,5,1,19115,307083.1275577303,294761.89045104716
29047,2023,4,1,20209,436388.7787092491,276753.5978742109
21049,2021,6,1,21173,314186.09632622503,268089.8857797282
29171,2025,6,2,"19185,19007",434740.3786777796,273276.30713014427
13189,2021,8,2,"13301,13317",291749.1786043313,272649.1365753104
26061,2022,4,1,26083,284305.11796413315,302865.3002407332
29111,2020,5,2,"29103,29205",255539.4524689351,228372.60964610754
54001,2024,3,1,54093,216418.45110009977,390311.23024358926
38043,2023,9,1,38083,403952.8226736992,352824.1794263068
29095,2021,5,1,29107,335511.2735894685,293036.85790696816
35017,2021,7,1,04011,299151.0725969873,343339.43779573846
26071,2023,7,3,"55125,55041,55037",226319.94608928537,449044.4591882699
17025,2025,4,1,17159,202208.41850236652,216181.19665360905
22063,2021,9,1,22091,320797.5304782666,336967.3759453197
01113,2022,10,2,"13053,13259",279170.45212581236,243642.9212903073
22117,2024,12,1,28147,247791.30610621595,265164.5269062672
54095,2025,5,1,54073,212062.6345523153,263138.8554971044
47073,2025,2,1,47067,375544.06066948053,292497.0444840282
54055,2023,6,3,"51021,54089,54109",226539.5924298416,222575.8985054052
06105,2021,7,1,06045,517926.118192526,911243.3263178194
13285,2025,6,1,13149,368389.78451559454,441599.97861916706
48245,2022,7,1,48071,282009.9911823135,495297.58901490504
29113,2020,3,1,17013,317396.95047338086,302955.3824166088
48061,2025,5,1,48489,328215.51508911076,447713.84550527454
21007,2024,8,1,17003,265195.5986845065,149724.91856665746
31021,2023,10,1,31173,360393.56054987333,390080.10404531966
47163,2022,9,1,51520,379443.6440807529,232664.03853851545
31059,2024,4,1,31095,342382.56331725675,336538.3234955689
05147,2021,9,2,"05123,05037",175840.30008000648,207239.88040984413
54085,2024,9,1,54073,238327.78893177968,262163.05375786085
44007,2020,3,1,44001,395215.28370552766,614630.6917348268
19027,2020,7,2,"19165,19009",257860.15572018307,234228.76624044537
48125,2024,4,1,48153,288124.6621710306,175563.60947415754
27149,2023,4,3,"27151,27011,27041",374317.61082406715,452841.36565901124
31031,2025,5,1,31171,509281.1541245451,547358.6820848468
19175,2020,7,2,"19003,19001",211862.22263569143,233825.53658252157
32033,2023,5,3,"49027,49045,49023",314511.78598333476,541799.3680231544
51015,2024,7,1,51790,491628.80534880335,379644.4253305614
01019,2023,7,1,13055,374823.5552318709,298258.02981085744
56013,2023,8,2,"56039,56017",519115.4829553289,2887962.923477737
25005,2021,7,1,44001,590856.5314253903,757349.2088386108
06049,2025,3,2,"41037,06093",362320.17782044347,389889.5987534237
18165,2024,3,1,18045,226418.20607269256,308748.9185958511
21231,2024,5,1,47137,273590.2333005106,389773.3987889951
13189,2023,1,3,"13301,13163,13317",322617.33311287966,284611.10691213224
04021,2024,8,1,04009,512291.4083268025,393860.71538346185
37019,2022,3,1,37141,627196.5391169282,658598.2784195021
29171,2022,5,2,"19185,29197",409717.8283627203,306029.6022843784
05139,2021,7,1,22027,242788.77387364677,248031.08000450511
41029,2024,7,3,"41035,41033,41019",622539.0252977306,502852.06500130304
04025,2021,8,1,04012,709597.7392494264,479896.34832757903
51141,2024,7,1,51063,312244.65987383074,381942.18777112773
48279,2020,6,2,"48369,48017",151474.04246236975,227571.06137881702
29017,2024,6,1,29157,307524.21670725726,353076.7574442278
13319,2024,8,1,13175,261741.7223121087,314993.5318955479
35049,2021,5,1,35028,855195.8685064804,629513.5264255173
06093,2021,2,3,"41035,06023,41033",397013.88792588253,499084.7467517792
27089,2024,9,1,38099,353850.6128443033,241899.18765839035
01113,2024,3,1,13053,283513.7392793074,246846.27124107364
30057,2021,7,1,30043,2551682.886714538,600194.3544979697
40011,2022,8,2,"40043,40093",218205.62654859564,351194.28901104664
40023,2023,5,1,40005,291598.6911959624,360238.5906002503
49013,2024,8,1,49009,530011.7987500224,489747.5619919502
18141,2024,6,1,18149,347604.462239269,322084.7514092301
20143,2024,3,1,20123,326472.1531558947,259049.140929808
27137,2024,5,2,"27071,27075",387623.6539158512,355233.53958433785
22105,2025,6,3,"22095,22091,28113",315872.57479239436,261662.33432136758
06019,2021,7,1,06069,506843.8517963349,1042074.720490825
48147,2025,6,1,48231,567327.2388689908,469180.6140278909
16043,2023,8,1,56039,773821.8588483554,5414566.901793153
05067,2023,7,1,05111,175159.38225556098,219462.27444553273
26055,2021,7,2,"26113,26089",541671.4287904134,664936.2311365261
08035,2020,7,1,08119,752519.2042503922,499540.248416825
35029,2020,6,1,35017,178580.2607691163,259802.68279058425
12105,2021,4,1,12055,311287.21050673496,262186.77379412885
27079,2022,9,1,27103,519111.0952384169,421210.47378929897
55121,2023,10,1,55035,373836.2941243472,462550.7061922576
22021,2023,5,1,22025,269546.0614486703,243087.41125818016
48073,2024,1,1,48225,477116.3437581732,424800.3364757779
55019,2023,4,2,"55141,55035",294775.4926290657,376829.5580844645
48089,2020,6,1,48481,515632.37421639176,434356.9778003112
13287,2023,7,1,13315,279726.3138863952,245734.97275158143
18181,2025,6,1,18131,355022.65523050167,286843.9467205089
06113,2021,12,2,"06033,06055",887298.5930355635,1086153.356018167
13065,2020,6,1,13003,188148.98473773143,227619.68486242616
22071,2023,7,1,22075,557936.535493391,512019.3924845274
13273,2021,3,1,13037,214253.57785057623,220763.00827092468
17033,2021,7,2,"17079,17023",216862.22951593716,238152.62972129905
17057,2020,5,1,17169,142779.36233553363,259010.63380242043
04025,2023,1,1,04012,796134.5760775697,549905.7477035202
47127,2022,3,1,47051,589881.2768669775,569570.5122226794
46115,2021,7,1,46005,319800.2496967234,346004.4979132011
05061,2022,5,1,05081,295095.079639554,244376.38686395204
25021,2024,7,1,25025,1275855.4862513675,1279933.4926638866
27097,2023,8,4,"27153,27009,27145,27095",456547.2409994395,435581.3706724732
45041,2022,5,2,"45033,45089",299368.790813989,252794.66794165724
17025,2020,8,1,17079,172338.24389342856,221255.28335926915
19037,2020,6,1,19067,306592.5497387878,234549.03479059148
12123,2025,6,1,12067,327073.00866246416,413413.23962314456
26019,2024,4,1,26089,688852.2758128239,1176601.942049784
04017,2024,6,1,04009,635975.111952376,390841.2698242811
05049,2024,8,1,05065,308046.15991588397,301048.7144500294
40065,2022,6,2,"48197,40075",230817.24569909545,188089.95963831717
55029,2024,6,1,26089,713344.425748044,1185597.702101399
42027,2022,6,1,42087,491299.6722337285,269729.85936609795
22077,2024,12,1,22029,349905.99003904173,248034.0666551813
51161,2024,7,1,51063,451039.5740762903,381942.18777112773
13001,2023,1,1,13279,269966.6207867784,265846.84226914187
30001,2025,6,2,"30057,30023",688291.1253129523,1732495.9379415268
31063,2024,8,3,"31065,31073,31047",547561.0867425351,445813.0661879794
40107,2021,10,1,40133,255669.95752977303,207948.90663652928
20029,2021,12,1,20123,196567.54482402233,251007.71802198
06029,2025,2,1,06031,492027.78330889816,475049.5021860639
21153,2021,6,1,21115,140784.9661982841,216858.9420018231
28131,2021,3,1,28045,244618.95265637073,325980.1396873181
48293,2024,6,6,"48145,48289,48349,48395,48161,48309",369909.4360232281,477529.756727943
17141,2023,4,1,17015,302796.08234022086,344235.88080774265
13013,2020,2,1,13059,289728.10932036303,321162.7979666198
29031,2024,2,2,"17003,29157",393211.78188594576,249377.87014562907
26035,2023,7,2,"26111,26143",231141.11667287405,322830.9046521673
23005,2024,1,1,23023,858805.0290120485,628140.1724695058
22033,2022,5,4,"22037,22121,22091,22047",399947.9141310568,355700.3683542108
48471,2020,5,1,48313,391731.2866419004,376663.5095569112
05145,2024,8,1,05067,319675.7569154354,174864.99260161055
12043,2024,7,1,12055,451474.1510098271,365215.096964959
28029,2024,6,2,"28063,28077",255269.4042187821,249568.10595682455
06053,2021,12,2,"06069,06079",1536232.0772016814,1136409.90799764
22033,2025,6,1,22091,407408.22813223983,309371.57564908057
48331,2021,1,1,48287,505053.14929217665,570339.9325301778
22059,2024,4,1,22127,263076.4050093684,208938.342641315
29129,2022,6,1,19185,320281.50571634265,303889.7062894085
04007,2024,8,1,04009,637843.9086129385,393860.71538346185
28081,2024,6,1,28117,295777.17796177074,231163.08423920465
08055,2020,5,2,"08109,08003",354826.157006335,331611.4189653221
12079,2025,5,1,12067,399629.887599091,414388.3139596661
48049,2024,4,2,"48333,48093",412424.5692326612,693965.6067451569
08079,2024,8,1,08109,663359.445596272,446973.9860095943
19125,2025,6,1,19117,441379.2183023765,334633.30806736
28057,2023,8,1,28117,234084.81104032297,226487.47057599985
40089,2025,1,1,05113,534132.6757020656,324601.78392847936
23011,2023,12,1,23023,439978.5479993117,626975.9029239109
48181,2024,3,2,"40095,40013",548137.1815419714,379257.7515806779
13167,2024,8,3,"13283,13163,13175",258593.0285394039,296520.78744584875
48243,2022,8,1,48377,455390.97027537687,397162.4984627786
51730,2024,7,1,51570,261500.78545669225,348896.13817341946
40151,2024,9,1,40003,271362.9696106832,292931.41685281607
12099,2022,5,2,"12051,12043",965432.519103178,400789.98679029057
28067,2024,7,1,28111,270858.946584481,256843.88964832888
39015,2023,7,1,21161,391664.0318733014,289733.44192608935
08077,2025,5,5,"08051,08085,49019,08029,08045",626805.8382539415,993876.3899940299
06051,2024,6,1,06109,1248940.299741525,552952.6712717256
29021,2024,7,1,29003,293832.7549651159,455146.8965031088
27111,2021,6,3,"27153,27159,27041",474142.9475717375,400449.46012291935
47027,2021,5,1,47137,305591.9449184578,353287.54626998195
40031,2021,6,1,40033,223510.90085310163,208550.50573708533
51117,2021,4,1,37181,309473.10539785714,275816.3099466442
13059,2025,5,2,"13219,13221",498333.4937665504,620510.097667255
55011,2023,10,1,55035,351112.8220075618,462550.7061922576
34019,2022,2,1,34021,740630.4668853398,634174.6964136317
28043,2021,6,1,28135,228533.18625132344,251137.16178467064
17101,2023,7,1,17033,179500.90299677933,225256.6095085221
40059,2020,7,1,20033,129500.60806762772,160301.7475935536
13007,2022,6,1,13037,386540.5059252381,251200.80659121092
27057,2021,9,2,"27029,27159",435791.3675454569,351486.98089008394
37175,2021,3,1,37087,604602.6000070092,417261.51283172105
45015,2022,5,2,"45089,45043",511958.7273949181,500144.82118675753
19119,2021,4,4,"19167,19143,19141,27133",336463.4608673889,331674.90335441503
13035,2025,6,1,13159,416106.94872658513,508146.90413402766
28157,2021,3,2,"22125,28005",232891.94015842225,380080.12549521565
51041,2023,6,1,51036,515440.7277856259,412962.3171080689
26073,2023,6,1,26111,338913.238937974,326233.9234978436
13095,2022,4,1,13037,202288.91714016313,251564.68563173895
17199,2021,6,1,17181,221473.39986528363,256472.43160421215
19033,2024,6,1,19069,379973.45842889935,273269.40707888437
29113,2020,7,1,17013,323525.7770739284,312141.32564678945
37043,2025,4,2,"13281,37113",556414.5800317914,707114.2980996066
31117,2022,9,1,31091,,268324.2228355348
56001,2022,7,1,56007,506735.4281074969,336224.8711776978
27031,2022,6,1,26083,605013.2900528838,312692.92882685736
17159,2020,4,1,17079,201694.6976625932,217614.88320158384
16031,2023,7,2,"49003,16053",513340.7263953855,580154.4261365649
16055,2022,6,1,16009,955938.9555181873,600644.7033359957
22083,2024,2,1,22065,283320.22118362173,177604.45366227822
08073,2020,7,1,08025,325423.27443256933,217392.30466462215
16033,2020,5,1,16059,306514.0189415864,378444.4759427349
21193,2022,6,1,21189,170201.9145124912,244154.29542503957
18019,2020,7,1,21223,272907.89038666873,268925.856035966
40141,2022,8,1,40075,148136.89521266482,183198.30850003916
20031,2022,4,1,20207,332833.66188532935,281140.1367004972
40151,2021,8,1,40003,253741.03885296755,264323.2855136204
39169,2021,5,1,39103,306431.4943343383,387953.2107064736
17131,2022,8,2,"19115,17071",324091.8279790967,252536.1804962428
48463,2020,3,1,48507,318120.4793479706,152772.39710792326
47157,2023,9,1,05035,416598.6635507581,274695.37222520733
04025,2021,12,1,04012,749395.8625935689,519645.3286401454
18071,2021,6,1,18093,279691.0588382027,273119.8316222543
29071,2021,6,1,29073,363412.4937091012,361668.0130723721
26071,2025,4,1,55041,245286.48982486,358613.2608048632
48339,2022,3,2,"48185,48471",546983.5200456623,608017.8447096657
48267,2021,9,1,48435,866122.8834245488,280175.09472907084
48009,2022,11,1,48487,417032.99441615626,217138.6553428216
26041,2022,4,1,26153,256310.71783091375,291909.4912388381
53047,2024,9,4,"53025,53019,53017,53007",570899.099137514,643373.1068327045
12001,2024,2,1,12041,488570.3154404525,448789.7814144477
23027,2021,7,1,23015,443624.20125364815,629222.563627961
35023,2021,6,1,04011,196015.4189832357,337049.8577286085
51650,2021,3,2,"51131,51735",289364.7008809135,487310.5355309354
50023,2020,7,1,50017,453287.3633968931,448023.5107342703
06041,2021,12,2,"06075,06013",2512559.425187238,1904609.6425321386
42085,2022,11,2,"42039,39155",306875.62405683286,248622.29159224685
34017,2024,7,2,"36085,36047",976602.665437073,1250538.1606917428
05139,2024,12,2,"05003,05011",251596.82503708405,198829.77272307232
27063,2024,7,1,27091,407982.16028900485,466717.8787239028
05037,2021,3,2,"05035,05123",216555.15832127348,200013.1914736401
27137,2024,9,1,27071,390757.22498077777,282886.2778579453
48271,2021,4,1,48507,225335.0874955221,162941.55446012682
51005,2023,2,1,51045,258048.1398611876,360010.23337388627
47041,2025,4,1,47159,520376.67611429264,467716.3085559825
20191,2023,8,1,40053,285709.77343386953,302229.38772292755
06085,2020,1,2,"06069,06099",2057656.4534048012,651025.1012673675
08049,2020,7,2,"08019,08047",888164.5388903857,613209.9189686292
29175,2021,6,1,29089,255628.7428638407,342263.4211833005
06093,2024,7,2,"41035,41033",449909.86316995503,504706.3101828396
46099,2021,4,3,"27133,46079,46087",373562.6732110185,480027.23888157634
32510,2020,11,2,"32029,06061",522391.5406757321,712371.5278052108
48297,2025,6,1,48255,546224.8822884246,513188.06384838914
01005,2025,4,2,"13061,13259",267116.27776755334,294211.0153264663
13001,2021,12,1,13005,276636.25453022216,257448.7611538833
51035,2024,4,1,51063,305380.8300213262,377233.68759536743
47103,2024,6,1,47117,447461.2853473262,493586.21604405344
42033,2025,4,1,42023,219594.88092412776,151123.20305061023
56007,2021,8,1,08107,309492.4240001309,1767235.0521363614
25005,2023,4,1,25007,645900.5330719439,2849909.904286301
48029,2025,6,1,48493,421657.56237796176,606088.0609171981
06019,2024,12,2,"06031,06069",588331.7362355109,735879.2404038315
13069,2024,6,1,13271,311296.4516168514,243577.96345080357
44005,2020,8,1,44001,817933.5784106908,622584.6351965532
29047,2020,5,1,29177,339221.8710199983,283831.3099233084
17027,2024,4,1,17005,309890.0860033178,263882.26612463687
51195,2025,5,2,"21095,21195",231441.66980076025,178425.73597376043
22045,2022,8,3,"22101,22007,22047",277340.7598842341,266005.1214086236
39039,2025,4,1,39171,292017.0915108852,286452.3847373663
23005,2022,12,1,23023,802922.255149719,583923.4000132243
48179,2023,8,1,48011,180001.70149991955,432926.6338412152
04013,2021,1,2,"04012,04027",559539.6019758646,345414.2595950583
42097,2025,6,1,42093,268433.94489175366,455110.2847744738
19161,2024,6,2,"19151,19093",320234.7971452162,256112.59368317493
01077,2021,7,3,"47071,28141,01079",317526.7834204165,303021.0989874907
48347,2023,3,1,48405,355745.0197350289,368328.65405590733
54101,2024,1,1,54067,152347.22752915198,235330.23374171043
12097,2024,6,1,12055,524159.0938037345,365143.5093522835
47135,2021,7,1,47039,307676.1900003977,289839.746642321
13061,2021,5,1,13037,302421.6640700968,227114.90573370783
18053,2022,7,1,18009,223833.7073790298,219110.98268499257
48403,2023,3,1,48405,336401.2873416424,368328.65405590733
13153,2020,11,1,13235,266741.2452641875,236186.24560527664
17017,2025,6,1,17009,182630.9918175038,279302.463589525
05139,2023,4,2,"05003,05011",252847.1018165834,198975.9453769895
26009,2023,6,2,"26079,26029",754115.5939395974,559168.0461469584
29161,2025,5,1,29073,375372.1421960436,457205.1217834141
17157,2023,6,1,29186,236903.8548604764,361996.6904590723
48307,2020,4,1,48095,268457.63529936527,270650.86635049526
21009,2024,7,1,21061,336544.9865107347,324984.3827834421
39009,2023,2,1,39115,289008.134279962,253676.31760934868
48331,2024,6,2,"48395,48145",650556.1021509013,449080.4444798095
38077,2022,7,1,27155,360765.24769504345,421339.3488477022
24005,2025,6,1,24029,570863.1521216057,742403.2915518595
13023,2023,4,5,"13235,13175,13153,13091,13319",277475.0916497699,291864.7814880478
47139,2023,2,1,13213,391919.9528632097,321369.85702938325
38005,2024,9,1,38095,276831.64674490364,261154.65756755095
19039,2025,5,2,"19185,19117",353693.37274455983,314909.38973310764
38039,2024,6,2,"38093,38031",228038.1181894571,308997.9546727781
13135,2022,6,3,"13247,13013,13157",553922.3676303574,468318.02687291725
29149,2025,6,2,"05049,05121",312449.6358662723,281985.4724750808
44001,2022,8,1,44005,873030.8885850179,1228831.3893684822
29125,2021,5,1,29073,363455.501695545,352593.92377154547
12039,2024,5,1,13087,347682.9806193079,299765.40267818636
29167,2021,12,1,29185,351026.69388663134,314190.25555518206
22097,2021,4,1,22077,251596.0433112073,327734.9959549246
19069,2020,7,1,19079,205912.76844629404,209920.9282155922
33009,2020,4,1,50017,412486.922445124,445716.3688201937
16043,2025,5,1,30057,782712.9192782091,2996841.1987595297
13245,2024,7,1,13163,286552.88752466056,269596.710395759
37041,2021,6,1,37073,339467.28057631763,329059.8521145667
40065,2022,10,4,"40057,48487,40075,48197",229489.16227939012,201906.0331283799
35017,2023,7,3,"35003,35051,35029",363493.4503399846,287447.19950551825
23003,2020,7,1,23029,177786.33231530586,228794.1831694155
32007,2020,8,2,"32033,16083",385261.3808351362,320018.1476233356
28127,2024,1,1,28077,245363.9492032544,236338.29770257432
29207,2023,7,1,29069,269114.61696843366,169919.58793605017
17137,2020,4,1,17017,182012.26098106775,139013.27954742938
13013,2020,6,1,13059,294441.0652984399,329802.68872863316
51165,2022,2,1,51660,481724.7143252218,432217.47210888745
49055,2022,10,1,49041,690042.4782129605,456399.4155643184
47069,2021,3,1,28009,222643.29698128012,238157.47407961983
26101,2020,4,1,26019,291744.66388743074,443545.31391135463
29031,2024,6,2,"17003,29157",395214.1215571491,253080.63348928216
49003,2024,7,1,16071,586422.2806475293,539316.2350987085
29019,2021,8,1,29089,435039.9982557208,347117.52370797656
51191,2022,5,2,"51520,51167",356004.4678580465,227780.10575371768
48087,2021,5,1,48483,229489.85255743391,230077.05764040377
17109,2021,12,1,17071,163959.07603265633,221359.04874841307
22033,2022,9,4,"22037,22121,22091,22047",402700.88289680536,346989.23065527296
17019,2022,9,1,17147,334060.5826635841,344672.0647731656
28073,2020,8,1,28109,312236.8637077377,235234.88769226332
29055,2021,5,1,29073,297339.8992347336,352593.92377154547
13029,2021,1,1,13031,393488.5577314272,289774.4882903284
46025,2021,7,2,"46077,46005",448597.2576900536,393570.107725514
22063,2025,4,2,"22095,22091",338482.192535684,296143.3573420381
13261,2025,5,4,"13307,13197,13093,13193",266800.5132043885,313451.3135629608
20201,2024,8,1,31169,356362.28401352995,407316.0209166923
17185,2023,4,1,17159,203761.58884493308,221717.7391873877
22037,2025,4,1,22091,395523.2170296686,319709.46824765776
08029,2023,4,1,08077,583255.0211081197,578030.4045683969
05107,2025,5,2,"05041,05077",134018.19664782466,207058.309322494
48111,2023,8,1,35059,416513.0238967558,217400.99861237404
40079,2025,6,1,05113,292471.287563536,321238.27281146636
13311,2020,2,1,13281,302681.54731566564,428435.1117867834
21171,2021,12,2,"47027,47111",228234.13911306323,357143.8950743149
51179,2025,6,1,51630,706968.7309078962,646527.8424709261
27105,2020,10,1,19143,284420.9577410885,244953.5010888503
45043,2020,6,1,45089,499572.9447378075,235168.1107210727
40089,2025,5,1,05113,510494.5214791731,322547.58363088017
17109,2020,4,1,17169,152489.5968128585,258246.48551699205
17081,2024,8,1,17145,224893.24604770073,182143.57614051303
48181,2024,7,2,"40095,40013",552492.1895116493,382802.4674407123
27011,2021,10,2,"27073,27149",353104.60055197356,438973.2122383376
48029,2022,3,1,48013,417955.4102723563,449153.3413113037
54001,2023,2,1,54093,207223.16900998904,367610.70742216846
06065,2021,9,2,"04012,06025",736176.2981493901,444610.2707205443
16019,2021,8,2,"16065,16081",548004.0631502423,871991.7327888058
48325,2025,6,2,"48507,48163",554905.374903317,237285.6637734417
27111,2021,10,2,"27153,27041",486158.8115347968,454921.19042398134
25011,2022,12,1,50003,452569.0980141915,756192.9820185996
13175,2021,3,3,"13283,13309,13023",266705.4117028983,249177.44408084042
49057,2022,6,2,"49033,49029",682769.7200126502,1100807.749960326
21225,2023,4,1,17069,227257.39527545017,206055.41700105337
21031,2024,7,2,"21061,21183",294080.6643722639,279263.85452168423
51175,2023,1,2,"51620,37091",382061.3229569881,270102.9297635956
13215,2022,8,1,13053,298027.61794314324,258721.0394686007
18061,2020,8,1,21163,281015.2954982574,281784.7727897964
48479,2023,9,2,"48505,48323",324716.2538599978,271793.851241756
22103,2021,10,1,28045,444004.6754205597,356462.5057875381
23019,2020,7,1,23029,257150.13121399528,228794.1831694155
54077,2023,4,1,54093,237130.55515456756,370392.1199477573
13095,2022,8,1,13037,211727.60620295536,253694.067152101
47177,2022,9,1,47061,407383.20479161385,366664.73452180135
51059,2022,8,2,"51610,51600",1106459.845109948,1273704.9207649592
18163,2024,8,2,"18129,18173",307499.43188337394,388911.76088060054
51003,2021,7,1,51540,778473.1468704831,675808.5258572747
28017,2022,5,1,28013,245514.82405201855,220336.85646180928
48481,2022,3,3,"48321,48015,48239",510770.70479679544,595772.7271179387
35013,2020,6,1,48141,298007.73386521236,222813.51971410643
55013,2021,6,2,"27115,27025",367003.8624422027,391946.82825191435
44007,2020,11,1,44001,418116.9727600775,651429.3297288892
47169,2025,4,1,47159,517042.7824119302,467716.3085559825
06017,2020,11,2,"06067,06061",780692.7319497401,714923.5202809586
38085,2023,6,1,38029,,276411.4210279555
13213,2022,5,1,13111,325851.22109874093,943810.1665779952
38099,2023,4,2,"38019,38063",247902.2053137856,277225.1901955509
51163,2023,7,1,51530,516716.47602023993,227601.4413020512
30025,2024,8,1,30109,309827.1169218624,395013.40422181174
22083,2024,6,1,22065,294864.14309600816,182652.40168369887
06071,2023,12,1,06059,766190.7479224651,1742657.5136513084
40143,2021,10,1,40147,329866.7564716766,253463.07768866932
34039,2024,7,1,36085,923237.6659487071,868196.5241883321
40131,2022,8,1,40105,416390.0414920014,380048.9217916573
21167,2025,5,1,21239,402198.1910938362,578007.0376550481
22111,2025,6,1,05003,266819.9569653421,164254.4639304198
12093,2021,4,1,12055,330371.81509145204,262186.77379412885
13057,2021,3,1,13227,491837.27539550693,453815.3262593081
13105,2025,6,1,13221,297911.35102360585,439731.7820571407
18017,2025,5,2,"18131,18103",271832.71166784613,275692.7101616288
48325,2022,5,1,48013,556304.9440165431,459844.8717737433
08009,2025,6,2,"08011,08099",200248.11836553,280444.97839488776
27015,2021,12,1,27033,369918.05099966493,309671.20783121436
48101,2022,6,2,"48155,48197",198179.0380636925,249471.99618501088
37039,2023,7,1,13291,400671.19688799954,562747.5990647092
47047,2025,5,1,47069,603924.582822162,289006.1519261157
28117,2022,5,3,"28139,28057,28141",237189.60095602748,267125.40154830535
18153,2022,7,1,18021,243627.28579244032,273701.05832219246
19083,2023,3,1,19079,241866.55375594637,271799.80477062176
08061,2020,3,1,08025,294539.2522642256,211020.1902546095
26041,2022,8,1,26153,257100.75086875816,295633.5123708698
12001,2024,6,1,12041,494551.6975855965,457706.7448999812
17167,2020,5,2,"17017,17129",246670.98944378216,194139.49651442652
37073,2025,6,1,37143,330148.8395387064,446140.0791184374
51650,2021,7,2,"51131,51735",303348.93708147976,524151.0073914265
37031,2024,9,1,37137,808714.4639950971,470630.94730695966
13289,2021,3,2,"13021,13023",197871.7787001801,227745.24345458564
17191,2023,1,1,17159,229484.36211798023,224620.2660506562
17045,2023,2,1,17023,170053.15579211965,245426.5334819737
51059,2024,1,1,51600,1117988.1368557792,957335.126076418
55059,2024,4,1,55101,450786.4077158451,438858.68766919133
38073,2024,6,1,38045,337484.5034823718,308873.5516399106
47133,2024,7,1,47137,410274.4060157677,396271.9212942915
47181,2022,3,1,47039,312623.6468688068,325151.1207139658
48281,2022,11,1,48193,526201.025242488,714248.7934515439
47081,2023,8,1,47135,343943.09955848334,323315.4909570474
22005,2020,7,2,"22093,22047",332651.2834469396,278767.0972755589
49027,2021,8,1,49039,396591.1795471098,480172.99434700306
41061,2021,6,3,"41063,41023,41001",423042.4429368915,529087.7250132553
27141,2024,8,1,27009,483279.6144274738,425115.2239505939
29025,2022,3,1,29033,383978.9227836989,318767.086057526
22019,2024,6,1,22011,307090.9407214875,307405.1695113526
05095,2021,6,1,05123,222012.0787532083,175905.8866569037
08093,2021,8,2,"08019,08065",698373.698095752,724145.9348360801
39063,2021,5,1,39137,309507.3964068784,303194.69116794586
01063,2022,2,1,01107,262530.90506729885,264827.45136590576
26089,2023,8,2,"26029,55029",1169419.2692148285,739228.6320533941
35053,2024,7,2,"35006,35003",279795.11521109706,304648.4877305608
48287,2024,4,1,48477,692204.8437469035,887038.0765071111
37163,2022,8,1,37141,276559.9962666726,715691.578710409
06041,2020,8,1,06095,2048340.150228212,603120.8288734122
22107,2022,5,2,"28063,22025",408235.254951238,280521.1306866578
13189,2020,8,1,13301,249977.7142127646,211491.04851926616
38069,2023,6,2,"38095,38083",,328051.4203690784
39091,2021,4,1,39021,349261.89129386743,292476.852333447
20029,2022,4,2,"20089,20123",209742.1197819405,272205.27116107824
47087,2025,2,1,47159,377980.65227779566,469693.6900819573
47139,2023,6,1,13213,396672.14198277384,328733.6211580562
48239,2023,7,1,48481,462920.7115951055,511931.7108382848
51159,2023,7,1,51119,372059.04046276055,595322.811931175
18057,2025,4,1,18023,690975.1321228311,345807.28293492465
51149,2024,8,1,51670,440396.62408978626,271546.1772361961
13007,2021,2,1,13037,351436.4995388873,218050.08912969287
53075,2024,9,3,"53013,53021,53023",495401.9494043957,453915.8986686892
12039,2024,9,1,13087,353919.2679933757,298966.353748925
13077,2021,8,1,13149,456746.0641714479,360796.583038978
46109,2022,7,1,27155,519274.7559524425,421339.3488477022
37171,2024,5,1,37005,371628.2758747399,459011.7941855181
31017,2022,9,1,31149,375998.4823472477,367104.97003748507
17061,2022,4,1,17013,208448.61678519472,354062.3905018981
20029,2025,5,2,"20089,20123",240527.62101076156,290070.31996360363
37189,2021,3,1,47091,627874.9420042752,336125.51084950595
19033,2023,2,2,"19189,19195",372334.1627156667,253055.84184412856
31059,2023,4,1,31159,342595.46086093475,511224.8146203072
12105,2023,5,3,"12081,12049,12055",415131.88594852824,512351.6260134881
29131,2023,2,1,29135,413448.0291682128,384942.716164595
01005,2022,7,1,13259,275276.3994852228,238546.4987468205
51121,2024,7,1,51063,514883.4909998334,381942.18777112773
51035,2021,7,1,51640,272236.9335238149,208609.18164971776
39077,2022,5,1,39005,266350.1551292268,325365.9577176702
51165,2022,6,1,51660,499953.939548208,449762.3667867308
40019,2022,4,1,40095,300498.13222682587,375053.05694974
29023,2023,3,2,"29069,05021",254524.3818591979,198725.377313888
28073,2025,6,1,28065,403269.7320557746,177914.2029904987
13093,2024,3,3,"13315,13261,13193",275927.43724629673,256868.39635015177
06071,2022,4,1,04012,752632.2414562792,547694.5786541342
17077,2024,8,3,"17199,17145,29157",197154.49841700852,265810.8113774253
42123,2025,5,2,"42039,42049",223444.25356480668,293012.6893823113
31015,2020,8,1,31107,,368650.7518415181
30047,2021,6,1,30089,878338.0209368175,546814.2264562029
16001,2021,5,1,16015,727017.133947812,635867.8918757152
21175,2021,7,1,21115,216539.64535017533,218374.5214310779
18121,2024,6,1,18045,355320.76829786313,316203.6300884092
01125,2021,9,1,01107,347683.2721873802,258468.1602705094
48193,2024,2,4,"48281,48333,48093,48099",690996.8276086447,558678.6193578407
31133,2022,4,1,31147,478103.796113398,301057.4600863658
48445,2020,6,1,48165,219256.48903384988,300879.03789888805
08059,2020,6,3,"08019,08119,08047",678683.6110946788,574135.5424725455
48039,2021,12,1,48321,441279.2130797491,337884.22438683547
32007,2022,5,1,16083,471429.9755945399,590079.0863514078
26055,2020,7,2,"26019,26089",422043.148713745,619124.9621371764
16057,2024,9,1,16035,644951.1657183272,522301.2788678913
18149,2025,4,1,18131,331416.2028297297,289553.1200342067
56003,2022,5,1,56043,433664.0897929131,396316.0496228546
13059,2024,4,2,"13195,13013",482045.9919020485,434484.5945084321
01033,2021,8,1,28141,273470.6132657819,291410.308713393
51185,2021,3,1,51021,194215.84447502383,296702.1701309376
21059,2021,3,1,21091,265201.342740704,261388.65729378696
19193,2025,4,2,"31173,19047",329462.1946983982,337762.2432084315
16073,2022,5,1,16083,913911.3359622572,590079.0863514078
16069,2024,9,1,16035,517483.88860876457,522301.2788678913
19193,2020,10,1,19035,257437.9217625667,214417.29048421187
29161,2022,6,1,29073,352460.57743242086,430809.2595632179
01119,2024,12,2,"28069,01023",252320.98577504803,250857.74545235687
17099,2024,6,1,17123,305953.40319623187,204667.315727452
42107,2022,7,2,"42025,42077",256988.95782113404,419331.32973511796
45075,2021,5,1,45011,239916.9834869198,254591.24288669473
54047,2023,6,2,"54109,54059",114099.33859449264,144076.00005478214
41023,2020,5,1,41025,395968.9840737149,292967.3624058421
20001,2024,6,1,20107,231455.17383485392,347313.0339978558
06089,2025,2,1,06093,525816.2855821004,446790.6956292982
05147,2025,6,1,05067,184432.26690037135,177209.78424792588
54107,2024,5,1,54073,266770.4010584129,252392.883700717
48395,2020,3,1,48313,488709.63704326184,370800.7748119613
39159,2025,5,1,39101,641591.6789850771,289597.56679459446
16045,2024,7,1,16087,763988.0635924521,666865.7143652452
05147,2020,12,1,05123,160692.2648711252,171125.6819505062
54077,2023,8,1,54093,241785.7829256516,389666.2154011384
19021,2024,7,2,"19151,19093",303708.4828059447,257012.108131301
46085,2022,7,2,"46023,46015",,518215.26653344044
31169,2020,7,2,"31151,31095",313031.7392419071,265005.06770617294
12057,2025,6,2,"12105,12049",615287.7567779903,413155.4418847807
39041,2025,6,3,"39101,39117,39083",713386.9209857243,383693.23629266483
37027,2024,7,1,37011,382605.2739741393,986062.4604019668
45075,2024,6,1,45011,285825.7660249879,266137.02398600004
13043,2024,3,1,13279,340448.1077891446,282790.7445074753
39167,2025,5,1,54073,287312.51061734505,263138.8554971044
28059,2024,12,1,28039,330480.54145136353,297849.3868969626
46027,2020,7,1,31027,310877.78593670117,417582.8427230974
48369,2025,5,1,35009,311351.29137129703,261085.87654220933
06007,2020,11,5,"06101,06115,06063,06011,06021",532408.1478761662,482409.6094063974
17181,2024,2,3,"17003,29157,17199",272482.40323578444,252327.93512079958
41025,2022,6,3,"41013,41037,32031",425467.79178167746,729299.2886245413
27111,2023,7,3,"27153,27159,27041",509248.3280492151,447839.58779539214
12043,2020,6,1,12055,276163.4161198595,228944.8766765917
37155,2022,3,1,45033,210100.7990880464,207662.60734479976
39167,2023,12,1,54073,275414.46631892683,244405.32535656597
48101,2022,10,1,48197,185256.11349435287,186468.76525743504
19139,2022,6,1,19115,309396.0076333546,268597.0671901186
47161,2021,6,1,47083,350169.3789034013,336339.53953669727
08061,2020,7,1,08025,299950.3135178856,217392.30466462215
28047,2021,10,1,28045,321926.87059364334,356462.5057875381
39069,2023,6,2,"39095,39173",284244.81507181487,315891.7422193551
13141,2025,2,3,"13237,13301,13125",465844.90698097134,475463.35504687665
05147,2022,5,2,"05123,05037",191750.20972826265,221662.62094802468
18099,2020,6,1,18131,274720.8023285991,188977.83546170767
13289,2021,7,2,"13021,13023",207436.00508987883,241783.57010659878
17191,2023,5,1,17159,240034.40034364775,223666.36885412593
48085,2024,3,1,48397,782991.539365592,666484.360881845
41001,2022,8,1,16087,528363.213320596,710847.3028951669
13153,2021,3,2,"13021,13023",276162.6158814856,227745.24345458564
48135,2024,5,1,48475,334787.70730426506,296780.5410795806
48015,2024,2,4,"48089,48473,48477,48481",906018.051640932,660608.0442252682
13167,2020,7,1,13283,200238.27397990503,234555.2925636652
39137,2023,4,1,39173,333982.29162640846,346587.4819241785
18003,2023,6,1,39161,356984.47472135274,249870.53807711415
53071,2022,6,2,"53021,53005",632300.7985213397,612595.662452138
21145,2020,10,1,21039,239281.7994904086,195917.63019910816
29025,2022,7,3,"29177,29033,29117",406221.808870204,357399.6806557017
18083,2024,8,1,18125,259647.08220555077,266336.5923663881
30071,2022,7,2,"30005,30027",407165.87429645006,535887.7415232657
38003,2024,6,2,"38093,38045",352432.7853502263,323424.4771935048
20021,2021,5,1,40035,195885.16535226032,323394.3559320486
13137,2023,6,3,"13011,13281,13311",444367.97928160214,519164.08158805704
48305,2022,5,1,48115,474078.0614511878,218314.69744193065
28077,2025,6,2,"28065,28147",217141.71303043616,217912.87786562124
23011,2022,12,1,23023,407338.4903063851,583923.4000132243
21181,2023,8,1,21201,326663.0623794282,304995.8354317992
08081,2024,9,2,"08107,49009",428710.79481893656,1362474.9995841421
48285,2024,1,2,"48123,48089",666350.6557789007,590504.6162078679
49037,2024,8,1,08033,564076.7982606243,545656.9905413393
08051,2023,4,5,"08109,08091,08077,08015,08053",1513204.1886018934,769910.6716930286
22111,2022,9,1,22067,264943.2280203201,215739.29350594233
31003,2024,7,1,31011,603179.8952547604,741295.6661474331
42121,2023,3,1,42039,222211.87321831667,273450.7275771862
47107,2021,6,1,47105,330041.97768041055,579417.3519436591
30099,2023,8,1,30015,608705.4666229304,578428.9494142557
16013,2020,4,2,"16025,16067",1265825.9521699774,379704.35254761536
13091,2024,3,3,"13315,13175,13271",274407.9764238166,263425.4343770697
47065,2023,6,3,"13313,13083,13047",527058.4820253844,376193.4941088751
46013,2023,6,2,"38081,46045",360512.6564146118,451525.8796060494
26153,2024,6,3,"26097,26029,26089",285049.1317049582,776879.1007124322
26041,2024,5,1,26089,264356.3054036915,1183030.7093217005
19083,2020,6,1,19079,193375.45532627692,208853.3278686373
51181,2023,7,3,"51095,51036,51183",401916.7715751053,458319.78655679646
06023,2024,12,1,06093,617281.7720638005,447237.15972606465
48013,2025,4,3,"48493,48163,48255",425132.2389708032,481182.44610049523
27051,2021,6,2,"27041,27149",383885.94992636394,429247.21651259606
26091,2023,3,3,"26161,39095,26059",354276.3290921448,395319.9920854447
51105,2025,6,3,"21095,21013,47067",194820.74249485173,210591.15341119116
28085,2021,4,3,"28147,28005,28113",254610.3679473749,241915.5110218498
26017,2021,6,1,26011,221055.29014090297,225303.8329330169
21059,2024,8,1,18173,320192.7338674816,423255.6188734441
48165,2023,9,1,48501,356139.77088600484,297893.348616532
16031,2022,7,2,"16083,16053",522435.59917740285,603732.0800139292
22029,2021,7,3,"22077,22125,22107",231072.2864513845,404590.8815519125
19053,2025,6,2,"19185,19117",308027.4436523547,312685.65485869173
06071,2022,8,1,04012,767183.4907992623,581098.0721103628
48041,2020,3,1,48313,384495.7452297854,370800.7748119613
01099,2024,12,1,01131,252848.0404082256,265671.3561775911
30037,2023,6,1,30107,456800.2493665979,319955.7053901374
42017,2022,5,3,"42077,42095,34021",682982.4347178569,531114.4185690479
34003,2022,5,3,"36005,36061,36087",971372.3789599732,1667807.4619513918
40129,2021,5,1,48483,365599.9448534695,230077.05764040377
48307,2022,5,1,48327,360979.4446235921,703284.8721598705
01075,2023,7,1,28087,263572.16638973734,269940.6829401483
20057,2024,9,1,20097,304040.85660255194,319083.4523813922
48075,2024,6,1,48191,194264.5459176323,200606.5943862733
30077,2021,7,2,"30043,30023",493203.1549427223,466655.4053267713
13157,2025,6,1,13219,548299.7889984614,796504.1354065752
39093,2022,4,1,39005,364218.4263315878,321318.47807868867
08101,2020,7,1,08025,316310.4384600412,217392.30466462215
29107,2020,7,2,"29177,29033",245100.70489329184,262598.08229263354
13209,2020,8,3,"13161,13283,13309",261808.38508882344,217039.74938394353
26053,2024,5,2,"26071,55003",255485.43123283584,277151.02345945674
34003,2020,12,1,34031,837172.0139504169,540971.627424351
46039,2021,10,4,"27081,27073,27173,46011",581451.7366728383,427599.99111485865
48175,2024,4,2,"48123,48391",532627.9098578627,404267.1582733919
16049,2023,8,4,"16035,16061,16003,16069",547864.1865131498,587489.9314191608
28109,2023,5,2,"28035,28073",285707.25336643105,340402.99035049975
13315,2020,3,1,13017,182206.30312379808,148422.35042487297
55029,2020,8,2,"26019,26089",489877.8496485345,623909.700749201
48193,2024,6,4,"48281,48333,48093,48099",699099.3324910337,572350.2706847815
16019,2020,7,2,"16029,16065",400358.73643520306,378677.0547093405
06051,2023,9,3,"06109,06003,32019",1258839.7795332577,630068.7442094506
30027,2024,6,1,30037,579672.0949901718,462546.9493354764
53049,2022,1,1,53027,477067.3231522553,481424.3361099695
17091,2024,6,1,18111,314504.87377552927,340855.63208411983
48001,2025,6,1,48225,415040.2672371229,431951.3654394836
13263,2022,6,1,13053,368077.19955343264,259899.03807202788
12105,2020,8,1,12055,280572.68436820665,232159.27298005717
42101,2022,9,1,42017,393047.4240113019,692921.3215740989
04005,2023,5,2,"49025,49037",903448.858381675,595096.6544051562
17073,2023,5,1,17175,274521.7994096132,312997.8503914431
51185,2021,7,1,51021,199970.60082565507,309312.523532227
42033,2024,4,1,42023,228084.38706222345,156432.17788857574
08119,2022,8,1,08093,701526.2536407835,798827.1202376684
37193,2025,6,1,37005,363962.7784711993,469558.34495700366
17189,2025,5,1,17081,268828.40529045387,227131.28518507956
48223,2025,1,1,48379,521026.1615482157,516059.0658379598
29113,2024,4,1,17013,438552.5019817956,354452.7789606545
37043,2023,1,2,"13291,13281",534119.3604949972,585871.5982644856
13095,2021,7,1,13037,178829.79528087773,234075.85652670776
51155,2021,7,1,51021,308176.0728501201,309312.523532227
54107,2024,9,1,54073,269572.0821881635,262163.05375786085
16045,2024,11,3,"16027,16087,16075",771770.0851919912,630998.4903626619
30081,2024,5,2,"30039,30023",894013.9893488563,617262.8759212429
13015,2023,4,3,"13223,13233,13067",442938.8468646873,469518.4410416914
48403,2022,3,1,48241,344533.21818858397,366569.6313319633
48211,2024,5,2,"40045,40129",286537.65489826305,314210.381506518
26033,2023,6,2,"26097,26141",296988.2489212474,324734.08251714066
48317,2020,3,1,48165,446891.74863680545,297112.0334009281
01007,2025,6,2,"01105,01065",324112.5301691198,265788.14987773926
39025,2024,6,1,21023,464653.3810702812,332380.81135233917
13273,2022,5,2,"13037,13307",248000.405332242,327280.8086745199
06009,2025,2,1,06109,641956.5212321029,555877.2699443017
29205,2021,6,1,29103,309108.2522190323,260583.9481883533
22013,2021,4,1,22027,229988.2780553576,260892.66891146975
53067,2021,1,1,53053,557265.4115113827,624568.4512731255
06051,2025,2,1,06109,1249436.824767647,555877.2699443017
38077,2023,5,1,38081,357670.33370411774,402539.2591697928
31179,2024,7,3,"31167,31173,31039",467389.44557746686,477495.9263686848
29111,2021,5,1,29103,299234.0220476338,255148.31102336696
13273,2025,6,2,"13037,13307",265613.62037692306,296066.45614225004
35017,2022,7,2,"35023,04011",355460.86061964463,300977.64375751896
16027,2023,5,2,"16045,16075",584106.0885114913,673173.6971883974
47047,2024,4,2,"28009,47075",596906.4455219272,270257.1326422685
13217,2022,6,2,"13247,13159",402384.33952317014,463718.7206571722
54107,2023,1,1,54105,255546.4588993245,209621.92506348388
06035,2020,11,3,"06063,06091,06049",334036.901245151,433165.95583026396
17101,2024,3,1,17033,181509.60978682432,219583.64971616227
28113,2020,8,1,28005,199053.76300707503,253204.4033983438
12081,2021,12,1,12027,679271.3566152827,389419.97111922945
13303,2021,3,1,13141,232290.88990618067,360634.2242356073
51800,2022,4,1,51740,477816.3883190508,302142.59910757653
12029,2024,1,1,12041,351060.87442611926,447730.6856058375
29065,2022,4,1,29093,306549.50111299887,261819.80708092963
56013,2021,7,2,"56029,56017",429847.4342903062,433829.2709768036
18073,2024,5,3,"18149,18111,18181",403017.3175296793,332130.72478445125
48437,2024,6,1,48153,213800.12287417764,176164.54801322953
29177,2021,6,1,29107,347128.5431143137,299122.3551116788
12011,2022,7,1,12051,732292.5754398698,392846.1718794634
31185,2020,3,2,"31023,31151",326749.58244212886,318631.78460249194
56007,2025,5,1,08107,358926.68536750687,2261724.9533251515
18035,2020,4,2,"18009,18075",184039.12847116624,184932.07074815594
13153,2021,7,2,"13021,13023",290002.7332353851,241783.57010659878
38091,2023,5,3,"38003,38063,38039",,299950.5043101849
25005,2022,7,3,"25007,25001,44005",660012.7838674206,1833384.9988278423
31089,2020,5,2,"31107,31003",341245.67649337294,449155.34283846605
48445,2022,8,1,48115,263307.55228818645,218052.04332709673
48029,2024,9,1,48493,429058.5275940376,603617.5202633006
08051,2020,7,2,"08109,08053",1036824.276450232,453442.2349755437
17133,2023,2,1,29186,411739.03564723505,347779.07845397457
35005,2022,9,1,35041,289138.9710803031,250690.821562101
38035,2024,7,1,38099,395795.3592848324,241434.27098672703
18095,2021,3,1,18159,223443.6769435847,274678.4046457878
29099,2023,3,2,"29186,29221",368744.6973103656,322723.30120788043
29177,2024,7,2,"29033,29107",399848.5402276851,358708.2816712813
17137,2024,3,1,17017,207005.66059499365,168928.85550916925
55105,2020,8,1,55055,283664.5784540296,369680.1718187173
28131,2025,6,2,"28039,28111",294648.15849629015,270226.85255774355
01089,2022,2,1,47051,465639.15527113527,559180.0377619765
22115,2024,6,1,22011,254603.4791573725,307405.1695113526
01113,2022,2,2,"13053,13259",265665.89736037696,241076.27708594681
39015,2021,2,1,21023,336162.4061829245,270895.58136824897
48285,2024,5,2,"48123,48239",656583.9633109978,497226.0276182423
26057,2023,7,3,"26111,26145,26155",281081.7343069377,292618.4050018432
37021,2021,3,2,"37087,37199",569117.0188672032,420533.7913935167
05139,2022,7,1,22067,257222.61665499923,215837.86567465903
13057,2023,4,2,"13067,13121",635221.1576025323,735304.0265385625
29199,2020,8,1,29103,233715.22448826968,221847.9649960155
01073,2023,6,1,01007,453879.1998801438,329050.9803376221
38067,2023,4,1,38019,216619.34571044185,252857.1096807428
51173,2023,1,1,51021,223261.6659499487,303923.6847078504
05093,2023,8,5,"05111,29069,05035,29155,47045",190952.942396658,226664.0818003461
08055,2021,7,1,08003,453471.9089819708,384242.71727870865
49023,2021,7,1,49039,536181.4678937253,470803.4637595185
42121,2023,7,1,42039,226443.0676679574,264028.4745870377
13143,2023,5,1,13045,378921.0250001282,399644.1858935557
05147,2021,1,1,05123,162564.13373439488,170616.9619542587
08083,2022,3,1,08111,595947.318921436,833894.4037508051
48273,2020,5,1,48047,215822.7665048842,177955.97492184708
13205,2024,5,1,13087,268231.97147278785,299765.40267818636
29003,2025,6,2,"20043,29063",477434.0282723331,365593.2626151205
30069,2022,6,1,30027,487085.7063758045,625201.468751914
35003,2022,7,1,04011,395383.1087008838,371261.9228684047
48063,2021,5,1,48459,339711.10285857605,329290.8548172994
19067,2024,6,1,19069,304844.24968205346,273269.40707888437
20055,2024,2,1,20083,337752.80457740615,334703.08479520463
48179,2021,3,1,48483,160029.88198237677,220921.61562838827
19109,2022,8,1,19197,301107.924919649,237202.6298058488
48281,2023,3,1,48193,513986.8108636727,686110.454701299
13291,2021,3,2,"13281,37043",469765.96394492505,464365.23604066996
31167,2023,9,1,31139,473774.27218675887,545837.0264680046
21083,2020,8,1,21039,202083.30103254344,189708.28974050484
27051,2021,10,3,"27121,27041,27149",411523.9467947043,471642.21130508365
49017,2020,7,1,49021,341073.9819573337,399466.7180170897
05111,2022,5,1,05037,207895.82929039316,255264.1762316908
16057,2020,2,3,"16035,16009,16079",473485.1841785706,314248.10333885154
25017,2023,6,1,25025,1184001.375269154,1251617.5463983354
48135,2021,8,1,48461,325244.82932474575,253467.89818498236
37061,2025,3,1,37141,313594.4351880964,722914.9678130125
56023,2020,5,2,"49033,16029",480795.15637087746,473197.5004268259
27171,2023,8,1,27145,516999.10965290497,465227.04633212974
23005,2023,8,1,23023,843119.4783864251,611895.5791080125
37051,2022,9,1,37017,319137.9203618514,325134.5662977346
21105,2020,8,1,21039,191734.24918737903,189708.28974050484
40071,2023,10,2,"40103,40053",213041.3228239327,308845.85103927826
13105,2022,11,3,"13195,13317,13221",277233.452853804,385630.8821814228
13109,2024,5,1,13029,321910.4980696912,557302.4311332019
47135,2022,3,2,"47005,47039",346601.06665943074,314355.25418341433
48215,2021,6,1,48047,233609.85862148192,203042.33036712385
29139,2025,5,2,"29151,29073",428713.61342315254,446126.46677259204
13033,2025,2,1,13163,328751.9939195075,276499.62736439024
26003,2021,8,1,26095,287198.9815580433,235846.97245799276
51153,2020,6,1,51685,577049.0378415287,425995.0720651081
22017,2021,12,1,22081,258425.150386785,255585.4067893884
38015,2023,8,1,38083,493812.54858868726,357447.49459940847
22105,2020,4,1,22091,291617.3946485633,346962.88882363494
12053,2024,7,1,12017,436859.7544720536,440096.6204869182
01031,2022,3,1,01039,291573.925512384,275196.7321788846
48199,2024,7,1,48373,356684.3611360074,372342.50079014275
48361,2021,10,1,48241,286819.31019072334,341854.1902381975
28157,2025,6,1,22029,241613.35822601672,230758.3661671946
48109,2023,7,1,48243,286875.934474437,421651.8675351587
48383,2021,5,1,48461,263635.6506888044,242174.3639657496
56027,2022,5,1,56009,442977.64392889966,440260.0382491268
27097,2024,8,1,27009,472132.7532062433,425115.2239505939
06029,2023,1,1,06079,461490.6627614661,1275817.9547155031
42061,2022,7,1,42087,309923.69040149654,270351.3278233191
28087,2021,8,1,01107,255282.44436321885,258750.58010889497
48293,2022,5,1,48217,365246.9512448888,447410.3962172
39093,2022,8,1,39005,379036.7641625126,332768.0957975785
40031,2022,6,1,40075,249872.3364874468,182340.12548253452
26035,2021,6,1,26113,212882.15095669715,321050.2674873329
13081,2023,4,2,"13315,13261",312805.76088588475,245773.33591554017
42001,2024,6,1,42055,462093.22526677774,392608.2028296979
05055,2022,9,1,05021,295593.6548112305,235255.58154808404
47099,2024,3,1,47101,367056.8845362564,400761.5925428324
13173,2024,6,1,13065,284421.9854809285,254297.19313633337
28029,2022,5,2,"28063,28077",253251.54377810075,284125.42740701983
08015,2021,8,1,08065,873242.6136739254,601139.4219031181
47019,2020,7,1,37121,246189.76183774587,279616.3723721688
53065,2023,4,3,"53043,53051,53063",539181.4533039338,563292.6719620336
49035,2022,7,1,49029,853993.0887718895,1147836.172404479
17117,2020,5,1,17083,219981.21073496668,268162.72311682947
22033,2023,5,3,"22037,22121,22091",407546.7954822828,352717.3073658102
48463,2024,6,1,48323,391648.9888507862,293136.47214974125
27007,2020,6,1,27071,286652.12363750295,232268.4107465972
47167,2021,4,1,05035,307990.85848408163,230152.02253358715
22011,2021,12,1,22003,340267.7252333342,225662.01245749457
40085,2022,8,2,"40019,40095",394707.9519507196,352057.1274178156
38103,2023,9,2,"38027,38083",291278.11315840605,290856.47310752654
40047,2023,8,4,"40103,40093,40003,40053",259110.45331470633,311115.16853196867
49045,2020,5,1,32033,441501.4951019537,247162.3869963922
28003,2023,8,1,28117,277091.42902060313,226487.47057599985
32013,2022,5,2,"32027,32031",462632.1162480598,684121.9461615647
21093,2020,8,2,"21163,21027",266049.0596787709,252959.80138269777
27145,2021,6,4,"27153,27009,27067,27041",414886.81307974947,418664.884445573
21127,2025,4,3,"21159,21175,21063",281117.27804225724,255563.07464964362
21195,2021,7,1,51051,188231.71441328316,162689.02983346328
22065,2022,2,1,22083,,302395.6957023395
29147,2023,4,2,"29003,19145",410632.87281893776,342296.95285863697
40057,2024,2,1,40009,204244.81979711843,258318.10398022583
17167,2024,4,1,17017,306187.49485434516,170314.01727096093
22007,2020,8,2,"22093,22047",246068.25932182468,279672.64462284825
13299,2024,6,1,13065,257273.6254765784,254297.19313633337
06115,2024,1,1,06063,539547.9265028001,620892.2946231475
30081,2024,9,2,"30039,30023",903307.5976111687,626850.3332332419
26153,2021,7,3,"26095,26097,26089",263135.8578488107,518058.5908901971
37175,2022,5,1,37099,773240.4870985154,1171867.9706546366
13161,2024,5,2,"13279,13271",261873.6369037043,265133.25797455874
17203,2025,5,1,17123,331408.7713082743,207744.689160732
18179,2023,2,1,18009,336274.01701367163,216997.3540908172
32031,2021,7,5,"32013,32510,32029,32001,41037",840624.7871482503,492537.96414019837
13137,2025,6,1,13281,475222.9946904307,629737.4595771079
08071,2021,7,1,08011,379142.9936092775,256379.3694728144
45041,2020,4,1,45089,235852.60002441623,233896.45441719252
13209,2022,5,1,13309,335406.2866614573,278336.3271924835
05001,2023,6,1,05107,268507.76596967207,139912.00460680536
08067,2022,9,1,08111,1033795.423927503,880446.5886105759
27173,2022,9,2,"27081,27083",364073.442522151,386519.5259133002
48451,2022,6,1,48431,360419.58450461697,390851.9548821102
53009,2024,7,1,53055,712556.1682494207,1676648.249330131
28161,2021,3,1,28135,259550.24473266792,243035.2802790523
46091,2023,8,1,38081,,387325.987860297
55029,2022,5,1,26019,671176.9687025632,650053.4032553727
38059,2023,7,1,38029,463648.4548418233,273927.3050069064
08041,2023,8,1,08043,666014.8592070746,492478.07753556455
51161,2022,6,1,51775,416222.81279534864,365151.98009164335
40113,2023,7,1,40103,353949.87340425304,313972.932640604
45015,2020,4,1,45089,374880.7140188496,233896.45441719252
08071,2024,8,1,08023,447144.6894841681,349118.8418149035
26155,2020,8,1,26065,250333.94659726872,264212.1863923518
20141,2022,4,2,"20089,20123",198690.19406739337,272205.27116107824
51173,2021,12,1,51167,202920.8171089336,218139.28079289207
06103,2020,5,2,"06045,06021",381689.9221256293,635443.9383784739
26097,2022,5,4,"26031,26095,26153,26029",335180.2916151429,450674.82620776724
46135,2020,4,2,"31107,31027",379359.9032993938,391207.71122068627
13189,2024,7,2,"13301,13163",341582.2144020186,272260.04943703196
48371,2023,6,1,48243,276804.4725684789,423137.47252790653
48463,2021,5,2,"48507,48163",352602.91535654507,258772.2825444538
48487,2022,6,2,"48155,48197",218536.0662718641,249471.99618501088
18013,2022,3,1,18109,503559.8749640964,395905.16654450266
19029,2023,7,1,19165,266770.7478136971,323851.0365582418
48295,2024,5,1,40045,240516.92243467472,257216.47278870945
29185,2023,9,2,"29013,29083",379516.4914641499,391154.76207297924
49027,2022,4,1,49039,417119.6862922272,539240.043630856
17011,2025,5,2,"17123,17155",222323.670767649,250579.83377837838
48479,2024,5,2,"48247,48323",316998.75399470254,237658.40972529846
34009,2023,7,1,34011,1555111.576353917,329748.4984398573
12029,2024,5,1,12041,351262.0955162549,455494.94893364445
16055,2020,5,2,"16009,16079",581677.3828894031,317844.6689208223
45039,2025,2,1,45023,404121.29110475373,355096.26216138067
29141,2024,3,1,29053,482985.5844883893,433419.13012940413
39003,2025,4,1,39063,293038.7595288583,378692.7252519286
41065,2020,5,1,41027,448058.95527236274,745921.3770432798
48245,2025,6,1,48071,277941.97966078046,506367.0617726281
13303,2024,8,2,"13163,13125",274845.3489240832,306834.0430604726
28081,2022,5,1,28057,289753.9596435751,254690.65555372275
31185,2020,7,3,"31023,31151,31159",327289.3816460052,351887.5446668852
54059,2020,4,1,21159,122673.09153984617,141286.17809225005
18035,2020,8,3,"18135,18009,18075",187236.3260395727,187157.29096306034
01111,2023,5,1,13045,401986.330606624,399644.1858935557
28059,2025,4,1,28039,335065.8958522431,301184.14177937974
27119,2024,6,3,"27029,27125,27087",377745.36490489705,366668.84494419163
48193,2020,1,1,48333,456114.34141308133,723763.3283870751
16031,2024,7,2,"16071,16083",520576.809638642,548020.4140725043
34013,2024,7,1,34031,1040700.04703247,706848.9160426515
05075,2023,7,1,05055,220913.8577943434,296138.49605837505
29203,2021,3,1,29179,279024.1921981551,266930.9607566116
38043,2023,5,2,"38029,38083",425676.2982132328,328907.8424309456
06071,2024,8,1,06037,786232.5883755605,1524246.9310246983
05015,2021,4,1,05101,373013.6828682933,301758.0761784097
48041,2022,3,1,48185,453313.4325322907,724587.6948191939
19151,2023,5,1,19021,214575.4540241639,285318.1860556403
06067,2022,11,1,06013,743637.1770719789,1545300.4907213598
12081,2020,8,1,12027,485227.1400772938,296206.332411422
26061,2020,7,1,26083,235876.26329373245,261257.25940744812
39009,2021,3,1,39115,263275.23849143495,237839.0654055717
04013,2022,3,2,"04012,04027",742604.2762853178,446790.1269838286
29071,2022,6,1,29073,406293.5847834684,430809.2595632179
01103,2021,9,1,01043,345376.4144223075,389079.087183841
28147,2022,6,3,"22117,28077,28091",278278.9906380351,265377.1805612378
47163,2022,5,1,51520,368623.33826594934,222637.18213020585
08083,2022,7,1,08111,631274.2538835896,874084.8780526778
17197,2022,5,2,"17063,17091",476041.2936392811,345414.4417320852
19029,2020,6,4,"19165,19137,19155,19009",206304.38250807268,232063.40485884337
30067,2020,5,1,56029,726154.3677940733,472428.0249450701
36013,2025,5,1,42049,302222.45381170994,340246.8112338257
31051,2024,7,1,31173,443464.1766150768,398146.48504305497
28013,2024,4,2,"28161,28017",227574.9483249189,254501.2229383292
47115,2022,5,1,47051,481465.7533049796,585215.1751089769
37061,2022,6,1,37141,285424.8698946202,706441.8693036763
48179,2021,7,1,48483,166534.57220663395,240162.19962159477
51131,2024,6,1,51735,594949.8210789626,619950.2735204917
40153,2022,9,2,"40043,40093",252933.8838115981,346565.4969789147
06097,2021,1,3,"06033,06045,06013",1105298.5844868722,848699.1160759982
33009,2021,6,1,50009,524063.1288340017,381338.3056787763
47109,2020,5,1,47069,226607.52638206023,204785.14262939745
21075,2025,1,2,"29143,29133",165565.72962401112,185268.70501062815
31031,2023,8,1,31091,422118.9160678351,280074.075115376
08059,2024,5,2,"08019,08047",922821.9663975053,838800.4035623923
48073,2025,5,1,48225,481116.4190759214,436977.27688033384
05095,2022,2,2,"05077,05123",230611.3911372969,217156.87093328964
08041,2020,5,1,08119,511228.8143257699,498142.6245061227
06085,2024,2,1,06047,2706417.716885812,546977.1710324291
26055,2024,6,1,26089,666711.6791369427,1185597.702101399
36071,2022,5,2,"36079,36087",543052.3649104087,738387.9604102629
06071,2021,7,1,04012,659100.4716832013,466376.9942487832
49011,2020,5,1,49029,524925.9961288463,762093.0170507586
18165,2022,6,1,18171,229185.38556795695,376574.727762527
13243,2022,10,3,"13037,13307,13259",241524.5783447115,291145.42113843287
31143,2020,6,2,"31141,31023",382579.4883590699,348773.33125491685
21107,2021,4,1,21233,223827.7135761025,211285.25036154772
13061,2022,5,1,13037,347726.1560520201,249916.25628285224
51191,2023,7,1,51520,377101.7029479958,243510.98851000352
05135,2023,6,1,05065,280501.7497750741,284829.54917582666
08103,2022,7,1,49047,608449.8298835313,437988.12314236985
49019,2020,5,1,49007,625348.8865915498,256677.6138654976
48371,2020,3,1,48243,249501.31686318835,346544.37412759016
05139,2024,4,1,05011,250571.96451149575,229346.1861238069
48173,2021,5,1,48461,,242174.3639657496
48331,2025,6,1,48051,630773.1274363776,572375.0502566801
40009,2022,10,2,"40057,40075",251514.424476607,201335.69350540324
46009,2020,3,1,31107,195180.7605439399,356434.4583683894
13001,2021,4,1,13279,255959.058230832,234155.38951487283
51149,2025,4,1,51670,449556.90180070297,275199.6586957688
16081,2023,7,1,56039,1325536.7446671892,5329372.660540266
39051,2025,4,2,"39171,39095",343163.0082302983,296494.5258719304
49029,2025,5,1,49043,1144897.8476845317,3081178.963594791
27081,2024,7,1,27173,458033.5160734766,343627.1956058555
27131,2024,9,1,27079,481697.3427103328,532316.3833384785
39121,2023,1,1,39115,297648.1367057118,256052.5332379653
48407,2021,10,1,48373,481301.10252977634,342430.1775421397
29127,2024,4,1,29173,299585.0664933367,418948.6690594855
42081,2025,4,1,42093,344407.0343308002,453407.4375358171
48147,2023,9,1,40013,554530.1630310641,367657.8774902439
48005,2022,3,2,"48241,48373",341190.73894741514,366389.63577211916
28021,2021,6,1,22107,275143.74547788996,376649.3696182075
40071,2022,6,1,40053,216072.16019162224,329956.0135118873
30009,2020,7,1,56029,512404.5234320525,477199.62860492914
53041,2021,1,2,"53077,53053",475032.3440629973,515882.2734078848
27051,2023,7,1,27041,412634.381784318,539246.4637951873
55119,2023,7,2,"55069,55107",333669.07472768385,340652.7903814686
47099,2024,7,1,47055,377378.7845029598,454081.67773276434
48159,2020,8,1,48119,499897.5429417092,289823.66118054517
08097,2021,8,1,08065,6971688.303885912,601139.4219031181
47103,2022,5,1,47051,460306.59270592063,585215.1751089769
51710,2022,5,1,51740,406932.7310137036,304802.22771716927
31033,2025,5,1,08115,332641.6252681669,315022.4578946308
19193,2024,7,2,"31173,19093",321770.07491877786,336223.7227414478
37095,2025,3,1,37187,538258.4498533775,208616.54642557228
48005,2020,10,1,48455,276442.4275857278,278889.9025850809
46025,2022,7,2,"46077,46005",548073.7886539508,432810.1789367433
47161,2025,5,2,"21035,21221",413357.5982447332,307414.05997817114
29219,2025,4,1,29073,520556.76104261057,465240.6588419119
48149,2021,5,1,48287,975474.4459881462,612078.874148178
26047,2020,7,1,26097,587476.3113041293,256572.91353486243
22035,2022,5,1,22083,,313642.1672442146
27025,2025,6,1,27065,514967.37539534015,371366.7091560571
05125,2024,8,1,05105,392966.9414938364,295438.1671803332
34005,2022,5,1,34021,509838.3987710628,665331.0247090278
06073,2022,3,1,06025,1434514.5031233013,420335.33318141504
39063,2022,7,1,39173,348627.4003423792,341403.2558011821
18179,2023,6,1,18009,345801.57069939136,221487.13252491632
18089,2023,9,1,18111,374034.4510051634,328795.2143335052
29187,2023,2,3,"29186,29123,29221",294895.54341379594,300270.65995165566
30001,2020,8,3,"30023,30093,16059",446698.7284128089,309107.7846591769
39093,2024,5,1,39103,394907.98608761205,472916.814640963
04003,2023,5,1,04023,371846.34330007015,448773.70909808454
13153,2025,2,4,"13235,13093,13193,13023",365761.22362630424,292538.5194425738
06029,2020,4,2,"06083,06111",340718.1515019822,1174570.6906675012
18153,2023,7,1,17033,245819.5148205411,225256.6095085221
17159,2021,10,1,17079,198062.77425503256,245674.25933438135
48471,2020,1,1,48313,386480.81689845485,363084.63114094664
48147,2020,8,1,48119,384277.9775396075,289823.66118054517
13129,2023,4,4,"13313,13123,13213,13295",354167.3681166587,405699.94842806004
12099,2023,9,1,12043,1009106.2841655472,440673.6399619315
01119,2022,7,1,01107,258515.9547323207,271416.10585368343
41039,2025,2,2,"41041,41019",635889.7783488453,610967.5893421856
05147,2023,1,1,05123,190130.597869587,180919.3130296612
16037,2021,8,1,16015,697580.604364606,703554.8204247728
31151,2023,8,1,31159,351906.9645065843,520264.9392401795
28047,2024,1,1,28131,348858.56636926986,279496.7906899823
28011,2022,5,1,28027,261955.3092376373,171403.8067337105
22033,2020,8,2,"22091,22047",350667.6552409078,301875.1539734723
37083,2022,6,1,37185,230850.2874832909,578407.4929109177
51077,2025,6,2,"51197,37005",331883.4324839545,400496.50377853983
56013,2020,6,2,"56029,56017",367813.334595762,369876.1259276049
55003,2023,4,1,55051,315371.51612017903,359042.7468464302
37023,2024,6,1,37011,404402.88251772727,985636.3406882772
13289,2025,4,3,"13319,13175,13023",231482.47651362527,290030.7532389969
13221,2024,2,3,"13195,13133,13317",428090.30261218006,722551.2808990068
51027,2022,5,1,51167,150555.58825196003,232923.0293772295
51041,2024,10,1,51670,572968.6657920708,272247.5640367291
10003,2025,5,1,24029,538656.8270145421,742761.4327889443
26045,2020,10,1,26015,279144.05203908455,350446.89898260287
45039,2025,6,1,45023,399020.1872153207,348933.16326303635
22063,2024,12,1,22091,337171.9281545431,316044.466045713
29183,2020,6,2,"17013,17083",378548.8951753296,288457.5448501302
30005,2023,7,1,30015,405636.9936185365,572279.6427566414
51069,2020,6,1,51840,424388.2363281804,366984.8386902423
29155,2022,9,2,"47095,47045",182426.8139679279,262454.98555343656
39041,2021,8,1,39083,586644.6448361707,366013.63890359714
06065,2021,1,1,04012,627846.0568130362,410107.0868105695
19155,2023,6,2,"19129,19165",358524.5033865569,381142.2836561995
22089,2021,9,1,22057,385033.0147421588,319419.1018288171
41051,2020,12,1,41027,677953.9142449,807659.5950485865
01111,2023,9,1,13045,398362.7797453846,407960.16038639355
48127,2024,9,2,"48507,48163",252733.2864076312,250105.10810659392
39167,2021,7,1,39115,259058.8915568598,247609.2682078863
01077,2024,6,1,47071,380465.4560330161,374092.51596735814
13163,2020,9,1,13301,210688.56585582873,214660.58264228085
48405,2022,1,1,48241,423952.8636723044,355884.9169252378
47109,2025,5,2,"28003,47069",283358.97859860584,288300.70112324296
25007,2025,5,1,25019,2922591.4471670357,5767160.394234021
31173,2020,7,3,"31021,31039,19133",,289823.7599514443
17029,2023,5,3,"17173,17035,17023",223151.51588740823,267054.3779136171
48181,2022,6,1,40095,541196.5460029667,386675.70376177545
01053,2022,5,1,01039,239742.78863469444,279515.9796842602
49023,2020,6,1,32033,430148.6246029365,248155.27947727675
30027,2023,6,2,"30015,30107",571357.0828268694,442715.8088154389
42035,2025,3,1,42023,298128.2096330615,150356.45816176874
48225,2022,4,1,48471,498044.2450271418,500004.1653173407
51005,2021,5,1,51580,227688.39758593985,122832.2978028647
30013,2021,7,2,"30045,30059",365408.37232658855,494631.98768383614
28093,2024,7,1,28009,326844.67096808675,233246.96450623157
19173,2020,10,1,19145,211284.52668694596,200376.59053409833
21053,2024,9,1,47137,270085.3034621627,400082.1497700196
47161,2022,2,2,"47083,47005",397107.37980678375,336844.40470619826
53013,2020,2,1,53023,349607.08844767715,254133.7869266166
08061,2021,3,1,08011,367660.2039352955,232705.58760893796
41005,2022,11,4,"41051,41027,41047,41071",906592.7019796578,784474.4880741565
12001,2025,6,3,"12075,12041,12007",490268.1494427865,444173.1312377712
21225,2021,3,2,"21233,17069",196901.723174918,206926.39376772253
21187,2025,2,2,"21081,21103",340485.4073036674,412992.8670574265
16053,2025,5,1,16047,604945.9681837485,662438.7748990944
21191,2024,8,1,21097,366786.3695643905,331551.4080573185
17001,2020,6,1,17169,256229.575264798,257475.90424951477
21215,2020,5,1,21005,350823.01119914814,254196.4159546527
19015,2022,5,1,19073,348862.5287876182,281269.21013551526
21205,2020,6,1,21063,200129.81001959497,203398.74076728852
49041,2021,6,1,49039,377587.5922185341,460868.69799929176
47075,2022,2,2,"47033,47097",285482.5938641716,259266.17685097785
36121,2025,5,1,36037,321408.64431884565,305817.33491655014
49015,2020,7,1,49007,,257525.27906726833
12029,2021,8,1,12041,312226.5290895947,375011.8641554715
26139,2024,6,1,55101,530393.5940137663,442949.4251930459
13099,2025,2,1,13061,261607.32878269453,349357.460446904
40141,2022,4,1,40075,140308.58761231837,179432.04312006818
20043,2022,6,2,"31147,20013",267476.1232319874,292026.1076076267
13271,2022,5,1,13309,240855.4079468184,278336.3271924835
48491,2021,4,1,48287,,599499.3146462111
49005,2024,8,1,16071,617566.733583119,540762.6777359098
40119,2023,5,1,40103,365863.63489797217,311051.70666655427
29035,2021,5,1,29179,261649.42249557996,277861.86368856626
35035,2020,3,1,48141,251408.8484248609,220762.42961327848
05095,2022,6,2,"05077,05123",229555.8999439408,217093.069578722
40137,2021,4,1,40033,203929.88252291936,204838.3803517328
27005,2023,8,1,27159,578279.9999618441,352260.5798533436
47047,2020,3,2,"28009,47069",454872.48844391067,208947.67906557093
13225,2025,6,1,13193,340441.78513467294,267750.07895263267
21157,2021,5,1,21143,260654.90211708867,319409.2401522792
47165,2024,6,1,21213,666530.4968323439,379916.4666778007
31049,2025,6,1,08115,367530.2687730228,312463.1491688502
21011,2024,9,2,"21017,21181",291952.6882347001,433709.81480414653
37133,2022,6,1,37141,374467.9932225737,706441.8693036763
51199,2021,5,2,"51131,51735",500866.56251387624,507110.2831415818
08055,2023,8,3,"08109,08003,08023",502697.722613927,415869.012140655
20105,2024,6,2,"20141,20123",298690.267509693,229736.82024203974
19063,2023,7,2,"27063,19059",241130.114606432,580483.5334980333
19047,2023,8,3,"19165,19093,19133",261352.1406138319,292727.94276041817
29087,2023,4,2,"31147,29003",,368706.20952139795
46009,2020,7,1,31107,195411.96100620783,366063.8246458964
56039,2022,5,2,"30031,56023",5401882.338270004,1049329.018349297
51013,2020,6,1,51610,1151884.0350387348,1317754.0333518789
12049,2021,4,2,"12055,12027",303190.40246558096,300409.1579914818
13089,2021,8,1,13063,559861.3486179123,255012.7153356595
48217,2024,3,1,48309,442163.1473657927,435354.5124465508
21201,2023,1,1,21069,322672.37770477234,288443.67043341993
12105,2024,5,2,"12049,12055",420246.58640308696,389904.9852362518
13243,2021,6,2,"13037,13259",222752.61710407137,222438.92843289883
08097,2021,12,2,"08051,08065",7682570.386558603,1056602.8606731228
27161,2024,8,1,27079,384926.3873993856,529939.9517647553
01025,2022,2,1,01131,267940.0415702681,292053.351250532
08037,2020,6,1,08065,1743516.894860616,466129.97935691336
42109,2022,5,1,42087,351760.4514836738,267144.5224239772
35033,2024,9,1,35055,,682465.9132886748
38035,2023,7,1,38063,391367.45474661625,272803.6015177211
32007,2023,7,2,"49045,49003",465365.0105652883,594141.2537539108
42123,2023,4,2,"42039,42049",214830.1561822183,287202.9295107451
13223,2024,7,1,13143,458010.3952456871,404164.1837531272
48287,2022,3,1,48149,726225.0497446177,1106813.9535966737
35015,2023,9,1,35005,363347.02346812474,276716.7290688175
48301,2024,5,1,48475,,296780.5410795806
17165,2023,2,1,17069,167527.45725085816,207782.94694526205
51185,2022,5,1,51167,211062.42391548617,232923.0293772295
27037,2021,6,1,27163,496304.8322411782,562651.226029633
13303,2025,2,3,"13163,13319,13125",271937.154099019,296071.88152136706
17185,2024,8,1,17047,185567.0087670846,206765.24080477413
01125,2024,2,1,01063,377403.0263269983,239207.4211023346
05135,2020,9,1,05065,235388.34367655087,228760.508936824
19045,2024,7,1,19031,319327.9192578375,396340.5170115112
13161,2023,4,4,"13279,13271,13209,13309",245394.0178514626,271530.22778844397
08117,2021,7,2,"08019,08065",1648773.9532265468,715160.4008186639
39103,2022,7,1,39005,444458.1543653016,331451.3292503513
41063,2024,4,2,"53013,53023",687507.9218389761,386812.05988459557
13045,2024,7,1,13143,420978.6646720955,404164.1837531272
35043,2022,9,1,35028,524431.9245922002,685897.0999583235
29087,2020,3,3,"31147,20043,31127",,229653.6935267696
56037,2024,6,1,49009,398038.4966838693,493077.04015969206
48077,2021,5,1,40033,337846.54173030396,206830.0792777435
22079,2024,6,1,22039,279627.09161956154,202577.35197159692
53057,2021,11,1,53029,778723.6932005291,949114.4841242484
06029,2020,8,2,"06083,06111",345314.7504183059,1171991.663105242
16049,2024,4,1,16035,556663.556023983,519048.9188492065
28109,2024,1,1,28131,297056.6387001958,279496.7906899823
12081,2022,8,1,12027,839088.7691876969,479114.13975222706
32005,2021,7,1,32510,1235653.8755246846,632098.5256428869
13069,2021,1,1,13161,237373.5891344892,211591.83373261872
42081,2022,7,1,42093,326213.7175071241,437237.67153734463
16073,2020,4,1,16083,504449.7070427962,376045.1360828926
32019,2024,7,1,32029,503684.5935083949,724422.9418945863
48339,2025,6,1,48407,605621.7295633551,456354.8619772673
32021,2023,9,1,32019,216539.77668928783,489274.9622471086
55025,2020,7,1,55055,484811.7247868317,367016.7872631438
38053,2024,5,1,30109,455608.5584990874,391626.1506321093
13149,2023,5,1,13045,412752.1345171863,399644.1858935557
48149,2020,1,1,48285,755743.5335320062,536740.3279072411
47093,2021,6,1,47105,423937.1987139306,579417.3519436591
21069,2021,6,1,21201,257819.02900251167,281817.75638030766
51119,2021,3,1,51131,501255.2873964947,460963.67586380354
05121,2023,4,2,"05021,05055",254713.98895871,261943.94303711393
29075,2023,6,1,29003,302454.3735987527,439131.0083828363
47153,2023,6,1,47061,482337.84750653827,354549.5582776048
21161,2023,1,1,21069,291887.53243421105,288443.67043341993
19109,2023,6,1,19189,296321.3760199842,228190.5949489584
48223,2021,3,2,"48119,48379",449054.7201184665,375320.95736168476
17099,2025,6,2,"17123,17155",318879.2046206095,249406.07693524042
13239,2022,8,1,13259,265969.5682517058,237787.11655698303
16075,2024,6,1,16087,607984.2158451754,668289.2537118917
48437,2023,9,1,48011,213535.77775748048,435587.5710089232
13241,2025,6,2,"13281,37113",909785.378429418,709323.1009319077
48215,2020,6,1,48047,204393.81555836744,179086.12453660465
48157,2020,1,1,48481,416334.3776024853,428413.4484788081
34019,2025,5,1,34021,869997.4124899692,802032.106849278
46085,2023,7,2,"46023,46015",,522653.778921187
06099,2023,1,1,06085,585203.3134820916,2602588.144782346
28085,2023,12,3,"28077,28063,28005",276897.24414734176,262121.5859464181
48411,2020,5,1,48333,342781.6089165334,750456.613969387
08045,2021,8,1,08107,977516.899549364,1767235.0521363614
08111,2021,8,3,"08091,08033,08053",768508.1883463748,736251.8782082926
35035,2023,8,2,"35005,35051",346709.2065735879,272921.37945724995
48089,2025,5,1,48285,674966.8374620267,665941.592901706
01113,2021,5,2,"13053,13259",244454.0405924923,221589.90727519197
21033,2021,6,1,21143,240041.3472932815,326256.1258224076
27011,2024,7,2,"27073,27149",371589.8613823715,412698.5157174715
46115,2023,5,1,46005,359453.5088649628,401338.6702592643
17147,2022,4,1,17039,336771.17240312183,225357.06739561076
47045,2022,5,3,"47097,47033,47053",277683.9316659633,283986.22208059183
48181,2022,10,1,40095,538135.585320636,388760.90239961
55031,2024,5,1,27075,358354.06653511734,433580.446104886
35061,2020,6,1,35006,307662.2529215086,193082.32783414875
29017,2023,3,1,29123,323692.78915861895,260781.59703572097
27111,2024,7,1,27041,520653.9728086673,552871.9675306106
19011,2021,12,1,19095,460172.1431375908,300838.0243538878
20077,2024,5,2,"40003,40053",211903.86951682775,287443.3243089248
47125,2022,4,1,47083,415467.8445615584,385924.07861793344
26043,2023,7,2,"55037,55075",283088.5583421185,310366.2942432286
06083,2023,8,1,06079,2134714.679236989,1308584.4184161643
48313,2022,3,2,"48185,48471",540152.5524163799,608017.8447096657
13055,2022,9,1,13295,306591.7498771204,353751.70884206117
39011,2023,7,1,39161,331250.5257715912,251743.3139533007
13269,2022,6,1,13249,327824.81271878746,310132.17436628026
08061,2021,7,1,08011,376014.5475033505,256379.3694728144
26103,2022,6,1,26083,328631.1558215317,312692.92882685736
12121,2024,6,1,12041,418650.8774276919,457706.7448999812
13165,2023,6,1,13107,290925.9693470716,239119.54091842627
45069,2021,5,1,37007,178743.57653089883,258314.75826605913
55061,2022,5,1,26019,399387.49766179663,650053.4032553727
21135,2023,7,1,21161,218811.69482709505,289733.44192608935
45051,2022,1,2,"45033,45043",431197.27106722567,429333.7215143208
39159,2023,4,1,39101,606222.4516558164,257546.0669092615
13221,2021,5,2,"13265,13317",359574.3232129012,289262.6274344171
41017,2021,6,4,"41031,41035,41037,41043",1009676.314282373,433977.37411968695
47019,2021,5,2,"47171,37121",278457.1004644291,301243.7609193465
51051,2022,5,1,51167,169142.20637801872,232923.0293772295
13291,2020,6,1,13281,396776.1069619086,430991.08935829793
13079,2021,1,1,13021,263011.75004012027,220254.1223037124
51115,2023,6,2,"51199,51119",519389.35358844424,585665.767834705
19053,2021,12,1,19185,285490.7775758752,261882.45043380893
51059,2020,11,1,51600,930308.5745676633,812942.8731023181
13099,2025,6,2,"13037,13061",253898.6235498571,292927.36895535555
40069,2021,4,1,40029,242328.0838795663,241972.2962898557
18077,2020,3,1,21223,240273.979171028,265774.55473729264
21167,2020,7,1,21005,278404.6275172066,259295.0918289637
48329,2021,7,1,48461,440474.7412226148,249758.60997619625
48117,2025,5,1,35009,326952.62947353715,261085.87654220933
39167,2023,4,1,39115,270666.8381391104,255016.63011453845
40119,2023,9,1,40103,370476.37581760384,315613.22730599163
41017,2024,7,2,"41031,41035",1123413.950963602,552020.6783623782
35035,2020,7,1,48141,255444.64831001227,223572.6172788538
51051,2025,6,1,21195,174624.09391328073,201893.4263041288
18017,2020,7,1,18131,178645.00806375404,189674.6073983449
30099,2021,7,1,30073,541494.6536432785,366570.1083688627
42133,2022,6,1,42043,391166.75103304134,380808.6566140002
06025,2021,1,2,"04012,04027",364101.36068825173,345414.2595950583
35001,2024,8,1,35006,488363.3496737375,246977.53507115983
51199,2021,9,1,51735,516066.36875093885,543819.6995640587
37055,2023,6,1,37177,954548.856593288,314246.91100004275
27127,2022,8,3,"27083,27101,27033",345704.53815481655,401012.18071011914
25001,2020,11,1,25007,836477.1269333771,2025454.7869383271
47047,2023,8,1,47075,595412.2230650878,307826.32564279594
27001,2021,7,1,27115,359139.49536501436,324713.8252013767
18067,2025,4,2,"18023,18103",291261.1187883208,303914.9876325814
36103,2025,6,1,44009,1150791.3839414192,1083972.6022651084
06019,2023,3,2,"06069,06053",555338.5033613894,1312978.8308558657
28133,2022,5,1,28027,219315.60803043857,171403.8067337105
06061,2020,4,3,"32005,32031,06101",787384.5209610803,675212.1983592967
37111,2020,1,1,37121,320830.6756898956,273407.08641523944
13089,2021,12,1,13247,573665.4986165159,383220.0417101916
29015,2024,4,1,29083,316969.79569458566,386010.4746201837
55083,2020,1,1,55078,290738.9626807614,303534.378019814
32031,2025,6,2,"32013,41037",929960.7754204673,415155.2081291299
20085,2022,5,1,20013,368435.4747860956,266675.6064113255
27001,2024,8,1,27065,427178.21994340094,381185.494997838
01089,2024,12,1,01095,485127.0170166571,419387.1105533924
40039,2022,6,1,40043,272718.8761569001,338366.96727239684
30111,2022,7,1,30103,520435.1004247947,575207.5119179589
29117,2024,10,2,"29079,29061",358201.31524180196,393864.55599901534
27057,2023,7,1,27159,471592.9708282335,354009.117685632
40121,2023,5,1,40005,285823.44519608776,360238.5906002503
01025,2022,6,1,01131,270022.6116789372,294048.24698663334
26129,2024,8,2,"26001,26143",265794.69019669143,321519.44688320544
05031,2024,8,1,05067,335437.7505477054,174864.99260161055
21085,2020,7,1,21027,270773.5530621943,221164.62694653007
53047,2021,8,4,"53025,53019,53043,53007",535059.327263467,565619.4058542354
13303,2025,6,5,"13141,13009,13125,13163,13319",268041.8910243457,356093.8239140377
37015,2025,5,1,37187,181913.34820100816,208730.1762947716
01039,2023,4,2,"01035,01013",268243.02415396774,247883.23983994118
28145,2022,5,1,28139,276343.7036695764,238762.89471126665
32011,2024,9,1,32015,350898.5175835046,406817.898946922
39065,2025,4,2,"39101,39063",293671.52164578106,334122.69702001556
48075,2025,6,1,40057,197790.28161991976,212619.91281316793
20071,2025,4,2,"08061,08099",320418.99180624634,345531.7167242785
42111,2024,4,1,42009,325317.8856023592,313519.7519386839
41063,2024,8,2,"53013,53023",704436.246081464,384988.83957021934
30015,2021,7,2,"30045,30073",539151.1235541379,427664.3167092186
54099,2020,1,1,21159,169754.0403974723,141329.51584500985
06073,2022,11,1,06025,1453043.5827185102,426268.45190464816
48409,2024,3,2,"48007,48391",324492.852218764,416811.34018884297
05013,2023,2,2,"05039,05011",252147.05867191337,230043.9086076285
26053,2025,5,1,55051,267046.05435916316,364064.8493598297
48355,2024,1,1,48007,395815.97034791415,571253.0449655947
16057,2022,12,3,"16035,16009,16079",660940.7788100634,499026.0232749611
28135,2022,5,1,28027,267428.1924850614,171403.8067337105
51057,2023,7,1,51119,449742.73290018,595322.811931175
22013,2020,11,1,22027,225392.33306163023,277208.94518996385
56003,2020,8,1,56029,310951.050808156,481280.13857635466
16049,2024,8,1,16035,557458.5059319744,523190.1925884041
29171,2024,7,2,"29211,29129",439950.4321567424,284309.3250095248
28141,2025,5,1,28003,315987.09550674964,287595.2503203703
55089,2022,6,1,26127,710265.1267853519,416551.74670127773
17061,2020,7,2,"17013,17083",184819.3678252448,286926.2421821767
32005,2021,11,1,32510,1294383.2096796497,650669.8279136582
28001,2024,8,3,"28063,28037,22107",244293.7757459212,305581.7761937904
18049,2020,8,1,18131,244462.9966414907,191479.9347706388
19139,2025,5,1,19115,330515.2212766516,294761.89045104716
47069,2024,4,4,"28009,47023,28139,47075",279299.6793107465,268922.78632305935
26061,2024,6,3,"26071,26083,26013",287080.8932824488,272985.4066705406
19197,2020,9,1,19079,185776.1204303772,215716.48482791908
51119,2021,7,1,51131,537906.2593867575,510588.9340848765
51067,2024,4,1,51063,700970.8862902088,377233.68759536743
48167,2025,6,1,48071,523394.7246014162,506367.0617726281
40153,2023,7,2,"40043,40093",256112.1226105912,334580.1243679478
01093,2022,7,4,"28057,01133,01057,01075",283923.32747551426,338198.2163520247
48251,2020,2,1,48425,361804.2368769856,445187.68013481895
41009,2020,11,1,53011,492657.2026763952,589365.1059236863
13303,2022,5,2,"13319,13125",275611.8169181226,296116.6212969943
19077,2020,6,1,19009,385679.6298221552,215563.65097152485
18123,2020,9,2,"21163,21027",212234.01138193137,256681.25247666234
26143,2021,6,4,"26113,26135,26129,26039",269897.0058518574,245534.46027213108
48157,2020,5,1,48481,418924.34901444026,434868.62270809425
21035,2023,3,1,47079,283288.8029545873,351960.70356906526
22035,2024,6,1,22065,203868.34916613193,182652.40168369887
27091,2021,4,2,"27063,27165",378397.70181162906,284378.4196667094
48075,2022,5,1,48197,214551.07957973957,193059.55009278937
55093,2021,5,1,27163,456180.8306427192,553832.1951703703
48189,2024,4,1,48153,227349.684507498,175563.60947415754
20125,2025,5,1,20133,213717.68649870972,240522.85023456716
05001,2024,2,1,05107,255893.56895164205,130114.3341967103
29205,2022,6,1,29103,360150.95054642466,302468.8800704773
31041,2025,6,4,"31163,31019,31175,31047",443567.8481981139,470454.94890023
29143,2023,3,3,"47095,29069,29155",172226.95995652222,195117.72223593478
18149,2020,6,1,18131,211550.06472339405,188977.83546170767
17113,2022,11,1,17147,358026.08982734074,344748.484874069
48375,2023,8,1,48011,266886.1579492351,432926.6338412152
46115,2023,9,1,46005,364535.1756239023,380438.8644434996
40113,2024,3,1,40103,358879.71368355997,315454.6765581298
06099,2021,12,1,06085,573528.216279248,2558197.0333271413
39029,2025,6,2,"39151,39099",270305.58614373626,316499.09851098194
19193,2020,6,1,19133,248036.48172945445,199516.48734982676
48043,2023,6,1,48243,384654.4617133012,423137.47252790653
17189,2020,3,1,17121,233205.22034383108,149684.04037808036
29007,2024,4,2,"29173,29175",313326.7322927928,359726.1534400446
48129,2021,5,1,48483,303027.5941826278,230077.05764040377
29017,2023,7,1,29123,320359.59242493607,272544.85362235707
22009,2024,6,1,22039,215903.47423089156,202577.35197159692
47163,2020,2,1,51520,272573.75630536326,166642.1730543274
46023,2020,1,1,31107,367946.8935551706,350322.63876415696
26065,2023,8,2,"26155,26093",333276.2984628327,406738.8817959076
13265,2024,7,1,13301,330958.27201959875,274923.3884783049
29079,2023,8,1,29211,224039.3087272343,230817.3736235948
37137,2020,9,1,37095,323391.01633766317,449561.9132576869
48503,2024,2,2,"48009,48429",407099.18628422666,398415.5231754305
30057,2020,8,2,"30043,30093",1925881.963373743,373530.47839216865
05147,2020,8,1,05123,152222.0504542565,167150.82746990593
39147,2024,3,1,39173,263175.39923703676,359782.6295087144
06083,2023,12,1,06079,2183111.9046044704,1334499.14715874
17077,2021,3,1,17181,167791.19287469008,256596.62770956077
19069,2022,5,2,"19197,19023",267011.8648204101,275080.0669962618
22069,2022,1,1,22081,326997.91734823777,258421.50860218465
31031,2024,4,3,"31017,31091,31171",438181.5010359644,382488.32292787964
20191,2022,5,1,40053,276044.4489471083,325028.1484509732
56013,2022,7,2,"56007,56017",518624.6888326389,346356.768577334
25005,2020,6,1,44001,496718.26129644434,620236.3340969478
05041,2023,6,2,"28011,05107",209019.75659791325,198276.738181254
21083,2023,3,1,47079,267759.1244479709,351960.70356906526
55003,2025,5,1,55051,320091.7066484627,364064.8493598297
55017,2023,8,3,"55005,55107,55035",430166.0092111456,404084.092315138
13045,2021,8,2,"13143,13149",353559.35156522744,348962.0373174777
45051,2022,5,2,"45033,45043",470061.5719956735,454810.621905688
05103,2024,8,1,05039,201082.39342614185,218987.854882678
46027,2020,3,1,31027,307332.641174024,425209.7267340857
13291,2020,10,2,"13281,37043",421088.4066312613,417717.7316504092
13079,2021,5,2,"13269,13021",276283.8483944922,257834.29364440142
48447,2022,5,1,48275,672107.7250596605,232805.12915016784
35043,2021,5,1,35028,439864.3953783859,629513.5264255173
46031,2023,7,1,38029,449823.60444144503,273927.3050069064
13257,2023,1,1,13011,365729.5058187185,486056.7008847434
18095,2022,3,2,"18065,18159",262770.4070867145,293663.91420924535
35045,2020,6,1,35031,268976.40261938964,277846.0499579893
56043,2023,4,1,56017,391161.30903312634,347268.7245573225
13031,2024,5,1,13029,403896.590787057,557302.4311332019
23019,2025,6,2,"23009,23027",393338.7599353547,640174.6838405387
44009,2022,8,1,44005,967459.8276014656,1228831.3893684822
37053,2023,7,1,37177,934454.1778615993,315624.83184912615
13135,2024,2,2,"13117,13013",568848.4983208854,661759.8462943264
19007,2021,3,1,29197,197894.2495146953,267073.19970675866
40045,2023,8,2,"40043,40129",273126.78360319306,347915.4498749358
12081,2021,4,1,12027,547337.3178335363,338631.5421888348
27065,2021,9,1,27025,352052.5171005623,478546.2414392747
51710,2021,3,1,51131,359490.5821943188,460963.67586380354
19181,2025,5,1,19117,489307.37732329266,339318.3605838863
49023,2022,7,1,49039,614420.7341757208,560375.0208312945
19067,2022,5,1,19023,290709.7100077273,321500.2556780949
35055,2021,5,1,08021,671023.4704760332,330998.1400818176
05147,2022,1,2,"05123,05037",190094.71806628729,216839.49460290262
08083,2023,3,3,"08111,35045,49037",599918.4753573709,586899.6007475015
51177,2024,4,1,51630,608929.683485338,627740.1661723033
22097,2020,1,1,22077,243510.82280933473,310799.02132740774
28011,2021,5,1,28027,243822.6631046097,175124.5644982719
17117,2021,5,1,17083,229682.00018604557,297924.39564844937
28091,2021,2,1,28147,225648.75116963784,236137.18898203535
17119,2020,3,1,17083,246570.99548422627,270418.5120227444
22045,2021,3,2,"22007,22047",260771.16721818564,267030.9488652935
21135,2025,4,2,"21205,21069",230544.84578757852,317595.61071030586
37111,2020,5,2,"37011,37121",321722.65747230424,447805.00468638516
18083,2024,4,1,17033,256109.72147154933,221164.82674286372
55083,2020,5,1,55078,295352.1130089567,305844.72527957085
13145,2024,4,1,01017,492156.4701305208,247307.79617646895
21231,2020,3,1,21207,185060.9866417595,172029.1564263321
29163,2024,4,2,"29173,17013",390278.6896340254,386700.72401007
01061,2022,5,1,01039,277949.1484924767,279515.9796842602
04015,2023,7,1,49025,543108.4722549877,628797.2045868792
50025,2022,12,1,50003,638771.5867293244,756192.9820185996
40121,2023,9,1,40005,286379.4489253215,366629.55211979366
48131,2025,5,1,48047,175729.79812399522,182445.14703625732
30089,2023,5,3,"30061,16079,16017",666511.8608355791,656830.17925522
48291,2024,2,2,"48339,48407",374856.52357607055,523384.2038179112
38017,2023,7,1,38003,466758.3647919753,345026.0736484421
47135,2023,3,1,47039,327226.2495922162,317378.01547331014
39153,2024,5,3,"39169,39103,39151",373231.2055050842,393562.58294675447
19087,2023,5,1,19115,306001.7004933063,268949.2962153131
45005,2021,5,1,45011,145734.97763767288,254591.24288669473
21137,2025,5,2,"21199,21203",304325.58419364796,278170.5130932776
22029,2024,6,1,22107,249659.6433204316,396570.7664751433
51153,2021,6,1,51685,673278.9783228438,486992.1325107885
22077,2022,5,3,"22125,22121,22047",354561.81442799023,402823.2734728627
40089,2022,7,1,05081,629177.7736903647,246184.86708122896
48177,2020,5,1,48285,594712.6533835278,545412.8348647124
30039,2021,7,1,30023,639451.3958718366,333116.45615557296
51163,2025,5,2,"51530,51678",535207.761132012,396727.6088506983
16039,2021,8,3,"16015,16025,16047",464516.9372135851,638899.330444554
06077,2023,3,1,06013,754685.4014496041,1480302.769629705
51105,2025,2,3,"21095,21013,47067",189097.68825253425,207948.6918393468
19087,2021,12,1,19183,281758.3566840438,324283.2480610544
18081,2022,6,1,18109,451879.2675351699,416854.8584918124
51013,2022,7,1,51610,1337747.1074806466,1619535.040872392
26123,2023,7,1,26105,354166.4851516274,412676.2093708318
49035,2020,6,1,49029,579173.0019385653,765528.1937924667
29217,2022,3,1,29185,271070.22980824346,345517.21274149994
22077,2025,6,1,22029,338625.0999569869,230758.3661671946
13081,2024,4,2,"13315,13261",315921.3583921148,255834.8156809238
19023,2020,5,1,19067,251307.5865035219,235170.65398962304
08013,2021,6,1,08047,1133784.1953874023,703698.3079002192
29223,2022,2,1,29093,221374.66976367493,246027.78244550517
22123,2025,6,1,05017,220354.8799451365,257322.26175680527
29021,2023,8,1,29003,285376.87239375286,442567.1351538454
18049,2025,6,2,"18131,18103",348686.5843905378,275590.27174031123
06077,2021,10,1,06013,746681.9122663246,1451014.0063531166
31107,2023,6,4,"46135,46023,31139,31003",454214.96583900886,521324.0490910917
19169,2023,5,1,19079,407190.3198539589,273804.4759776714
21127,2023,3,1,21063,291058.29748729727,285521.215543907
29165,2023,4,1,20209,560175.8396282578,276753.5978742109
47163,2023,7,1,51520,390649.6701502385,243510.98851000352
26105,2020,8,1,26101,296174.4956235311,299622.14695100515
13099,2024,2,1,13061,248565.9304352298,348110.82501450175
40141,2021,4,1,40033,118210.60577479131,204838.3803517328
36059,2022,8,1,36005,1079361.3366648415,741121.9203122308
21209,2021,7,1,21097,388388.77557383553,284968.1468188976
35023,2023,8,1,35029,212744.29670436424,209242.10104356517
19113,2024,7,1,19031,368280.4874651789,396340.5170115112
27007,2021,6,2,"27135,27029",323836.71948802,341649.09916727163
47039,2024,4,2,"47135,47071",319558.6773191904,342941.3897789002
47049,2021,3,1,47137,306785.13887213,340327.8851275042
13157,2025,2,1,13219,552554.4686647936,798261.3932987213
37043,2024,5,1,13281,548778.0355512352,634946.8173311298
06017,2024,2,1,06005,981983.2043021808,599975.5225596441
21209,2024,8,2,"21017,21097",470797.9335645768,421388.6684707039
48387,2021,4,1,48119,353941.5505734116,332989.2576381611
13033,2023,1,2,"13107,13163",307758.4874373923,245083.50391970604
38031,2023,7,2,"38039,38027",285715.36395207985,245910.84587790538
12067,2021,8,1,12041,382631.41845332686,375011.8641554715
26051,2024,8,1,26143,280527.7020494857,335477.7598296596
39089,2021,6,1,39083,391337.8572347958,360052.89448563865
22089,2025,6,1,22095,382293.91877303505,264419.1014066726
12083,2024,7,1,12017,422627.8711683952,440096.6204869182
55029,2020,4,2,"26019,26089",487100.5242912581,616688.2621651352
18089,2024,5,1,18111,380916.7941551551,339746.8936299529
06051,2023,5,1,32019,1257525.0013100684,484443.9011257449
28139,2021,3,1,28009,221681.69241633543,238157.47407961983
40131,2021,5,1,40035,353966.82407699834,323394.3559320486
18153,2024,3,1,17033,243488.5423661956,219583.64971616227
38071,2023,5,3,"38095,38019,38063",350348.5224123146,276361.268477198
48227,2022,5,2,"48115,48431",290499.2399033846,302896.49560149666
26123,2020,6,1,26133,264962.5251786996,212910.235016748
21043,2025,4,2,"21205,21063",275835.77432650764,296670.38598504034
29143,2023,7,3,"47095,29069,29155",173588.00775086394,200059.09167436315
24025,2025,5,1,24029,601247.0027735895,742761.4327889443
48099,2023,3,1,48193,381257.03891515365,686110.454701299
19025,2021,5,1,19021,250522.87136902005,242380.67374877763
22123,2022,5,2,"22083,22067",260971.06459080815,262611.6144154762
47017,2021,7,2,"47183,47039",275374.4185265844,277331.0405908695
13139,2024,7,1,13013,606077.2182413624,447534.40068108105
28095,2022,2,1,28057,261681.8270756724,251074.65762868695
04013,2021,10,2,"04012,04027",684273.0586764441,416222.11923362355
47163,2020,6,1,51520,275927.0561859253,168021.92332415632
22063,2022,7,1,22091,344706.92182288016,362552.3937491868
47031,2023,8,1,47061,448805.6514244652,359604.7758434376
46023,2020,5,1,31107,385681.1042006305,362616.9590977447
55075,2025,5,1,55041,298507.11318412167,359755.67635823955
20025,2024,8,1,20097,202298.3262356547,312555.5225012422
53061,2021,11,3,"53029,53035,53033",929867.0261069356,1058426.036356601
17073,2021,8,1,17175,263693.9430896165,321586.8392305561
05101,2025,6,1,05129,373999.657047011,287793.2837881663
40047,2021,7,2,"40103,40003",232961.40951419264,275851.3733193247
31031,2024,8,1,31171,449793.2626552987,505754.58072642115
18119,2021,7,1,18055,300216.0257846415,253270.17059663587
01013,2022,1,1,01039,246187.73944280003,273177.5471716937
25005,2020,10,2,"25007,44001",513822.583789932,1313529.798912005
29069,2022,9,1,05021,178035.4964135872,235255.58154808404
53043,2024,6,1,53025,499016.4951983805,531525.2154504154
08079,2020,6,3,"08109,08105,08053",470213.7103254905,432688.1372444105
23011,2024,4,1,23023,443367.6681539568,639713.8609888436
22073,2023,12,1,22049,300546.08229045407,261453.46076699375
13045,2021,12,1,13149,370441.14608042897,369280.0390580211
05103,2024,12,2,"05039,05019",201519.38449251148,242193.2524271041
12097,2020,6,1,12055,348772.1662700271,228944.8766765917
29061,2020,8,1,29117,356512.1788242653,251540.1775278471
40151,2020,7,1,20033,217932.8057878977,160301.7475935536
06097,2020,8,3,"06033,06095,06045",1044140.289119232,605512.320500738
22089,2022,5,1,22057,405230.0277721744,329569.4746973436
48229,2024,8,2,"48109,48377",333015.35730881104,326231.3516795458
13069,2023,7,1,13271,305247.504905236,240265.93673606063
13243,2025,5,4,"13037,13307,13061,13259",246531.15210200544,296562.2954227751
13257,2023,5,1,13011,373706.5273486774,486981.513895507
27137,2020,7,1,27071,291015.68458780536,232359.0384070693
06073,2021,7,1,06025,1238007.79159875,391033.10590990423
12097,2023,7,1,12055,524042.77644913056,354164.6489488914
13153,2024,6,2,"13225,13193",358145.7362413397,303184.3057122507
48451,2020,5,1,48095,290114.36283317494,271347.6967074443
41005,2020,6,1,41027,685294.1885328563,746643.5317376038
17047,2023,3,1,17159,209447.24394007403,221397.37548576645
19007,2021,7,1,29197,207019.272832416,285027.25381221244
04025,2022,6,1,04012,837715.1132411653,571994.1525139994
40113,2021,6,1,40103,304693.5313290521,284629.54510808503
36013,2023,4,1,42049,275550.1614102898,302578.43385752797
13285,2021,8,1,13149,289723.22154489375,360796.583038978
29095,2020,8,1,29177,295794.7113248138,286099.48562293866
21047,2024,3,1,21033,295648.7792737665,278078.8459396995
22009,2021,9,2,"22125,22097",242626.18161845495,379172.36129695893
47025,2025,2,4,"21013,47173,21235,47067",366816.7300300123,301013.39936777647
29175,2020,5,1,29041,218561.0873751311,228675.3562301537
54085,2025,5,1,54073,233532.6469732171,263138.8554971044
30031,2021,7,3,"30043,56029,30059",1140971.8605753323,555143.205180127
51177,2024,8,1,51630,618619.2760005101,641444.6803416924
05135,2024,8,1,05065,283803.94928130595,301048.7144500294
24003,2025,5,2,"24029,24035",787531.2202231642,781005.0107431347
31059,2020,6,2,"31151,31095",283133.8989038396,263713.8219497232
18155,2024,5,1,18115,355311.98104834557,421326.456931394
01095,2021,10,1,01043,359172.14107997087,391843.45119273075
47115,2023,5,2,"47061,13083",485117.6821741092,375923.6893156116
17119,2020,7,1,17083,248644.9111262575,261711.15871756393
48005,2021,10,3,"48457,48241,48373",320140.353168008,324615.8203425201
29186,2025,5,1,29157,396896.26574848854,362335.0467856129
06029,2024,7,4,"06031,06079,06111,06037",483824.38042488624,1156236.8201681247
55083,2020,9,1,55078,301880.32422153297,318891.93651201855
18147,2021,8,1,21091,308871.91321330785,272568.1918109136
51191,2021,6,1,51520,319823.6734786779,193718.168505989
28071,2021,9,2,"28013,28137",483874.195717599,255068.3963075467
26009,2022,5,3,"26039,26079,26029",748154.3186464194,467777.3845985367
29199,2020,4,1,29103,226965.6284632393,214190.172982304
19115,2024,7,1,19087,289600.7493421134,319056.0784113577
47049,2024,8,1,47137,400214.4455903029,397729.0830977228
12115,2020,6,1,12027,540814.413672885,292172.4866186292
48079,2023,10,2,"48501,48017",163960.59533392958,282804.1629942468
34025,2022,6,1,34021,1048711.9314408724,673883.4242747381
06023,2023,3,1,06015,692594.0893250607,504659.62078500766
48389,2023,7,1,48243,338913.31304062135,421651.8675351587
42085,2023,3,3,"42039,39155,39099",311587.968802359,254257.1417291842
19149,2021,10,4,"19167,19193,19141,19035",379616.68680565775,289775.3796462549
13167,2025,6,4,"13283,13319,13163,13175",262630.4851661702,283695.5613587823
48105,2022,5,1,48435,344270.23538402934,287039.11956074316
48173,2022,5,1,48431,,387478.2937610627
27073,2023,4,3,"27151,27011,27173",480143.15382216574,393482.7369900881
39043,2024,4,1,39123,355344.84793329175,483907.737921041
18027,2024,7,1,18125,381361.01219385565,265623.87927229377
40067,2021,7,1,40033,162405.86120738726,208398.749821917
21097,2020,8,1,21201,249943.65303014207,226488.759033289
20007,2020,7,1,20033,155339.31005859948,160301.7475935536
46107,2023,6,1,46045,530620.5372567149,503495.33410423686
16085,2020,5,2,"16045,16059",678915.2051937463,426155.7056589416
55133,2023,8,2,"55131,55089",662197.702060117,636110.9785110006
27011,2025,5,1,27155,375596.816255067,393494.02717529703
12055,2022,3,2,"12043,12027",322019.33867703547,413711.9514004616
48411,2024,4,2,"48281,48333",449528.74717313494,665876.5766050452
16003,2022,8,2,"16045,16087",985982.7121782228,769872.9070414391
41057,2022,1,1,41071,790178.0968904515,727613.575920086
13081,2024,8,1,13315,323299.2083767955,255518.14740210227
37139,2025,5,1,37143,374843.7751296418,444673.3691407638
17059,2021,3,2,"17165,17069",132636.78964875123,180323.37193439933
38055,2021,6,1,38083,332571.7078754002,334564.72920343926
20007,2023,8,1,40003,195800.41931184847,275449.19157247245
05103,2023,4,1,05039,199809.37278025373,230553.43004909097
17151,2022,7,1,17069,298207.38678845525,225735.2313645497
41017,2020,6,2,"41037,41025",754158.4612376519,257698.48573825078
18083,2021,7,1,18055,219932.15310392217,253270.17059663587
56029,2023,4,2,"56039,56017",651770.6146264765,2809403.267909752
17109,2022,6,1,17071,172237.11329879033,236800.5523973769
06045,2023,2,1,06097,838819.7543584091,1241348.4199085066
29165,2023,8,1,20209,567509.5399656008,285136.8600665971
13175,2020,4,1,13283,242581.21780442615,230165.13227157315
30111,2024,8,1,30037,534479.4459551038,472929.6391354711
20097,2020,6,1,20033,264085.3787431459,160130.01397567915
20143,2025,4,1,20123,345911.0521011522,291558.6300358413
29161,2021,3,1,29073,287104.8166714598,335439.01491625054
28047,2023,8,1,28131,349428.9837837159,275226.92625377345
26103,2024,10,1,26083,361359.6371817289,344005.5781583465
17121,2023,3,1,17051,196851.11665896865,291980.4483534784
05147,2024,3,2,"05123,05037",186270.0141483177,220479.88722285168
48069,2020,5,1,48369,226756.8959355921,239340.64658841497
48289,2025,5,1,48225,592311.2680630417,436977.27688033384
40115,2021,7,1,40035,216831.16503112775,331533.12120525306
29167,2022,4,1,29185,388603.324352406,355265.44143430167
12057,2024,3,1,12049,629002.9392319784,409953.5884803774
13167,2022,5,1,13319,244829.13215288203,252391.95485530145
26069,2022,4,2,"26001,26135",248328.01374414048,267958.92137875955
17159,2024,3,1,17033,214413.8661759256,219583.64971616227
40089,2024,4,1,40023,563727.8501434554,284900.3094959928
01039,2025,5,2,"01035,01013",282113.692902531,246022.15118751733
47097,2023,8,3,"47033,47075,47045",249569.6109949604,294692.5585551681
21207,2021,1,1,21001,193280.76950111552,211583.6194226833
27105,2021,4,5,"27063,27133,27033,19143,27101",302490.26378421223,350143.81706606795
06073,2023,3,1,06025,1416342.6531262463,426345.8161867337
13129,2021,3,1,13227,291116.0323370848,453815.3262593081
20013,2021,12,1,31147,243112.01528625743,273741.6344451382
40107,2022,6,1,40133,307203.69551014056,235593.2216821992
30001,2021,8,1,30023,570259.4152326669,342502.8628942571
28057,2024,6,1,28117,245251.7698011517,231163.08423920465
08101,2023,8,1,08043,423947.37832107506,492478.07753556455
19057,2024,8,1,19087,265300.4360393533,319370.7478551444
28133,2021,5,2,"28135,28027",212249.22062269624,211957.16421886353
13307,2021,5,2,"13197,13259",362620.811999001,260088.93048274165
16019,2023,8,1,56039,545911.7024612706,5414566.901793153
13297,2022,5,3,"13219,13013,13247",507546.2352280366,530974.4095111256
13241,2023,1,1,13281,862466.7861838021,616426.6661777409
40037,2024,5,1,40119,345696.40686863684,374676.3264396605
13261,2021,3,1,13197,206939.71626963903,301042.0916982407
20201,2020,6,2,"31067,31095",256003.55695337255,272660.26913000864
47131,2022,2,1,47053,273572.6269611116,307278.13612809527
31071,2023,10,1,31089,467628.6234689715,379269.41320098983
16077,2024,8,1,16071,427930.7075656277,540762.6777359098
47031,2023,12,1,47177,449514.93381160055,412970.0240220188
22037,2021,2,4,"22125,22121,28005,22091",372791.5943195227,348101.33773355524
45003,2021,3,1,45011,317549.6848950177,246851.22761308576
18007,2023,8,1,18181,280887.3955472666,331740.46700552275
13197,2024,8,3,"13053,13307,13249",350193.0075681989,319103.3830431364
22103,2022,4,1,28045,470303.06891975173,387849.0399977092
08089,2023,5,1,08011,274994.54166658316,273218.3791789265
01041,2022,7,1,01013,282362.49354265834,250240.4113980316
13137,2020,8,1,13281,319667.2198029685,436835.28983412235
17187,2022,5,1,17071,199045.07017118647,235622.5058528341
06001,2023,3,4,"06081,06075,06085,06013",1644053.449237017,2170802.536354144
20013,2023,5,1,31147,266998.1047405437,306565.6694280876
16049,2020,7,3,"16035,16061,16059",353035.3189616506,344315.6011408353
13105,2024,5,2,"13195,13317",294805.5287935786,388638.84400302556
04001,2024,7,5,"35006,04009,35003,35031,04011",505578.98352215183,330294.3157006836
28081,2023,9,1,28117,298894.30293930846,227495.53418880815
27093,2021,4,1,27067,408948.6814024211,405752.88879618206
18023,2022,3,2,"18157,18159",297191.9849246179,351272.9513328345
48325,2021,4,2,"48507,48163",473657.5436403215,254374.82955327223
27155,2023,7,1,27011,394740.4034889373,386784.1074946579
31039,2023,10,1,31173,528925.2659796166,390080.10404531966
54081,2023,7,1,54109,250529.02685917367,132276.28032141
48201,2025,5,1,48071,489024.6368263894,506258.4034039051
08027,2024,5,1,08109,674462.510724136,438540.29732252675
47031,2022,4,1,47051,440009.923861392,579129.2952793912
37013,2025,4,1,37187,412554.5668993693,209198.77937020545
40127,2024,5,2,"40005,40023",282713.56395625294,332155.0169471329
51199,2025,6,1,51830,634846.3696538495,655766.140928961
40113,2021,10,1,40147,317466.11774809245,253463.07768866932
13139,2021,10,2,"13013,13157",503514.03624694207,416466.85671887547
13311,2022,8,3,"13291,13281,13137",467211.7036306404,559464.921040478
51199,2020,12,1,51735,482043.31244570186,497663.866038555
27001,2025,4,1,27065,437353.3972266253,372383.80616344215
35049,2022,7,1,35028,1023885.3712971326,693986.2601873716
48143,2023,3,1,48193,669735.3944701789,686110.454701299
50023,2021,5,1,50015,524373.2653749805,919758.9232527928
20029,2024,6,1,20123,218440.67667723575,261113.88747018427
05097,2025,6,3,"05113,05109,05019",361893.22027557227,304622.3419491165
49005,2022,7,1,49033,664692.5260433647,1061322.513319678
20191,2024,6,1,40053,294142.57548238896,298303.9211164788
37041,2025,5,2,"37187,37143",394429.2246767295,326701.77271776774
42073,2021,5,1,39099,228146.5269688545,224328.73193528297
26075,2020,8,1,26065,267244.82289259764,264212.1863923518
08049,2021,5,3,"08107,08019,08047",1110527.8153142077,1040794.4707870401
01085,2022,6,2,"01013,01131",297087.08816008957,271879.84550281987
49015,2021,7,1,49039,,470803.4637595185
29065,2020,11,1,29179,229210.3252945337,249832.8186359021
51001,2021,4,1,51131,310186.5310106866,473639.49965941376
06015,2024,1,2,"41015,41033",515053.6283807485,625798.1904632018
18087,2023,6,2,"26149,26023",492766.4462888346,336007.17174760695
27151,2024,8,3,"27073,27149,27121",475837.6337936853,463579.9234842065
08081,2023,4,2,"08103,49047",409993.2932521617,511544.3876409009
27005,2021,7,2,"27029,27159",506922.3370119378,349212.1063047659
39119,2021,6,1,39115,270094.9731364728,244692.1437870032
08085,2021,8,2,"08029,08091",577435.1413410483,795152.3826460293
06029,2024,11,4,"06031,06079,06111,06037",488901.0109661606,1166021.4293313634
22111,2021,4,1,22027,246131.0660673195,260892.66891146975
31185,2023,4,1,31159,411747.64814105624,511224.8146203072
13069,2025,4,1,13271,313511.3960952971,230995.69524951163
04001,2021,6,1,04011,415661.9613528657,337049.8577286085
38105,2023,5,1,30091,460797.5112392467,329631.662206873
16073,2024,7,1,16083,805804.4199513127,556724.5930463001
06031,2023,2,2,"06079,06053",450023.46819812845,1430140.4328307891
28009,2022,5,1,28139,259372.2978674193,238762.89471126665
39139,2021,5,2,"39077,39083",232055.8380873492,298176.6577290201
01077,2022,5,1,28141,356361.4743195769,307922.6543799267
41023,2022,7,2,"41013,41049",560801.7607231144,684420.5546880306
29093,2023,4,2,"29123,29221",254536.87281325192,279578.33564445825
47047,2021,3,1,28009,502360.973653021,238157.47407961983
19151,2021,8,2,"19021,19041",198242.66324377796,251694.08963561832
16023,2022,5,1,16037,,777107.6820748723
13267,2023,6,2,"13107,13279",298663.6471457362,255652.93799940828
17157,2024,4,2,"29157,17145",246229.51335897483,268828.43605378905
55095,2023,8,1,55005,491044.4410444083,410257.5327785698
26033,2020,10,2,"26095,26097",241411.81246509295,241585.20113690651
42085,2023,7,1,42039,309147.2686369401,264028.4745870377
48043,2022,6,1,48377,417058.7890540554,397596.6806844846
20059,2024,6,1,20107,395300.57528625213,347313.0339978558
20117,2020,6,2,"31067,31133",230538.25938599685,336943.60478745867
20105,2025,6,2,"20141,20123",313501.74279870145,256023.0883455943
48395,2025,6,1,48051,563966.9374641379,572375.0502566801
13201,2024,5,1,13087,278448.6466330774,299765.40267818636
05115,2021,5,1,05101,273286.4105220316,307081.11897590506
21053,2022,8,1,47027,268583.188352414,369024.8344364
56037,2022,7,3,"56007,56041,56023",376700.4406491104,543305.8242170555
25009,2024,7,1,25025,1034010.8178933668,1279933.4926638866
06047,2023,1,2,"06069,06085",543954.5270580287,1832167.5396793254
47109,2020,1,1,47069,223175.5848055696,201594.5359173035
17021,2023,5,1,17173,200177.56886809817,281643.54755779135
21015,2025,2,1,21081,477872.3478276128,424224.0999294808
31031,2023,4,1,31091,406244.6368346824,278627.11199051474
54041,2020,8,1,54021,195428.5368911079,162573.5248728617
27095,2025,6,1,27065,428741.8845764627,371366.7091560571
13181,2023,7,1,13317,416537.28457333735,338752.3300298347
40117,2023,6,1,40103,294905.9853999677,312828.8058984567
48029,2021,8,1,48013,379965.4247410239,416924.16810314526
42105,2025,6,1,42023,272711.51164542086,149545.9321308473
32007,2021,6,1,32013,425560.1974807244,408131.82454364863
06029,2021,10,1,06079,423577.41663024406,1154618.5398771
13037,2024,1,1,13061,242917.17652553637,351302.1157505351
29019,2022,6,2,"29135,29051",493334.0906185522,387662.9569514792
13195,2025,4,1,13221,440252.67335718096,445427.1001156022
18107,2025,4,1,18023,339245.69833177596,345807.28293492465
13175,2020,8,2,"13283,13309",245148.9720818264,227541.71181803293
26109,2023,8,2,"55075,55029",243062.52800940687,497487.68225279974
16073,2021,6,1,32013,780051.913590293,408131.82454364863
08059,2022,8,3,"08093,08019,08047",946607.9695877804,850784.0679018185
27061,2020,6,1,27071,281953.1963726306,232268.4107465972
21177,2024,6,2,"21219,21183",239538.92859820233,326746.1892203186
29161,2021,7,1,29073,309897.67739637237,366332.64821272297
48377,2020,5,1,48243,242487.73670879132,350929.3881297422
32007,2024,7,2,"16083,32015",475225.5979222778,480407.48716173717
31119,2023,8,2,"31139,31003",377231.3052957759,559613.3079492396
12115,2022,3,1,12027,817663.765944847,430179.9572777861
16001,2020,4,1,16045,523822.0083439319,468612.957853715
48269,2022,4,1,48275,,234310.55312318215
47159,2024,4,1,47169,464819.042298573,513635.85108382074
21101,2024,6,3,"21225,18173,21233",316842.2122188515,309593.48918640055
12091,2022,5,1,01039,649592.298935359,279515.9796842602
31139,2022,10,2,"31167,31179",540273.974684934,471573.8237285187
51003,2020,12,1,51540,722356.3760000557,620302.6905697057
53015,2020,9,1,53011,442926.39953987766,571783.2831824938
12057,2024,7,1,12049,629261.5879679249,421670.0688741021
39137,2025,6,2,"39063,39173",369813.3913788151,377328.82613549626
49013,2022,7,1,49047,490291.3447349272,437988.12314236985
29129,2023,8,1,29211,349018.0806760362,230817.3736235948
20105,2022,5,1,20123,303005.4829524282,270920.05967426114
39167,2024,6,1,54073,278611.7099785749,255071.05580984408
06065,2020,12,1,04012,617190.5167069706,403405.37733418425
37035,2022,8,1,37003,461085.04870290105,407909.30330039514
04003,2024,9,2,"04009,04011",385172.4101348655,364530.8086896457
48103,2021,5,1,48461,253597.4701613296,242174.3639657496
26057,2025,5,2,"26073,26117",268800.20868415775,324053.88273257203
38079,2023,6,1,38095,,284173.5421617804
05137,2020,9,1,05065,241329.1779472367,228760.508936824
16067,2023,5,2,"16063,16053",470074.6015807917,530166.0957907728
08045,2022,10,1,49047,1142261.5928005304,440488.85253416497
08013,2023,7,1,08047,1270858.7003744135,770618.0567539372
42081,2023,7,1,42093,326493.26078441646,437115.93410472776
27129,2021,9,6,"27067,27173,27085,27023,27127,27093",334651.44699995004,391390.7739038868
27127,2023,10,1,27173,327200.22077073454,336456.63299028814
06089,2024,1,3,"06105,06063,06049",519388.3178289379,469033.8950129388
20201,2025,4,1,31169,383719.9135789203,419741.7991896968
30031,2023,7,1,56039,1198891.4837213005,5329372.660540266
48339,2021,12,2,"48185,48471",523035.2447724082,574117.7843894573
18107,2022,3,1,18157,300643.63384827325,382077.2907515339
21031,2025,5,1,21177,313480.12357379496,250040.82539528245
12075,2024,5,2,"12041,12017",492084.9218643464,447778.9646942074
51153,2023,12,2,"51685,51683",762911.6307926507,583992.6070840986
30065,2024,6,1,30037,495291.4279190223,462546.9493354764
22033,2021,12,4,"22037,22121,22091,22047",380236.3676518875,332886.004291827
45003,2021,7,1,45011,335582.8023567151,262401.920552371
46057,2022,3,1,46077,545560.2103884578,459016.7457890752
19109,2024,6,2,"19151,27091",316315.46941181284,352229.88401396933
51003,2022,5,1,51540,857193.0786872804,733398.86179937
39099,2024,4,1,39151,279646.1927909543,315270.6232751914
06075,2021,3,1,06013,2186630.427604848,1290203.2954516576
48089,2023,4,1,48481,646928.8158306762,504250.1355875689
06099,2024,1,3,"06047,06109,06009",597243.5893447428,579356.960878749
48137,2020,3,1,48435,556782.1427991595,235612.79703133635
53011,2022,11,3,"53059,41051,41009",768397.1614890791,717788.3178085061
51163,2024,5,2,"51530,51678",530792.9430701106,378020.92709305906
55085,2025,5,1,55041,543965.5055936455,359755.67635823955
17125,2020,7,3,"17017,17129,17169",146334.6982604035,215005.59256552684
17113,2023,7,1,17147,358212.9680892021,341149.0790332284
20099,2025,5,1,20133,230742.5686571794,240522.85023456716
51141,2024,4,1,51063,304172.95610280865,377233.68759536743
08013,2020,6,1,08047,974393.372135609,570966.2763807591
55117,2025,6,1,26105,454788.80141599104,421084.54437242943
13309,2020,4,1,13283,213447.6323645342,230165.13227157315
29017,2024,3,1,29157,303365.7216570654,346894.8030326295
48325,2024,9,2,"48507,48163",550954.2408144958,250105.10810659392
30063,2024,7,2,"16035,30039",795275.6542142542,648016.0989791476
22041,2023,12,2,"22065,22107",225333.7672202893,286164.27596419334
47075,2020,5,1,47069,228368.22650173304,204785.14262939745
51153,2025,5,1,51685,813253.4692029125,596927.1422181551
51650,2022,5,2,"51740,51735",333129.4200777842,441137.2960904405
26031,2024,7,5,"26047,26097,26141,26119,26029",468665.287564527,525027.7803190532
46059,2022,7,1,46005,662367.7040843442,395374.6015584115
48021,2022,3,1,48149,640131.3426483398,1106813.9535966737
47147,2024,4,2,"21219,21213",536099.6287452449,394451.9795573467
08089,2020,8,1,08025,204122.4269765882,221001.98146857825
31159,2025,4,3,"31059,31185,31143",541114.9737666295,411443.94157828746
39167,2021,3,1,39115,247529.57655636853,237839.0654055717
01085,2022,10,2,"01013,01131",294619.8375710685,265845.6511754028
41059,2022,6,2,"53005,41049",444226.47972751706,549982.6954477603
47179,2021,8,1,47171,387660.1378090496,286581.34450142
45091,2024,12,1,45023,637552.0827979633,350115.5836735731
40127,2023,1,1,40005,277112.19882867415,348686.4013443385
55071,2022,8,1,26105,341333.8161521609,413230.0146614705
27017,2021,4,1,27115,352507.5003303022,304717.3208884339
30087,2022,8,1,30103,388443.9491212992,572550.8725550121
26085,2023,6,1,26105,269394.31628973124,412616.0311417743
30107,2024,8,1,30037,334970.69686537475,472929.6391354711
04001,2021,10,1,04011,446334.8189905131,344594.8546642076
12015,2023,9,3,"12055,12043,12027",591282.8502902234,420110.29413768015
42073,2024,10,1,39099,271677.8026314376,287969.4405779064
21181,2024,2,1,21201,329493.7333751559,295951.84173804225
22051,2022,6,2,"22057,22095",481108.133773938,320604.3010090882
42079,2022,8,1,42025,302662.8102071056,370938.32366890257
42037,2023,7,1,42093,372285.1427343882,437115.93410472776
48351,2022,3,1,48241,282652.21016780386,366569.6313319633
19173,2020,6,2,"19137,19145",200772.44782743417,191101.55811899318
48201,2022,8,1,48071,488823.56650735176,494180.46371347987
29049,2025,6,2,"29025,29063",462113.5607328114,445033.24912167387
19151,2021,12,2,"19021,19041",196515.49213577624,256679.33886036422
46051,2024,6,1,27073,481896.3132809749,453825.5937157802
31175,2020,5,1,31077,381010.5882800868,565545.2076579098
17157,2024,8,2,"29157,17145",239806.95055025807,268586.58979552466
23001,2023,5,1,23023,400149.0626311239,595504.6735610155
16051,2021,9,1,16065,609191.630665081,530075.4995261227
34003,2024,7,2,"36005,34031",1078251.327532471,724095.1294502907
21073,2020,8,1,21005,261020.0542032784,263531.1582291206
22005,2021,3,3,"22093,22007,22047",350312.3986005459,278245.37039132667
21049,2024,8,1,21017,379375.6408013562,511225.9288840892
40121,2021,4,1,40029,244428.85563487487,241972.2962898557
12015,2022,1,2,"12043,12027",531026.1413783635,388199.7603727467
29035,2021,1,1,29179,245220.6120436299,259110.58716871295
55061,2020,4,1,26019,309609.722496847,443545.31391135463
18181,2020,7,1,18131,245837.1527839722,189674.6073983449
29223,2021,5,1,29179,197729.1719655264,277861.86368856626
48029,2021,12,1,48013,396750.45115052816,432087.3991804155
13001,2024,7,1,13279,282316.41668318474,293449.48243166605
33017,2023,8,1,33013,629146.6571193524,603969.3560220626
17051,2021,6,1,17027,231970.0010966475,286942.26095433073
35053,2020,9,2,"35006,35003",253881.835948661,265990.8762099142
22111,2023,1,2,"05003,22067",260210.28273385717,191477.88793492375
19123,2025,6,1,19107,322766.5626210146,231029.5195558455
13105,2023,1,3,"13195,13317,13221",273076.3115171618,380678.7294841513
48243,2024,7,2,"48109,48377",409914.06358626374,328475.9189806642
27101,2023,10,1,27105,477378.0213120528,346034.0678187754
30107,2021,7,2,"30045,30059",278539.5209544666,494631.98768383614
13317,2025,4,2,"13301,13221",348082.84973001276,356723.6681100895
28145,2020,4,1,28009,221593.062489613,215528.2536589605
19047,2023,4,3,"19165,19093,19133",253418.538409016,284741.0412415213
31143,2023,7,1,31159,416776.60400729306,520272.7967846504
05147,2024,11,1,05067,184373.99313190812,176397.21877857586
48219,2023,9,2,"48501,48017",279026.44088113797,280949.36575036915
17095,2022,11,1,17175,201588.31187593765,299557.26367320394
18057,2021,6,1,18159,546825.5308830078,291609.3337999499
37133,2025,3,1,37141,409877.4034780112,722914.9678130125
05055,2021,4,1,29069,254030.27036160036,162752.32695553274
22125,2025,5,1,22029,607206.5238150986,235178.74428953207
48249,2021,5,1,48047,278795.79655098147,203545.5197886901
26011,2023,6,4,"26017,26129,26069,26063",259245.52309962703,274374.3145227254
17129,2024,3,1,17017,301527.798641389,168928.85550916925
05013,2024,2,1,05011,235030.5923546887,225139.6462190961
16003,2024,9,1,16087,860409.0230060642,668119.361964794
42115,2024,4,1,42131,367620.8121431524,344343.24264919007
39029,2023,7,1,39151,257601.2176336844,306311.4657477057
48427,2020,5,2,"48247,48047",218628.62657473865,198402.5863002614
28153,2024,5,1,28111,232040.8387906615,257201.7312009613
35051,2020,7,2,"35003,35017",203803.1329879173,292301.7197441339
17189,2024,4,1,17145,264902.61732090515,188405.69514847748
35017,2021,8,1,04011,302643.3816512682,346746.4520012453
21195,2020,2,1,21159,164908.89013689742,140669.73155756353
29055,2022,5,2,"29093,29073",357559.36706929916,342964.3176143267
17023,2020,4,1,17079,202465.03365618925,217614.88320158384
51185,2022,1,1,51167,203587.19880168265,220978.932426263
18133,2021,12,1,18109,356546.0053601651,375898.9997717296
48469,2024,12,1,48057,355988.129164333,367368.2038610136
22095,2022,2,2,"22093,22057",309855.43343574804,326066.78052168584
54095,2025,6,1,54073,209488.4889755335,261733.4541457361
54055,2023,7,2,"51021,54109",228692.6346714471,215538.09018256556
41051,2022,4,2,"53059,41027",789599.103913844,921352.3734389558
01061,2021,9,1,01039,260451.1038610472,263955.8858005619
47155,2021,5,1,37087,604845.1219853166,435954.1754017976
48271,2024,2,1,48323,236862.8715761463,286160.7456932525
48321,2023,10,1,48481,339026.1528067445,506747.34854691266
05081,2024,1,1,05133,257886.41256042055,266566.7210796221
17121,2025,4,1,17081,204261.94733143225,229696.0904233961
21007,2024,9,1,17003,265339.7502000088,148554.0942414707
32510,2023,9,2,"32019,32029",667785.5841797827,597198.0802241443
22053,2021,5,1,22003,246970.6543871913,227129.88697065736
05147,2021,10,2,"05123,05037",179375.5782954593,209374.43491215102
49017,2022,9,1,49001,478774.61260181566,451414.9441019812
29201,2024,3,1,17003,246098.76727304433,153212.65630109093
32033,2023,6,3,"49027,49045,49023",315682.0363473413,541271.7861458836
20163,2024,4,1,20141,229202.0529454793,198046.043502125
01019,2023,8,1,13055,374802.0827624307,299902.72587012127
56013,2023,9,2,"56029,56017",521980.8614943419,521992.8021446359
22045,2025,6,1,22007,240475.12216754176,266874.3737312634
51175,2022,10,2,"51620,37091",390443.621071891,270910.57591813756
12131,2022,1,1,01039,1657633.7051574048,273177.5471716937
18015,2023,5,1,18181,324193.52898279903,324468.393420119
35045,2024,7,1,35031,364618.5016905109,312547.8942857473
53057,2024,8,4,"53029,53055,53061,53007",839358.2789546488,1152304.623410795
18053,2025,5,1,18103,249904.16444154084,262997.84610160324
26113,2023,7,1,26143,358869.4990707264,319563.8707074555
37187,2023,6,1,37177,208129.74342835668,314246.91100004275
01033,2022,4,1,28141,297933.2481939574,305635.8945720085
26079,2020,11,3,"26165,26137,26039",274435.8250775968,243404.13152185755
45025,2021,4,2,"37007,37179",256661.50007074143,404677.57304583123
47059,2021,5,1,47171,328960.4933549382,271110.2166928761
41029,2024,8,3,"41035,41033,41019",622179.1823951871,503454.3358557069
04025,2021,9,1,04012,719976.3844461158,491777.37779806694
31179,2020,7,5,"31119,31027,31167,31039,31139",355079.95335858763,391301.22815166897
22105,2022,6,3,"22117,22095,22091",353826.86308522196,319929.20998680225
29007,2025,4,1,29137,335509.4814275096,407333.1442895999
29065,2021,3,1,29179,243602.0961271797,266930.9607566116
48359,2023,5,1,35037,,227628.16661356215
30057,2021,8,1,30043,2612666.8220594428,613081.5887572252
53017,2021,8,3,"53025,53037,53007",635662.8383068271,721484.9038765872
13241,2020,8,3,"13281,37113,37043",600994.839697891,431446.4439244841
29219,2022,3,1,29073,487665.3997895943,401648.5359234046
48219,2020,6,1,48017,242066.60607963384,215543.36875884625
27053,2021,4,1,27019,556508.8870958592,625398.1467342186
40023,2023,6,1,40005,291879.57831339433,363613.4066880499
28149,2021,6,1,22107,243482.31296296263,376649.3696182075
28033,2021,3,1,05035,340562.2067856923,228665.54159524964
13169,2022,6,2,"13319,13159",335625.43306570704,374490.4362369716
21083,2024,3,1,21157,271278.80513943447,314341.53339807264
47147,2024,8,1,21219,542973.6952841546,424269.527712082
37047,2025,4,1,37141,289953.4085549134,723467.9075721469
27067,2024,8,1,27121,466280.9638277508,560229.5279908228
29039,2022,4,1,29185,360623.7909072067,355265.44143430167
41045,2020,6,3,"41025,16087,16075",346212.2166336096,366026.52864497877
47183,2022,5,2,"47017,47053",302202.6055967422,316775.94976579724
08097,2023,6,3,"08015,08077,08045",8261259.156333311,896918.2233595243
39123,2021,9,2,"39143,39043",424123.42973995855,265695.8228454384
26115,2025,6,1,39095,365439.6521182361,307360.8214620459
53063,2022,6,1,16009,645212.9761436082,600644.7033359957
22021,2023,6,1,22025,269524.3358420991,240638.78261196509
51195,2025,2,3,"21095,21195,21133",233373.4814804875,173379.12440767777
53011,2024,8,2,"53059,41009",788550.8617848366,701462.4395866278
13287,2023,8,1,13315,279895.91322548134,246187.95180920325
18111,2022,5,1,17091,315393.1807334511,297764.1225495944
31125,2020,8,2,"31011,31077",219554.0875225238,612368.657801347
18083,2025,6,1,17185,273185.5594047369,197898.48927116595
06067,2023,1,1,06013,725413.4398957696,1512765.780899859
13273,2021,4,1,13037,215974.95366567065,223718.00740528284
06039,2025,2,1,06109,580086.7437562427,555877.2699443017
48485,2021,7,1,40033,231332.456699012,208398.749821917
48469,2020,3,1,48285,275121.8888974995,541340.0054047982
05139,2023,1,3,"05003,22067,05011",247923.9959063352,203170.5088620732
06059,2020,12,1,06037,1219757.2908844806,1244723.3609459812
22117,2021,10,1,28091,257848.33408696033,239437.49094205897
46115,2021,8,1,46005,325862.73029790673,351764.6157224633
17149,2022,5,1,17013,206311.01758879996,355984.17167749844
22063,2020,2,1,22091,288895.6078913679,347590.24827890255
25021,2024,8,1,25025,1275818.5140360894,1280421.5485667393
51700,2022,8,1,51740,340047.67021431075,308725.53050489025
13291,2020,2,1,13281,395492.40491626767,428435.1117867834
45041,2022,6,2,"45033,45089",303141.08216588007,254897.39551959012
21073,2025,6,2,"21239,21103",359848.7661389594,486676.798923985
17161,2022,6,1,19115,232312.5415592876,268597.0671901186
51059,2020,7,2,"51610,51600",893586.6071729149,1047537.8367666716
17119,2021,3,2,"17083,17027",275192.2361931152,286021.5049393304
22005,2021,7,3,"22093,22007,22047",363644.81210183,285305.32379889867
37181,2022,5,1,37185,316039.3135563692,569785.706651179
04015,2021,6,1,04012,486335.89569237625,452958.16598054074
21083,2021,2,2,"21039,47183",216881.77582948073,228002.76929891424
23003,2020,4,1,23029,175398.30595265553,223720.90799055845
49033,2025,5,1,49043,906896.1441185866,3081178.963594791
48117,2020,7,1,48369,244858.5022855672,240913.8402596269
47027,2024,7,1,47137,358665.5156638821,396271.9212942915
55061,2020,8,2,"26019,26101",316162.52764716285,376783.97700340825
28131,2021,4,1,28045,246260.82835300508,331162.22170983924
27085,2021,5,1,27019,350855.42720215785,636079.902905452
48057,2024,4,4,"48007,48321,48391,48239",360420.4654258095,407279.785429883
48291,2022,1,1,48373,368566.9428716938,355844.45374440524
51051,2020,8,1,51195,138353.14215162955,165603.01958019604
47079,2025,5,1,21035,370401.66957017407,307521.25198497815
22033,2022,6,4,"22037,22121,22091,22047",403681.4362189819,357314.677124614
22111,2023,5,1,05003,258935.62134863835,173747.26913857638
51165,2023,8,1,51660,513966.6087892836,447736.2599114345
18007,2024,6,2,"18111,18181",296338.69525265106,340021.12636714394
18175,2025,6,2,"18143,18025",345210.5219754569,296292.8075345693
22029,2022,5,2,"22125,22025",245904.99868293983,409160.41670359514
17001,2025,5,2,"29111,17009",288672.54687606764,307138.3062180896
19157,2025,6,1,19107,350938.69642254635,231029.5195558455
13261,2025,2,4,"13307,13197,13093,13193",268299.2287866593,319082.19785263506
13095,2025,6,1,13037,232741.28627691057,235027.2195672697
42037,2025,4,1,42093,368361.1920493041,453407.4375358171
29093,2025,5,1,29223,262330.8615802299,230969.04865923536
13263,2024,12,2,"13053,13197",377898.46696649777,306374.651490116
08027,2023,5,2,"08109,08043",652351.351211675,477494.0776096949
19057,2025,4,2,"19115,19087",269644.6054566488,310745.88366066245
06017,2023,9,2,"06005,06003",985365.9314395364,726429.4879166902
26153,2020,8,3,"26095,26097,26089",224570.65209585495,419964.0125266652
26041,2020,7,1,26089,207811.5248469661,788807.3351662158
32031,2025,2,2,"32013,41037",933196.4568570968,412535.93329377385
48343,2021,4,1,48459,270194.28790821444,324144.09501834004
48431,2021,10,1,48081,,342696.9037600068
13099,2022,1,1,13037,252318.55689156908,248249.4727013804
47149,2024,7,1,47117,562725.477613138,495202.33739483304
46039,2022,8,1,27081,656480.5885466234,442173.2024904047
35009,2020,6,2,"48369,48017",213363.57363808432,227571.06137881702
55029,2021,6,1,26089,575700.322625982,974046.2471958916
28067,2024,8,1,28111,269616.96381336707,256004.16582252315
53073,2024,7,1,53055,881852.9014225319,1676648.249330131
08013,2022,6,1,08047,1387119.5778445376,811537.6441813683
08077,2025,6,5,"08051,08085,49019,08029,08045",628547.529642223,993325.8740414337
06051,2024,7,1,06109,1242596.3451161883,552728.7988722431
40047,2022,7,3,"40093,40003,40053",254498.90770874228,335395.2119332193
48081,2024,4,1,48431,289404.85162507655,334738.6217084758
22041,2024,6,2,"22065,22107",216926.98816894263,289611.5840794211
32031,2023,9,4,"32019,41037,32029,06049",882080.3049287522,468248.8371084326
21179,2020,6,1,21005,282807.5604898132,256261.40718924868
17189,2024,8,1,17145,263994.92432580615,182143.57614051303
37017,2025,5,1,37141,315673.18608488777,723865.4394322713
26107,2020,4,1,26133,271587.2170053997,202530.65086700048
13059,2025,6,2,"13219,13221",498859.9150261741,618117.958731858
21225,2023,1,1,17069,232175.67867157437,208848.80694346924
35023,2024,8,1,04011,201149.35749876048,336683.01802722854
28103,2022,5,1,01107,254900.4689744632,266273.05629656697
45015,2022,6,2,"45089,45043",518821.8417581658,508211.0555328655
21011,2021,8,1,21173,246134.50735075763,273098.81816219393
22103,2021,7,1,28045,431656.0774918575,345134.94843005977
51041,2023,7,1,51036,521248.0006751845,414724.9495005787
13095,2022,5,1,13037,204658.32316254737,249916.25628285224
48245,2022,12,1,48071,282183.0342961128,486327.0252780094
18001,2023,6,1,39161,378595.1171923471,249870.53807711415
55099,2024,7,1,55003,308094.05792229716,324973.5411577863
37043,2025,5,2,"13281,37113",556136.8763575531,708363.1018324735
13033,2024,1,3,"45011,13163,45005",313925.9043009162,227284.38917729817
06087,2020,1,1,06069,1275954.3984061975,854767.8154840631
10001,2023,7,1,34011,456788.7667544138,329748.4984398573
33009,2023,8,3,"50009,50005,33013",657897.8199929171,501430.86788035184
38061,2023,8,1,38013,407590.9784581132,345179.444454078
26135,2024,7,3,"26001,26119,26143",238088.4464156697,313015.16809390095
26143,2022,10,2,"26135,26079",324675.0967890344,294721.90909734846
53051,2020,6,1,16021,417324.8740022842,450437.98051805823
36071,2024,7,1,34031,611313.4454726429,706848.9160426515
48323,2021,6,1,48507,247732.6754347911,169079.65251851582
49011,2022,7,1,49029,776056.9205949563,1147836.172404479
16033,2020,6,1,16059,310098.4756786513,380647.5357477401
13279,2020,4,1,13283,211480.6443377701,230165.13227157315
48507,2022,5,1,48127,183485.5195401844,263330.9254584387
27099,2023,7,1,19195,317143.7932559368,283107.170746583
41039,2020,12,2,"41035,41019",496294.632668231,368333.9979974732
13189,2023,6,3,"13301,13163,13317",325995.5186564164,286266.908179925
49019,2022,7,1,49047,967269.8453237582,437988.12314236985
48463,2020,4,1,48507,318634.7721151213,153852.3075899163
17139,2022,9,1,17147,252968.93906496323,344672.0647731656
19197,2020,5,1,19079,182187.27915573723,208510.93890999543
28031,2022,7,2,"28065,28073",298213.06555341574,294459.8298146983
37031,2021,5,1,37137,610569.3457729913,364652.83677966805
29071,2021,7,1,29073,367361.5013438298,366332.64821272297
41025,2023,8,1,41037,413488.1846270615,320462.2960324715
20131,2023,7,1,31147,422141.8336507904,311980.5868930398
17189,2021,7,1,17027,258383.70707178148,287461.83811837144
21127,2021,2,1,21115,250288.8870615099,211674.53241777467
39095,2024,5,2,"39173,39123",296170.045581232,425531.1750756325
39019,2024,4,1,39151,325897.1915785784,315270.6232751914
54085,2023,6,1,54105,227938.16318017163,212317.5457194897
06093,2021,7,2,"41035,41033",433899.66048661567,470771.8153129993
29185,2024,3,1,29083,371117.134562661,383353.7235471553
01113,2024,8,1,13053,289130.5293522841,258890.23469148309
35023,2021,7,1,04011,200313.52002530856,343339.43779573846
45053,2024,6,1,45049,626431.6652469683,303931.081115987
22097,2024,6,1,22039,250594.62316017936,202577.35197159692
40023,2023,10,2,"40005,40013",285879.911107736,367646.6432092227
28033,2021,7,2,"28143,05035",357304.0000030782,243132.25145711523
20143,2024,8,1,20123,334598.63983962266,265122.82370974525
37189,2024,1,1,37011,849989.3795877309,972285.9338001168
06019,2021,12,1,06069,531863.2658241325,1090419.42703137
27023,2023,4,2,"27151,27173",411192.71283923025,400736.01475705975
56041,2025,5,1,49043,480890.2387428228,3081178.963594791
27083,2023,10,1,27173,329602.71745751525,336456.63299028814
39069,2024,8,1,39173,300719.6517661423,365388.1488547714
01067,2025,5,1,13061,340751.9922639166,348831.84906025487
29175,2021,7,1,29089,258469.89768371556,346966.4966950274
20007,2024,10,1,40003,209615.44651206743,293262.1504507882
32003,2020,3,1,32017,437708.5586228601,279820.6583143274
01005,2025,5,2,"13061,13259",267256.96436281555,294072.51767439704
48085,2025,5,1,48231,771680.4777579323,472340.3001227057
19161,2021,6,3,"19021,19093,19035",251891.9558908498,240972.94309064202
51035,2024,5,2,"51640,51063",307553.138886038,311518.5702943985
56043,2021,7,2,"56029,56017",351608.42760506953,433829.2709768036
39159,2024,12,1,39101,642374.491342417,285047.1815513939
48419,2023,3,1,48405,463158.9660675253,368328.65405590733
30067,2022,7,2,"30031,30059",1225138.44459132,949164.9438700106
24015,2025,4,1,24029,540467.9206622326,743050.9923886308
17067,2022,5,1,17071,200560.3312089369,235622.5058528341
48207,2022,5,2,"48433,48275",219514.8727714844,270688.84280019114
47103,2024,7,2,"47055,47117",449008.3268852845,474642.0075637987
13303,2020,8,1,13125,212022.6628768283,262241.0270007848
56007,2021,9,1,08107,310667.1717760812,1798147.2821624049
40063,2021,6,1,40029,237015.05190143376,251429.10640524217
08051,2021,5,3,"08029,08091,08053",1227229.5480420252,712194.3600802519
13069,2024,7,1,13271,312729.20133723336,243749.17342996364
13065,2025,5,1,13173,243629.0267355152,290859.1054101504
45057,2024,12,1,45023,631898.6034935756,350115.5836735731
29045,2021,6,1,29103,234102.98813901024,260583.9481883533
31109,2022,10,1,31023,424294.4380847142,463522.8926764014
19161,2024,7,2,"19151,19093",322103.30286987405,257012.108131301
29181,2023,4,1,05021,267214.940875606,231435.17979222976
05139,2023,5,2,"05003,05011",254998.38909406704,199789.37224100754
29161,2025,6,1,29073,373050.2024612175,450481.5003581668
39009,2023,3,1,39115,288202.9896347029,252932.00131610865
06053,2020,3,3,"06031,06069,06079",1190383.739982974,727553.8272219555
05067,2022,4,1,05037,176533.79538005218,252805.67561598503
20131,2020,6,2,"31147,31133",326438.21902986034,307941.71821689274
19039,2025,6,2,"19185,19117",352450.8160428836,312685.65485869173
47101,2023,7,1,47135,400364.1416328801,323629.7645592363
29187,2025,4,1,29157,321251.6243513568,364767.472392852
18105,2021,12,1,18109,421005.57411348773,375898.9997717296
37143,2023,6,1,37177,425628.007143943,314246.91100004275
06029,2022,6,1,06079,475025.1764271798,1316394.6091713586
48213,2024,3,1,48161,576563.713842586,498689.6960176287
22097,2021,5,2,"22077,22099",252890.8782267467,299499.92777559906
18135,2022,8,1,18075,241379.9128268514,291218.589649355
33009,2020,5,1,50017,413675.2938419903,445711.2746726363
08043,2020,5,2,"08109,08119",365226.34592921584,414991.28822797374
31031,2022,7,1,31091,435951.5428900926,266739.1365193871
13245,2024,8,1,13163,286629.84224291175,270909.86108239205
40015,2022,4,1,40075,229649.70930742368,179432.04312006818
20103,2023,6,1,20209,473884.9448427973,281028.70466305956
17119,2021,7,1,17027,285643.2722094749,287461.83811837144
04015,2021,10,1,04012,518381.5702372336,501849.498600759
23003,2020,8,1,23029,179329.1303364235,231599.30269402193
18133,2022,6,3,"18119,18109,18021",394183.42224142415,338281.9625810869
16087,2021,6,3,"16003,41001,16075",557621.6091357087,588576.4124813335
17137,2020,5,1,17017,181224.08462633437,139528.58669784726
23015,2023,5,1,23023,726421.6475761182,595504.6735610155
30097,2022,7,1,30059,888059.9611891565,594684.3149968195
08123,2025,4,1,08014,701278.7894640453,909139.6358466462
13013,2020,7,1,13059,295559.9521856946,331546.23663231765
51191,2022,6,2,"51520,51167",361411.5773272111,230999.23885810887
08027,2020,8,1,08109,482276.942079895,338653.15716009465
23005,2024,6,1,23023,875022.3410150575,646730.0533402585
48105,2020,4,1,48435,,235256.4119716134
17059,2022,5,1,17069,139235.4711125665,225603.4634012452
48139,2021,10,1,48217,484215.1554423093,404205.42721531494
19187,2023,7,1,19079,237436.3205691855,276106.3898710154
13219,2024,2,2,"13133,13013",767625.0674561555,927944.5642455444
08033,2025,6,1,08083,537720.75263471,607678.1010966238
51155,2024,1,1,51063,339909.6179918573,374731.5186362123
13029,2021,2,1,13031,397524.1888274445,292772.6977018994
12115,2021,6,1,12027,646310.8288240401,354088.84382898343
48247,2023,9,2,"48505,48047",188273.47767449825,218248.9391941983
28093,2020,1,1,28009,249503.8685652206,214496.7612030036
21053,2020,3,1,21207,190430.28001452293,172029.1564263321
56019,2020,5,1,56033,493844.73576266365,519487.67322706105
30089,2024,9,1,30053,688219.2993360796,678808.6870946777
48107,2024,6,1,48153,165409.82442331113,176164.54801322953
22037,2025,5,1,22091,391781.3754113664,314106.9117974047
41011,2024,1,2,"41015,41019",529472.577101285,601325.0285399549
06065,2023,3,2,"04012,06025",800465.7381933538,481129.18401119765
27077,2021,7,1,27135,353029.46555767715,319242.4393124594
05003,2024,8,1,05011,170958.00296141242,233045.6456066259
21079,2025,5,1,21203,464103.9867086944,256472.27867353495
20007,2021,7,1,40003,173720.85514883787,264472.12363483454
28143,2025,5,1,05077,244847.2276934531,213355.35167065504
34029,2024,4,1,34001,902500.3028587416,614175.4693345124
23001,2020,12,1,23007,308152.3467080267,366122.6363746484
51197,2023,7,1,51021,316639.59257032094,298799.90004372114
48171,2022,5,1,48267,1244191.570155797,932116.3740774224
26047,2022,9,3,"26031,26097,26029",871979.7140222549,527922.7529664291
55027,2023,10,1,55047,413018.3646532716,562879.5280281616
28161,2025,2,1,28043,259229.4551822306,250985.59372969647
04015,2023,3,2,"04012,49025",537567.7251823399,579874.4594888219
48029,2022,4,1,48013,425990.5655482547,454022.84924647905
13215,2024,2,1,13053,311782.1582570965,245996.15749847295
34005,2024,7,1,34001,592927.9987132853,623376.2335227898
08013,2022,10,1,08047,1336677.0670712127,787836.2513768846
42047,2024,6,1,42023,202752.25843729055,154620.7189612849
12043,2023,4,1,12055,430673.04247507703,347399.92875119665
16019,2021,9,1,16065,554453.7839216819,530075.4995261227
30035,2023,8,1,30101,317036.68560353894,315276.6202717636
06051,2024,11,1,06109,1240704.6201822693,551098.1868617191
17049,2023,4,3,"17173,17035,17051",368696.14441672247,280967.3068717055
17151,2023,7,1,17069,285827.8308557282,211785.32790403673
47141,2025,5,1,47159,477018.2377940375,465838.83913897583
08057,2021,7,1,08107,595275.551874129,1733688.07535102
49051,2025,5,1,49043,2005881.7834910736,3081178.963594791
08061,2023,5,1,08011,361384.3045336027,273218.3791789265
21027,2024,7,1,21183,307174.4696915897,233543.32625992643
21181,2021,7,3,"21201,21173,21097",290932.3709206273,280474.12522290624
48463,2025,4,2,"48507,48163",401817.2712803313,244509.69226989313
29183,2022,6,1,17013,492156.7515016788,357755.09575615585
48163,2020,5,1,48507,313320.3989228699,153763.87763828805
29161,2022,3,1,29073,335186.17065041006,401648.5359234046
34041,2022,7,2,"34019,42095",504474.507861932,627094.7424739075
05093,2021,3,2,"29069,05035",217516.4071978949,194856.1976627176
13007,2022,11,1,13037,354931.84654514474,249700.44669687012
19105,2024,7,1,19031,413996.373357152,396340.5170115112
46057,2021,6,2,"46077,46011",514572.5523651952,414421.19331133005
22055,2021,5,1,22099,347268.16279488656,270223.47464163223
18099,2023,4,2,"18131,18141",361056.4131245683,291013.94807459787
32013,2024,9,1,32015,474486.8254324135,406817.898946922
48479,2023,10,1,48323,322933.16281650047,283392.7295101806
48423,2021,4,1,48459,344682.456615082,324144.09501834004
13095,2022,9,2,"13273,13037",212644.15506405185,252033.56090514926
42037,2022,7,1,42093,368214.78886321926,437237.67153734463
47177,2022,10,1,47061,402251.0204740064,363380.7852299271
05005,2024,4,2,"05137,05065",362490.7818490301,303343.1209503886
53011,2025,2,3,"53059,53015,41009",796282.3209506517,674589.6150142624
18067,2022,3,1,18159,250875.92672300097,320468.6119141351
37027,2024,4,1,37011,372171.9075038209,978293.4711716624
22127,2023,12,1,22049,219768.3493298818,261453.46076699375
30061,2024,7,1,16035,625916.2667812402,522831.6896756241
35013,2020,7,1,48141,299928.83004382806,223572.6172788538
44007,2020,12,1,44001,425383.0204983962,664668.0908471827
48025,2023,8,1,48391,316093.3341064449,275665.5400714876
38085,2023,7,1,38029,,273927.3050069064
41053,2021,1,1,41043,512564.70498222794,458588.1973544391
19133,2022,5,2,"19193,19093",260517.3787348081,282994.81160873524
53075,2022,12,7,"53013,16009,53003,53021,53043,53023,53001",490933.0698480627,475811.6829987754
12015,2024,7,3,"12115,12055,12027",567254.1607685684,567158.4604959447
16039,2024,5,1,16083,486980.3575228547,556911.6448030815
13213,2022,6,1,13111,328388.34827599546,954592.6511222176
29021,2023,4,1,29003,283997.6613067982,434110.5235963242
12071,2022,3,2,"12051,12043",658021.0757722887,379873.4977507895
18019,2025,6,2,"18143,21223",367508.61378750874,333015.0667943546
18023,2021,10,1,18159,276609.8960790371,303594.5475621834
13279,2020,8,4,"13161,13267,13283,13043",214371.56210459792,227422.01844772778
48227,2023,9,1,48431,281746.65762308805,355770.9985862497
39091,2024,6,1,39021,399437.5221394792,356558.12165035144
48319,2022,5,2,"48267,48327",876887.4354556502,817700.6231186464
48101,2022,7,2,"48155,48197",197537.8272988076,248774.86971098796
37039,2023,8,2,"13291,13111",401781.8606236424,706702.4236662104
29053,2020,8,1,29195,310765.63300922274,248407.04054487337
19083,2023,4,1,19079,242521.8330605589,272602.47299407044
37101,2021,7,1,37127,383914.0504450548,294128.9459624126
01117,2025,6,1,01037,576729.2809088452,455872.6901715042
31175,2024,4,1,31071,472039.0452123056,469902.6728576695
12001,2024,7,1,12041,494069.5149412291,459693.48031390464
17167,2020,6,2,"17017,17129",246380.95713506,194304.05931742868
53019,2023,4,1,53043,451219.7983700598,499455.6592753699
19163,2025,5,1,19045,416131.6386491779,320153.04286797304
21183,2025,5,2,"21177,21149",257500.9660896554,283300.2741057145
51041,2025,4,1,51670,577035.2721262644,275199.6586957688
34035,2025,5,1,34021,1026412.372488325,802032.106849278
51005,2023,7,1,51045,267266.27455946687,364048.0314241368
08023,2021,6,2,"08021,08003",332410.8737437002,358985.45446668554
41021,2024,8,3,"41069,41065,41049",451446.9828796934,661966.2540767675
28085,2024,2,3,"28077,28063,28005",277551.29627096845,257848.35023987657
47109,2024,4,2,"47023,47071",284525.34118870203,332623.6350272638
20125,2020,11,1,20049,157363.3855694215,222190.2329713816
27149,2025,6,1,27155,370225.1090666128,388947.3067578262
30061,2021,6,1,30089,484233.68224293337,546814.2264562029
30085,2023,7,1,30091,285776.9030798616,338057.45989682013
21043,2020,6,1,21063,183123.10922104088,203398.74076728852
17067,2022,9,1,17071,193931.62888908773,229099.3536897659
16031,2025,5,1,32007,529227.6176686111,487810.7384955043
06043,2023,8,1,06109,602717.1403577497,558006.9951142826
42049,2022,9,1,39007,297767.69057216845,253002.77543081052
18117,2025,6,1,18025,298815.68156007887,294946.4644016975
27155,2024,7,1,27149,383561.9715193343,360929.1649862801
48055,2022,5,2,"48177,48149",582462.2773230878,958171.4414500105
29055,2024,11,1,29073,351713.999064955,448840.3405894165
48287,2024,5,1,48477,698471.6489941526,891644.2519694407
26067,2025,5,1,26117,357054.36938348605,323260.3236594228
13023,2020,8,1,13235,209761.49188544427,227162.71565400565
01047,2025,2,1,01131,186986.7069270753,267581.64106171596
13009,2021,5,1,13141,365442.77136684494,374386.95143444464
18157,2025,6,1,18023,436744.8407708825,343991.6209212059
40047,2021,3,2,"40103,40003",226828.64904435564,259732.47013663367
28147,2023,4,3,"28113,28077,28091",251363.2611455048,237751.519505357
19063,2022,8,3,"27063,19041,19059",246710.38061505288,486422.1755084515
16043,2022,9,2,"30001,30057",871428.791359358,1836402.5361777435
16027,2021,6,1,16075,585764.0690479334,553701.096945582
16069,2022,12,3,"16035,53003,41063",504270.58185143233,581946.3009833236
16029,2021,9,2,"16007,16041",484208.5867272562,615273.3187663512
04019,2023,5,1,04023,531901.8598107165,448773.70909808454
47139,2023,7,1,13213,397066.48389999755,330521.7267389198
29113,2022,3,1,17013,412035.9465099478,352162.12913754134
05115,2025,6,1,05129,323645.9089373957,287793.2837881663
48167,2022,5,1,48071,531865.4118262617,489977.5649372174
13015,2021,3,1,13227,351723.8078750985,453815.3262593081
20029,2025,6,2,"20089,20123",239850.16211735088,287062.26908194437
19033,2023,3,2,"19189,19195",370263.3618535909,251702.86324393837
40033,2022,6,1,48077,236473.74939819056,413739.1232271466
32023,2022,9,1,32001,476979.7297856302,499588.3529667079
29131,2023,3,1,29135,413677.4831229509,383017.7443379524
12097,2023,3,1,12055,521490.4923722458,346261.1725700908
28127,2024,6,1,28077,251376.87929587808,237213.04618202813
47099,2023,12,1,47101,375245.89530432393,406297.48338939407
47131,2023,8,2,"47095,47045",287202.78212529793,265459.45608691074
08119,2025,6,1,08043,695393.4705040151,505226.7316547898
51165,2022,7,1,51660,499300.5177364393,450392.3994946294
19025,2024,7,1,19151,318237.6214781083,239723.25582276136
29023,2023,4,2,"29069,05021",254697.0249531637,199597.71062453193
48231,2025,1,1,48379,477506.50183759694,516059.0658379598
35051,2024,6,1,35003,270038.87791882845,365276.8835956852
55095,2021,7,2,"27163,27025",459466.50091188867,521833.3622381096
22045,2024,6,1,22101,249345.53140158052,216403.32159606475
49043,2022,6,3,"49033,56041,49029",3397896.8487736923,884419.3332517035
48043,2020,5,1,48243,302784.61984773213,350929.3881297422
17023,2024,3,1,17033,241053.9774959771,219583.64971616227
20157,2024,5,1,31095,296900.0581783561,339717.6483329334
40083,2021,7,1,40103,420772.6881795873,287230.6230038148
13243,2023,8,2,"13307,13259",235576.2628607961,293275.2510246524
51155,2024,5,1,51063,342264.7908112395,380613.4778856792
47171,2020,4,1,37121,240305.1320628624,277502.3688300924
19151,2022,8,2,"19021,19041",221286.9509602932,289521.0143421957
48157,2022,3,1,48015,544362.9877668353,946199.2793165272
17157,2025,4,1,29157,245795.20708949387,364767.472392852
48505,2020,4,1,48247,247266.0660591631,217539.0030709036
13245,2023,4,1,13163,277894.60900364077,249835.03413998292
47009,2021,5,2,"47105,37075",424383.3497121096,456109.79034792434
48411,2022,7,1,48333,517362.32720670983,944036.2653107625
16001,2021,6,1,16015,754485.3950725519,662327.1174048875
48039,2023,6,1,48481,476471.74949593825,509886.825823814
49003,2021,9,1,49005,549505.1951899483,572676.9335749974
13311,2020,7,1,13281,308642.4536008081,432594.9688509222
40117,2021,5,1,40103,249138.7770959396,280094.1854482283
20105,2021,12,1,20123,256995.8267259329,251007.71802198
48249,2020,8,1,48047,265622.23630866635,182244.0397774356
26165,2022,9,2,"26019,26079",331135.50524443854,506316.1296268321
16033,2022,6,1,30001,537184.5673557388,679165.2346615031
47133,2021,5,1,47137,361766.5884555753,353287.54626998195
53015,2021,11,1,53059,542102.8442825397,742105.8565619899
45041,2024,7,1,45033,311522.169306095,196445.47980090367
26131,2022,6,1,26083,262271.1373057688,312692.92882685736
21229,2020,6,1,21005,285135.1369365759,256261.40718924868
13069,2020,2,1,13017,217771.23685239963,147390.5134089039
51015,2023,6,1,51017,472016.7901465015,428844.330362611
40117,2024,6,2,"40103,40119",312515.45789265796,347638.89323490416
30009,2021,5,1,56029,645402.6366567382,545183.1719656364
48203,2021,3,1,48459,319535.2537252013,320189.786556035
54001,2023,7,1,54093,215022.41221848727,390209.12334529014
32007,2022,6,1,16083,475760.69837915705,597615.4733767092
06035,2023,9,1,06049,366341.7596020785,358361.5962460299
53017,2022,6,1,53037,709116.9509380813,981700.8756692212
12069,2024,10,1,12119,548473.7129115085,594319.4817930884
13061,2023,1,1,13037,338110.33781832806,246541.6877071218
28071,2024,6,1,28107,588773.3410932184,311105.94117764867
20135,2024,4,1,20083,219755.11518209163,326730.8797754485
16073,2022,6,1,16083,921525.7003409548,597615.4733767092
49013,2020,6,1,49007,347982.1128156348,256834.9258192616
56005,2020,7,1,56033,385757.7478876168,521200.8034540853
27025,2024,9,1,27065,511534.9004114023,381840.2910271296
08117,2020,6,2,"08019,08065",1292552.5014413598,559321.8877267574
45075,2021,6,1,45011,243222.6953456924,259217.8790877684
20001,2024,7,1,20107,232686.2565175903,352035.1339024071
46057,2021,10,2,"46077,46011",511089.320363132,420234.4314109391
39159,2025,6,1,39101,640880.4909194276,290500.99239644647
16023,2020,4,1,16059,,376033.4557246387
53077,2020,2,4,"53037,53053,53041,53033",365561.7921823203,656364.8980339492
18067,2022,7,1,18015,261936.1668313348,331739.8800361722
37027,2024,8,1,37011,384517.6772054254,989189.989783212
31089,2023,3,1,31003,370450.7980813429,526666.2525159628
13033,2024,9,1,13163,327999.1618004236,271003.1131768012
48039,2020,5,2,"48321,48481",368424.810513102,361940.26822763606
19003,2023,7,1,19145,293678.5003893548,253359.95652371203
47071,2023,8,1,47023,365773.1178616248,302257.5062849076
39167,2025,6,1,54073,288431.85718238686,261733.4541457361
16039,2024,9,1,16047,489716.05338519736,663201.872528847
53015,2023,4,4,"53069,53059,53041,41009",567908.8290031544,614450.9853343728
12071,2022,7,1,12051,737728.5615688363,392846.1718794634
48369,2025,6,1,35009,311783.8321975561,260471.56407893143
28161,2022,5,1,28013,290155.99234192097,220336.85646180928
38023,2023,8,2,"38013,30091",,342764.94528061093
26103,2024,6,3,"26071,26083,26013",353904.23619660386,272985.4066705406
08013,2024,7,1,08047,1274050.24278946,773466.4766121762
05021,2025,5,1,05121,232914.25840913595,255086.12149721695
01119,2023,5,4,"28075,28069,01023,28103",248675.23019193969,240665.31571007607
23005,2021,7,1,23023,709810.6045184135,510562.52781583247
13179,2020,8,1,13267,216787.9766443179,232112.9221536288
01053,2021,10,1,01039,224346.06574555617,266044.08778983547
27111,2023,8,3,"27153,27159,27041",510386.0691364359,447898.4270254417
16013,2023,6,1,16063,2253920.14643464,483719.740191798
17049,2020,7,2,"17079,17035",295678.3243088583,228582.59154896892
01071,2023,4,1,13083,321280.35001245793,395305.3258580827
13241,2024,5,1,13281,878940.3367949497,634946.8173311298
47161,2021,7,1,47083,357206.6496603648,340599.8088322841
29219,2021,6,1,29073,439240.9843808436,361668.0130723721
05051,2024,8,1,05105,451446.7805300527,295438.1671803332
47137,2022,5,1,47027,407632.2079372112,369330.55108787445
45027,2022,3,1,45089,349689.7369597175,291608.3455893377
17123,2021,7,1,17175,181866.7025554163,321865.19991325197
45009,2024,4,3,"45011,45005,45049",282130.06269240513,242067.3696686759
27149,2022,9,1,27155,383973.57098790613,404672.90307688626
37111,2022,3,1,37199,419008.0186362287,515681.7753451049
46073,2021,10,1,46005,,362766.0708816664
13289,2021,8,1,13021,208486.41172753472,241340.6939802676
13221,2020,6,1,13059,301814.99929663964,329802.68872863316
53063,2020,3,1,16009,430527.8689594806,343415.03660429444
28085,2024,6,4,"28063,28037,28147,28077",279619.3965609414,255023.96584226578
55013,2023,4,1,55005,428306.3139052864,400269.6012014393
48015,2024,3,1,48477,905510.34804647,879895.7462163256
01121,2020,5,1,01029,225855.9131050148,272321.9048817256
39173,2020,11,1,39143,284585.9504019863,199204.76297849484
55083,2025,4,1,55041,446861.4768578411,358613.2608048632
30071,2022,8,1,30005,406045.5669642691,446090.66625665425
29021,2020,7,1,20043,226169.67516241665,219757.51116352607
38003,2024,7,2,"38093,38045",353070.4112484515,324361.76719263266
13137,2023,7,3,"13011,13281,13311",448171.5964991269,521125.7477677886
30063,2022,6,3,"30039,30061,30077",787019.3885198209,685501.5411811714
42035,2024,6,1,42023,288373.5687771572,154620.7189612849
26003,2024,6,1,26083,302081.419030081,330584.7094995943
32015,2021,7,2,"32013,32001",374217.524090768,430618.82649398554
51153,2023,4,1,51685,742106.318595019,541481.2683774903
31003,2024,8,1,31011,607207.6787914879,747835.5960304858
28145,2024,7,3,"28009,28117,28139",267155.253800781,234222.94039088496
27015,2023,10,1,27013,382441.5871620865,417082.34221440466
29001,2021,6,2,"29197,29103",284398.6619310261,269022.7652849513
16013,2020,5,2,"16025,16067",1274862.1406901202,382335.73735091556
37039,2025,5,1,37113,408826.29611681536,786920.3732239554
17107,2021,12,1,17039,208936.2402197516,213542.9960288059
13091,2024,4,3,"13315,13175,13271",276128.7321731333,265554.217523958
47065,2023,7,3,"13313,13083,13047",529954.4481690197,378238.745545106
30077,2024,9,2,"30039,30023",655808.650119766,626850.3332332419
05071,2021,4,1,05101,255997.39353996175,301758.0761784097
19033,2020,6,1,19067,303228.65787517175,234549.03479059148
47047,2022,9,4,"28009,47075,47069,28093",598362.4820022668,287672.5616946428
13141,2020,7,1,13125,306266.46348083136,258775.51296853824
06093,2023,8,4,"41033,06105,41029,06049",455088.4374891759,495126.34638797044
26041,2024,6,1,26089,264703.0005616821,1185597.702101399
26123,2025,5,3,"26133,26117,26105",356402.10818237695,340390.7218394976
13137,2020,4,1,13281,313378.4844827801,430767.082576415
46059,2023,7,1,46005,610160.9975697225,396104.9480228108
22025,2021,4,1,22107,238048.6681707954,368778.85470099584
19015,2023,3,1,19079,354040.2803765549,271799.80477062176
48013,2025,5,3,"48493,48163,48255",424079.2925848111,478414.6493849962
13105,2024,1,2,"13195,13317",289511.5131101057,378140.4193631191
38019,2024,9,2,"38095,38099",244159.52337492976,251526.92261297064
48465,2022,4,1,48435,314098.6789956966,285920.1524849597
28157,2020,4,1,22037,205433.8768529707,370221.9411214974
38047,2024,5,2,"38093,38045",208237.49833527257,321464.90597885393
48399,2020,3,1,48095,233590.62207270655,268963.40689928766
40091,2022,10,1,40063,333811.73155594355,275382.2976950329
27001,2023,9,2,"27061,27095",418515.8317645544,398448.0189609729
36115,2023,8,2,"50001,50021",358089.9071969474,614719.823544383
54099,2025,4,1,21159,219248.47367384905,210178.9041401808
31127,2021,12,1,31147,290179.2518313282,273741.6344451382
41059,2023,6,4,"53013,53005,41063,53071",428044.54195747786,591568.6903955973
49035,2025,5,1,49043,823570.9212142868,3081178.963594791
28085,2021,5,3,"28147,28005,28113",256970.30420180573,243946.97657185912
22099,2022,5,3,"22101,22007,22047",289466.227681852,261880.54561570563
20043,2023,4,2,"31147,29003",265585.467569033,368706.20952139795
08067,2020,8,1,08053,701179.8695486864,577392.4918745783
29063,2024,8,3,"29075,29061,29003",441050.3359466774,431570.5512128325
48207,2024,6,1,48275,213809.14189735043,182554.38683374497
13151,2021,8,1,13063,374659.79860446026,255012.7153356595
49007,2021,7,1,49039,307264.56357300474,470803.4637595185
08037,2024,5,1,08065,3063574.4770339564,695884.8208803455
48165,2023,10,1,48501,357262.89363256184,298579.090762254
05095,2023,4,3,"05077,05123,05107",218516.7342290735,182233.2191144854
16031,2022,8,1,16053,526159.2595104462,607347.006949772
06071,2022,9,1,04012,759869.6303899413,578046.4389583598
51199,2020,8,1,51735,469482.2201739068,477379.6733437753
27155,2021,10,1,27149,421885.6782309439,358487.35831056064
48041,2020,4,1,48313,384294.416673765,374678.3875366238
13023,2022,5,1,13319,276144.87369341013,252391.95485530145
31117,2023,8,1,31091,,280074.075115376
41023,2023,11,1,41069,533713.8444437548,930282.175213524
26067,2022,8,1,26037,335183.4019638653,415499.6714120229
20137,2024,10,3,"31065,20147,31083",251063.11704429644,304600.22885102517
01125,2023,7,1,01007,380400.2557120686,328105.1813151149
12001,2021,8,1,12041,407221.1550330876,375011.8641554715
21191,2025,4,1,21097,377453.08786520245,362982.1922039454
05057,2022,7,1,05081,227687.64505861487,246184.86708122896
18105,2022,4,2,"18119,18109",446370.3196938609,361403.31521180674
01075,2023,8,1,28087,259993.87754169424,270654.2848491009
01085,2022,2,1,01131,291936.51575324003,292053.351250532
16001,2021,10,1,16045,784601.8717891908,740124.0474904602
13017,2024,5,2,"13315,13271",218814.43627703036,246271.3617531542
45073,2025,6,1,37113,667257.4043084787,788908.7422867074
17191,2020,3,1,17121,213443.2245322684,149684.04037808036
30041,2023,8,1,30015,329654.37158132024,578428.9494142557
29107,2020,8,3,"29195,29177,29033",247460.18284416487,259151.8432483685
26053,2024,6,2,"26071,55003",256856.58744168433,279278.248495576
18167,2024,7,1,18165,266907.58879745676,232458.63915401985
13085,2022,6,1,13111,692637.6706564071,954592.6511222176
29127,2025,6,2,"29111,29137",322686.76179541013,373667.17860406765
13069,2020,6,3,"13003,13005,13017",222089.7450811156,194343.33960170625
30027,2024,7,1,30037,583016.4615418611,464060.8562086662
32023,2024,6,1,32015,438432.15337758395,403006.0787471742
01005,2024,5,1,13061,264685.6311626207,350903.03090840305
45087,2024,12,1,45023,225475.1236077444,350115.5836735731
51185,2021,8,1,51021,199934.3689051734,307178.8366073013
21059,2021,8,1,21091,278343.6797978207,272568.1918109136
30107,2022,7,3,"30027,30045,30059",346082.11509643326,616243.9814747967
29045,2020,6,1,29103,202705.99324515095,218246.29238087832
21175,2020,4,1,21063,170721.4429226124,200490.21987197243
54023,2023,6,1,54093,273187.10943522066,386214.5570846368
35001,2020,6,1,35006,344612.0538130794,193082.32783414875
51155,2021,8,1,51021,312631.38816191535,307178.8366073013
48033,2022,5,1,48115,,218314.69744193065
27059,2025,5,1,27065,455423.9691737995,371447.3485603317
27167,2022,7,1,27155,359859.07209318987,421339.3488477022
45051,2024,7,1,45033,496751.3233315039,196445.47980090367
54107,2024,10,1,54073,270187.2992654588,264147.0017050039
16023,2020,8,1,16059,,387966.5180031047
21157,2020,8,1,21143,233883.53754914625,284712.9900948627
53075,2020,5,2,"53023,16009",385865.3182573849,305856.19201410917
26033,2023,7,2,"26097,26141",296464.2387499262,325734.45147320826
18057,2022,6,1,18159,645677.2812741558,335015.3351834992
30095,2024,8,1,30037,721130.1922962897,472929.6391354711
17131,2023,5,1,19115,317807.98077770014,268949.2962153131
19111,2022,5,2,"17071,19087",227180.7504831137,269676.7470861783
37195,2021,8,1,37127,269819.61118109716,297015.2593605486
48317,2020,4,1,48165,450447.76830630936,298782.445797286
46015,2021,10,1,46023,463955.1545102445,446130.86893623305
12097,2025,5,2,"12105,12093",505526.7963210148,440381.8256060905
29027,2025,4,1,29151,440758.1714396181,443167.0886822108
48451,2022,3,1,48081,355458.9270419117,358882.3190784643
29186,2022,4,1,17133,348939.64146144834,417709.42623745016
53009,2024,4,2,"53031,53055",707712.2796450625,1253557.303424797
26043,2024,5,2,"26071,55037",279960.64806240617,279731.71275121684
22013,2021,5,1,22027,229641.10089737797,255394.1202462944
06029,2021,6,1,06079,400965.0259927756,1107209.2956258224
01113,2025,4,2,"13053,13259",300715.870791641,251465.19818470153
23025,2021,6,1,23007,253860.02818648788,415485.06087694207
39133,2024,5,1,39151,397939.4107236783,317161.86609810474
39085,2022,10,1,39007,331074.70517199626,252808.2908262609
40113,2023,4,1,40103,352272.83181622025,308947.83805286564
48427,2021,5,2,"48247,48047",244360.19951663804,221625.3810196334
29071,2025,4,1,29073,424301.1021490805,465240.6588419119
29111,2021,6,1,29103,305705.12880750763,260583.9481883533
28153,2025,5,5,"28061,28111,28023,01023,28041",231691.22900956185,233531.433609509
32023,2021,5,1,32001,385082.5967469392,427759.46971408953
13309,2024,9,3,"13283,13175,13271",304320.40607493697,287392.9676952408
48035,2022,8,1,48425,477786.8467036339,690105.031772446
21101,2024,2,1,21233,311526.36416074395,259627.3839831908
19139,2022,11,1,19115,314118.2193320484,270744.6209965478
13007,2023,3,1,13037,344989.69049674703,245340.3004492881
51025,2022,5,1,37185,323302.69301446184,569785.706651179
20167,2024,6,1,20141,205492.47952171217,198359.7530138952
45027,2022,7,1,45089,361018.3301270399,300748.37010343146
28043,2023,12,2,"28135,28161",247868.8564146411,249412.616964511
56013,2021,8,1,56017,436716.0718462956,306529.42568885465
38093,2023,8,1,38039,341141.5666169308,256665.68317405143
51163,2022,8,1,51678,541267.2291119132,510845.0642020768
27069,2021,8,1,27135,317818.0713248975,319031.50655571854
05043,2023,7,2,"05003,05011",268503.92857338424,199461.69459566977
55133,2020,7,1,55055,529128.2762486878,367016.7872631438
56007,2025,6,1,08107,359974.61933220364,2264592.0913724457
13153,2021,8,1,13021,293294.13412538724,241340.6939802676
55013,2023,8,1,55005,446183.3865783133,410257.5327785698
05075,2023,4,1,05055,214987.09842958977,292452.70628199814
29171,2020,5,2,"29211,29129",286368.16575923556,195647.4705842102
16071,2021,5,1,16041,428866.37380142737,541849.492425347
08045,2022,6,3,"08107,08037,49047",1153489.7037414482,1829237.2068813846
31089,2020,6,2,"31107,31003",342835.2488050295,450050.3970119582
13199,2021,7,1,13231,292857.6367678262,430502.28929259675
17133,2023,3,1,29186,408517.5292941453,352228.7206162421
47071,2025,5,1,28003,375459.4851382966,287595.2503203703
18095,2021,4,1,18159,227425.41412966247,279415.19761096296
35035,2024,6,1,48109,349192.6197955596,266154.13227218046
21117,2024,9,1,21081,411055.76960915263,406842.7301332873
01025,2024,12,2,"01023,01131",241096.34196213624,254200.51925787798
01089,2022,3,1,47051,472897.2229494539,569570.5122226794
22115,2024,7,1,22011,255057.5440081364,308632.0462023636
20077,2023,8,2,"40003,40053",213308.681195754,288839.28964770003
47151,2025,4,3,"21231,47137,21147",314819.28663567425,298713.0632141629
16063,2021,9,2,"16025,16053",465435.3183076054,572551.1850960491
47111,2025,4,1,47159,385664.6872147873,467716.3085559825
05137,2023,6,1,05065,320066.6531258002,284829.54917582666
26003,2024,10,3,"26083,26153,26095",300752.8789120651,287421.01265028305
47157,2024,6,1,05035,420407.48703671334,275735.40224641206
12093,2023,6,1,12055,441756.1540375853,352058.20023680135
51153,2023,8,1,51685,755469.140353648,554286.605814975
01119,2025,2,2,"28069,01023",249053.41315641295,246765.66433062032
01073,2023,7,1,01007,456119.3918499779,328105.1813151149
38067,2023,5,1,38019,215726.9620480792,250460.62184953052
47095,2025,5,1,29143,245623.89609273957,184362.7336120234
51650,2020,8,1,51735,265386.0873276852,477379.6733437753
49023,2021,8,1,49039,546597.6749136065,480172.99434700306
05107,2021,3,1,28027,147314.19087606925,169733.5414910317
47163,2022,2,1,51520,351843.4401539533,212120.94797837813
05147,2021,2,1,05123,164162.1811925082,170531.8125914516
54085,2024,2,1,54073,225683.90746699175,244414.6929182665
32013,2020,8,2,"41025,32031",345882.7206618231,477408.3580365024
13091,2024,8,3,"13315,13175,13271",284656.3572233261,271138.5335379168
17155,2024,7,1,17123,294607.3508327924,203905.4532563527
39011,2024,5,1,39003,350906.428338624,282447.040809001
12111,2023,10,1,12093,516307.08478226815,449177.2817462052
48225,2024,12,1,48455,440161.8676732757,355716.0975391331
30069,2022,7,1,30027,487306.9886686678,625666.79059825
13141,2020,11,1,13301,333503.17476791376,222906.0050869426
18067,2024,9,1,18023,278523.5347453932,335476.9221398336
18037,2021,6,1,18101,326382.62392520625,260665.11268540387
45003,2024,4,1,45011,388429.32316338626,266276.3373297058
37061,2022,3,1,37141,267045.5863587796,658598.2784195021
48205,2023,5,2,"35059,35037",356826.92412628,220789.0388216001
19015,2023,7,1,19079,363603.0924769019,276106.3898710154
32027,2025,5,2,"32013,32015",380046.4555139949,454442.80163993244
40013,2022,7,1,40095,368252.8993000618,389849.00139820226
53009,2021,1,1,53055,552797.0747010232,1283682.4680983704
21201,2022,10,1,21069,321575.64269097545,289348.6396707603
18053,2020,3,1,18009,172810.32382408305,155609.67954679372
22099,2022,9,4,"22077,22007,22101,22047",292940.2538961682,288342.91072636715
29139,2022,5,2,"29151,29073",444091.1793981537,407535.4786942771
25007,2021,11,1,25019,2586045.982659388,5345623.998080779
23005,2023,9,1,23023,850125.5430810942,617803.5613114964
19017,2020,5,1,19067,307169.0519060653,235170.65398962304
47135,2022,4,2,"47005,47039",352496.2069434982,317764.03018588724
18053,2023,4,2,"18009,18103",222342.94295649428,225515.988682222
48041,2020,8,1,48313,385674.434264662,381394.8385740596
17113,2021,10,1,17039,311672.00340963335,208380.35749789697
48201,2023,12,1,48339,486375.4612520891,588257.0571822735
12093,2020,5,1,12055,290242.9952216878,228297.1775965722
51153,2020,7,1,51685,577813.9959280725,426989.6517438165
30003,2022,8,1,30103,425302.1217991104,572550.8725550121
38015,2023,9,1,38083,494543.29609912215,352824.1794263068
41015,2024,12,2,"41033,41019",720080.0687261033,530433.121527362
01031,2022,4,1,01039,295008.7303390947,277304.7225502277
48109,2023,8,1,48243,283059.9758907878,417584.4770903147
08101,2025,6,3,"08089,08025,08043",415540.69390423706,357035.9229307514
31065,2024,4,1,31073,330720.22822814476,626600.1955452793
06029,2023,2,1,06079,458929.0707932981,1268740.1940389497
30021,2024,8,1,30109,295444.40902532387,395013.40422181174
22087,2021,7,1,28045,303362.26643577236,345134.94843005977
26123,2022,8,4,"26127,26133,26105,26085",363807.3369871494,351272.9191692958
48409,2023,8,2,"48007,48391",326254.36205256876,427319.69296850066
49049,2022,5,1,49039,810837.6707496702,549172.6776758577
12049,2022,6,1,12027,388013.9319644179,471597.7092630395
40149,2022,4,1,40075,206197.1687918584,179432.04312006818
48243,2022,10,1,48377,448678.7723173162,389285.4174030361
48131,2024,4,2,"48247,48047",179417.47408408893,175762.90829064805
31107,2022,7,3,"46135,46009,46023",457596.45030035794,421207.4080829136
01005,2024,9,1,13061,265899.3945262499,358245.81968159816
40121,2024,3,1,40005,286501.35651163006,374040.6533280142
27007,2020,7,1,27071,287502.0438456905,232359.0384070693
22095,2020,7,1,22093,283604.61453152524,283796.67605612014
21035,2024,1,1,21157,291406.7457237178,314994.39098531875
08037,2021,8,2,"08107,08065",2338117.2716547563,1184187.2370197398
49045,2020,6,1,32033,443739.41053813696,248155.27947727675
27145,2021,7,4,"27153,27009,27067,27041",423617.1688810711,426235.65123523114
48223,2025,6,2,"48379,48231",508653.5386961438,485808.7373894262
21127,2025,5,3,"21159,21175,21063",276638.0815675783,255443.75321520236
05129,2021,4,1,05101,285845.91969140264,301758.0761784097
29147,2023,5,2,"29003,19145",415094.37285592937,343992.52409877896
40083,2023,8,1,40103,480506.21094358544,314946.17129906337
20045,2023,9,1,20121,472931.41504164384,545367.9714904296
19027,2023,7,1,19165,323776.15716742503,323851.0365582418
48387,2020,5,1,48119,303247.8714524531,288086.3432820087
05005,2023,7,1,05065,363411.6118513563,285470.4745171472
21071,2020,3,1,21159,155543.19168267373,140336.6057093565
19117,2024,10,1,19185,343561.07257548487,296911.55490878626
06003,2024,7,1,06109,825696.8360506372,552728.7988722431
41051,2023,10,5,"41009,41067,53059,41005,41027",736428.7975954538,818221.2768985297
05141,2024,10,2,"05137,05029",308564.65248750406,304305.1727058912
19111,2022,9,1,17071,233161.7126882359,229099.3536897659
27145,2024,8,3,"27009,27121,27041",476168.4215188461,513169.17352347565
19063,2021,8,3,"27063,19041,19059",217167.07654216597,407528.77972671605
05063,2023,8,1,05065,275357.64518089494,285748.0509796592
05129,2024,5,1,05137,305605.1799829103,317169.16502906586
17151,2021,2,2,"17165,17069",257267.6684496143,179135.52097894397
51103,2023,6,1,51119,762745.1756158875,591023.1449828997
54083,2023,8,1,54093,244842.5321307097,389666.2154011384
13209,2022,6,1,13309,337086.2688053555,278025.7735687687
48251,2022,8,1,48425,526969.4476160278,690105.031772446
55125,2024,6,1,26071,668013.7855988601,233913.42236891497
31147,2025,5,1,20043,322280.12915571686,306018.4664558022
30059,2023,7,1,30107,559596.8535035566,324885.1986889446
48451,2022,7,1,48431,361397.98348165554,392688.24902951886
12131,2021,12,1,01039,1618013.1357178278,270977.7129122867
45091,2021,7,2,"45087,45023",488367.246911261,245427.2956902848
56003,2021,6,1,56029,378092.1349550749,555407.8711475017
13059,2023,5,3,"13195,13013,13157",455545.94037592254,452572.48937363893
29117,2025,6,2,"29025,29061",367172.0112777492,504376.6736653028
55029,2022,6,1,26019,681432.0191095361,658305.6202926803
21149,2024,6,2,"21183,21233",282849.9570548509,250385.0366357675
08041,2023,9,2,"08119,08043",667424.7682384404,586904.8475404569
16019,2022,5,1,56023,609890.1530635104,819088.8687380418
51097,2023,6,2,"51095,51119",389893.6424310476,618142.62374161
40113,2023,8,1,40103,354170.72174154065,314946.17129906337
31053,2020,2,6,"31021,31023,31177,31155,31039,31037",258789.9400710908,376054.3158676074
29135,2024,4,1,29053,406897.98636797216,436524.4527118166
32023,2021,9,1,32001,421433.4322343063,460119.9681136105
22099,2021,1,3,"22077,22007,22047",266593.0577980525,286638.8669057426
54107,2023,6,1,54105,258756.71604023603,212317.5457194897
21225,2024,1,3,"21233,21055,17069",234644.32188425152,241687.82937983648
46135,2020,5,2,"31107,31027",380980.9935228822,391385.6960731599
48363,2023,9,1,48133,750709.1017869925,383865.191676656
22029,2020,4,1,22077,217937.8647761221,309980.0581468024
19025,2023,7,1,19021,296635.5862159936,289930.0990702847
21055,2022,6,1,17069,265477.0331301629,227043.65903030612
37049,2021,3,1,37137,290240.264847345,355780.17276131624
13303,2021,8,1,13141,249561.33663898704,394019.7015470191
51041,2024,7,2,"51670,51570",569721.0493902884,309885.91880062176
08117,2022,7,4,"08037,08019,08093,08065",2101543.2238630857,1348646.4676945629
48127,2021,5,3,"48507,48283,48163",249748.4443672637,298798.749604424
16055,2020,6,2,"16009,16079",585899.639058042,319614.83877515653
29141,2024,4,1,29053,483821.7761294792,436524.4527118166
18019,2023,1,1,21223,341280.8635521796,345668.2603059118
12017,2020,2,1,12053,275663.86006598064,261626.2211747333
23011,2023,5,1,23023,416540.1022040779,595504.6735610155
23017,2021,6,1,23007,425976.2323636746,415485.06087694207
08085,2023,6,4,"08091,08113,08077,49037",643045.3576269485,1672289.365708943
55057,2023,4,1,55141,369648.67869690823,289134.69533794426
40063,2024,1,2,"40029,40133",269536.1459694622,265184.3957424243
08043,2024,8,2,"08015,08109",495157.4475707393,706094.558782063
39003,2025,5,1,39063,293102.5951880201,378236.7847167577
41051,2020,9,2,"53011,41027",647916.2129986583,666624.4353251483
01111,2023,6,1,13045,402205.5759439781,401560.5921529347
05075,2023,8,1,05055,219202.34236148887,295919.0590465141
16061,2024,7,1,16035,473631.45324806543,522831.6896756241
26021,2023,6,1,18141,472831.5300786418,332807.1246865369
17107,2022,4,2,"17129,17039",219620.30254223457,265163.0255300982
21143,2025,1,2,"21139,21033",397476.4571702441,267930.4725732246
27091,2023,8,2,"27013,27063",451951.5507614357,400047.5685297897
06071,2024,9,1,06037,788531.5111109222,1534904.5730453152
18095,2021,8,1,18159,241689.60932099947,300474.0384715369
26071,2023,4,3,"55125,55041,55037",229522.09218481777,439324.77853953344
27115,2024,9,1,27065,384721.1191911683,381840.2910271296
19151,2023,6,1,19021,216279.2481015344,287807.87018255546
29207,2021,4,1,29069,244934.83470632276,162752.32695553274
01089,2022,7,1,47051,494618.9267723828,590969.8876260743
27013,2024,8,2,"27091,27079",422531.8039280165,499140.1718548628
41039,2021,12,2,"41035,41019",581443.5400861376,443296.205033238
12081,2020,9,1,12027,490095.4747165637,301510.73205377196
05061,2025,5,2,"05113,05109",294203.3561404997,325857.4731569695
05023,2024,10,1,05137,438807.5339659071,323726.2369318062
26061,2020,8,1,26083,234330.95352893253,261644.673455434
01119,2025,6,2,"28069,01023",237383.8033139891,236098.29768771087
21023,2023,7,2,"21201,21161",328061.4561334361,299105.1236302571
18073,2023,2,2,"18131,18181",373058.48024031776,284078.2263190684
13019,2025,6,2,"13003,13173",325431.9490742194,273150.20047093864
47163,2022,6,1,51520,374570.0750919541,226326.866651954
41043,2022,8,3,"41003,41047,41053",581102.2217322533,662349.56980753
05147,2021,6,1,05123,171255.38899870066,175905.8866569037
54085,2024,6,1,54073,232350.31831105996,255071.05580984408
22109,2022,6,3,"22101,22007,22057",304066.65947500314,272360.3051566705
17067,2020,4,1,17169,175366.88549477168,258246.48551699205
48063,2021,10,1,48449,375534.39660602034,369750.5838446072
56013,2023,5,2,"56039,56017",505987.4166102193,2798831.102814254
06019,2022,12,2,"06069,06053",566253.9441174646,1343840.2662203726
17059,2023,5,1,17069,130759.2521263572,207952.12439432065
48005,2025,5,2,"48455,48225",344170.94087084336,396217.6123639913
28021,2024,8,2,"28063,22107",214944.67434374968,331584.2170747781
06071,2023,1,1,04012,741492.8282570565,549905.7477035202
48179,2021,8,1,48483,168506.78229516416,245277.34413219464
13045,2022,6,1,13149,409062.71552506177,411923.8736736214
35043,2020,8,1,35006,387991.12554394105,195861.2327615807
05103,2025,6,2,"05039,05019",197442.16151663885,231202.61375071324
49055,2025,6,1,49019,710990.2371414406,836210.8332559988
42097,2023,6,1,42093,268562.6417055702,437563.6606258448
17153,2021,4,1,17181,189019.03182522245,255168.1544474851
40013,2022,11,1,40005,367479.8135305766,350221.79058915545
18053,2020,7,1,18009,172450.89954430578,157519.6277745073
16041,2023,6,2,"49033,49005",594480.7481534871,784505.5584202373
48073,2025,6,1,48225,478673.9230015333,431951.3654394836
05139,2021,4,1,22027,235300.51051610755,260892.66891146975
08041,2020,6,1,08119,513183.7931269224,498926.5549402759
55021,2023,4,2,"55047,55077",475629.1595238323,451349.2880853958
13031,2025,3,1,13109,420083.6247918699,320866.502602001
13311,2021,3,1,13281,357861.51648954157,500826.58625563903
13029,2025,3,1,13109,571903.555701048,320866.502602001
27089,2024,6,1,38099,357320.1592067559,238869.74601110577
13241,2020,4,1,13281,587461.7419487266,430767.082576415
31139,2024,8,1,31167,570620.3693326353,505170.3769355708
30031,2020,6,2,"30043,56029",853191.8150367035,470905.2544304052
05135,2023,7,2,"29149,05065",279877.37682574155,296031.9996131095
49019,2020,6,1,49007,628992.5052734995,256834.9258192616
48371,2020,4,1,48243,252437.2304408179,349097.116158997
29129,2025,6,1,19185,367320.3239191519,290738.0016500234
13255,2021,5,1,13231,281142.92825004534,416169.23995532776
51153,2020,11,1,51685,603466.1257104629,444250.9754269347
05067,2023,4,1,05111,172426.50343131306,213182.83996868352
54063,2023,2,2,"54089,51045",282809.7354389652,301233.953875194
47077,2023,9,1,47023,318929.6944247631,301598.23760956526
51149,2025,5,1,51670,448777.6209941012,275026.4162394171
37143,2024,6,1,37177,429240.3852483828,311936.1962109043
55121,2023,7,1,55035,376108.98694058694,465681.1388328821
06029,2023,6,1,06079,461753.4756665237,1282428.9404185351
51089,2021,7,1,51690,188300.04909849,151109.86931270562
13077,2022,5,1,13149,525615.2414634535,408265.0475204286
48499,2021,3,2,"48459,48379",396716.3629212682,373146.5777792133
21173,2024,6,1,21181,318552.96597324876,342942.47418363445
42081,2025,5,1,42093,344472.5861743305,454182.00534845144
05013,2022,11,2,"05039,05011",250581.4821230277,237403.03172293532
37139,2024,6,1,37177,362863.05076981423,311936.1962109043
34001,2023,7,1,34011,580970.9655561856,329748.4984398573
16015,2022,6,2,"16045,16037",818983.2688913796,815087.0363686283
22071,2023,4,1,22075,560281.4001680451,550910.6975975956
30009,2020,8,1,56029,517253.5057852392,481280.13857635466
47131,2024,4,1,47095,289545.9738729968,245917.96448662583
22099,2024,6,1,22101,276702.86247320176,216403.32159606475
21209,2025,6,3,"21017,21097,21239",479148.5208629291,488001.6110392744
40039,2023,8,2,"40043,40129",287896.6127879188,347915.4498749358
13215,2025,4,1,13053,324695.6335420302,262367.9277435884
23005,2025,6,2,"23023,23001",868587.7738519543,544741.800131965
29115,2023,8,1,29211,287404.8041779105,230817.3736235948
31033,2025,6,1,08115,333974.85184735776,312463.1491688502
51195,2023,5,1,51720,215551.70370240777,186122.65131357743
36095,2023,8,1,36093,325404.12109478423,380001.83793028834
36029,2025,5,2,"36063,36037",438786.14109798806,332768.0292711891
19093,2025,6,1,19047,288412.7112200971,277502.30567087565
47049,2025,2,1,47137,403425.3806843381,415908.7780808371
53007,2023,1,5,"53057,53037,53061,53033,53017",896430.9536859855,977445.5513893904
19187,2024,7,1,19151,242760.87913201455,239723.25582276136
27121,2021,6,3,"27067,27041,27149",544140.6091528891,424940.4197804593
30063,2021,6,2,"30089,16049",645597.6636620022,508846.08121098357
48225,2020,7,1,48313,384516.77302019903,378280.1042631287
13157,2024,7,2,"13219,13013",543847.8843352249,617066.8664582659
30073,2023,8,2,"30101,30015",424032.8018235972,446852.78484300966
32015,2020,7,3,"32011,32001,32027",323962.0402201029,319979.38054185157
48387,2020,9,1,48119,318153.0519193916,294981.673980058
39089,2025,5,1,39083,489505.3008629845,442857.1130960219
21071,2020,7,1,21159,157959.31903045022,144791.87594882728
05049,2024,5,1,05065,300422.3321835284,294510.57748268754
12099,2025,3,1,12093,1013450.6772792242,473238.0684794658
35025,2023,9,3,"35005,35041,48501",293273.7996575103,274384.4281763218
34005,2022,6,1,34021,516422.0648495997,673883.4242747381
06077,2024,1,2,"06005,06009",771872.0447012377,622226.52540132
32031,2021,12,5,"32510,32029,32001,41037,32027",893035.6279912028,501708.61581944244
13081,2025,2,2,"13315,13093",329354.37414470146,265684.9837684698
42125,2022,3,1,54009,412153.6412623991,204236.68495486816
45057,2021,3,1,37179,455429.3333044546,545290.5393823235
42047,2025,6,1,42023,190567.6493408864,149545.9321308473
28003,2022,5,3,"28139,47109,28141",288786.46086126333,278785.69873678515
37193,2024,7,1,37005,362449.070435934,466723.1143971745
28139,2023,9,1,28117,232709.8842250039,227495.53418880815
48131,2021,7,1,48247,238038.65958294916,235041.64806707783
05147,2023,2,1,05123,189521.1655987103,179701.84485277635
19113,2025,5,2,"19105,19055",374024.2758381433,456018.1279134522
12079,2025,2,1,12067,406256.04695872526,422565.62920289295
19103,2021,12,2,"19183,19095",423417.7529690536,312560.63620747114
39157,2023,6,2,"39151,39075",306886.9191865762,435776.1464886208
37023,2024,7,1,37011,405544.2425885375,986062.4604019668
16055,2025,4,1,16009,967208.603947488,542277.7110588845
30089,2022,8,2,"30061,16079",717369.7003847779,527441.7719887864
31113,2024,4,1,31171,448928.8537437425,488553.08068570774
51001,2023,6,1,51119,378926.78481275303,591023.1449828997
08113,2022,10,1,08111,4740229.093963732,881676.6184505735
28037,2020,12,1,28005,246952.4506922152,269190.92584210227
51069,2020,7,1,51840,424630.45501463016,368206.5601051344
47057,2025,4,2,"47173,47067",465541.74569318024,381349.1532385311
16071,2020,4,1,16041,322695.15890865546,415418.3384953399
54059,2025,3,2,"21195,21159",155315.63970264103,204854.0716730872
12083,2025,5,1,12075,415289.2692863492,488679.2073160854
41053,2022,1,1,41071,599143.2114863588,727613.575920086
21049,2021,7,1,21173,317351.99848188204,271268.23122129356
48317,2022,5,1,48115,497498.51030667586,218314.69744193065
05003,2022,7,1,22067,173158.96675327516,215837.86567465903
26165,2020,4,2,"26019,26133",256200.59310535993,323037.98238917754
32031,2023,5,4,"32019,41037,32029,06049",864453.6331342189,463254.4450549857
29095,2021,6,1,29107,340793.8876806736,299122.3551116788
47017,2020,10,1,47183,246885.09873043335,239683.55853584176
01077,2024,7,2,"47055,47071",381671.1069917514,415744.96576666145
08067,2024,7,2,"08033,08111",1069114.210242201,721723.3745457975
18095,2021,12,2,"18065,18159",249895.6537090798,281576.799788604
48451,2024,4,1,48431,371585.20570822206,334738.6217084758
19079,2022,5,1,19197,268161.24828133016,228659.87831442876
05069,2024,8,1,05025,193201.564937128,269677.03209772106
55011,2023,7,1,55035,350640.23073834396,465681.1388328821
01117,2023,5,1,01007,551515.4082036812,329031.86518754886
08041,2025,6,1,08043,667871.3793181465,505226.7316547898
51199,2024,7,1,51735,616868.3195808749,619873.6813688661
30027,2023,7,2,"30015,30107",578112.1015633001,448582.420722793
22103,2021,3,1,28045,409943.8430918988,325980.1396873181
16021,2024,9,1,30053,682228.4386443243,678808.6870946777
29095,2024,7,2,"29101,29107",392888.0107894551,383849.7656960646
42035,2025,4,1,42023,298721.5262660208,151123.20305061023
04013,2022,8,2,"04012,04027",798451.6317000907,481511.38037473825
13095,2022,1,1,13037,192823.5779138303,248249.4727013804
17199,2021,3,2,"17181,17165",216603.19304996592,205729.04394590596
29113,2020,4,1,17013,319533.31938812934,307318.49158457614
47161,2022,3,2,"47083,47005",403536.4750974884,342928.59969286656
54085,2024,10,1,54073,239577.3729241103,264147.0017050039
18011,2025,4,1,18023,714937.2049834955,345807.28293492465
06017,2020,4,1,32005,750494.4636610799,924460.9423622796
19103,2023,5,1,19115,461259.93150630064,268949.2962153131
13007,2025,4,1,13037,357352.7654654311,239984.48441189423
31031,2025,6,1,31171,509312.25237282057,554694.45747149
08091,2020,7,1,08053,815372.4821845415,572179.0286603099
16017,2023,1,3,"16055,53051,16079",999136.8606798532,640288.8547822222
05099,2024,12,2,"05109,05019",182749.48749228613,302041.9750195024
19009,2025,4,1,19047,320102.25923477666,279920.7337292757
51015,2024,8,1,51790,492114.61486944935,380495.64551599574
16055,2022,3,1,16009,913193.770820534,565966.0820128185
51005,2024,7,1,51580,282285.32379109575,154558.5596270477
18019,2020,4,1,21223,271830.9400078705,266526.4862747662
13243,2024,8,2,"13307,13061",253282.5167263799,363272.12026037724
16007,2023,4,2,"49033,49005",695677.5980084847,785393.4760318169
28127,2022,7,2,"28065,28077",259299.60049722772,232222.6865282954
55113,2024,7,1,55003,576032.4111995504,324973.5411577863
40151,2021,5,1,40003,242263.24641475195,258437.2466271924
29019,2024,8,3,"29175,29053,29089",500507.27479425987,394402.94212330476
29013,2022,3,1,29185,407246.0155002784,345517.21274149994
48491,2021,5,1,48287,,612078.874148178
48283,2023,3,1,48127,337848.01981353346,256597.1134335159
20005,2022,5,1,20013,318968.7211354044,266675.6064113255
08049,2023,7,3,"08019,08047,08117",1325771.467065989,1188760.7350893233
34023,2022,6,1,34021,663546.8631767387,673883.4242747381
47047,2020,4,2,"28009,47069",456622.50177376746,210135.7786478296
48287,2025,5,1,48051,707625.2283568507,575672.0239524225
35049,2021,6,1,35028,868183.7423305428,635615.4678764105
47165,2024,7,1,21213,665725.7868109571,381123.55130270985
20005,2025,6,1,20043,329895.58113097696,305074.2292588782
48221,2020,5,1,48425,454800.4345229119,446171.4596088386
21023,2025,4,2,"21201,21097",350881.3591356731,336835.5143271589
13285,2022,6,1,13149,330329.67048246943,411923.8736736214
41011,2023,12,2,"41015,41019",531800.6039655878,603510.9518726275
08055,2023,9,3,"08109,08003,08023",505293.59150629555,413768.2174890405
20105,2024,7,2,"20141,20123",301481.0241687769,231163.89402717224
21047,2025,1,2,"21219,21033",313434.39389850304,367677.83246725856
27077,2024,6,1,27071,372031.9992737463,278622.21599305555
18073,2020,5,1,18131,293538.62276970805,188732.18520748295
16027,2022,6,1,16045,669723.2829183772,840257.3946064613
42083,2025,5,1,42023,187323.9527210206,151362.05430107826
05067,2023,8,1,05111,174123.82137842904,219834.43380418775
48061,2022,5,1,48489,311725.0182274531,597846.6324391119
48281,2022,4,1,48333,505899.4375592552,945992.4803232084
46009,2020,8,1,31107,196049.85782331263,368650.7518415181
51177,2025,6,1,51630,630506.9007343902,646527.8424709261
39095,2022,8,1,39173,276322.66587263375,342432.17404518736
01083,2024,7,1,47055,477947.69373279344,454081.67773276434
51035,2024,1,1,51063,302513.6193623854,374731.5186362123
13303,2020,4,1,13125,208910.6068523998,250652.0220676372
56007,2021,5,1,08107,301773.8563802254,1634091.235210307
06087,2024,12,1,06069,1722662.921053938,1000223.8706895284
36091,2023,6,1,36093,599021.3973571921,375581.055005654
48179,2023,5,1,48211,178146.70271194784,296101.6340943338
27119,2021,8,1,27029,353733.60468401946,372380.2945692553
31127,2022,8,1,31147,324647.51725149964,313652.4608627801
48393,2021,3,1,48483,,220921.61562838827
01005,2023,8,1,13259,268966.60341797885,219190.3409830107
17033,2021,8,1,17079,218347.14732580815,255574.55666975785
17057,2020,6,1,17169,143606.2774979745,257475.90424951477
06041,2020,1,1,06095,2053540.5304241404,590601.8102485051
18107,2024,5,1,18045,321208.1098994223,314768.3303101017
01127,2021,10,1,01043,243931.76913941777,391843.45119273075
17157,2023,3,1,29186,233482.1475686344,352228.7206162421
26003,2020,9,1,26095,245179.33344424833,211794.77480129703
01065,2022,10,1,01007,295880.14942765614,333766.8335081679
29099,2022,4,1,17133,367438.48782665096,417709.42623745016
54087,2023,2,1,54105,222938.45825807017,208159.90328444337
41023,2024,7,2,"41069,41049",531097.736150853,694416.8663013844
06023,2024,1,1,06105,634875.9982430115,430032.4644072233
17165,2023,3,1,17069,170251.15236257875,206559.94076429147
48149,2021,10,1,48477,1001480.6069950716,833175.8225907184
25009,2023,6,1,25025,949282.1108950624,1251617.5463983354
36061,2024,5,3,"36005,36081,36047",2840669.121852905,1128917.2963308485
48137,2022,5,2,"48267,48435",922205.453293418,609577.7468190828
13245,2024,4,1,13163,285339.1634912184,261234.85401654977
45013,2024,4,1,45049,1108144.5889961957,299676.4705801006
04017,2024,7,1,04009,635945.3340526931,392809.6206732013
16001,2022,6,1,16045,846445.9788350547,840257.3946064613
16071,2023,9,2,"49003,49005",533223.7710529091,605118.3289686874
51015,2021,5,1,51820,448180.495372799,326429.0204542457
42027,2022,7,1,42087,491904.38130028296,270351.3278233191
06073,2022,8,1,06025,1527698.4916792696,434686.43044513534
06029,2025,3,1,06031,492032.0278910571,475829.5762599408
21153,2021,7,1,21115,143294.50966266365,218374.5214310779
22079,2024,7,1,22039,279239.6978951711,202458.65125777991
56003,2020,5,2,"56033,56029",307125.3500612539,495957.84908606554
26113,2020,11,2,"26165,26039",295777.3218478503,230540.94203258154
13181,2024,1,1,13317,423059.079071263,341041.6556286109
56029,2022,7,2,"30031,56017",658360.2825437717,830067.1193600859
28071,2022,5,2,"28013,28137",515569.6690142378,274372.07400280295
32005,2021,8,1,32510,1254381.0074112394,640648.1156757454
13069,2021,2,1,13161,238997.17109841123,214336.99321171225
13081,2025,6,2,"13315,13093",324652.5101602799,262645.22670955665
42125,2022,7,1,54009,428344.65367233194,208851.97471258332
17119,2024,4,1,17005,330114.56313676067,263882.26612463687
45057,2021,7,1,45023,489524.9943339775,290443.32563666115
16073,2020,5,1,16083,509695.9434169554,378976.4293295848
01119,2022,12,3,"28075,28069,01023",250690.6630925711,249354.35767482474
01129,2024,12,2,"28041,01023",260884.5848296763,236516.66453870473
56031,2022,4,1,56009,460912.1753308897,436885.24306850735
16013,2021,7,1,16025,1827764.4188299803,609351.5617438331
20201,2024,5,1,31095,341527.5771597092,339717.6483329334
37185,2021,4,1,37181,479968.5750984344,275816.3099466442
05147,2023,6,1,05123,190561.65105479103,183595.37966379535
08083,2024,8,2,"08033,08111",605399.804771313,721350.1507201211
48313,2025,5,1,48225,597239.7967982533,436977.27688033384
29163,2022,5,1,17013,404961.50918767066,355984.17167749844
47093,2021,7,1,47105,432899.524162173,593096.0024835542
17115,2022,4,1,17039,192477.87216462733,225357.06739561076
41051,2021,1,1,41027,685922.1814243761,823168.0926492804
51650,2024,7,1,51735,365689.6181765978,619873.6813688661
48111,2023,5,1,35059,407659.1530735749,213949.911029638
47153,2023,7,1,47061,484369.9341321564,357050.0979497358
31091,2025,5,1,31171,291524.2547034843,547358.6820848468
16075,2024,7,1,16087,609063.4459551132,666865.7143652452
45069,2024,7,1,45033,180070.4748880779,196445.47980090367
13221,2024,7,1,13219,442656.5897588597,786599.3322354509
28143,2025,1,1,05077,245176.65730837817,225333.8408474977
46045,2022,8,1,46129,457744.1158387999,277289.64954265766
18037,2025,5,2,"18025,18123",387614.3822768682,293404.68803679757
18041,2021,12,1,18065,198092.57633967468,254317.78282321163
21069,2024,8,2,"21201,21181",320610.76777818106,332986.7143493339
47085,2021,10,1,47083,378943.4588756787,344917.1360966766
51730,2024,8,1,51570,262080.02828825905,349823.66716221604
16051,2020,4,1,16065,426440.8207952264,381605.281348736
17125,2024,2,1,17017,163133.22976125331,168271.79520143062
08045,2021,9,1,08107,992431.7675918174,1798147.2821624049
06065,2021,6,2,"04012,06025",696162.1484784774,419363.2754369882
12099,2022,6,2,"12051,12043",993723.1745646186,409627.85925904626
39063,2024,5,2,"39003,39173",368563.5363838409,322896.9218587557
47077,2022,5,2,"47039,47017",322758.1911668051,324145.5683802454
27111,2021,7,3,"27153,27159,27041",480317.0548847636,408752.9072120516
40031,2021,7,1,40033,224945.43537267644,208398.749821917
30013,2023,5,1,30015,435687.389130899,558965.4163886103
26073,2020,6,1,26133,269280.83137945767,212910.235016748
26001,2021,7,2,"26129,26135",275914.2804537045,221261.32170270977
46115,2023,6,1,46005,360223.33047756035,401654.6621586654
38051,2024,5,1,38045,175990.10065617142,306927.24699011754
49023,2025,5,1,32033,604420.8569473049,325624.86248561385
35061,2020,7,1,35006,310849.4225986808,194272.4739750985
47113,2025,5,1,47069,390771.1268498514,289006.1519261157
32019,2021,7,3,"32029,32001,32510",476555.92209212855,591489.1143251079
27057,2021,10,1,27029,438133.2296096429,360297.15997020184
27111,2024,8,1,27041,525548.4142486028,554162.7686290103
55049,2020,10,1,55103,412972.4888504825,285782.6941185503
47125,2022,5,1,47083,422638.6805833068,387116.9377559307
23019,2020,4,1,23029,252616.4167648351,223720.90799055845
13101,2025,6,1,13173,300629.2540360992,291463.6937195904
48313,2022,4,2,"48185,48471",554648.0245875904,621340.7344574188
16085,2021,6,3,"16015,16003,16049",965460.6099474132,631206.367664689
51059,2022,5,2,"51610,51600",1107061.427019611,1275645.3167040742
29113,2020,8,1,17013,326759.4246791205,314286.2605916889
28085,2022,5,3,"28063,28037,28077",278661.58911097486,280377.37953691825
35013,2020,3,1,48141,295616.8503240181,220762.42961327848
44007,2020,8,1,44001,401712.2421119038,622584.6351965532
12057,2020,5,1,12049,398043.5384780218,260511.0449645101
26121,2022,8,1,26127,344319.4832120647,421306.2380955217
48021,2021,4,1,48287,494411.019230102,599499.3146462111
01091,2025,5,2,"01023,01131",284170.57346202026,253475.6094094136
51175,2021,5,1,37073,348163.06684237556,327336.2236461351
16031,2023,8,2,"49003,16053",514622.9491870879,580203.7536294383
30025,2024,5,1,30109,315109.63189776475,391626.1506321093
26045,2022,8,1,26037,334712.74868396757,415499.6714120229
08113,2024,7,2,"08033,08111",4445198.368853238,721723.3745457975
51051,2022,6,1,51167,171046.2872390568,235671.61106426377
22079,2021,4,1,22003,265513.64860550925,225325.4459569302
28085,2025,6,2,"28147,28113",277531.7278095702,234553.93932454666
48303,2024,6,1,48153,356363.42078903393,176164.54801322953
23011,2020,12,2,"23007,23015",312739.1785566959,449136.79921145976
40069,2021,5,1,40029,246777.1485639329,246547.64355890465
28085,2020,12,2,"28147,28005",253967.06904370664,250896.17312077957
31163,2020,5,1,31077,457346.1917603288,565545.2076579098
37163,2025,6,1,37141,283786.11403939204,723591.4346770224
40151,2021,9,1,40003,255057.13059031116,262142.32751999947
13271,2022,10,3,"13315,13309,13091",240324.9360757567,268137.9212634621
48117,2025,6,1,35009,325815.6978681017,260471.56407893143
18137,2024,5,1,18115,403516.66309247905,421326.456931394
53059,2021,1,3,"53077,41027,53039",663574.4834272083,616913.1764113059
28141,2023,8,1,28117,307281.2341412403,226487.47057599985
35035,2020,8,1,48141,256526.9362593076,224829.6274120097
27015,2021,9,3,"27127,27165,27033",360864.9856568561,309057.1137209068
39139,2025,4,5,"39005,39083,39077,39033,39117",305368.50219465897,357371.3159189941
41059,2024,8,4,"53071,53013,53005,41049",432877.2894184671,536390.9791914168
27007,2024,6,2,"27071,27029",381174.5320665061,323817.30407931603
28047,2021,3,1,28045,296169.2796135353,325980.1396873181
27103,2023,8,1,27013,419029.9342297536,415137.5264936877
35001,2024,9,1,35006,489319.65735166817,247491.31244794495
47041,2025,5,1,47159,519346.1306367328,465838.83913897583
48465,2020,3,1,48435,253536.91473209223,235612.79703133635
19173,2022,8,1,19145,258686.88207998328,249711.57992731253
55003,2020,6,1,27075,244387.6874119687,313133.7285882049
08097,2022,1,2,"08051,08065",7805977.787750044,1072511.822369445
40055,2025,5,1,40057,191345.03040125425,216425.6607238761
46039,2024,6,2,"27073,27173",610518.9667194085,398969.2874419836
51013,2025,5,1,51610,1407688.601084712,1759061.1595316362
26131,2025,5,1,26083,218302.07445209095,346637.60115207883
06019,2023,4,2,"06069,06053",555271.9043527768,1310831.2222663548
27171,2021,4,1,27019,462356.0831846809,625398.1467342186
06061,2020,5,3,"32005,32031,06101",788002.0254585341,677595.8096239585
42033,2025,5,1,42023,218775.30956777817,151362.05430107826
05095,2021,3,1,05123,213160.55854256495,171360.84135203055
08093,2021,5,2,"08019,08065",658234.9045064439,681594.8553436415
16031,2020,7,2,"16083,16067",349495.0843851064,345568.6585867283
13193,2021,6,1,13269,229042.95295993856,290648.2793181147
01067,2023,12,1,13061,328330.28158829315,353005.50061020185
48393,2021,7,1,48483,,240162.19962159477
01005,2023,12,2,"13239,13061",262279.2788712304,314172.8042057032
13061,2021,6,1,13037,307695.9368183765,230910.41951287593
37163,2022,5,1,37141,269608.41835829295,691883.6316177454
46051,2023,5,1,27011,514020.10483866074,384052.4663344342
40121,2023,6,1,40005,286871.17604252836,363613.4066880499
08093,2024,6,3,"08015,08019,08065",768107.2302287935,855212.9284272395
42033,2023,12,1,42023,229683.7690042019,170605.52118998053
41057,2024,11,3,"41007,41071,41009",824364.0075318761,724020.0742961173
38017,2023,4,1,38003,467788.56425970973,343179.17494789715
13139,2022,6,4,"13011,13013,13157,13137",582497.1935561424,479915.65921573865
06067,2021,12,1,06013,720667.356490038,1478642.1594959374
17165,2023,7,1,17069,174841.80024876856,211785.32790403673
21091,2020,8,1,21027,235813.85742163367,224134.8299755991
28113,2024,12,1,28147,210492.5618283502,265164.5269062672
40129,2022,6,1,40043,415355.7834933402,338366.96727239684
28155,2022,7,1,28013,299682.33365070465,223702.24308640615
08103,2024,9,1,08107,594097.1097772977,2232193.618780518
53075,2024,6,3,"53013,53021,53023",494481.0841244978,456150.9932184073
12039,2024,6,1,13087,350143.0483358349,299899.51616436645
08055,2025,6,1,08023,505259.8217929269,348396.83122407994
31051,2020,7,1,31027,356375.75324696576,417582.8427230974
39065,2025,5,2,"39101,39063",294516.33786789037,333917.1757556761
36119,2022,3,2,"36079,36087",1206205.4676756987,716245.6777018099
40049,2021,12,1,40099,261099.4538703648,271113.8997575317
54099,2020,2,1,21159,170699.6755501223,140669.73155756353
06073,2022,12,1,06025,1441814.462036726,425918.88835820416
42105,2024,9,1,42023,285301.41122711607,153051.1722502899
01005,2022,4,1,13259,268645.11853082204,238579.09662946136
50005,2021,5,3,"50015,50009,50019",421571.4889012519,574556.81322952
51121,2024,4,1,51063,511185.71020927624,377233.68759536743
46059,2021,6,1,46005,557447.7797803507,340245.14243920107
29121,2022,6,1,29103,355439.7050759801,302468.8800704773
13181,2024,5,1,13317,430287.6529300517,350015.5111228363
49003,2024,8,1,16071,587594.5625190999,540762.6777359098
27141,2021,4,1,27009,417415.7067688432,362954.7909590793
55089,2022,7,1,26127,711914.0547973309,420361.1216332494
32005,2021,12,1,32510,1304418.0514402504,654698.7301800771
37099,2025,5,1,37113,1225589.1455083806,786920.3732239554
19137,2022,8,2,"19071,19145",251267.060766608,285095.65880323056
46025,2021,8,2,"46077,46005",448431.11870514834,396840.3121856639
06067,2020,4,3,"06095,06113,06101",570618.9923720076,598334.5487900424
22063,2025,5,2,"22095,22091",337823.5038700562,291406.2916118768
27033,2023,10,1,27105,332723.83749838755,346034.0678187754
28045,2024,1,1,28131,378540.4222164592,279496.7906899823
06089,2023,6,2,"06105,06049",521220.2242919628,406251.90744711325
22095,2021,3,1,22093,302937.71577322256,300674.21344339295
48087,2024,7,1,40009,207334.39525733143,260950.3825779931
13207,2021,1,2,"13171,13021",434864.6236353496,262396.88863352797
13161,2022,1,2,"13005,13309",239591.94880145916,267469.56778183393
55099,2023,4,5,"55069,55125,55085,55051,55107",308501.163910091,444079.2395225931
05107,2020,12,1,28027,154749.19598458914,164404.98062549566
13107,2021,1,3,"13279,13283,13031",203812.67840628725,258229.35762229003
13211,2025,2,2,"13237,13219",721458.4291124415,801577.8027409085
48215,2025,5,2,"48489,48047",290050.92925927247,315079.4962707659
48115,2020,5,1,48165,183581.7512997049,300233.4677082734
40153,2023,8,2,"40043,40093",256002.58868478917,334958.0682404176
40067,2022,7,1,48077,201231.33197952565,415165.2362681516
48253,2022,5,1,48433,331697.0992546275,308572.55645021447
28091,2024,6,2,"28147,28077",243770.31144382173,252057.29674860343
48157,2020,6,1,48481,418093.4966348577,434356.9778003112
40089,2025,6,1,05113,502066.8763446291,321238.27281146636
06007,2023,9,1,06011,581740.20562697,525716.2847781744
35043,2024,7,2,"35006,35031",543231.1379721804,279749.61445521476
21057,2021,1,1,21001,205381.1798101781,211583.6194226833
06065,2021,10,2,"04012,06025",744759.2681039725,450906.76795326226
55039,2023,8,4,"55139,55047,55015,55131",390890.95649992634,498165.0491041762
13051,2024,5,1,13029,651985.9209632546,557302.4311332019
21043,2025,1,2,"21205,21063",269744.06173560536,288407.13141220494
26113,2022,8,3,"26079,26133,26039",351546.8176711032,304441.791105859
13241,2022,8,2,"13281,13137",918435.0759520704,545328.6349730345
29031,2021,6,1,17181,359562.3851444663,256472.43160421215
01113,2021,10,2,"13053,13259",256078.41969874885,225746.3503874163
05099,2025,4,2,"05109,05019",181522.00867655955,298939.1358280926
49057,2022,7,2,"49033,49029",682363.0034850618,1104579.3428620785
28073,2022,2,2,"28065,28091",366411.3322213443,229996.6514621423
05061,2024,8,1,05113,286055.2873185577,318184.86979118915
41019,2020,7,3,"41015,41029,41033",366716.79352386267,494066.50947044796
19193,2020,7,1,19133,249269.9715221317,200800.04638955303
20131,2022,4,2,"31147,20013",421441.4881668729,281031.8832929368
48129,2021,6,1,48483,307481.85916460253,234905.56919325344
13239,2021,5,1,13259,223747.23283135265,211718.8755805964
48469,2025,6,2,"48285,48057",353052.21696721157,510832.7827379778
06089,2020,5,1,06049,422008.55215680465,280138.63645754725
05147,2020,9,1,05123,154524.55980652172,169647.38019199538
23019,2020,8,1,23029,260305.2703565004,231599.30269402193
06109,2020,8,2,"06051,06043",446105.90982542775,713463.8498343963
29189,2021,9,1,17133,461710.0584291904,390447.7044769621
45067,2022,1,3,"45033,45089,45043",200951.86001978943,379597.14994732867
51003,2021,8,1,51540,782967.1153759059,679596.3012122749
50001,2020,8,1,50017,574766.2446860265,452513.3675768915
05107,2022,5,2,"05077,28027",150665.98168187155,208150.5210229255
48039,2020,1,2,"48321,48481",366041.90713451727,357316.4896293637
38099,2023,5,2,"38019,38063",248727.881911328,271050.5628318383
30025,2024,9,1,38033,314796.78028254607,331938.8047324159
45051,2022,6,2,"45033,45043",480348.2009955048,462600.2857943088
39123,2020,10,1,39143,361387.2514290805,195452.055560016
46027,2020,4,1,31027,309404.2826882767,422733.0842408613
13137,2021,10,2,"13281,13257",399232.4578387215,447785.20841156296
18017,2025,6,2,"18131,18103",272358.0255887608,275590.27174031123
30083,2024,6,1,30109,418451.7322640177,388948.3357613953
51710,2021,4,1,51131,364210.437329632,473639.49965941376
48369,2023,9,1,48017,293606.050493383,264005.3828842063
34015,2023,7,1,34011,467583.8925065408,329748.4984398573
51153,2024,8,2,"51685,51683",795774.2132169289,607509.4748555105
22003,2024,6,2,"22011,22039",215142.18393918817,254991.26074147475
28047,2021,7,1,28045,311522.4901566285,345134.94843005977
48093,2023,9,1,48133,536407.5058645956,383865.191676656
48485,2023,9,1,48077,270682.5933687296,385852.0348252258
19067,2022,6,1,19023,295424.2414866402,326024.3423078914
05147,2022,2,2,"05123,05037",191072.92133871705,218057.74352646648
08083,2023,4,3,"08111,35045,49037",598248.8629842806,589978.4193690439
13107,2024,8,3,"13283,13163,13175",264502.75658444344,296520.78744584875
40123,2021,12,2,"40133,40099",277107.3761587793,241751.09995745617
47181,2022,4,1,47039,315368.9683806828,329358.6539719981
28011,2021,6,1,28027,247115.98263045528,178392.1263502464
13167,2020,4,1,13283,198461.1532820068,230165.13227157315
13249,2023,4,4,"13269,13197,13261,13193",307898.7589044782,278366.88718342106
28091,2021,3,1,28147,226764.3563507789,236623.81230577757
54089,2025,6,1,54063,268987.377089505,306395.96525252645
17059,2024,1,1,17069,136822.72432052577,213183.1388758642
27165,2024,8,1,27091,308237.71076502913,468340.3919449704
04015,2020,7,1,32017,380690.43204638927,282238.74062718713
22045,2021,4,2,"22007,22047",260868.78390429253,267176.34648139914
18083,2024,5,1,17033,257891.01278486455,219895.39997130117
22019,2024,7,1,22011,305501.0039408601,308632.0462023636
55083,2020,6,1,55078,295223.4764928373,307462.6081198153
26089,2023,9,1,26029,1159303.1693167433,773693.6296061132
42071,2022,5,1,42043,492209.1509885094,376322.2916836896
25017,2024,7,1,25025,1286818.118051547,1279933.4926638866
06013,2020,8,1,06095,1144689.757570843,603120.8288734122
20099,2021,7,1,40035,215208.2329877368,331533.12120525306
37163,2022,9,1,37017,274912.1030278918,325134.5662977346
20151,2024,9,1,20097,261029.43604284595,319083.4523813922
40097,2021,7,1,40035,318152.376447815,331533.12120525306
40121,2023,10,1,40005,286173.33356730576,368600.2188431256
13297,2025,5,1,13219,530732.141154882,798281.5009401081
29035,2023,7,1,29149,315010.8067276002,306593.5247090719
37023,2025,5,1,37011,408951.9918367004,1007236.8532755704
38017,2023,8,1,38073,466402.8308816799,354919.5265356533
39139,2022,7,1,39005,272759.73320720944,331451.3292503513
29003,2020,5,1,20043,329752.1356261866,217614.4660806077
21137,2025,6,2,"21199,21203",304036.09442417347,277136.9574980233
48387,2024,6,1,40023,405509.0504889924,288738.64876873576
38049,2023,4,1,38083,333123.59834394144,389127.39174674015
18057,2025,5,1,18023,691102.3391369854,345039.3584070988
40129,2022,10,1,40043,416806.8348020618,324103.87616209075
46109,2022,8,1,27155,518540.2850990776,412643.7335080027
05049,2023,8,2,"29149,05065",301304.30328156735,296842.71681120025
48255,2021,10,1,48013,612376.8112529592,421892.3580164802
48383,2022,6,1,48431,290829.77848911704,390851.9548821102
47041,2022,8,1,47159,562924.6186679403,510639.137740473
48131,2022,3,1,48247,240221.36990666177,228016.88874979477
17169,2024,5,1,17017,337199.7012511528,171693.14017443848
28085,2021,1,2,"28147,28005",254672.0598984818,254356.4698939214
54099,2020,6,1,21159,173313.01244979014,143286.98544181493
13099,2021,2,1,13037,222638.84404923845,218050.08912969287
51013,2022,8,1,51610,1323864.0781245185,1606534.6314029917
26123,2023,8,1,26105,354032.20723195747,412440.6062637074
49035,2020,7,1,49029,579585.966980001,770954.0846461427
51035,2021,8,1,51640,274842.3159292253,210383.97894086444
19023,2020,6,1,19067,252241.8683345347,234549.03479059148
55067,2020,5,1,55078,238318.7877906504,305844.72527957085
29223,2022,3,1,29093,225572.328507668,255014.20311839212
22029,2021,4,3,"22077,22125,22107",224222.2881650451,393419.80750790314
13069,2021,10,1,13005,269565.74049235904,250777.3423534635
45071,2021,7,2,"45087,45059",419933.12168654817,265547.2878840161
51683,2021,5,1,51685,534275.0410221257,480217.4885648107
13217,2025,6,1,13159,394599.98918913613,508146.90413402766
54099,2023,7,1,54059,205312.38340454223,154305.71137326423
47163,2023,8,1,51520,394388.3202581527,245936.3465848723
31117,2023,4,1,31091,,278627.11199051474
29183,2021,3,1,17083,413377.1888726658,293564.5246555913
27059,2023,8,1,27095,445277.45740568714,415371.9961627552
37115,2021,3,3,"47171,37087,37199",496517.4431167157,368087.2982214202
27007,2021,7,2,"27135,27029",330343.83523555077,345886.7061839942
47167,2022,5,1,47097,364928.7225387253,244200.6719009289
17077,2024,9,3,"17199,17145,29157",197784.18596898412,265830.45973332954
22095,2021,7,2,"22093,22057",310350.38007285434,317745.65945568006
20057,2024,6,2,"20097,20083",298925.8134359031,317173.40438781877
21035,2020,7,1,21221,264313.45054154255,223674.2053447368
42123,2025,6,2,"42039,42049",223356.4523044019,292428.57047632127
13211,2025,6,3,"13237,13219,13159",715807.6362244631,705283.1066746603
51069,2024,4,1,51840,572416.5204944569,504177.9184195814
36087,2024,5,1,34031,960626.985971536,700406.4507309893
48255,2023,3,1,48175,539308.5985559953,527434.3837515108
30003,2020,7,1,56033,272479.1289320866,521200.8034540853
16049,2023,5,5,"16035,16003,41063,16069,16061",534694.6976394054,607449.6247029554
05057,2025,4,1,05109,230799.2141471143,332073.40312478883
16019,2020,4,2,"16029,16065",391499.7573443993,369093.23426344723
41035,2023,4,5,"41019,06049,41039,41037,41029",441746.7872343488,475587.3459094805
19131,2023,3,1,19195,372618.55743259465,278799.08959115925
08101,2023,5,1,08043,422714.0310408207,488901.12279973173
27091,2021,9,2,"27063,27165",401132.1317025705,307986.87951560726
01029,2023,8,1,13045,339937.2585446913,406097.3575120251
18153,2024,4,1,17033,245261.16965105504,221164.82674286372
06063,2022,6,1,06091,679878.167425638,602727.5133785624
48227,2022,6,2,"48115,48431",291726.35750852997,304754.6559345955
21043,2025,5,2,"21205,21063",273280.84255707666,295715.02115768084
48335,2023,9,1,48431,230471.35014308032,355770.9985862497
01033,2021,9,1,28141,276020.411153063,293448.36759622744
13189,2022,7,2,"13301,13317",320418.4886890049,312040.2187692794
40093,2021,8,1,40003,321001.61101255816,264323.2855136204
31023,2025,4,2,"31185,31143",507066.4101667754,438560.64166241186
24025,2025,6,1,24029,601820.8529116781,742403.2915518595
32005,2023,9,2,"32019,06003",1252961.171108979,666064.5168715778
16019,2023,5,1,56039,544779.0236594746,5247692.363531029
21015,2024,9,1,21081,469327.9420388558,406842.7301332873
17011,2023,5,1,17175,205292.8203142522,312997.8503914431
13095,2021,4,1,13037,171341.8872166565,223718.00740528284
22009,2024,11,2,"22029,22025",208376.1412072727,225499.0101062794
47163,2020,7,1,51520,275588.3755945238,168655.77838280727
54047,2023,7,2,"54109,54059",109190.02023469744,143290.99584733712
46023,2020,6,1,31107,385746.9777751986,364817.1171858948
54107,2024,6,1,54073,267685.6372945882,255071.05580984408
48061,2024,9,1,48489,327114.9792833782,482171.6726839398
48239,2020,5,3,"48285,48321,48481",374830.88525127457,423097.79043999483
21171,2022,1,2,"47027,47111",234370.9885086417,365527.7116395855
40023,2022,11,1,40005,281463.8845630405,350221.79058915545
08043,2022,7,1,08093,506601.2127045216,805937.052282215
46085,2022,8,2,"46023,46015",,517385.8506420983
12029,2025,6,3,"12075,12041,12067",343037.55229854054,451686.60784713505
01013,2022,2,2,"01039,01131",247556.03775697108,283282.5114167194
25005,2020,11,2,"25007,44001",522745.3536634192,1338442.058333608
16087,2023,8,2,"16045,16003",647426.983098973,799056.6925698335
16007,2022,7,2,"49033,56023",759269.1398569895,949369.8874197555
21109,2022,8,1,21189,213247.63110058955,248455.7765814955
40151,2020,8,1,20033,219400.390139996,161031.65177659944
22021,2022,11,3,"22083,22041,22025",262132.2699142477,256617.70077805416
17131,2021,8,1,17071,296975.8400358997,220101.66292610145
18077,2025,6,2,"18143,21223",349043.2463676713,333015.0667943546
39029,2024,3,1,39151,262699.99424718035,313362.4928882091
13285,2023,2,2,"13145,13199",334751.1101600251,407055.41468258074
13057,2021,8,1,13117,534825.074998512,660818.2698765324
13257,2023,6,1,13011,377189.35816804646,489907.9392405154
55021,2022,11,1,55047,468217.5697341279,550992.156931581
27137,2020,8,1,27071,292753.495557466,233467.20818820773
06073,2021,8,1,06025,1255737.2785716236,394644.5680488064
26011,2022,9,1,26069,260866.2979948621,253150.1027802995
56043,2023,9,2,"56029,56017",400575.9758109629,521992.8021446359
55127,2024,3,1,55101,702111.899149334,435235.4255649373
48451,2020,6,1,48095,290605.18192624784,272299.2713028891
13135,2024,7,1,13013,580489.5949746051,447534.40068108105
53069,2025,2,5,"41009,41007,53015,53049,53041",534989.884736958,622316.3603005328
19007,2021,8,1,29197,207936.8878175239,291798.3483561683
31057,2024,6,1,31085,589091.2784363668,647783.5086884011
12081,2021,9,1,12027,632923.1533203293,371869.6015842113
17025,2021,7,1,17079,187691.33448880425,256567.51692330747
48493,2021,12,1,48013,574279.2789737895,432087.3991804155
22105,2023,4,2,"22091,28113",336366.6778440264,279224.7048439783
51710,2021,8,1,51131,378448.2190110022,514288.2869025983
17175,2025,4,1,17123,299985.1304060339,207912.86022733556
27137,2023,9,1,27061,379388.5969413072,381093.90753036016
48271,2020,4,1,48507,203048.10265550017,153852.3075899163
38093,2023,4,2,"38003,38039",338829.8551071738,303869.9809328805
51081,2022,7,1,51595,240602.32702586456,201859.4118633465
55129,2023,6,2,"55005,55107",488012.39492790465,372879.06670055434
31021,2024,7,2,"31173,31039",376025.77009655425,465506.7621104276
05147,2022,6,2,"05123,05037",193994.1955293601,223880.71078332147
54085,2025,6,1,54073,231063.6533269169,261733.4541457361
30031,2021,8,2,"30043,30059",1154938.292596012,560725.6027799926
48469,2022,9,1,48057,346281.5893405217,379617.79010216106
24003,2025,6,2,"24029,24035",787673.8195601144,781275.5998366289
37167,2021,5,2,"37007,37179",363444.4581852718,412510.34367787454
05133,2025,4,1,05113,281102.0927907518,324283.52360980754
48499,2025,4,1,48379,480651.69344448374,508523.4034408643
48037,2022,8,1,05081,336696.2423453964,245852.24672322525
35039,2022,6,1,35028,509980.9460043733,691653.2112529128
26035,2024,6,1,26143,232834.6795305408,331292.8206254332
30067,2021,6,2,"56029,30059",968966.2871024286,522290.963411256
12055,2025,5,4,"12049,12105,12015,12093",360420.2150808919,455158.0896803844
17019,2023,4,1,17147,331413.76787594246,341263.02173749194
25005,2022,4,3,"25007,25001,44005",637388.4369637211,1744385.0121295445
48445,2022,5,1,48115,262796.36084514257,218314.69744193065
28013,2025,5,1,28043,224617.00995424137,255972.95838855373
06019,2023,12,2,"06047,06039",570269.4596886603,551544.118471463
47115,2023,6,2,"47061,13083",487504.7541160782,378777.1087468538
18013,2021,12,1,18109,479635.0999469229,375898.9997717296
21083,2025,1,1,21039,291892.39772552537,279513.7382485324
17119,2020,8,1,17083,250616.2748443395,261131.7848188934
22005,2020,12,3,"22093,22007,22047",344811.08175166446,275878.44033316994
54069,2022,5,1,54009,267211.19732264424,207991.2119833023
26055,2022,6,2,"26019,26079",621545.012989563,507981.48922776093
55105,2020,5,1,55055,280071.76287967485,365171.79482754186
38055,2024,8,2,"38065,38083",360319.249110968,340278.5482989636
37111,2020,10,1,37121,347026.05911719153,293058.1875467945
05053,2023,4,1,05039,299536.93935155455,230553.43004909097
48103,2024,5,1,48475,286079.0031041049,296780.5410795806
47027,2023,12,1,47137,342837.4816253221,387002.52352958574
17033,2025,5,1,17159,224816.2415143825,215925.83906872405
20021,2021,6,1,40035,199558.37896520153,329600.6847548176
45057,2025,6,1,45023,635523.3388822662,348933.16326303635
48285,2024,2,3,"48123,48089,48239",659217.8808543385,544198.5098901949
48151,2022,5,1,48433,256806.8157843476,308572.55645021447
28039,2023,4,2,"28041,28111",275403.2056753507,238931.63344282866
29199,2020,5,1,29103,229409.7172742531,216816.56586062445
16015,2023,8,1,16045,745504.2638459057,747699.4130238368
42121,2023,4,1,42039,222472.59540361885,271827.42516396224
48005,2024,12,1,48455,346010.4548870179,355716.0975391331
18099,2025,6,1,18131,394405.5177455743,286843.9467205089
23029,2024,10,1,23009,335574.2873077037,786801.1918695882
39107,2023,7,1,39161,396522.1277103308,251743.3139533007
45073,2022,4,3,"13147,13137,37099",585365.8586386783,725491.5340598556
34025,2022,7,1,34021,1058403.270659849,678748.9753569561
18027,2021,7,1,18055,338408.1563044643,253270.17059663587
46013,2023,7,2,"38081,46045",361258.19818502927,445089.6815379695
42085,2023,4,3,"42039,39155,39099",311838.59012426157,254360.79090855623
39147,2021,5,2,"39077,39143",225929.52831297813,228176.1375314478
54055,2021,2,1,51021,179229.1317692212,294283.89855995047
38049,2023,8,1,38083,323011.56752960914,357447.49459940847
56035,2022,5,1,56023,651943.021961579,819088.8687380418
22009,2023,3,2,"22077,22025",249641.74291081727,307468.84571539226
21159,2021,7,1,21115,176311.28174665454,218374.5214310779
18027,2024,8,1,18125,382270.2194827759,266336.5923663881
32031,2024,7,1,32029,910677.1376599552,724422.9418945863
20007,2020,8,1,20033,157135.92528535865,161031.65177659944
46107,2023,7,1,46045,523637.27020974905,497841.263873242
27051,2021,7,2,"27041,27149",393712.23863443127,434428.8488955154
29165,2020,8,1,20005,447163.92459940695,237573.75429382108
48135,2021,5,1,48461,327440.3941992966,242174.3639657496
12055,2022,4,2,"12043,12027",328585.6641369327,428265.2285428628
13099,2021,6,1,13037,231470.1623203887,230910.41951287593
41057,2022,2,1,41071,802036.9806316103,736888.9773925837
23005,2023,5,1,23023,821297.9152029911,595504.6735610155
37139,2025,6,1,37143,375784.5377835238,446140.0791184374
28021,2022,7,1,28063,283856.61824931594,317283.0861866901
18083,2021,8,1,18055,221349.51899372324,256273.3205735284
47093,2025,4,1,47173,604919.0950389042,473940.5241384624
06045,2023,3,1,06097,830777.4550048341,1238032.2616206466
01127,2022,6,2,"01057,01133",254127.87087151653,397803.40348781063
22099,2025,6,1,22007,277525.72018616303,266874.3737312634
21127,2023,8,1,21063,273656.23483986873,283028.8932710808
48139,2022,4,1,48217,533235.1619265157,439858.8350708485
17123,2023,5,1,17175,204569.62654626655,312997.8503914431
22099,2020,12,3,"22077,22007,22047",266797.9301871205,286260.59973571845
48373,2025,6,2,"48455,48407",372374.5843384669,405330.34758999664
47157,2021,1,1,05035,332813.61570534616,226270.49413061776
40053,2021,7,1,40003,303068.1648774567,264472.12363483454
38015,2023,5,2,"38029,38083",487981.21076101303,328907.8424309456
37115,2021,7,4,"37021,37087,47171,37199",534790.6261675605,453966.11025384977
17069,2020,7,1,21055,180307.14210592373,213401.55803248708
47167,2022,9,3,"05035,47075,47097",373021.1234456441,274757.15026610316
05009,2021,4,1,05101,269987.285475432,301758.0761784097
22103,2025,6,1,22095,457998.68841574265,264419.1014066726
28103,2021,10,1,01107,245416.31548336396,258739.1205122144
47145,2021,5,1,47105,386790.30582144647,564309.472849601
19119,2020,10,2,"19143,19141",323525.4539510854,238878.8501635101
05081,2023,10,1,05061,258944.89190894808,280078.34925000934
13091,2021,3,2,"13309,13023",240452.16099516395,239860.83752529067
39093,2022,5,1,39005,369844.52659279667,325365.9577176702
08101,2020,8,1,08025,319860.7929045045,221001.98146857825
48017,2025,6,1,35009,280417.5010268616,260471.56407893143
21185,2023,1,1,21223,638912.6374407514,345668.2603059118
26041,2021,5,1,26089,234624.0812274463,941473.2923304096
51069,2024,8,1,51840,578959.6368591449,510540.9054450059
13033,2023,6,2,"13107,13163",316377.9114782801,246491.84082624002
01039,2025,6,2,"01035,01013",282353.24224658933,242572.23741926067
30101,2021,7,1,30073,295418.6564165938,366570.1083688627
21141,2024,8,1,21219,346894.8410957128,424269.527712082
06001,2021,11,3,"06085,06075,06013",1670101.014017322,2095575.7604500905
39055,2024,4,2,"39085,39007",539957.2304196573,306786.4790509426
55029,2020,9,1,26089,496136.3687118627,804000.963102092
01017,2023,6,1,13145,253432.25770288325,488237.6134074099
16019,2020,8,2,"16029,16065",404364.1518246993,382483.1666116331
30001,2021,9,1,30023,577810.8220338804,350337.02920882875
49033,2021,7,2,"16007,16041",788439.3578687705,590666.7260041193
08101,2023,9,1,08043,422930.9362538772,490858.3797295576
19131,2023,7,2,"19067,19195",382096.07433767914,290698.94110287586
47019,2020,4,1,37121,245241.4384560408,277502.3688300924
17143,2023,7,1,17175,258252.8590991789,320214.73071524495
28133,2021,6,2,"28135,28027",213074.53343474856,214764.64406745852
20091,2023,2,1,20209,633648.8482912764,274943.9114122463
48355,2021,9,1,48273,365427.2352065467,244742.4739955341
22011,2021,9,1,22003,346927.72305418743,224995.35590475544
29021,2025,6,2,"20043,29063",307307.1359107283,365593.2626151205
38103,2023,6,2,"38027,38083",305252.3991486127,301365.82757974113
18071,2025,6,1,18143,339681.81578033493,297639.150667441
54049,2024,8,1,54103,259959.0568625584,198799.25420809837
13297,2022,6,3,"13219,13013,13247",513419.7469090088,538241.156533202
21127,2025,1,4,"21159,21175,21063,21115",277670.66251479246,247436.37070136098
13289,2023,4,5,"13175,13153,13169,13319,13021",224251.67869837303,301754.937232778
28095,2022,7,2,"28057,01075",272209.6765377216,274861.45730121137
31027,2022,5,3,"46027,46135,31051",485792.10048621654,427554.5793950308
29133,2024,6,1,17003,184742.5427607151,153084.50953433648
16047,2024,5,1,16083,665944.2936963731,556911.6448030815
51550,2022,7,1,51740,537860.3893083435,308549.14041033905
08091,2024,8,1,08111,1232560.018679069,897043.3108989028
18079,2025,4,1,18143,333947.20567303913,296202.55551981437
22103,2022,5,1,28045,475181.9493446439,393452.58912290586
20013,2020,5,2,"31147,20043",202296.90438936267,221437.60893272067
18119,2021,12,1,18109,299525.31399181555,375898.9997717296
21085,2024,2,1,21061,304010.9012707364,314436.64515089407
48251,2022,4,2,"48425,48217",500537.1212804765,549361.2481771756
08067,2022,6,1,08111,1035505.8774516872,864921.4895375281
08105,2024,8,3,"08021,08109,08003",564482.4194994244,420830.05683329
39089,2023,4,1,39083,456765.4328428661,402041.2842605738
37077,2021,7,1,37181,401312.8149723928,289028.1293805781
13015,2021,12,1,13233,397865.4269281272,288081.12596346374
38059,2023,4,1,38029,458898.32857465954,275117.4786982836
08041,2023,5,1,08043,660654.0072934915,488901.12279973173
04001,2024,8,5,"35006,04009,35003,35031,04011",505173.5313177355,329804.02782808593
17125,2020,4,3,"17017,17129,17169",143655.6929328349,215192.9706115068
39065,2024,5,1,39003,281308.01943155745,282447.040809001
48123,2023,3,1,48175,510821.7792888004,527434.3837515108
48323,2022,4,1,48127,270874.99233650346,262379.96469699894
17173,2020,5,1,17035,229555.432192164,227256.3112128321
55109,2023,8,1,55005,577519.2940436746,410257.5327785698
22051,2025,4,1,22095,393225.1394886234,272577.2464364185
42089,2022,5,2,"42025,42095",408265.7979027179,416487.0012769555
08071,2024,5,1,08023,441965.7438599024,346699.55546929315
19131,2020,6,1,19067,283198.99793355266,234549.03479059148
48201,2025,6,1,48071,487220.3621609127,506367.0617726281
06073,2021,12,1,06025,1305741.276137104,407886.7065121261
47031,2022,5,1,47051,445009.8228778995,585215.1751089769
50005,2020,5,1,50017,370569.346740814,445711.2746726363
26007,2021,7,1,26135,233598.11575328372,211231.08645703597
37013,2025,5,1,37187,411179.9267094957,208730.1762947716
21045,2021,2,1,21001,194560.2582270915,214902.11972497823
19029,2023,4,1,19165,265180.8522793026,318115.4310076215
17101,2024,4,1,17033,183778.1641676079,221164.82674286372
19007,2021,12,2,"19185,29197",210011.60372403884,284529.7229758318
18157,2024,7,2,"18181,18045",424077.3832015013,328672.34985669586
53039,2024,7,6,"41027,53059,53077,53005,41065,41049",759044.9591982416,666405.3964729821
48323,2025,5,1,48507,306997.69390954584,166814.5914280916
48413,2022,3,2,"48267,48435",760497.6609295621,604523.6186391987
06053,2024,2,1,06079,1663132.0780894451,1326390.0425493177
22105,2023,8,1,28005,330176.29701836366,283613.57627992897
06095,2021,10,2,"06055,06013",737306.803557716,1545843.3641051874
27001,2025,5,1,27065,436731.6601909704,371447.3485603317
35049,2022,8,1,35028,1018883.3151914114,691007.5249973912
51045,2025,6,1,54063,399024.1683968588,306395.96525252645
21047,2024,8,2,"21219,21033",304553.8746156736,357068.1034682061
01107,2023,8,2,"28103,28087",265138.6624549766,251433.37902611538
29125,2025,5,2,"29151,29073",410347.5906026866,446126.46677259204
50023,2021,6,1,50015,534571.1368576653,947787.3520733658
47023,2025,5,1,47069,307840.0991638173,289006.1519261157
46059,2022,4,1,46005,621624.8988431751,384001.7989359941
28033,2022,5,1,28137,403259.8513012651,328407.29154379666
48185,2024,2,4,"48473,48477,48339,48313",729440.8285612316,664382.9332820247
27141,2023,8,3,"27009,27145,27095",478797.3246336069,431058.4748281551
48127,2024,2,1,48323,252329.13639091983,286160.7456932525
21095,2020,7,1,51195,100170.53555940522,164672.94273641994
25005,2022,8,3,"25007,25001,44005",658598.0164256381,1830715.3671213037
48271,2023,9,1,48323,241413.82737645015,281827.83623777825
38035,2024,8,1,38099,396920.2433353166,242381.0694741114
48223,2020,8,1,48119,402871.3536607975,289823.66118054517
54069,2022,9,1,54009,268681.20701802144,207419.9223299884
06071,2024,5,1,06037,778178.5054144259,1515017.4437909375
29099,2023,4,2,"29186,29221",369799.5411595444,326803.70310263115
08085,2021,9,2,"08029,08091",583395.4371165362,807379.6405245445
06029,2024,12,2,"06031,06037",490176.4554312624,1013022.2882261744
06001,2020,3,1,06099,1340870.2183066364,451434.71538801334
13069,2025,5,1,13271,311861.7161672777,231367.7857158727
38105,2023,6,1,30091,458747.9416554123,334238.94706458104
23009,2020,8,1,23029,522766.231081969,231599.30269402193
39029,2021,6,1,39099,225953.8296223389,228356.93603403543
37031,2022,1,1,37095,699273.2115468136,499190.60480892967
17107,2020,7,1,17129,199540.8034428277,250133.38271974077
16027,2020,5,2,"16045,16075",408895.8149105082,429359.7696165484
47047,2021,4,1,28009,509109.43396856263,238669.47359481544
41005,2022,4,3,"41065,41027,41071",919044.3253331376,799879.8319852282
45073,2022,8,2,"13147,13137",618887.1781141078,529764.004603953
48149,2024,5,1,48477,1053844.2515145624,891644.2519694407
01125,2022,4,1,01107,369337.5152597401,265435.2012773424
41013,2024,7,2,"41031,41069",842722.3172077038,783104.5508103715
06095,2023,3,4,"06055,06041,06097,06013",736873.0359143162,1712681.3544349754
48105,2022,10,2,"48435,48103",332798.80624262517,287475.4746644357
54055,2021,6,1,51021,188161.58003120663,307846.83413941483
20059,2024,7,1,20107,398618.29355399887,352035.1339024071
08055,2024,9,4,"08027,08109,08003,08023",508021.266681351,484496.34377933806
20117,2020,7,2,"31067,31133",230282.06179176015,337389.48766278545
55115,2020,7,1,55078,279188.48095555056,311048.9630433105
22009,2023,7,1,22025,229324.4821623027,236302.89477487025
21211,2020,7,1,21005,400226.5519456526,259295.0918289637
39069,2020,10,1,39171,240519.09462050092,205972.52097864708
39019,2023,7,1,39151,319799.79748637415,306311.4657477057
51121,2023,7,2,"51045,51750",501490.5171201485,355044.4795490467
13245,2025,6,1,13163,286791.4340930016,268337.1462647481
13181,2023,8,1,13317,418927.64437958045,339640.83056772436
37061,2025,4,1,37141,314387.2636867179,723467.9075721469
56023,2020,6,2,"49033,16029",482737.1826094016,475069.91201897024
48029,2021,9,1,48013,384091.99571095227,419265.19703035365
21107,2021,1,1,21233,219005.46731708673,202908.49943312947
28113,2022,7,1,22117,227088.4958529327,280978.61162731587
06041,2021,1,1,06013,2232539.1729311575,1249900.4045592772
23013,2021,6,1,23015,593029.842426967,614668.0485783947
18107,2025,5,1,18023,338411.435073795,345039.3584070988
20005,2020,4,1,20043,234000.5918530842,214020.864818369
27061,2020,7,1,27071,281604.6086470602,232359.0384070693
40053,2021,11,1,40003,297556.6311703192,263448.4598085787
29161,2021,8,1,29073,314033.5368429228,367429.8957080368
31119,2023,9,2,"31139,31003",377437.6098511359,565246.644615592
16001,2020,5,1,16045,527196.5215598725,473866.93537514826
13031,2023,6,1,13107,377205.22792101646,239119.54091842627
48039,2022,5,1,48321,473929.1294609218,353061.9794176528
06023,2025,1,1,06093,612769.185830979,447003.45210082346
17165,2024,3,3,"17199,17151,17069",180000.03559421725,251259.94301211683
56027,2022,6,1,56009,455704.66752829426,444427.282465291
48215,2024,8,2,"48489,48047",290698.39173036045,332666.54307129676
40045,2022,9,1,40043,286059.03354667703,329514.43182944995
12091,2022,6,1,01039,661384.7827317131,282848.6498968366
28087,2021,9,1,01107,257473.302063735,258468.1602705094
20105,2022,6,1,20123,312359.0957923752,276097.85391618655
39109,2024,5,1,39021,402178.6450488297,354411.3549152248
29025,2024,10,1,29061,462527.7702836609,525388.5511348201
20007,2022,5,1,40003,190659.5183167248,300250.7332346066
28119,2023,9,4,"28135,28143,28107,28027",162203.67996591236,236811.70936756133
31145,2024,11,1,31065,301601.940269608,344535.27369492146
22073,2022,7,2,"22083,22067",308878.38258045004,266731.3070969747
48103,2021,6,1,48461,257029.86954290303,245408.26576728385
48159,2020,5,1,48119,492546.8165089611,288086.3432820087
06083,2024,9,2,"06079,06111",2225638.4077725457,1321980.2646084698
47103,2022,2,1,47051,446835.2266557614,559180.0377619765
17117,2020,6,1,17083,217865.56603415837,264867.2660914051
13179,2024,3,1,13029,308282.1624042222,548651.3652460733
28047,2022,5,1,28045,348053.38553541194,393452.58912290586
20091,2023,6,2,"29037,20209",652730.1271443474,377861.1257235926
13239,2025,2,2,"13061,13259",271779.46173588414,297234.713050837
19093,2020,8,1,19133,224006.0984567035,203345.09914814137
28003,2023,9,1,28117,276854.47420094075,227495.53418880815
17023,2020,1,1,17079,197889.8801134571,210641.07153568615
32013,2022,6,2,"32027,32031",466871.50178259634,688262.7261668565
18097,2022,3,1,18109,323844.3948321869,395905.16654450266
16075,2022,6,2,"16045,16087",672144.2327818432,778727.2665067245
01001,2025,4,1,01085,385584.803990235,286748.6697776874
06089,2024,2,1,06049,519821.2900312569,353668.81002467807
51117,2022,7,1,37185,366043.63558485993,582096.2636224511
13261,2021,8,1,13197,219712.54246330843,316262.61971150775
21027,2025,5,1,18123,317106.8837211183,291174.7211236639
17167,2024,5,1,17017,307536.1753481415,171693.14017443848
41051,2022,1,2,"53059,41027",757397.8778359158,871776.0858866973
01093,2021,12,1,28057,260018.53634687825,246156.4378744903
46085,2021,7,1,46023,,439265.03630299866
13169,2025,4,2,"13237,13319",353211.00499554427,534530.6873466454
19109,2024,7,2,"19151,27091",318549.3926750819,353220.5672733321
06055,2021,1,1,06033,1483743.7214555398,458603.6335715982
34005,2022,2,1,34021,486999.06290494464,634174.6964136317
48399,2022,5,1,48081,307071.2495425029,357374.86339086265
53015,2022,3,2,"53059,53041",571249.3364363261,695803.0260709423
48263,2022,6,1,48433,442848.41556177585,306339.7242616087
18135,2020,3,1,18075,180073.86359360185,211637.5079091366
12021,2025,6,1,12087,1382707.7366992105,2000821.7993668916
45041,2020,5,1,45089,235994.48667211496,234767.1983224068
06099,2024,2,3,"06047,06109,06009",598717.6380481581,579431.811565085
48015,2023,4,1,48481,929104.0541784331,504250.1355875689
48137,2020,4,1,48435,564245.485327073,235256.4119716134
47083,2024,4,1,47085,375560.3862820719,395597.79499968543
28161,2021,4,1,28135,262815.3014673361,246106.823985966
06065,2022,6,2,"04012,06025",850836.1179432449,501985.5659714121
45001,2021,10,1,45047,314025.2362755769,258089.90929527197
17125,2020,8,1,17169,149727.5734692658,256692.44222037192
06077,2022,4,2,"06001,06013",823713.0676562622,1767139.5716127949
48469,2023,1,2,"48175,48391",343955.3028075948,403519.0803964344
39023,2024,5,1,39021,295413.88385075313,354411.3549152248
29179,2025,4,1,29223,322808.8946390259,230776.2696984512
20099,2025,6,1,20133,229664.22789571132,239431.54955270523
47031,2022,9,3,"47061,47127,47051",448631.21146958513,514842.15168218553
31173,2021,12,3,"19193,31051,31043",358634.65354556375,315333.30869590864
26103,2020,6,1,26083,245404.09132146335,260201.7853065944
08013,2020,7,1,08047,970066.8437481868,572469.6086176626
37171,2025,4,1,37005,377605.6780300482,472741.38059047615
18013,2022,4,1,18109,515006.26431678026,404254.8118047864
48295,2024,6,1,40045,238255.45115445252,257027.70299833975
30019,2023,6,1,30091,324777.5532642864,334238.94706458104
26081,2025,5,1,26117,511649.3999775307,323260.3236594228
48219,2020,3,1,48017,239371.4923700986,212394.424942627
19009,2023,7,1,19165,286788.8959144614,323851.0365582418
39159,2021,4,1,39021,530546.5109909307,292476.852333447
04019,2022,10,2,"04023,04027",545015.7145990646,419535.6964020585
17161,2025,4,2,"19115,19045",241247.01540543785,308914.4913343764
31037,2024,8,2,"31167,31039",417826.3234438891,521017.72633872693
29183,2020,3,2,"17013,17083",375830.5864418252,286686.9472196766
26041,2023,7,1,55029,267501.36215477117,699197.7188036611
48373,2024,2,2,"48455,48407",366671.9062919598,402374.37864878797
51069,2020,3,1,51840,421800.6646661034,366550.9369751979
06113,2023,3,1,06055,896805.316655666,1646996.693049085
21225,2022,8,1,17069,236544.3305115938,223149.45679610537
12083,2025,1,1,12075,420155.97778252215,492509.35017657705
48021,2022,4,1,48149,658591.958794955,1141958.4295996584
29001,2023,8,1,29211,317502.13748166774,230817.3736235948
41065,2020,6,1,41027,450401.8841193391,746643.5317376038
53071,2021,6,2,"53021,53005",530241.9399071885,519029.71369988506
27119,2024,7,3,"27029,27125,27087",379011.05092024925,369806.10860130115
37029,2024,7,1,37177,476281.2236113131,313384.8566337914
16031,2024,8,1,16071,519436.3388583893,540762.6777359098
51027,2025,3,1,21195,156951.3637960943,202886.34775644643
48049,2022,4,2,"48333,48093",409703.78103093273,744205.5287946189
41017,2022,7,2,"41013,41037",1210463.2208456765,605000.0054472443
17135,2023,2,2,"17173,17051",237409.5684552249,285085.3595192041
41059,2022,7,2,"53005,41049",444741.3857596246,550655.0345613998
20125,2021,9,1,40147,182781.3422315739,250585.3330118273
40125,2022,7,1,40133,284055.66549236816,236780.38114915788
12021,2022,5,1,12051,1451848.0230982574,379453.2624337305
48095,2022,5,1,48327,339484.72647926764,703284.8721598705
39173,2021,5,2,"39137,39143",301463.36297128577,259187.13433263003
31135,2025,5,1,08115,507826.34688467794,315022.4578946308
29103,2025,6,2,"29199,29111",332971.9289574816,325576.7054788411
22111,2021,9,2,"22027,22067",251359.38369173475,217190.81130320427
08037,2023,6,2,"08045,08117",2885767.806438131,1515497.3669158628
29123,2025,4,3,"29157,29223,29017",291477.9951722561,303590.3537895098
48485,2021,4,1,40033,219800.40600356928,204838.3803517328
48231,2024,6,1,48379,478494.1939389229,513650.2937505164
47113,2020,3,1,47069,263157.9001715665,203932.67733837463
12023,2024,7,2,"13065,12041",429629.0258362054,356888.93963499164
37069,2022,5,1,37185,499301.9996794889,569785.706651179
27015,2022,9,2,"27103,27033",387765.2327199315,372496.0753927337
22041,2022,5,2,"22083,22025",226644.5489573904,280810.0015340029
01103,2021,10,1,01043,348073.57179086463,391843.45119273075
21099,2023,12,1,21061,317607.364174465,313489.95717951754
19165,2022,7,1,19027,327253.13225042843,320370.76019981946
51159,2022,11,1,51119,367356.72311894334,593243.7811974868
31175,2020,6,1,31077,382597.6124898924,564914.0166775294
19111,2024,7,1,19087,241779.8095346928,319056.0784113577
18169,2025,5,1,18103,308603.12948810146,262997.84610160324
36013,2025,6,1,42049,302794.1514534914,341510.1509640007
51199,2022,10,1,51735,566146.0288775004,583270.5176461204
16029,2022,7,1,56023,550683.6229330484,837417.261519833
13117,2023,4,3,"13139,13135,13121",810040.2937589687,651844.9579340921
48479,2021,5,2,"48283,48247",290948.8586867617,309278.4629874706
51059,2020,4,2,"51610,51600",892658.1611978336,1046359.6551769588
51131,2024,7,1,51735,598800.2211417552,619873.6813688661
31121,2020,6,1,31141,300167.05632380565,317694.364116837
55075,2024,6,1,55037,294011.1017357801,331795.96799549967
33009,2021,7,1,50009,536427.8625304312,391075.3242542795
21145,2021,3,1,21039,246001.08411669507,212711.5159391174
31031,2023,9,1,31091,426515.08089983027,277025.206093996
51191,2020,7,1,51520,278186.8454936812,168655.77838280727
45019,2022,4,1,45043,1036173.3287125928,686482.2604661374
40121,2021,5,1,40029,247117.79288237516,246547.64355890465
42073,2023,3,1,39099,254244.82513233856,259501.1551446026
08059,2024,6,2,"08019,08047",924742.8253127582,838633.3317902866
13103,2024,5,2,"45049,13029",449772.71500823624,429740.6010303581
05095,2022,3,2,"05077,05123",229761.9069869912,216944.84649386347
16031,2021,7,1,16053,450685.87699201354,507873.1100322695
55061,2020,5,1,26019,310581.7599661509,445625.6369434598
48467,2021,1,1,48379,391501.0371277057,415533.2325317543
19053,2024,6,1,29129,303238.6168789501,342952.27402280335
06085,2024,3,1,06047,2702277.2823652164,549858.9813983698
21103,2020,5,1,21223,283719.8992415053,267877.33834652894
51683,2020,8,1,51685,464367.6300880047,429540.0377274805
27005,2023,5,1,27159,568888.9514654385,352212.9664214209
06071,2021,8,1,04012,667408.8306449304,479896.34832757903
39119,2023,4,1,39115,293832.47351092024,255016.63011453845
13193,2022,6,1,13249,258205.3205518704,310132.17436628026
13243,2022,11,3,"13037,13307,13259",239172.64274241216,287876.8207251167
28077,2021,5,1,28147,236273.63488798612,238897.24497331263
31143,2020,7,2,"31023,31159",381461.6276297152,394587.1811352561
13061,2022,6,1,13037,350047.77466380474,251200.80659121092
13037,2024,6,1,13061,251315.09448550985,352769.658071185
26009,2024,7,2,"26029,26089",782503.16043695,996151.2529806548
54039,2024,2,1,54067,240964.26401768415,235506.54666400995
48391,2022,9,2,"48025,48057",299174.8160099296,363434.54024884483
37133,2022,3,1,37141,354889.1337635521,658598.2784195021
46003,2021,4,2,"46035,46023",,374781.8969624274
51093,2023,6,2,"51095,51620",520231.0250141343,476237.9217002484
48201,2024,2,2,"48473,48339",488050.91050692246,607809.2516969864
28093,2021,3,1,28009,280862.1519428757,238157.47407961983
46009,2020,4,1,31107,196708.10481257612,359682.33820051124
05147,2024,12,1,05067,184736.31480589844,178437.05843125912
48219,2023,10,2,"48501,48017",279824.33694981545,282804.1629942468
17003,2021,3,1,17181,174533.141334695,256596.62770956077
19039,2021,12,1,19185,287296.34877673,261882.45043380893
25023,2024,8,1,25025,925834.0989955846,1280421.5485667393
37133,2025,4,1,37141,409843.3303182243,723467.9075721469
05017,2022,7,1,22067,256961.59284774735,215837.86567465903
05075,2025,6,2,"05067,05121",222554.5195298408,215902.85292730786
28075,2025,6,4,"28023,28069,01023,28061",249343.23685082688,228286.98189354784
13181,2022,4,1,13317,420230.0789420245,328698.6413855932
31089,2022,8,1,31149,390194.7771917914,371148.1833614757
28109,2022,5,2,"28091,28045",287062.58722015866,324262.9971564757
48187,2022,3,1,48177,448119.71907967125,735395.2750843434
22125,2025,6,1,22029,603598.2497450925,230758.3661671946
18049,2023,2,2,"18131,18103",317697.40497472807,239849.87155361456
37029,2021,4,1,37073,382353.8006293581,324313.1533587145
48249,2021,6,1,48047,280016.5604356769,203042.33036712385
31127,2022,4,1,31147,309630.8941648623,301057.4600863658
49047,2024,8,1,49009,475372.00845685205,489747.5619919502
47061,2022,4,1,47051,366380.51070655737,579129.2952793912
13177,2024,4,1,13261,369902.7879378644,264059.4168384825
06073,2023,12,1,06059,1534589.439092235,1742657.5136513084
48001,2024,6,2,"48289,48161",417374.40046814,544846.1926833722
19139,2023,5,1,19115,314333.1006449757,268949.2962153131
05013,2024,3,1,05011,234351.00298918065,226609.99527532267
22073,2022,11,2,"22083,22067",307936.5945639925,259430.18303432106
13077,2025,6,1,13149,570590.1758139849,441599.97861916706
48499,2024,4,1,48379,477606.448840057,511023.5589228056
35009,2020,3,2,"48369,48017",211434.22965761495,225398.95632963927
40047,2022,4,3,"40093,40003,40053",249813.42151198455,324015.26551042806
48427,2020,6,2,"48247,48047",221631.6109688183,199067.88232522405
31179,2023,9,2,"31173,31139",460910.6142227224,467954.4845128057
38035,2023,4,1,38063,386325.8840589668,301593.270710359
54001,2024,5,1,54093,221506.3616569719,396453.4368578607
19193,2024,8,2,"31173,19093",322730.4305416389,336536.1923786389
38055,2023,8,1,38083,350099.5723818604,357447.49459940847
30053,2022,6,1,16021,682790.2002549972,782270.2815909825
21195,2020,3,1,21159,166243.718638954,140336.6057093565
46025,2022,8,2,"46077,46005",549225.1770408987,432664.8462716815
35015,2023,6,1,35005,358025.3465008377,282654.42642376816
40029,2023,8,1,40005,282783.70586920716,364711.02910247975
21041,2025,6,2,"21223,21103",327380.0416131353,382757.85531040863
27037,2021,3,1,27163,473327.5795321811,537730.6863077399
29219,2025,5,1,29073,520648.0338126604,457205.1217834141
13175,2022,6,2,"13319,13309",309051.7556312235,265909.1334127875
22047,2025,4,1,22007,287689.19768833515,268858.4289220676
28149,2024,8,2,"22065,22107",268649.54570521245,291202.7022953248
26009,2021,6,3,"26137,26039,26089",610689.4533128638,501726.0895958491
13161,2023,1,3,"13279,13309,13209",247415.87926155227,283508.6528802144
21191,2021,2,1,21023,325459.2772355323,270895.58136824897
17121,2025,5,1,17081,204194.8822855693,227131.28518507956
46057,2022,8,1,46077,551180.130074933,469596.0243531926
35043,2022,6,1,35028,522793.02132867667,691653.2112529128
45073,2021,4,1,37113,497471.1119161751,593218.608633751
08017,2025,4,1,08061,370038.5004985728,388330.8145451892
49017,2022,10,1,49001,476909.2621367204,449253.76924671326
04003,2023,6,1,04023,374215.1849227995,451816.0101981152
12081,2022,5,1,12027,800144.5323171933,459923.8049798301
28091,2025,6,2,"28065,28147",238897.07127002056,217912.87786562124
39065,2023,4,2,"39101,39175",268428.0906435552,259327.49926497415
06065,2022,10,2,"04012,06025",833070.4416696811,500823.20012979093
35045,2024,8,1,35031,366407.9482969701,311709.7563191629
41039,2025,3,2,"41041,41019",635054.8013294161,608994.7136808091
18053,2025,6,1,18103,250065.12571721096,264336.59676011355
01033,2022,5,1,28141,301897.7109014922,307922.6543799267
08007,2025,6,4,"08021,08105,08079,08053",952872.7504776026,601444.9169646066
45025,2021,5,2,"37007,37179",259621.5388005549,412510.34367787454
26103,2025,4,1,26083,369573.9768444567,348060.1829856592
13235,2024,6,1,13315,310304.6743972088,253187.94413250335
19109,2023,3,1,19189,287205.48039558606,224606.63689671745
51800,2021,4,1,37073,422719.5725533962,324313.1533587145
13239,2022,5,1,13259,262220.85190345685,238497.83032888416
37111,2021,6,2,"37199,37121",405649.3910109685,398108.4725063923
48215,2020,3,1,48047,202700.48079163415,174187.52043421136
21069,2024,4,1,21201,306373.1339840367,298395.22244296764
19069,2023,6,1,19079,262435.386392601,275035.35639089835
29153,2025,5,1,05049,373653.7203380641,311670.15908789466
35003,2021,9,1,04011,377252.79981830105,346615.3758797508
28043,2024,6,1,28135,250333.3155344314,229419.88413896065
29183,2020,7,2,"17013,17083",379069.9163675877,286926.2421821767
28149,2021,7,1,22107,246409.93871400328,379870.36342465715
26137,2022,5,6,"26031,26135,26039,26119,26079,26029",347759.5045127345,403365.7092398329
22059,2022,8,1,22025,272947.8950314461,255857.10274956937
47147,2024,9,1,21219,542580.8943418888,424461.0345068259
48465,2021,9,1,48435,292439.68390892254,280175.09472907084
19001,2020,3,1,19009,216127.5529293127,213678.5445108374
48467,2024,6,1,48379,478437.1128453754,513650.2937505164
39093,2021,5,2,"39077,39103",327036.00697161956,314562.9541360275
17135,2023,6,1,17051,240198.50228303144,295896.9280004076
17113,2022,4,1,17039,337703.0967769991,225357.06739561076
49007,2025,6,1,49019,416214.5809107201,836210.8332559988
53011,2024,9,2,"53059,41009",789820.2908919834,702865.4071452213
39173,2021,9,1,39143,310730.7510122009,222035.99609781904
40127,2023,6,1,40005,285481.5054743181,363613.4066880499
13043,2023,7,2,"13107,13279",334599.4764735921,257502.68486107426
06039,2025,3,1,06109,579445.6936974161,555555.5922887563
49023,2020,7,1,32033,431613.1509009896,249750.553329186
30035,2021,7,1,30073,257822.19098363628,366570.1083688627
26043,2023,4,2,"55037,55075",274805.8999624877,307062.1540159712
26003,2025,4,3,"26083,26153,26095",302227.87191649387,284299.14469276526
38027,2024,7,1,38031,213045.52352382295,282015.7261559386
32015,2022,5,2,"32001,32027",399270.98345157417,450074.34731873195
30013,2021,8,2,"30045,30059",371058.7758341307,502405.2985744282
38063,2024,8,1,38099,234759.94001624215,242381.0694741114
49057,2020,6,2,"49033,49029",443227.5886999593,674649.6599543383
34015,2024,7,1,34001,498024.4411088493,623376.2335227898
05061,2022,7,1,05081,295965.93315005815,246184.86708122896
28145,2025,5,1,28139,290505.1363057813,239424.54197824464
38069,2024,9,2,"38095,38009",,345382.55475809786
21191,2024,9,2,"21097,21081",367346.9989968471,368638.70644055266
17087,2021,5,2,"17181,17165",273561.62364193617,204522.9624828905
56041,2020,6,1,49033,328813.739045963,583771.12611621
49041,2021,7,1,49039,387522.7775498965,470803.4637595185
01101,2025,4,1,01085,325655.4310950546,286748.6697776874
34037,2024,7,1,34031,578758.2311932662,706848.9160426515
13209,2024,8,1,13283,329031.38445771096,303658.9693596063
51059,2020,8,2,"51610,51600",897063.1345534018,1053249.0061651615
36027,2022,3,1,36079,571915.7028684769,632667.779076003
48329,2021,4,1,48461,442883.0282382446,239414.01033670225
13147,2023,7,1,13195,599710.2001808666,406387.64658318344
39167,2023,1,1,39115,273342.9684394823,256052.5332379653
12015,2022,6,3,"12051,12043,12027",614103.7782710848,430284.475927044
55061,2020,9,1,26101,320476.8078240122,303824.9341555929
55053,2023,10,1,55035,305438.074748456,462550.7061922576
48057,2024,5,4,"48007,48321,48391,48239",362486.97613408766,408372.0051072204
08081,2025,6,2,"08107,49009",434201.4066243746,1391943.561383742
06071,2021,12,1,04012,701336.7938770143,519645.3286401454
28121,2025,6,1,28129,382184.0394763843,268579.28171690233
08027,2020,5,1,08109,479499.52321803005,331839.9519498248
48163,2023,3,1,48127,359747.1465983303,256597.1134335159
22111,2023,6,1,05003,260226.18790073905,173222.47830147063
17029,2020,5,1,17035,191554.4275969048,227256.3112128321
26085,2025,4,4,"26133,26165,26101,26105",267285.17977542634,361420.6648549865
41029,2021,6,3,"41035,41033,41019",597962.0084401476,452831.19949070504
48325,2020,5,1,48507,420744.0360702144,153763.87763828805
51199,2021,6,2,"51131,51735",505695.3478678351,516914.77101510204
39037,2020,3,1,18075,240424.40543151155,211637.5079091366
26127,2025,5,1,26105,421832.33985585027,421879.6009490465
40123,2021,4,1,40029,251676.57644178343,241972.2962898557
28093,2021,7,1,28009,291471.7579156259,243479.85088908763
32017,2023,9,1,49021,388281.3694793117,547576.3403388616
26041,2020,8,1,26089,208244.9213503953,793873.5944425907
51013,2020,7,1,51610,1147017.169954232,1317304.198910429
31077,2024,4,1,31011,686615.8322505081,711282.5318605546
32031,2025,3,2,"32013,41037",933588.5932127092,413502.76486192894
20007,2021,4,1,40003,167682.33481845175,253634.9936357824
17041,2022,9,1,17147,222991.74207284392,344672.0647731656
27001,2024,5,2,"27065,27095",421088.283353596,401453.7637629261
51770,2022,8,1,51775,296624.26738282625,368277.1340996221
18049,2023,6,2,"18131,18103",326222.5846256024,250179.88437905328
41001,2020,4,1,16087,365507.29289612453,408606.23945058807
46039,2022,9,1,27081,645236.197234117,435828.48047311936
21185,2025,5,2,"21223,21103",673434.6509760763,385518.2921612088
13085,2023,4,3,"13139,13123,13187",676616.0948680573,568024.756565546
20047,2023,10,1,20083,204482.4488199758,344518.4024456952
40121,2023,2,1,40005,283318.42564205383,347634.9582933998
29223,2023,3,1,29123,227118.01691431625,260781.59703572097
32023,2025,4,3,"32033,32011,32015",450590.2806766049,361368.70793029125
08037,2020,7,1,08065,1736952.680749467,467101.3892027742
48129,2024,5,1,48191,263275.55837539193,202043.1241639688
32007,2023,8,1,49003,467532.3962758412,582384.3009236207
29053,2023,6,1,29135,433702.0001926807,384146.973215234
21195,2020,7,2,"51195,21159",168616.41118725124,154732.4093426236
29183,2022,3,1,17013,471940.16832700075,352162.12913754134
51185,2022,6,1,51167,214046.89917542684,235671.61106426377
13237,2022,6,2,"13133,13159",787681.5105667831,969249.0251933355
27059,2024,8,1,27065,451468.02707338304,381185.494997838
20137,2025,6,3,"31065,20147,31083",253338.24061127627,304270.7191322304
13007,2022,8,1,13037,375449.3375194962,253694.067152101
05059,2023,6,1,05039,278575.2471871397,229291.2863377461
27143,2024,8,1,27079,464240.0892626331,529939.9517647553
38069,2021,6,1,38083,,334564.72920343926
21165,2021,6,1,21173,215932.3596266581,268089.8857797282
48427,2023,11,1,48047,231022.4555998459,173244.79796193913
21191,2021,6,1,21097,342312.18275873456,280791.5332934898
39103,2022,8,1,39005,444932.98062776873,332768.0957975785
20157,2022,6,1,20089,308023.87859090784,301548.65116876323
29177,2025,6,1,29025,419102.03767122544,463954.20227198495
13045,2024,8,1,13143,421803.5660508363,404095.74904537434
01035,2022,1,1,01039,249370.88602263536,273177.5471716937
37043,2025,6,2,"13281,37113",555855.6260818811,709323.1009319077
04011,2020,6,2,"35003,35017",289870.6975546779,290510.3516594121
13211,2021,12,2,"13219,13133",629431.699814928,991592.6776404867
13155,2020,3,1,13017,224134.8772558627,148422.35042487297
41031,2023,5,1,41069,633961.6875849029,918205.42214686
31179,2022,5,1,31051,455788.38744347176,402384.9015309138
27091,2022,9,1,27063,454090.4824032862,381429.01531292504
12131,2022,6,1,01039,1909404.885881359,282848.6498968366
08071,2023,8,3,"35007,35059,08023",440741.64130394993,381434.6348856753
01029,2024,8,1,13143,344782.51179603324,404095.74904537434
45029,2023,1,1,45009,521932.94489361165,240992.77439556443
55025,2020,8,1,55055,486936.46181264333,369680.1718187173
26131,2020,7,1,26083,204512.89535599155,261257.25940744812
01033,2022,9,1,28141,307404.06224008393,313641.5525726024
13189,2023,7,3,"13301,13163,13317",327431.7993587887,287687.12101764587
08119,2023,5,2,"08093,08043",669630.7084659591,617942.9853893882
19197,2020,6,1,19079,182423.79134683392,208853.3278686373
45067,2020,4,1,45089,149696.28960868024,233896.45441719252
13285,2024,4,1,01017,359569.5615192296,247307.79617646895
29111,2022,4,1,29103,331623.3105871003,288472.1519158796
51067,2024,1,1,51063,695926.7051752786,374731.5186362123
21161,2023,2,1,21069,291921.5111096523,286829.28420072765
08099,2021,6,1,08011,250446.8732308303,253381.40652035523
48273,2024,5,1,48047,258740.29849944203,172319.76349380473
01099,2022,8,3,"01035,01013,01131",284142.7356049442,268492.12427288364
05019,2023,4,1,05039,255000.37495320712,230553.43004909097
54085,2023,7,1,54105,229432.77153383623,214295.2640978284
42039,2024,5,1,39007,237784.6261167373,264532.1531414586
37111,2021,10,2,"37199,37121",401208.8330844662,409723.19244344113
27053,2021,9,4,"27171,27003,27019,27141",584319.6005232217,514446.3554076787
22097,2024,7,1,22039,249289.98814856855,202458.65125777991
30081,2020,8,3,"30039,30023,16059",558771.367764214,369346.33730412973
28091,2024,2,1,28077,238653.48137665595,234596.15325416843
46085,2023,8,2,"46023,46015",,518128.2700198585
32003,2020,4,1,32017,439210.766326308,280857.9576461769
48085,2025,6,1,48231,766319.9904729198,469180.6140278909
19161,2021,7,3,"19021,19093,19035",254252.75110528828,243335.1030519812
32027,2024,10,1,32015,380458.09404883673,408635.3639552852
51810,2021,6,1,51131,555571.3454770151,501580.39382403233
48277,2021,4,1,48119,284606.1255540358,332989.2576381611
01111,2025,6,1,13149,395986.0714838051,441599.97861916706
47151,2024,7,1,47137,318714.9702515833,396271.9212942915
16003,2020,5,2,"16045,16087",543136.8466604069,442876.9785549019
55019,2023,10,1,55035,292383.9584214065,462550.7061922576
05149,2024,8,1,05105,282054.0289009575,295438.1671803332
06007,2021,12,1,06021,594003.0608116878,590375.5626679386
48267,2020,3,1,48435,657295.0404874192,235612.79703133635
29017,2023,4,1,29123,324125.7020156115,264138.53785745875
22041,2021,4,1,22107,209752.14172970335,368778.85470099584
51173,2022,5,1,51167,217879.4497522765,232923.0293772295
27137,2021,8,1,27017,337368.4261466334,371341.299930043
32001,2024,7,1,32015,486851.98298568145,404090.38127717417
30063,2023,8,2,"16035,30061",768932.3879383443,563882.4734715233
20077,2024,6,2,"40003,40053",215371.28494988664,290158.09396545374
16063,2022,7,2,"16025,16053",548897.9881940705,672439.0541423757
53017,2020,5,2,"53037,53047",539474.0215825062,518724.00152883306
18149,2023,4,2,"18131,18141",292801.33531996777,291013.94807459787
47135,2021,9,1,47039,316853.99403757375,296361.66669213993
26043,2023,8,2,"55037,55075",282204.8105294073,310261.90472756175
38041,2024,5,1,38089,227260.1544794837,427168.86329252383
48469,2020,8,1,48175,277988.088498617,526853.8651353442
05139,2023,6,2,"05003,05011",255439.1107907128,200012.8420159379
20003,2024,5,1,20107,367435.83764030045,345426.24956062675
35039,2020,5,1,08021,385213.62711061887,280011.8235122562
16043,2022,6,3,"30001,30031,30057",883192.1834121462,1701776.3364471085
25005,2020,3,1,44001,491740.46713606734,614630.6917348268
47043,2021,6,1,47083,444444.63079364,336339.53953669727
05067,2022,5,1,05037,176380.30258828157,255264.1762316908
17083,2022,6,1,17013,312247.25458593044,357755.09575615585
47101,2023,8,1,47135,401871.47008721234,323315.4909570474
29177,2022,3,1,29033,376601.03899606614,318767.086057526
48159,2021,3,1,48119,569204.1961557438,324538.54572097794
55007,2024,3,2,"55003,27075",454195.7111814646,370567.43107014056
06029,2022,7,1,06079,477712.8419563827,1318427.2549098076
20033,2024,9,1,20097,207825.9483343656,319083.4523813922
13291,2020,7,1,13281,398822.3884739468,432594.9688509222
06097,2020,1,3,"06033,06095,06045",1064787.2223209848,600818.9669357847
17161,2022,11,1,19115,230378.114133204,270744.6209965478
19071,2023,6,2,"19129,19145",314529.3704172552,346085.87574634654
12057,2023,6,2,"12081,12049",611429.870103137,595850.1636918802
19081,2024,6,1,19069,299630.4949085995,273269.40707888437
36027,2022,7,1,36079,604693.2501495621,663598.6689370392
08059,2023,5,3,"08093,08019,08047",887748.8964490873,798931.412076994
29139,2021,8,1,29073,380211.34811044857,367429.8957080368
21167,2020,8,1,21005,281981.88057127537,263531.1582291206
26055,2023,6,1,26079,635501.3115758324,345375.96621900104
21083,2021,7,1,47183,231281.64749168584,264822.334539418
35045,2020,3,1,35031,270228.62531896104,273399.1074089141
40013,2023,5,1,40005,365977.04950016754,360238.5906002503
01085,2024,12,1,01131,283866.7192493558,265671.3561775911
30097,2022,8,1,30059,884532.6987139262,590991.593763163
40045,2023,5,3,"40043,48211,40129",275779.07171417197,333351.702375069
48471,2025,5,3,"48455,48407,48225",506205.57105003064,416657.09650385944
47151,2021,6,1,47137,279518.4050742998,362337.9854319783
23005,2024,7,1,23023,874199.6534569546,648115.7548119064
48105,2020,5,1,48435,,233988.7510854177
38015,2021,6,1,38083,440026.8013147623,334564.72920343926
38049,2021,7,1,38083,322917.7676154266,338547.5027330034
28035,2024,6,1,28111,292994.7287428612,257658.2105266316
19187,2023,8,1,19079,237688.37539050129,277546.8557837694
56019,2020,6,1,56033,495035.6310682549,520120.2120594711
39037,2020,7,2,"18135,18075",246036.8791246817,198868.42082906747
27127,2022,9,3,"27083,27101,27033",341198.7105753735,395246.6812682876
21087,2021,2,1,21001,242336.2882494569,214902.11972497823
08027,2023,10,2,"08109,08043",672995.1338912336,468708.3955460889
13245,2023,1,1,13163,276613.90379491117,251432.55874155727
34027,2022,6,1,34019,878492.09311783,774341.3354939349
38049,2024,8,1,38083,300355.5137524397,332214.8063133287
01091,2022,4,1,01131,294608.24487666966,293019.24150391325
30001,2024,4,1,30023,663840.5096921463,458110.98605764256
37111,2020,2,1,37121,320752.8928725116,275099.70985141344
40071,2021,6,1,40103,190801.5671945008,284629.54510808503
21079,2025,6,1,21203,464074.6847015079,255679.72880698947
55083,2020,2,1,55078,292277.45302352146,303794.9302004908
13177,2023,3,1,13261,356389.75983694004,246550.367635316
19061,2025,4,4,"19097,19105,19055,17085",422396.5352206941,429650.33634584927
12071,2025,5,1,12015,638874.6461652684,517363.1605544616
20085,2022,6,1,20013,378596.97870489815,272108.75281128753
06013,2020,4,1,06095,1146707.7808767613,599694.7603396876
13099,2022,6,1,13037,257174.78396759252,251200.80659121092
41047,2025,2,1,41065,604300.7273727467,589632.8178813001
47123,2021,6,2,"47105,37075",396875.7386721866,466542.67117842706
30111,2022,8,1,30103,521572.17608483584,572550.8725550121
21105,2021,5,1,47183,223459.73279119437,254319.09348409917
16083,2021,6,2,"16047,16053",489420.5582671603,530335.6160551591
48005,2024,4,1,48455,343864.8382148947,349515.76954355557
29223,2023,7,1,29123,229609.3684295081,272544.85362235707
51097,2022,11,1,51119,407053.0724095899,593243.7811974868
22057,2021,3,2,"22093,22007",316554.9279988802,277659.18334754725
08015,2022,7,2,"08093,08065",1025974.3473056532,765264.1123369522
42097,2022,5,2,"42093,42043",264654.4416736641,404282.97563901014
30063,2020,5,5,"16035,30089,30061,30077,30039",487532.66105261614,382348.2250375871
21045,2025,5,1,21199,278628.0154173293,299868.7475130202
21181,2021,8,1,21173,291222.20097375504,273098.81816219393
48463,2025,5,2,"48507,48163",399815.8587211963,240663.2742162943
26003,2022,5,3,"26083,26153,26095",312828.76552513504,284647.34560705425
48017,2023,5,1,35041,251070.0683622063,246727.3774502897
21225,2023,6,1,17069,226640.36110026165,210173.6971153222
30075,2020,5,1,56033,252767.1968142658,519487.67322706105
13033,2021,5,2,"13107,45011",271145.1120284365,233642.73345952312
17195,2025,5,1,19045,222280.775167209,320153.04286797304
47055,2024,3,1,47117,434644.83169900486,481673.6307672728
16039,2021,5,3,"16015,16025,16047",432259.98710396746,583403.1925073388
48423,2021,5,1,48459,348954.3833926759,329290.8548172994
19111,2021,12,1,17071,209357.92765838467,221359.04874841307
05005,2024,5,2,"05137,05065",364385.8484411261,305839.87125587673
28087,2022,5,1,01107,278436.5398466259,266273.05629656697
40041,2021,5,1,40035,439351.08591079153,323394.3559320486
37075,2025,5,1,37113,421521.29454705183,786920.3732239554
18081,2022,3,1,18109,431854.37931128015,395905.16654450266
13033,2024,6,3,"45011,13163,45005",321523.071397431,232463.55343386615
06027,2020,6,1,06051,542344.7273596729,905270.502434697
06019,2020,3,3,"06031,06069,06051",424882.006446482,707564.7171928883
19003,2023,4,1,19145,292619.6287510891,250483.3821209497
12003,2025,1,1,12007,461619.2578417731,397588.1441393027
16049,2024,9,1,16035,559895.8100143756,522301.2788678913
29171,2024,8,2,"29211,29129",444170.1372978152,287307.84040771815
39161,2024,5,1,39003,270183.540282198,282447.040809001
31107,2023,3,4,"46135,46023,31139,31003",429324.5246216633,510788.2053846393
48381,2023,8,1,48011,389866.3305501328,432926.6338412152
04013,2024,8,1,04027,767233.9735672075,387110.3033768377
22099,2020,4,1,22077,258751.4917221848,309980.0581468024
48227,2023,10,1,48431,282021.45747364283,352237.90384486964
47167,2022,1,1,47097,346941.89889602916,229983.78301403168
48355,2022,9,1,48249,405033.5099507661,290065.2376578834
48371,2022,10,1,48103,296889.18735557154,288480.2919606546
13197,2022,8,3,"13053,13307,13259",333326.79058082594,299074.8417005539
51067,2024,5,1,51063,707355.011315799,380613.4778856792
51167,2020,7,1,51195,192867.7593548371,164672.94273641994
40147,2022,8,1,40105,280933.6500385305,380048.9217916573
29095,2023,8,3,"29037,29101,20209",384318.2716183115,393049.16454884765
20143,2021,12,1,20123,293163.6174019017,251007.71802198
17095,2023,5,1,17175,191978.60313509768,312997.8503914431
13157,2020,5,1,13059,370641.03051080153,328270.5990614901
38031,2023,4,2,"38039,38027",290852.9987930537,245335.32342061002
17101,2025,6,2,"17159,17185",188833.84575084192,206000.55182569523
06033,2023,1,2,"06055,06097",503545.9223593736,1455908.932255189
29125,2024,12,2,"29151,29073",420032.9746390514,446461.3175592825
26051,2024,5,1,26143,278209.59142214904,328938.613641181
13303,2022,6,2,"13319,13125",277606.8791772908,296958.0492965529
12083,2024,4,1,12017,422933.5633892765,439374.764262544
06001,2021,3,1,06013,1481695.7246649435,1290203.2954516576
21035,2023,4,1,47079,285753.19738091604,352744.39876841404
51041,2025,5,1,51670,577532.2665691685,275026.4162394171
44009,2024,1,1,36103,1002963.5945221642,1092429.1037022208
48075,2022,6,1,48197,215727.9449976602,193839.7937940998
55093,2021,6,1,27163,460896.7381790088,562651.226029633
20125,2025,6,1,20133,213502.1523275945,239431.54955270523
29175,2021,12,1,29041,262258.81737597525,270827.1879551709
10001,2025,5,2,"24029,24035",478102.9009537885,781005.0107431347
32003,2020,8,1,32017,440610.49412112334,286196.9658821553
08067,2023,6,3,"35045,08111,08053",1014449.154259031,647609.9646980725
30085,2023,8,1,30091,285897.0298752415,340350.4461071438
40113,2024,4,1,40103,361522.63030835736,317528.38783211383
48323,2023,4,1,48127,272063.9736393546,256191.60374356908
30035,2020,6,1,30101,210361.37973999465,283502.0963151869
48055,2022,6,2,"48177,48149",594856.0909884294,975358.9797202654
18151,2023,6,2,"26023,26059",555608.8333228879,329468.5079164371
47163,2020,3,1,51520,273844.4266479151,166965.2585976049
06067,2023,10,1,06005,730391.0735857353,608720.9824892461
48283,2025,5,1,48163,285912.6318641847,314511.957004497
17077,2021,4,1,17181,167512.83001278705,255168.1544474851
30045,2023,8,2,"30015,30107",536008.4085750474,453221.31654196215
20191,2022,6,1,40053,280075.61072920804,329956.0135118873
19033,2020,3,1,19067,299685.2366514244,235443.18831708876
30053,2021,6,3,"30089,16021,16017",524014.01167357893,686409.3660331686
47043,2021,10,1,47083,467618.75029765366,344917.1360966766
17011,2021,8,1,17175,187567.65978966776,321586.8392305561
53043,2024,3,1,53025,490497.03742999205,526117.2445785298
47139,2023,8,2,"13213,13111",397304.434471356,590556.754077082
13133,2025,2,3,"13237,13219,13221",1480097.876444811,683704.551911462
48167,2022,6,1,48071,540618.0725906673,494205.4247498551
51149,2024,10,1,51670,444250.9462129848,272247.5640367291
29061,2020,5,1,29117,346515.0615017465,245897.6749301901
13271,2021,5,1,13309,207706.97633476552,254331.8257678536
31051,2025,6,2,"31173,31179",417346.28151510254,435098.79305473383
13069,2023,4,1,13271,299195.45460365835,236103.77624575415
27101,2024,7,1,27127,485253.4554401696,340904.876202069
12085,2025,5,1,12093,927194.9892418826,472919.6701268295
48249,2025,5,1,48047,275365.8069884931,182445.14703625732
17027,2023,2,1,17051,300104.148502913,290456.9519447572
01021,2023,6,1,01007,337149.2681695647,329050.9803376221
48185,2020,8,1,48313,536269.8391568781,381394.8385740596
51087,2023,6,1,51036,538780.4331046044,412962.3171080689
01079,2022,7,1,01133,338754.05954283057,533776.3794818047
17023,2021,3,1,17079,221299.347047652,249676.3441688935
19161,2023,4,3,"19021,19093,19035",291455.4521214953,276828.55705504894
05053,2024,8,2,"05025,05039",309298.3237846924,244332.4434901995
12097,2023,4,1,12055,521355.4086172281,347399.92875119665
41045,2022,8,1,16087,541664.4354945286,710847.3028951669
06043,2025,2,1,06109,572268.6293564285,555877.2699443017
17157,2022,4,1,17133,235236.30343092288,417709.42623745016
35051,2024,7,1,35003,270042.62988431193,362345.6408364395
42099,2024,6,1,42055,445886.1574693729,392608.2028296979
42085,2021,7,1,39099,295323.36279667326,231863.88616504395
49043,2022,7,3,"49033,56041,49029",3402247.8545636856,888478.0085592642
40113,2021,3,1,40103,290914.05043182644,270559.53110292275
48323,2020,3,1,48507,222088.31546098215,152772.39710792326
55109,2021,7,1,27163,526065.7294201822,570243.0984244338
29071,2023,3,1,29221,393944.95029852586,293217.8817995188
16067,2022,8,1,16053,484592.97884648497,607347.006949772
36029,2024,10,1,36063,432326.76386559656,354331.5675039802
51199,2020,5,1,51735,466832.639695324,476976.90106601577
48043,2020,6,1,48243,303577.3234672114,351212.2934935595
53007,2022,6,4,"53057,53037,53061,53033",947060.059128521,1156776.7718991581
29095,2020,5,1,29177,292614.1550355247,283831.3099233084
19181,2025,6,1,19117,489768.269434159,334633.30806736
20157,2024,6,1,31095,299443.01194770006,341438.09599111043
51155,2024,6,1,51063,343501.1572100601,382820.80634470057
18097,2021,12,1,18109,308379.5108532055,375898.9997717296
27123,2021,7,1,27163,449304.8453263101,570243.0984244338
39075,2022,5,1,39005,567475.3713478554,325365.9577176702
05135,2024,5,1,05065,275154.68238855386,294510.57748268754
29079,2020,8,1,29117,194550.80386034687,251540.1775278471
48149,2025,5,1,48285,1008492.555966128,665941.592901706
31059,2020,3,2,"31151,31095",284011.75260388426,259740.9782837836
54085,2020,8,1,54021,180129.34988306338,162573.5248728617
19085,2023,8,2,"19165,19133",357687.1054954768,301011.34877102973
47023,2020,3,1,47069,234381.38741365608,203932.67733837463
47085,2023,12,2,"47135,47081",397136.1641083662,339233.3532197013
05067,2024,2,1,05037,171850.6480235047,257468.0091206043
47009,2021,6,2,"47105,37075",434693.34370317194,466542.67117842706
31043,2025,4,1,31173,336951.4665177183,395603.7526875874
40117,2021,6,1,40103,254674.4135995024,284629.54510808503
30001,2024,8,1,30023,675686.2586727164,469857.55192295247
37111,2020,6,1,37121,322618.74481574114,278470.49830346595
29055,2023,2,1,29221,345940.3066853054,292874.42598860554
37129,2022,3,1,37141,678449.9853889103,658598.2784195021
13177,2023,7,1,13261,364713.40996629186,258696.62347734757
51131,2020,9,1,51735,397744.34546523826,481318.74613217096
16011,2020,4,1,16029,369826.8009721525,356581.1871781585
21229,2020,7,1,21005,288561.986958496,259295.0918289637
48143,2022,12,1,48193,670024.940090824,708732.0702646013
16015,2023,4,1,16045,715488.3496603454,740876.7927377359
01061,2022,6,1,01039,282517.0989308687,282848.6498968366
32023,2024,3,1,32015,436996.5089746293,397486.9092002574
04015,2023,8,1,49025,544526.7172608218,625968.4690905897
41047,2020,12,2,"41031,41065",481689.555140407,495378.60705837584
27051,2024,6,3,"27121,27041,27149",413579.7222735618,488673.07996938034
21161,2025,2,2,"21201,21069",321501.16449136194,321058.8468902253
48079,2023,7,1,35041,157368.15299930584,248372.04932811475
55111,2020,10,1,55103,395240.8333315475,285782.6941185503
21221,2021,5,1,21143,235419.2663992641,319409.2401522792
47125,2024,7,1,21219,438845.25657449546,422266.2512326746
48291,2024,3,1,48407,374939.19257284346,450672.873524
28071,2024,7,1,28107,593056.2890194252,310597.6690988701
29219,2024,8,1,29073,502466.8671177738,437069.5613854568
29131,2021,12,3,"29135,29151,29051",397929.9597880263,347907.0356717766
22059,2023,6,1,22025,255409.77687196972,240638.78261196509
51175,2023,7,3,"51620,37091,51183",383340.090642343,282033.24491823325
37111,2025,5,1,37011,477854.9604342719,1007236.8532755704
13111,2023,4,4,"13291,13123,13213,13187",853379.08255533,501297.7037852039
21053,2022,1,1,47027,236715.2234399823,343561.12079617876
51163,2025,6,2,"51530,51678",534669.9555855646,398776.88972280786
12023,2023,11,1,12041,412691.7874467497,444366.56505489984
39157,2022,11,2,"39151,39075",307064.260662095,430170.43984889006
37023,2023,12,1,37011,387292.3626761874,972823.8568595232
40067,2021,4,1,40033,153419.9067904013,204838.3803517328
06055,2020,8,3,"06033,06095,06113",1365891.675701999,592406.7234489382
45039,2024,12,1,45023,400252.6845987972,350115.5836735731
05005,2024,9,2,"05137,05065",369418.25107714743,312264.12852106127
22101,2021,4,1,22007,204837.12059163788,254150.90732080617
39033,2021,5,1,39077,197859.7553391907,241172.6975655814
29217,2022,4,1,29185,271265.4199865106,355265.44143430167
21003,2022,2,1,47111,316304.19966680836,395773.6681832392
08013,2021,7,1,08047,1158963.8794745288,714057.3322198787
38057,2024,9,1,38025,347248.90291433944,644566.7240911041
20007,2023,5,1,40003,194115.2661644318,276370.34703038
05103,2023,1,1,05039,195674.17319991204,238721.44274111904
27065,2023,8,1,27095,377508.6055786545,415371.9961627552
19169,2023,6,1,19079,411516.1507646037,275035.35639089835
36059,2022,9,1,36005,1078293.7944506796,734313.0748710021
38051,2023,6,1,38029,213086.3707850389,276411.4210279555
17167,2022,4,1,17129,283794.44867016096,304968.98366458557
26103,2024,7,1,26083,355048.0913998308,330140.2911132683
51650,2023,6,2,"51199,51735",348769.38362793205,588331.6659463394
13215,2021,6,1,13053,262245.62921435497,233967.93383336044
29001,2024,8,1,29211,322469.2191775954,221564.72561445585
22103,2020,8,1,28109,386321.1513306598,235234.88769226332
26073,2022,8,1,26133,336376.6898857926,295188.87333839067
17033,2020,7,1,17079,194299.47057825408,219685.5838260236
29141,2022,5,1,29135,538950.9953293517,387464.8489531882
48389,2020,3,1,48243,379240.0896173334,346544.37412759016
26111,2025,5,3,"26035,26051,26073",347947.5306217443,281988.4008961955
29183,2024,4,1,17013,503418.4665471405,354452.7789606545
53019,2023,9,1,53047,446205.9234065728,574424.6654301785
22005,2022,6,4,"22093,22007,22095,22047",397950.2118250054,306550.79228193307
01081,2023,12,1,01017,490932.49107386376,244898.35180323955
55067,2025,4,1,55041,323036.4280104621,358613.2608048632
41061,2023,5,1,41063,472437.32668624935,698199.5178954491
51163,2022,5,1,51678,535190.6313486607,497540.70460287714
18089,2024,6,1,18111,381429.8113115346,340855.63208411983
01041,2023,12,1,01085,262140.93777426053,286751.95647544187
55133,2020,4,1,55055,528982.3683226993,363654.3904673401
08085,2024,8,1,08029,666672.7496924835,604556.7000973203
37131,2022,4,1,37185,313242.5157854423,560857.435632906
48025,2025,6,1,48255,322621.8958748264,513188.06384838914
41047,2022,3,2,"41065,41071",592339.0084382688,673810.3590702915
48181,2021,10,1,40095,465804.4565339118,345329.4890034232
55009,2023,4,5,"55083,55015,55061,55071,55029",437736.2168142248,462998.4604577556
38059,2024,8,2,"38065,38089",464488.9974986661,390620.27847562486
51161,2023,7,1,51045,435715.8172028315,364048.0314241368
05055,2020,9,1,29069,233584.37823341924,154569.5620782196
13139,2024,8,1,13013,606748.0523603692,447625.3423917264
47011,2023,7,2,"13313,13213",444817.8752454188,334486.9590274122
37039,2022,5,2,"13291,13111",402605.50636580936,765248.5160895826
48469,2024,1,2,"48123,48391",349829.9505036657,401007.6677839197
47013,2025,5,3,"47173,21235,21147",455939.0753733351,306900.5311960422
26005,2024,6,1,55101,500027.9511742609,442949.4251930459
18159,2025,4,1,18023,370273.46726504544,345807.28293492465
21225,2020,7,1,21055,179007.87446310732,213401.55803248708
29001,2021,7,2,"29197,29103",286179.4928046937,274063.22418299055
40047,2021,8,2,"40103,40003",234429.9518955804,276722.082704505
37039,2025,6,1,37113,407054.32168110367,788908.7422867074
48257,2025,5,1,48231,427676.96380735975,472340.3001227057
36119,2024,5,1,36005,1350748.014742684,741432.7892523058
04019,2023,10,2,"04023,04003",545232.1894288833,419911.2479611449
05025,2023,1,2,"05039,05011",281671.3971958913,232638.59672874562
13137,2020,5,1,13281,314066.06482040574,431167.6035711405
46059,2023,8,1,46005,607934.5030061387,386910.0790343412
17081,2020,3,1,17121,185587.36295870805,149684.04037808036
22025,2021,5,1,22107,238338.6292012108,372894.1031086635
12083,2021,7,1,12119,330167.9053273425,469829.0135550448
48349,2022,4,1,48217,411660.29946362576,439858.8350708485
19033,2023,8,3,"19067,19189,19195",377111.6014769532,271115.7250537674
54099,2025,5,1,21159,218909.20934217153,211860.55394536117
04012,2024,8,1,04027,585001.1989703276,387110.3033768377
20125,2022,9,1,40105,207318.2969118439,378797.3124757923
20043,2023,5,2,"31147,29003",264500.04034111265,371618.2068670577
19161,2023,8,3,"19021,19093,19035",302932.10902590887,283176.50730731577
13115,2023,4,3,"13055,13233,13295",343573.2452005278,323194.2445187993
16035,2022,8,2,"30061,16079",555395.8653081335,527441.7719887864
08041,2021,8,1,08039,617297.1521207897,877242.7947727288
40113,2021,7,1,40103,308807.94241636543,287230.6230038148
21175,2023,6,1,21063,256191.1095031835,288208.5406050233
55043,2025,4,1,17085,322758.36099984054,401644.4115686939
51199,2020,9,1,51735,472943.1734243326,481318.74613217096
17075,2024,5,1,18111,249718.44579890295,339746.8936299529
46039,2023,5,3,"27081,27173,46011",617414.4998682253,408588.66109277384
05135,2024,9,1,05065,285421.9296777369,301077.4770019478
31059,2020,7,3,"31151,31095,31159",283652.16723586683,312765.0311236434
05091,2022,7,1,05081,298766.210750533,246184.86708122896
48045,2024,6,2,"48153,48191",,188385.5711997514
21191,2025,5,1,21097,376238.82538835146,362643.104416925
19063,2024,6,1,27091,252755.3474369176,465006.8581563566
37189,2020,1,1,47091,528376.0033759532,297846.3685861838
13245,2023,9,1,13163,282258.45421574096,258781.4821315797
13311,2025,6,1,13281,470643.1051443783,629737.4595771079
23001,2024,6,1,23023,433817.8523750866,646730.0533402585
41035,2020,8,3,"41037,41029,06049",323034.96550270077,336649.40299010556
06065,2023,12,1,06059,836140.473733299,1742657.5136513084
31159,2020,3,3,"31023,31151,31109",403494.8994878866,322693.26536697126
53065,2020,1,1,53019,390379.29784422024,356077.0735865077
01049,2023,7,2,"13055,13083",319096.6139513185,351838.9889684307
18063,2022,6,1,18109,446918.96806071745,416854.8584918124
47133,2021,10,2,"47087,47027",383528.85392104305,334993.1717327095
26075,2023,6,2,"26093,26059",328015.37622348964,421119.03167056723
31127,2023,6,1,31147,332193.2102078167,310099.9243252809
17027,2020,5,1,17121,255904.9751507385,152394.52573314705
32023,2024,7,1,32015,439025.8142868595,404090.38127717417
38043,2021,5,1,38083,344087.2340637678,328279.44936892204
13239,2023,7,1,13259,262760.58725272125,218293.07030868367
01077,2022,2,1,28141,340984.945312311,304540.22291199584
05111,2025,5,1,05067,219048.52022418703,178482.7426322104
12115,2020,7,1,12027,540552.1361838876,293003.93377024884
48149,2024,1,2,"48089,48477",1041795.3165410898,758234.1784431809
05031,2023,8,3,"05111,29069,05055",334122.9428575093,228254.49380093496
29049,2020,5,1,29177,310267.603233922,283831.3099233084
04005,2023,7,2,"49025,49037",919828.119784732,598667.5174754525
01047,2022,4,1,01131,190374.7296536168,293019.24150391325
48173,2022,6,1,48431,,390851.9548821102
40083,2023,5,1,40103,479188.5144734092,311051.70666655427
35001,2020,7,1,35006,346307.3502522498,194272.4739750985
51179,2024,8,1,51630,689877.4184925152,641444.6803416924
26033,2023,8,2,"26097,26141",293991.60735183186,326761.0328156577
13077,2023,5,3,"13045,13121,13199",543893.0452263169,526836.4941758058
31015,2022,7,1,46023,,529825.8191103234
40069,2023,11,2,"40005,40013",304825.3413993036,369312.3627845241
01059,2021,8,2,"28141,28057",258562.6281488139,263845.55150236964
35007,2024,7,2,"35055,08023",584921.1059448455,517729.70509464294
26029,2020,7,2,"26097,26089",561006.9796923683,522690.1243505391
18095,2024,6,1,18059,289567.89227544045,431513.0629007754
56037,2025,5,2,"49009,49043",419214.71266633313,1800837.0219848314
42105,2025,3,1,42023,283702.0574620546,150356.45816176874
51131,2022,6,1,51735,588611.5936729679,583396.2454112087
26043,2024,6,2,"26071,55037",279995.72629930056,282854.69518220733
31041,2024,8,5,"31113,31175,31047,31163,31019",437034.3258061078,461495.31618535315
01121,2025,6,1,01037,309336.35301593813,455872.6901715042
01113,2025,5,2,"13053,13259",300436.7698067856,250304.10938656272
56029,2023,5,2,"56039,56017",653786.6676531727,2798831.102814254
26101,2022,5,3,"26019,26105,26085",412995.88467591634,443162.44316698314
48471,2021,4,1,48455,433164.22302115546,307182.0283476044
47005,2024,6,1,47135,318249.1078321238,330219.50289952435
48427,2021,6,2,"48247,48047",248201.5979712103,220577.859615128
20097,2020,7,1,20033,264754.30459306855,160301.7475935536
29111,2021,7,1,29103,309793.6862936074,263099.19455376867
29161,2021,4,1,29073,291981.1973651512,343672.3105032987
28047,2023,9,1,28131,349117.091438267,276576.2584390389
17181,2024,8,3,"17003,29157,17199",271270.40883857704,255004.59218614013
13215,2021,10,1,13053,270070.79369711154,236809.31818613852
27083,2024,7,2,"27127,27173",337383.57587549713,342266.0359039622
17121,2023,4,1,17051,197648.93284498548,293922.7027967879
05031,2025,1,1,05067,336385.26522403205,180821.12363017065
05147,2024,4,2,"05123,05037",187325.43474091808,221415.16264846356
48289,2025,6,1,48225,586686.4728692108,431951.3654394836
51185,2023,2,1,51021,216151.940387395,297487.42936687096
21101,2024,3,1,21233,312785.05741997226,260518.09077951513
06023,2020,3,3,"06015,06045,06093",624387.818723234,514217.93361809984
51025,2022,6,1,37185,326312.374991403,578407.4929109177
20167,2024,7,1,20141,206760.10973265753,199353.7334280126
12057,2024,4,1,12049,630572.211192784,412292.1608775664
13303,2021,5,1,13141,237852.19377748528,374386.95143444464
13167,2022,6,1,13319,245707.500304983,253792.4932568063
13249,2025,6,2,"13197,13193",332988.5984151001,304720.0873599675
56005,2022,5,1,56009,438085.1145780876,440260.0382491268
17001,2024,10,3,"29111,17169,17009",301687.76257397624,306251.4746530978
21207,2021,2,1,21001,195733.4698798442,214902.11972497823
20037,2025,5,1,20133,276622.25643526163,240522.85023456716
46057,2023,8,1,46011,547838.0233409012,448178.9958664071
47071,2022,5,3,"28141,47109,47039",367653.0611241481,309961.7249000739
39167,2024,3,1,54073,274603.53038417106,246082.18299738117
19161,2025,4,1,19047,325660.978115047,279920.7337292757
04009,2023,11,1,04003,382491.9965323764,377774.6021928284
17165,2022,6,1,17069,166931.26600987918,227043.65903030612
22079,2020,9,1,22039,254796.66105124657,201634.6907862861
55133,2020,8,1,55055,530157.3344862541,369680.1718187173
16071,2021,6,1,16041,443883.6653632504,556020.627656862
08045,2022,7,2,"08037,49047",1157970.07611289,1673511.9031232125
28137,2023,9,2,"28143,28107",342083.4757041975,279258.7642155667
19133,2024,7,2,"31173,19093",285882.5896417846,336223.7227414478
13307,2021,6,2,"13197,13259",369785.7796240933,263461.3236255059
35035,2024,7,1,48109,350678.821187013,262439.23004845856
18017,2024,7,1,18181,259399.2953939911,340766.6532705661
22063,2021,3,1,22091,307753.16360887344,336961.4174147856
21041,2020,4,1,21223,209646.04821090584,266526.4862747662
26065,2022,8,1,26037,330230.47824435047,415499.6714120229
48469,2024,5,3,"48123,48391,48239",354915.56516972225,420424.23362482205
55027,2022,11,1,55047,397751.9723051183,550992.156931581
39133,2021,5,2,"39055,39099",338325.539540537,334617.16033212503
20201,2020,7,2,"31067,31095",255069.8408635103,274284.6839739563
28117,2021,7,2,"28139,28141",220296.4064962291,257931.36755937382
47111,2025,5,1,47159,385313.6320749473,465838.83913897583
05137,2023,7,1,05065,320925.00503468333,285470.4745171472
12061,2023,11,1,12093,800175.9754211451,451786.0933087205
16005,2024,8,1,16071,499987.7616995252,540762.6777359098
44003,2021,6,1,44001,456940.3061463097,746432.459102762
51153,2023,9,1,51685,758025.7583021546,557426.3293926605
22037,2021,3,4,"22125,22121,28005,22091",373943.4280536415,349461.9386441323
20143,2022,4,1,20123,314080.99731956923,265793.3481735361
39149,2021,3,1,39021,300782.09400895634,287864.92148275935
22033,2021,9,4,"22037,22121,22091,22047",372243.72714128887,331142.472582321
51650,2020,9,1,51735,268394.18043473415,481318.74613217096
05147,2021,3,1,05123,165809.29672359946,171360.84135203055
47065,2023,12,1,13047,540710.3641036468,398646.6343101475
28143,2021,3,2,"05035,28027",239466.3022614589,199199.54154314066
29137,2020,4,1,29205,284059.0662051561,237487.3615277291
19177,2024,7,1,19087,332873.45218934736,319056.0784113577
17187,2022,6,1,17071,200519.61320177527,236800.5523973769
45003,2024,5,1,45011,390309.1211533751,267005.9985006121
17059,2023,2,1,17069,127135.888044532,207782.94694526205
55071,2025,6,2,"26101,26105",383001.89738695667,414057.61802365433
20013,2023,6,1,31147,268087.93376112956,310099.9243252809
26135,2020,11,4,"26129,26137,26039,26069",184226.6254505814,215962.19495805138
18083,2023,6,1,17033,244770.7195534711,225917.3350298032
13043,2021,6,3,"13107,13031,13279",288281.4605780959,254507.9154469409
38025,2024,5,1,38089,636484.9137818319,427168.86329252383
25019,2020,10,1,25007,4296484.163374751,1988295.508982232
26091,2023,9,1,26115,363734.6641508432,344828.38628535275
48325,2021,5,2,"48507,48163",481358.70747817674,258772.2825444538
48467,2025,6,2,"48379,48231",472914.2635935847,485808.7373894262
41001,2024,7,1,16087,515612.96308740246,666865.7143652452
17113,2023,4,1,17147,353016.56656167906,341263.02173749194
06031,2021,10,1,06079,425589.0947075693,1154618.5398771
41065,2023,5,6,"41021,41055,53039,41005,41069,41027",580315.1391071436,746111.7253392321
51141,2024,1,1,51063,303010.1607086453,374731.5186362123
16083,2025,5,2,"16047,32007",566328.885575901,575124.7566972993
29115,2021,12,1,29041,233361.2554977905,270827.1879551709
17149,2020,5,1,17013,172754.71822587991,311307.0221294484
28003,2020,4,1,47069,226265.58308737303,204743.30363669872
13241,2020,1,1,13281,578503.4060396401,427016.4772148644
18067,2023,2,1,18103,258124.61469016844,230426.42464028133
21091,2024,7,1,21183,315501.67287611327,233543.32625992643
46039,2023,9,4,"27081,27073,27173,46011",599241.8715129354,412741.33292003564
42119,2022,2,1,42087,394818.32896556985,253215.42233089556
48483,2023,8,1,40129,213704.60817620004,377750.6868024478
20029,2024,7,1,20123,220737.07080545963,262974.0546263319
08089,2020,5,1,08025,199517.68517642748,215869.70516696
41035,2025,6,3,"41037,06093,41019",467104.46019172046,427679.25436364044
37189,2020,5,1,37011,537762.4550046701,617599.8058169013
40119,2021,5,1,40103,322017.3611668285,280094.1854482283
42073,2021,6,1,39099,231189.54993370277,228356.93603403543
49053,2020,6,2,"32017,49021",540820.2436069981,339341.9804785431
01085,2022,7,2,"01013,01131",298679.079420841,271943.8718058042
48479,2022,9,2,"48131,48127",324126.24625943886,247712.55750762008
40123,2022,6,1,40133,309467.0190823492,235593.2216821992
49015,2021,8,1,49039,,480172.99434700306
17051,2024,4,1,17005,290692.00691962795,263882.26612463687
40031,2022,8,1,40075,252184.5915526077,183198.30850003916
17161,2023,7,1,19115,236935.62818631428,272244.78245184064
39119,2021,7,1,39115,273257.0601180673,247609.2682078863
49049,2022,6,1,49039,819735.9524793699,557518.5662841283
29155,2020,9,1,29069,154739.57614078172,154569.5620782196
12049,2022,7,1,12027,391115.4356237802,477275.1527759181
22111,2021,5,1,22027,247782.57275793236,255394.1202462944
13105,2021,5,1,13317,235113.48096561848,277890.3864740432
13131,2024,8,1,13087,352078.7721663658,299185.4219337664
18061,2021,6,1,21163,321754.98313030595,320294.31077596534
13297,2024,4,1,13013,525876.2477094439,446437.28090908093
12015,2023,6,2,"12055,12027",594009.8292758986,406934.0800702737
48265,2022,4,1,48267,725681.5269047735,929384.4193089822
50027,2020,7,1,50017,547867.4899446736,448023.5107342703
06031,2023,3,2,"06079,06053",449381.5573148006,1425120.855233652
29147,2020,5,1,19145,322764.5519654449,195541.2783828935
48201,2022,5,2,"48291,48071",476017.5205648383,436213.396146324
22117,2021,3,2,"28147,28113",256019.353108622,220692.46768948116
29159,2021,6,1,29107,283048.671039543,299122.3551116788
40121,2024,4,1,40005,286630.68258451944,375391.39263435174
21035,2024,2,1,21157,290519.7560038666,314690.6593662942
41067,2022,4,1,41071,796635.3820993576,760463.1987658489
49045,2020,7,1,32033,446861.20891624066,249750.553329186
49043,2024,8,1,49009,3050984.839580929,489747.5619919502
51199,2022,6,1,51735,566132.7506568233,583396.2454112087
21175,2020,9,1,21063,180451.82709847848,210691.43375712656
48225,2020,4,1,48313,379845.0337383105,374678.3875366238
29147,2023,6,2,"29003,19145",419708.18328395946,345486.57151125465
19173,2023,4,1,19145,242374.72660843615,250483.3821209497
55099,2022,9,1,55119,305800.42247890955,321662.1497521271
13107,2020,6,1,13283,183694.59607098275,233925.17386099207
51179,2024,12,1,51630,702101.405340942,653462.4575058809
42011,2022,7,1,42077,397848.3771706962,467322.7957783533
05005,2023,8,1,05065,362810.16982761025,285748.0509796592
21071,2020,4,1,21159,155337.77811386588,141286.17809225005
37009,2024,5,1,37005,568781.8047761028,459011.7941855181
25009,2024,8,1,25025,1035825.6104962936,1280421.5485667393
06047,2023,2,2,"06069,06085",538833.7798817934,1805294.5459850589
06003,2024,8,1,06109,826185.3888122715,551631.0412793992
35025,2023,6,2,"35005,35041",299964.71509859856,265389.60102422436
13161,2024,7,2,"13279,13271",265232.6794287436,268599.3279308148
01105,2023,6,1,01007,267520.4992457873,329050.9803376221
42059,2024,8,2,"54103,54051",239419.02250383192,207318.25256777412
30029,2022,6,5,"30035,30073,30049,30099,30077",1227006.1421299244,529358.8862842098
55061,2020,1,1,26019,308217.17330299463,436240.9054140656
16001,2023,8,1,16045,737925.9812959423,747699.4130238368
19015,2020,5,1,19079,281333.2603479566,208510.93890999543
29107,2022,6,1,29033,345139.04854374175,344568.07716607495
51103,2023,7,1,51119,767465.9819416562,595322.811931175
54083,2023,9,1,54093,244745.9482604717,387861.5117874906
32007,2021,7,1,32013,430146.12627064827,413280.42778909294
54013,2020,8,1,54021,152376.49005596378,162573.5248728617
35053,2020,6,2,"35006,35003",243275.51676586573,257150.17418119434
13037,2024,2,1,13061,240755.06715560576,348110.82501450175
26101,2022,9,2,"26019,26105",415208.3576972466,533957.4108171624
39005,2021,5,3,"39077,39103,39083",290783.37292482407,328102.1753881713
54029,2022,7,1,54009,209705.30494048423,208851.97471258332
48231,2021,1,2,"48119,48379",364045.5575308082,364345.9135484557
28145,2020,1,1,28009,221427.74845369943,214496.7612030036
45015,2020,6,1,45089,377060.1432065004,235168.1107210727
32007,2024,8,1,32015,476409.8702006257,405436.3754869762
13219,2020,6,1,13059,541502.977034615,329802.68872863316
48269,2022,5,3,"48155,48433,48275",,283575.14373117435
05031,2025,5,1,05067,335152.04429565073,178482.7426322104
05147,2024,8,2,"05067,05095",186903.96435209035,192430.6511320069
54107,2023,7,1,54105,260709.8949391025,214295.2640978284
51185,2023,6,1,51021,224843.40967043609,296818.0722046241
18057,2021,3,1,18159,519289.5022541052,274678.4046457878
06107,2025,2,1,06031,492460.4506885533,475049.5021860639
18035,2022,3,1,18065,234107.82768851903,266859.21650435554
21055,2022,7,1,17069,267013.4188774336,225735.2313645497
28109,2022,1,2,"28091,28045",275773.2335820312,311065.90194780665
19047,2021,8,2,"19193,19093",224427.194327587,261858.77358260666
17079,2024,5,1,17033,261981.9438614856,219895.39997130117
39075,2021,5,1,39083,530654.1660319989,355180.6178924588
48001,2024,2,2,"48289,48161",409400.82600765955,532729.6795750712
13079,2025,5,1,13193,333948.7949255666,266619.3063917607
05043,2023,12,1,05011,267290.9073803875,224878.47628374572
22083,2023,12,1,22065,287831.32109752094,181150.26927406833
21185,2020,3,1,21223,483383.3076915639,265774.55473729264
37173,2021,6,3,"37087,37113,37075",427567.0678561943,475879.1476766705
39029,2023,4,2,"39151,39099",252720.95838716952,279683.13126349205
17107,2022,5,1,17039,220178.53748010297,227536.49039641512
42121,2025,6,1,42039,234612.96178157072,243346.98998864184
42081,2023,8,1,42093,327810.6123412003,436136.62324235874
55011,2023,4,1,55035,353558.52558233636,464524.4208309848
13241,2023,6,1,13281,858827.3778450565,621969.9170658194
30031,2023,8,1,56039,1202349.3718835418,5414566.901793153
42085,2025,6,2,"42039,39099",289426.9668273216,270584.1654269115
47131,2022,7,1,47053,284398.7161280511,322252.4457990457
54095,2025,3,1,54073,215840.77145675113,267245.01327596715
05061,2025,6,2,"05113,05109",294660.22080173815,324287.4266041567
21031,2025,6,1,21177,311501.55195404607,246593.4147976034
30049,2021,7,2,"30043,30059",521209.99287883897,550349.9024080338
48245,2022,5,2,"48291,48071",280199.08302397473,436213.396146324
22009,2025,5,1,22029,210697.51545934848,235178.74428953207
51173,2023,7,1,51021,232255.74231685945,298799.90004372114
28047,2020,12,2,"28109,28045",287438.09968182846,280059.2394889662
19013,2022,5,1,19023,275048.72669098526,321500.2556780949
48273,2025,5,1,48047,263803.481197162,182445.14703625732
35055,2020,11,1,08021,624557.7477528445,297848.639841522
21007,2024,6,1,17003,263549.162858148,153084.50953433648
31021,2023,8,2,"31173,19133",355921.130902336,332225.4179339899
47035,2022,5,1,47175,458589.2558678079,475488.5093103111
54085,2024,7,1,54073,234626.56650903937,257598.0334097074
16085,2022,8,2,"16045,16037",1318401.980838929,812767.3136281946
51003,2022,6,1,51540,869813.776760246,740967.5089680626
21067,2025,5,3,"21017,21049,21239",511306.363493413,500129.51748605707
39099,2024,5,1,39151,281910.68899428606,317161.86609810474
35039,2021,7,3,"08021,35028,08007",473702.6699835789,598534.5482565517
30067,2020,7,1,56029,729199.7765310562,477199.62860492914
17127,2024,8,2,"17151,21139",211085.1321056256,255362.2446549149
28091,2020,8,1,28109,218557.1641640433,235234.88769226332
48311,2021,5,1,48283,,378851.6837243645
37061,2022,8,1,37141,292474.17632393545,715691.578710409
17059,2023,6,1,17069,132584.44655496549,210173.6971153222
06071,2023,2,1,04012,734944.6546961317,541279.5251847577
13243,2024,5,2,"13307,13061",251051.3724762424,357673.2721758738
42097,2023,7,1,42093,266525.060420611,437115.93410472776
53001,2024,6,2,"53021,53025",420631.722821977,562649.724921264
04003,2021,9,1,04011,347851.8705779777,346615.3758797508
29171,2022,3,2,"19185,29197",386632.41192445735,295602.8334378329
16041,2023,7,2,"49033,49005",592792.2374883941,781566.6972900665
05139,2021,5,1,22027,237541.7090504171,255394.1202462944
04025,2021,6,1,04012,677459.1632709454,452958.16598054074
50007,2021,7,1,50015,636738.954382972,979223.6516778702
37053,2024,6,1,37177,962441.2408794868,311936.1962109043
41005,2021,1,2,"41065,41027",742802.9377272455,659752.2005129156
27089,2024,7,1,38099,358355.29095880786,241434.27098672703
30063,2024,8,2,"16035,30039",797682.9630408856,649367.9798491102
42061,2024,6,2,"42055,42057",294807.30017437664,379137.82958257326
37143,2021,6,1,37073,375091.1512824087,329059.8521145667
30031,2020,7,2,"30043,56029",854132.9672074601,472335.7359785361
40023,2023,3,1,40005,286647.3330230258,349199.57053519017
51153,2025,6,1,51685,811945.6118258632,596671.6147004698
05139,2024,6,1,05011,251189.56398509684,233682.2253374867
18141,2024,4,1,18149,345021.13249947847,316449.78138094576
26069,2024,7,1,26001,267616.54517255136,306400.1100662575
55087,2023,5,2,"55135,55015",426747.82022215606,445070.1448795207
22105,2025,4,3,"22095,22091,28113",317974.75181663857,268742.37910933373
48177,2024,5,1,48123,738246.5556969224,543593.1585220954
51153,2020,12,1,51685,612725.7744367438,449525.5955816139
40065,2025,5,1,40057,257079.85277679548,216425.6607238761
05041,2024,3,1,05107,200324.05362105675,130281.71616911424
01071,2022,5,1,47051,323031.9429510462,585215.1751089769
37143,2024,7,1,37177,429967.9447453397,313384.8566337914
47181,2023,2,1,47039,300815.6762930702,317757.91278419015
22021,2023,3,1,22025,265010.2636607271,245016.71614308588
06019,2024,6,2,"06031,06069",584701.2311516803,737828.9513124803
05013,2022,12,2,"05039,05011",249953.15496414577,235199.86886422825
12049,2022,11,2,"12055,12027",390792.30818895466,411595.6620211784
06113,2021,10,2,"06033,06055",870395.326570115,1078734.607503402
22071,2023,5,1,22075,559944.1839944773,538330.4903688213
13043,2023,3,2,"13107,13279",329321.55275895994,249546.17694336557
40149,2022,9,1,40075,209177.98310768593,182409.87653297276
13297,2024,8,2,"13219,13013",531227.7543132575,617230.8981212105
23015,2024,6,1,23023,764206.104369399,646730.0533402585
17057,2020,3,1,17169,142464.6887644397,253688.33473028897
30097,2023,8,1,30107,860499.7179140971,328013.6836696686
42037,2023,8,1,42093,372010.82718659606,436136.62324235874
22117,2021,7,2,"28147,28113",259097.2069469006,229272.00831718912
46115,2021,5,1,46005,306884.1524955279,335127.98100733344
48105,2021,5,1,48461,,242174.3639657496
49045,2025,5,2,"32033,32007",613028.937434901,406717.8004905591
28035,2025,6,1,28111,294524.513261406,244664.35187471015
55117,2022,6,2,"26105,26127",398554.45961219375,414098.64855229575
19183,2023,7,1,19115,355639.4378033948,272244.78245184064
21097,2024,2,2,"21201,21023",329658.7669484749,309589.9595668722
30063,2021,7,2,"30089,16049",662777.4459508554,524118.77726364124
34025,2024,7,2,"36081,36085",1166454.73323923,941083.2159680917
13157,2024,8,2,"13219,13013",543960.0496398243,617230.8981212105
20051,2025,6,2,"20163,20141",365511.3914413492,233180.48245144062
39089,2025,6,1,39083,487917.8864478509,442593.18754696386
13245,2024,1,1,13163,283237.03495515906,262726.2628777655
20003,2022,4,1,20207,365138.9063689693,281140.1367004972
21071,2020,8,1,21159,160186.17083328302,146720.25874416178
26035,2020,4,1,26133,177497.56479589353,202530.65086700048
26053,2023,7,2,"55051,55125",250878.67223915755,513207.38917656924
46109,2023,6,2,"38081,27011",481666.558553845,393085.43007164536
16071,2023,6,2,"49003,49005",535600.4612653009,606825.5084474448
51161,2024,5,1,51063,449662.9121398863,380613.4778856792
35025,2023,10,1,48501,291375.1488997894,298579.090762254
06077,2024,2,2,"06005,06009",774028.5380306261,621380.2852143398
18181,2020,8,1,18131,247121.07571399168,191479.9347706388
48495,2024,5,1,48475,194531.3031606933,296780.5410795806
13009,2022,8,1,13319,429075.6413720508,256535.33397050065
53027,2025,2,3,"53049,53067,53041",480313.1119827972,603939.8922773021
48117,2023,5,1,35037,298565.39928830246,227628.16661356215
26085,2020,6,1,26133,200201.45869495615,212910.235016748
48231,2021,5,1,48379,387923.0254676405,434562.152637053
48325,2020,1,1,48507,419015.86597160326,153650.00203007818
37023,2021,7,1,37011,330355.5207450377,830327.1319188401
13289,2022,5,1,13319,228036.2602737107,252391.95485530145
19147,2023,8,2,"19021,19059",266796.467167334,540103.0298717981
22033,2025,4,1,22091,406706.75385448034,319709.46824765776
19041,2024,7,1,19151,302004.918611376,239723.25582276136
27031,2025,5,1,26083,673643.4109835505,346637.60115207883
28033,2024,7,1,05035,405278.92796179425,275134.3400823018
28081,2024,4,2,"28117,28017",296609.9683408223,234864.01405467791
39143,2022,7,1,39173,240390.4471966795,341403.2558011821
18035,2022,7,2,"18009,18075",244671.79644600415,255040.0855418819
37023,2024,8,1,37011,405825.3152728349,989189.989783212
13289,2025,6,3,"13319,13175,13023",230970.81583318269,288861.62896482414
21195,2023,6,1,54059,194986.6200212737,155150.00653724044
20065,2025,6,2,"20147,20163",227573.25589298183,245856.4315281435
19047,2021,12,2,"19193,19093",219962.3861637681,270888.3083958303
17193,2024,8,3,"17047,18129,17059",189744.45774120893,230925.32575738258
47057,2025,5,2,"47173,47067",462430.7554423148,381960.5631614047
54059,2025,4,2,"21195,21159",154071.88425260936,206633.52189906558
12099,2022,3,2,"12051,12043",897837.7561430233,379873.4977507895
13287,2020,2,1,13017,220024.1471861046,147390.5134089039
40105,2021,5,1,40035,303937.68767483474,323394.3559320486
29047,2023,6,1,20209,441915.56047849386,281028.70466305956
28065,2024,6,1,28077,178544.28378002546,237213.04618202813
39029,2023,8,1,39151,258408.67015982504,307839.3281416685
47027,2021,3,1,47137,298022.7575783754,340327.8851275042
48081,2024,1,1,48431,290587.3657123167,337712.0554179892
32023,2020,6,5,"32033,32001,32017,32011,32021",341053.050034202,276617.763903342
29053,2023,2,1,29135,439858.18006996106,384942.716164595
40031,2021,4,1,40033,219379.12771824116,204838.3803517328
35017,2021,9,1,04011,305225.2327195141,346615.3758797508
48405,2022,3,1,48241,423372.6035165253,366569.6313319633
37017,2025,2,1,37141,317930.7699842709,722435.0340235803
29159,2023,8,2,"29101,29083",329102.82878244837,399233.533411995
45029,2024,5,2,"45049,45005",563954.3032707173,232188.70604464028
42069,2024,4,1,42131,337626.517656284,344343.24264919007
01117,2023,6,1,01007,555068.7685024455,329050.9803376221
29121,2020,7,2,"29041,29103",238685.41158006573,223948.0651906705
13007,2022,4,1,13037,394531.5620776125,251564.68563173895
27057,2021,7,2,"27029,27159",426569.2919847059,349212.1063047659
28103,2022,2,1,01107,253066.77342447653,264827.45136590576
45015,2022,3,2,"45089,45043",493244.7541245024,481872.73118839855
30027,2023,8,2,"30015,30107",582322.4087957024,453221.31654196215
29095,2024,8,2,"29101,29107",392962.9731175613,384453.0771130713
26129,2022,8,4,"26001,26135,26039,26069",264095.6479232163,265467.81139000936
17087,2024,8,3,"17199,17151,17165",326850.37132625043,238170.70082016164
29113,2020,5,1,17013,321048.2830126094,311307.0221294484
54107,2025,4,1,54073,274016.30515858595,265162.90645187674
33009,2023,5,3,"50009,50005,33013",635729.6964746703,495366.845006485
21187,2025,4,1,21103,342647.49156539136,402899.949487659
19129,2022,9,1,19145,443552.599060262,249927.697055585
53075,2022,5,4,"53021,53023,16009,53001",491536.33923657745,483355.1647473242
19117,2021,12,1,19185,287006.2598798983,261882.45043380893
29143,2021,3,2,"47095,29069",151666.6118206811,181720.3670527818
20183,2024,4,1,20141,225727.2298552168,198046.043502125
32033,2023,7,3,"49027,49045,49023",315117.1233299976,539300.6409804387
29173,2025,6,1,29137,442780.479026713,407880.87871111743
26159,2023,7,1,26149,418467.2118378717,339096.96432970144
41063,2022,8,1,53023,770239.9251672643,342954.90420867736
13045,2022,11,2,"13097,13121",407847.3898571179,637990.5159187657
18019,2020,5,1,21223,272168.7578818709,267877.33834652894
48291,2025,5,2,"48071,48407",377930.59183232114,481897.23409375036
21231,2024,7,1,47137,277539.9192370254,396271.9212942915
41069,2022,7,4,"41013,41065,41021,41049",1132032.4986461047,622900.3231141041
13189,2023,3,3,"13301,13163,13317",320021.64649654523,281480.6027856184
17131,2022,6,2,"19115,17071",326731.4256711393,252698.80979374773
46049,2023,5,1,46045,,503617.7033127923
48505,2021,5,1,48247,273408.90290116443,239705.24225057673
17055,2024,9,3,"17199,17145,17165",175245.5092214631,205638.55346986858
26057,2022,9,1,26037,275265.1169969215,413449.28713638335
18157,2023,6,1,18181,396762.41454348137,327666.635829105
29071,2021,4,1,29073,352305.8780420158,343672.3105032987
53003,2022,6,1,53023,492045.7096491221,343923.9000995143
37039,2023,1,1,13291,400065.60695457616,555316.5303512304
41025,2023,5,1,41037,412433.1191326704,317507.3923865222
40137,2021,6,1,40033,211088.16742207637,208550.50573708533
48041,2024,2,5,"48477,48289,48051,48395,48313",501773.0349503576,623551.1221344003
29007,2025,5,1,29137,335367.96305483236,406422.5745199562
13311,2021,8,2,"13291,13281",395295.6055595749,538094.352186167
35049,2021,7,1,35028,879025.784010537,639248.359264816
37017,2022,1,1,37141,312013.1649872148,631374.0121180443
01113,2024,5,1,13053,286626.01899001945,251261.94766651708
38033,2024,5,1,30109,324685.7738467549,391626.1506321093
22109,2021,3,1,22007,292023.06937020743,254644.1532517016
50023,2020,5,1,50017,452580.7605889659,445711.2746726363
34027,2025,5,1,34037,1007869.0443005422,590569.6894270047
34017,2024,5,2,"36085,36047",975302.1396604758,1248760.4459019843
29001,2022,3,2,"29197,29103",303109.10811573674,294451.9611455989
39147,2020,10,1,39143,203824.5151233691,195452.055560016
20143,2024,5,1,20123,326873.0579584317,259489.03983031187
31075,2023,8,1,31091,,280074.075115376
48279,2023,9,1,48017,187480.91397161796,264005.3828842063
27137,2024,7,1,27071,388968.6226941045,280188.0075394541
20191,2023,6,1,40053,280580.59184843785,303773.90934237145
42083,2025,6,1,42023,186798.22276899265,149545.9321308473
01067,2025,2,1,13061,340748.4801539298,349357.460446904
20007,2024,7,2,"20097,40003",201002.71520965575,296400.88743127824
48281,2022,5,1,48333,516836.1893282051,947780.70325338
48297,2025,4,1,48255,555411.5038723602,517188.5272944169
37047,2025,5,1,37141,287920.1347829088,723865.4394322713
54063,2023,7,1,51045,281609.50001488556,364048.0314241368
01005,2025,2,2,"13061,13259",267100.6457856356,297234.713050837
13001,2021,10,1,13005,271854.19348109607,250777.3423534635
13133,2021,8,2,"13265,13141",1226460.1095627996,354140.62781583477
56007,2021,6,1,08107,304520.6093011247,1689208.586177566
48029,2025,4,1,48493,424418.541313122,606172.2177888677
36091,2023,7,1,36093,603106.4302382213,378026.03124722646
21177,2025,1,2,"21219,21149",243334.13571025335,370242.61351967556
28133,2023,12,2,"28135,28027",202216.09314956213,188525.54516143556
29023,2021,4,1,29069,221029.30329840665,162752.32695553274
13273,2021,5,1,13037,218490.41450961225,227114.90573370783
42097,2025,4,1,42093,271174.6027573787,453407.4375358171
35045,2021,7,1,08007,293793.3131813503,812883.8018145636
13011,2021,8,2,"13257,13119",441296.4678793736,359877.39951657574
05111,2024,8,1,05067,224129.05484812264,174864.99260161055
17057,2020,7,1,17169,145409.48304163816,255242.19351153867
18107,2024,6,1,18045,322050.13976754644,316203.6300884092
13153,2020,9,1,13235,261901.16835082936,230300.987876124
17017,2025,4,1,17009,182045.8946902964,273769.5300677654
36035,2023,2,1,36041,317969.3306552887,486811.4402893237
05027,2021,12,1,22027,282070.960127607,236049.63713513865
53039,2020,5,1,41027,551651.5288874743,745921.3770432798
24005,2025,4,1,24029,570645.4739692634,743050.9923886308
20131,2020,3,2,"31147,31133",321903.881340568,307242.5056471996
38005,2024,7,1,38095,273738.6737665159,257537.6083044466
22073,2023,1,2,"22083,22067",307722.61937321577,257193.5705919418
44001,2022,6,1,44005,872694.6503320009,1229657.3685478878
29125,2021,3,1,29073,352648.8174886736,335439.01491625054
06029,2022,3,2,"06031,06079",452520.9635295568,849889.6775084717
01013,2024,12,1,01131,244466.0111267458,265671.3561775911
48157,2023,4,1,48481,574926.5780392279,504250.1355875689
31141,2025,5,4,"31167,31121,31125,31143",433932.91648505814,418815.15242265887
31031,2022,4,1,31091,425068.9650592237,264646.75724843
13245,2024,5,1,13163,286292.6154940189,264470.22278009163
04017,2024,8,1,04009,635476.2835151729,393860.71538346185
37041,2021,4,1,37073,328943.5114625804,324313.1533587145
40065,2022,8,2,"48197,40075",230657.95343124683,188646.20696723147
51015,2021,6,1,51820,453157.3102230493,330374.1676341922
18015,2025,4,1,18023,365741.7472355046,345807.28293492465
04015,2021,7,1,04012,498337.6593979289,466376.9942487832
13001,2023,3,1,13279,268739.7588449593,264478.97995341284
35017,2023,5,3,"35003,35051,35029",361002.8305547924,288809.0037619455
23003,2020,5,1,23029,176466.45966952475,225927.06822481196
42105,2024,6,1,42023,288618.3846031537,154620.7189612849
32007,2020,6,3,"32033,32011,16083",382573.3516565601,311863.0218819643
32027,2021,5,2,"32013,32001",332697.7514640732,414187.01330621494
13013,2020,4,1,13059,292885.81521577993,326277.5311036148
08097,2020,6,1,08065,5159837.60660869,466129.97935691336
56029,2022,8,1,56017,660441.9210717957,358556.10520106595
48087,2021,3,1,48483,216832.5085033823,220921.61562838827
17109,2021,10,1,17071,161908.40433914805,219286.7462172618
23005,2024,3,1,23023,862356.696047429,634233.8866028151
22033,2022,7,4,"22037,22121,22091,22047",404755.5839517445,356229.4308203776
34041,2025,5,1,34037,566834.7498142258,590569.6894270047
08059,2021,8,2,"08019,08047",828797.0105451787,783151.2832733893
32019,2024,9,1,32029,506257.3635420567,725181.2581413724
13243,2023,1,3,"13037,13307,13259",233827.2914791116,280158.77433560527
46025,2021,5,2,"46077,46005",443069.44814828754,379467.9198703027
37193,2024,12,1,37005,365389.0723760204,471336.4202867258
40009,2021,6,1,48483,227369.11585719613,234905.56919325344
16013,2021,8,1,16025,1876690.2497979456,622112.6667780236
29223,2024,11,2,"29017,29207",223639.5916130362,288626.20590440236
28029,2024,8,2,"28063,28077",254949.1816043207,247424.40093137472
20201,2024,6,1,31095,345299.90632265963,341438.09599111043
05147,2023,7,1,05123,189207.88422150732,184428.03973617023
06045,2024,1,1,06105,749628.7568646072,430032.4644072233
13319,2021,7,1,13023,225704.2387825627,244778.46616306176
22065,2021,4,1,22107,,368778.85470099584
12067,2024,4,1,12041,413716.0317337436,452334.65994741675
41013,2020,5,1,41025,589566.2857109462,292967.3624058421
06017,2023,10,1,06005,986980.5825873184,608720.9824892461
48331,2021,3,1,48287,517536.4172723023,588714.6812454793
40079,2025,4,1,05113,296081.0197070757,324283.52360980754
08055,2020,7,2,"08109,08003",359710.643824944,333464.47538594774
27121,2023,4,2,"27151,27041",539308.3763203342,489773.9577604445
37023,2024,12,1,37011,406768.03836311423,1011166.3581966412
13295,2024,2,1,13047,369260.9867349169,400688.9740294814
48343,2021,5,1,48459,274141.18892419344,329290.8548172994
12123,2022,7,1,12029,348650.63620261283,371865.3106355487
27011,2021,8,2,"27073,27149",351696.4028575203,447226.5711875915
13057,2024,2,1,13117,670724.3661965794,880398.0575166252
17125,2024,3,1,17017,164742.22140719744,168928.85550916925
27095,2021,5,1,27009,378843.3488052177,368578.228451661
13043,2025,5,1,13109,369945.0789781411,313918.37097403104
06065,2021,7,2,"04012,06025",712262.5163086164,428705.0500793437
55031,2021,6,1,27115,321647.7694008022,318254.0767347303
12099,2022,7,1,12051,1010950.1150196226,392846.1718794634
55029,2021,7,1,26089,589410.3236181398,1005250.7731526066
08013,2022,7,1,08047,1388684.8343007823,811653.2188598119
06051,2024,8,1,06109,1237943.481652675,551631.0412793992
27111,2021,8,3,"27153,27159,27041",482056.98546164174,413503.91296701477
17151,2023,4,1,17069,281558.7278833096,206055.41700105337
47141,2025,2,1,47159,478411.3534200832,469693.6900819573
30013,2023,6,1,30015,440850.30336694856,565475.9122407404
48351,2024,6,1,22011,286958.5364264305,307405.1695113526
26073,2020,7,1,26133,269173.3896112154,219510.20366757663
48133,2022,5,1,48093,407558.66078867344,553559.1719732097
29031,2021,3,1,17181,342850.82935609017,256596.62770956077
13217,2021,12,1,13247,361218.2409060855,383220.0417101916
31027,2021,8,3,"46027,46135,31051",464804.5608266131,396415.9487228819
48409,2022,9,3,"48025,48297,48249",331428.12374148826,413633.1833662472
19029,2022,9,1,19009,268526.32811840886,292264.100110732
13215,2022,6,1,13053,295760.7079805592,259899.03807202788
20195,2024,9,1,20163,265583.78684404393,240200.01923273632
13297,2023,4,5,"13211,13247,13013,13135,13217",504881.5823007158,497869.17230431363
45015,2022,7,1,45089,523222.0480742093,300748.37010343146
32013,2024,6,1,32015,470238.3352590427,403006.0787471742
17049,2021,8,1,17079,322490.8905108874,255574.55666975785
42021,2024,4,1,42009,188754.60019773772,313519.7519386839
13095,2022,6,1,13037,207530.033207246,251200.80659121092
18089,2022,5,1,17091,365509.91716181167,297764.1225495944
51059,2022,6,2,"51610,51600",1117004.3816484192,1285811.370714233
18163,2024,6,1,18173,306621.8734580093,422487.72858050145
51003,2021,5,1,51540,758415.477504551,657086.7912840802
13263,2021,12,1,13053,332502.7578082614,242097.7538116882
37027,2024,1,1,37011,370134.7465673446,972285.9338001168
19051,2021,6,1,29197,318021.044638688,277461.58238154935
47169,2025,2,1,47159,521628.28786088544,469693.6900819573
55131,2020,10,1,55089,464204.0220688988,596846.0518889645
16031,2023,9,3,"16083,49003,16053",516415.6657769773,572586.5516600953
55061,2022,7,1,26019,406856.38287457265,661979.4165004845
30025,2024,6,1,30109,311918.1040655154,388948.3357613953
08113,2024,8,2,"08033,08111",4459224.384473409,721350.1507201211
13161,2021,12,2,"13005,13309",235802.65974683396,261770.78359260797
18023,2021,7,1,18159,273868.03112764074,297295.8966989003
55027,2020,6,1,55055,317832.08307983004,366130.4618878653
16033,2020,7,1,16059,317214.1081714762,383294.62683763175
21193,2022,8,1,21189,171217.20817330343,248455.7765814955
13267,2024,5,1,13279,305871.3251743512,288753.04093447275
06097,2021,11,4,"06033,06045,06055,06013",1225207.4856916887,1139766.3002395104
48193,2022,4,2,"48333,48093",693651.0522589419,744205.5287946189
48463,2020,5,1,48507,319395.35580108507,153763.87763828805
29071,2021,8,1,29073,368770.7406805915,367429.8957080368
06085,2024,12,1,06069,2935214.4607281084,1000223.8706895284
48339,2022,5,3,"48291,48185,48471",570054.4011645418,550968.2338501972
13017,2025,6,2,"13315,13271",224755.99413385757,237427.41801169916
22127,2022,1,1,22021,200151.74669991224,260389.67266542884
37017,2022,5,1,37141,323112.89489151153,691883.6316177454
26041,2022,6,1,26153,259599.64422133236,298069.81621912884
17167,2020,3,2,"17017,17129",245937.97649577897,193193.42591494188
29185,2024,4,1,29083,374932.77084966254,386010.4746201837
35023,2021,8,1,04011,202995.297718892,346746.4520012453
18139,2021,12,1,18065,323668.55155659484,254317.78282321163
08109,2021,7,4,"08105,08003,08053,08079",435542.1995616995,528228.6977336766
13285,2022,11,2,"13145,13199",334556.41519237636,410998.7129377503
01041,2023,4,1,01013,264778.91652584006,237963.2635117027
37029,2023,6,1,37177,444034.9750369114,314246.91100004275
06085,2020,3,2,"06069,06099",2088978.4825134184,657301.1095787904
53031,2025,2,3,"53029,53055,53035",858514.4420728552,1172245.9993090422
51013,2025,6,1,51610,1404606.343190941,1760281.194946372
41059,2021,6,4,"41023,53005,41063,41049",376442.5217366365,523067.1679603271
13167,2020,1,1,13283,193050.80928823331,224223.2548027284
55113,2023,4,2,"55005,55107",580001.0368203104,367469.01963424124
30085,2023,4,1,30091,283446.5550838496,327396.4073592562
24015,2025,5,1,24029,541031.9295550826,742761.4327889443
42033,2025,6,1,42023,216683.01012994748,149545.9321308473
49025,2020,7,1,49021,441904.5789645207,399466.7180170897
25005,2023,6,1,25007,656790.843780547,2884953.1552215894
16017,2020,5,3,"30089,16021,16079",630443.0478145242,380644.8755400825
12119,2024,4,1,12017,591968.8024861546,439374.764262544
05095,2021,4,1,05123,215065.42863545977,172585.25375551928
29047,2020,7,1,29177,339749.2678284298,284194.31661134446
21093,2021,6,1,21163,304594.8660486373,320294.31077596534
17079,2023,5,4,"17159,17033,17023,17035",262728.8024975422,242114.85397674955
54025,2025,6,1,54063,358804.3658635036,306395.96525252645
48393,2021,8,1,48483,,245277.34413219464
37163,2022,6,1,37141,274500.66482406255,706441.8693036763
12023,2025,1,1,12041,429817.9863315325,462055.4161962618
31141,2022,8,2,"31125,31143",399304.4708047523,358266.8038932995
39009,2023,4,1,39115,289765.8224334587,255016.63011453845
19063,2022,5,3,"27063,19041,19059",236931.34618918507,473618.9198352047
38077,2022,9,1,27155,360547.1162397741,404672.90307688626
48043,2021,10,1,48377,372246.2336011198,334978.10988700326
20131,2020,7,2,"31147,31133",325917.34840986336,308450.5080492912
48479,2020,4,1,48247,271280.99302144855,217539.0030709036
54087,2023,7,1,54105,225008.5489560177,214295.2640978284
48387,2024,3,1,40023,404928.2998606825,283218.7767431861
13001,2020,6,1,13005,227063.9958264348,204887.1655841104
29187,2025,5,1,29157,320463.67362810037,362335.0467856129
01047,2023,6,1,01131,188421.8769786066,269419.1223168343
33009,2020,6,1,50017,414865.03149682767,446441.63780817174
08043,2020,6,2,"08109,08119",366214.54713407555,415814.30630189145
33007,2021,6,1,50009,321190.4772225096,381338.3056787763
31031,2022,8,1,31091,436335.11234925734,267588.51073684305
30029,2021,9,2,"30089,30073",959341.2281683934,481257.25948883744
39065,2025,6,2,"39101,39063",295713.3661756545,334167.36828040273
13185,2024,8,1,13101,338212.92472306866,309497.4381247006
48185,2020,4,1,48313,531062.0255764051,374678.3875366238
48397,2025,5,1,48231,662266.9752835588,472340.3001227057
16001,2022,11,1,16045,780126.8332593549,779591.7471024143
32023,2022,6,1,32001,478250.7935232042,508974.07016049867
13001,2023,7,1,13279,277902.1008377857,273651.92166584334
53043,2022,6,1,53001,540333.3289870342,409635.2838376911
27051,2022,9,1,27155,421237.3010997004,404672.90307688626
01005,2022,5,1,13259,270861.9460128496,238497.83032888416
45091,2025,5,1,45023,639419.3021887456,351959.2180667839
18133,2022,7,2,"18109,18021",394452.6693462453,346183.26650049957
51121,2024,5,1,51063,513452.0937501392,380613.4778856792
16007,2020,6,3,"49033,16029,16041",432737.89664502005,456928.7903626019
21075,2021,2,1,47095,124766.55257005244,200571.00410252897
29023,2023,1,2,"29069,05021",255211.8902491212,201177.22941875982
51191,2022,7,2,"51520,51167",364535.8966938138,233709.81500580563
48087,2021,7,1,48483,240146.92113138913,240162.19962159477
01111,2022,5,1,13149,426569.6369823732,408265.0475204286
37099,2025,6,1,37113,1228439.5493966688,788908.7422867074
35033,2023,7,4,"35039,35047,35055,35049",,640635.143581836
51195,2022,6,2,"51720,51167",208294.9852148495,212304.7789684182
19137,2022,9,1,19145,251152.7087713126,249927.697055585
29161,2020,11,1,29073,274018.71438538394,312290.8252455958
37117,2025,5,1,37187,214051.3569180189,208730.1762947716
06067,2020,5,3,"06095,06113,06101",571185.6992296759,599374.6328106971
22063,2025,6,2,"22095,22091",336974.7441259739,286895.3385278766
12115,2021,7,1,12027,666879.5938437255,362232.49763243785
48215,2022,5,1,48489,269531.71769526857,597846.6324391119
05147,2023,11,1,05123,184872.2451140656,184638.50387139883
05111,2021,11,1,05037,201084.451312994,240484.55568255248
13233,2024,2,1,13143,335125.85108528,396128.07060959697
05043,2024,8,2,"05025,05011",269799.6980631209,251361.33885217347
17115,2022,9,1,17147,194700.22126632545,344672.0647731656
12091,2021,9,1,01039,562259.5757939598,263955.8858005619
37177,2025,5,2,"37187,37143",315359.21010837494,326701.77271776774
26137,2024,7,2,"26119,26029",361081.60042423423,553844.0339966395
31015,2020,6,1,31107,,364817.1171858948
13181,2021,3,1,13317,347100.4971993592,269356.5790140617
30049,2020,5,2,"30043,30077",407849.095651763,413835.1515985569
13311,2020,4,1,13281,304846.11873466393,430767.082576415
53025,2022,6,5,"53037,53001,53005,53077,53021",533314.3001833959,621021.365873458
48249,2020,5,1,48047,265310.05644859857,177955.97492184708
48215,2025,6,2,"48489,48047",290153.1136818225,312175.6306823607
48115,2020,6,1,48165,185886.60427381887,300879.03789888805
47133,2021,2,1,47137,346532.8036746027,334335.29310521705
13137,2024,12,1,13281,475550.617236237,640208.872482069
05057,2025,1,1,05109,232331.9451311398,338771.36284950183
22035,2024,8,1,22065,205366.65089012284,180424.80748061385
30051,2020,6,1,30101,270974.7121752975,283502.0963151869
17109,2020,6,1,17169,151648.2213981352,257475.90424951477
48029,2022,5,1,48013,433611.23014153977,459844.8717737433
21057,2021,2,1,21001,207442.5627528677,214902.11972497823
18113,2020,10,1,18087,294660.636370372,391379.62294359365
27095,2021,9,2,"27009,27141",398558.65522863745,412708.95047961164
38067,2024,6,1,38099,194036.20086888305,238869.74601110577
28157,2024,12,2,"22029,28001",251222.0472723913,249995.37202749203
54083,2024,5,1,54093,253309.2074532583,396453.4368578607
26055,2020,5,3,"26009,26019,26089",,571448.4471251233
32021,2022,7,2,"32019,32001",240857.75520387993,523075.87128271523
26113,2022,9,1,26079,347955.3201922532,354979.3643304564
12081,2024,7,3,"12049,12115,12027",798713.2676866382,585976.7844656592
18149,2020,8,1,18131,215068.3579669594,191479.9347706388
29019,2023,3,1,29135,483128.9923614648,383017.7443379524
13241,2022,9,1,13281,903245.6843346588,639212.8616806915
05119,2025,6,1,05053,372237.8963750099,313998.7097625502
27129,2022,8,1,27103,347401.76592709916,424039.3489446664
41047,2023,9,5,"41031,41043,41053,41005,41065",592391.1663635565,666691.10806506
19193,2020,8,1,19133,251144.84306151644,203345.09914814137
29161,2022,4,1,29073,341603.24278481916,411340.27617730753
48023,2022,6,2,"48155,48275",244610.7791735997,269619.4420811553
38103,2024,8,3,"38093,38031,38083",274602.4742978097,318409.7827638052
06025,2024,8,1,04027,434228.68073448126,387110.3033768377
17083,2024,4,1,17013,321005.84222223563,354452.7789606545
29195,2020,4,2,"29033,29041",244120.92490350315,232622.14806110575
45075,2021,3,1,45011,235130.9387494499,246851.22761308576
32013,2024,10,1,32015,477249.37407442386,408635.3639552852
17049,2021,12,1,17079,342845.3962794868,247538.8040043371
53047,2023,1,4,"53043,53017,53057,53025",585673.0099733284,631992.6099350201
22103,2021,12,1,28045,451171.10144982,366840.49094788375
05147,2020,10,1,05123,156644.83643101912,171106.47992256994
54077,2023,6,1,54093,240479.13440305428,386214.5570846368
51003,2021,9,1,51540,785183.226604845,681341.3032892818
21067,2024,8,1,21017,497200.3967628379,511225.9288840892
37027,2024,5,1,37011,376107.2043410714,984384.1710056268
39041,2025,4,3,"39101,39117,39083",712563.80167358,383960.8711537421
48481,2022,5,3,"48321,48015,48239",523063.81372078415,617240.2176560244
35013,2020,8,1,48141,302608.26692512044,224829.6274120097
18171,2024,6,1,18045,393417.6624969661,316203.6300884092
45075,2024,4,1,45011,281145.19835950853,266276.3373297058
56023,2021,7,1,16007,680406.8350267344,613816.0413336799
12095,2025,5,1,12105,658456.5510097098,407843.9810853515
39031,2024,7,1,39083,324101.1828096095,442578.9093886007
13291,2025,6,1,13281,574018.5780466454,629737.4595771079
39123,2020,11,1,39143,367955.0995837291,199204.76297849484
12071,2022,4,2,"12051,12043",681736.1009654122,390568.8711323588
19051,2024,11,1,19101,419122.46675629984,307717.0063797157
53011,2023,10,3,"53059,53015,41009",775929.9180903169,654202.4029689544
27021,2021,7,2,"27159,27153",484981.36086389545,363747.10537863453
29081,2025,6,1,29061,358322.22543437144,544799.1450586206
47107,2024,5,1,47121,397049.7084884954,519045.3100950781
27111,2023,5,3,"27153,27159,27041",506151.6732935624,442815.474424476
34025,2025,5,1,34021,1197191.1981312043,802032.106849278
37155,2022,1,1,45033,204226.01874973296,209227.11426875216
17049,2020,4,1,17079,293932.52066405327,217614.88320158384
48101,2022,8,1,48197,194499.9960560651,194094.1054344238
48289,2020,4,1,48313,501586.3469210765,374678.3875366238
20089,2024,4,2,"20141,20123",284583.6916885339,228498.66444606375
06103,2021,4,2,"06045,06021",436847.3096899117,710818.1515069497
22117,2025,6,2,"28147,28113",242067.13542691505,234553.93932454666
12071,2020,11,2,"12015,12043",451686.9769769789,341296.5114196992
19083,2023,5,1,19079,243756.75917269837,273804.4759776714
21071,2021,6,1,21115,180827.0032433883,216858.9420018231
37101,2021,8,1,37127,392033.4528923493,297015.2593605486
21027,2021,7,2,"21091,21163",269117.9379856247,300705.80179264356
34015,2023,8,1,34011,471238.6947206638,332079.3274505769
44003,2022,6,1,44005,521754.12161305174,1229657.3685478878
19177,2022,6,2,"19087,19101",318572.4355293372,302831.871515985
45009,2024,1,2,"45011,45005",255830.00042743157,209563.45232706453
17167,2020,7,2,"17017,17129",246279.17530057975,194887.29209252092
20207,2025,6,1,20133,300256.4177746628,239431.54955270523
54007,2020,8,1,54021,188906.19150642504,162573.5248728617
17121,2021,3,1,17027,168121.1196463035,278478.48522306944
39069,2023,4,2,"39095,39173",278591.32595404657,310639.73941546155
21183,2025,6,2,"21177,21149",259044.12489190465,280146.6039451349
05147,2022,3,2,"05123,05037",190802.774838155,218762.28049692058
31025,2023,6,1,19129,480537.7288112566,440329.6168530201
13289,2021,5,2,"13021,13023",202578.8168820535,233788.34426150416
17191,2023,3,1,17159,234253.97532585065,221397.37548576645
23001,2022,11,1,23023,392183.7951823864,583880.9351781731
29107,2023,8,1,29101,338748.0849776681,418610.60141725576
08023,2021,7,2,"08021,08003",338506.01784230734,363857.10048449214
47181,2022,5,1,47039,316098.4101279291,332290.9732011331
47133,2024,9,1,47137,407715.70348836813,400082.1497700196
19081,2023,3,2,"19189,19195",281179.13563828735,251702.86324393837
55113,2023,8,2,"55005,55107",583235.766403098,373774.76230633096
47169,2022,5,1,47111,509618.3001397064,405736.8469760888
19023,2023,8,1,19067,335321.38903654175,299045.4349236272
17059,2024,2,1,17069,136927.0322427811,214212.77403779785
47045,2021,1,1,47095,233549.57413548883,199223.7585569527
19003,2020,3,2,"19137,19145",235906.39987714324,189168.73053782654
06043,2023,9,1,06109,600599.1574479826,558077.198885196
39031,2021,6,1,39083,271269.51706631464,360052.89448563865
41061,2021,8,3,"41063,41023,41001",435581.9567147522,544246.1089412491
41017,2023,5,2,"41039,41037",1083203.5625878756,467141.8975275173
18083,2024,6,1,17033,258580.62854580136,216788.6948677639
30071,2022,5,2,"30005,30027",395748.8956335901,524150.68603057007
41039,2021,1,3,"41035,41043,41019",504730.47972959274,402829.7122781959
01063,2022,4,1,01107,261335.45569586,265435.2012773424
35053,2024,9,2,"35006,35003",278770.3525329964,303208.7385897931
49037,2024,6,1,08033,569451.052750431,539171.7266623834
22111,2022,7,1,22067,266511.9139033071,215837.86567465903
22107,2022,7,2,"28063,22025",421493.18423278513,286387.4193317434
47065,2023,4,4,"13313,13295,13083,13047",520440.38146277127,366705.72335841955
20029,2022,6,2,"20089,20123",215666.6235831103,288823.2525424749
29087,2022,6,1,31147,,311943.46240396594
18057,2025,6,1,18023,691556.3520193038,343991.6209212059
21197,2021,6,1,21173,213383.56090163064,268089.8857797282
13007,2021,4,1,13037,358446.13543674134,223718.00740528284
46109,2022,9,1,27155,513431.61599606974,404672.90307688626
06107,2024,11,1,06031,488216.2954683791,469964.6567437408
37171,2024,7,1,37005,380047.77485907107,466723.1143971745
17061,2022,6,1,17013,213007.31018769043,357755.09575615585
05075,2024,11,1,05067,222562.54638240396,176397.21877857586
28109,2021,10,2,"28091,28045",268567.20959396666,297949.9983647985
30093,2024,9,1,30023,435094.0150859629,471731.0269155097
26095,2024,6,1,26097,227923.29933978195,338555.44340816885
54099,2025,1,1,21159,218746.8242611652,197425.83172208085
48079,2020,5,1,48017,143566.5143697908,215674.14036014173
06019,2025,2,1,06031,589865.286797504,475049.5021860639
13099,2021,3,1,13037,224222.1222000767,220763.00827092468
29131,2023,4,1,29135,416079.59085292934,381862.3224409835
40055,2022,9,1,40075,190002.7087370505,182409.87653297276
13287,2024,1,1,13315,280195.6806623882,247335.11035498345
48409,2024,9,1,48391,323750.7282691193,264445.4038006665
21115,2020,5,1,21159,191732.77718707916,142348.49394372792
39077,2022,7,1,39005,271492.3558180645,331451.3292503513
48255,2024,12,1,48493,517577.97220622055,608838.5134454634
21059,2024,6,2,"21183,18173",319605.9631913383,328411.6197655898
51165,2022,8,1,51660,496956.7032274077,448815.478820079
13267,2021,6,2,"13107,13279",261831.09527221884,228127.54531517698
22029,2021,5,3,"22077,22125,22107",225885.97348794705,397105.62327106175
29023,2023,5,2,"29069,05021",256012.1488037553,201271.46897165128
48231,2020,8,1,48119,337469.61956674635,289823.66118054517
06071,2022,6,1,04012,770380.9047873626,571994.1525139994
27155,2021,7,1,27149,416466.3201909521,370093.18691214494
48041,2020,1,1,48313,383552.17155804025,363084.63114094664
47163,2023,9,1,51520,397735.9210383568,248065.03768758557
51131,2023,12,1,51735,588569.5310007635,602398.1933517529
40141,2021,6,1,40033,122325.97234222211,208550.50573708533
41023,2023,8,1,41069,532935.7041094872,936461.799865216
34003,2022,3,2,"36061,36087",942801.5777877754,2079450.2681286214
28093,2020,6,1,28009,258031.91293068175,218932.9414247663
13211,2022,6,3,"13219,13133,13159",688350.2018532987,894148.8811534354
48283,2022,4,2,"48127,48013",395944.6492793625,358201.406971739
17157,2025,5,1,29157,244792.81568091328,362335.0467856129
48505,2020,5,1,48247,247808.68096489235,218849.19767867573
13161,2022,6,1,13309,252637.2376939879,278025.7735687687
20057,2024,7,1,20097,300647.07246866456,306961.3149397753
48225,2021,4,1,48455,416431.71548145567,307182.0283476044
13157,2025,4,1,13219,550724.7532740785,799091.1156523925
20065,2024,9,2,"20147,20163",214337.73997708232,240117.87778868957
29107,2020,5,2,"29177,29033",243070.255114542,261796.66467522597
16033,2022,7,1,30001,536243.2492093664,680070.2440683868
47133,2021,6,1,47137,369371.61485143687,362337.9854319783
46039,2021,8,3,"27081,27073,46011",591151.9399910351,464257.9064734888
28109,2023,3,3,"28035,28073,28091",284166.2297922945,305039.6928503954
29013,2024,8,2,"29083,20107",412445.7133146491,375952.6527020457
21227,2023,12,1,21061,431710.1794796772,313489.95717951754
16019,2020,5,2,"16029,16065",395220.1074434953,372852.08482875384
41035,2023,5,5,"41019,06049,41039,41037,41029",443903.7778332241,477289.51599665574
17091,2024,4,1,18111,312253.1573374123,337490.7049572275
30093,2021,8,2,"30043,30023",348769.8350891914,477792.2258257412
40055,2024,2,1,40009,193217.43736205308,258318.10398022583
54001,2023,8,1,54093,215125.83731676135,389666.2154011384
48001,2025,4,1,48225,422551.3877004255,441769.5920027581
41039,2024,8,2,"41035,41019",627524.972927752,479713.5080693431
01033,2021,10,1,28141,278640.3895131284,295719.4601963788
19007,2024,10,1,19185,246102.31321025084,296911.55490878626
19025,2021,7,1,19021,257506.41592768245,246774.4225173178
19193,2025,6,2,"31173,19047",329307.50503788237,334561.2014272768
22071,2022,9,1,22075,588877.4347794844,582468.3030046847
46025,2023,6,1,46005,530673.3749189076,401654.6621586654
17099,2024,8,1,17123,305940.18964127736,203193.17799559503
51179,2024,4,1,51630,677573.6078427848,627740.1661723033
13263,2025,5,2,"13053,13197",377355.1938186863,302733.5351031994
54107,2024,7,1,54073,268629.17677305633,257598.0334097074
48395,2020,5,1,48313,488655.859576089,376663.5095569112
48403,2022,1,1,48241,343844.33942071564,355884.9169252378
16023,2020,5,1,16059,,378444.4759427349
51550,2022,4,1,51740,524693.9786748526,302142.59910757653
18057,2022,3,1,18159,613262.8024887362,320468.6119141351
17139,2023,2,2,"17147,17173",243588.26497197908,312142.1025825102
35043,2023,4,7,"35006,35001,35045,35028,35039,35031,35049",519399.60527474835,501789.22959805693
41063,2020,5,1,53023,534230.6692588752,259884.65972321815
25005,2020,12,2,"25007,44001",531845.8024801486,1365589.556916123
23011,2024,6,1,23023,446549.8116813663,646730.0533402585
29205,2021,4,1,29103,295779.8681187388,250375.9185341988
31041,2024,4,2,"31115,31071",430224.26661310176,556237.5648656946
06099,2025,4,1,06109,614909.8150112153,554277.0147538629
55079,2024,3,1,55101,408897.5811283376,435235.4255649373
05077,2021,3,2,"05035,05123",210702.80988932683,200013.1914736401
30029,2020,5,2,"30089,30077",629903.6909929957,385664.8919562835
40113,2023,1,1,40103,352790.95895555493,312115.50389476324
46115,2022,7,1,46005,379338.6851058937,395374.6015584115
39029,2024,4,1,39151,264462.74504071416,315270.6232751914
04017,2023,8,1,49037,618793.8365410521,568987.6984879075
55117,2023,8,4,"55089,55131,55015,26105",413087.24465949455,539255.2598235866
01119,2023,6,4,"28075,28069,01023,28103",250017.00387106475,241635.74413787128
13257,2023,7,1,13011,379300.3469845124,491468.06839579897
06073,2021,9,1,06025,1265618.8884474311,397443.1636430216
41005,2025,2,2,"41065,41027",921334.7169796549,802115.048622482
21127,2020,2,2,"21159,21063",218170.709712534,167928.1321570929
37155,2022,5,1,45033,216356.29411791623,207460.4686605877
47125,2021,6,1,47083,350123.6788474456,336339.53953669727
13135,2024,8,1,13013,581201.4331296497,447625.3423917264
19139,2022,8,1,19115,313407.5160966408,271870.3685273871
31057,2024,7,1,31085,586333.1200294198,658215.6886902271
01113,2023,8,2,"13053,13259",279195.30664899765,233367.5331185364
35023,2020,7,1,35017,179055.20087022765,260280.94784516105
17025,2021,8,1,17079,186930.1863652647,255574.55666975785
29219,2021,7,1,29073,449801.32301787706,366332.64821272297
34027,2024,8,1,34031,980912.4245241238,709908.1495022195
45027,2022,4,1,45089,351676.0539921093,295621.39742218
29065,2022,2,1,29093,292146.2454902066,246027.78244550517
45009,2024,5,3,"45011,45005,45049",288379.28062694985,243794.4701966309
17175,2025,5,1,17123,298435.20805228467,207744.689160732
48271,2020,5,1,48507,202824.00404032823,153763.87763828805
31021,2024,8,2,"31173,31039",378188.85214266734,467221.9996196065
17121,2021,7,1,17027,179058.49908715798,287461.83811837144
47159,2022,4,2,"47087,47111",506327.57309180754,393833.25455654296
18099,2020,8,1,18131,276214.1276121086,191479.9347706388
26025,2023,6,3,"26149,26023,26059",272059.9082311289,332058.91227298626
51059,2024,7,1,51600,1162671.7719132516,991519.6640379257
13271,2020,2,1,13017,174525.95503545387,147390.5134089039
48499,2025,5,1,48379,477784.6892604407,504506.8869760754
35039,2022,7,1,35028,512814.69534610753,693986.2601873716
26035,2024,7,1,26143,233060.9151491777,333004.36897823325
30067,2021,7,2,"56029,30059",1006536.5023667472,532617.6305212057
13153,2021,5,2,"13021,13023",282543.29117303557,233788.34426150416
17019,2023,5,1,17147,332592.53744128736,341060.2919118201
05075,2023,1,1,05055,209745.1335538848,291723.65541565773
19081,2023,7,2,"19189,19195",287413.6005836945,255390.59859522758
13199,2021,4,1,13231,282156.9927505318,409925.4108535112
18003,2023,8,1,39039,361925.8979014357,263475.16139759583
38035,2024,5,1,38099,393297.4607367225,236685.69975210223
39025,2021,3,1,21023,372020.0535801614,276101.23214961187
55083,2025,5,1,55041,448928.88671635353,359755.67635823955
38055,2024,9,1,38025,363418.7124678173,644566.7240911041
39123,2022,8,1,39173,469153.22371283587,342432.17404518736
17033,2025,6,1,17159,222804.9540372712,214102.61438022452
13137,2023,8,3,"13011,13281,13311",451235.0938201499,522488.5188825655
12081,2020,2,2,"12049,12027",481410.8355225827,274849.7134778551
48447,2024,4,2,"48009,48429",520097.1946081915,402439.1128070955
18053,2021,8,1,18159,200046.35820084132,300474.0384715369
26003,2024,7,1,26083,301125.324373771,330140.2911132683
48285,2024,3,2,"48123,48239",654277.506774381,494432.43737137766
22111,2022,11,2,"05003,22067",262797.79140030575,191322.75979184307
47095,2025,2,1,29143,247516.5154854306,182352.58193150812
48485,2022,6,1,48077,267054.21873598197,413739.1232271466
28145,2024,8,1,28139,269120.2573653475,238570.17596490993
39043,2021,5,2,"39077,39143",299045.71703783865,228176.1375314478
47065,2023,8,3,"13313,13083,13047",533016.2848746028,380159.508985943
05071,2021,5,1,05101,259764.8138021538,307081.11897590506
46013,2023,8,1,38081,361344.5574033123,387325.987860297
28063,2021,5,1,22107,290196.30252786726,372894.1031086635
16045,2021,6,3,"16015,16003,16075",698724.8683976668,658814.0879912949
55107,2022,9,1,55119,334406.9345349811,321662.1497521271
18025,2021,6,1,21163,227782.16244207972,320294.31077596534
42067,2024,6,1,42055,355308.97229549795,392608.2028296979
48177,2025,5,3,"48493,48285,48255",731639.6110581871,595557.8613507326
05145,2025,6,1,05067,325320.3630531784,177209.78424792588
28021,2024,1,2,"28063,22107",213198.1452757524,322393.5401729342
19015,2023,4,1,19079,355556.91086467734,272602.47299407044
48013,2025,6,3,"48493,48163,48255",424241.97229943424,476213.7047764314
49041,2022,5,1,49039,448270.6172464637,549172.6776758577
48465,2022,5,1,48435,318082.2531414714,287039.11956074316
32031,2024,8,1,32029,912507.2963695312,723754.3926266759
27051,2021,8,2,"27041,27149",402051.7657298933,434737.26619027625
19075,2024,6,1,19069,371840.6244850911,273269.40707888437
49035,2025,6,1,49043,822653.6888475395,3087928.8626159765
31153,2023,6,1,19129,471753.8823088593,440329.6168530201
36059,2024,7,2,"36005,36081",1178361.9659131947,877655.6253028905
22099,2022,6,3,"22101,22007,22047",291831.9037525587,264141.523092043
48135,2021,6,1,48461,327000.5934898546,245408.26576728385
13287,2024,5,1,13315,289180.8501427466,251029.2484916637
22025,2024,6,1,22107,212289.8317207823,396570.7664751433
16017,2022,6,1,16021,1134855.4789401768,782270.2815909825
16031,2022,9,1,16053,525117.3282366757,600440.9234097848
53007,2021,1,2,"53057,53037",744919.9481202232,690720.2901777225
39117,2021,5,1,39083,346564.08498642134,355180.6178924588
06071,2022,10,1,04012,754087.5518279765,572722.3771764416
48041,2020,5,1,48313,383572.57871733216,376663.5095569112
01127,2022,7,2,"01057,01133",254208.15127696295,401534.97540283797
48139,2022,5,1,48217,543183.9260896625,447410.3962172
26067,2022,9,1,26037,333265.7377634693,413449.28713638335
41011,2023,1,2,"41015,41019",522688.2383410652,604010.337803985
21151,2025,5,4,"21203,21049,21109,21065",408583.739163201,273630.5022738481
51153,2020,4,1,51685,574389.1714157056,424254.71051687887
39059,2024,8,2,"39157,39067",278974.67487119575,294947.6678131325
22017,2021,10,1,22081,255191.85172709983,254067.4933980836
21233,2020,7,1,21055,184821.75586808877,213401.55803248708
38015,2023,6,2,"38029,38083",490008.8916815356,324170.35980216594
05009,2021,5,1,05101,273694.17641856865,307081.11897590506
19183,2024,7,1,19087,376257.81020971766,319056.0784113577
08113,2025,6,2,"08091,08085",4646046.356896742,962160.3054469259
40031,2022,4,1,40075,243874.92186901823,179432.04312006818
17159,2024,5,1,17033,213744.47234877583,219895.39997130117
29121,2021,7,1,29103,300369.3128663714,263099.19455376867
28067,2023,12,1,28111,269926.19391403336,251638.3037655733
20187,2025,6,1,08099,324839.81573300046,298828.06274303753
16019,2020,9,4,"16011,16029,16065,16081",410322.428765172,504011.1497852586
51073,2023,6,3,"51095,51199,51119",471751.9668487288,605531.2127232434
31133,2022,10,1,31147,484029.7933849594,311037.694887636
30027,2024,8,1,30037,589847.7600618758,472929.6391354711
24011,2025,5,1,24035,495652.1687066695,819248.5886973249
49035,2022,5,1,49029,848087.8495424261,1137968.7370092864
13263,2022,8,1,13053,368380.2517203402,258721.0394686007
08081,2021,8,1,08107,352706.8568632997,1767235.0521363614
17073,2023,7,1,17175,275524.4716308759,320214.73071524495
29121,2024,8,2,"29175,29041",364820.4160338186,287815.12553917104
42033,2024,6,1,42023,229197.4003043317,154620.7189612849
31095,2025,5,2,"31059,31169",354151.6190472315,387678.9921505905
08093,2020,6,3,"08019,08119,08065",542298.5472543585,539190.1101312636
47053,2021,3,1,47183,252175.32579321647,247673.06115610249
27145,2021,4,4,"27153,27009,27067,27041",399115.94311684347,405116.5911580953
21175,2020,5,1,21063,171299.99139412114,202440.33915479656
47043,2023,12,1,47081,523961.4742486192,351938.7973417936
13095,2021,9,1,13037,182571.75812307085,236174.00083274525
08005,2021,8,1,08039,716366.2482569359,877242.7947727288
27059,2025,6,1,27065,454865.0379863836,371366.7091560571
29061,2022,7,1,29117,494100.5813388767,325677.4559749701
30081,2024,7,2,"30039,30023",894207.8265629754,620530.2172463824
26051,2023,6,4,"26017,26111,26143,26129",278173.5698513403,288759.4921585845
51550,2022,8,1,51740,536975.2355334082,308725.53050489025
33009,2022,12,2,"50009,50005",632984.9636504147,450865.65094452084
18079,2025,5,1,18143,332649.040542017,296570.2623373912
19163,2024,7,1,19031,408741.6670742371,396340.5170115112
55137,2023,6,4,"55097,55135,55047,55077",407214.4303792154,434230.3514506343
48349,2024,2,1,48161,426983.6918162855,501217.95520699746
48317,2020,5,1,48165,454030.58494641347,300233.4677082734
06037,2023,12,1,06059,1539472.7534131336,1742657.5136513084
53023,2021,6,2,"53003,41063",302421.345613172,544839.0703550029
46017,2023,6,1,46015,,529018.1214719339
48251,2022,5,2,"48425,48217",510427.25073980074,558560.5976203657
05001,2023,4,1,05107,266270.1539493896,138052.8302549713
39089,2023,5,1,39083,460959.98671819415,406799.5326535201
48335,2022,6,1,48431,257213.44663265793,390851.9548821102
38059,2023,5,1,38029,461551.0856581996,276524.06708918296
39015,2024,5,1,21023,399536.1596166833,329060.1884858738
28089,2025,6,1,28051,568083.7087163241,163564.23222993998
54033,2022,6,1,54049,272860.04341343953,252763.77278510787
22125,2023,7,2,"22037,22121",539125.4793524091,357053.35074733605
40113,2023,5,1,40103,352947.128383178,311051.70666655427
38077,2023,7,1,38081,358963.11867050483,392338.099202697
39029,2024,8,2,"39019,39151",269300.84612375015,328965.33410617826
48323,2022,5,1,48127,272780.4948262093,263330.9254584387
17173,2020,6,1,17035,229960.230392357,232045.132725538
08077,2021,9,1,08029,535386.0662127329,557349.579619977
29071,2025,5,1,29073,423216.7097071284,457205.1217834141
22051,2025,5,1,22095,393966.4315348097,268705.6714263489
42089,2022,6,2,"42025,42095",414091.2399302246,421737.3527158322
30027,2021,7,1,30045,493886.97194734175,488758.5250495745
31183,2020,5,3,"31011,31077,31003",,592478.0615004906
32023,2021,6,1,32001,394530.0732224176,438348.2271655712
37031,2020,9,1,37095,,449561.9132576869
48227,2024,4,1,48431,289446.2967882208,334738.6217084758
48507,2023,4,1,48127,176441.231721945,256191.60374356908
21127,2020,6,2,"21159,21063",223714.42482576813,173342.86310455174
13189,2024,5,3,"13301,13163,13317",339482.5382319284,294268.08995148266
41005,2020,12,2,"41065,41027",731453.872292326,647687.4103673724
17101,2024,5,1,17033,184946.9133161852,219895.39997130117
48125,2022,5,1,48433,353649.942378191,308572.55645021447
22029,2020,1,1,22077,215879.5203507477,310799.02132740774
53039,2024,8,6,"41027,53059,53077,53005,41065,41049",759764.5208557366,666473.9621571804
06053,2024,3,1,06079,1663791.0160298275,1327778.283884518
22105,2023,9,1,28005,327096.11193605623,287886.83566486737
17035,2020,1,1,17079,216482.8161516698,210641.07153568615
56013,2021,9,1,56017,442929.70303971233,309364.95747658116
12121,2023,12,1,12041,410883.984848456,446203.023916377
22061,2021,3,1,22027,334693.67376088275,266467.2077290409
19147,2021,7,3,"19021,19041,19059",233670.3814193924,377074.98774023494
01081,2024,2,1,01017,493389.56529496826,243358.09144340744
22069,2024,4,1,22127,304325.1119472173,208938.342641315
48211,2021,6,1,48483,325701.7887894884,234905.56919325344
25023,2022,7,1,25001,854567.2014237819,1235834.878545036
18035,2020,6,2,"18009,18075",185312.0872874535,186138.4620597328
37097,2022,8,1,37003,670800.2790938444,407909.30330039514
49005,2022,9,1,49033,648576.2553936341,1047119.4393991564
29203,2021,1,1,29179,267223.0489644871,259110.58716871295
38091,2023,7,3,"38003,38063,38039",,292999.9776337365
25005,2022,9,1,25007,653092.0858914679,2995278.472587925
31089,2020,7,2,"31107,31003",344767.1868094756,449631.40665420494
48029,2024,11,1,48493,428823.01610987313,607434.3022920171
08049,2021,7,3,"08107,08019,08047",1178509.7346424218,1096652.395128554
13199,2021,8,1,13231,294168.0806682659,436300.6551138518
17133,2023,4,1,29186,408995.7838638657,358589.2727738046
06071,2024,6,1,06037,781667.8622690762,1515210.683875132
01089,2022,4,1,47051,481431.166984079,579129.2952793912
40151,2022,6,2,"40093,40003",277560.8308174372,336027.4195653267
12081,2020,6,2,"12049,12027",482162.42265293776,276305.98545725615
47151,2025,5,3,"21231,47137,21147",312726.792585327,298376.5988604405
48493,2020,9,1,48255,462576.6507698292,547450.9080810668
48505,2022,5,1,48247,286819.3909909441,224963.24311644075
47157,2024,7,1,05035,419517.6453089446,275134.3400823018
39029,2021,7,1,39099,228545.5248688294,231863.88616504395
31179,2021,8,1,31051,405157.1734553439,389828.0209775997
16067,2021,9,1,16053,425206.836880364,519176.69614839624
51173,2023,3,1,51021,223492.077575037,292395.92109299893
28005,2025,5,2,"22091,28113",289477.5524486537,263338.9336830752
01103,2021,7,1,01079,336913.91465763986,305986.52428020304
32001,2025,5,1,32015,506603.11030472297,414761.90445453674
12115,2025,6,1,12015,812730.4157367741,509164.43499760254
48035,2024,2,2,"48309,48099",451041.6271886215,402567.7491081989
54085,2024,3,1,54073,226354.30348338757,246082.18299738117
41005,2022,5,3,"41065,41027,41071",935054.8063997572,811711.5688492982
45073,2022,9,2,"13147,37175",616995.9443568123,699107.1942792055
17155,2024,8,1,17123,294285.85115527286,203193.17799559503
49003,2025,5,1,32007,603370.9096864932,487810.7384955043
47043,2022,4,1,47083,518968.711162399,385924.07861793344
37061,2022,4,1,37141,273168.53760879673,675716.420682717
48179,2021,5,1,48483,162923.3363213142,230077.05764040377
13243,2024,1,3,"13307,13239,13061",247938.335133864,330000.8646058095
47091,2024,9,2,"37011,37009",426668.7437389456,785368.1087669714
38021,2023,4,1,38081,293555.51628301764,402952.2747340626
39019,2023,8,1,39151,320166.1359247291,307839.3281416685
40153,2022,7,2,"40043,40093",252112.36951068984,353019.9383680159
21083,2020,10,2,"21039,47183",206942.24835472312,217800.59436747496
45011,2023,1,1,45009,272586.21839141025,240992.77439556443
40013,2022,8,3,"40069,40095,40005",369346.2854969323,353790.8744312897
08097,2024,7,2,"08015,08065",8545604.314773,831073.6343156907
19135,2025,6,4,"19185,19051,19117,19007",318544.8824866004,322672.0303606131
51191,2020,4,1,51520,276603.3805435985,167373.24213800204
29139,2022,6,2,"29151,29073",452893.46542799333,417043.8877602421
37061,2025,5,1,37141,315064.5392789302,723865.4394322713
13287,2024,9,1,13315,298168.49548636033,256252.60105974737
04015,2022,9,1,04012,578691.6061472491,578046.4389583598
26055,2024,4,1,26089,662081.6680550221,1176601.942049784
36071,2022,3,2,"36079,36087",525984.7056450908,716245.6777018099
22125,2020,4,2,"22037,22077",457397.6684297542,340100.99963414995
22067,2025,6,2,"05003,05017",193388.99499617497,210788.36284361253
48005,2023,9,1,48455,345521.4971426129,357221.5346523085
29055,2025,4,1,29073,353111.10946530703,465240.6588419119
06067,2024,2,1,06005,731141.4579968763,599975.5225596441
37095,2023,8,1,37177,539463.2967011806,316067.59560075286
19017,2020,6,1,19067,306514.77747033926,234549.03479059148
13195,2025,6,1,13221,438737.4395679616,439731.7820571407
13033,2025,4,1,13163,324898.00519850664,272158.06924439495
48173,2021,3,1,48461,,237826.51252593935
48177,2024,1,1,48123,725464.0283741303,535751.2438569159
51153,2020,8,1,51685,580651.0837308057,429540.0377274805
22105,2020,6,1,22091,288723.109350126,334254.78470745526
01031,2022,5,1,01039,298852.9798099723,279515.9796842602
46009,2020,1,1,31107,192088.69864034277,350322.63876415696
37055,2024,5,1,37177,984834.4868786955,310352.613467078
19017,2023,7,1,19067,387406.5084239621,298290.71145916864
48109,2023,9,1,48243,279374.96142607107,411629.9297479375
55121,2023,4,1,55035,374426.49849170115,464524.4208309848
06029,2023,3,1,06079,457646.4793929352,1263647.6318291377
51089,2021,4,1,51690,179568.9575507296,143344.50375202572
26123,2022,9,1,26105,360962.6652481325,410261.92671111686
19003,2022,9,1,19145,307523.0597501305,249927.697055585
40073,2023,8,1,40093,403101.68807232875,351835.9235334113
13177,2024,1,1,13261,365722.98158852337,261322.45189470076
20007,2022,6,1,40003,193485.05958435868,305067.52300916734
48281,2020,4,1,48333,369464.9227074198,749408.619794419
27051,2023,5,1,27041,411137.5065765125,531120.4902763208
48131,2024,5,2,"48247,48047",182945.7837168372,177459.35552386718
49035,2022,9,1,49029,828800.7906354732,1124436.8317141274
17117,2020,7,1,17083,216487.43530083465,261711.15871756393
05027,2021,4,1,22027,270177.74751061195,260892.66891146975
22033,2023,7,2,"22037,22121",409343.136827877,357053.35074733605
51195,2023,2,1,51720,212132.57920499472,185341.3250072015
12069,2025,5,1,12105,542494.7790057282,407843.9810853515
28035,2020,8,1,28109,243933.38965593427,235234.88769226332
18097,2022,4,1,18109,329641.1014008686,404254.8118047864
31011,2023,9,1,31003,709932.9746609074,584656.2627631793
47053,2021,7,1,47183,273329.659833244,264822.334539418
21027,2025,6,1,18123,314781.56959414465,290336.8867568274
36057,2023,5,1,36093,282417.68092424324,373173.08829254354
19027,2023,8,1,19165,325968.88663055765,326829.6706284076
29091,2025,5,1,05049,336304.1215861245,311670.15908789466
39041,2024,7,2,"39117,39083",700234.4901349755,423923.17067231395
20013,2025,4,1,20043,304778.2065006659,308475.7344481289
18179,2023,4,1,18009,338680.9023280845,218595.22071018317
30001,2020,6,3,"30023,30093,16059",441403.015660093,303714.81902942737
06051,2022,7,3,"32019,32005,06003",1377188.809248485,960565.2463638596
47051,2023,7,1,47061,576311.3146653346,357050.0979497358
16081,2020,4,1,16065,805156.9893758536,381605.281348736
21085,2024,7,2,"21061,21183",294099.28912887286,279263.85452168423
27097,2021,9,2,"27009,27153",411967.3310172968,395065.45657654665
17151,2021,3,2,"17165,17069",258209.54171397263,180323.37193439933
29179,2022,4,1,29093,318302.37718435004,261819.80708092963
48137,2020,5,1,48435,570027.3269858527,233988.7510854177
27011,2022,8,1,27155,387420.5872111776,412643.7335080027
29217,2024,4,1,20107,301230.62524516316,344357.0052517038
06065,2022,7,2,"04012,06025",854356.099187699,506674.80517368624
42047,2025,3,1,42023,199614.75277379865,150356.45816176874
08041,2023,10,1,08043,667592.1620621497,488976.1243641116
51161,2022,8,1,51775,420904.0132471043,368277.1340996221
53059,2020,9,4,"53011,53077,41027,53039",604914.0051041507,571771.6004510267
08071,2024,10,1,08023,449605.1648312668,353232.74880377686
01103,2024,12,1,01095,378418.92355754506,419387.1105533924
13023,2024,8,1,13175,284617.1639562694,314993.5318955479
47031,2022,10,1,47061,446741.5589986398,363380.7852299271
47161,2020,7,1,21221,296768.04801100655,223674.2053447368
21225,2024,2,3,"21233,21055,17069",234034.69009833844,241577.94918814185
27129,2023,4,1,27173,334973.30314304837,347778.38316415506
46135,2020,6,2,"31107,31027",381920.4548105079,391342.2258045256
22033,2020,6,2,"22091,22047",351511.40861039824,304259.5738317227
48371,2023,8,1,48243,279842.0033428021,417584.4770903147
37171,2025,5,1,37005,374613.20496428147,471432.51609972265
19025,2023,8,1,19021,299785.50960565853,291910.32048620074
49027,2022,6,1,49039,432974.13898579055,557518.5662841283
26081,2025,6,1,26117,513123.64732331206,322363.61610879604
37023,2024,4,1,37011,398010.6911037122,978293.4711716624
46127,2021,10,6,"46027,19167,19193,31051,46083,31043",495249.9709719508,371465.1819117475
51041,2024,8,2,"51670,51570",570391.5838113554,310684.9221992061
47177,2023,7,1,47061,398797.05083671864,357050.0979497358
08113,2022,7,1,08111,4938203.658069121,874084.8780526778
17161,2025,5,2,"19115,19045",241275.40383345747,307457.4666595101
28037,2020,9,1,28005,238255.40952166333,259216.64179579137
34033,2023,7,1,34011,383932.34911159734,329748.4984398573
51069,2020,4,1,51840,423614.4448930894,367486.0640322673
48025,2024,5,1,48391,318934.79282095167,266820.6456379815
39003,2025,6,1,39063,293988.5166917608,377833.744164359
28081,2022,7,1,28057,294676.47130359366,259381.48711713523
54059,2020,6,1,21159,124189.11230318654,143286.98544181493
01111,2023,7,1,13045,401537.62129677535,403972.05414278613
27119,2024,8,3,"27029,27125,27087",380252.10127979814,368834.42904188385
48049,2022,5,2,"48333,48093",415634.92863604706,750669.9376132949
48467,2024,3,1,48379,478008.9968371836,508118.66126934
38043,2023,7,2,"38029,38083",410146.1003813588,318047.7971932951
17135,2023,3,2,"17173,17051",238019.85743152135,285013.9187146415
01077,2024,4,1,47071,374703.7702993927,364373.0931327267
41059,2022,8,2,"53005,41049",442359.1380049183,548093.5361809258
19151,2023,7,1,19021,218478.6228562782,289930.0990702847
28127,2023,12,1,28077,245569.04099143797,238242.73911877073
48181,2022,4,1,40095,520314.30724351294,375053.05694974
13267,2025,5,1,13109,313598.73147447006,313918.37097403104
31135,2025,6,1,08115,507597.22864953225,312463.1491688502
39169,2022,7,1,39005,440572.1420025605,331451.3292503513
05021,2021,4,1,29069,200614.359077341,162752.32695553274
47113,2020,4,1,47069,263899.1239313758,204743.30363669872
37069,2022,6,1,37185,507986.3094665643,578407.4929109177
48043,2024,5,1,48377,373150.4712258596,391056.7978888357
25001,2023,6,1,25007,1221477.136887015,2884953.1552215894
21023,2023,8,2,"21201,21161",327251.3169958394,296942.79130096996
21053,2024,7,1,47137,269755.76547284215,396271.9212942915
17153,2024,8,1,17003,170135.28654746307,149724.91856665746
13265,2025,6,3,"13301,13141,13221",316730.3395972897,389623.85700498894
47163,2022,7,1,51520,378223.77070660127,229391.38309536237
06093,2022,8,3,"41033,41029,06049",476609.51163719577,536330.4348773635
37043,2020,4,1,13281,362355.01130569895,430767.082576415
12001,2025,4,3,"12075,12041,12007",494109.81085147173,448697.8494648955
31175,2020,7,1,31077,385099.32501666946,561488.1262872466
17001,2020,4,1,17169,255930.50795686577,258246.48551699205
21205,2020,4,1,21063,199730.2507627272,200490.21987197243
51005,2024,4,1,51580,276687.18814579764,150350.81840707772
47115,2022,7,1,47051,489272.0109858809,590969.8876260743
04019,2024,4,1,04009,550514.3532225946,387429.66682635946
49015,2020,5,1,49007,,256677.6138654976
26159,2023,3,1,26149,412461.7548162592,329053.73921635665
48245,2020,12,1,48071,254404.89947682433,412974.61606729456
21211,2025,6,1,21103,542712.1634482979,397124.7276995492
26139,2024,4,1,55101,528777.7196087817,438858.68766919133
47133,2025,5,1,47137,404422.42953536985,415735.5446084901
18019,2020,1,1,21223,269184.68286610424,266942.46072155575
51131,2024,8,1,51735,602168.1304892123,620576.6720112191
06097,2021,3,3,"06033,06045,06013",1134388.6435838526,870851.8855368845
27031,2020,7,1,26083,446406.4382803459,261257.25940744812
51191,2020,8,1,51520,280519.4726939161,169993.37522735485
05095,2022,4,2,"05077,05123",228856.94012096105,216567.48105366854
08041,2020,7,1,08119,514048.3738989813,499540.248416825
06085,2024,4,1,06047,2722227.791487655,553550.3531374123
26091,2025,5,1,39095,372849.6740011168,307081.67880090437
21161,2024,7,1,21201,306370.5092730511,310006.7904604498
13031,2025,4,1,13109,419138.4716765073,316976.1280067886
48123,2020,5,1,48285,429996.0164522846,545412.8348647124
06071,2021,9,1,04012,674566.0474128064,491777.37779806694
47047,2020,1,2,"28009,47069",448319.1619806877,208045.64856015355
40083,2020,11,1,40103,379423.4432091731,251786.6800942065
26093,2020,8,1,26065,408070.5600485674,264212.1863923518
30037,2022,7,1,30027,550975.5969569989,625666.79059825
48007,2025,5,1,48057,556599.2393841265,358575.18572311645
05135,2023,8,2,"29149,05065",279053.46975452796,296842.71681120025
35051,2025,5,1,35003,279130.51630427054,349076.75639370986
49019,2020,7,1,49007,632688.227158459,257525.27906726833
48371,2020,5,1,48243,254817.165529559,350929.3881297422
49013,2024,6,1,49009,532719.9630894234,493077.04015969206
51199,2021,3,2,"51131,51735",491468.384619601,487310.5355309354
08117,2024,6,2,"08019,08065",1869374.4726535352,800965.824448171
21177,2024,12,2,"21219,21149",238948.54330831987,362249.9744358787
41025,2021,8,2,"41023,41037",374851.5197978534,383945.94033102476
28041,2024,8,1,28111,228233.44811152408,256004.16582252315
46009,2020,5,1,31107,196900.90578530703,362616.9590977447
13001,2021,6,1,13279,264560.9889244686,240374.8317128922
53043,2020,5,2,"53019,53047",352193.64166180976,382253.8295686452
12105,2021,2,1,12055,302636.80596743786,254071.28497702407
17003,2021,4,1,17181,175556.9587904919,255168.1544474851
51149,2025,6,1,51670,448137.61763146217,274778.2415810631
39051,2025,6,2,"39171,39095",343011.012831532,296621.7942122726
13077,2022,6,1,13149,531843.1213793595,411923.8736736214
48499,2021,4,2,"48459,48379",406193.9935153236,376767.15573834465
37133,2025,5,1,37141,409931.5995635672,723865.4394322713
18081,2021,12,1,18109,409587.9121890937,375898.9997717296
08045,2024,9,1,08107,1254685.550464304,2232193.618780518
48187,2022,4,1,48177,456175.37706851895,737459.6102409918
39121,2023,3,1,39115,297213.5825647952,252932.00131610865
29127,2024,6,1,29173,304135.0713669407,426137.4749257268
42081,2025,6,1,42093,345328.4181291638,455110.2847744738
01091,2023,6,2,"01023,01131",301218.2783848992,254783.9840956044
37139,2024,7,1,37177,363560.88055076305,313384.8566337914
48179,2023,2,1,48211,175815.47477698745,316403.8459588624
40071,2022,8,1,40053,217729.9295327692,332458.0094813702
39069,2022,8,1,39173,294006.29597609764,342432.17404518736
48083,2020,5,1,48095,355634.4381629359,271347.6967074443
18131,2024,7,1,18181,281885.18035518995,340766.6532705661
22073,2022,12,2,"22083,22067",308411.25421577174,257751.42538420868
49005,2021,5,2,"16007,16041",523533.26751931704,554885.9668512314
47103,2022,7,2,"47127,47051",463097.0492023796,597129.5928576086
51710,2022,7,1,51740,410591.8663095838,308549.14041033905
35033,2024,7,1,35055,,687316.093106069
38035,2023,5,1,38063,387455.5281174636,291640.5038141461
36029,2025,6,2,"36063,36037",440476.3998437926,333546.77570285543
38055,2023,9,1,38083,350545.82510879816,352824.1794263068
53025,2020,5,2,"53037,53047",365402.84894972155,518724.00152883306
18097,2022,8,1,18109,338187.58925599,417501.4196539926
42041,2024,6,1,42055,496985.85475523834,392608.2028296979
22047,2025,5,1,22007,286016.3345504116,267447.71174560155
29195,2021,6,2,"29107,29089",270717.78547362745,320692.88814748963
39103,2022,5,1,39005,435458.6073173635,325365.9577176702
37195,2020,8,1,37079,226635.77380168976,219098.2269327104
48039,2024,3,1,48321,474792.12460569525,341383.6932902111
35043,2022,7,1,35028,526786.5398999614,693986.2601873716
04019,2021,1,1,04027,419576.5910605824,280721.432379547
34005,2022,7,1,34021,519780.35707429104,678748.9753569561
12099,2020,10,1,12043,624304.4148241057,290906.16162216803
29187,2023,4,3,"29186,29123,29221",295663.42504078336,305915.31468757364
21153,2021,4,1,21115,135615.5250710893,213129.7918195647
16057,2022,6,1,16009,681211.8012849699,600644.7033359957
31009,2025,6,1,31171,,554694.45747149
47187,2024,6,1,47117,1527050.3485729052,493586.21604405344
12081,2022,6,1,12027,823544.6339933377,471597.7092630395
54009,2024,8,1,54069,218914.25393706092,269928.6077352579
28001,2024,2,2,"28063,22107",247161.3444100806,320671.6075482212
31043,2024,7,1,31173,327954.7653161043,398146.48504305497
31099,2022,4,1,31061,426641.6348602509,315722.95603125665
06065,2022,11,2,"04012,06025",825784.6656282586,496126.2422580995
55025,2020,5,1,55055,484200.52700533305,365171.79482754186
45087,2025,5,1,45023,225364.6686062601,351959.2180667839
47131,2021,4,2,"47095,47183",234190.8373203115,227280.09816220222
13063,2023,2,5,"13089,13121,13113,13151,13255",316084.81036240153,588499.7881031453
05121,2023,2,2,"05021,05055",250928.50221799023,260701.37600770016
26103,2025,5,1,26083,370111.6843390915,346637.60115207883
48111,2023,2,1,35059,411755.84485881496,216308.44391244408
28011,2022,7,1,28027,267088.27890796255,173357.2153295849
27129,2023,8,2,"27173,27023",334953.1907912967,379553.17026273516
08099,2021,3,1,08011,239537.377737871,232705.58760893796
13239,2022,6,1,13259,264366.67478652357,239112.76029730355
56013,2020,8,2,"56029,56017",370477.0006693736,374113.65587769647
48437,2023,7,1,48011,214346.8362852886,429965.7010399204
05041,2021,7,1,05107,202670.47121801545,149120.276549866
06061,2021,10,1,32510,1018665.4169565912,648007.7863744412
39157,2023,7,1,39151,308358.7932723512,306311.4657477057
55003,2023,6,1,55051,324522.21978213964,363842.7768032304
06039,2020,5,1,06051,419523.57052289136,908740.4756307518
47075,2025,5,1,47069,312103.4047802436,289006.1519261157
51027,2022,7,1,51167,155315.45741451278,238028.24691624893
48455,2022,3,2,"48373,48471",361243.4217232405,428828.8174062064
21069,2024,5,1,21201,311814.1156856361,303215.684193824
29153,2025,6,1,05049,374241.91674067144,309375.0233434718
29183,2020,8,2,"17013,17083",380891.64489695086,287709.02270529117
37027,2025,5,1,37011,383577.553968115,1007236.8532755704
05005,2020,11,1,05065,282756.44239312364,234860.92212348268
53011,2021,9,1,53059,699570.9904412503,740509.8944096114
16071,2020,5,1,16041,326510.6998808744,418380.7899997227
12083,2025,6,1,12075,414609.42290927976,485502.5062432723
08045,2021,6,1,08107,940843.4399116044,1689208.586177566
06065,2021,3,1,04012,649015.0415356952,423420.8333804306
19155,2023,8,2,"19129,19165",362067.5517453078,383373.9417897295
28107,2022,5,1,28137,302415.87703129015,328407.29154379666
13251,2024,5,2,"45049,45005",343372.3566569965,232188.70604464028
08067,2024,8,2,"08033,08111",1073133.5988508651,721350.1507201211
27139,2021,9,1,27019,585003.7310967647,672785.3514775259
06015,2024,11,2,"41033,06093",530791.8788502481,499929.72842865816
53011,2024,10,2,"53059,41009",791738.1876605282,705580.752186381
17029,2023,7,1,17035,226160.19660652385,283435.7918774837
29017,2023,1,1,29123,323672.75196669745,261454.75644027744
51173,2022,2,1,51167,209590.72861879529,224283.40843767265
37073,2023,7,1,37091,306630.0928183212,225750.86364836743
01053,2022,7,1,01035,242675.9972033203,263145.2107908484
47011,2024,5,1,47121,460279.77164503816,519045.3100950781
30063,2023,5,2,"16035,30061",748725.3925508647,552842.7747163045
51199,2024,8,1,51735,618026.948585593,620576.6720112191
47125,2022,2,1,47083,399577.4160469124,375491.1576146322
06031,2023,12,1,06079,457183.5361103466,1334499.14715874
53061,2021,1,3,"53029,53057,53035",776572.852309626,732607.4480363497
51059,2022,2,2,"51610,51600",1042581.7157399512,1215109.8734860264
18011,2025,5,1,18023,717641.0882722369,345039.3584070988
12057,2020,2,1,12049,393777.7601230163,258034.2839910206
05097,2024,8,1,05113,348203.8848781753,318184.86979118915
21215,2020,7,1,21005,352882.1752401245,259295.0918289637
16031,2023,5,2,"49003,16053",511165.9306916451,580849.7292618421
31133,2023,8,1,31147,509925.2954769319,311360.5819027377
37011,2020,1,2,"47091,37121",601694.104661106,285626.7275007116
13291,2020,4,1,13281,396213.9386811676,430767.082576415
26041,2025,5,2,"26153,26089",282610.23093226546,746771.1212800543
13137,2021,3,1,13281,367022.4878583451,500826.58625563903
01101,2025,5,1,01085,325572.7410279327,287014.4386406595
34037,2024,8,1,34031,581006.1449890147,709908.1495022195
51059,2020,9,2,"51610,51600",905171.7885502456,1063747.6311514147
13099,2025,4,2,"13037,13061",258748.27678788084,293922.0232195061
40141,2022,6,1,40075,144884.58446804812,182340.12548253452
28085,2020,9,1,28005,248823.20842524208,259216.64179579137
29121,2025,6,1,29137,360981.30115427886,407880.87871111743
26017,2025,5,2,"26011,26051",272305.600119302,272852.55183695373
12101,2025,3,1,12105,520325.39594717446,411346.81116797
01025,2025,5,2,"01023,01131",237358.62474592033,253475.6094094136
39167,2023,2,1,39115,271072.94493406644,253676.31760934868
37069,2021,2,1,37181,380636.4754891745,268836.62487198267
40033,2023,9,1,48077,232411.30031804283,385852.0348252258
20039,2025,6,1,31065,245119.04180305637,329408.99078955135
48339,2022,1,2,"48185,48471",530027.2342672929,584670.6422213766
06015,2021,10,2,"41015,41033",493195.9536276776,615223.9794056765
31137,2022,4,1,31061,368450.8261582279,315722.95603125665
49037,2025,6,3,"49019,08085,08083",571550.8182106724,708108.7171716029
51153,2024,1,2,"51685,51683",763876.197104888,585442.9032806905
22111,2023,7,1,05003,259910.0343561556,171590.17655967554
49007,2022,6,2,"49047,49039",374770.844789356,495592.90907067724
55127,2020,7,1,55055,510430.43475409504,367016.7872631438
26033,2024,6,2,"26097,26141",294225.02338524885,328977.302322309
06081,2021,12,2,"06085,06075",2696709.9534235955,2444387.0794477407
37133,2022,8,1,37141,381040.0496276067,715691.578710409
51199,2021,7,2,"51131,51735",510429.1751332707,524151.0073914265
39037,2020,4,1,18075,241529.49074385728,213453.7707383573
18073,2020,6,1,18131,293769.1601335162,188977.83546170767
13091,2020,7,1,13271,212087.20136607243,179005.0605461429
40123,2021,5,1,40029,255440.2599021869,246547.64355890465
16025,2024,11,1,16047,655068.528716833,670480.2038173833
06019,2023,1,2,"06069,06053",561704.4890098502,1332167.8809455726
21107,2024,11,3,"21033,21149,21233",271512.19608291605,281037.4412236296
49039,2020,6,1,49007,367858.69669251033,256834.9258192616
19065,2025,6,1,19055,311997.7758535985,493330.85194887687
29127,2024,10,1,29111,309513.48474039754,340496.16668797005
27119,2021,9,1,27029,353092.78468235396,366233.53492699395
31127,2022,9,1,31147,325684.30838557286,311846.0115537186
06013,2020,1,1,06095,1125847.8029336978,590601.8102485051
12105,2024,7,2,"12049,12055",418285.0379886876,393442.58291953057
08067,2021,5,3,"08007,08053,08033",798599.1189424879,636916.2549418554
35041,2020,6,1,48017,217056.5367300948,215543.36875884625
30029,2024,8,1,30053,1142526.9265043177,675854.0978307886
48427,2025,5,1,48047,223343.5951594963,182445.14703625732
19197,2023,8,1,19079,231445.2105754209,277546.8557837694
32023,2025,5,3,"32033,32011,32015",451676.19252247486,361328.2936252027
48129,2024,6,1,48191,263063.7493181775,200606.5943862733
38035,2023,9,1,38099,392115.61667720944,247275.3623494529
36037,2024,10,1,36063,302027.46981601947,354331.5675039802
32007,2023,9,2,"16083,49003",469553.2385160988,569568.4329189735
31119,2022,10,2,"31167,31179",374010.7789583529,471573.8237285187
21195,2020,8,3,"21159,51195,21133",169837.45743556527,152060.73045528276
18001,2020,7,1,18075,287469.76666015544,216523.8802326169
37043,2022,6,2,"13291,13281",548025.2749637478,616695.2462894693
17165,2023,4,1,17069,172274.4303914442,206055.41700105337
48215,2023,9,1,48047,283819.33436914795,174738.01214266277
29093,2020,11,1,29179,200242.29983490307,249832.8186359021
06089,2024,11,1,06093,524070.178490157,447307.1310889835
27059,2024,9,1,27065,452761.6277379086,381840.2910271296
21165,2021,7,1,21173,219122.25354983716,271268.23122129356
13207,2022,6,1,13159,523366.2412112428,495188.3792171368
32011,2024,7,1,32015,347135.9250274336,404090.38127717417
48309,2022,8,1,48145,437140.21637461334,376217.4492871869
48075,2025,4,1,40057,196919.74613045112,220104.9492011083
45013,2024,5,1,45049,1115067.4180365566,302178.7709275143
16043,2020,9,2,"16065,16081",506180.2032963038,621840.2845669219
29087,2020,5,3,"31147,20043,31127",,234060.4956762362
17183,2022,6,1,18171,167012.70350611114,376574.727762527
56037,2024,8,1,49009,400814.59471697017,489747.5619919502
29207,2023,5,1,29069,271432.08249303076,169236.17707476194
48255,2024,4,1,48123,521048.5685202391,542571.6424015472
48327,2021,9,1,48435,,280175.09472907084
56003,2020,6,2,"56033,56029",307824.95323498506,497298.84103854577
13155,2020,4,1,13017,225376.7897491376,149594.65849925837
16049,2024,6,1,16035,557668.2684902999,521704.38969707134
21141,2025,5,1,21177,355030.85843777144,250040.82539528245
12081,2022,10,2,"12115,12027",825897.1704058037,692167.6536107007
29019,2021,6,1,29089,424084.1126694109,342263.4211833005
08051,2024,8,3,"08029,08015,08109",1530429.859018169,672248.6058871488
06087,2021,12,2,"06069,06085",1697003.906000015,1824308.2301792558
17061,2020,5,2,"17013,17083",187184.3333649852,289734.87262313894
28001,2024,6,3,"28063,28037,22107",248931.6944572852,304184.0121156666
47163,2023,1,1,51520,376393.2318262896,236548.31164481872
50007,2023,9,1,50013,736322.4994167971,762235.7441298501
22099,2020,1,1,22077,255369.72176713767,310799.02132740774
06089,2023,3,1,06049,517236.8006259253,343319.75104679604
08083,2024,9,1,08111,606454.8278209982,899309.6859085079
48469,2023,10,2,"48123,48391",350464.46885995934,403999.203707857
01033,2022,10,1,28141,307107.9590170526,310713.9646595315
17077,2024,2,3,"17199,17145,29157",197266.87863530553,262590.3235987587
29163,2022,6,1,17013,411399.7471758502,357755.09575615585
49019,2022,9,1,49047,949786.511933432,439362.42123885296
39147,2022,8,1,39173,255911.1153494071,342432.17404518736
48427,2022,4,1,48247,255360.39311259624,226353.36667660897
45067,2020,5,1,45089,151856.49424952254,234767.1983224068
51119,2021,5,1,51131,519010.0478026285,488000.099156756
05121,2023,6,2,"05021,05055",259098.463104262,264832.19705142896
44003,2020,11,1,44001,405819.2857683308,651429.3297288892
42099,2022,5,1,42043,421552.70061097783,376322.2916836896
49043,2020,6,2,"49033,49029",1807207.8036832889,674649.6599543383
29075,2023,8,1,29003,307363.94638173276,442567.1351538454
47153,2023,8,1,47061,486289.846077112,359604.7758434376
17011,2024,6,1,17123,211991.15790251756,204667.315727452
21161,2023,3,1,21069,291307.94882997934,285154.1454572564
08099,2021,7,1,08011,254146.8199256177,256379.3694728144
48223,2021,5,1,48379,464100.03265834023,434562.152637053
13223,2021,8,1,13143,382940.6288705235,337127.4915959774
06039,2020,9,1,06043,428434.8888908283,532103.1999054862
21055,2023,1,1,17069,259735.3836670832,208848.80694346924
48215,2020,8,1,48047,207067.08600116783,182244.0397774356
53075,2021,2,7,"16009,53063,53003,53021,16069,53043,53001",413461.44978027913,416058.61975851335
31093,2024,4,1,31121,515863.07563900825,422973.14452391554
18123,2020,7,1,21027,208449.43791875977,221164.62694653007
18037,2025,6,2,"18025,18123",387159.59663285105,292641.67557926243
31081,2024,4,1,31121,455412.65954044665,422973.14452391554
45043,2020,4,1,45089,501224.3528860304,233896.45441719252
21035,2023,1,1,47079,285469.8593892103,356751.7055221245
46085,2023,9,2,"46023,46015",,518278.7815187992
06099,2023,3,1,06085,578339.9609481705,2512717.724680787
16051,2020,5,1,16065,430072.418178554,383578.4898686735
05041,2024,12,2,"05017,05079",204745.11876118777,245193.91236594555
54083,2024,1,1,54093,245022.34211272735,384794.2120865529
18015,2022,3,1,18157,315354.71702181356,382077.2907515339
26113,2022,5,3,"26079,26133,26039",353241.00659421406,304519.2806148491
20077,2021,6,1,40003,175489.5886254538,263083.8304662386
17113,2022,9,1,17147,357191.00317100756,344672.0647731656
53063,2022,12,4,"16055,16009,53051,53043",618632.8334426609,650275.3428864521
39137,2024,8,1,39173,348080.7515347751,365388.1488547714
47151,2024,8,1,47137,319133.32676606445,397729.0830977228
46115,2023,7,1,46005,361195.4296812881,396104.9480228108
05087,2021,4,1,05101,338375.43333573354,301758.0761784097
17149,2024,4,2,"29173,17013",206574.50386298657,386700.72401007
51153,2022,12,1,51685,744440.3763622508,539299.1158870262
40073,2022,8,1,40093,413644.5362277736,365954.6755984577
48129,2021,3,1,48483,289705.23901469546,220921.61562838827
29017,2023,5,1,29123,322667.33126249816,267993.21989187977
51173,2022,6,1,51167,220667.5820063369,235671.61106426377
26065,2023,6,2,"26155,26093",330913.85420697933,406460.49442856526
20077,2024,7,2,"40003,40053",217881.8228317205,292761.12893906713
30057,2020,6,2,"30043,30093",1915914.3757792844,370443.4259283792
05031,2021,3,1,29069,274639.5148441504,161046.85373018557
08083,2021,8,1,08033,553042.4600311377,516931.5950024522
29181,2023,6,1,05021,258795.7395651869,234146.2104947837
20003,2024,6,1,20107,371958.7051411627,347313.0339978558
50001,2020,5,1,50017,572609.102998929,445711.2746726363
12057,2020,6,1,12049,398260.4166321294,260439.48429588313
25005,2020,4,1,44001,493939.7314948879,618007.3315852258
47043,2021,7,1,47083,451656.1429781897,340599.8088322841
48021,2021,5,1,48287,508678.0542728845,612078.874148178
51175,2021,6,1,37073,353115.3541836319,329059.8521145667
26141,2020,7,1,26097,243177.63494246255,256572.91353486243
45051,2022,3,2,"45033,45043",449101.42108643387,439899.8620661296
41017,2021,8,3,"41031,41035,41037",1054672.3135061471,426218.25693261647
51051,2022,7,1,51167,172717.580447151,238028.24691624893
05045,2024,8,1,05105,376525.9589419323,295438.1671803332
31163,2020,6,1,31077,458226.42987895664,564914.0166775294
48329,2021,9,1,48461,440410.4526587736,255588.23076916495
22111,2020,10,1,22027,238122.0740811293,279932.51521940605
38035,2025,5,1,38063,408498.2530589464,226386.16471985792
12015,2022,11,3,"12115,12055,12027",613656.8525832678,576414.0917175085
27007,2024,7,2,"27071,27029",381238.4772041086,326868.0569971417
22117,2020,8,1,28109,239659.44681309108,235234.88769226332
47111,2021,7,1,47087,358531.16972760856,338835.04661713843
48105,2020,6,1,48435,,232879.92966206672
28039,2024,5,1,28111,290189.3103564361,257201.7312009613
38015,2021,7,1,38083,444131.0874016524,338547.5027330034
16067,2022,5,1,16053,473397.6638304277,595287.0485728612
38049,2021,8,1,38083,325928.4144130599,340755.6990401794
28035,2024,7,1,28111,293018.5853457406,256843.88964832888
05093,2024,6,1,05035,203959.85411756425,275735.40224641206
31111,2025,5,1,31047,373274.44580897735,368958.9842251816
51077,2021,3,1,47091,274130.3534306653,336125.51084950595
47113,2022,5,3,"47033,47017,47053",367539.7685682044,307919.3859667348
25021,2023,6,1,25025,1173877.8416906763,1251617.5463983354
37055,2023,8,1,37177,958828.6444549724,316067.59560075286
48465,2020,4,1,48435,253869.68252163264,235256.4119716134
27127,2022,10,3,"27083,27101,27033",338920.43057099247,392526.24510160094
21091,2025,5,1,18123,334545.8998129989,291174.7211236639
19173,2022,9,1,19145,256859.43155641583,249927.697055585
40041,2024,7,1,29119,513617.5270398839,395941.0892269118
08097,2022,2,2,"08051,08065",7910949.284841541,1084320.4817182182
16005,2022,5,1,16041,504805.6747395168,660118.3004219733
18067,2025,6,2,"18023,18103",292143.05519593967,304164.1088406597
28011,2021,3,1,28027,241884.86505281916,169733.5414910317
39089,2024,7,1,39083,488528.23774848954,442578.9093886007
17117,2021,3,1,17083,230169.03874862147,293564.5246555913
38049,2024,9,1,38009,301150.4441699741,429610.4519486448
48483,2024,6,2,"40129,40009",205640.029079694,316682.9790005072
28133,2022,7,1,28027,219834.66243585377,173357.2153295849
04015,2020,4,1,32017,375082.90998467343,280857.9576461769
12121,2021,7,1,12041,359387.6009583475,371766.9155026276
37139,2023,6,1,37177,344107.6061481129,314246.91100004275
21135,2025,2,2,"21205,21069",227936.73601348183,311944.876447612
48005,2021,4,1,48455,293559.53179910325,307182.0283476044
47091,2025,5,1,37011,427227.006623866,1007236.8532755704
18083,2024,2,1,17033,251170.1845143813,218569.9457669798
55083,2020,3,1,55078,293960.4833159745,304484.48688070173
49015,2022,6,1,49039,,557518.5662841283
26089,2023,6,2,"26029,55029",1166469.1041390256,733009.1937891399
37161,2021,7,1,37021,339936.59877319896,612115.329996328
19037,2022,6,1,19023,393475.6507572192,326024.3423078914
29033,2021,6,1,29107,293505.21204694925,299122.3551116788
21231,2020,1,1,21207,181658.84622053165,172557.84928019423
53041,2021,11,5,"53053,53067,53059,53077,53027",567978.9150528591,604646.2786003597
01061,2022,3,1,01039,271662.9779116912,275196.7321788846
30111,2022,9,1,30103,519939.9814855848,563631.0671476953
05013,2024,12,3,"05025,05039,05011",241221.63389187204,237882.59438669216
13297,2025,2,1,13219,530967.5118394642,798261.3932987213
01025,2022,8,1,01131,270643.95438765845,293078.53092493204
38017,2023,5,1,38003,467344.4344703273,343003.9904322242
08015,2022,8,2,"08093,08065",1019259.4236085066,761305.2555009071
48239,2023,5,1,48481,466051.9981653992,506643.34799433785
26003,2022,6,3,"26083,26153,26095",316649.6707722771,287655.3979705739
01057,2022,2,1,01107,261364.11957273024,264827.45136590576
21091,2020,9,1,21027,240399.0646957766,228091.73711484417
22059,2023,3,1,22025,261647.9835802017,245016.71614308588
30075,2020,6,1,56033,253097.89594120436,520120.2120594711
26063,2025,4,2,"26011,26069",337854.48669767816,270124.6654591406
06107,2024,7,1,06031,484210.4205663099,466522.5867948485
48093,2020,5,2,"48193,48333",371590.6697736547,607078.6535793236
26063,2020,10,1,26011,257321.23936235465,198417.98032882888
48127,2025,5,2,"48507,48163",247191.79106731017,240663.2742162943
06077,2023,1,1,06013,767038.3688929881,1512765.780899859
20071,2025,6,2,"08061,08099",313419.3950325616,336537.25512912974
08071,2025,6,3,"08089,08011,08023",444083.5795892737,298174.634259514
51105,2020,6,1,51195,148614.0475778467,164120.20912455404
04019,2021,9,1,04027,484061.5983187623,326994.82243690203
23017,2020,12,1,23007,367833.07992632786,366122.6363746484
47141,2022,4,1,47087,451582.4955002223,382139.3562840393
51013,2022,5,1,51610,1333663.3700805826,1608132.9955644214
50005,2021,6,3,"50015,50009,50019",430601.2501174416,590012.9071780982
05013,2023,4,2,"05039,05011",258756.50833189124,227571.55267621783
06019,2020,4,1,06051,425736.4161502136,912092.4248284274
48147,2024,3,1,40013,559680.5683483323,367092.62621562526
39077,2022,3,1,39005,260659.06469556375,315710.7756265073
28135,2022,7,1,28027,270957.6075011212,173357.2153295849
37173,2025,5,1,37113,524509.3606392789,786920.3732239554
48175,2025,6,1,48255,576851.0073878454,513188.06384838914
46059,2021,7,1,46005,557280.1919878277,346004.4979132011
42055,2024,1,1,42057,386163.7813292337,369295.42127493024
04013,2024,9,1,04027,765814.0098903533,388640.6064382402
31037,2025,5,1,31167,430393.8809295739,507042.3530891524
22099,2020,5,1,22077,258217.26122591016,309166.16229627054
22017,2021,2,1,48315,246161.868451218,263089.01149778394
29157,2023,7,2,"29186,29123",338463.39699481236,316186.96666350844
17077,2024,6,3,"17199,17145,29157",198209.41590470367,266284.96580225864
48221,2022,8,1,48425,681094.6561464826,690105.031772446
51005,2025,2,1,51580,291558.6068338021,159908.60904420164
19187,2020,6,1,19079,194365.1095462907,208853.3278686373
21163,2025,5,2,"18025,18123",380998.00474089035,293404.68803679757
21139,2022,7,1,17069,216025.35249873437,225735.2313645497
37095,2022,12,1,37177,516106.2005815858,315057.0044006988
13157,2020,6,1,13059,370752.9785099378,329802.68872863316
13223,2021,12,1,13233,415025.88433998864,288081.12596346374
48387,2021,2,1,48119,345267.75954982685,318704.8883140757
51069,2024,1,1,51840,567352.9755121054,497268.4121234541
40153,2023,9,2,"40043,40093",255337.209442985,335844.3230716292
48251,2020,4,1,48425,367246.41163056466,445235.1631774458
18035,2023,1,1,18009,243606.96795271357,216952.84112632336
39089,2021,4,1,39083,378669.13942534965,350456.49201787746
26051,2024,6,1,26143,279989.1353721186,331292.8206254332
53075,2021,6,6,"16009,53063,53003,53021,53043,53001",433194.7943252761,457966.7952856358
48053,2024,4,1,48281,973752.276527612,508179.79153630626
06115,2020,5,1,06101,415519.08121373854,450004.0486741017
21035,2023,5,1,47079,289574.04719511466,354748.0809655947
48245,2024,11,1,48361,274204.3074121401,286345.6187230784
04001,2022,8,1,04011,505443.7489368909,369603.42694198777
16051,2020,9,2,"16011,16065",452707.0759656231,395871.6776147997
55093,2021,7,1,27163,466431.3755476896,570243.0984244338
22051,2023,4,1,22075,454897.7299462348,550910.6975975956
34023,2024,7,1,36085,743001.9574794713,868196.5241883321
13273,2023,7,2,"13307,13261",249834.38285121624,313280.01524295285
05001,2024,4,1,05107,256383.71850258307,131260.8562291133
19161,2021,12,3,"19021,19093,19035",253466.14337408065,250905.7399220966
29101,2021,6,1,29107,371652.74922571727,299122.3551116788
40093,2021,5,1,40003,315968.0815312639,258437.2466271924
51071,2025,6,1,54063,325316.2455904475,306395.96525252645
08007,2024,7,1,08021,926182.2956464824,368436.63570569525
37107,2020,8,1,37079,163906.92304730663,219098.2269327104
51053,2023,6,1,51183,362791.6122894317,310965.22493554023
40113,2024,5,1,40103,362488.6715765274,319186.81144008186
53039,2022,7,8,"41027,53059,41021,41055,53077,53005,41065,41049",809386.5849106758,639625.6472996664
29007,2024,6,2,"29173,29175",316681.34398677753,365520.1513692659
28083,2021,5,1,28135,185737.35213415945,248789.76393945512
48129,2021,7,1,48483,312638.326535297,240162.19962159477
32019,2021,12,3,"32029,32001,32510",503208.1480927191,614365.9054924069
28005,2024,12,1,22091,295649.9202336984,316044.466045713
22063,2022,5,1,22091,343043.9001331875,366948.0203335425
48371,2024,4,1,48475,282668.6883389141,293622.8915686917
34011,2024,7,1,34001,349935.2915913497,623376.2335227898
18007,2023,2,1,18181,266782.31242827233,318883.134171189
47003,2024,6,1,47117,537148.0364502043,493586.21604405344
13169,2021,8,1,13021,296948.15464264434,241340.6939802676
25005,2020,8,1,44001,500889.7150216091,622584.6351965532
05067,2022,10,2,"05111,05037",176403.26841217882,233312.0848782762
21083,2023,5,1,47079,268458.6549487461,354748.0809655947
30081,2022,6,3,"30001,30023,30039",998917.1617355066,641956.9138453176
46027,2020,5,1,31027,310563.0695979556,420154.4330485752
40151,2020,5,1,20033,218697.26569058385,160570.71371240984
22039,2021,9,2,"22097,22003",197790.70285679647,239971.99303888707
48229,2024,6,2,"48109,48377",335117.46822370513,329944.039076373
55041,2024,6,2,"26071,55037",351470.578481295,282854.69518220733
01065,2023,5,1,01007,288181.7613600614,329031.86518754886
31125,2024,4,2,"31011,31121",262165.75594566244,567127.8381922351
08107,2023,4,2,"08103,08045",2038725.2909826925,850879.6983674085
35043,2021,7,1,35028,451911.91641805274,639248.359264816
27137,2020,5,2,"27071,27075",288724.821122978,273126.1256713227
28005,2023,4,3,"22037,22091,28113",283324.14151924517,317032.8936107461
17137,2025,5,1,17009,215261.87885978445,276891.08852909115
19161,2023,5,3,"19021,19093,19035",294249.1591037057,278652.9019305673
41045,2022,9,1,16087,535863.5872938012,697055.9708167714
16057,2021,6,1,16009,574448.5724287248,462987.97728825174
13153,2024,4,2,"13225,13193",357284.5748083946,299107.12470956444
48451,2020,3,1,48095,287446.16549848864,268963.40689928766
13119,2022,8,3,"13195,13011,13147",453922.6153562209,510411.7837667868
36055,2025,5,2,"36073,36037",418559.2024973693,291698.26880205335
40113,2021,4,1,40103,295124.90200072125,275613.3792951451
37021,2022,5,1,37199,704948.673538759,546314.3031189244
29071,2023,4,1,29221,394408.56790165295,295018.13343145774
16067,2022,9,1,16053,481022.5472306156,600440.9234097848
51081,2022,4,1,51595,233602.01009083368,191722.4085032083
12085,2022,3,2,"12051,12043",839016.7435023183,379873.4977507895
48485,2023,10,1,48077,271182.5509583162,383392.16659961425
17005,2023,6,1,17051,257160.6874447984,295896.9280004076
35055,2021,7,1,08021,689027.5754051454,343471.4836902756
21097,2023,7,1,21201,320281.03883292683,308476.80533442483
01031,2021,12,1,01039,284237.20521431713,270977.7129122867
54085,2025,3,1,54073,240968.12201422508,267245.01327596715
30031,2021,5,3,"30043,56029,30059",1069014.779589165,528839.716224684
05139,2025,4,2,"05003,05011",251986.25342854217,192846.98014923462
05133,2025,1,1,05113,280071.4310461388,324601.78392847936
19185,2024,6,1,29129,290622.2580381723,342952.27402280335
47023,2020,4,1,47069,235645.74206462572,204743.30363669872
26019,2023,7,2,"55061,55029",663393.3279893758,555844.2554313369
13245,2023,6,1,13163,280834.08532295283,253864.14073405377
28091,2021,4,1,28147,228804.65207315804,237178.46179090883
28013,2025,2,1,28043,229542.875180364,250985.59372969647
42125,2024,8,2,"54069,54051",440290.6175776383,242882.92933135387
04015,2020,8,1,32017,386411.35954767215,286196.9658821553
30001,2024,9,1,30023,681153.5952846127,471731.0269155097
54025,2024,1,1,54067,339343.08260586293,235330.23374171043
21135,2025,6,2,"21205,21069",227872.7045224787,315923.4101706387
37111,2020,7,1,37121,325221.72402688436,279616.3723721688
55083,2020,7,1,55078,295597.92841654737,311048.9630433105
13177,2023,8,1,13261,365604.859078191,259783.61315316215
42071,2022,6,1,42043,496856.4696920758,380808.6566140002
25017,2024,8,1,25025,1284891.2070149193,1280421.5485667393
18147,2021,6,1,21091,303057.5758062257,270709.47267206013
48471,2024,2,4,"48455,48339,48313,48407",493823.72508249833,491272.74774200184
08081,2024,7,1,49009,425902.6771161778,489890.9548908171
05135,2021,3,1,05065,254968.64081344215,244571.23680259695
29163,2024,6,2,"29173,17013",394605.322098278,389473.43643212254
48163,2022,4,2,"48127,48013",380167.568014452,358201.406971739
42103,2025,5,1,34037,421728.7011217806,590569.6894270047
13099,2022,11,1,13037,254092.58410072327,249700.44669687012
40039,2022,12,1,40043,275730.9056461927,320303.80466589663
13215,2024,8,1,13053,318398.4515444468,258890.23469148309
53027,2024,7,3,"53049,53067,53041",482986.72317651333,597882.857177487
13297,2025,6,1,13219,530460.1742376536,796504.1354065752
47049,2024,6,1,47137,396496.7824111805,393559.950893911
05111,2025,2,1,05067,222338.60948011512,182696.9715699283
30099,2023,6,1,30015,597847.4384760666,565475.9122407404
30097,2024,6,1,30037,879044.8876599604,462546.9493354764
48389,2023,5,1,48243,354230.3350411576,423466.8761412688
47085,2022,5,2,"47083,47005",417793.2355056506,346921.6143693832
22059,2023,7,1,22025,255227.87395559464,236302.89477487025
51153,2021,8,1,51685,686429.7401365177,495877.1240356576
51169,2020,7,1,51195,186691.5708013478,164672.94273641994
18035,2021,12,1,18065,224325.3136796251,254317.78282321163
47001,2025,4,1,47173,468252.5012440043,473940.5241384624
46125,2021,4,4,"46067,46027,46087,46135",459271.9132328124,420151.05436315713
46089,2023,7,1,46045,382149.1741866293,497841.263873242
16039,2021,10,1,16025,474705.35530520446,626111.757593509
47141,2022,8,2,"47087,47159",465861.87752590346,446020.5548998654
13081,2024,6,1,13315,320089.453037027,253187.94413250335
48355,2024,7,1,48007,393903.75192310475,566091.2226932104
47027,2025,2,2,"21053,47137",363055.4615294035,349021.7864994794
08077,2024,8,1,08029,608778.007805044,604556.7000973203
05063,2024,11,3,"05067,05137,05065",277094.9665308427,266323.12657925097
29223,2022,4,1,29093,228881.76668843103,261819.80708092963
20007,2023,6,1,40003,194525.56051090875,274607.25157923665
05103,2023,2,1,05039,196325.62033425752,234908.35707940636
28107,2021,3,1,28135,252887.89226079197,243035.2802790523
27067,2023,8,4,"27151,27121,27145,27023",454807.9884977362,472477.2101108306
19169,2023,7,1,19079,414430.33260531374,276106.3898710154
49035,2023,9,4,"49043,49029,49011,49051",798952.9994351151,1693742.5987955173
29183,2021,4,1,17083,419393.5718694799,296575.0785281727
38051,2023,7,1,38029,207527.30798776844,273927.3050069064
30111,2024,6,1,30037,533990.410940942,462546.9493354764
13179,2025,4,1,13109,318242.2758958159,316976.1280067886
29161,2021,1,1,29073,280200.19350019045,323826.7232603264
41049,2023,8,4,"41069,41021,53005,53039",455339.088966791,688323.0096120613
26051,2021,9,1,26129,260094.26545044073,235258.299912313
51005,2025,6,2,"54063,51580",291671.36093078676,235573.87593961175
40115,2021,5,1,40035,211841.7309577983,323394.3559320486
19147,2024,6,1,19151,281224.03442741797,239452.90987158203
29037,2024,8,2,"29101,29083",477624.70649041544,409401.4768233126
08101,2020,5,1,08025,312209.2533403504,215869.70516696
37043,2024,7,1,13281,552115.996885345,635400.862280757
38031,2023,9,1,38027,282498.68179622845,228888.76678874623
21187,2024,9,1,21081,328044.8143516692,406842.7301332873
21055,2023,9,1,17069,258329.1076969132,212726.1772179683
39089,2021,8,1,39083,398430.5326399603,366013.63890359714
39031,2023,4,2,"39083,39075",301987.27449897374,480543.3722638911
46057,2023,5,1,46011,540944.1849257863,440787.3214393007
05125,2025,6,1,05053,397563.00875220937,313998.7097625502
06073,2023,1,1,06025,1429596.6018152067,428336.0615945789
01075,2021,12,1,01107,277097.4129388586,262142.7053964334
17143,2023,4,1,17175,252365.04617790296,306324.2493944733
40131,2021,7,1,40035,363411.95976516017,331533.12120525306
37131,2022,5,1,37185,318613.71809720603,569785.706651179
26037,2023,7,1,26155,416378.47615848295,293455.09590857034
21043,2025,6,2,"21205,21063",270488.21200806607,294709.3113500646
49049,2020,5,1,49007,543022.7840786224,256677.6138654976
48335,2023,10,1,48431,230364.41354582016,352237.90384486964
47079,2021,4,1,47183,293223.5849259722,250354.53188851356
55009,2023,5,5,"55083,55015,55061,55071,55029",439857.5020270401,466630.97366488527
40093,2021,9,1,40003,319285.24482929986,262142.32751999947
48175,2022,9,1,48025,542798.6322879248,347251.2903955286
31023,2025,5,2,"31185,31143",504116.1653499934,437990.08923233836
29171,2021,12,2,"19185,29197",351230.7569130794,284529.7229758318
16019,2023,6,1,56039,545481.0754318624,5278540.761307229
01129,2025,5,2,"28041,01023",261413.7201841957,237616.27588535091
27127,2023,4,1,27173,337587.2012848635,347778.38316415506
22123,2022,7,2,"22083,22067",264200.1365610094,266731.3070969747
51127,2023,6,2,"51095,51036",520119.46369718265,529112.2098041946
47011,2023,8,2,"13313,13213",446813.60450498294,336152.0239409866
36047,2022,3,1,36061,1677322.7707541217,3359076.959929626
37039,2022,6,2,"13291,13111",410102.2359748816,773217.7410585275
04013,2021,12,2,"04012,04027",702517.4638063401,428769.90105081565
13095,2021,5,1,13037,173589.15738168464,227114.90573370783
16077,2024,6,1,16071,427869.0011315769,538948.2129259491
46023,2020,7,1,31107,386242.2835603961,366063.8246458964
48061,2024,10,1,48489,327041.0280886724,479080.2650342302
18055,2022,6,2,"18119,18021",281675.82000093954,298995.5146257241
18007,2023,6,1,18181,275434.42961472186,327666.635829105
37127,2022,6,1,37185,339722.2126954128,578407.4929109177
21171,2022,2,2,"47027,47111",239961.0684582856,374406.1964217387
31149,2023,8,1,31089,369286.161416464,380930.07191427634
45067,2022,6,3,"45033,45089,45043",219426.73775653375,408569.5789489215
08043,2022,8,1,08093,504844.0301909977,798827.1202376684
22103,2022,2,1,28045,459113.4935862385,377186.6319408617
39157,2024,3,1,39151,313985.76239994325,313362.4928882091
40047,2021,9,1,40003,235993.13245373228,262142.32751999947
20191,2022,11,1,40053,285136.01241949975,321716.196440632
27005,2024,6,2,"27029,27087",579496.6122777278,356237.90668443753
48167,2022,11,1,48071,541791.4614083217,487865.0567004897
37077,2021,4,1,37181,380165.9369618472,275816.3099466442
21103,2023,1,1,21223,371101.3416246453,345668.2603059118
42113,2024,6,1,42131,364414.2220131838,347753.5212410181
12115,2023,9,2,"12081,12027",889972.8782820469,635756.5043991196
37183,2021,7,1,37127,585881.5409829273,294128.9459624126
47031,2022,2,1,47051,424348.4708760343,559180.0377619765
13031,2024,11,1,13109,417091.35279267264,323189.2517432253
37187,2024,5,1,37177,204625.59443034,310352.613467078
37013,2025,2,1,37187,414740.10698882537,207951.7701275385
13153,2024,8,2,"13225,13193",358996.649738467,305548.3354303959
05077,2024,4,3,"05035,05123,05107",215822.91553948852,196690.48759463857
12081,2021,10,1,12027,648458.1700119226,376058.92544835695
04025,2022,8,1,04012,838751.2862642388,581098.0721103628
28003,2020,1,1,47069,228091.01787521015,201594.5359173035
31111,2024,4,1,31085,351086.9752648382,629821.1901293538
22105,2023,5,2,"22091,28113",335607.5024288543,281519.64673827105
18151,2025,4,1,39171,575943.7651572117,286452.3847373663
39029,2022,11,1,39151,252727.8845542125,295878.83451573836
36013,2023,6,1,42049,280408.5987438225,307496.43305244955
13311,2022,6,3,"13291,13281,13137",465155.2440169304,559282.5039893191
51199,2020,10,1,51735,476756.8030576145,486527.4520356224
17075,2024,6,1,18111,249506.2985250814,340855.63208411983
12011,2022,5,1,12051,703802.6013843612,379453.2624337305
40011,2023,8,2,"40043,40093",210700.4139529848,334958.0682404176
50023,2021,3,1,50015,510422.7624037862,879354.503768138
20145,2023,10,1,20083,196465.9606044225,344518.4024456952
05133,2025,5,1,05113,279731.46958178113,322547.58363088017
21191,2025,6,1,21097,374838.33959258354,359808.90672308346
49027,2020,5,2,"32033,32017",318709.4850958832,263969.46722918353
19063,2024,7,1,27091,253307.00918712272,466717.8787239028
47115,2023,7,2,"47061,13083",488538.6866158032,381235.02303786995
48223,2020,5,1,48119,390835.05399712414,288086.3432820087
42091,2022,5,1,42077,661281.7126379036,459114.1146471784
41053,2024,12,1,41071,651255.097934767,765589.3010598574
06071,2024,2,1,06059,769375.3946608073,1750677.738453889
26089,2022,5,3,"26019,26153,26029",1181485.5592491769,577760.0979197199
55105,2020,6,1,55055,280683.0638650255,366130.4618878653
08085,2021,6,2,"08029,08091",556088.3435950532,766123.947819896
16073,2024,5,1,16083,802050.7767867554,556911.6448030815
26075,2023,7,2,"26093,26059",328804.3028392588,421752.42657781334
13233,2021,8,1,13143,279261.78646824503,337127.4915959774
31181,2022,4,2,"20089,31061",374891.8684984005,297170.07508993853
17107,2020,4,1,17129,198837.46416324915,248319.14677009897
38043,2021,6,1,38083,345655.41560391226,334564.72920343926
40009,2025,5,1,40057,273736.9254783977,216425.6607238761
13239,2023,8,1,13259,264279.2156217141,219190.3409830107
13219,2023,4,5,"13133,13211,13157,13221,13013",733687.4228164898,687075.5011397415
01077,2022,3,1,28141,345604.460623984,304595.0883525126
41045,2024,6,1,16087,521474.086821492,668289.2537118917
18177,2021,12,1,18065,221837.5185898379,254317.78282321163
47047,2021,1,1,28009,489131.0098284341,237978.13029063455
13259,2024,8,2,"13053,13307",245376.95890983148,314206.17268939945
29159,2021,3,1,29107,267591.2545475001,279444.66231855
18145,2024,6,1,18059,376323.55239009205,431513.0629007754
48149,2024,2,2,"48089,48477",1042587.5135009836,760044.5916146208
37013,2022,1,1,37095,342419.73580503167,499190.60480892967
29187,2024,4,1,29157,309937.3458290102,349251.17695910065
17157,2024,2,2,"29157,17145",243282.89387366045,264771.45286256785
49013,2025,6,2,"49009,49043",541634.7273491889,1803611.9470055073
01075,2022,2,1,01107,280752.12566182413,264827.45136590576
54055,2021,3,1,51021,181604.84649386568,296702.1701309376
51199,2022,3,1,51735,545999.2540646618,567173.9605038622
29197,2025,6,3,"29199,19051,19007",308431.9487732602,325672.248061911
30047,2020,5,1,30089,652008.244844151,411027.9467569751
05115,2021,3,1,05101,268508.68612984,296457.36354726274
56037,2022,5,4,"56007,56041,08081,56023",372749.9763867075,496839.2948048728
21211,2020,4,1,21005,395055.8517500179,252488.12607898013
01005,2021,4,1,13259,243048.3833629581,209634.2091434515
37089,2021,3,1,37087,490415.6378483192,417261.51283172105
13089,2022,6,1,13247,627152.1112273722,432249.0620972076
12055,2022,5,2,"12043,12027",335665.9676811467,441025.2580633404
27095,2025,4,1,27065,429695.84621196816,372383.80616344215
35007,2024,8,2,"35055,08023",583355.1887225128,517076.5097546886
27021,2023,9,3,"27159,27061,27153",554131.6218742622,393264.0756008434
48277,2023,9,1,40013,344387.16285865614,367657.8774902439
34031,2022,5,1,36087,629963.2675377388,826654.4664723175
56037,2025,6,2,"49009,49043",419628.37000629073,1803611.9470055073
26165,2024,8,2,"26019,26079",330991.12908632885,530218.1531920113
40071,2023,8,2,"40103,40053",214797.67177239308,308587.7795109955
01067,2024,5,1,13061,332857.9786053137,350903.03090840305
38055,2021,8,1,38083,335728.4412091361,340755.6990401794
13243,2022,4,3,"13037,13307,13259",247897.21233187252,298243.1851171983
51131,2022,7,1,51735,593732.0366319707,586338.9865948774
05103,2023,6,1,05039,203367.4868349142,229291.2863377461
56025,2022,5,3,"56007,56043,56009",409195.8312288039,388642.2738281353
26115,2023,4,3,"26161,39095,26163",338860.8013887722,389881.68163236446
31087,2024,6,1,31085,392249.54835391464,647783.5086884011
51191,2023,1,1,51520,363043.1283055248,236548.31164481872
42041,2022,5,1,42043,458106.2131639158,376322.2916836896
47093,2025,5,1,47173,604849.1852461625,475200.9464762332
17109,2022,8,1,17071,172914.41752296846,233201.9924650985
48471,2021,5,1,48455,436182.03656204714,312274.99292833667
13175,2020,6,1,13283,243030.27720114728,233925.17386099207
35061,2024,7,1,35006,425528.7049905039,246951.3346246822
20143,2025,6,1,20123,338892.8704968129,290663.71623856924
29161,2021,5,1,29073,297850.31441136595,352593.92377154547
22033,2024,11,1,22091,406581.6338410716,313913.4277023461
31119,2023,6,2,"31139,31003",374670.7229013842,544469.0398519305
45069,2022,5,1,45033,212211.09755400708,207460.4686605877
05147,2024,5,2,"05123,05037",187935.61745141007,222367.36841129628
45015,2021,12,2,"45089,45043",466967.7810774159,455731.45527061203
47145,2021,6,1,47105,394676.33917701774,579417.3519436591
39107,2020,7,1,18075,303039.3119756574,216523.8802326169
25023,2024,1,1,25025,897047.1074565668,1246944.4024384045
12057,2024,5,1,12049,631502.1762481271,415541.0241828961
40069,2022,4,1,40095,291025.01415607444,375053.05694974
39137,2025,4,2,"39063,39173",367284.93108412187,377710.4136435616
27047,2023,8,3,"19189,27161,19195",310182.6229800102,297305.61968217295
48337,2024,3,1,40067,548146.7688938682,194982.6163194063
13033,2023,7,2,"13107,13163",318271.97205943154,248432.36753099877
56005,2022,6,1,56009,442809.0041525963,444427.282465291
40089,2024,6,1,40023,551958.0030225392,288738.64876873576
29195,2022,6,1,29033,274779.56907915295,344568.07716607495
06001,2021,12,3,"06085,06075,06013",1691493.568975757,2122472.106130473
28157,2023,11,1,28005,245163.09464417447,289699.34634153714
31145,2024,8,1,31065,297562.3617428234,337764.78049848886
49033,2021,8,2,"16007,16041",819627.0675755768,604263.6325898411
32021,2021,6,1,32001,202574.3675025928,438348.2271655712
38079,2023,4,1,38095,,289543.2261058016
16071,2021,7,1,16041,459015.9152063124,567517.4106745585
08013,2023,5,1,08047,1270106.4694281444,759519.9979097946
48355,2021,10,1,48273,369440.39360196545,246278.0652543217
27129,2021,7,3,"27127,27067,27023",335441.9468322114,389262.6427455026
35035,2024,8,1,48109,352930.1600789589,258421.85669915308
22011,2021,10,1,22003,345408.5408885288,223112.55711020817
55009,2023,9,2,"55015,55087",446660.6711372452,452656.6316722245
38103,2023,7,2,"38027,38083",301831.46054762264,296409.86170022405
13241,2023,3,1,13281,854213.3813863564,609807.2244515112
21041,2020,5,1,21223,210796.32226581033,267877.33834652894
30031,2023,5,1,56039,1188492.8952068093,5247692.363531029
26065,2022,9,1,26037,327924.98424885725,413449.28713638335
48339,2021,10,1,48185,510138.27193604625,669351.3371743608
22117,2024,7,1,28147,250173.77203219,266205.3416344221
13261,2021,5,1,13197,212349.2391586051,308458.9853848869
30097,2021,7,1,30059,724170.0353905228,500505.45031809784
13141,2022,6,3,"13301,13133,13125",458948.095788959,690041.9507756699
20201,2020,8,1,31067,255951.46960553285,286941.7930572553
47111,2025,6,1,47159,385106.92281235504,463494.5275284209
06091,2020,7,1,32031,433851.05055896705,651178.2017558116
51650,2020,10,1,51735,271915.8398924667,486527.4520356224
19113,2021,12,1,19095,333628.34360626806,300838.0243538878
45003,2021,5,1,45011,325624.4690921289,254591.24288669473
22103,2022,6,2,"22117,22095",479003.19775079825,296412.50679404347
47019,2025,4,1,37011,379507.5449196466,1007708.6585292916
55017,2022,9,1,55119,421244.8386394142,321662.1497521271
44007,2021,7,1,44001,474370.32991185546,757349.2088386108
13137,2020,10,1,13281,332295.11553023424,451358.4543484273
21145,2024,3,2,"21157,21139",302046.6979779704,270045.5506232442
26137,2023,6,5,"26079,26031,26119,26135,26029",347384.00097036693,425066.71389579185
01097,2025,5,2,"28041,28039",330320.68662870745,265645.74176496733
46091,2023,6,1,38081,,399556.4251078619
29051,2025,5,1,29151,412903.7045276239,435047.81176177
51163,2024,3,2,"51530,51678",528657.5384300224,373417.4116576133
06065,2022,3,2,"04012,06025",805504.0705378108,478646.2032758659
37175,2020,10,1,37087,535182.7767487133,377837.3199856456
20013,2023,7,1,31147,270523.3418734381,311980.5868930398
17125,2020,5,3,"17017,17129,17169",143386.8273299633,215763.2089437578
48123,2023,4,1,48175,513099.91140906647,530330.4295453887
29027,2022,3,2,"29151,29051",412643.30796406936,368132.8827616958
28099,2025,6,1,28069,241037.2569136859,232845.1683967099
17113,2023,5,1,17147,353747.061830041,341060.2919118201
19091,2024,6,1,19151,295802.8731085628,239452.90987158203
18153,2021,8,1,18055,224300.51957034212,256273.3205735284
47189,2025,4,1,47159,720706.2687228466,467716.3085559825
22033,2020,2,2,"22037,22091",351369.1547712686,361093.2867958371
37013,2025,6,1,37187,410610.4259800978,208168.92789901685
19133,2021,7,2,"19193,19093",239464.2953342128,259335.16270256476
48323,2025,6,1,48507,307598.31549710105,165206.33798317655
13139,2021,12,3,"13011,13013,13157",519951.53265008813,438169.61577800754
31071,2025,5,1,31175,513272.5083691994,512328.3290934813
12061,2025,5,1,12093,768589.6420046283,472919.6701268295
26119,2021,6,4,"26031,26135,26137,26039",280011.547361825,284995.95995178533
35049,2022,9,1,35028,1007366.6234404078,685897.0999583235
26041,2023,4,1,55029,258898.73583030343,677338.6368645262
50023,2021,7,1,50015,544444.7830536749,979223.6516778702
27165,2023,8,2,"27013,27063",302905.9196962094,400047.5685297897
54059,2020,2,1,21159,119164.85933617424,140669.73155756353
20029,2024,8,2,"20089,20123",223804.11802765552,280390.65976231603
49047,2020,6,1,49007,334431.5875511011,256834.9258192616
16031,2024,5,2,"16071,16083",523364.31912919297,547166.1581018479
01071,2022,2,1,47051,304702.0607864221,559180.0377619765
12111,2025,5,1,12093,496840.8464379905,472919.6701268295
34013,2024,5,1,34031,1030614.8041881616,700406.4507309893
01025,2023,4,3,"01099,01023,01131",257983.7214362732,255683.05318854703
29015,2023,9,1,29083,340076.8184400783,378519.3347575101
42073,2021,7,1,39099,232762.2261004205,231863.88616504395
49053,2020,7,2,"32017,49021",542054.4749124704,340852.7293221384
16039,2020,4,2,"16025,16083",324778.7295016116,415354.7999210856
42091,2022,9,2,"42077,42017",671774.3562505842,579459.4079080331
51001,2021,6,1,51131,324112.763128253,501580.39382403233
53065,2020,6,1,53019,403777.4012346634,362879.4867594081
38045,2023,7,1,38003,333688.3533805427,345026.0736484421
27005,2021,9,2,"27029,27159",514612.2081633021,351486.98089008394
29063,2023,6,1,29003,448128.4111884108,439131.0083828363
29115,2020,5,3,"29211,29041,29117",189556.85009772168,218945.01487004987
01033,2023,12,1,28141,319365.1429498351,304754.0297936322
13069,2025,6,2,"13003,13271",310678.8319611447,243562.19134275342
48485,2021,1,1,40033,212534.28597744415,201621.6494758647
04001,2021,8,1,04011,434192.524311813,346746.4520012453
12023,2024,4,1,12041,421844.2990450044,452334.65994741675
48265,2022,5,1,48267,740969.0170637468,932116.3740774224
21011,2022,10,1,21069,272990.2422294784,289348.6396707603
50027,2020,8,1,50017,552676.851386193,452513.3675768915
06031,2023,4,2,"06079,06053",449742.25539688155,1427492.397709385
41059,2025,5,7,"53013,53071,41061,41023,41063,53005,41049",443492.5924278584,563414.0303149259
08009,2021,6,1,08011,203666.6985368353,253381.40652035523
48377,2023,8,1,48243,370386.1635286859,417584.4770903147
16023,2022,7,1,16037,,795796.1573469262
19165,2022,4,1,19027,309931.8946560276,310507.5745474811
13265,2020,8,1,13301,259691.4041162407,211491.04851926616
48291,2024,12,1,48407,378690.11645190936,467438.82135255664
41055,2024,8,1,41065,484661.49349093885,586412.140820257
13267,2023,8,2,"13107,13279",300789.3143790611,258733.85107199248
21035,2024,3,1,21157,291674.56221930403,314341.53339807264
16053,2020,5,2,"16083,16067",382470.831631531,342315.9047771528
49043,2024,9,1,49009,3053746.1786082233,492756.38038776646
20147,2022,4,1,31061,230152.47837522256,315722.95603125665
51199,2022,7,1,51735,568252.0750900967,586338.9865948774
48043,2022,8,1,48377,421894.6762919323,397162.4984627786
13103,2021,1,1,13031,320103.2777090656,289774.4882903284
51059,2020,1,2,"51610,51600",877825.3677150657,1029897.8627611783
34003,2024,5,2,"36005,34031",1066194.4365233786,720919.6199916475
13211,2024,8,1,13219,726261.8797257704,786836.4538506946
48335,2024,4,1,48431,231696.2445419723,334738.6217084758
26053,2023,4,2,"55051,55125",243402.19121019312,503206.48096972774
48255,2022,5,2,"48177,48013",602171.8133264036,601303.9493037662
01125,2025,6,1,01065,381907.33612890635,279834.2826855956
47023,2022,5,1,47109,301651.6051453369,289671.547119162
13085,2021,4,1,13227,546659.8354792526,464148.5035522413
06047,2023,3,2,"06069,06085",535824.71697268,1776040.653877176
29223,2021,3,1,29179,191173.2654752027,266930.9607566116
55061,2020,2,1,26019,308783.5054160238,437858.0453710747
48029,2021,10,1,48013,387696.5358191426,421892.3580164802
35017,2024,7,2,"35003,04011",361511.6714216661,349581.36445989367
13093,2023,4,5,"13235,13193,13315,13153,13261",263541.78493285837,274406.33381001407
06071,2021,5,1,04012,634465.2350758471,441605.01865027426
27151,2021,9,4,"27073,27067,27023,27149",429363.7339735818,435193.6507404139
36083,2023,1,1,50003,398798.9702700496,757142.005039142
01067,2024,9,1,13061,334470.3756798598,358245.81968159816
35053,2020,7,2,"35006,35003",244795.91223166973,259297.48280910263
56025,2022,9,1,56007,418286.9276623549,338346.7910795436
06029,2021,12,1,06079,432667.8921236908,1182400.38896391
37019,2025,5,1,37141,707005.6504938599,723865.4394322713
28071,2023,8,2,"28161,28107",565193.4358834216,291459.3492908758
26027,2023,6,2,"26149,18141",489006.5694890984,335023.4228363107
28073,2021,8,1,28091,349215.0767177391,239149.45266207677
28145,2020,2,1,28009,221337.43403829905,214111.5006921636
17115,2021,12,1,17039,183740.56101729337,213542.9960288059
27061,2020,8,1,27071,282605.85364292556,233467.20818820773
13317,2020,8,1,13301,235207.9249481466,211491.04851926616
39155,2024,4,1,39007,243252.9968475568,261961.23323160585
19115,2021,12,1,19183,237794.03286375827,324283.2480610544
28005,2022,4,3,"22037,28037,22091",299394.7577143176,349087.2820745712
32007,2024,9,1,32015,478287.94868557993,406817.898946922
40009,2022,8,1,40075,252275.75564558155,183198.30850003916
12115,2022,5,1,12027,880373.7949140974,459923.8049798301
20157,2020,6,1,31095,219304.39429577897,261615.86744931387
21053,2021,2,1,47137,217648.02272799285,334335.29310521705
48269,2022,6,3,"48155,48433,48275",,281859.53614130645
13031,2023,7,1,13107,380416.9055866962,241353.44805630515
05147,2024,9,1,05067,186150.02840967628,175481.06253894942
51185,2023,7,1,51021,226497.25120179728,298799.90004372114
53047,2022,6,2,"53057,53073",612405.6931562851,883329.1367190317
36051,2025,5,1,36037,375293.2030158746,305817.33491655014
48215,2024,9,2,"48489,48047",290988.1249379966,330316.3765471157
21101,2024,8,4,"18129,18173,21225,21233",317855.55325726286,320792.9964373118
31169,2024,4,1,31095,394995.09503925405,336538.3234955689
25023,2024,5,1,25025,918800.4908275692,1278217.7886074677
06107,2025,3,1,06031,493199.0885095785,475829.5762599408
35039,2024,9,2,"08021,35055",478536.24137310823,524481.2160873882
30067,2023,9,1,56029,1044959.7445871816,679202.4261962798
48173,2024,4,1,48431,,334738.6217084758
28001,2022,5,2,"28063,28037",266989.06915570545,292972.8546731197
13283,2022,5,1,13309,307836.79136791057,278336.3271924835
28139,2020,4,2,"28009,47069",203306.040618456,210135.7786478296
39167,2024,8,2,"54073,39111",280566.3618592974,259788.42109802837
24041,2025,5,1,24035,1125691.6380277455,819248.5886973249
21129,2022,6,1,21189,192696.2578767539,244154.29542503957
13213,2021,12,1,13111,309365.4066626622,851823.7621416487
19039,2024,10,1,19185,354778.59629443876,296911.55490878626
27139,2024,8,1,27079,622681.6802866213,529939.9517647553
22073,2022,8,2,"22083,22067",309310.3131604283,265831.9494820072
17131,2025,4,1,19115,308067.2103380599,296955.97136618296
28067,2024,2,1,28111,268500.1438890438,250879.31949239425
29163,2020,5,1,17013,279984.4826550695,311307.0221294484
55065,2025,4,1,17085,366770.3023758672,401644.4115686939
36103,2024,12,1,44009,1148438.479243629,1053432.3260618187
05137,2020,11,1,05065,247390.43238237477,234860.92212348268
34023,2025,5,1,34021,775006.007511346,802032.106849278
13273,2024,5,1,13307,253215.2019017369,364443.51344334456
21161,2021,2,2,"21201,21023",235474.1586360608,266648.64590194746
27033,2024,7,1,27127,338580.80312901124,340904.876202069
01001,2025,5,1,01085,385561.1348684618,287014.4386406595
05035,2022,5,3,"05077,05123,05037",263883.0174478325,229407.49240272996
13241,2023,7,1,13281,866384.0959416445,624044.4515943996
18139,2024,6,1,18059,369622.3501580241,431513.0629007754
31027,2022,10,4,"46027,46135,31051,31179",476212.217702175,440913.3470279887
46101,2021,4,4,"27081,27133,46079,46011",523800.6114580904,438410.0367207223
54095,2025,4,1,54073,213833.39538121817,265162.90645187674
17115,2023,5,2,"17147,17173",193161.27207119516,311351.9197348057
22015,2021,11,1,22081,344064.5415668541,254180.9573158744
46085,2021,8,1,46023,,442502.0668122012
48245,2022,6,2,"48291,48071",281527.89172359824,440462.72817215323
48273,2025,6,1,48047,264517.177543647,182092.83374462076
05147,2021,8,2,"05123,05037",174159.39774629532,204840.0325567274
39019,2025,6,1,39151,350310.7364135272,335176.8561567828
54077,2024,4,1,54093,245494.0807273469,393844.09340422275
26077,2023,7,2,"26149,26023",394150.36801393126,337339.73566982365
51003,2022,7,1,51540,875300.9776480339,743662.2671461595
21067,2025,6,3,"21017,21049,21239",510595.4846041943,498204.94797532
28011,2025,6,2,"05017,05041",251043.24870250144,228058.31492343056
01019,2023,6,1,13055,374049.54797837866,296399.7305719746
19081,2022,8,1,19197,293438.8679253179,237202.6298058488
04001,2023,4,5,"35006,35045,35003,35031,49037",488817.74013628886,367332.6600081092
22045,2025,4,1,22007,243269.34915648864,268858.4289220676
51175,2022,8,1,51620,391989.29284447577,305593.35207884596
17059,2023,7,1,17069,134071.52602269102,211785.32790403673
01119,2022,5,1,01107,254076.0422170116,266273.05629656697
37187,2023,4,1,37177,207188.04337923203,311183.4568401253
29179,2025,5,1,29223,314458.05313660484,230969.04865923536
04003,2021,10,1,04011,351756.3079552851,344594.8546642076
16063,2020,7,2,"16025,16067",358634.52220798004,385733.47180983145
01003,2023,4,1,01099,680800.5017326166,257895.23466220792
26103,2020,7,1,26083,245692.0344096193,261257.25940744812
17149,2025,4,1,17009,215810.24534519957,273769.5300677654
29065,2021,1,1,29179,236489.11572607543,259110.58716871295
28145,2023,9,1,28117,266711.2805543401,227495.53418880815
30019,2023,7,1,30091,328112.4383806013,338057.45989682013
28123,2025,6,2,"28129,28061",215165.0054968259,254113.29546628427
48325,2024,11,2,"48507,48163",555938.1970540602,248536.80904007508
01113,2024,2,1,13053,281789.78362713824,245996.15749847295
40137,2022,12,1,40019,253710.936847861,313609.0286491777
30031,2020,8,2,"30043,56029",859860.6720177229,475489.5007873864
04019,2022,11,2,"04023,04027",542238.640591702,416623.74500263296
29183,2020,4,2,"17013,17083",377518.08248883934,288693.92693566205
18141,2024,5,1,18149,346819.1905079156,319318.13433241885
06019,2021,6,1,06069,498102.0347133288,1025448.5549032498
48143,2023,9,1,48133,677942.137107165,383865.191676656
48147,2025,5,1,48231,569264.2847024105,472340.3001227057
17055,2021,3,1,17165,183950.694733032,154861.46018225115
48221,2021,12,2,"48425,48143",608844.9835292557,601106.1737528637
47147,2024,6,2,"21219,21213",542368.9237014301,399536.66708387993
37111,2024,4,1,37011,461574.0508182051,978293.4711716624
51027,2025,4,1,21195,156091.45902442012,203088.1396579504
39159,2024,6,1,39021,636280.1756531028,356558.12165035144
41017,2022,8,1,41037,1191985.269913667,313838.218837656
47181,2023,3,1,47039,301200.12715304643,317378.01547331014
27139,2021,5,1,27019,556111.7792128096,636079.902905452
13249,2024,3,2,"13261,13193",318019.21387688327,262946.04161073064
48003,2020,4,1,48165,344056.9695130963,298782.445797286
12021,2022,6,1,12051,1499316.8506265532,387090.9321775594
19023,2024,6,1,19069,336252.2075498289,273269.40707888437
48015,2020,4,1,48481,722913.3026137095,434424.02682001266
06043,2024,7,1,06109,591669.0025484496,552728.7988722431
18181,2025,5,1,18131,353278.34488198836,288387.5742216544
40127,2023,3,1,40005,280442.5861483585,349199.57053519017
18083,2025,4,1,17185,272724.3898452644,195943.3496496013
29123,2025,5,3,"29157,29223,29017",291775.80630839866,301672.4777279308
48485,2021,5,1,40033,223148.0400439986,206830.0792777435
13105,2021,10,3,"13147,13317,13221",255616.03851630937,403740.3282730893
48027,2022,8,1,48145,422109.0553960656,376217.4492871869
06083,2023,2,1,06079,2076504.4193644775,1268740.1940389497
48201,2022,10,1,48071,486948.5139028877,489474.5464274886
38063,2024,5,1,38099,230768.24708581847,236685.69975210223
26153,2023,7,2,"26097,26029",293057.5026007022,550753.4316116907
22017,2020,11,1,48315,244419.54236415084,255169.46895692215
28103,2025,6,1,28069,225576.48750165768,232845.1683967099
49045,2025,6,2,"32033,32007",613591.6614523553,407098.1526821038
55117,2022,7,2,"26105,26127",399840.06102599035,417112.6188597246
22029,2023,11,1,22107,257706.52469495955,396755.9134017921
22009,2022,3,2,"22125,22025",255678.411027706,395008.84846792056
18105,2021,6,1,18093,405744.2052754936,273119.8316222543
21135,2023,1,1,21069,216831.11287253455,288443.67043341993
51700,2022,6,1,51740,337597.1382693189,307272.0320248373
34025,2024,8,2,"36081,36085",1170993.2754707194,942515.7101776354
13017,2023,7,2,"13315,13271",215294.06003709525,243000.45474382103
38071,2024,5,2,"38095,38099",341763.9018801534,243944.60334745917
51059,2020,5,2,"51610,51600",894282.2388856275,1047653.0367274284
34003,2024,9,2,"36005,34031",1089181.907180595,729335.2001085745
19083,2022,8,1,19197,249557.3260992586,237202.6298058488
46109,2023,7,2,"38081,27011",471291.3070802752,389561.10334867745
45019,2022,5,1,45043,1068168.1819633837,702160.7751507884
42073,2023,4,1,39099,254502.50868206177,260862.5424015882
48117,2020,5,1,48369,240573.3509001393,239340.64658841497
13103,2024,6,1,45049,451989.29510461906,303931.081115987
16031,2021,8,1,16053,455344.4287113263,515085.69618693617
55061,2020,6,1,26019,311738.8196047647,447461.75760604086
21057,2025,5,1,21053,289097.22304675594,287357.15571218426
55053,2023,7,2,"55141,55035",307587.88071712095,378402.95001951966
27113,2021,8,1,27029,361957.3593124195,372380.2945692553
26155,2022,8,1,26037,297054.47239506146,415499.6714120229
19053,2024,7,1,29129,301466.0331067851,347483.51101589814
08015,2020,7,2,"08109,08065",684128.7168737744,400903.41524677584
21217,2021,2,1,21001,246213.5006188718,214902.11972497823
22111,2023,3,1,05003,256228.64480076157,172182.02254963707
28077,2021,6,1,28147,239557.2107752339,242658.7573496357
48473,2023,10,2,"48477,48339",630150.670159299,728414.5289681247
51165,2023,6,1,51660,512375.51039510366,446618.9433136902
37015,2023,6,1,37091,199226.5275023637,226658.89762285523
29123,2022,4,1,29093,269779.68156448146,261819.80708092963
06105,2024,11,1,06093,405959.7365286751,447307.1310889835
21011,2024,7,1,21181,289206.8742611662,348235.46960076137
54039,2024,3,1,54067,242341.54706772752,236842.0416926995
12023,2021,7,1,12041,352825.7986784041,371766.9155026276
28145,2020,6,1,28009,224409.6902793883,218932.9414247663
22119,2021,8,1,22027,242121.86524229156,243713.3533070887
42123,2024,10,2,"42039,42049",228234.6416630753,284435.9503916194
12067,2024,1,1,12041,415683.07785796927,447730.6856058375
29049,2022,7,1,29177,431076.6283261438,399927.70814468176
51013,2020,4,1,51610,1154094.70183637,1316964.1652727516
18057,2021,8,1,18159,559898.6324390275,300474.0384715369
37025,2021,3,1,37179,416962.01003821014,545290.5393823235
48049,2024,3,2,"48333,48093",409197.7042767005,686686.551346426
48013,2021,4,2,"48283,48163",399471.88366843766,358259.1665399866
46017,2022,7,1,46015,,506604.7139565574
55027,2023,4,1,55047,409901.3402634062,550783.4130316462
26011,2023,8,4,"26017,26129,26069,26063",259737.31798538883,276198.90914800577
47133,2022,4,2,"47087,47027",427238.10373687255,374407.2565994016
20121,2024,8,1,20107,561440.8842448496,359150.70774063974
40025,2023,8,1,35059,200754.736406757,217400.99861237404
20011,2025,5,1,20133,288707.28771450865,240522.85023456716
05013,2024,4,1,05011,236504.50818923063,229346.1861238069
28067,2024,6,1,28111,271722.5072452197,257658.2105266316
13287,2020,3,1,13017,220132.17575856776,148422.35042487297
16047,2020,4,2,"16025,16083",407025.73168063065,415354.7999210856
19035,2024,7,1,19093,289762.97627998923,274300.9604398406
55079,2023,8,2,"55131,55089",400501.3429684705,636110.9785110006
54019,2023,2,1,54089,199280.14471775616,242457.6743765018
48187,2025,5,1,48493,425970.8364434214,605558.8509860976
16003,2024,11,1,16087,861061.1891059311,673203.3659179079
31179,2023,10,1,31173,460271.9833476047,390080.10404531966
51081,2023,6,2,"51595,51183",237915.76855978835,261453.26043163816
32023,2020,7,5,"32033,32001,32017,32011,32021",341737.5356873633,277622.34311353404
21179,2020,4,1,21005,279937.7410351326,252488.12607898013
29095,2021,8,1,29107,345908.280949183,303740.39233306627
32007,2023,5,2,"49045,49003",462597.0564979674,596145.6386263364
29053,2023,3,1,29135,433845.5605971006,383017.7443379524
21161,2021,6,1,21201,248151.82463891237,281817.75638030766
45029,2024,6,2,"45049,45005",571489.1192475563,233868.46708784084
35023,2024,6,1,04011,200754.79062995024,336212.3509777964
40059,2020,6,1,20033,128664.08201594568,160130.01397567915
06105,2021,10,1,06045,522061.7298936662,927761.0789109786
16035,2021,7,2,"16061,16049",465559.5882276878,462421.85320181027
45015,2022,4,2,"45089,45043",503415.3751979181,491051.82894415874
13083,2022,11,1,13295,399298.0176909722,352235.88179783756
48309,2022,4,1,48217,416969.4162350234,439858.8350708485
17199,2021,5,2,"17181,17165",219028.91578184467,204522.9624828905
48245,2022,10,1,48071,282209.37046202907,489474.5464274886
21139,2023,7,1,17069,225906.30475442504,211785.32790403673
55099,2024,5,1,55003,304438.061431104,323113.8560515972
54107,2025,5,1,54073,272866.76869064226,263138.8554971044
54077,2024,8,1,54093,254297.9052855353,398215.4312798972
37009,2020,1,1,47091,411792.5295574109,297846.3685861838
51059,2023,12,1,51600,1115131.9067163484,958297.2472177814
17067,2025,4,1,29111,189211.7100919471,338623.1930817253
53075,2022,6,4,"53021,53023,16009,53001",495945.73630127223,487996.6500973753
26143,2022,8,3,"26135,26079,26039",327610.69801342714,285123.456440221
35039,2021,12,1,35028,478253.5277965837,650575.6431828816
29143,2021,4,2,"47095,29069",150212.62845121688,183478.9956957118
05095,2024,2,2,"05123,05107",202838.7936889902,156610.1854879179
04001,2023,8,6,"35006,35045,35003,35031,08083,49037",497985.47591233207,410140.18250984914
36071,2024,5,1,34031,607676.5125624579,700406.4507309893
12131,2022,3,1,01039,1749096.74830499,275196.7321788846
16063,2025,5,1,16047,540961.1321020979,662438.7748990944
05135,2025,6,3,"05049,05065,05121",267894.2783376524,287680.9408045983
21231,2024,8,1,47137,278279.75371314964,397729.0830977228
21017,2021,6,2,"21173,21097",438657.3665879376,274440.709536609
53009,2021,11,1,53031,658435.9227300164,845302.6196106966
28031,2022,5,1,28065,293892.2129511256,205108.99901496875
18157,2023,7,1,18181,400009.91241369746,330011.14542678633
44003,2020,7,1,44001,389627.91440920735,620102.1599205075
47157,2023,8,1,05035,416269.08480339503,275828.80051750276
30043,2024,8,1,30023,746581.2780330507,469857.55192295247
29071,2021,5,1,29073,357911.058247063,352593.92377154547
22105,2022,8,2,"22117,22091",353190.1359829689,316225.14780205104
20131,2023,5,1,31147,424210.4789053261,306565.6694280876
22063,2023,5,1,22091,337001.87494156783,334456.23076963593
48297,2022,4,1,48013,596219.2466846701,454022.84924647905
13241,2020,10,3,"13281,37113,37043",629678.5786940063,447910.56813222356
27053,2021,6,1,27019,572269.669826524,647307.254268224
28031,2025,6,2,"28065,28129",289058.79682450526,223246.7423537005
19069,2023,7,2,"19067,19079",262649.8996693346,287198.550665092
30081,2020,5,3,"30039,30023,16059",550159.8617002964,361746.3975267084
39147,2020,11,1,39143,208570.71940768763,199204.76297849484
20143,2024,6,1,20123,327380.8975844221,261113.88747018427
01009,2021,10,1,01043,312843.90677855077,391843.45119273075
06019,2021,10,1,06069,522036.0464454841,1071371.6335109763
08049,2020,6,2,"08019,08047",886412.2555674156,611740.0362386804
20007,2024,8,2,"20097,40003",203943.81872649243,301357.70043471194
37111,2024,8,1,37011,468923.80363849574,989189.989783212
51059,2025,5,1,51610,1200379.1735876368,1759061.1595316362
56043,2021,5,2,"56029,56017",341833.3087605006,419989.81278551754
47181,2023,7,1,47135,311752.1784623486,323629.7645592363
48207,2022,3,1,48275,219567.65640521012,237466.9995866149
06019,2024,11,2,"06031,06069",586969.6096806868,736663.8338786231
55019,2023,7,2,"55141,55035",296399.3841728179,378402.95001951966
44005,2020,7,1,44001,814781.7203181378,620102.1599205075
51195,2025,4,2,"21095,21195",232113.3235666483,178077.0351894729
23005,2022,11,1,23023,803519.5980559313,583880.9351781731
06067,2023,3,1,06013,713881.3796141756,1480302.769629705
13043,2023,8,2,"13107,13279",335945.398764983,258733.85107199248
18097,2024,6,1,18059,338809.8505268144,431513.0629007754
35045,2021,8,1,08007,296112.8219196228,825814.7962284215
13119,2023,8,2,"13195,13011",446930.4571909651,450796.74679350934
17057,2020,8,1,17169,148349.65450081605,256692.44222037192
05139,2023,3,2,"05003,05011",250190.64787984113,198321.82742421114
48429,2023,9,1,48133,389825.1264953536,383865.191676656
22105,2024,1,1,28005,320160.7734855351,285178.8609788041
26103,2022,4,1,26083,318251.81183757656,302865.3002407332
16005,2020,8,2,"16029,16041",350290.60812387726,402004.2765556344
49057,2020,7,2,"49033,49029",444752.79379800195,677372.2968943149
39009,2023,1,1,39115,290995.057079619,256052.5332379653
46115,2021,10,1,46005,333668.6565204679,362766.0708816664
26019,2021,6,1,26089,563440.083945246,974046.2471958916
06053,2020,1,3,"06031,06069,06079",1184709.3853259326,723151.2499255062
17083,2022,3,1,17013,303041.83675313514,352162.12913754134
47139,2023,1,1,13213,392857.43888705893,321736.2751929216
19039,2025,4,2,"19185,19117",354260.0475253283,319650.29596273473
01001,2024,1,1,01085,371904.633866905,283926.3525355822
22063,2020,4,1,22091,290519.07290638145,346962.88882363494
22097,2021,3,1,22077,250762.0085185036,326593.83022268274
45027,2020,1,1,45089,259132.91519278177,229770.05559008985
19069,2020,6,2,"19067,19079",205081.54996405556,221701.1813296144
38071,2024,9,2,"38095,38099",350010.67574627494,251526.92261297064
27131,2023,8,1,27161,469483.45289044175,377615.1188088439
49049,2021,7,1,49039,695705.1611257152,470803.4637595185
36027,2022,4,1,36079,580989.521822581,641348.8709533574
48329,2021,5,1,48461,442338.091533297,242174.3639657496
20103,2023,4,1,20209,465825.46495516977,276753.5978742109
17119,2021,5,2,"17083,17027",280793.21704497916,290871.96760388045
04015,2021,8,1,04012,507458.03619764064,479896.34832757903
23003,2020,6,1,23029,177052.47198116942,227199.21963732984
13147,2023,8,1,13195,602018.1741896753,409020.3241906835
37047,2022,5,2,"45033,37141",278492.88638241903,449672.05013916653
47027,2024,9,1,47137,357864.25608530524,400082.1497700196
06029,2025,5,1,06031,491399.7671804079,475356.00999024184
32027,2021,6,2,"32013,32001",341174.6380879995,423240.0258546099
48163,2023,4,1,48127,356627.22196438746,256191.60374356908
22033,2022,8,4,"22037,22121,22091,22047",404700.8214072325,352831.5855558633
26085,2025,5,4,"26133,26165,26101,26105",266966.64347581775,360281.9728125963
19187,2023,5,1,19079,236942.69855964076,273804.4759776714
13105,2023,7,2,"13195,13317",281352.84884962806,372569.9883065091
40009,2021,7,1,48483,229191.5833983627,240162.19962159477
18017,2023,6,3,"18131,18181,18103",239583.3666847236,276008.80152907054
26085,2020,11,2,"26165,26101",214415.47599065755,287919.91142457316
31011,2022,10,1,31125,730449.9533285182,280777.09142705234
21053,2020,1,1,21207,189138.25424255803,172557.84928019423
13297,2021,12,3,"13219,13013,13247",467867.2823674817,482238.7226745726
42037,2025,6,1,42093,368432.29491122346,455110.2847744738
22065,2021,5,1,22107,,372894.1031086635
48107,2024,4,1,48153,164782.9042152609,175563.60947415754
48389,2024,5,2,"48109,48475",309980.24909914617,282229.5677701294
22119,2021,12,1,22027,238346.152152325,236049.63713513865
12067,2024,5,1,12041,417588.7431897451,455494.94893364445
40099,2022,10,2,"40019,40069",316554.0603454844,314507.7707209458
06065,2023,1,2,"04012,06025",811979.8336075665,489120.90464904957
13033,2022,10,2,"13107,13163",311497.0867474615,251785.463763766
13311,2020,1,1,13281,300981.1327776451,427016.4772148644
18057,2021,12,1,18159,584058.3564106044,308835.8167539964
12019,2025,1,1,12007,470295.9443461955,397588.1441393027
05003,2024,6,1,05011,168100.48349886484,233682.2253374867
39083,2022,7,1,39005,407043.21136924817,331451.3292503513
20007,2021,5,1,40003,169598.01946845115,258437.2466271924
17109,2020,3,1,17169,152119.6537885434,253688.33473028897
48181,2024,6,2,"40095,40013",553635.3710305019,382262.76892220415
21185,2025,6,2,"21223,21103",673933.6276065301,382757.85531040863
17143,2022,11,1,17175,257551.10249466385,299557.26367320394
04015,2023,1,2,"04012,49025",549042.1960491751,590322.5390838385
48005,2024,1,2,"48455,48225",342241.08391654945,387934.5190344488
42047,2024,4,1,42023,198091.3743433881,156432.17788857574
16019,2021,7,2,"16065,16081",538386.3853726239,856593.6202545346
30035,2023,6,1,30101,309582.66717084753,308845.2249043813
29223,2023,4,1,29123,227378.399250468,264138.53785745875
06051,2024,9,1,06109,1237754.74891485,550569.6020079158
17049,2023,2,3,"17173,17035,17051",369962.3580486863,278673.2511877175
29071,2024,10,1,29073,415954.4411076415,444835.7468005314
28117,2025,5,2,"28003,28139",231641.26004338244,263509.8961493075
51117,2021,7,1,37181,324262.3038238001,289028.1293805781
26107,2020,6,1,26133,273752.3467652975,212910.235016748
21225,2023,3,1,17069,228766.77852540143,206559.94076429147
53069,2024,12,4,"53049,41007,53041,41009",533021.9261732082,628627.7859668451
13297,2023,5,3,"13247,13013,13211",506552.19938318286,517880.7399181958
37119,2021,3,1,37179,530296.5918656535,545290.5393823235
45015,2022,8,1,45089,525330.7590165212,300066.5780604901
48479,2023,8,2,"48505,48323",325703.8438326666,271036.5791592563
13095,2022,7,1,13037,209980.6944826856,252530.827286141
18089,2022,6,1,17091,368598.2264165962,300719.4529303597
08113,2021,8,2,"08091,08033",3625217.516356351,777076.0884699702
01041,2021,12,1,01039,271203.20428111363,270977.7129122867
01035,2022,2,1,01039,251856.27853618303,274511.6715829068
35013,2020,5,1,48141,297093.1910974906,222220.0333111255
06087,2020,3,1,06069,1284281.6548410908,863167.5037695674
19057,2022,5,3,"19115,17071,19087",253936.1427751799,267826.5553161395
44007,2020,10,1,44001,411249.1619871973,638764.0888417782
10001,2023,9,1,34011,460651.28453556774,333756.66285370965
39143,2024,5,2,"39173,39123",261660.74083311492,425531.1750756325
12015,2024,5,3,"12115,12055,12027",576753.0967226601,571098.9260722174
08073,2025,4,2,"08061,08025",449602.7450503889,335345.36355387414
12071,2022,1,1,12043,619293.6082721186,375652.5169390245
18049,2020,6,1,18131,241720.53896044695,188977.83546170767
16037,2020,5,1,16059,482127.6337042844,378444.4759427349
40143,2021,9,1,40147,326492.042284762,250585.3330118273
13173,2020,6,1,13003,200020.95407205596,227619.68486242616
26107,2025,5,4,"26133,26035,26117,26073",345952.52230573655,291893.2130807391
55027,2020,7,1,55055,318402.0989764613,367016.7872631438
13279,2020,6,1,13283,211863.18632787257,233925.17386099207
13267,2024,6,1,13279,309484.4449466839,291497.866596198
48193,2022,5,2,"48333,48093",714686.126992728,750669.9376132949
48221,2022,4,1,48425,650810.4878267818,658863.6612835027
17049,2020,1,1,17079,294347.3114683078,210641.07153568615
29071,2021,9,1,29073,368770.6870382552,366244.2767288556
06103,2021,1,2,"06045,06021",422834.1879561532,687631.6538024917
20131,2023,9,1,31147,432040.63485733856,309932.19739549904
13269,2021,1,3,"13249,13197,13263",274567.40643860813,283781.75030806306
35049,2021,12,1,35028,930941.6549141044,650575.6431828816
06093,2021,9,2,"41035,41033",442869.1799039783,481567.2713622706
12001,2024,5,1,12041,494179.1294305238,455494.94893364445
17167,2020,4,2,"17017,17129",246599.15107097465,193666.21315876418
39081,2024,8,3,"39019,54069,39067",206065.8176425131,292632.4127520232
05133,2024,12,1,05113,277214.4123900227,322912.50526516413
31051,2023,10,1,31173,420577.4429486501,390080.10404531966
28037,2021,3,1,28005,251161.4354301975,280181.95092956716
37029,2023,7,1,37177,445991.489370981,315624.83184912615
19147,2022,5,3,"19021,19041,19059",257573.385075338,437163.55461356166
48223,2024,6,1,48379,544027.682483931,513650.2937505164
32003,2020,5,1,32017,439185.1836692854,280776.54746197484
40005,2021,5,1,40029,299447.79221560137,246547.64355890465
19103,2025,4,2,"19115,19183",482062.00686642335,341083.50768663996
47081,2023,7,1,47135,342001.67188759684,323629.7645592363
30085,2023,5,1,30091,282989.8230379764,329631.662206873
22109,2024,9,1,22101,311259.5193030361,211827.66869360747
51035,2024,7,2,"51640,51063",308264.1804778064,312612.3863692654
55033,2023,8,2,"55005,55035",424945.38163768826,437480.1425556609
21043,2020,4,1,21063,182127.15060327263,200490.21987197243
24015,2025,6,1,24029,541845.3290537992,742403.2915518595
22021,2023,12,1,22049,238816.9946053627,261453.46076699375
06099,2021,10,1,06085,565270.1882198228,2478107.3377481936
28001,2021,5,1,22107,228187.849762298,372894.1031086635
48055,2022,3,2,"48177,48149",553274.4746397521,921104.6143405086
29045,2021,8,1,29103,239617.60672739925,264101.6504184478
54023,2024,8,1,54093,293047.76240514166,398215.4312798972
22041,2021,5,1,22107,210293.66515869263,372894.1031086635
45007,2021,10,1,13147,368886.8468537668,547985.721674831
22051,2021,7,1,22057,456031.3708974885,319273.8111485455
31173,2022,5,3,"19193,31051,31043",385539.3336942719,333758.39984182845
32017,2025,6,1,32033,380296.9969107217,326139.7561912425
47135,2021,10,1,47039,317759.42427535396,299515.17475411535
48149,2023,9,1,48089,1069517.6938983342,653541.6543437894
18157,2025,4,1,18023,436973.0973819361,345807.28293492465
27061,2024,7,1,27071,384586.45934078,280188.0075394541
05139,2023,7,2,"05003,05011",254221.48823351352,199461.69459566977
01129,2023,4,2,"28041,01023",255584.2725709833,230880.21019884787
48173,2020,8,1,48461,,241048.7523045159
29195,2023,8,1,29089,288048.9698428616,411214.05242103914
20029,2022,3,1,20123,206397.745990078,261717.77146106624
20191,2022,3,1,40053,269416.00245086825,314437.2958219116
16043,2022,7,3,"30001,30031,30057",888245.3600192014,1706051.8578795956
13035,2022,6,1,13159,409214.9107707396,495188.3792171368
48479,2020,5,1,48247,271786.7313296573,218849.19767867573
47139,2023,5,1,13213,395339.50291000126,326199.4253227163
48273,2021,5,1,48047,238463.73973287863,203545.5197886901
48167,2022,3,1,48071,512166.67828750383,479450.81133080326
12077,2021,3,1,12037,273978.2639810157,710815.4637645382
29187,2025,6,1,29157,319340.08109482616,360494.7507633213
51149,2024,7,1,51670,438477.0594973862,270875.69942782406
48159,2021,4,1,48119,584896.5166393456,332989.2576381611
06029,2022,8,1,06079,476934.09033972333,1311431.755581944
45027,2020,5,1,45089,264335.2866446965,234767.1983224068
33009,2020,7,1,50017,416697.9700292886,448023.5107342703
08043,2020,7,2,"08109,08119",367108.3301192058,417122.84485380125
30051,2023,8,2,"30101,30015",391940.04338310746,446852.78484300966
56035,2023,8,1,56039,700313.1807740787,5414566.901793153
33007,2021,7,1,50009,328602.28273798386,391075.3242542795
31031,2022,9,1,31091,434298.79688877374,268324.2228355348
12107,2025,1,1,12007,376125.88466774375,397588.1441393027
40015,2022,6,1,40075,231351.66686852768,182340.12548253452
32023,2022,7,1,32001,480477.2162785308,508825.70870430704
12105,2023,4,3,"12081,12049,12055",415513.2121983559,511231.72164337686
08097,2025,5,5,"08051,08015,08037,08045,08065",8954372.59519138,1536384.8034868955
18133,2022,8,2,"18109,18021",391956.4379587257,345795.1812325285
17137,2020,7,1,17017,179728.2969067533,139641.2014653011
48471,2025,6,3,"48455,48407,48225",505932.5300441626,414204.02020649234
51191,2022,8,1,51520,365736.5274963739,231606.19829595208
55095,2021,5,2,"27163,27025",440786.2725205172,505154.9676326317
01111,2022,6,1,13149,430148.0996531755,411923.8736736214
08103,2021,8,1,08107,546469.52347454,1767235.0521363614
16073,2025,5,3,"16027,32013,32007",800575.3992595621,528137.9509958223
23005,2024,8,1,23023,874233.4407399716,649907.044217104
29075,2025,6,2,"29061,29063",318475.7283417165,485455.72051499167
51195,2022,7,2,"51720,51167",210382.7229188177,213811.6989877767
29199,2021,6,2,"29197,29103",289041.5033724325,269022.7652849513
19193,2023,10,2,"31173,19093",312516.2771910306,328827.1767121313
30007,2021,7,2,"30043,30059",591855.9071515198,550349.9024080338
37117,2025,6,1,37187,212917.9193954294,208168.92789901685
47171,2020,2,1,37121,238570.91800774456,275099.70985141344
19047,2022,5,3,"19193,19027,19093",247320.0530608459,293837.7712934418
17005,2023,2,1,17051,257246.16510511137,290456.9519447572
46025,2021,10,2,"46077,46005",447106.1601031239,399460.0089263278
37191,2020,8,1,37079,226107.82169140785,219098.2269327104
29079,2020,5,3,"29211,29129,29117",189401.00419757105,212397.53869953685
22007,2024,9,1,22101,258932.64478321045,211827.66869360747
18039,2023,6,2,"26149,18141",361189.9279005388,335023.4228363107
48337,2022,4,1,48077,523362.6828719725,402421.7288958356
12091,2021,10,1,01039,570616.3107781166,266044.08778983547
38015,2024,8,2,"38065,38083",499681.01310052304,340278.5482989636
34027,2022,7,1,34019,884356.1745972348,777705.8918309523
48411,2022,5,1,48333,500811.5486356325,947780.70325338
16021,2023,5,2,"53051,16017",696719.7911919717,789087.4354980343
22059,2024,11,1,22025,263286.6061036344,204360.87373052243
30049,2020,6,2,"30043,30077",408380.43657946255,412822.65648489486
13311,2020,5,1,13281,305561.97389678727,431167.6035711405
18029,2024,5,1,18115,433665.11362240143,421326.456931394
47077,2024,4,2,"47023,47071",314929.61298045464,332623.6350272638
12019,2025,5,1,12007,467162.3427208412,392798.65506130777
56037,2023,5,2,"49043,56041",385849.4365622915,1702984.8612985644
47133,2021,3,1,47137,351141.3337312742,340327.8851275042
12071,2025,6,1,12015,630752.7172137414,509164.43499760254
47091,2020,11,1,47163,315761.58348219097,283748.0656373293
26079,2021,7,3,"26113,26137,26039",317804.7748130753,288987.73754229967
21229,2020,4,1,21005,280722.9046480613,252488.12607898013
30051,2020,7,1,30101,272311.7681107544,281166.7423099465
17109,2020,7,1,17169,151164.8355060358,255242.19351153867
40117,2024,4,2,"40103,40119",311209.2370821272,346082.1195829845
38067,2024,7,1,38099,196061.8509520086,241434.27098672703
38103,2021,8,1,38083,325312.0218713432,340755.6990401794
26055,2020,6,3,"26009,26019,26089",,571515.9032112207
37095,2024,4,1,37177,527188.3508784742,307934.41787331604
47125,2024,4,1,21219,436546.0367854061,412091.68192184385
39035,2021,3,3,"39103,39055,39085",287799.18040484417,367914.9822746827
53013,2022,6,2,"53023,53021",464114.8133035141,470853.3066079073
21045,2025,6,1,21199,278144.46188728383,298594.18618905713
13175,2021,6,4,"13107,13283,13309,13023",275741.52408442955,250030.41891049437
48463,2025,6,2,"48507,48163",398567.62487917976,237285.6637734417
13195,2021,8,1,13119,370735.1635741912,395321.449740198
27129,2022,9,1,27103,340968.65157792816,421210.47378929897
49013,2020,4,1,49007,348856.8873890391,256060.60891176705
29161,2022,5,1,29073,347524.005895365,420605.979561903
18061,2025,5,1,18025,385489.1757353414,295634.65494993125
56005,2020,5,1,56033,382947.9378807184,519487.67322706105
40089,2022,5,1,05081,620523.631852609,244376.38686395204
26141,2022,5,3,"26031,26119,26007",318516.83964352135,347181.2650610043
08033,2022,7,1,08111,593664.3353696495,874084.8780526778
46057,2021,8,2,"46077,46011",519903.02396999096,422000.5239305481
18099,2023,6,2,"18131,18141",370264.9240024308,297410.7169076175
16039,2021,6,3,"16015,16025,16047",446102.78910399554,605268.9853076977
54077,2023,7,1,54093,241940.6139189264,390209.12334529014
42037,2022,9,1,42093,363655.78594879614,435839.8802543303
51003,2021,10,1,51540,787128.4281176212,683449.8737520076
41011,2021,2,2,"41015,41019",425156.7702612332,506966.5141908992
39041,2025,5,3,"39101,39117,39083",712849.0548977343,383289.17886376294
13033,2024,7,1,13163,325019.2495264026,269596.710395759
19057,2022,9,2,"19115,17071",258978.7833187873,250311.27575730305
22059,2021,10,1,22021,259027.5758918918,256735.15725187212
39031,2024,8,3,"39157,39083,39075",325306.3574173259,435352.6130335913
19133,2022,7,2,"19193,19093",267413.91357089055,288607.9023234624
39171,2023,6,1,26059,263051.1739561828,324162.3933237449
39167,2025,4,1,54073,286248.809397161,265162.90645187674
16039,2024,7,1,16083,488271.9014741769,556724.5930463001
29021,2023,6,1,29003,286500.116998744,439131.0083828363
55085,2024,10,1,55041,555057.9361530832,357735.62695790874
48049,2021,10,2,"48333,48093",377309.62318662455,714097.486120216
12125,2025,6,1,12007,403436.80831734743,390872.80979505304
20051,2024,7,1,20141,340008.0303467724,199353.7334280126
12071,2022,5,2,"12051,12043",705503.1335284719,400789.98679029057
19169,2023,3,1,19079,399964.6146232085,271799.80477062176
18023,2021,12,1,18159,281447.0790349808,308835.8167539964
25007,2024,8,1,25019,2963196.8623232595,5938943.005987021
40131,2022,11,1,40105,414541.026316459,373716.8621079974
08013,2024,5,1,08047,1284909.993123743,773452.605916242
23005,2021,5,1,23023,676193.2033288468,487911.74440623965
08089,2021,6,1,08011,245507.73408009368,253381.40652035523
17033,2020,4,1,17079,196724.44171791093,217614.88320158384
28095,2023,8,1,28087,264825.0920776049,270654.2848491009
13261,2022,5,2,"13249,13307",244933.85171166388,356291.1698224001
28029,2021,10,2,"28063,28077",236981.40715363668,265958.0973325249
31027,2023,6,3,"46027,46135,31139",469767.2863285279,474909.17971550353
08061,2020,6,1,08025,301686.0873504116,216363.0935313621
28047,2021,9,1,28045,318329.99122254207,352678.41885026544
13147,2024,2,1,13195,595222.6949231701,415907.76457072067
34009,2024,7,1,34001,1558102.8938719016,623376.2335227898
49047,2024,7,1,49009,475068.5724555631,489890.9548908171
51041,2025,6,1,51670,577699.0553831541,274778.2415810631
18099,2020,5,1,18131,275229.4370464909,188732.18520748295
13289,2021,6,2,"13021,13023",205642.66853869916,238196.54775055274
37189,2024,7,1,37011,866739.4143853659,986062.4604019668
26025,2023,3,3,"26149,26023,26059",268274.3119897993,326692.39833030925
18041,2022,3,1,18065,209482.80684409055,266859.21650435554
51059,2024,4,1,51600,1141206.0553280218,974367.4800714536
48269,2021,10,1,48275,,233965.5858654153
13167,2020,6,1,13283,199894.7198180553,233925.17386099207
19091,2022,5,1,19197,279761.9284380735,228659.87831442876
39031,2021,7,1,39083,273569.4129355906,364233.792956273
30071,2022,6,2,"30005,30027",404561.199123995,534676.5284221116
29021,2020,5,1,20043,225266.831500345,217614.4660806077
38003,2024,5,2,"38093,38045",350717.6363766976,321464.90597885393
41039,2021,2,3,"41035,41043,41019",513988.6551709186,410109.5644424323
20077,2023,2,2,"40003,40053",212709.8640220433,299846.06191810884
42035,2024,4,1,42023,287835.4945715878,156432.17788857574
47013,2025,2,3,"47173,21235,21147",455784.9794843143,304720.5865600863
21221,2024,9,1,21033,280028.78113429365,289320.82338659075
49037,2024,7,1,08033,566994.5558643154,541362.79489307
01047,2025,4,2,"01131,01085",185740.9088507391,275710.1159519084
40151,2023,8,2,"40093,40003",272419.90646778623,313642.55755294184
51650,2020,2,1,51735,258705.2581731968,471709.7174097784
27015,2023,8,1,27013,382877.6921251204,415137.5264936877
29005,2020,10,1,19145,275118.97109289136,200376.59053409833
16001,2024,9,1,16027,758652.5423894944,600201.7432988384
06093,2023,6,4,"41033,06105,41029,06049",454234.6346027384,496023.56646812725
27147,2023,10,1,27161,397019.2427608048,382210.9939918623
51181,2023,6,3,"51095,51036,51183",402229.3536671547,456396.54818130983
13137,2020,2,1,13281,309667.84739085595,428435.1117867834
21197,2021,7,1,21173,215957.0290393246,271268.23122129356
29125,2021,12,2,"29151,29073",363114.98450984264,364391.7798075904
06029,2022,12,1,06079,464578.95085656905,1281061.6462886438
12039,2024,12,1,13087,354487.3092132598,299732.6058158984
05055,2025,5,1,05121,296741.52323494694,255086.12149721695
17027,2023,3,1,17051,299285.54167409136,291980.4483534784
08049,2022,7,3,"08037,08019,08047",1433674.204592832,1558570.2883213863
12107,2025,5,1,12007,372819.9374899836,392798.65506130777
51087,2023,7,1,51036,545169.0403372565,414724.9495005787
28085,2021,3,3,"28147,28005,28113",253679.19017711925,240522.29543617647
31059,2023,7,1,31159,349073.0325472185,520272.7967846504
08067,2020,6,1,08053,699402.1660381615,569779.6817316232
28127,2024,8,1,28077,249989.06769100376,233660.96482322903
06043,2025,3,1,06109,571419.0422253188,555555.5922887563
01097,2023,4,1,28041,319985.4065871016,224341.9049299732
56007,2023,8,1,08081,340088.12233842915,421023.4058141457
29051,2023,4,1,29135,381614.4337226863,381862.3224409835
05095,2023,2,3,"05077,05123,05107",217796.1460855278,182036.68487095888
29023,2023,6,2,"29069,05021",257902.5765354984,202148.91284749057
13093,2024,6,2,"13315,13193",287033.53375183255,263014.85003069416
06071,2022,7,1,04012,771468.0238653966,578643.5624991028
30037,2023,5,1,30107,448462.5025033564,313627.4707104384
31137,2024,4,1,31073,378283.9268083532,626600.1955452793
32017,2022,9,1,49001,391052.999855254,451414.9441019812
13233,2024,7,1,13143,346803.7951679989,404164.1837531272
19085,2023,9,2,"19165,19133",357845.9913949604,303605.7706135139
01125,2023,5,1,01007,378830.6552055823,329031.86518754886
48505,2020,6,1,48247,248751.02206662655,219049.64011384343
05057,2022,5,1,05081,225706.6842094461,244376.38686395204
01075,2023,6,1,28087,266630.67628111097,268916.11586265283
23001,2024,3,1,23023,428090.6347746137,634233.8866028151
16001,2021,8,1,16015,781912.9859612971,703554.8204247728
16025,2025,5,1,16047,659762.0456618491,662438.7748990944
13181,2021,8,1,13317,378717.6576497508,288649.9138175947
41035,2020,5,3,"41037,41029,06049",318253.09852564166,333951.988437812
17191,2020,1,1,17121,212929.6153760132,146722.09291875476
30041,2023,6,1,30015,324905.9366148887,565475.9122407404
56037,2023,9,3,"49043,08081,56023",389837.7511305407,1421963.014831854
22013,2024,4,1,22127,211936.90247692168,208938.342641315
48255,2023,5,1,48175,538593.0490647989,529621.9568603475
51131,2020,10,1,51735,406722.226983546,486527.4520356224
05057,2025,6,1,05109,231855.80144588056,327336.580396847
16011,2020,5,1,16029,373748.1352664628,362125.6797888342
29127,2025,4,2,"29111,29137",321774.0292291953,372978.16868566256
13069,2020,4,1,13017,220059.52408946384,149594.65849925837
28013,2023,9,1,28161,227488.92252200787,271682.93900409684
48203,2021,5,1,48459,323193.0056362169,329290.8548172994
27051,2024,7,3,"27121,27041,27149",415178.3253451199,490890.9616698011
26055,2020,10,3,"26165,26101,26089",434271.0815550561,462417.0604132844
12105,2020,7,1,12055,278606.6806040149,230103.03282572152
41039,2024,9,1,41019,628466.2825405094,500894.7856438665
47125,2024,8,1,21219,438666.76187411795,424269.527712082
04005,2023,4,2,"49025,49037",899274.1332630689,590873.7895879276
48363,2021,10,1,48143,689981.6035097131,583516.039436318
08119,2022,7,1,08093,707051.1685236,805937.052282215
26033,2020,4,2,"26095,26097",232685.84297906875,229822.98786199067
13175,2021,10,1,13309,284232.5252475055,261550.76506716968
21175,2020,2,1,21063,169950.1311679615,195186.5327566223
17011,2023,7,1,17175,205590.2662681463,320214.73071524495
39155,2025,4,5,"39055,39099,42039,39133,39007",257971.3014891762,361254.87295134616
46025,2023,7,1,46005,522519.2564879562,396104.9480228108
28003,2024,12,2,"28139,47069",280805.50826443575,268164.3764438317
40009,2023,8,1,40129,255051.70763794775,377750.6868024478
06037,2020,8,1,06111,1147760.83518675,934078.9386810026
37111,2025,6,1,37011,476635.0887453614,1005293.6502625676
51155,2021,6,1,51021,302440.90022870625,307846.83413941483
40067,2021,5,1,40033,156873.9729296236,206830.0792777435
53045,2021,1,2,"53053,53035",555430.2201074655,683728.2083101055
17183,2021,5,1,18165,148441.28262623624,202596.5035568187
45073,2020,8,1,37113,415216.1860900312,488443.0552819316
18037,2024,7,2,"18173,18125",379565.858955758,344047.9694370397
18155,2021,2,1,18115,286325.32328205736,341431.1854415464
22101,2021,5,2,"22007,22099",205594.63533844487,261904.6780956868
40069,2023,8,1,40005,304122.8687842612,364711.02910247975
13181,2023,1,1,13317,416657.23570101307,332217.8032086218
27021,2023,5,2,"27159,27153",538952.3991012234,398662.9664985535
17041,2023,2,1,17147,217737.68084293988,344570.43807136937
47145,2024,5,1,47121,494214.2974751229,519045.3100950781
38005,2023,8,2,"38095,38027",294157.8956741318,254847.0999020036
47077,2021,7,3,"47023,47039,47071",293720.34323521773,291335.23481292085
16039,2024,11,1,16047,489992.0802819359,670480.2038173833
27035,2023,8,1,27095,605762.2612744864,415371.9961627552
01113,2025,2,2,"13053,13259",299893.9556827228,254316.86980055453
08007,2023,4,6,"08079,35045,08021,35039,08105,08053",912651.3737023476,514650.79956722824
46115,2022,8,1,46005,380974.60616353474,395733.6681901703
48183,2021,4,1,48459,265402.1082429462,324144.09501834004
13285,2023,4,2,"13145,13199",337907.816892618,409801.47189572966
29111,2021,4,1,29103,293793.6674419827,250375.9185341988
18015,2024,5,1,18181,349095.0895350605,337327.1463909819
26103,2024,8,1,26083,356489.0325282127,332665.5383372916
01119,2023,7,4,"28075,28069,01023,28103",250714.1851317684,242494.904997793
13215,2021,7,1,13053,264767.93296225456,235372.5070837936
45009,2021,5,1,45011,212000.59081267027,254591.24288669473
13309,2024,7,3,"13283,13175,13271",296298.10652253596,286616.2559435062
41025,2022,9,1,41037,425797.5560173231,312577.77087154816
26113,2024,7,1,26143,342422.1337023668,333004.36897823325
37155,2022,6,1,45033,219297.2225607387,209286.6257810334
47125,2021,7,1,47083,357804.23924125993,340599.8088322841
13241,2024,7,1,13281,890008.5055115964,635400.862280757
17033,2020,8,2,"17079,17101",195745.7377052804,181957.83154425153
29219,2021,8,1,29073,454827.949167486,367429.8957080368
45027,2022,5,1,45089,354589.311134285,298128.86722272675
55115,2023,6,4,"55135,55083,55097,55078",376277.0985369933,430305.96285619074
29065,2022,3,1,29093,299656.5577254089,255014.20311839212
45075,2023,1,1,45009,272718.12509551714,240992.77439556443
37111,2022,5,1,37199,437159.6388146905,546314.3031189244
51163,2022,6,1,51678,541049.4925951432,504273.95770076354
17035,2021,7,2,"17079,17023",262028.18954457808,238152.62972129905
27069,2021,6,1,27135,324446.1551526931,316182.4438744272
26025,2023,7,3,"26149,26023,26059",272772.35844192636,332939.090977652
51059,2024,8,2,"51610,51600",1163848.985128843,1337005.2606941361
22115,2021,4,1,22003,232806.67016719817,225325.4459569302
53063,2020,5,1,16009,438425.56295606075,351827.72430500016
56043,2020,8,2,"56029,56017",312432.26077773026,374113.65587769647
55133,2020,5,1,55055,530131.8913085187,365171.79482754186
26035,2024,8,1,26143,234487.02431158605,335477.7598296596
55013,2023,6,1,55005,440674.798040048,408653.4647848861
27003,2021,4,2,"27163,27025",429055.2800473138,496747.92763777624
19081,2023,8,2,"19189,19195",289064.7700902122,257150.87011883745
56023,2023,5,3,"49033,56041,56039",836611.0219706757,2216003.848656346
29115,2024,10,1,29079,319848.4964123546,262340.5608632105
12015,2021,12,1,12027,519347.97111767816,389419.97111922945
36001,2023,6,1,36093,466351.7655145467,375581.055005654
51700,2023,6,2,"51095,51199",351732.7789544978,612785.2465934153
48469,2024,2,3,"48123,48391,48239",349836.7274474206,417084.34305848187
40037,2024,3,1,40119,340424.15622754506,374039.9122939392
48305,2022,8,1,48115,482609.43865280104,218052.04332709673
20077,2023,6,2,"40003,40053",210426.12903327207,289190.58046080405
47111,2025,2,1,47159,388306.27691828186,469693.6900819573
31071,2023,8,1,31089,464249.2328646325,380930.07191427634
06083,2022,9,1,06079,2176626.5826681764,1298494.0456362488
16041,2024,8,1,16071,614993.9023690525,540762.6777359098
47157,2024,4,1,05035,418978.00931714865,275739.5238156356
22111,2022,12,2,"05003,22067",262210.9674409618,191328.66571440297
01073,2023,5,1,01007,450408.3145511532,329031.86518754886
46083,2021,4,2,"19167,46027",485047.3968265737,361823.7816591724
48383,2024,5,1,48431,272585.699826047,340553.0727241708
32013,2020,6,3,"41025,32027,32031",338980.57049232157,411506.9917812037
16013,2020,7,2,"16025,16067",1287657.8237053363,385733.47180983145
13091,2024,6,3,"13315,13175,13271",280712.3891302862,270026.4611012693
46013,2023,9,1,38081,361831.9337811193,381314.5180180502
47161,2023,2,1,47079,398815.1717816911,353712.56328225206
19173,2021,10,1,19137,222034.5308473839,211165.97074261383
26007,2024,7,3,"26001,26119,26141",264812.28181513754,308794.55455987115
35003,2022,6,1,04011,395314.7848969044,370001.35901737213
19083,2020,9,1,19079,199418.65751689087,215716.48482791908
06019,2022,6,2,"06069,06053",583778.6079123239,1439331.379362183
45003,2024,2,1,45011,386046.3284854925,260585.70474573932
28111,2022,6,1,28039,265466.49158376735,286805.68286932615
37061,2022,1,1,37141,258324.35034938544,631374.0121180443
30065,2022,7,1,30027,537197.1824571909,625666.79059825
28021,2024,2,2,"28063,22107",212378.14731557784,320671.6075482212
19015,2023,5,1,19079,358208.02136394306,273804.4759776714
37171,2024,12,1,37005,383778.2549711503,471336.4202867258
49041,2022,6,1,49039,454535.2980172499,557518.5662841283
48465,2022,6,1,48435,322923.42031045596,290982.17248459783
48349,2022,5,1,48217,418733.0857289964,447410.3962172
31167,2023,8,1,31139,471470.97738092934,543635.1613865012
49017,2020,6,1,49021,339622.5550485556,398227.3113231163
48399,2020,5,1,48095,235944.0076354172,271347.6967074443
47181,2024,3,3,"47135,47101,47071",309484.4583449269,360266.69293709
54099,2025,6,1,21159,218527.10024122437,212206.88336319785
25017,2023,5,1,25025,1168094.6143219003,1246637.226060333
48057,2023,9,2,"48007,48391",368251.3318046422,427857.0624345514
47185,2022,5,1,47175,417671.4210818557,475488.5093103111
21105,2025,1,2,"21039,29133",276896.84439876204,234294.61847097828
36083,2022,12,1,50003,400650.29659433616,756192.9820185996
13115,2023,5,1,13055,344731.7820619893,294303.59137644776
01097,2023,8,1,28041,324525.48134057753,228344.66758988015
49007,2021,9,1,49039,322279.2465032819,489550.18079763994
40121,2022,8,2,"40029,40005",287532.5454515857,333208.07333980483
05095,2023,6,3,"05077,05123,05107",221398.6630375703,184366.7528107556
22029,2021,10,1,22125,232672.9886560143,504803.1981483623
48353,2021,9,1,48081,226225.37145390784,336750.27030893724
13139,2021,8,1,13117,490307.3782364709,660818.2698765324
21175,2023,7,1,21063,255215.97072724253,285813.2885691444
06071,2022,11,1,04012,750523.3405727715,565984.0326115509
13237,2021,12,1,13133,728715.6959602548,1306393.5610186197
21151,2025,6,4,"21203,21049,21109,21065",407265.9045962644,272250.3345592957
22017,2021,11,1,22081,256753.65608529263,254180.9573158744
38015,2023,7,2,"38029,38083",492009.8893020417,318047.7971932951
21075,2024,12,2,"29143,29133",163871.68256538536,184080.6896709968
05091,2022,8,1,05081,299352.50531783316,245852.24672322525
48283,2022,9,2,"48131,48127",394468.9584486275,247712.55750762008
48109,2023,6,1,48243,290557.8229178766,423137.47252790653
16029,2023,8,1,16007,524497.6557825009,696393.6792740609
49053,2020,3,2,"32017,49021",536012.2462062454,337369.5793948788
23001,2024,7,1,23023,433734.5335759741,648115.7548119064
30021,2024,6,1,30109,295931.6626260101,388948.3357613953
26041,2021,7,1,26089,241039.90576132375,1005250.7731526066
26037,2025,5,1,26117,433705.600872369,323260.3236594228
18063,2022,7,1,18109,449066.4751559409,418665.4746788066
12049,2022,4,1,12027,376045.0185890685,446276.405587731
17061,2024,4,1,17013,223710.7248347809,354452.7789606545
29121,2021,8,1,29103,300685.45961849537,264101.6504184478
20195,2025,6,1,20163,273359.96758374973,244978.5044502619
13315,2020,6,1,13017,187014.1470429469,150523.16835858216
13131,2024,5,1,13087,347770.3476414817,299765.40267818636
17163,2021,7,1,17027,283556.4772976739,287461.83811837144
08015,2021,7,1,08065,861640.0359918462,588109.0238225649
48081,2023,9,1,48431,305709.86469692114,355770.9985862497
05127,2025,6,1,05113,257328.5079997485,321238.27281146636
13099,2023,1,1,13037,251039.28049384817,246541.6877071218
28045,2023,3,1,22087,379711.3628177177,325574.4325114645
05013,2025,6,3,"05025,05039,05011",227602.3112998742,223099.44093259287
20047,2024,9,1,20097,194131.14024582467,319083.4523813922
47167,2021,3,1,05035,304442.3944724113,228665.54159524964
04005,2023,8,2,"49025,49037",925922.6374342304,597478.0837892486
49037,2021,8,1,08033,515880.8373609266,516931.5950024522
19197,2024,6,1,19069,240405.642985491,273269.40707888437
48007,2021,11,1,48391,522257.6229405735,288397.6761133501
19025,2021,12,1,19021,265468.41294902586,249754.18663590853
21093,2020,7,1,21027,263084.5948255994,221164.62694653007
48223,2025,4,1,48379,516243.4037278203,508523.4034408643
21175,2020,6,1,21063,171835.66197979232,203398.74076728852
48225,2020,1,1,48313,375576.0626336676,363084.63114094664
20039,2024,9,1,31065,240675.94122633067,339864.5457947925
54023,2023,8,1,54093,275254.3779000541,389666.2154011384
19047,2024,6,1,19093,269449.6695859256,272772.2774947678
35001,2020,8,1,35006,349041.1888482087,195861.2327615807
19027,2023,5,1,19165,320077.1728712524,320388.994783611
46129,2023,6,1,46045,262663.56463833724,503495.33410423686
27167,2022,9,1,27155,353981.1047310633,404672.90307688626
29155,2025,5,1,29143,179636.66858504678,184362.7336120234
30081,2024,8,2,"30039,30023",898434.6217020871,622701.6595163845
37013,2020,8,1,37095,279078.14794158377,441650.24257761176
19057,2021,8,1,17071,234908.15763230095,220101.66292610145
48317,2020,6,1,48165,455719.8407193586,300879.03789888805
31015,2022,8,2,"31149,46023",,450023.38074225973
17139,2023,7,1,17147,248633.09036047297,341149.0790332284
19063,2021,6,3,"27063,19041,19059",213327.91598598752,395610.7340048642
16001,2023,5,1,16045,730492.5936240843,741637.104874829
16043,2021,7,2,"16065,16081",713067.8443930497,856593.6202545346
05129,2024,3,1,05137,303421.69270032307,312834.40782393265
16061,2022,12,1,16035,496813.3397902944,528772.8676998318
21057,2020,3,1,21207,182434.45639911373,172029.1564263321
32031,2021,6,5,"32013,32510,32029,32001,41037",820936.5411515912,484218.4161472871
46017,2023,7,1,46015,,522840.0667669413
48451,2022,5,3,"48431,48327,48081",358584.1235422263,482712.6764372653
12131,2021,10,1,01039,1540720.6607047415,266044.08778983547
29211,2022,5,1,29115,241828.849875401,270107.00553673174
26131,2024,5,4,"26071,26083,55003,27031",228658.298265512,387614.8437070381
49057,2021,9,1,49005,591166.200662101,572676.9335749974
40113,2023,6,1,40103,353723.3837038982,312828.8058984567
38077,2023,8,2,"38081,38073",359420.32859807275,371122.7571979752
39029,2024,9,2,"39151,39099",269652.38186567096,304166.4880482556
32023,2021,7,1,32001,404705.0617776593,447957.22519887815
32007,2024,5,2,"16083,32015",473101.5478186879,478709.6858587614
13263,2024,2,2,"13053,13293",359066.81149294897,266608.82308544277
35017,2022,10,1,04011,355871.369235863,358022.678875053
13219,2020,3,1,13059,537039.1357083187,323762.1042755064
41071,2024,4,1,41047,752939.7754599924,596528.996223859
29205,2024,10,1,29111,395168.0754915777,340496.16668797005
51185,2023,3,1,51021,216432.5877342828,292395.92109299893
46135,2020,3,2,"31107,31027",377766.6298694498,390822.09255123755
31055,2022,8,1,31153,440097.59365883906,464780.45371804544
47165,2022,3,1,47111,642726.627985614,402216.0904984143
06023,2020,4,2,"06015,06045",623897.6327057146,593735.439367136
19029,2023,6,1,19165,265777.17365635926,321954.95045937895
48125,2022,6,1,48433,357971.4127307083,306339.7242616087
28113,2020,11,3,"22105,28147,28005",201704.73891503955,264172.23858988885
19025,2023,5,1,19021,287338.1501648676,285318.1860556403
51025,2022,7,1,37185,327603.5166487198,582096.2636224511
17011,2025,4,2,"17123,17155",222520.25217297164,251550.7140749356
51800,2022,7,1,51740,490551.7585812847,308549.14041033905
12029,2024,4,1,12041,350251.9530869729,452334.65994741675
51155,2023,3,2,"51021,51750",340024.0767525309,319001.78171090106
22061,2021,4,1,22027,337070.0773137875,260892.66891146975
20037,2025,6,1,20133,276427.96272830485,239431.54955270523
29175,2025,6,1,29137,311998.2105437086,407880.87871111743
08085,2023,4,4,"08091,08113,08077,49037",635718.4565426834,1683016.4337704382
13291,2024,7,1,13281,571442.1054293988,635400.862280757
05147,2022,12,1,05123,191346.1372154588,182869.21570273457
05043,2023,9,1,05011,267695.6764149911,225421.62858817435
48025,2024,2,1,48391,315396.40250505164,264877.9881801962
48245,2025,5,1,48071,277379.7446949751,506258.4034039051
25023,2022,8,1,25001,851951.8991387839,1236944.576549255
31185,2020,6,2,"31023,31151",327648.3592018992,322832.0374215646
05075,2023,6,1,05055,220692.6012643165,295518.1836080742
31089,2020,8,2,"31107,31003",347429.2536158535,451253.0660877489
26021,2023,4,1,18141,468119.2359131472,327683.0847656417
36071,2025,5,1,34037,623318.651393929,590569.6894270047
13273,2024,1,2,"13307,13261",248329.3260410256,312643.5246438325
29081,2024,7,4,"29075,29129,29061,29079",336575.13368170644,357045.3998967217
53003,2020,6,1,53023,372028.38622287824,261662.57509653713
18095,2021,6,1,18159,235552.1879039357,291609.3337999499
29099,2023,6,2,"29186,29221",373643.22378198727,329885.67843885405
39167,2022,11,1,39115,276450.3041716633,258494.62843879437
01089,2022,5,1,47051,488383.9569768163,585215.1751089769
01113,2022,5,2,"13053,13259",275278.9617931996,248861.07175334956
12081,2020,7,1,12027,482594.23399867135,293003.93377024884
29117,2022,3,2,"29033,29041",311607.2634450377,304783.1324880916
41013,2021,8,3,"41031,41023,41069",769862.9769292651,716055.3290629558
22043,2024,4,1,22127,257808.2084668352,208938.342641315
26061,2020,6,1,26083,237473.69147927855,260201.7853065944
34017,2022,5,1,36061,959932.3313700936,3439226.737944799
05139,2022,10,1,22067,251083.3246724398,215242.5547462467
20143,2022,5,1,20123,319259.60807161214,270920.05967426114
29071,2022,5,1,29073,401743.4888118659,420605.979561903
48035,2024,3,2,"48309,48099",454329.97790813184,404065.78592472384
21007,2024,3,1,17003,257306.83692736365,153212.65630109093
30053,2020,6,2,"30089,16021",392821.0842608291,430536.0177703087
06035,2022,7,3,"06091,32031,06049",387899.4684957536,648419.8579031974
05147,2021,4,1,05123,167309.04782180706,172585.25375551928
08083,2022,6,1,08111,626114.6453804869,864921.4895375281
37043,2020,1,1,13281,357114.84810132644,427016.4772148644
13205,2024,8,1,13087,276590.04229652876,299185.4219337664
26077,2023,3,2,"26149,26023",386658.5707832081,328944.41878750175
13241,2021,10,1,13281,813250.326055989,566971.8776098142
53013,2021,6,2,"53021,41063",404179.0883988227,585598.1805199701
20089,2021,12,1,20123,241851.61334832068,251007.71802198
19177,2024,8,1,19087,336497.02823251794,319370.7478551444
31093,2020,6,1,31077,426042.6977210213,564914.0166775294
49003,2025,6,1,32007,603726.4525438156,488056.54917296505
55115,2020,9,1,55078,284739.20454193425,318891.93651201855
17059,2023,3,1,17069,127507.5669064139,206559.94076429147
06047,2021,12,2,"06069,06085",530478.6135119515,1824308.2301792558
22025,2021,10,1,22021,229918.4528292455,256735.15725187212
39069,2025,6,4,"39171,39095,39063,39173",315104.2770590544,336975.3101738845
54025,2023,2,1,54089,335848.8670215377,242457.6743765018
35043,2020,6,2,"35006,35031",382650.29290007177,235464.188896069
18083,2023,7,1,17033,245730.16177449268,225256.6095085221
37011,2021,3,2,"47091,37121",746625.8713644235,327465.2062609223
21083,2020,11,2,"21039,47183",210146.47086198255,220497.52494972746
16057,2020,5,3,"16035,16009,16079",483830.8511829795,320918.1920656697
08097,2024,8,2,"08015,08065",8667048.219081972,831825.6198804288
04021,2024,3,1,04009,511207.5603118891,386114.0077084666
17055,2024,2,2,"17199,17145",181611.84447376407,220971.41594025804
16041,2023,4,2,"49033,49005",599574.578239648,785393.4760318169
48073,2025,4,1,48225,484219.9961827539,441769.5920027581
37061,2025,6,1,37141,314943.3268085184,723591.4346770224
08007,2020,5,3,"08021,08105,08053",642239.9834590185,415066.37713473715
21221,2025,1,1,21033,288790.89453626686,295567.45180548617
17149,2020,6,1,17013,172802.16632056143,312047.82360885537
30063,2024,5,2,"16035,30039",792552.1253411152,646024.199094787
48493,2022,3,2,"48177,48013",599103.0756543194,592274.3081978236
53017,2021,2,2,"53037,53025",580764.5638137772,573789.6487900194
13241,2020,2,1,13281,581577.9935148027,428435.1117867834
18053,2023,6,2,"18009,18103",226006.85512533569,229916.29607716238
08103,2022,6,3,"08107,49047,08081",604311.2833614495,1003680.3704669072
05139,2024,3,1,05011,249489.75660212128,226609.99527532267
13255,2021,3,1,13231,271874.1448208787,403972.0523697431
16005,2021,8,1,16041,448077.7428680795,578411.5784070838
51153,2020,9,1,51685,586121.6365409434,433657.4716786975
48331,2025,5,1,48051,636073.7020400444,575672.0239524225
05067,2023,2,1,05111,172507.66172798385,209243.8043058036
01031,2022,6,1,01039,302643.69420109404,282848.6498968366
37055,2024,6,1,37177,983603.3226973112,311936.1962109043
40123,2022,7,1,40133,311433.5272950967,236780.38114915788
55121,2023,5,1,55035,378192.50290263694,466311.2716508507
16079,2022,3,2,"16009,30061",410108.2036999141,570331.2588008624
48293,2022,8,3,"48395,48161,48145",379857.065270291,501573.7166426315
22087,2021,9,1,28045,310825.97740654723,352678.41885026544
48089,2020,1,2,"48285,48481",506013.1588691434,482576.88819302456
27131,2024,8,1,27079,480836.1089672967,529939.9517647553
49049,2022,7,1,49039,819043.3325875825,560375.0208312945
51195,2020,2,1,51720,161201.44737359244,144747.89811604377
13165,2021,5,2,"13107,13031",251058.5405325627,257605.63249485198
55071,2022,6,1,26105,343083.54603243916,411645.5504033137
48165,2022,8,1,48115,369775.9523265551,218052.04332709673
30009,2020,6,1,56029,512011.2422669887,474477.4700176204
28109,2023,12,1,28131,296531.5272192676,278884.0357528792
40149,2022,6,1,40075,210829.7127484528,182340.12548253452
18061,2021,7,1,21163,325967.7637716486,328730.96534116723
18177,2020,7,1,18135,187889.35260959985,181212.961425518
18137,2020,8,1,18115,302340.08841447736,302681.2959208296
22057,2020,7,1,22093,305457.4318963725,283796.67605612014
29131,2025,6,1,29151,441096.2223307692,428262.1212008131
13215,2025,2,1,13053,323756.19356075407,263521.7739463391
26039,2023,6,5,"26143,26079,26129,26119,26135",254533.49026659504,294341.9085637736
05027,2021,5,1,22027,273160.6469679345,255394.1202462944
36095,2023,6,1,36093,322258.53019868484,375581.055005654
40121,2024,5,1,40005,287004.70793405356,377617.28193138144
27007,2020,9,1,27071,293012.77617357724,236135.9601561928
49045,2020,8,1,32033,451531.02329371456,252526.22658881487
51683,2023,8,1,51685,598669.586391593,554286.605814975
48225,2020,5,1,48313,381192.2611294193,376663.5095569112
22065,2022,5,1,22083,,313642.1672442146
37043,2023,8,2,"13291,13281",542355.0425277711,594288.7545518508
19027,2023,9,1,19165,328684.9034646053,329850.48792431975
51197,2021,4,1,51021,268493.89919784863,300076.68110192387
49001,2020,7,2,"32017,49021",307655.54201534047,340852.7293221384
21071,2020,5,1,21159,155922.72331877376,142348.49394372792
48143,2020,4,1,48425,455151.6082427225,445235.1631774458
06065,2024,1,1,06059,838240.1144449925,1747239.7737869837
20013,2025,5,1,20043,301894.8742252902,306018.4664558022
51169,2022,7,1,51167,243965.16277572676,238028.24691624893
19057,2021,12,1,17071,239273.56314602552,221359.04874841307
35025,2023,7,2,"35005,35041",298024.78311131225,264195.3292589104
34005,2022,4,1,34021,501993.2623979139,654383.6099204402
30001,2020,7,3,"30023,30093,16059",442557.5273728695,305810.923704874
47187,2024,3,2,"47081,47117",1504246.588917489,415919.6504652364
32031,2021,10,5,"32510,32029,32001,41037,32027",874130.2584536499,493813.79152428714
56039,2020,8,1,56029,3288029.8283892185,481280.13857635466
18153,2023,6,1,17033,244358.6434738188,225917.3350298032
13209,2022,8,1,13309,334662.32612033637,276582.5959696391
39127,2023,4,1,39115,371645.66061860905,255016.63011453845
22013,2021,11,2,"22027,22081",217885.1099628038,245247.69150489487
27087,2021,7,1,27029,334748.822827424,372530.973055529
37193,2024,5,1,37005,355024.83416525257,459011.7941855181
16019,2022,7,1,56023,612088.4887225457,837417.261519833
28029,2024,1,2,"28063,28077",248213.1608554587,247140.39030495886
26095,2023,7,1,26097,240938.9890801449,326084.4203669857
45015,2020,7,1,45089,378711.8608106211,235273.43380175505
19147,2023,5,2,"19021,19059",260748.90438014985,524167.1214508335
22119,2021,4,1,22027,246223.6002369578,260892.66891146975
13167,2021,2,1,13283,220048.9375518698,262781.7876668417
46135,2020,7,2,"31107,31027",382757.6074981563,391823.33368449693
28033,2024,4,1,05035,410177.0531488122,275739.5238156356
22029,2020,6,1,22077,217836.3897630518,308985.4927588565
39157,2023,4,2,"39151,39075",302084.8762253605,428774.59019630216
26063,2021,6,2,"26011,26069",283400.4197700944,222278.98115478
37023,2024,5,1,37011,402057.71051003336,984384.1710056268
12029,2024,8,1,12041,352257.8369939753,461702.1615856516
13137,2024,1,1,13281,458523.26360416255,630002.9962073844
30073,2020,5,1,30101,290655.1063602092,286207.88488142664
28037,2020,10,1,28005,241902.56072922624,263124.3880433632
19147,2021,12,3,"19021,19041,19059",238254.51668092803,397870.8308737267
19057,2023,5,1,19115,257921.0590561598,268949.2962153131
47057,2025,2,2,"47173,47067",468622.39741128235,383736.7618470419
21185,2020,4,1,21223,483676.6840899295,266526.4862747662
22115,2021,12,1,22003,243317.88892393548,225662.01245749457
41065,2020,8,1,41027,456638.1528639787,752041.2746417872
29085,2021,12,1,29185,278795.52570046537,314190.25555518206
01111,2023,8,1,13045,400086.48866815394,406097.3575120251
05095,2025,6,1,05077,206195.10534766715,210956.65477306696
08067,2024,5,2,"08033,08111",1062133.0996966416,724916.6106242123
13265,2022,6,4,"13301,13133,13317,13221",355232.5636200766,621977.958239661
55011,2023,5,1,55035,355492.6583023171,466311.2716508507
12081,2020,11,1,12027,504077.50266860425,313086.9124014533
30027,2023,5,2,"30015,30107",562034.0323686473,436296.4435495243
39009,2021,6,1,39115,268968.41352979053,244692.1437870032
18073,2023,4,2,"18131,18181",375839.55094223935,288071.58712383034
51005,2021,4,1,51580,224754.61407737315,120657.7385671052
29053,2021,6,1,29089,358933.37265802786,342263.4211833005
21053,2024,8,1,47137,270723.0233377425,397729.0830977228
47163,2022,8,1,51520,379769.7311212091,231606.19829595208
54085,2024,8,1,54073,236826.8287682927,259879.096034094
19027,2020,6,2,"19165,19009",256619.7605724284,232072.8643222005
31031,2025,4,1,31171,508695.2137419281,541801.4942940378
30067,2020,8,1,56029,733678.4463039502,481280.13857635466
26051,2020,8,1,26035,224513.9911101748,180232.13147119217
21205,2020,5,1,21063,199946.42385443524,202440.33915479656
13311,2024,8,1,13281,466700.35318205255,637686.4777359407
25005,2021,6,1,44001,585243.0194778309,746432.459102762
38047,2023,6,1,38029,223358.26951035392,276411.4210279555
26141,2021,9,1,26031,281510.4550086906,421225.3813497806
06071,2023,3,1,04012,729674.0325497612,535912.5518356616
42013,2024,4,1,42009,264206.35026133346,313519.7519386839
48179,2021,10,1,48483,171787.72528868236,253357.44817363596
29186,2024,8,1,29157,374399.3133790223,355029.6034505363
28127,2022,5,2,"28065,28077",255876.8979866301,230147.71413974202
42097,2023,8,1,42093,265439.6980887254,436136.62324235874
19161,2022,8,3,"19021,19093,19035",298306.7280978822,278938.9753233313
29019,2024,6,3,"29175,29053,29089",496589.5303832046,390473.3444239352
48491,2021,3,1,48287,528380.2789944197,588714.6812454793
49005,2024,7,1,16071,618526.6763817564,539316.2350987085
26101,2024,8,1,26019,398443.6248220362,695790.3743190096
08041,2020,8,1,08119,515958.6320369469,502112.0589211902
27107,2024,6,1,27087,318522.00018541125,343463.42120329855
29023,2022,9,1,05021,253497.2755684234,235255.58154808404
21103,2020,7,1,21223,288281.27641989227,268925.856035966
22125,2020,9,1,22077,466373.07017359213,314176.45321830065
48009,2022,6,1,48077,414001.6674013238,413739.1232271466
17005,2021,3,1,17027,260265.10425889643,278478.48522306944
13031,2025,5,1,13109,418233.8775431931,313918.37097403104
13029,2025,5,1,13109,571453.8046181994,313918.37097403104
06093,2021,1,3,"41035,06023,41033",390238.16835728526,492052.20412416785
37053,2024,7,1,37177,958316.5311462494,313384.8566337914
55127,2020,4,1,55055,509233.2222030685,363654.3904673401
27013,2021,9,1,27165,383601.8693004783,287249.6513792851
41013,2023,5,1,41069,829794.1731052621,918205.42214686
48221,2020,3,1,48425,453396.5433369489,445576.4075664035
01059,2022,3,2,"28141,28057",268017.27099038864,278437.7406303936
28033,2021,1,1,05035,334692.9630001247,226270.49413061776
48173,2021,8,1,48461,,253467.89818498236
22105,2025,5,3,"22095,22091,28113",316971.7456706494,265127.8462641664
29195,2024,8,5,"29033,29041,29107,29089,29053",282035.57354501897,373678.64400135574
28147,2024,2,1,28077,261203.8634222243,234596.15325416843
20105,2024,5,2,"20141,20123",297387.5955578677,228805.8685695899
16043,2023,7,1,56039,777452.0761353098,5329372.660540266
05067,2023,6,1,05111,174811.71681414297,218603.04841937285
08035,2020,6,1,08119,751874.4562460541,498926.5549402759
13001,2021,7,1,13279,268663.7247600492,244385.9706564384
06029,2023,8,1,06079,466875.7233262302,1308584.4184161643
48499,2021,5,2,"48459,48379",416135.4605743674,381926.5037271762
21173,2024,8,2,"21017,21181",319895.6350706933,432162.68851454183
36091,2023,4,1,36093,590330.7519161963,371201.0892768614
27119,2021,6,1,27029,350034.4149554761,367115.7544601161
31125,2020,6,3,"31141,31011,31077",218488.61188908777,517171.92715629964
48217,2024,2,1,48309,439938.2120939414,433250.3506357074
16015,2022,8,2,"16045,16037",799375.560434555,812767.3136281946
13243,2021,5,2,"13037,13259",219570.17891629448,219416.8906571521
20001,2025,5,1,20133,237915.0385458043,240522.85023456716
41045,2023,5,1,16075,513905.2988906115,604710.2895019659
55119,2023,10,1,55107,325796.1994932692,338661.6139924186
22057,2025,5,3,"22093,22007,22095",297838.6325610422,282858.8531211661
17057,2020,4,1,17169,142925.2732279553,258246.48551699205
39035,2025,4,6,"39153,39103,39055,39085,39133,39093",374581.8925664241,439327.78477575234
48417,2024,4,1,48429,326051.8366649775,382174.9364276907
18107,2024,3,1,18045,316886.9024810773,308748.9185958511
48047,2022,4,1,48247,201197.59403159877,226353.36667660897
40039,2023,10,2,"40043,40129",290309.63767687255,344403.5059068358
48321,2025,6,1,48057,354635.62572106376,356927.4942086949
35033,2024,8,1,35055,,685034.1776944738
12067,2022,8,1,12029,435917.24046483584,370993.5797092184
47127,2022,2,1,47051,578792.0438442483,559180.0377619765
51195,2023,7,1,51720,218402.2336000963,189762.027806145
22045,2020,10,1,22047,277015.1275673776,277243.6794008698
37095,2025,6,1,37187,542908.9924293369,208168.92789901685
35015,2023,8,1,35005,361130.5905414326,277959.29392494814
27089,2021,7,1,27135,382656.3111906772,319242.4393124594
30063,2021,8,1,30089,674615.3026520382,574049.9265011979
05123,2025,5,1,05077,182037.2924032141,213355.35167065504
27037,2021,5,1,27163,488450.0362974017,553832.1951703703
18091,2024,5,1,18149,391247.92338596255,319318.13433241885
48457,2024,7,1,48373,294864.0131777704,372342.50079014275
51197,2021,8,1,51021,275543.4656818559,307178.8366073013
17025,2020,7,1,17079,169842.36047546557,219685.5838260236
48387,2020,11,1,48119,327598.86797811155,304327.0447450955
16043,2020,6,1,16065,485800.225658731,385434.95137799624
42027,2022,5,1,42087,487116.0012634624,267144.5224239772
51161,2024,6,1,51063,450753.37389284297,382820.80634470057
06073,2022,6,1,06025,1548298.9798261952,431976.9794288249
12099,2020,11,1,12043,633419.8950732285,296230.27384915366
37047,2022,1,2,"45033,37141",258113.7371103774,420300.56319339824
29207,2023,2,1,29069,266523.67208816827,168124.9497521105
05129,2024,11,1,05137,310268.99058679666,323029.2672881552
31151,2025,4,3,"31059,31185,31169",382795.3397083017,400572.6564224393
47187,2024,7,1,47117,1530247.4306537334,495202.33739483304
48277,2024,3,2,"40023,40013",343817.6012580458,325155.7014794057
56029,2022,5,3,"56043,30031,56017",644481.9415810864,674053.6978179035
32005,2021,6,1,32510,1206972.4321520096,619198.524986488
30051,2021,7,1,30073,336258.815466357,366570.1083688627
55091,2023,8,1,55035,370188.63386266073,464702.7523327521
42125,2022,5,1,54009,423085.8761705444,207991.2119833023
48471,2020,4,1,48313,390911.35603608954,374678.3875366238
48147,2020,11,1,48119,401630.3416874784,304327.0447450955
40009,2021,3,1,48483,224151.70959124283,220921.61562838827
48339,2025,5,1,48407,606186.1652028797,457536.0647835957
05147,2023,4,1,05123,190280.26019346935,180283.6273622368
05111,2021,4,1,05035,185432.26313372765,230152.02253358715
22033,2025,5,1,22091,407277.121955225,314106.9117974047
29129,2022,5,1,19185,314026.6252307547,298297.2675824849
04007,2024,7,1,04009,638406.8201225892,392809.6206732013
39143,2022,8,1,39173,240635.7465352232,342432.17404518736
05093,2022,5,1,47097,207027.5244844358,244200.6719009289
16075,2024,5,1,16087,607050.4790174126,668156.1900362101
12079,2025,4,1,12067,401086.6177693789,416828.658849136
39157,2023,8,1,39151,308884.4817334043,307839.3281416685
18099,2024,6,1,18149,390015.5524822605,322084.7514092301
21097,2021,2,2,"21201,21023",266323.10726918076,266648.64590194746
06053,2024,12,2,"06031,06069",1685502.8118193075,735879.2404038315
16039,2022,6,3,"16025,16083,16037",513044.7238888508,707916.511366013
19027,2025,6,1,19047,342840.91170094046,277502.30567087565
19125,2025,5,1,19117,442727.05096302554,339318.3605838863
51197,2023,1,1,51021,306611.5899847596,303923.6847078504
13137,2024,5,1,13281,468290.1087781436,634946.8173311298
21069,2024,6,2,"21201,21181",316436.07375715766,325397.37490051327
05005,2025,6,4,"05049,05129,05065,05137",371130.61660726106,303352.62746923254
48089,2022,3,3,"48015,48149,48239",670749.1355629114,850155.6427285665
17193,2024,9,3,"17047,18129,17059",189256.08826742464,229490.88260716072
17081,2024,3,1,17145,231851.5120420858,186196.53670133615
37027,2025,6,1,37011,382445.6367877101,1005293.6502625676
47097,2024,4,1,47075,247462.66711912668,312278.768128325
16071,2020,6,1,16041,329643.34095806355,420646.54704986536
22059,2022,10,1,22025,265692.45109939884,250530.18363595652
54059,2025,5,2,"21195,21159",153052.78757745484,207349.52932143747
39063,2024,3,2,"39003,39173",363608.94643245894,319378.6310915594
51071,2023,7,2,"51021,51045",309336.241694876,331423.96573392896
31145,2025,2,1,31065,304338.2088916742,344838.16668700625
35035,2023,7,2,"35005,35051",344891.7842292921,274180.55232304166
27015,2024,8,1,27127,389635.5099912908,340994.2658273375
27111,2021,5,3,"27153,27159,27041",463729.8686571122,392238.80349802104
13251,2024,6,2,"45049,45005",347509.2010182327,233868.46708784084
26073,2020,4,1,26133,267368.9037447591,202530.65086700048
08067,2024,9,1,08111,1078390.629408473,899309.6859085079
12086,2025,6,1,12087,975943.0792771976,2000821.7993668916
06015,2024,12,2,"41033,06093",534128.2489135923,500252.9719438509
27011,2024,6,2,"27073,27149",369739.7446426263,405727.09172423545
31027,2021,5,3,"46027,46135,31051",465042.93443681113,384578.3155069346
01117,2023,7,1,01007,557505.2563155196,328105.1813151149
28043,2021,5,1,28135,225779.1246624156,248789.76393945512
48373,2021,5,1,48455,320409.27779253153,312274.99292833667
27111,2024,6,1,27041,518008.9279574803,550501.8188202198
48123,2025,6,2,"48285,48255",534353.0720503079,588963.0675578249
17049,2021,5,1,17079,316758.37082904036,251151.351663622
30027,2023,9,1,30107,586417.8844938219,330253.99466984655
42035,2025,6,1,42023,300159.71160697116,149545.9321308473
19009,2022,5,1,19027,280290.0692035698,315523.6906628551
51005,2021,8,1,51580,235698.57095277135,128809.75333985013
29141,2023,2,1,29135,518550.2446379597,384942.716164595
51059,2022,3,2,"51610,51600",1065091.2618874805,1234745.0807550456
29113,2020,6,1,17013,322027.733754737,312047.82360885537
47161,2022,5,2,"47083,47005",408489.73479243246,346921.6143693832
08061,2021,6,1,08011,378135.9127218377,253381.40652035523
46109,2025,5,1,27155,463414.3598450642,393494.02717529703
18011,2025,6,1,18023,720248.8524520192,343991.6209212059
44007,2020,6,1,44001,399883.388562911,620236.3340969478
19103,2023,7,1,19115,466635.7794789357,272244.78245184064
13007,2025,6,1,13037,344118.7722258157,235027.2195672697
17159,2020,3,1,17079,199766.57256381307,213263.7968819215
16031,2023,6,2,"49003,16053",512500.9633339632,580858.5730258749
18181,2022,7,2,"18157,18015",329765.97831443074,364102.4438818486
55061,2022,4,1,26019,392370.1822858046,641633.7466365889
13311,2024,12,1,13281,468277.97193286225,640208.872482069
18179,2020,6,2,"18009,18075",263916.40993801126,186138.4620597328
13137,2021,4,1,13281,372833.13656733185,513600.286315642
01123,2021,7,1,01027,637170.7176114704,271893.07740523905
08073,2020,6,1,08025,322840.0037056297,216363.0935313621
48303,2024,4,1,48153,356457.6571718434,175563.60947415754
54099,2024,9,1,21159,214859.1786008079,196789.89852134068
13099,2025,5,2,"13037,13061",256071.0902549722,293246.8864083475
40141,2022,7,1,40075,146934.52023498854,183172.3697481004
22111,2025,1,1,05003,268869.5404745953,168599.71441048416
37163,2025,4,1,37141,284386.1420826672,723467.9075721469
06003,2023,5,1,06005,837736.5664780512,608317.6380695696
40151,2021,7,1,40003,250881.75480667103,264472.12363483454
08049,2023,9,2,"08019,08047",1330224.3057979697,838952.5700078942
40137,2021,7,1,40033,214754.35173143292,208398.749821917
40113,2020,11,1,40103,274338.98467365204,251786.6800942065
27065,2021,4,2,"27115,27025",334604.5782300698,376472.20282055356
47047,2020,6,1,28009,456082.2615176875,218932.9414247663
55127,2020,8,1,55055,514080.94608426053,369680.1718187173
23027,2021,6,1,23015,432278.0434875965,614668.0485783947
51650,2021,2,1,51735,285859.3876773431,508158.93575774546
48505,2024,7,2,"48427,48247",253584.82083602072,204098.79264833342
53055,2021,11,2,"53029,53031",1640112.5411983982,897208.5518674725
35001,2024,7,1,35006,488376.62192480074,246951.3346246822
27137,2024,8,1,27071,389634.882652927,281797.94668830145
48279,2023,10,1,48017,187567.6943607094,267029.2352262396
20059,2023,9,2,"20121,20107",388010.742011644,445462.46091477224
47065,2024,5,2,"47121,13047",553797.131365512,463244.1679020416
18073,2020,7,1,18131,293678.265044982,189674.6073983449
16027,2022,8,1,16045,662003.3374298111,828898.5111877113
26059,2025,6,1,39171,336060.910774592,285882.7669624993
20131,2021,12,1,31147,389173.8051990923,273741.6344451382
27153,2024,8,1,27041,446497.9346745306,554162.7686290103
21057,2022,7,1,47027,261692.17074163255,371096.6170987526
48273,2022,9,1,48249,261945.47054807583,290065.2376578834
35029,2020,9,1,35017,184025.1267068161,263794.3343634168
06019,2023,2,2,"06069,06053",557533.7465424484,1320467.2178312053
21107,2024,12,3,"21033,21149,21233",274877.94227297005,284757.1822270355
28135,2025,5,2,"28083,28043",221567.5116418063,213561.41030538443
22005,2020,2,1,22093,330689.1513172977,280397.5887860372
06029,2023,12,1,06079,470853.72933317773,1334499.14715874
13077,2022,11,4,"13255,13113,13121,13199",533702.2575260772,555026.2960777148
12049,2021,7,1,12027,325100.05518501747,362232.49763243785
42033,2025,3,1,42023,219552.39477030365,150356.45816176874
08037,2022,2,2,"08107,08065",2618865.1123354896,1317070.1325781066
40063,2021,4,1,40029,223079.56888020752,241972.2962898557
48029,2025,5,1,48493,422923.05617880734,605558.8509860976
36091,2023,8,1,36093,606352.3057626755,380001.83793028834
13069,2024,5,1,13271,309255.6364353984,241513.47501464467
16031,2020,5,2,"16083,16067",345301.5631932026,342315.9047771528
48127,2020,3,1,48507,237218.03325605835,152772.39710792326
04001,2020,7,2,"35006,35003",333939.0841602477,259297.48280910263
21093,2021,3,1,21163,292042.19955040404,304049.2253137091
17079,2023,2,4,"17159,17033,17023,17035",252711.8442267872,239971.34558135745
27001,2024,7,1,27065,424310.6174306346,381021.6561232198
48217,2024,6,2,"48349,48309",449517.277148607,438662.6330206472
