stcofips,year,month,tier,event_type,auc,auc_variance,pre_trend_annual,event_count,total_damage,log_damage,total_duration_days,resl_score,resl_value,risk_value,eal_valt,sovi_score,nri_vintage
01013,2024,5,bottom,"Hail,Tornado",23.350623844183588,1.5124974883720188,-0.7735321872169768,3,0.0,0.0,0.016666666666666666,44.01985744000106,2.5229911617918295,10336801.562474407,7208219.9184884485,78.32846111934363,2023
01013,2024,5,mid,"Hail,Tornado",15.415803756481637,1.3164334332826626,-1.6856562034927645,3,0.0,0.0,0.016666666666666666,44.01985744000106,2.5229911617918295,10336801.562474407,7208219.9184884485,78.32846111934363,2023
01013,2024,5,top,"Hail,Tornado",5.7923043449530525,0.5852088623839695,-3.061609744748438,3,0.0,0.0,0.016666666666666666,44.01985744000106,2.5229911617918295,10336801.562474407,7208219.9184884485,78.32846111934363,2023
01013,2024,12,bottom,"Thunderstorm Wind,Tornado",8.030684875738757,0.944037577263375,5.474732943722377,3,0.0,0.0,0.008333333333333333,46.23478608370765,2.506232710552734,12015996.976544525,8012206.99631363,83.27769152642756,2023
01013,2024,12,mid,"Thunderstorm Wind,Tornado",4.956674582390136,1.0457609420482012,3.1340618517573184,3,0.0,0.0,0.008333333333333333,46.23478608370765,2.506232710552734,12015996.976544525,8012206.99631363,83.27769152642756,2023
01013,2024,12,top,"Thunderstorm Wind,Tornado",7.817007039982627,0.8113641431121037,0.8442301006873976,3,0.0,0.0,0.008333333333333333,46.23478608370765,2.506232710552734,12015996.976544525,8012206.99631363,83.27769152642756,2023
01021,2023,6,bottom,Hail,19.838783996504134,1.9322067161146517,5.449057186559301,1,0.0,0.0,0.0006944444444444445,21.567059842739948,2.472448972741588,9024814.002644662,7080549.465304973,70.43710497245739,2023
01021,2023,6,mid,Hail,12.940641855777741,1.063760794493093,1.2150130951621538,1,0.0,0.0,0.0006944444444444445,21.567059842739948,2.472448972741588,9024814.002644662,7080549.465304973,70.43710497245739,2023
01021,2023,6,top,Hail,9.272121684987411,0.6026427630786761,-0.7224125357948168,1,0.0,0.0,0.0006944444444444445,21.567059842739948,2.472448972741588,9024814.002644662,7080549.465304973,70.43710497245739,2023
01025,2023,4,bottom,Thunderstorm Wind,-19.886789908762182,3.3769999185052666,-4.637248506176931,1,0.0,0.0,0.001388888888888889,22.594123204402084,2.4825830399302795,13340372.735018458,9219176.270358318,85.17422143448864,2023
01025,2023,4,mid,Thunderstorm Wind,-1.4125150975466454,0.9424866425512269,-1.8932030003724616,1,0.0,0.0,0.001388888888888889,22.594123204402084,2.4825830399302795,13340372.735018458,9219176.270358318,85.17422143448864,2023
01025,2023,4,top,Thunderstorm Wind,0.03898292284164029,0.725639062846349,-4.151931302026085,1,0.0,0.0,0.001388888888888889,22.594123204402084,2.4825830399302795,13340372.735018458,9219176.270358318,85.17422143448864,2023
01029,2023,8,bottom,Thunderstorm Wind,-4.582276965040478,0.8176316402032376,2.3804467986905706,5,0.0,0.0,0.005555555555555556,6.964444266425239,2.3761471607993756,3897772.620015351,2876230.912229848,51.30419923274148,2023
01029,2023,8,mid,Thunderstorm Wind,-3.787953931235492,0.5546577229159856,1.069896483273202,5,0.0,0.0,0.005555555555555556,6.964444266425239,2.3761471607993756,3897772.620015351,2876230.912229848,51.30419923274148,2023
01029,2023,8,top,Thunderstorm Wind,-8.354113968449681,1.1022478242560927,4.4839910663444345,5,0.0,0.0,0.005555555555555556,6.964444266425239,2.3761471607993756,3897772.620015351,2876230.912229848,51.30419923274148,2023
01039,2023,4,bottom,Thunderstorm Wind,-14.336322721420956,1.5536861369341706,12.413102955799118,3,0.0,0.0,0.004166666666666667,33.418976759559456,2.527684924127012,38982973.3946357,30765100.295890793,71.23444367333333,2023
01039,2023,4,mid,Thunderstorm Wind,0.07581700155985516,0.3829359322435879,6.212936835928275,3,0.0,0.0,0.004166666666666667,33.418976759559456,2.527684924127012,38982973.3946357,30765100.295890793,71.23444367333333,2023
01039,2023,4,top,Thunderstorm Wind,11.112365061973904,0.594865444599321,2.0066801581552767,3,0.0,0.0,0.004166666666666667,33.418976759559456,2.527684924127012,38982973.3946357,30765100.295890793,71.23444367333333,2023
01041,2023,4,bottom,Thunderstorm Wind,14.54971826268752,1.274628710135472,1.1776355566860939,3,0.0,0.0,0.004166666666666667,21.547436933821157,2.4781326379674478,5798124.144738838,4542016.607953485,61.16057521787879,2023
01041,2023,4,mid,Thunderstorm Wind,7.098054793726547,0.7751395847516397,1.5849450664498665,3,0.0,0.0,0.004166666666666667,21.547436933821157,2.4781326379674478,5798124.144738838,4542016.607953485,61.16057521787879,2023
01041,2023,4,top,Thunderstorm Wind,2.4048463112507505,0.5028120260903698,2.9183909479680303,3,0.0,0.0,0.004166666666666667,21.547436933821157,2.4781326379674478,5798124.144738838,4542016.607953485,61.16057521787879,2023
01041,2025,8,bottom,Thunderstorm Wind,32.78837147071411,0.9855241349542537,-11.338683743396862,1,0.0,0.0,0.0,31.275649718508816,2.4282559019959313,10793071.70601361,6868969.553863841,86.65668131848486,2023
01041,2025,8,mid,Thunderstorm Wind,18.09172304800562,0.26891892428285685,-10.9675102341198,1,0.0,0.0,0.0,31.275649718508816,2.4282559019959313,10793071.70601361,6868969.553863841,86.65668131848486,2023
01041,2025,8,top,Thunderstorm Wind,6.258817481112857,0.48244647686105135,-7.552437059517847,1,0.0,0.0,0.0,31.275649718508816,2.4282559019959313,10793071.70601361,6868969.553863841,86.65668131848486,2023
01049,2023,7,bottom,"Hail,Thunderstorm Wind",-41.29739732196076,2.9679896044029226,0.202668765270559,17,23000.0,10.043292972227004,0.0,17.624752000556786,2.4492726775441303,15730156.410779366,11646761.285702974,73.9684186366933,2023
01049,2023,7,mid,"Hail,Thunderstorm Wind",-16.603548416448007,1.1676664351883919,0.09482344588460971,17,23000.0,10.043292972227004,0.0,17.624752000556786,2.4492726775441303,15730156.410779366,11646761.285702974,73.9684186366933,2023
01049,2023,7,top,"Hail,Thunderstorm Wind",-13.250648843420606,0.8493218006961049,1.363343135235932,17,23000.0,10.043292972227004,0.0,17.624752000556786,2.4492726775441303,15730156.410779366,11646761.285702974,73.9684186366933,2023
01053,2023,4,bottom,Thunderstorm Wind,15.152687081967613,1.3801145513257724,3.390882031839382,1,0.0,0.0,0.001388888888888889,20.769900680001953,2.4744954822369793,52564984.01385785,37394217.34410666,87.15923379041666,2023
01053,2023,4,mid,Thunderstorm Wind,11.502435462391844,1.317213677124858,0.5379983363237434,1,0.0,0.0,0.001388888888888889,20.769900680001953,2.4744954822369793,52564984.01385785,37394217.34410666,87.15923379041666,2023
01053,2023,4,top,Thunderstorm Wind,15.660432798319817,1.1648298701671596,-4.501676393522222,1,0.0,0.0,0.001388888888888889,20.769900680001953,2.4744954822369793,52564984.01385785,37394217.34410666,87.15923379041666,2023
01057,2022,2,bottom,"Flash Flood,Tornado",1.7470580443301031,0.7678776639475924,-1.4470665279994865,16,0.0,0.0,1.7555555555555555,46.21886254291535,2.549022767415047,2206787.9013170647,1637757.8171328034,46.012508622388644,2021
01057,2022,2,mid,"Flash Flood,Tornado",4.075953284894808,0.6936300459790408,-1.4213970675283463,16,0.0,0.0,1.7555555555555555,46.21886254291535,2.549022767415047,2206787.9013170647,1637757.8171328034,46.012508622388644,2021
01057,2022,2,top,"Flash Flood,Tornado",1.7560943352063845,0.3229932553939784,-0.18739146919958216,16,0.0,0.0,1.7555555555555555,46.21886254291535,2.549022767415047,2206787.9013170647,1637757.8171328034,46.012508622388644,2021
01059,2022,3,bottom,Thunderstorm Wind,9.998062624316262,0.7292805004034643,-8.493601650296975,1,10000.0,9.210440366976517,0.0,44.011551595367436,2.5788400757629395,7329018.107708832,5562342.789941472,49.01953769378602,2021
01059,2022,3,mid,Thunderstorm Wind,12.193118001835089,0.9322363977209969,-3.3433348076057143,1,10000.0,9.210440366976517,0.0,44.011551595367436,2.5788400757629395,7329018.107708832,5562342.789941472,49.01953769378602,2021
01059,2022,3,top,Thunderstorm Wind,1.5465534428167302,0.26255764101319107,0.25192476580011675,1,10000.0,9.210440366976517,0.0,44.011551595367436,2.5788400757629395,7329018.107708832,5562342.789941472,49.01953769378602,2021
01085,2023,6,bottom,Thunderstorm Wind,10.066406021375585,0.7340801187119695,4.98948604811179,3,0.0,0.0,0.0020833333333333333,19.84126749949794,2.463071536195912,3860814.7838688274,2446751.8265795177,90.84712116518466,2023
01085,2023,6,mid,Thunderstorm Wind,10.67000963113496,0.46392731621857813,2.642337224135891,3,0.0,0.0,0.0020833333333333333,19.84126749949794,2.463071536195912,3860814.7838688274,2446751.8265795177,90.84712116518466,2023
01085,2023,6,top,Thunderstorm Wind,5.610084808363439,0.26297245885442766,-1.222852389755161,3,0.0,0.0,0.0020833333333333333,19.84126749949794,2.463071536195912,3860814.7838688274,2446751.8265795177,90.84712116518466,2023
01085,2024,12,bottom,Tornado,15.070045223075084,3.0798367743397614,8.13271839831223,4,0.0,0.0,0.013888888888888888,23.928873412012916,2.4253114642783644,7481794.760535495,4266592.971333284,96.10984083207386,2023
01085,2024,12,mid,Tornado,13.101864232199944,1.9114168554337962,5.469275833955398,4,0.0,0.0,0.013888888888888888,23.928873412012916,2.4253114642783644,7481794.760535495,4266592.971333284,96.10984083207386,2023
01085,2024,12,top,Tornado,12.078292247696126,1.5036425635236932,3.4978394398002686,4,0.0,0.0,0.013888888888888888,23.928873412012916,2.4253114642783644,7481794.760535495,4266592.971333284,96.10984083207386,2023
01091,2023,6,bottom,"Hail,Lightning,Thunderstorm Wind",-22.99574001157997,1.006880339159135,7.9289387749347595,7,100000.0,11.51293546492023,0.004861111111111111,28.442632431182048,2.5016338298419742,6072163.058030674,4385934.846497026,82.56208401674361,2023
01091,2023,6,mid,"Hail,Lightning,Thunderstorm Wind",-2.203565865661247,0.24347579246675707,-0.7183028457256929,7,100000.0,11.51293546492023,0.004861111111111111,28.442632431182048,2.5016338298419742,6072163.058030674,4385934.846497026,82.56208401674361,2023
01091,2023,6,top,"Hail,Lightning,Thunderstorm Wind",-0.2437223081419546,0.4143137393680739,-3.888828292301312,7,100000.0,11.51293546492023,0.004861111111111111,28.442632431182048,2.5016338298419742,6072163.058030674,4385934.846497026,82.56208401674361,2023
01107,2024,5,bottom,Hail,6.963004567118361,1.683419878164752,6.383098434941388,2,0.0,0.0,0.0020833333333333333,13.230561846085177,2.3935308966656903,9402967.031908037,5847754.712095869,92.88919244772786,2023
01107,2024,5,mid,Hail,-2.9529425675059713,0.6439851835135187,3.2789889959707685,2,0.0,0.0,0.0020833333333333333,13.230561846085177,2.3935308966656903,9402967.031908037,5847754.712095869,92.88919244772786,2023
01107,2024,5,top,Hail,-1.2886744352808392,0.5403211321100183,2.378496233442945,2,0.0,0.0,0.0020833333333333333,13.230561846085177,2.3935308966656903,9402967.031908037,5847754.712095869,92.88919244772786,2023
01133,2022,2,bottom,Flash Flood,3.9851019311561373,0.7306596844717558,3.2733590287725653,5,0.0,0.0,0.625,44.82902497138977,2.5374968767595294,3282845.9516362664,2442652.5980842984,45.994424873137035,2021
01133,2022,2,mid,Flash Flood,-4.478207994816643,0.3869974441407869,3.200837012382119,5,0.0,0.0,0.625,44.82902497138977,2.5374968767595294,3282845.9516362664,2442652.5980842984,45.994424873137035,2021
01133,2022,2,top,Flash Flood,-0.8124560253239395,0.9480295148210914,3.22569119540204,5,0.0,0.0,0.625,44.82902497138977,2.5374968767595294,3282845.9516362664,2442652.5980842984,45.994424873137035,2021
04001,2020,7,bottom,"Flash Flood,Heavy Rain,Thunderstorm Wind",-1.6087575142614838,0.8270795702994902,0.28089866981528644,8,0.0,0.0,0.22916666666666666,48.208398,2.4104199,3782634.182616479,1958994.82905,78.7150177375,2020
04001,2020,7,mid,"Flash Flood,Heavy Rain,Thunderstorm Wind",2.457643532357821,0.5746315450456054,0.40054101321667684,8,0.0,0.0,0.22916666666666666,48.208398,2.4104199,3782634.182616479,1958994.82905,78.7150177375,2020
04001,2020,7,top,"Flash Flood,Heavy Rain,Thunderstorm Wind",6.716710566994266,0.8911118970997622,0.3204444140571449,8,0.0,0.0,0.22916666666666666,48.208398,2.4104199,3782634.182616479,1958994.82905,78.7150177375,2020
04001,2022,8,bottom,Flash Flood,-6.381650875380274,0.634418891983975,1.2647960439623678,36,0.0,0.0,3.911805555555555,21.451174116953375,2.305596914853859,7603534.711928145,4230670.751798969,88.71907026014978,2021
04001,2022,8,mid,Flash Flood,2.6460273840967687,0.18516161494180436,0.2641969704943771,36,0.0,0.0,3.911805555555555,21.451174116953375,2.305596914853859,7603534.711928145,4230670.751798969,88.71907026014978,2021
04001,2022,8,top,Flash Flood,2.558557781675958,0.32699258292386435,-1.1006618260451784,36,0.0,0.0,3.911805555555555,21.451174116953375,2.305596914853859,7603534.711928145,4230670.751798969,88.71907026014978,2021
04003,2024,9,bottom,Thunderstorm Wind,-17.76086293922124,1.7133796331627953,2.566745446670936,1,1000.0,6.90875477931522,0.003472222222222222,7.41054817837696,2.338972800110174,85736112.48461825,59531755.13985724,83.894274945989,2023
04003,2024,9,mid,Thunderstorm Wind,15.478412014667796,1.2686650617234116,2.7953088762642344,1,1000.0,6.90875477931522,0.003472222222222222,7.41054817837696,2.338972800110174,85736112.48461825,59531755.13985724,83.894274945989,2023
04003,2024,9,top,Thunderstorm Wind,10.068650258942256,0.7961451504113976,1.8045214642812653,1,1000.0,6.90875477931522,0.003472222222222222,7.41054817837696,2.338972800110174,85736112.48461825,59531755.13985724,83.894274945989,2023
04017,2022,8,bottom,"Flash Flood,Heavy Rain",-13.768678893120182,1.7315181505065003,-3.2195588190212256,31,120000.0,11.695255355062795,2.6944444444444446,25.384488299898145,2.436813025942039,32733070.397442464,19911490.080512244,84.02629529898873,2021
04017,2022,8,mid,"Flash Flood,Heavy Rain",-16.27903994197891,1.671218122528402,-2.1667845873923426,31,120000.0,11.695255355062795,2.6944444444444446,25.384488299898145,2.436813025942039,32733070.397442464,19911490.080512244,84.02629529898873,2021
04017,2022,8,top,"Flash Flood,Heavy Rain",-15.564676605453343,1.47678185781289,-2.717703478847658,31,120000.0,11.695255355062795,2.6944444444444446,25.384488299898145,2.436813025942039,32733070.397442464,19911490.080512244,84.02629529898873,2021
04017,2023,8,bottom,"Flood,Heavy Rain",-3.7953416454945312,0.8160010681951565,2.808619434506445,9,0.0,0.0,17.541666666666668,5.754264671972202,2.3627598475657696,29551563.429078445,19172226.485010836,98.81783973377132,2023
04017,2023,8,mid,"Flood,Heavy Rain",0.26209963878567066,0.33030036667850343,1.7149541716797312,9,0.0,0.0,17.541666666666668,5.754264671972202,2.3627598475657696,29551563.429078445,19172226.485010836,98.81783973377132,2023
04017,2023,8,top,"Flood,Heavy Rain",5.19411325514632,0.3288805591110137,-0.40403593790731424,9,0.0,0.0,17.541666666666668,5.754264671972202,2.3627598475657696,29551563.429078445,19172226.485010836,98.81783973377132,2023
04019,2021,9,bottom,"Hail,Lightning,Thunderstorm Wind",-2.532311185251743,1.8425295386965586,-3.6905365465088855,4,4000.0,8.294299608857235,0.0,51.7944,2.58972,51056809.04437895,33050423.775124367,47.02404414662489,2020
04019,2021,9,mid,"Hail,Lightning,Thunderstorm Wind",-2.769943558660472,1.3505930633721273,-1.946988309870984,4,4000.0,8.294299608857235,0.0,51.7944,2.58972,51056809.04437895,33050423.775124367,47.02404414662489,2020
04019,2021,9,top,"Hail,Lightning,Thunderstorm Wind",-3.9539124981947964,1.0951040743210587,-0.2524307607992616,4,4000.0,8.294299608857235,0.0,51.7944,2.58972,51056809.04437895,33050423.775124367,47.02404414662489,2020
05003,2022,7,bottom,Flash Flood,-22.695064811527885,2.050363492214769,9.619951913705274,4,4000.0,8.294299608857235,0.5,32.75349884741211,2.5466679242813113,6287598.995604497,4921603.843634359,52.29231647736546,2021
05003,2022,7,mid,Flash Flood,-15.630137336017157,1.4344620753142128,7.704506009012728,4,4000.0,8.294299608857235,0.5,32.75349884741211,2.5466679242813113,6287598.995604497,4921603.843634359,52.29231647736546,2021
05003,2022,7,top,Flash Flood,-9.173267093893799,0.6591328659880503,5.453827290658485,4,4000.0,8.294299608857235,0.5,32.75349884741211,2.5466679242813113,6287598.995604497,4921603.843634359,52.29231647736546,2021
05005,2025,6,bottom,Thunderstorm Wind,-6.311648143071594,0.8779608958608405,-2.5873031685748678,1,0.0,0.0,0.0,16.98376113817478,2.378022591622181,29076721.572725654,19406149.45961624,74.61400425891956,2023
05005,2025,6,mid,Thunderstorm Wind,-7.050307264877489,0.885801459705723,-2.3796367278059023,1,0.0,0.0,0.0,16.98376113817478,2.378022591622181,29076721.572725654,19406149.45961624,74.61400425891956,2023
05005,2025,6,top,Thunderstorm Wind,-9.721261848600705,1.2852143041753832,-2.5389199839659162,1,0.0,0.0,0.0,16.98376113817478,2.378022591622181,29076721.572725654,19406149.45961624,74.61400425891956,2023
05009,2025,7,bottom,Flash Flood,-53.9485782422184,4.727675950622555,-1.829897605738201,4,0.0,0.0,0.0,37.668771640090185,2.4541526385193353,21962321.453850333,19775277.26553228,43.053577784331495,2023
05009,2025,7,mid,Flash Flood,-38.348170939625845,3.1497515863612273,-2.8276411607647987,4,0.0,0.0,0.0,37.668771640090185,2.4541526385193353,21962321.453850333,19775277.26553228,43.053577784331495,2023
05009,2025,7,top,Flash Flood,-32.474658910114044,2.765078292516455,-2.848216728637302,4,0.0,0.0,0.0,37.668771640090185,2.4541526385193353,21962321.453850333,19775277.26553228,43.053577784331495,2023
05023,2024,10,bottom,Thunderstorm Wind,12.834719634010625,1.1978572721001266,2.03083227323971,1,0.0,0.0,0.0,30.720061588456485,2.457172120697717,24631438.782590516,18457231.71662054,56.005376154997634,2023
05023,2024,10,mid,Thunderstorm Wind,7.7528154467398025,0.8372897283768573,-0.5012734356383911,1,0.0,0.0,0.0,30.720061588456485,2.457172120697717,24631438.782590516,18457231.71662054,56.005376154997634,2023
05023,2024,10,top,Thunderstorm Wind,6.137776209386985,0.6213521660752764,-2.050102835549675,1,0.0,0.0,0.0,30.720061588456485,2.457172120697717,24631438.782590516,18457231.71662054,56.005376154997634,2023
05025,2024,2,bottom,Hail,-18.73174868484277,1.9814207073346866,2.7557533348445133,1,0.0,0.0,0.0,7.7613910856238855,2.365866994830485,2778977.0687767384,1955280.6207790605,47.465445191608076,2023
05025,2024,2,mid,Hail,-16.530481419910785,1.624010606120066,1.7909703280606142,1,0.0,0.0,0.0,7.7613910856238855,2.365866994830485,2778977.0687767384,1955280.6207790605,47.465445191608076,2023
05025,2024,2,top,Hail,-12.621633202175673,0.9490531128083352,2.3989570761068015,1,0.0,0.0,0.0,7.7613910856238855,2.365866994830485,2778977.0687767384,1955280.6207790605,47.465445191608076,2023
05031,2023,8,bottom,Hail,13.463592894424835,1.815484213595482,-3.8980460470546965,1,0.0,0.0,0.003472222222222222,52.215543465897795,2.587532652435118,67374632.62844253,52317479.530773036,76.865235066643,2023
05031,2023,8,mid,Hail,12.844738000516415,1.2645830282720598,-0.6494091157704247,1,0.0,0.0,0.003472222222222222,52.215543465897795,2.587532652435118,67374632.62844253,52317479.530773036,76.865235066643,2023
05031,2023,8,top,Hail,4.517601253673433,0.4866732483985314,0.31136902913680825,1,0.0,0.0,0.003472222222222222,52.215543465897795,2.587532652435118,67374632.62844253,52317479.530773036,76.865235066643,2023
05035,2022,5,bottom,Thunderstorm Wind,23.108530888882044,2.0629413961948053,3.1493441486164073,1,5000.0,8.517393171418904,0.003472222222222222,50.209875792236325,2.671452794967651,15978117.949593842,11827802.032728255,62.138830037957156,2021
05035,2022,5,mid,Thunderstorm Wind,14.135618711407943,1.4877126469434319,-3.6686831175355175,1,5000.0,8.517393171418904,0.003472222222222222,50.209875792236325,2.671452794967651,15978117.949593842,11827802.032728255,62.138830037957156,2021
05035,2022,5,top,Thunderstorm Wind,13.167162903893256,1.5180893212994517,-3.66040280758529,1,5000.0,8.517393171418904,0.003472222222222222,50.209875792236325,2.671452794967651,15978117.949593842,11827802.032728255,62.138830037957156,2021
05037,2021,3,bottom,"Lightning,Thunderstorm Wind,Tornado",20.545225588068007,2.276534017876479,-6.892937334924672,4,35000.0,10.463131911491967,0.005555555555555556,54.3652,2.71826,6121738.026998014,4635739.278004464,42.806464327915464,2020
05037,2021,3,mid,"Lightning,Thunderstorm Wind,Tornado",15.464642596443284,1.9258074368544351,-7.238876686951414,4,35000.0,10.463131911491967,0.005555555555555556,54.3652,2.71826,6121738.026998014,4635739.278004464,42.806464327915464,2020
05037,2021,3,top,"Lightning,Thunderstorm Wind,Tornado",5.863408949940066,0.9803490407965372,-3.2486689061545824,4,35000.0,10.463131911491967,0.005555555555555556,54.3652,2.71826,6121738.026998014,4635739.278004464,42.806464327915464,2020
05037,2023,8,bottom,Thunderstorm Wind,5.900879506224271,1.2437639622598406,-0.9076116280215226,1,0.0,0.0,0.003472222222222222,34.05617651967703,2.51753764764715,12965971.438235028,9400479.031952245,82.06813710256866,2023
05037,2023,8,mid,Thunderstorm Wind,1.5876946961597156,1.016754878525692,2.471304511255321,1,0.0,0.0,0.003472222222222222,34.05617651967703,2.51753764764715,12965971.438235028,9400479.031952245,82.06813710256866,2023
05037,2023,8,top,Thunderstorm Wind,-1.1531174420018289,0.42134223189370207,1.582272065302443,1,0.0,0.0,0.003472222222222222,34.05617651967703,2.51753764764715,12965971.438235028,9400479.031952245,82.06813710256866,2023
05043,2025,7,bottom,Flash Flood,-16.72016209998256,1.303078414165767,-14.964823772987671,4,0.0,0.0,0.0,41.621088611380124,2.4656575294974736,10638012.805203063,6660483.518706741,89.41064101673739,2023
05043,2025,7,mid,Flash Flood,-4.958887365377237,0.3366826973370085,-8.567990493438279,4,0.0,0.0,0.0,41.621088611380124,2.4656575294974736,10638012.805203063,6660483.518706741,89.41064101673739,2023
05043,2025,7,top,Flash Flood,-6.356753128956711,0.43986184271002743,-3.2383202182526483,4,0.0,0.0,0.0,41.621088611380124,2.4656575294974736,10638012.805203063,6660483.518706741,89.41064101673739,2023
05063,2024,11,bottom,Flood,26.46973809022282,2.065824352152331,0.240283521189293,4,0.0,0.0,6.416666666666667,26.754394565370198,2.4409643845487654,24941521.546026606,20384027.046142746,61.09863127966679,2023
05063,2024,11,mid,Flood,11.572058831930946,1.0740118225219264,0.852498511095097,4,0.0,0.0,6.416666666666667,26.754394565370198,2.4409643845487654,24941521.546026606,20384027.046142746,61.09863127966679,2023
05063,2024,11,top,Flood,1.483747591958121,0.369378748176918,1.2188265348937743,4,0.0,0.0,6.416666666666667,26.754394565370198,2.4409643845487654,24941521.546026606,20384027.046142746,61.09863127966679,2023
05069,2025,7,bottom,Thunderstorm Wind,-45.62702663887501,3.583562984642149,6.24277869949032,1,0.0,0.0,0.0,64.58922035628493,2.5436825234319995,53859652.03024977,34597482.20984496,93.78101650028468,2023
05069,2025,7,mid,Thunderstorm Wind,-13.63290212562309,1.1850048985268462,1.4360697758946042,1,0.0,0.0,0.0,64.58922035628493,2.5436825234319995,53859652.03024977,34597482.20984496,93.78101650028468,2023
05069,2025,7,top,Thunderstorm Wind,-5.090193798976983,0.2973851159546663,-1.408774044419739,1,0.0,0.0,0.0,64.58922035628493,2.5436825234319995,53859652.03024977,34597482.20984496,93.78101650028468,2023
05077,2024,4,bottom,Thunderstorm Wind,17.296066842674705,2.8695395111595463,3.163076093506426,1,25000.0,10.12667110305036,0.003472222222222222,9.836070687762204,2.3660906210751063,9637373.28244998,5709218.797002629,98.18011374827178,2023
05077,2024,4,mid,Thunderstorm Wind,15.524453886440213,1.8157703352698642,2.4890063064455177,1,25000.0,10.12667110305036,0.003472222222222222,9.836070687762204,2.3660906210751063,9637373.28244998,5709218.797002629,98.18011374827178,2023
05077,2024,4,top,Thunderstorm Wind,12.043509650790881,1.3781543304549189,2.060413821814914,1,25000.0,10.12667110305036,0.003472222222222222,9.836070687762204,2.3660906210751063,9637373.28244998,5709218.797002629,98.18011374827178,2023
05081,2021,12,bottom,"Hail,Thunderstorm Wind",-19.402445704740842,1.589249040059597,5.027881598729086,3,0.0,0.0,0.0,49.33106439884185,2.5562734095134734,3869539.3226996446,2788823.3985976507,42.254576242576206,2021
05081,2021,12,mid,"Hail,Thunderstorm Wind",-18.098896231928265,1.3447358194828354,5.05501584065559,3,0.0,0.0,0.0,49.33106439884185,2.5562734095134734,3869539.3226996446,2788823.3985976507,42.254576242576206,2021
05081,2021,12,top,"Hail,Thunderstorm Wind",-11.405997780508159,0.8985781415229903,4.221764039854079,3,0.0,0.0,0.0,49.33106439884185,2.5562734095134734,3869539.3226996446,2788823.3985976507,42.254576242576206,2021
05089,2025,8,bottom,Thunderstorm Wind,-48.17246774964161,3.826251828006224,-3.0805459953385914,1,0.0,0.0,0.0,12.536021249150338,2.3503617233931995,14617562.761961883,9092163.142153045,83.86898006071259,2023
05089,2025,8,mid,Thunderstorm Wind,-38.15077418220454,2.8232130669991546,-1.7195225963311362,1,0.0,0.0,0.0,12.536021249150338,2.3503617233931995,14617562.761961883,9092163.142153045,83.86898006071259,2023
05089,2025,8,top,Thunderstorm Wind,-27.816059638418295,2.109322638547259,-2.609593327907826,1,0.0,0.0,0.0,12.536021249150338,2.3503617233931995,14617562.761961883,9092163.142153045,83.86898006071259,2023
05093,2021,3,bottom,"Thunderstorm Wind,Tornado",-36.051427205403684,2.0060222964969268,-8.167387318871656,12,280000.0,12.54254845357358,0.027777777777777776,53.544402,2.6772201,24118800.29472278,17933824.283544246,42.806464327915464,2020
05093,2021,3,mid,"Thunderstorm Wind,Tornado",-43.41723995285864,3.013439947945437,-5.922880870412371,12,280000.0,12.54254845357358,0.027777777777777776,53.544402,2.6772201,24118800.29472278,17933824.283544246,42.806464327915464,2020
05093,2021,3,top,"Thunderstorm Wind,Tornado",-31.094184680523725,2.5749397210438705,-3.1766334639945533,12,280000.0,12.54254845357358,0.027777777777777776,53.544402,2.6772201,24118800.29472278,17933824.283544246,42.806464327915464,2020
05093,2021,10,bottom,Thunderstorm Wind,-13.30371262767352,1.4968081553091581,1.7278882525086676,1,2000.0,7.601402334583733,0.003472222222222222,53.544402000000005,2.6772201,21881820.712273214,16270491.187896678,42.80646432794253,2020
05093,2021,10,mid,Thunderstorm Wind,-28.288688230519668,3.6998423981460298,8.68443398209815,1,2000.0,7.601402334583733,0.003472222222222222,53.544402000000005,2.6772201,21881820.712273214,16270491.187896678,42.80646432794253,2020
05093,2021,10,top,Thunderstorm Wind,-16.18343028988987,2.8467151396786003,7.988920471801653,1,2000.0,7.601402334583733,0.003472222222222222,53.544402000000005,2.6772201,21881820.712273214,16270491.187896678,42.80646432794253,2020
05093,2023,8,bottom,Thunderstorm Wind,56.39754405421155,4.15927714824432,-5.981018306428311,2,12000.0,9.392745258631441,0.006944444444444444,36.70555234755076,2.527904458699988,46321864.00141553,32434725.33897222,91.92316624714725,2023
05093,2023,8,mid,Thunderstorm Wind,40.13541940923132,2.7110676609691384,-2.301010514995639,2,12000.0,9.392745258631441,0.006944444444444444,36.70555234755076,2.527904458699988,46321864.00141553,32434725.33897222,91.92316624714725,2023
05093,2023,8,top,Thunderstorm Wind,17.595037514358637,1.0152929566650724,-3.6785776845560414,2,12000.0,9.392745258631441,0.006944444444444444,36.70555234755076,2.527904458699988,46321864.00141553,32434725.33897222,91.92316624714725,2023
05093,2024,6,bottom,Hail,2.619809287076322,0.5413308401154715,-11.088410859011978,1,0.0,0.0,0.001388888888888889,36.71665551677336,2.4944475527357066,59034846.77788751,39356119.406585045,91.22950545530895,2023
05093,2024,6,mid,Hail,-3.4683036697190204,0.24716891035643376,-9.149538269632899,1,0.0,0.0,0.001388888888888889,36.71665551677336,2.4944475527357066,59034846.77788751,39356119.406585045,91.22950545530895,2023
05093,2024,6,top,Hail,-0.6343825144268038,0.04695358461967688,-3.8999923652523307,1,0.0,0.0,0.001388888888888889,36.71665551677336,2.4944475527357066,59034846.77788751,39356119.406585045,91.22950545530895,2023
05101,2025,6,bottom,Thunderstorm Wind,-44.33482367971129,6.281101885632783,-7.8888180672552055,1,0.0,0.0,0.0,12.59056210964608,2.3561908291884324,6254104.530392353,3624218.416949312,82.49955598666283,2023
05101,2025,6,mid,Thunderstorm Wind,-37.22251903311749,4.845944509105435,-5.360091322129169,1,0.0,0.0,0.0,12.59056210964608,2.3561908291884324,6254104.530392353,3624218.416949312,82.49955598666283,2023
05101,2025,6,top,Thunderstorm Wind,-30.897494313416743,3.9771963762840685,-3.772019435871963,1,0.0,0.0,0.0,12.59056210964608,2.3561908291884324,6254104.530392353,3624218.416949312,82.49955598666283,2023
05107,2022,5,bottom,"Hail,Thunderstorm Wind",-33.71822793651181,3.5555400791080087,-22.917500809925034,7,16000.0,9.680406499268875,0.024305555555555552,45.24275017166138,2.604488086891174,8563832.386911562,5312968.396256628,71.08710366889254,2021
05107,2022,5,mid,"Hail,Thunderstorm Wind",-20.95856464971628,2.589349312490559,-4.644219316187886,7,16000.0,9.680406499268875,0.024305555555555552,45.24275017166138,2.604488086891174,8563832.386911562,5312968.396256628,71.08710366889254,2021
05107,2022,5,top,"Hail,Thunderstorm Wind",-8.055379753412552,0.9316640630793748,-2.4138498758709943,7,16000.0,9.680406499268875,0.024305555555555552,45.24275017166138,2.604488086891174,8563832.386911562,5312968.396256628,71.08710366889254,2021
05107,2025,5,bottom,Thunderstorm Wind,1.6608977750419172,0.8882722465749975,-16.99509388527109,4,40000.0,10.596659732783579,0.013888888888888888,43.13168102855331,2.476852831898038,20599393.549893018,12162379.08519427,96.96257729644296,2023
05107,2025,5,mid,Thunderstorm Wind,3.2769949837258423,0.46043479410201343,-11.30067309414826,4,40000.0,10.596659732783579,0.013888888888888888,43.13168102855331,2.476852831898038,20599393.549893018,12162379.08519427,96.96257729644296,2023
05107,2025,5,top,Thunderstorm Wind,-5.412452906596215,1.237674553383642,-10.375004815791863,4,40000.0,10.596659732783579,0.013888888888888888,43.13168102855331,2.476852831898038,20599393.549893018,12162379.08519427,96.96257729644296,2023
05111,2021,4,bottom,"Hail,Thunderstorm Wind",17.976039181003102,0.9382429833452395,-2.889367825710939,2,30000.0,10.308985993422082,0.006944444444444444,53.361802,2.6680901,13809895.280135898,9274722.816335838,46.70871107608921,2020
05111,2021,4,mid,"Hail,Thunderstorm Wind",15.8410883791516,0.7931606295900605,-3.5405944429663143,2,30000.0,10.308985993422082,0.006944444444444444,53.361802,2.6680901,13809895.280135898,9274722.816335838,46.70871107608921,2020
05111,2021,4,top,"Hail,Thunderstorm Wind",5.830506971374675,0.3318840831343048,-1.316712963017456,2,30000.0,10.308985993422082,0.006944444444444444,53.361802,2.6680901,13809895.280135898,9274722.816335838,46.70871107608921,2020
05115,2025,6,bottom,"Flash Flood,Thunderstorm Wind",-43.242433536910724,5.155245902037889,-9.241226217620564,5,0.0,0.0,0.0,57.24592674514802,2.5223574316501907,36834168.203074254,35320378.640397534,43.91418454087713,2023
05115,2025,6,mid,"Flash Flood,Thunderstorm Wind",-25.935504911145486,3.154235230134407,-9.167138642570697,5,0.0,0.0,0.0,57.24592674514802,2.5223574316501907,36834168.203074254,35320378.640397534,43.91418454087713,2023
05115,2025,6,top,"Flash Flood,Thunderstorm Wind",-19.75254114132386,2.402816081135557,-8.533383728312188,5,0.0,0.0,0.0,57.24592674514802,2.5223574316501907,36834168.203074254,35320378.640397534,43.91418454087713,2023
05127,2024,11,bottom,Tornado,6.497250226996911,0.537054312263632,3.420921151577744,2,0.0,0.0,0.001388888888888889,4.745495367053848,2.305193637908473,7100815.156620519,5785380.665457825,63.80221909102154,2023
05127,2024,11,mid,Tornado,3.305722452427702,0.3938000052750381,2.6897990688023015,2,0.0,0.0,0.001388888888888889,4.745495367053848,2.305193637908473,7100815.156620519,5785380.665457825,63.80221909102154,2023
05127,2024,11,top,Tornado,-4.332243868562486,0.7387305025166735,3.6486271271615323,2,0.0,0.0,0.001388888888888889,4.745495367053848,2.305193637908473,7100815.156620519,5785380.665457825,63.80221909102154,2023
05127,2025,6,bottom,Thunderstorm Wind,20.520954049724097,2.418226881116925,0.050701820977025136,1,0.0,0.0,0.0,4.176918785577016,2.2774668598039107,8281891.018002675,6931929.123168694,56.26749513200994,2023
05127,2025,6,mid,Thunderstorm Wind,11.412273350735802,1.3933892136116819,1.2465034569852758,1,0.0,0.0,0.0,4.176918785577016,2.2774668598039107,8281891.018002675,6931929.123168694,56.26749513200994,2023
05127,2025,6,top,Thunderstorm Wind,17.94727362220732,1.8287277628484977,2.3391515891875563,1,0.0,0.0,0.0,4.176918785577016,2.2774668598039107,8281891.018002675,6931929.123168694,56.26749513200994,2023
05135,2025,6,bottom,Flash Flood,10.026800677583793,0.8004698547428464,5.498946808014466,4,0.0,0.0,0.0,7.585787689081916,2.3141690438366034,24985405.496977385,14329735.466888694,88.5164610378711,2023
05135,2025,6,mid,Flash Flood,6.336064360910413,0.48967993871582505,6.65918262939816,4,0.0,0.0,0.0,7.585787689081916,2.3141690438366034,24985405.496977385,14329735.466888694,88.5164610378711,2023
05135,2025,6,top,Flash Flood,-3.006461710264091,0.7695840799718463,4.138650108853487,4,0.0,0.0,0.0,7.585787689081916,2.3141690438366034,24985405.496977385,14329735.466888694,88.5164610378711,2023
05141,2024,10,bottom,Thunderstorm Wind,14.956986966525164,1.3740938107504619,5.872028860793638,2,0.0,0.0,0.0,9.960996189392453,2.361748265775879,13458139.29069556,8246039.620182752,85.79337226569247,2023
05141,2024,10,mid,Thunderstorm Wind,6.965011268214951,0.7542582223983169,2.9204203160348214,2,0.0,0.0,0.0,9.960996189392453,2.361748265775879,13458139.29069556,8246039.620182752,85.79337226569247,2023
05141,2024,10,top,Thunderstorm Wind,4.3493565717927964,0.4680399544617206,1.509700797104344,2,0.0,0.0,0.0,9.960996189392453,2.361748265775879,13458139.29069556,8246039.620182752,85.79337226569247,2023
06001,2023,3,bottom,Flood,2.497452911332374,0.14720474744381926,-0.7134895656381085,4,0.0,0.0,0.0,83.4800033569336,2.7298429012298584,1368904673.4287727,1212128361.7253647,51.5,2023
06001,2023,3,mid,Flood,4.43236046533417,0.23470629633029755,-1.3689451299074495,4,0.0,0.0,0.0,83.4800033569336,2.7298429012298584,1368904673.4287727,1212128361.7253647,51.5,2023
06001,2023,3,top,Flood,4.5765299744991665,0.27333588730554326,-1.5422677764957105,4,0.0,0.0,0.0,83.4800033569336,2.7298429012298584,1368904673.4287727,1212128361.7253647,51.5,2023
06003,2020,7,bottom,Hail,13.625854487547258,1.3184543765561234,5.873836661071375,1,0.0,0.0,0.003472222222222222,52.625398,2.6312699,4680571.755754382,3638829.11222,40.6779661017,2020
06003,2020,7,mid,Hail,13.070622849408707,0.974649400167585,3.542814779479452,1,0.0,0.0,0.003472222222222222,52.625398,2.6312699,4680571.755754382,3638829.11222,40.6779661017,2020
06003,2020,7,top,Hail,2.98618398320626,0.741152384816476,2.3921336900945724,1,0.0,0.0,0.003472222222222222,52.625398,2.6312699,4680571.755754382,3638829.11222,40.6779661017,2020
06003,2025,8,bottom,Debris Flow,5.585466576140988,0.8064069522271838,-4.985008995857295,4,0.0,0.0,0.0,52.805278593650606,2.500834534566939,4929969.7737615295,4477491.802614643,44.85076103089844,2023
06003,2025,8,mid,Debris Flow,3.2255696330436336,0.39240448617463286,-2.4680233976603554,4,0.0,0.0,0.0,52.805278593650606,2.500834534566939,4929969.7737615295,4477491.802614643,44.85076103089844,2023
06003,2025,8,top,Debris Flow,5.084862606381279,0.18961423744137798,-4.158676059352089,4,0.0,0.0,0.0,52.805278593650606,2.500834534566939,4929969.7737615295,4477491.802614643,44.85076103089844,2023
06007,2020,11,bottom,"Flash Flood,Tornado",-3.133189668881144,0.6605413968422146,0.4014208330755669,7,80000.0,11.289794413577894,0.5972222222222222,54.3464,2.71732,37693246.20832343,29204939.0344,42.136381553,2020
06007,2020,11,mid,"Flash Flood,Tornado",-5.787645094235941,0.9142112681044512,0.10183914757679229,7,80000.0,11.289794413577894,0.5972222222222222,54.3464,2.71732,37693246.20832343,29204939.0344,42.136381553,2020
06007,2020,11,top,"Flash Flood,Tornado",-7.91350802478334,1.0567755577266404,2.09754950475678,7,80000.0,11.289794413577894,0.5972222222222222,54.3464,2.71732,37693246.20832343,29204939.0344,42.136381553,2020
06009,2025,2,bottom,Flood,5.782181362391654,0.6906991178506586,1.9488012806761457,16,0.0,0.0,5.0,41.17746117690616,2.4832206099131153,54238256.75132306,45838827.53960322,50.18656072269058,2023
06009,2025,2,mid,Flood,3.4805836800013594,0.4796934566985342,0.9489346069097166,16,0.0,0.0,5.0,41.17746117690616,2.4832206099131153,54238256.75132306,45838827.53960322,50.18656072269058,2023
06009,2025,2,top,Flood,0.3694671574135384,0.202933727199379,1.2790421828021958,16,0.0,0.0,5.0,41.17746117690616,2.4832206099131153,54238256.75132306,45838827.53960322,50.18656072269058,2023
06011,2021,10,bottom,Heavy Rain,-3.5577461850230634,0.4449630300539091,2.276740642123561,2,0.0,0.0,0.2888888888888889,53.1604,2.65802,96054115.49936078,68471997.96123326,43.94954670871015,2020
06011,2021,10,mid,Heavy Rain,1.3581802908857128,0.2021271271495754,0.12819888989973074,2,0.0,0.0,0.2888888888888889,53.1604,2.65802,96054115.49936078,68471997.96123326,43.94954670871015,2020
06011,2021,10,top,Heavy Rain,1.6044316279271982,0.2094901899917099,-2.0284669422479595,2,0.0,0.0,0.2888888888888889,53.1604,2.65802,96054115.49936078,68471997.96123326,43.94954670871015,2020
06015,2021,10,bottom,Heavy Rain,-2.2170391814712787,1.587619517079991,-9.260196803976825,1,0.0,0.0,0.0,52.080202,2.6040101,8956586.27991611,6546018.891865603,42.1363815530141,2020
06015,2021,10,mid,Heavy Rain,-1.6867623056766519,0.6319486795771928,-6.118211786862825,1,0.0,0.0,0.0,52.080202,2.6040101,8956586.27991611,6546018.891865603,42.1363815530141,2020
06015,2021,10,top,Heavy Rain,-2.714497039020742,0.3765121787354115,-4.218977479258764,1,0.0,0.0,0.0,52.080202,2.6040101,8956586.27991611,6546018.891865603,42.1363815530141,2020
06015,2022,11,bottom,Hail,3.8195521576329554,1.9740837916322862,9.187668208412768,1,5000.0,8.517393171418904,0.0,31.282550786102295,2.5221669661087036,21910525.895206947,15507850.661753256,81.49909744819038,2021
06015,2022,11,mid,Hail,6.045075745263972,1.7516482584908208,3.480465738360943,1,5000.0,8.517393171418904,0.0,31.282550786102295,2.5221669661087036,21910525.895206947,15507850.661753256,81.49909744819038,2021
06015,2022,11,top,Hail,10.614338191690976,1.9126659965465194,1.5699449960302587,1,5000.0,8.517393171418904,0.0,31.282550786102295,2.5221669661087036,21910525.895206947,15507850.661753256,81.49909744819038,2021
06015,2024,1,bottom,Flood,-8.5235548322446,0.6489446520606259,-0.6582874708263992,12,0.0,0.0,3.3333333333333335,24.18071196299675,2.46293434072728,69255688.41698198,56032938.23575997,82.18792542337536,2023
06015,2024,1,mid,Flood,-1.8977495126978141,0.11525843602676383,-0.8022628004097356,12,0.0,0.0,3.3333333333333335,24.18071196299675,2.46293434072728,69255688.41698198,56032938.23575997,82.18792542337536,2023
06015,2024,1,top,Flood,-0.9419297998773715,0.09603657422513821,-0.7590396018439804,12,0.0,0.0,3.3333333333333335,24.18071196299675,2.46293434072728,69255688.41698198,56032938.23575997,82.18792542337536,2023
06017,2020,4,bottom,Flood,-10.346516029919357,0.3441510045306556,5.006398431122681,4,0.0,0.0,0.08333333333333333,54.0804,2.70402,16241287.42770952,19682015.1096,26.6850610958,2020
06017,2020,4,mid,Flood,-8.34356062631835,0.3831590360101513,5.163019712737726,4,0.0,0.0,0.08333333333333333,54.0804,2.70402,16241287.42770952,19682015.1096,26.6850610958,2020
06017,2020,4,top,Flood,-9.677904801140201,0.4823180472064613,2.499717732670883,4,0.0,0.0,0.08333333333333333,54.0804,2.70402,16241287.42770952,19682015.1096,26.6850610958,2020
06021,2024,2,bottom,Flood,-3.262696737393256,0.310552021813315,0.23013596403760062,4,1580000.0,14.272936037914342,8.0,19.9760473961543,2.4415955187588705,74178076.32555017,62114533.45136145,63.94609051701823,2023
06021,2024,2,mid,Flood,-1.676320800247609,0.13726073552505766,1.306459652516054,4,1580000.0,14.272936037914342,8.0,19.9760473961543,2.4415955187588705,74178076.32555017,62114533.45136145,63.94609051701823,2023
06021,2024,2,top,Flood,-3.462908906158262,0.2899251162539628,2.617378216001839,4,1580000.0,14.272936037914342,8.0,19.9760473961543,2.4415955187588705,74178076.32555017,62114533.45136145,63.94609051701823,2023
06025,2024,8,bottom,Flash Flood,2.961855505033043,0.9811754398307462,-2.809241881523448,10,40000.0,10.596659732783579,0.8333333333333334,2.7725499729871546,2.2815709644478575,235838607.53228474,141749018.27767524,92.08628068671402,2023
06025,2024,8,mid,Flash Flood,2.8485600000278453,0.8140257312457576,-1.432776335930934,10,40000.0,10.596659732783579,0.8333333333333334,2.7725499729871546,2.2815709644478575,235838607.53228474,141749018.27767524,92.08628068671402,2023
06025,2024,8,top,Flash Flood,2.943133127022463,0.49019865023893033,-1.107194252730783,10,40000.0,10.596659732783579,0.8333333333333334,2.7725499729871546,2.2815709644478575,235838607.53228474,141749018.27767524,92.08628068671402,2023
06031,2021,10,bottom,Funnel Cloud,-6.935084142100237,0.642142700927775,0.7674102426799484,1,0.0,0.0,0.006944444444444444,51.437402,2.5718701,33762757.83766426,27755002.66064058,38.15530153724466,2020
06031,2021,10,mid,Funnel Cloud,-6.720253121225539,1.053642308650245,-1.5158680638573163,1,0.0,0.0,0.006944444444444444,51.437402,2.5718701,33762757.83766426,27755002.66064058,38.15530153724466,2020
06031,2021,10,top,Funnel Cloud,-10.662742964741966,1.3193098486954598,-0.3177382697858017,1,0.0,0.0,0.006944444444444444,51.437402,2.5718701,33762757.83766426,27755002.66064058,38.15530153724466,2020
06031,2023,12,bottom,Flood,9.78054520142932,0.7033849991826603,0.7313556625140526,8,0.0,0.0,1.0,14.286926078928749,2.41372933114027,71054397.70230828,50082820.4848607,86.70563231301136,2023
06031,2023,12,mid,Flood,8.47760464796798,0.42944660136643864,1.331052355897441,8,0.0,0.0,1.0,14.286926078928749,2.41372933114027,71054397.70230828,50082820.4848607,86.70563231301136,2023
06031,2023,12,top,Flood,7.2647500921654995,0.39171093810703994,2.9531462232293584,8,0.0,0.0,1.0,14.286926078928749,2.41372933114027,71054397.70230828,50082820.4848607,86.70563231301136,2023
06033,2024,2,bottom,"Flood,Lightning",-1.6535021636145615,0.0623145086123619,6.63988368252662,15,5000.0,8.517393171418904,7.25,26.82642932985676,2.4703326492784017,82737868.57976882,59103407.084290504,83.20356234,2023
06033,2024,2,mid,"Flood,Lightning",-1.489263844303352,0.06607137518169788,4.2507992418434855,15,5000.0,8.517393171418904,7.25,26.82642932985676,2.4703326492784017,82737868.57976882,59103407.084290504,83.20356234,2023
06033,2024,2,top,"Flood,Lightning",-3.678579454216049,0.2163338725080971,4.19034231021179,15,5000.0,8.517393171418904,7.25,26.82642932985676,2.4703326492784017,82737868.57976882,59103407.084290504,83.20356234,2023
06035,2020,11,bottom,Heavy Rain,-10.644861577026745,0.8131001957627374,-2.2613344161317266,1,0.0,0.0,0.4166666666666667,51.487002,2.5743501,2303951.9261597083,3931512.50233,9.77532518723,2020
06035,2020,11,mid,Heavy Rain,-11.333353094338278,0.9831884599553985,-1.732510143882673,1,0.0,0.0,0.4166666666666667,51.487002,2.5743501,2303951.9261597083,3931512.50233,9.77532518723,2020
06035,2020,11,top,Heavy Rain,-13.074684550070046,1.0494286564077777,-0.8026119022310354,1,0.0,0.0,0.4166666666666667,51.487002,2.5743501,2303951.9261597083,3931512.50233,9.77532518723,2020
06035,2022,7,bottom,Hail,2.2918579228832954,1.1361946209906413,3.0358906998182533,1,0.0,0.0,0.0,52.28850107629394,2.5918894912994386,10375728.719925486,11136711.58029984,36.652661983262945,2021
06035,2022,7,mid,Hail,4.294096426991658,1.0509205183064907,3.040772199188107,1,0.0,0.0,0.0,52.28850107629394,2.5918894912994386,10375728.719925486,11136711.58029984,36.652661983262945,2021
06035,2022,7,top,Hail,7.704627996599328,0.9539133800567738,1.6016848248967932,1,0.0,0.0,0.0,52.28850107629394,2.5918894912994386,10375728.719925486,11136711.58029984,36.652661983262945,2021
06035,2023,9,bottom,Heavy Rain,-17.071086679427694,1.1872452122715937,6.1442515201771455,4,0.0,0.0,4.0,53.71948427936696,2.5895380417627174,18971406.567771822,15960388.065281494,64.57450975760653,2023
06035,2023,9,mid,Heavy Rain,-7.1935612282753425,0.5064099224705135,3.6463325007954146,4,0.0,0.0,4.0,53.71948427936696,2.5895380417627174,18971406.567771822,15960388.065281494,64.57450975760653,2023
06035,2023,9,top,Heavy Rain,-6.484373045189841,0.4370960790648781,6.2506398379353385,4,0.0,0.0,4.0,53.71948427936696,2.5895380417627174,18971406.567771822,15960388.065281494,64.57450975760653,2023
06037,2020,8,bottom,"Flash Flood,Thunderstorm Wind",10.382195421336817,0.6185541693765497,0.21383540353912167,9,0.0,0.0,0.5729166666666666,51.8922,2.59461,2067970678.15115,1406613867.34,44.8955459204,2020
06037,2020,8,mid,"Flash Flood,Thunderstorm Wind",9.453788629752594,0.5678064560934898,0.4420495730563516,9,0.0,0.0,0.5729166666666666,51.8922,2.59461,2067970678.15115,1406613867.34,44.8955459204,2020
06037,2020,8,top,"Flash Flood,Thunderstorm Wind",10.2212815711284,0.6649647114754854,1.5600352889763893,9,0.0,0.0,0.5729166666666666,51.8922,2.59461,2067970678.15115,1406613867.34,44.8955459204,2020
06041,2021,12,bottom,Flood,19.140187269897382,1.9799937045337963,3.54795640347128,4,0.0,0.0,0.05555555555555555,56.63918759536744,2.711882437324524,52216285.94050353,77794420.44432409,16.89069076697095,2021
06041,2021,12,mid,Flood,23.564988641299962,2.352108614290622,2.9838795312334505,4,0.0,0.0,0.05555555555555555,56.63918759536744,2.711882437324524,52216285.94050353,77794420.44432409,16.89069076697095,2021
06041,2021,12,top,Flood,9.369069226776361,1.0174028976765221,2.213291210203304,4,0.0,0.0,0.05555555555555555,56.63918759536744,2.711882437324524,52216285.94050353,77794420.44432409,16.89069076697095,2021
06043,2024,7,bottom,"Hail,Thunderstorm Wind",-7.235193427576249,1.438868654812763,-3.2983183372621787,2,0.0,0.0,0.041666666666666664,23.200815555685164,2.440354205714067,41136247.33758426,26076552.06397136,87.83429716848485,2023
06043,2024,7,mid,"Hail,Thunderstorm Wind",-10.650888204979182,1.4165047432354905,-2.6429254639162374,2,0.0,0.0,0.041666666666666664,23.200815555685164,2.440354205714067,41136247.33758426,26076552.06397136,87.83429716848485,2023
06043,2024,7,top,"Hail,Thunderstorm Wind",-9.633389061259308,1.3818530316755389,-1.1604830868355027,2,0.0,0.0,0.041666666666666664,23.200815555685164,2.440354205714067,41136247.33758426,26076552.06397136,87.83429716848485,2023
06047,2020,4,bottom,Flood,1.0363215330576594,0.09747832953184735,-0.6070539546571277,4,0.0,0.0,0.3333333333333333,51.357398,2.5678699,47243329.95738498,29970618.9404,47.7729601892,2020
06047,2020,4,mid,Flood,1.2548532928689724,0.16025016651764945,0.4284338038090141,4,0.0,0.0,0.3333333333333333,51.357398,2.5678699,47243329.95738498,29970618.9404,47.7729601892,2020
06047,2020,4,top,Flood,-0.5037528584161493,0.08362899670359256,1.3623126438400277,4,0.0,0.0,0.3333333333333333,51.357398,2.5678699,47243329.95738498,29970618.9404,47.7729601892,2020
06047,2021,12,bottom,Heavy Rain,10.338412817604564,1.4217969586580301,-0.4542843609048551,1,0.0,0.0,1.4854166666666666,49.114435641689305,2.560533775325775,77400270.12693213,49172663.25430427,50.848400387183204,2021
06047,2021,12,mid,Heavy Rain,-3.0449201460382085,0.5910657877711101,-1.3284595464279125,1,0.0,0.0,1.4854166666666666,49.114435641689305,2.560533775325775,77400270.12693213,49172663.25430427,50.848400387183204,2021
06047,2021,12,top,Heavy Rain,-6.473803792164375,0.5782384384734472,-0.21116077772523548,1,0.0,0.0,1.4854166666666666,49.114435641689305,2.560533775325775,77400270.12693213,49172663.25430427,50.848400387183204,2021
06049,2021,10,bottom,Heavy Rain,11.759079279089946,1.3651191641712315,4.054361183813469,1,0.0,0.0,3.0,49.850202,2.4925101,34804701.730986856,21183946.046360705,49.07370910523888,2020
06049,2021,10,mid,Heavy Rain,4.413729548855329,0.5495254935098673,4.8666098473134936,1,0.0,0.0,3.0,49.850202,2.4925101,34804701.730986856,21183946.046360705,49.07370910523888,2020
06049,2021,10,top,Heavy Rain,0.8639581951294986,0.48306029584527366,7.162745273212219,1,0.0,0.0,3.0,49.850202,2.4925101,34804701.730986856,21183946.046360705,49.07370910523888,2020
06049,2025,3,bottom,Heavy Rain,2.019557592156559,0.3662188326712876,1.1667889980975918,1,0.0,0.0,1.0,21.68315513305523,2.4090550546944915,15165170.781195637,11412495.55103623,69.6414184161488,2023
06049,2025,3,mid,Heavy Rain,9.704740865666608,0.6785924809588533,-4.005288854546261,1,0.0,0.0,1.0,21.68315513305523,2.4090550546944915,15165170.781195637,11412495.55103623,69.6414184161488,2023
06049,2025,3,top,Heavy Rain,-2.1430162172267586,0.35931251194338226,-2.505662688964307,1,0.0,0.0,1.0,21.68315513305523,2.4090550546944915,15165170.781195637,11412495.55103623,69.6414184161488,2023
06051,2022,7,bottom,Flash Flood,3.7685955313181125,0.16184460159843642,-5.919786440807073,4,0.0,0.0,0.0,59.90000237329102,2.6487105078018187,7894904.034050448,7029794.253561006,37.965610728942366,2021
06051,2022,7,mid,Flash Flood,-1.4872608816667423,0.17791297884948248,-6.158417864649944,4,0.0,0.0,0.0,59.90000237329102,2.6487105078018187,7894904.034050448,7029794.253561006,37.965610728942366,2021
06051,2022,7,top,Flash Flood,-3.139723598212825,0.2652653219751473,-5.903026914778981,4,0.0,0.0,0.0,59.90000237329102,2.6487105078018187,7894904.034050448,7029794.253561006,37.965610728942366,2021
06053,2021,12,bottom,"Flood,Lightning",6.369479162141218,0.9524192754295804,1.7141668990734473,5,1000.0,6.90875477931522,0.20833333333333334,50.01531435115814,2.5675079112567905,95829644.84851544,64656344.37585735,47.88816761923532,2021
06053,2021,12,mid,"Flood,Lightning",1.4629870017315199,0.34314653218209545,1.4167433854976963,5,1000.0,6.90875477931522,0.20833333333333334,50.01531435115814,2.5675079112567905,95829644.84851544,64656344.37585735,47.88816761923532,2021
06053,2021,12,top,"Flood,Lightning",5.555908885179392,0.7812609079491059,0.400641008672262,5,1000.0,6.90875477931522,0.20833333333333334,50.01531435115814,2.5675079112567905,95829644.84851544,64656344.37585735,47.88816761923532,2021
06053,2024,12,bottom,"Flood,Thunderstorm Wind",-4.168205218161333,0.33764111747207737,0.47488691281120526,10,0.0,0.0,0.013888888888888888,26.195535369032985,2.4362446679485976,401409725.2730459,325882267.4100028,65.62202174545455,2023
06053,2024,12,mid,"Flood,Thunderstorm Wind",-4.517493529993217,0.524526812909382,0.2225668788640481,10,0.0,0.0,0.013888888888888888,26.195535369032985,2.4362446679485976,401409725.2730459,325882267.4100028,65.62202174545455,2023
06053,2024,12,top,"Flood,Thunderstorm Wind",-3.374871520707515,0.346045758370157,0.9163918523358822,10,0.0,0.0,0.013888888888888888,26.195535369032985,2.4362446679485976,401409725.2730459,325882267.4100028,65.62202174545455,2023
06059,2025,2,bottom,"Flood,Heavy Rain",6.6772732596208755,0.24219587669643752,-1.8834655188143234,31,0.0,0.0,0.0,16.051098646842963,2.3859977233041474,1647958002.6730223,1642469703.079245,34.41323898650686,2023
06059,2025,2,mid,"Flood,Heavy Rain",6.76192232295746,0.2512033201465369,-2.4513077265603065,31,0.0,0.0,0.0,16.051098646842963,2.3859977233041474,1647958002.6730223,1642469703.079245,34.41323898650686,2023
06059,2025,2,top,"Flood,Heavy Rain",6.990025152642048,0.2378205418176316,-2.51491323992614,31,0.0,0.0,0.0,16.051098646842963,2.3859977233041474,1647958002.6730223,1642469703.079245,34.41323898650686,2023
06061,2021,10,bottom,Heavy Rain,1.5485947180319926,0.4410733865518824,-0.4210867324907876,3,0.0,0.0,1.3090277777777777,54.450998000000006,2.7225499,21654699.837598395,26988697.268965345,25.89672841939357,2020
06061,2021,10,mid,Heavy Rain,4.513958540436263,0.3685474083409406,-0.6586529045927136,3,0.0,0.0,1.3090277777777777,54.450998000000006,2.7225499,21654699.837598395,26988697.268965345,25.89672841939357,2020
06061,2021,10,top,Heavy Rain,3.4465465636902906,0.25620825879948284,-0.7277956055934709,3,0.0,0.0,1.3090277777777777,54.450998000000006,2.7225499,21654699.837598395,26988697.268965345,25.89672841939357,2020
06075,2021,3,bottom,Hail,-25.06726275455314,1.3859294459972995,12.324148309837904,1,0.0,0.0,0.010416666666666666,50.790802,2.5395401,168938487.45775345,173593784.67324266,30.469057942483907,2020
06075,2021,3,mid,Hail,-25.078038776116273,1.428423004411832,11.589561674573673,1,0.0,0.0,0.010416666666666666,50.790802,2.5395401,168938487.45775345,173593784.67324266,30.469057942483907,2020
06075,2021,3,top,Hail,-33.33990952188405,2.1724281232028932,11.770381103543201,1,0.0,0.0,0.010416666666666666,50.790802,2.5395401,168938487.45775345,173593784.67324266,30.469057942483907,2020
06077,2020,5,bottom,Flood,-2.810997371175702,0.3387187121729958,-1.0992809086060664,4,0.0,0.0,0.3333333333333333,54.397802,2.7198901,83285461.38704798,65085723.3432,41.8998817501,2020
06077,2020,5,mid,Flood,-3.503808789024987,0.34232696444892435,-0.22029668626887164,4,0.0,0.0,0.3333333333333333,54.397802,2.7198901,83285461.38704798,65085723.3432,41.8998817501,2020
06077,2020,5,top,Flood,-4.215358585857572,0.34216001248697964,0.8839940707095669,4,0.0,0.0,0.3333333333333333,54.397802,2.7198901,83285461.38704798,65085723.3432,41.8998817501,2020
06079,2021,1,bottom,Flash Flood,-10.027184083153372,0.8421834862941523,1.202748375540608,12,0.0,0.0,1.0611111111111111,56.986598,2.8493299,23570570.209601067,26899941.863760367,30.271974773392394,2020
06079,2021,1,mid,Flash Flood,-8.765419839072223,1.151118118382188,0.5322870611499155,12,0.0,0.0,1.0611111111111111,56.986598,2.8493299,23570570.209601067,26899941.863760367,30.271974773392394,2020
06079,2021,1,top,Flash Flood,-17.00889246017205,2.1715825189716984,2.0487781583634423,12,0.0,0.0,1.0611111111111111,56.986598,2.8493299,23570570.209601067,26899941.863760367,30.271974773392394,2020
06081,2021,12,bottom,Flood,7.516983745969483,0.7817010565967014,2.6629450663923913,8,0.0,0.0,0.3333333333333333,56.535373220367426,2.7060038392505645,147678997.4688939,194076179.9747804,21.97295176071307,2021
06081,2021,12,mid,Flood,7.559877779676839,0.7490765015252604,1.896683124207082,8,0.0,0.0,0.3333333333333333,56.535373220367426,2.7060038392505645,147678997.4688939,194076179.9747804,21.97295176071307,2021
06081,2021,12,top,Flood,13.447569582065114,1.2348634319284992,0.927271305164164,8,0.0,0.0,0.3333333333333333,56.535373220367426,2.7060038392505645,147678997.4688939,194076179.9747804,21.97295176071307,2021
06083,2021,10,bottom,Thunderstorm Wind,-0.7677911968385445,0.10564821940174643,0.010716689035580393,1,0.0,0.0,0.0,55.0486,2.75243,324311340.17892545,279853000.785261,39.18013401655874,2020
06083,2021,10,mid,Thunderstorm Wind,9.28010129329948,1.0806533455381087,-2.761980640883943,1,0.0,0.0,0.0,55.0486,2.75243,324311340.17892545,279853000.785261,39.18013401655874,2020
06083,2021,10,top,Thunderstorm Wind,18.222814586358908,1.799115110804898,-4.779760222015128,1,0.0,0.0,0.0,55.0486,2.75243,324311340.17892545,279853000.785261,39.18013401655874,2020
06083,2024,9,bottom,Flash Flood,-2.100388103713044,0.28376174645663715,-0.6137964041889935,4,0.0,0.0,0.7972222222222222,55.009819708459496,2.5475625773218105,525654859.5813703,433560133.13090813,70.87730714802201,2023
06083,2024,9,mid,Flash Flood,-1.3631939415185883,0.24884627247179597,-0.6999480857705862,4,0.0,0.0,0.7972222222222222,55.009819708459496,2.5475625773218105,525654859.5813703,433560133.13090813,70.87730714802201,2023
06083,2024,9,top,Flash Flood,-3.8426825036362544,0.5184636241408933,-0.837677961917772,4,0.0,0.0,0.7972222222222222,55.009819708459496,2.5475625773218105,525654859.5813703,433560133.13090813,70.87730714802201,2023
06085,2024,12,bottom,Flood,-9.148587984010234,1.33760899913986,-3.4167929770391225,4,0.0,0.0,0.0,71.27832149847112,2.594553238592241,1564902088.7995322,1693962187.781501,24.475845255326703,2023
06085,2024,12,mid,Flood,-4.9449041120011685,1.2656302412164053,-5.523967754061076,4,0.0,0.0,0.0,71.27832149847112,2.594553238592241,1564902088.7995322,1693962187.781501,24.475845255326703,2023
06085,2024,12,top,Flood,-2.725211242362988,1.0604102782073421,-7.355220786156868,4,0.0,0.0,0.0,71.27832149847112,2.594553238592241,1564902088.7995322,1693962187.781501,24.475845255326703,2023
06087,2021,12,bottom,Debris Flow,8.339748277647232,1.2550055181734545,2.4241374242189315,5,0.0,0.0,0.20833333333333334,55.8479979724121,2.734787974210739,76047776.53758334,83553920.82542695,30.84958682625981,2021
06087,2021,12,mid,Debris Flow,9.849193485063736,1.3542996377236298,1.541048647562988,5,0.0,0.0,0.20833333333333334,55.8479979724121,2.734787974210739,76047776.53758334,83553920.82542695,30.84958682625981,2021
06087,2021,12,top,Debris Flow,7.71740034452958,1.3289283708430661,1.1522468479624972,5,0.0,0.0,0.20833333333333334,55.8479979724121,2.734787974210739,76047776.53758334,83553920.82542695,30.84958682625981,2021
06087,2024,12,bottom,"Flood,Tornado",-3.68435329873806,0.32113057870907374,0.6893164853636146,10,20.0,3.044522437723423,0.006944444444444444,71.42107706733967,2.5956269197715733,275782282.83217824,274647565.74874914,40.19606269714489,2023
06087,2024,12,mid,"Flood,Tornado",-2.7379074141514224,0.30230661696896705,1.1109256476667753,10,20.0,3.044522437723423,0.006944444444444444,71.42107706733967,2.5956269197715733,275782282.83217824,274647565.74874914,40.19606269714489,2023
06087,2024,12,top,"Flood,Tornado",-2.3506520698377926,0.20442821977516934,0.7818009449695845,10,20.0,3.044522437723423,0.006944444444444444,71.42107706733967,2.5956269197715733,275782282.83217824,274647565.74874914,40.19606269714489,2023
06091,2020,7,bottom,Lightning,18.178131774005635,1.7483849241681257,1.243441500406026,1,0.0,0.0,0.006944444444444444,52.860798,2.6430399,2087382.3649992065,1386411.31615,46.6692944423,2020
06091,2020,7,mid,Lightning,7.466811286438784,0.44942225007374315,-0.4987204347466303,1,0.0,0.0,0.006944444444444444,52.860798,2.6430399,2087382.3649992065,1386411.31615,46.6692944423,2020
06091,2020,7,top,Lightning,6.959769509160026,0.5580414714717725,-0.212313466091364,1,0.0,0.0,0.006944444444444444,52.860798,2.6430399,2087382.3649992065,1386411.31615,46.6692944423,2020
06093,2022,8,bottom,Flash Flood,-3.27393682449825,0.2560947511631129,0.6198180505923006,14,0.0,0.0,2.694444444444444,44.97418647003174,2.5578447485923768,39078965.02801543,26900509.852449466,63.353575044135006,2021
06093,2022,8,mid,Flash Flood,0.2881120175684089,0.11007723336690549,-0.5914242122961278,14,0.0,0.0,2.694444444444444,44.97418647003174,2.5578447485923768,39078965.02801543,26900509.852449466,63.353575044135006,2021
06093,2022,8,top,Flash Flood,1.3447895632258167,0.09472061562599492,-0.5932269805320894,14,0.0,0.0,2.694444444444444,44.97418647003174,2.5578447485923768,39078965.02801543,26900509.852449466,63.353575044135006,2021
06093,2024,7,bottom,Thunderstorm Wind,-6.89480157930025,0.4023505175165063,0.588517775728216,1,0.0,0.0,0.006944444444444444,42.40695179017069,2.510585359195712,63981066.38282878,45240147.3149359,77.07151729188092,2023
06093,2024,7,mid,Thunderstorm Wind,-6.271654360267846,0.7913398477801755,0.23171702453116438,1,0.0,0.0,0.006944444444444444,42.40695179017069,2.510585359195712,63981066.38282878,45240147.3149359,77.07151729188092,2023
06093,2024,7,top,Thunderstorm Wind,-6.539576193885253,0.6641738770531075,-0.06562272129173152,1,0.0,0.0,0.006944444444444444,42.40695179017069,2.510585359195712,63981066.38282878,45240147.3149359,77.07151729188092,2023
06099,2021,1,bottom,Heavy Rain,-4.033914000864613,0.6690981320454964,-0.5768541651510853,2,200000.0,12.206077645517674,0.75,53.958602,2.6979301,53423100.3618366,40089243.074017406,42.84588096179431,2020
06099,2021,1,mid,Heavy Rain,-6.194606576313603,0.9203477778502015,-0.4467368899888176,2,200000.0,12.206077645517674,0.75,53.958602,2.6979301,53423100.3618366,40089243.074017406,42.84588096179431,2020
06099,2021,1,top,Heavy Rain,-14.152070815370521,1.888164102978302,0.44013221352546356,2,200000.0,12.206077645517674,0.75,53.958602,2.6979301,53423100.3618366,40089243.074017406,42.84588096179431,2020
06099,2025,4,bottom,Tornado,10.594437875799215,0.7692088877134748,0.07988488930155313,2,40000.0,10.596659732783579,0.002777777777777778,36.50322126932267,2.461193433103989,229058108.33947,220725626.05696237,44.86580542743845,2023
06099,2025,4,mid,Tornado,9.102087534980924,0.5547088039094311,0.42812213111636294,2,40000.0,10.596659732783579,0.002777777777777778,36.50322126932267,2.461193433103989,229058108.33947,220725626.05696237,44.86580542743845,2023
06099,2025,4,top,Tornado,7.804151797375752,0.6438118604305372,0.3560184653571194,2,40000.0,10.596659732783579,0.002777777777777778,36.50322126932267,2.461193433103989,229058108.33947,220725626.05696237,44.86580542743845,2023
06101,2024,2,bottom,Flood,6.164057793404581,0.32411841938276986,0.4453662497070023,4,0.0,0.0,8.0,49.64222293429905,2.5578234499927572,102065700.07405102,76815615.28559186,76.54397109427083,2023
06101,2024,2,mid,Flood,4.525397609626069,0.2603564369416551,0.06957048034751286,4,0.0,0.0,8.0,49.64222293429905,2.5578234499927572,102065700.07405102,76815615.28559186,76.54397109427083,2023
06101,2024,2,top,Flood,3.494281279903575,0.135609748376033,-0.6555009190446223,4,0.0,0.0,8.0,49.64222293429905,2.5578234499927572,102065700.07405102,76815615.28559186,76.54397109427083,2023
06103,2020,5,bottom,Lightning,0.6307855192747525,0.6032476714696463,-3.9797085837681627,1,5000.0,8.517393171418904,0.0625,52.483202,2.6241601,13385152.751763722,9987742.33554,41.8604651163,2020
06103,2020,5,mid,Lightning,2.7307079205642566,0.2394479092987888,-2.456541141654133,1,5000.0,8.517393171418904,0.0625,52.483202,2.6241601,13385152.751763722,9987742.33554,41.8604651163,2020
06103,2020,5,top,Lightning,3.1680531327286303,0.41627837394764977,-0.452941269441979,1,5000.0,8.517393171418904,0.0625,52.483202,2.6241601,13385152.751763722,9987742.33554,41.8604651163,2020
06103,2024,2,bottom,Flood,12.005745631856016,0.7120273752458613,-4.510318554532698,14,0.0,0.0,4.916666666666667,31.970026360819965,2.4905324602562664,71593794.43598656,52413443.79865813,79.55540471438803,2023
06103,2024,2,mid,Flood,10.057843485745295,0.3014512504506306,-6.135233184830611,14,0.0,0.0,4.916666666666667,31.970026360819965,2.4905324602562664,71593794.43598656,52413443.79865813,79.55540471438803,2023
06103,2024,2,top,Flood,15.601845356723103,0.8113211929959803,-6.301419343614232,14,0.0,0.0,4.916666666666667,31.970026360819965,2.4905324602562664,71593794.43598656,52413443.79865813,79.55540471438803,2023
06105,2020,7,bottom,Hail,-4.024162068984353,0.4524003293401981,-4.003136196670856,1,0.0,0.0,0.0,50.0076,2.50038,11418073.861440454,7620120.56791,43.9495467087,2020
06105,2020,7,mid,Hail,-3.827747148639048,0.4988459796369867,-4.247819145955963,1,0.0,0.0,0.0,50.0076,2.50038,11418073.861440454,7620120.56791,43.9495467087,2020
06105,2020,7,top,Hail,7.148432562153985,0.38378059376820167,-3.6078630825909337,1,0.0,0.0,0.0,50.0076,2.50038,11418073.861440454,7620120.56791,43.9495467087,2020
06107,2020,4,bottom,Flood,-0.8195646961270739,0.15738864715542825,2.2479108864282105,4,0.0,0.0,0.3333333333333333,51.305398,2.5652699,27997309.23156099,16914555.8964,51.2810405991,2020
06107,2020,4,mid,Flood,-1.4349666274094517,0.22077021465378904,1.4084426594441293,4,0.0,0.0,0.3333333333333333,51.305398,2.5652699,27997309.23156099,16914555.8964,51.2810405991,2020
06107,2020,4,top,Flood,1.1938009517200356,0.3953252361279282,0.014841721559747612,4,0.0,0.0,0.3333333333333333,51.305398,2.5652699,27997309.23156099,16914555.8964,51.2810405991,2020
06115,2020,5,bottom,Hail,1.1628884776969102,0.190615798938076,-0.8869527624975243,1,0.0,0.0,0.001388888888888889,54.3474,2.71737,11751647.53779799,9828168.00112,39.8108001577,2020
06115,2020,5,mid,Hail,1.424416428949911,0.3308591580176817,-0.48934130265860176,1,0.0,0.0,0.001388888888888889,54.3474,2.71737,11751647.53779799,9828168.00112,39.8108001577,2020
06115,2020,5,top,Hail,-0.47384551462091906,0.12553923272456166,2.2823117943132587,1,0.0,0.0,0.001388888888888889,54.3474,2.71737,11751647.53779799,9828168.00112,39.8108001577,2020
06115,2023,1,bottom,"Flood,Heavy Rain,Thunderstorm Wind",-10.176284579215888,0.3869435963586778,0.3473185123386126,6,1000.0,6.90875477931522,0.5222222222222223,53.49217406539917,2.6236101645374297,39685725.72928949,31528078.917899057,85.01260108782355,2021
06115,2023,1,mid,"Flood,Heavy Rain,Thunderstorm Wind",-1.4204772582101697,0.43754240784219006,0.4824371786670933,6,1000.0,6.90875477931522,0.5222222222222223,53.49217406539917,2.6236101645374297,39685725.72928949,31528078.917899057,85.01260108782355,2021
06115,2023,1,top,"Flood,Heavy Rain,Thunderstorm Wind",4.49399595330479,0.8076814447345422,-2.3460326566232745,6,1000.0,6.90875477931522,0.5222222222222223,53.49217406539917,2.6236101645374297,39685725.72928949,31528078.917899057,85.01260108782355,2021
08001,2025,7,bottom,Thunderstorm Wind,-7.3067482822463745,0.5561807401670503,1.2173505992866893,2,1000.0,6.90875477931522,0.0020833333333333333,48.86539412460309,2.492315013855831,101410930.0111571,121461503.72868215,20.781641203849432,2023
08001,2025,7,mid,Thunderstorm Wind,-5.8535361810379385,0.5157320168052878,0.7698366709836885,2,1000.0,6.90875477931522,0.0020833333333333333,48.86539412460309,2.492315013855831,101410930.0111571,121461503.72868215,20.781641203849432,2023
08001,2025,7,top,Thunderstorm Wind,-3.818376295913339,0.4488764700500404,1.3800513264271406,2,1000.0,6.90875477931522,0.0020833333333333333,48.86539412460309,2.492315013855831,101410930.0111571,121461503.72868215,20.781641203849432,2023
08007,2020,5,bottom,Thunderstorm Wind,0.4598973822614454,1.1413770835140038,-0.33088118951461826,1,0.0,0.0,0.006944444444444444,50.0598,2.50299,1202312.228930818,962523.340501,37.7611351991,2020
08007,2020,5,mid,Thunderstorm Wind,0.9924547675121858,0.41179412099827933,-0.7588239360187478,1,0.0,0.0,0.006944444444444444,50.0598,2.50299,1202312.228930818,962523.340501,37.7611351991,2020
08007,2020,5,top,Thunderstorm Wind,-1.129503321748416,0.30203633910932126,-1.4370472681270456,1,0.0,0.0,0.006944444444444444,50.0598,2.50299,1202312.228930818,962523.340501,37.7611351991,2020
08007,2023,4,bottom,Flood,2.4587224022496628,0.7145118810121333,3.772020233667623,8,30000.0,10.308985993422082,8.5,29.99253890982975,2.514038617902107,2388673.2969085304,2055152.7992636373,29.73478045155303,2023
08007,2023,4,mid,Flood,-0.9945587177407731,0.2156932681295675,5.145192688504551,8,30000.0,10.308985993422082,8.5,29.99253890982975,2.514038617902107,2388673.2969085304,2055152.7992636373,29.73478045155303,2023
08007,2023,4,top,Flood,-2.3290599458735244,0.1698365559672144,4.168457274117017,8,30000.0,10.308985993422082,8.5,29.99253890982975,2.514038617902107,2388673.2969085304,2055152.7992636373,29.73478045155303,2023
08007,2024,7,bottom,Debris Flow,3.3940655141015412,0.7688357156791895,0.7432059490627362,5,0.0,0.0,0.20833333333333334,26.280625990503545,2.4528171299792443,6664186.364592001,4974418.993870636,50.35647806957505,2023
08007,2024,7,mid,Debris Flow,11.825261157622123,1.1597280839254809,-1.2284102624849755,5,0.0,0.0,0.20833333333333334,26.280625990503545,2.4528171299792443,6664186.364592001,4974418.993870636,50.35647806957505,2023
08007,2024,7,top,Debris Flow,8.440248631720692,0.719419006412952,-1.4470159248612002,5,0.0,0.0,0.20833333333333334,26.280625990503545,2.4528171299792443,6664186.364592001,4974418.993870636,50.35647806957505,2023
08013,2025,7,bottom,Hail,1.5810729955930327,0.2845760841649521,3.1006770611346233,4,0.0,0.0,0.009027777777777779,88.15904496859379,2.6384510778350534,86709139.89666206,113137971.14284277,12.873621830748402,2023
08013,2025,7,mid,Hail,-0.16813127396852678,0.29765635906528926,3.0031381353412314,4,0.0,0.0,0.009027777777777779,88.15904496859379,2.6384510778350534,86709139.89666206,113137971.14284277,12.873621830748402,2023
08013,2025,7,top,Hail,1.0100851986738917,0.5512333407280001,2.6611410392921377,4,0.0,0.0,0.009027777777777779,88.15904496859379,2.6384510778350534,86709139.89666206,113137971.14284277,12.873621830748402,2023
08015,2020,7,bottom,Flash Flood,-32.53948716176498,3.2484211903276115,3.0105260696019087,4,0.0,0.0,0.16666666666666666,54.372802,2.7186401,1931799.379954871,1828640.32644,35.7114702404,2020
08015,2020,7,mid,Flash Flood,-15.37734714179794,1.631007078094371,1.961915398702023,4,0.0,0.0,0.16666666666666666,54.372802,2.7186401,1931799.379954871,1828640.32644,35.7114702404,2020
08015,2020,7,top,Flash Flood,-10.084293759666323,1.1990971649557174,1.0197379717155286,4,0.0,0.0,0.16666666666666666,54.372802,2.7186401,1931799.379954871,1828640.32644,35.7114702404,2020
08023,2020,7,bottom,Flash Flood,12.11014206144091,1.3024380893242875,2.6076722407046398,8,0.0,0.0,0.3333333333333333,50.566602,2.5283301,1184355.668454068,647912.408156,63.7366968861,2020
08023,2020,7,mid,Flash Flood,0.08036393711905987,0.9216363621215337,4.320501844921523,8,0.0,0.0,0.3333333333333333,50.566602,2.5283301,1184355.668454068,647912.408156,63.7366968861,2020
08023,2020,7,top,Flash Flood,-2.1695906848755158,0.5057066916137198,0.5131280781923048,8,0.0,0.0,0.3333333333333333,50.566602,2.5283301,1184355.668454068,647912.408156,63.7366968861,2020
08027,2024,5,bottom,Funnel Cloud,-3.210409877038501,0.15496707114722708,-0.19147752432112952,1,0.0,0.0,0.0,63.44649985209952,2.5947380962474846,1962358.544641128,2530883.885203616,7.713870867926246,2023
08027,2024,5,mid,Funnel Cloud,-17.161501331146695,1.3066178133072084,0.18054991621896951,1,0.0,0.0,0.0,63.44649985209952,2.5947380962474846,1962358.544641128,2530883.885203616,7.713870867926246,2023
08027,2024,5,top,Funnel Cloud,-3.602210289447754,0.24606767316001152,-1.5906152610536186,1,0.0,0.0,0.0,63.44649985209952,2.5947380962474846,1962358.544641128,2530883.885203616,7.713870867926246,2023
08033,2022,7,bottom,Flash Flood,-20.447183833007088,2.5307509360725002,0.4009098751053604,4,2000.0,7.601402334583733,0.0,32.23410079019165,2.479105494984436,344428.21388318687,323433.1822883512,23.572524625859394,2021
08033,2022,7,mid,Flash Flood,-21.56111141376138,2.14322604172367,1.0722202261472706,4,2000.0,7.601402334583733,0.0,32.23410079019165,2.479105494984436,344428.21388318687,323433.1822883512,23.572524625859394,2021
08033,2022,7,top,Flash Flood,-22.51614894549367,2.2643360864835085,-1.407641447757238,4,2000.0,7.601402334583733,0.0,32.23410079019165,2.479105494984436,344428.21388318687,323433.1822883512,23.572524625859394,2021
08033,2023,4,bottom,Flood,-25.908104387909674,1.822163870638431,-0.34832319866674294,5,125000.0,11.736077016252437,14.375,14.188906987655209,2.4413747530910275,562129.8201673233,566858.9983855676,7.772497475443892,2023
08033,2023,4,mid,Flood,-29.72853578089871,1.8905227466410988,4.528538151433902,5,125000.0,11.736077016252437,14.375,14.188906987655209,2.4413747530910275,562129.8201673233,566858.9983855676,7.772497475443892,2023
08033,2023,4,top,Flood,-19.272554687059127,1.039409045300741,5.051984748233252,5,125000.0,11.736077016252437,14.375,14.188906987655209,2.4413747530910275,562129.8201673233,566858.9983855676,7.772497475443892,2023
08033,2025,6,bottom,Hail,-2.377429238433038,0.46727682413383026,11.724858308026606,1,0.0,0.0,0.020833333333333332,14.160499576724794,2.3652951942670675,4478017.063086894,3714508.2794073094,46.83743233289573,2023
08033,2025,6,mid,Hail,-3.6654511740114515,0.554029097981492,6.830172441624953,1,0.0,0.0,0.020833333333333332,14.160499576724794,2.3652951942670675,4478017.063086894,3714508.2794073094,46.83743233289573,2023
08033,2025,6,top,Hail,2.087478171135345,0.3561760161102318,3.6116871841646514,1,0.0,0.0,0.020833333333333332,14.160499576724794,2.3652951942670675,4478017.063086894,3714508.2794073094,46.83743233289573,2023
08037,2023,6,bottom,Flood,13.246380663491962,1.7194842594794768,-0.3274596723200271,8,0.0,0.0,0.05555555555555555,32.50231320842008,2.5172058975983886,6836164.244383737,7841012.148491917,33.33849234304687,2023
08037,2023,6,mid,Flood,10.217569023315207,1.3491694659295645,-1.0101015087350664,8,0.0,0.0,0.05555555555555555,32.50231320842008,2.5172058975983886,6836164.244383737,7841012.148491917,33.33849234304687,2023
08037,2023,6,top,Flood,-0.22994342207005047,0.4905929096248532,0.04527403985862103,8,0.0,0.0,0.05555555555555555,32.50231320842008,2.5172058975983886,6836164.244383737,7841012.148491917,33.33849234304687,2023
08041,2025,6,bottom,"Hail,Thunderstorm Wind",1.9376670132834448,0.6027217325201452,5.648936969647309,61,0.0,0.0,0.12708333333333335,59.90033271360695,2.5332452540080785,140235963.11119047,187519607.79440165,17.591880777807173,2023
08041,2025,6,mid,"Hail,Thunderstorm Wind",1.36661367736491,0.315273888432787,4.7050358729491535,61,0.0,0.0,0.12708333333333335,59.90033271360695,2.5332452540080785,140235963.11119047,187519607.79440165,17.591880777807173,2023
08041,2025,6,top,"Hail,Thunderstorm Wind",3.498566405119732,0.2920079578173213,3.6919657914505706,61,0.0,0.0,0.12708333333333335,59.90033271360695,2.5332452540080785,140235963.11119047,187519607.79440165,17.591880777807173,2023
08043,2024,8,bottom,Thunderstorm Wind,-6.024508243727041,0.4678859296679639,1.5500103457592804,1,0.0,0.0,0.0,39.12280897484205,2.494828822292318,17330863.117757075,13725907.197515909,64.17648759852273,2023
08043,2024,8,mid,Thunderstorm Wind,-11.035539815571994,0.5687931617051616,2.467189125698932,1,0.0,0.0,0.0,39.12280897484205,2.494828822292318,17330863.117757075,13725907.197515909,64.17648759852273,2023
08043,2024,8,top,Thunderstorm Wind,-3.7846993867962766,0.26365016875906494,0.5157029947169937,1,0.0,0.0,0.0,39.12280897484205,2.494828822292318,17330863.117757075,13725907.197515909,64.17648759852273,2023
08049,2024,5,bottom,Thunderstorm Wind,3.2253091694704352,0.2882040252968132,-1.1826584152176025,1,0.0,0.0,0.0,58.43762054784561,2.5786985610036695,9376739.053314624,10670945.37505269,17.199033544027433,2023
08049,2024,5,mid,Thunderstorm Wind,-1.2477305162150572,0.34742781702731546,-1.0907691766216867,1,0.0,0.0,0.0,58.43762054784561,2.5786985610036695,9376739.053314624,10670945.37505269,17.199033544027433,2023
08049,2024,5,top,Thunderstorm Wind,-2.0651607821092313,0.30441631989409,-0.596346685334756,1,0.0,0.0,0.0,58.43762054784561,2.5786985610036695,9376739.053314624,10670945.37505269,17.199033544027433,2023
08051,2020,7,bottom,Lightning,-21.980996056642567,1.845994021327033,2.299375153148953,1,0.0,0.0,0.0006944444444444445,53.362598,2.6681299,909174.303869855,1299456.11302,20.2601497832,2020
08051,2020,7,mid,Lightning,-10.027662630801629,0.7796588582381094,0.8245098812781274,1,0.0,0.0,0.0006944444444444445,53.362598,2.6681299,909174.303869855,1299456.11302,20.2601497832,2020
08051,2020,7,top,Lightning,-10.702442734715987,0.7275126418020683,-0.19434012619180407,1,0.0,0.0,0.0006944444444444445,53.362598,2.6681299,909174.303869855,1299456.11302,20.2601497832,2020
08051,2023,4,bottom,Flood,13.385541082512603,2.4417265512467825,-1.0830722195351825,4,2000000.0,14.508658238524095,0.5,63.70910781012053,2.6472674060368133,3344033.5008227914,3721037.792794552,18.43586119501894,2023
08051,2023,4,mid,Flood,6.628756173294619,1.1263335685040556,-0.8265780153350212,4,2000000.0,14.508658238524095,0.5,63.70910781012053,2.6472674060368133,3344033.5008227914,3721037.792794552,18.43586119501894,2023
08051,2023,4,top,Flood,1.4433727430192533,0.5970477164498367,-1.2140232506344357,4,2000000.0,14.508658238524095,0.5,63.70910781012053,2.6472674060368133,3344033.5008227914,3721037.792794552,18.43586119501894,2023
08051,2024,8,bottom,Debris Flow,-9.68518461439264,1.0011826963607526,4.814868090895923,8,0.0,0.0,0.3333333333333333,68.65480835798647,2.600793980018407,9088358.93572397,12498007.247963512,14.529635432509469,2023
08051,2024,8,mid,Debris Flow,-10.805909502026935,0.8708222431421622,5.208164899945828,8,0.0,0.0,0.3333333333333333,68.65480835798647,2.600793980018407,9088358.93572397,12498007.247963512,14.529635432509469,2023
08051,2024,8,top,Debris Flow,-1.5418905858943646,0.21504638416334343,5.152422521195727,8,0.0,0.0,0.3333333333333333,68.65480835798647,2.600793980018407,9088358.93572397,12498007.247963512,14.529635432509469,2023
08053,2022,7,bottom,Debris Flow,-1.0579082157744324,1.115795857690473,7.204329420368187,4,4000.0,8.294299608857235,0.0,29.46680084741211,2.456668027180481,720938.1403859267,557838.3565834839,37.5715632128537,2021
08053,2022,7,mid,Debris Flow,11.8122432515231,0.8689686856491364,2.6445497346397437,4,4000.0,8.294299608857235,0.0,29.46680084741211,2.456668027180481,720938.1403859267,557838.3565834839,37.5715632128537,2021
08053,2022,7,top,Debris Flow,7.332074263708705,0.5861905433084913,1.5781902862981525,4,4000.0,8.294299608857235,0.0,29.46680084741211,2.456668027180481,720938.1403859267,557838.3565834839,37.5715632128537,2021
08053,2024,8,bottom,Debris Flow,14.487433391770551,2.580412158655238,5.282854244121599,4,0.0,0.0,0.16666666666666666,16.466971862214102,2.398159613538648,1063207.79886589,1265236.4474830567,18.09327198110085,2023
08053,2024,8,mid,Debris Flow,4.055703921124177,1.3049038694413106,6.094349020253593,4,0.0,0.0,0.16666666666666666,16.466971862214102,2.398159613538648,1063207.79886589,1265236.4474830567,18.09327198110085,2023
08053,2024,8,top,Debris Flow,10.024895839331464,1.7333528840791692,2.146001829824234,4,0.0,0.0,0.16666666666666666,16.466971862214102,2.398159613538648,1063207.79886589,1265236.4474830567,18.09327198110085,2023
08055,2025,6,bottom,Hail,14.925968496926373,2.1841752420669898,-7.290695329349613,2,0.0,0.0,0.004166666666666667,17.131589215799472,2.3788972456324795,7494435.606308901,4994311.123759917,75.92648180238459,2023
08055,2025,6,mid,Hail,12.601071454796582,0.914773195308322,-4.285346643496742,2,0.0,0.0,0.004166666666666667,17.131589215799472,2.3788972456324795,7494435.606308901,4994311.123759917,75.92648180238459,2023
08055,2025,6,top,Hail,9.651683898608667,0.36067390767811264,-2.447686111779864,2,0.0,0.0,0.004166666666666667,17.131589215799472,2.3788972456324795,7494435.606308901,4994311.123759917,75.92648180238459,2023
08059,2020,6,bottom,Thunderstorm Wind,-8.163694414713902,1.0633904240846617,1.8807566481845537,10,0.0,0.0,0.0,55.3234,2.76617,61473901.82328996,84550508.2342,22.8616476153,2020
08059,2020,6,mid,Thunderstorm Wind,-5.247619032587664,0.6369357642804075,0.7390716874106479,10,0.0,0.0,0.0,55.3234,2.76617,61473901.82328996,84550508.2342,22.8616476153,2020
08059,2020,6,top,Thunderstorm Wind,-5.885227778830199,0.7391409766586738,0.20277921544588176,10,0.0,0.0,0.0,55.3234,2.76617,61473901.82328996,84550508.2342,22.8616476153,2020
08059,2025,7,bottom,"Hail,Thunderstorm Wind",1.876193279590069,0.16868992628060217,2.8463303133339983,4,0.0,0.0,0.0076388888888888895,67.50305380502454,2.5551568304969297,166461695.14150998,213330554.4479899,11.2918035680124,2023
08059,2025,7,mid,"Hail,Thunderstorm Wind",0.3832291854399159,0.06476837942939363,1.9356562537907063,4,0.0,0.0,0.0076388888888888895,67.50305380502454,2.5551568304969297,166461695.14150998,213330554.4479899,11.2918035680124,2023
08059,2025,7,top,"Hail,Thunderstorm Wind",0.44566526197863254,0.12096203858485842,0.7412583078459818,4,0.0,0.0,0.0076388888888888895,67.50305380502454,2.5551568304969297,166461695.14150998,213330554.4479899,11.2918035680124,2023
08061,2023,5,bottom,Tornado,4.564821633812798,4.12939995970191,4.137308002375254,2,0.0,0.0,0.001388888888888889,40.305471939003375,2.551505164795414,821258.8826393633,849390.282595234,13.095023589245825,2023
08061,2023,5,mid,Tornado,22.92735787717774,5.074771172297725,3.997054051264153,2,0.0,0.0,0.001388888888888889,40.305471939003375,2.551505164795414,821258.8826393633,849390.282595234,13.095023589245825,2023
08061,2023,5,top,Tornado,3.700111308912952,2.017075787628169,7.563168262706388,2,0.0,0.0,0.001388888888888889,40.305471939003375,2.551505164795414,821258.8826393633,849390.282595234,13.095023589245825,2023
08065,2023,8,bottom,Heavy Rain,0.45926475332586847,0.47651059213053015,0.23006268531815977,1,0.0,0.0,0.0,26.100904276031088,2.4865619417528557,1263440.6946499315,1255851.4378908058,39.630214751580255,2023
08065,2023,8,mid,Heavy Rain,1.3741553963464668,0.3624826953900934,0.3714019278885085,1,0.0,0.0,0.0,26.100904276031088,2.4865619417528557,1263440.6946499315,1255851.4378908058,39.630214751580255,2023
08065,2023,8,top,Heavy Rain,1.3906289226871564,0.35024788054960476,0.7031799293581523,1,0.0,0.0,0.0,26.100904276031088,2.4865619417528557,1263440.6946499315,1255851.4378908058,39.630214751580255,2023
08067,2021,5,bottom,Hail,1.8383554090000729,0.7360597363000999,6.236099352113977,1,0.0,0.0,0.0,53.5148,2.67574,2612723.769509062,3156442.1321328613,26.487977926692533,2020
08067,2021,5,mid,Hail,10.658173710082963,1.2228513884513337,1.8572520333244806,1,0.0,0.0,0.0,53.5148,2.67574,2612723.769509062,3156442.1321328613,26.487977926692533,2020
08067,2021,5,top,Hail,13.520493703906922,1.5168782401007639,0.8242799632546726,1,0.0,0.0,0.0,53.5148,2.67574,2612723.769509062,3156442.1321328613,26.487977926692533,2020
08067,2023,6,bottom,Thunderstorm Wind,13.14922251351679,1.0449247922307143,2.491927817431005,1,0.0,0.0,0.0,49.64964034296477,2.585127654539573,12945449.602018153,12668960.770807715,24.88401614614879,2023
08067,2023,6,mid,Thunderstorm Wind,5.782286237202598,0.4879952631223916,2.2943501031811735,1,0.0,0.0,0.0,49.64964034296477,2.585127654539573,12945449.602018153,12668960.770807715,24.88401614614879,2023
08067,2023,6,top,Thunderstorm Wind,5.065218188068059,0.7591755207741997,1.8255967476655428,1,0.0,0.0,0.0,49.64964034296477,2.585127654539573,12945449.602018153,12668960.770807715,24.88401614614879,2023
08071,2023,8,bottom,Hail,-7.7379937805886385,0.5262916146428365,5.4576279494137525,1,0.0,0.0,0.0,16.094935874636,2.4384621963466944,3687017.6471594768,2883938.5223327577,79.43504229437737,2023
08071,2023,8,mid,Hail,1.9210995122573564,0.5703389663553841,3.373344777218724,1,0.0,0.0,0.0,16.094935874636,2.4384621963466944,3687017.6471594768,2883938.5223327577,79.43504229437737,2023
08071,2023,8,top,Hail,5.798596525847572,0.4598281539734726,2.322844353453396,1,0.0,0.0,0.0,16.094935874636,2.4384621963466944,3687017.6471594768,2883938.5223327577,79.43504229437737,2023
08075,2025,7,bottom,"Hail,Tornado",9.328952978032973,0.31442028453597,-11.622515177829081,7,0.0,0.0,0.02291666666666667,21.07096159299141,2.393790029526545,19608921.041774172,16466400.794355946,54.98047220427912,2023
08075,2025,7,mid,"Hail,Tornado",7.464286663516191,0.89489699056386,-7.745201214722651,7,0.0,0.0,0.02291666666666667,21.07096159299141,2.393790029526545,19608921.041774172,16466400.794355946,54.98047220427912,2023
08075,2025,7,top,"Hail,Tornado",-7.433858464922324,0.6220933950577381,-4.226604910615374,7,0.0,0.0,0.02291666666666667,21.07096159299141,2.393790029526545,19608921.041774172,16466400.794355946,54.98047220427912,2023
08077,2021,9,bottom,"Debris Flow,Thunderstorm Wind",-1.031960323254978,0.1438260271735057,-1.1931650535487393,6,0.0,0.0,0.0,54.35619799999999,2.7178099,3681419.9280330623,3573449.6611081697,34.80488766259468,2020
08077,2021,9,mid,"Debris Flow,Thunderstorm Wind",0.8410123901651616,0.16493346850367277,-1.2267518960071062,6,0.0,0.0,0.0,54.35619799999999,2.7178099,3681419.9280330623,3573449.6611081697,34.80488766259468,2020
08077,2021,9,top,"Debris Flow,Thunderstorm Wind",6.077141892282597,0.40560942694533475,-1.0847240375666825,6,0.0,0.0,0.0,54.35619799999999,2.7178099,3681419.9280330623,3573449.6611081697,34.80488766259468,2020
08079,2020,6,bottom,Thunderstorm Wind,-5.862944186169898,0.9019216121453109,-4.814994610017531,1,0.0,0.0,0.0020833333333333333,53.6658,2.68329,623111.1109161812,372616.89797,54.4343713047,2020
08079,2020,6,mid,Thunderstorm Wind,0.9385830293826558,0.23631851212737226,-3.9940343396400806,1,0.0,0.0,0.0020833333333333333,53.6658,2.68329,623111.1109161812,372616.89797,54.4343713047,2020
08079,2020,6,top,Thunderstorm Wind,0.4354575542900676,0.19278757004506605,-2.0203300907630584,1,0.0,0.0,0.0020833333333333333,53.6658,2.68329,623111.1109161812,372616.89797,54.4343713047,2020
08079,2024,8,bottom,Heavy Rain,14.04704569163232,1.8263372925757693,6.670963170140856,1,0.0,0.0,0.0,49.9292726595406,2.5324570415950522,1933988.40645986,2580189.5820366004,9.12842314483783,2023
08079,2024,8,mid,Heavy Rain,0.447029816769728,0.7605886431957192,7.492305817418402,1,0.0,0.0,0.0,49.9292726595406,2.5324570415950522,1933988.40645986,2580189.5820366004,9.12842314483783,2023
08079,2024,8,top,Heavy Rain,10.819968063083621,1.40522482071661,3.1022771060426493,1,0.0,0.0,0.0,49.9292726595406,2.5324570415950522,1933988.40645986,2580189.5820366004,9.12842314483783,2023
08081,2021,8,bottom,"Debris Flow,Thunderstorm Wind",-23.61411021631028,1.3915086484141477,9.629454229074886,8,8000.0,8.987321812850125,0.0,54.09520200000001,2.7047601,587064.7949481824,753655.5182149471,24.832479306275438,2020
08081,2021,8,mid,"Debris Flow,Thunderstorm Wind",-15.150835656753571,1.0430605344561328,9.368495716952552,8,8000.0,8.987321812850125,0.0,54.09520200000001,2.7047601,587064.7949481824,753655.5182149471,24.832479306275438,2020
08081,2021,8,top,"Debris Flow,Thunderstorm Wind",-12.706647560006104,0.9838324256892134,9.27812635431369,8,8000.0,8.987321812850125,0.0,54.09520200000001,2.7047601,587064.7949481824,753655.5182149471,24.832479306275438,2020
08081,2023,4,bottom,Flood,18.83465310750013,1.6110313688033682,-4.460261127587941,4,16000.0,9.680406499268875,7.166666666666667,11.209488448020128,2.4216640097024147,2247108.4752946952,1903241.1528383447,78.74131810789773,2023
08081,2023,4,mid,Flood,8.769637686448576,0.7413199215701651,-2.095390420487689,4,16000.0,9.680406499268875,7.166666666666667,11.209488448020128,2.4216640097024147,2247108.4752946952,1903241.1528383447,78.74131810789773,2023
08081,2023,4,top,Flood,4.2747531891627375,0.3240637270304069,-1.1788825230988966,4,16000.0,9.680406499268875,7.166666666666667,11.209488448020128,2.4216640097024147,2247108.4752946952,1903241.1528383447,78.74131810789773,2023
08081,2025,6,bottom,Thunderstorm Wind,-9.490923903680823,1.1537531669296803,-1.6102017617129103,2,0.0,0.0,0.0062499999999999995,7.296197022935071,2.3120990154442027,4906637.621313785,6059992.637565713,23.395517502105825,2023
08081,2025,6,mid,Thunderstorm Wind,-6.363551050364805,1.0745920106368563,-2.3872129133805373,2,0.0,0.0,0.0062499999999999995,7.296197022935071,2.3120990154442027,4906637.621313785,6059992.637565713,23.395517502105825,2023
08081,2025,6,top,Thunderstorm Wind,-11.469557989768049,1.1222339713974359,0.1533089656366163,2,0.0,0.0,0.0062499999999999995,7.296197022935071,2.3120990154442027,4906637.621313785,6059992.637565713,23.395517502105825,2023
08085,2024,8,bottom,Debris Flow,1.3168103436240557,0.23040976597121782,1.5003190223099996,4,0.0,0.0,0.3333333333333333,22.48704298556067,2.4339661559828363,9960178.57036723,9338155.755364047,45.33699180696496,2023
08085,2024,8,mid,Debris Flow,0.6739735589906104,0.1684478894877726,0.9387012911430664,4,0.0,0.0,0.3333333333333333,22.48704298556067,2.4339661559828363,9960178.57036723,9338155.755364047,45.33699180696496,2023
08085,2024,8,top,Debris Flow,3.0623073994892707,0.33643353140769755,0.704772874536881,4,0.0,0.0,0.3333333333333333,22.48704298556067,2.4339661559828363,9960178.57036723,9338155.755364047,45.33699180696496,2023
08091,2020,7,bottom,Debris Flow,10.755093883888918,2.579015415525847,0.5954733017803259,8,0.0,0.0,0.0,50.507598,2.5253799,823966.3925563104,717648.468699,35.6720536066,2020
08091,2020,7,mid,Debris Flow,14.06531563741585,2.431250456788943,-2.2072081373005026,8,0.0,0.0,0.0,50.507598,2.5253799,823966.3925563104,717648.468699,35.6720536066,2020
08091,2020,7,top,Debris Flow,10.682023786536774,2.1502908361716737,-2.5920462416570067,8,0.0,0.0,0.0,50.507598,2.5253799,823966.3925563104,717648.468699,35.6720536066,2020
08091,2022,7,bottom,"Debris Flow,Flash Flood,Flood",-11.884800747980833,1.8548669859787756,-3.8445862225326786,24,92000.0,11.429554725537322,0.0,51.01879838964844,2.5645264406311035,1135068.8820800767,1121572.8726975163,19.20602680807937,2021
08091,2022,7,mid,"Debris Flow,Flash Flood,Flood",-9.937619478469841,1.5289015639347203,-2.8355457316233035,24,92000.0,11.429554725537322,0.0,51.01879838964844,2.5645264406311035,1135068.8820800767,1121572.8726975163,19.20602680807937,2021
08091,2022,7,top,"Debris Flow,Flash Flood,Flood",-11.360302023554567,1.4595498464532495,-3.1076186804149493,24,92000.0,11.429554725537322,0.0,51.01879838964844,2.5645264406311035,1135068.8820800767,1121572.8726975163,19.20602680807937,2021
08091,2024,8,bottom,Debris Flow,6.541668995358847,0.99536792547001,0.5195862470091915,8,0.0,0.0,0.4166666666666667,49.43099948525089,2.533984817763494,4057876.0805087327,5334540.85143372,6.801150440684481,2023
08091,2024,8,mid,Debris Flow,8.658046722546928,1.3426943903276725,-0.860053776278292,8,0.0,0.0,0.4166666666666667,49.43099948525089,2.533984817763494,4057876.0805087327,5334540.85143372,6.801150440684481,2023
08091,2024,8,top,Debris Flow,11.575163483932357,1.7522438371826112,-1.7458274288559987,8,0.0,0.0,0.4166666666666667,49.43099948525089,2.533984817763494,4057876.0805087327,5334540.85143372,6.801150440684481,2023
08093,2020,6,bottom,Thunderstorm Wind,-7.736052303907584,0.6082735446218048,3.984952801634634,1,0.0,0.0,0.0,52.983198,2.6491599,3311113.5473230123,4564001.03381,21.7579818683,2020
08093,2020,6,mid,Thunderstorm Wind,-1.5977938479900473,0.20299548557636699,2.736489861460972,1,0.0,0.0,0.0,52.983198,2.6491599,3311113.5473230123,4564001.03381,21.7579818683,2020
08093,2020,6,top,Thunderstorm Wind,0.9521286173009571,0.201257533346226,1.6670098556273416,1,0.0,0.0,0.0,52.983198,2.6491599,3311113.5473230123,4564001.03381,21.7579818683,2020
08093,2024,6,bottom,Hail,-1.7642452935606627,0.0608836140553187,1.7730475297829524,1,0.0,0.0,0.006944444444444444,51.17542347498798,2.547140053479226,5700546.248189238,7571725.546616263,5.750640790302068,2023
08093,2024,6,mid,Hail,-3.321132297481057,0.19341538270967618,1.4069309418538154,1,0.0,0.0,0.006944444444444444,51.17542347498798,2.547140053479226,5700546.248189238,7571725.546616263,5.750640790302068,2023
08093,2024,6,top,Hail,-4.058204187431215,0.27879544115017896,1.6428770236033945,1,0.0,0.0,0.006944444444444444,51.17542347498798,2.547140053479226,5700546.248189238,7571725.546616263,5.750640790302068,2023
08093,2025,7,bottom,Hail,-3.97011900092582,0.6412312746765877,3.0580646706056456,1,0.0,0.0,0.020833333333333332,50.09679207355829,2.4955752057442293,7461343.997189689,9985926.48384706,9.269862758972796,2023
08093,2025,7,mid,Hail,-3.1002206563943133,0.36353172392532584,2.3560052667279763,1,0.0,0.0,0.020833333333333332,50.09679207355829,2.4955752057442293,7461343.997189689,9985926.48384706,9.269862758972796,2023
08093,2025,7,top,Hail,-3.998319793408953,0.43119890357506,2.5507321753898538,1,0.0,0.0,0.020833333333333332,50.09679207355829,2.4955752057442293,7461343.997189689,9985926.48384706,9.269862758972796,2023
08097,2020,6,bottom,Thunderstorm Wind,-30.81199018929273,2.4190961237885675,6.8219105788951095,1,0.0,0.0,0.0,50.998998,2.5499499,1602410.969764477,2355876.88568,18.0528182893,2020
08097,2020,6,mid,Thunderstorm Wind,-12.013137728506834,0.7069563942266769,5.053603080458747,1,0.0,0.0,0.0,50.998998,2.5499499,1602410.969764477,2355876.88568,18.0528182893,2020
08097,2020,6,top,Thunderstorm Wind,-7.212858766962782,0.5145695493439465,2.179875596559441,1,0.0,0.0,0.0,50.998998,2.5499499,1602410.969764477,2355876.88568,18.0528182893,2020
08097,2023,6,bottom,Flood,4.848389525709919,0.39967261385966585,0.839854708276737,4,20000.0,9.90353755128617,0.16666666666666666,63.35061383252891,2.6382034772485796,6756405.5478178095,7225136.478612364,14.220309900641869,2023
08097,2023,6,mid,Flood,-3.0752007933205903,0.32010761183394426,2.750071209744751,4,20000.0,9.90353755128617,0.16666666666666666,63.35061383252891,2.6382034772485796,6756405.5478178095,7225136.478612364,14.220309900641869,2023
08097,2023,6,top,Flood,-14.555157307650532,1.3419598649890354,0.6649510017504431,4,20000.0,9.90353755128617,0.16666666666666666,63.35061383252891,2.6382034772485796,6756405.5478178095,7225136.478612364,14.220309900641869,2023
08101,2025,6,bottom,"Hail,Thunderstorm Wind",13.521891403698376,1.8734548813892662,-0.06699217911376347,6,0.0,0.0,0.012500000000000002,67.03952843840133,2.5575140360775035,45201258.71303185,42597863.91306328,48.42848071846946,2023
08101,2025,6,mid,"Hail,Thunderstorm Wind",6.526923062443203,1.1388258036547052,0.9911716937397728,6,0.0,0.0,0.012500000000000002,67.03952843840133,2.5575140360775035,45201258.71303185,42597863.91306328,48.42848071846946,2023
08101,2025,6,top,"Hail,Thunderstorm Wind",3.1609199162403456,0.4621345838535366,1.7459800956951266,6,0.0,0.0,0.012500000000000002,67.03952843840133,2.5575140360775035,45201258.71303185,42597863.91306328,48.42848071846946,2023
08105,2024,8,bottom,"Hail,Heavy Rain",9.583767262338952,1.726332182419744,1.0559613806485828,3,0.0,0.0,0.0,9.20626413141057,2.3584160430419625,9322970.510833241,5592347.454721207,92.75484243414772,2023
08105,2024,8,mid,"Hail,Heavy Rain",4.2629272358000065,0.8657124799747234,1.793278503157353,3,0.0,0.0,0.0,9.20626413141057,2.3584160430419625,9322970.510833241,5592347.454721207,92.75484243414772,2023
08105,2024,8,top,"Hail,Heavy Rain",6.802507786315644,0.900776658300838,0.8454390810027377,3,0.0,0.0,0.0,9.20626413141057,2.3584160430419625,9322970.510833241,5592347.454721207,92.75484243414772,2023
08107,2023,4,bottom,Flood,16.632191960483624,1.3681004710521028,-0.2701263229987158,10,10000.0,9.210440366976517,20.333333333333332,67.81425333592966,2.6618606228267043,1728330.611848555,2035750.86888288,10.658891054157197,2023
08107,2023,4,mid,Flood,9.97520235400981,1.2562898175298811,1.8398084760232603,10,10000.0,9.210440366976517,20.333333333333332,67.81425333592966,2.6618606228267043,1728330.611848555,2035750.86888288,10.658891054157197,2023
08107,2023,4,top,Flood,7.606790388753609,1.2769227189657966,2.332187437769965,10,10000.0,9.210440366976517,20.333333333333332,67.81425333592966,2.6618606228267043,1728330.611848555,2035750.86888288,10.658891054157197,2023
08109,2022,8,bottom,Flash Flood,-6.371374133085979,1.5850909406741702,-1.029712799611005,4,0.0,0.0,0.5,30.326574361034393,2.463601820454407,1421554.966635346,923693.1931151148,66.58979807230821,2021
08109,2022,8,mid,Flash Flood,2.6958981316001314,0.4092583310910234,-0.8743538714800584,4,0.0,0.0,0.5,30.326574361034393,2.463601820454407,1421554.966635346,923693.1931151148,66.58979807230821,2021
08109,2022,8,top,Flash Flood,3.5985654687829367,0.24739554588524038,1.5686375035668856,4,0.0,0.0,0.5,30.326574361034393,2.463601820454407,1421554.966635346,923693.1931151148,66.58979807230821,2021
08111,2020,6,bottom,Debris Flow,0.5498270432433117,1.286411982933647,4.180782170899557,4,0.0,0.0,0.0,56.4074,2.82037,1715711.45379313,2368381.08911,23.0981474182,2020
08111,2020,6,mid,Debris Flow,3.1208279917711224,0.8099310659618171,0.5940034763761872,4,0.0,0.0,0.0,56.4074,2.82037,1715711.45379313,2368381.08911,23.0981474182,2020
08111,2020,6,top,Debris Flow,-0.20361280084966893,0.44338882303506777,-0.04341671353364518,4,0.0,0.0,0.0,56.4074,2.82037,1715711.45379313,2368381.08911,23.0981474182,2020
08111,2021,8,bottom,Debris Flow,5.831019819453388,0.3257606421413721,-5.155083676069637,4,10000.0,9.210440366976517,0.0,56.4074,2.82037,1716387.1392727871,2369313.810465137,23.098147418207862,2020
08111,2021,8,mid,Debris Flow,6.094994966445313,0.5522000451024819,-4.574683986762589,4,10000.0,9.210440366976517,0.0,56.4074,2.82037,1716387.1392727871,2369313.810465137,23.098147418207862,2020
08111,2021,8,top,Debris Flow,7.833279585296424,0.85490123310569,-3.30641311133868,4,10000.0,9.210440366976517,0.0,56.4074,2.82037,1716387.1392727871,2369313.810465137,23.098147418207862,2020
08113,2021,8,bottom,Debris Flow,18.238167710075373,1.6493637091018647,-7.617809362688675,4,20000.0,9.90353755128617,0.0,51.389598,2.5694799,2569657.071238981,3843689.2424104055,17.461568782019512,2020
08113,2021,8,mid,Debris Flow,38.02155757637952,2.887092383909597,-10.773301250731748,4,20000.0,9.90353755128617,0.0,51.389598,2.5694799,2569657.071238981,3843689.2424104055,17.461568782019512,2020
08113,2021,8,top,Debris Flow,35.88042640631551,2.8963855613454816,-8.792181903267888,4,20000.0,9.90353755128617,0.0,51.389598,2.5694799,2569657.071238981,3843689.2424104055,17.461568782019512,2020
08117,2020,6,bottom,Thunderstorm Wind,-23.473918344439113,2.5753817616556187,2.9999360677203932,6,0.0,0.0,0.0,52.877402,2.6438701,3898784.1927337833,5302110.26922,22.2309814742,2020
08117,2020,6,mid,Thunderstorm Wind,-11.280409398907992,1.1791202052704632,1.7114793265043506,6,0.0,0.0,0.0,52.877402,2.6438701,3898784.1927337833,5302110.26922,22.2309814742,2020
08117,2020,6,top,Thunderstorm Wind,-4.826798016148217,0.5402674606277672,1.286198055785481,6,0.0,0.0,0.0,52.877402,2.6438701,3898784.1927337833,5302110.26922,22.2309814742,2020
08117,2021,7,bottom,Thunderstorm Wind,41.62438751275765,3.8239769162978927,-0.8873107223326144,1,5000.0,8.517393171418904,0.0,52.877402,2.6438701,2655682.052711446,3611566.6801222367,22.230981474188074,2020
08117,2021,7,mid,Thunderstorm Wind,26.117987434902204,2.5073024444438174,-1.5249587940103926,1,5000.0,8.517393171418904,0.0,52.877402,2.6438701,2655682.052711446,3611566.6801222367,22.230981474188074,2020
08117,2021,7,top,Thunderstorm Wind,21.641838167663735,2.2789220203051133,-2.938651917519015,1,5000.0,8.517393171418904,0.0,52.877402,2.6438701,2655682.052711446,3611566.6801222367,22.230981474188074,2020
08117,2022,7,bottom,Thunderstorm Wind,-13.798213033714944,1.259602440296578,1.5649391698437256,1,0.0,0.0,0.0,45.96370061853027,2.5988070888412476,2817122.767518035,3292317.230863435,21.095490279327382,2021
08117,2022,7,mid,Thunderstorm Wind,-13.492280841325993,1.2267678986506625,0.30289080061020474,1,0.0,0.0,0.0,45.96370061853027,2.5988070888412476,2817122.767518035,3292317.230863435,21.095490279327382,2021
08117,2022,7,top,Thunderstorm Wind,-11.20149118231069,1.0725976604844736,-1.576089427699344,1,0.0,0.0,0.0,45.96370061853027,2.5988070888412476,2817122.767518035,3292317.230863435,21.095490279327382,2021
08117,2024,6,bottom,Hail,-5.088063919208864,0.5190207823695565,2.15638258540568,1,0.0,0.0,0.003472222222222222,41.424912838535455,2.510460169190452,12069939.13814553,15506770.95864078,15.716094805166904,2023
08117,2024,6,mid,Hail,-3.6827668227129067,0.4197828175245511,0.272621420755641,1,0.0,0.0,0.003472222222222222,41.424912838535455,2.510460169190452,12069939.13814553,15506770.95864078,15.716094805166904,2023
08117,2024,6,top,Hail,-3.2010019954687863,0.34047132295982335,0.11781005292692252,1,0.0,0.0,0.003472222222222222,41.424912838535455,2.510460169190452,12069939.13814553,15506770.95864078,15.716094805166904,2023
08119,2023,5,bottom,Hail,-2.5445042270280425,0.19322593595203844,2.8484573471750942,1,0.0,0.0,0.0,50.78395718290606,2.593632250143207,9355472.83926397,9923759.455971792,10.394752208717225,2023
08119,2023,5,mid,Hail,-1.2797860737489515,0.188494366590722,2.1933524554766755,1,0.0,0.0,0.0,50.78395718290606,2.593632250143207,9355472.83926397,9923759.455971792,10.394752208717225,2023
08119,2023,5,top,Hail,1.5349966509352555,0.23404728834243108,0.944123839401243,1,0.0,0.0,0.0,50.78395718290606,2.593632250143207,9355472.83926397,9923759.455971792,10.394752208717225,2023
08119,2025,6,bottom,Tornado,-4.283915947833066,0.2058689195121312,5.511060818419305,2,0.0,0.0,0.005555555555555556,47.45843150597492,2.4898847669632014,11989679.779190587,15484031.929238131,10.579153387171075,2023
08119,2025,6,mid,Tornado,-3.099444005983216,0.13787802059138426,4.500247596420489,2,0.0,0.0,0.005555555555555556,47.45843150597492,2.4898847669632014,11989679.779190587,15484031.929238131,10.579153387171075,2023
08119,2025,6,top,Tornado,-2.1945394027680294,0.3176119554141066,3.64604779757803,2,0.0,0.0,0.005555555555555556,47.45843150597492,2.4898847669632014,11989679.779190587,15484031.929238131,10.579153387171075,2023
10001,2025,5,bottom,Thunderstorm Wind,9.172551234145715,0.6439390597191141,-1.4521165983525464,1,0.0,0.0,0.003472222222222222,69.20236268059328,2.569058262762525,49244504.9644106,48469727.23174668,43.47246870999527,2023
10001,2025,5,mid,Thunderstorm Wind,4.048486465983359,0.3165500151019669,0.06622849137758635,1,0.0,0.0,0.003472222222222222,69.20236268059328,2.569058262762525,49244504.9644106,48469727.23174668,43.47246870999527,2023
10001,2025,5,top,Thunderstorm Wind,1.9653151182416195,0.22322589246303026,1.2771719929755865,1,0.0,0.0,0.003472222222222222,69.20236268059328,2.569058262762525,49244504.9644106,48469727.23174668,43.47246870999527,2023
10003,2025,5,bottom,Flash Flood,11.933789889906436,0.5779012620244546,-2.1498329183107927,4,0.0,0.0,0.3333333333333333,83.09224040995991,2.618899259018314,162216817.0613253,169004393.25305408,32.4932404259813,2023
10003,2025,5,mid,Flash Flood,8.885567442754024,0.4579238726865301,-1.4949579705639688,4,0.0,0.0,0.3333333333333333,83.09224040995991,2.618899259018314,162216817.0613253,169004393.25305408,32.4932404259813,2023
10003,2025,5,top,Flash Flood,7.928527647483932,0.5125263877769959,-1.0128270339051966,4,0.0,0.0,0.3333333333333333,83.09224040995991,2.618899259018314,162216817.0613253,169004393.25305408,32.4932404259813,2023
12003,2025,8,bottom,Heavy Rain,10.48539830890283,1.1790899347496109,-0.12435363295497837,1,0.0,0.0,0.041666666666666664,70.75873998000301,2.561230615496434,5802777.778116105,6095627.135913573,26.76354393126539,2023
12003,2025,8,mid,Heavy Rain,8.572478290921268,0.6154822085502235,-1.5915173996689684,1,0.0,0.0,0.041666666666666664,70.75873998000301,2.561230615496434,5802777.778116105,6095627.135913573,26.76354393126539,2023
12003,2025,8,top,Heavy Rain,9.8716225304089,0.7453550819859092,-2.2492405779166043,1,0.0,0.0,0.041666666666666664,70.75873998000301,2.561230615496434,5802777.778116105,6095627.135913573,26.76354393126539,2023
12015,2020,7,bottom,Thunderstorm Wind,-13.94858963283724,1.4635562510746607,1.6609106686904056,1,0.0,0.0,0.0,52.683402,2.6341701,33638155.72005333,18763785.1877,61.5293653922,2020
12015,2020,7,mid,Thunderstorm Wind,-2.0354975795323895,0.2369875195452977,0.7141061241516127,1,0.0,0.0,0.0,52.683402,2.6341701,33638155.72005333,18763785.1877,61.5293653922,2020
12015,2020,7,top,Thunderstorm Wind,-3.651946203772667,0.2316206653858902,1.9862372286006338,1,0.0,0.0,0.0,52.683402,2.6341701,33638155.72005333,18763785.1877,61.5293653922,2020
12017,2025,7,bottom,Thunderstorm Wind,2.0023282727702707,0.6347954825963532,1.6117678727151816,2,10000.0,9.210440366976517,0.0,6.882600834673174,2.30841636180667,165353925.16689053,110561743.99626386,77.9801219885023,2023
12017,2025,7,mid,Thunderstorm Wind,3.1290266133596987,0.4553478266804486,1.9287917882735333,2,10000.0,9.210440366976517,0.0,6.882600834673174,2.30841636180667,165353925.16689053,110561743.99626386,77.9801219885023,2023
12017,2025,7,top,Thunderstorm Wind,3.7868307327002952,0.3440435956986653,0.24036262153920518,2,10000.0,9.210440366976517,0.0,6.882600834673174,2.30841636180667,165353925.16689053,110561743.99626386,77.9801219885023,2023
12023,2025,8,bottom,Thunderstorm Wind,-5.268663555796394,0.8337405782715682,-2.7010070037484533,1,0.0,0.0,0.0,29.557591271442735,2.4229771490413117,29353517.138893627,21536541.36931457,73.59544621402462,2023
12023,2025,8,mid,Thunderstorm Wind,-8.360989831845387,0.8450813980215255,-0.8750146993662137,1,0.0,0.0,0.0,29.557591271442735,2.4229771490413117,29353517.138893627,21536541.36931457,73.59544621402462,2023
12023,2025,8,top,Thunderstorm Wind,-9.87207278273965,0.8137002603417758,-0.2996005449423033,1,0.0,0.0,0.0,29.557591271442735,2.4229771490413117,29353517.138893627,21536541.36931457,73.59544621402462,2023
12027,2025,7,bottom,Tornado,1.6205376365974757,0.2219371443826584,-1.0993831726542236,2,10000.0,9.210440366976517,0.002777777777777778,1.3556288093229665,2.200437334089644,47398030.05343489,26604462.42658202,92.13671085179983,2023
12027,2025,7,mid,Tornado,2.092211547990999,0.3716074219376199,-0.9401574322301182,2,10000.0,9.210440366976517,0.002777777777777778,1.3556288093229665,2.200437334089644,47398030.05343489,26604462.42658202,92.13671085179983,2023
12027,2025,7,top,Tornado,6.360060481825457,0.5924659076636744,-3.2518905826475524,2,10000.0,9.210440366976517,0.002777777777777778,1.3556288093229665,2.200437334089644,47398030.05343489,26604462.42658202,92.13671085179983,2023
12043,2020,6,bottom,Hail,10.348261154079623,1.383400888558113,-2.42577865588161,1,0.0,0.0,0.0,47.0042,2.35021,5975162.464618947,3528652.61122,48.9554592038,2020
12043,2020,6,mid,Hail,6.239472893719892,0.855526881145085,-0.5800124213930076,1,0.0,0.0,0.0,47.0042,2.35021,5975162.464618947,3528652.61122,48.9554592038,2020
12043,2020,6,top,Hail,4.005837322679767,0.6105957592342547,0.217095595379746,1,0.0,0.0,0.0,47.0042,2.35021,5975162.464618947,3528652.61122,48.9554592038,2020
12043,2023,4,bottom,Hail,10.122753353435385,0.5071389638081272,-2.1804615789026323,1,0.0,0.0,0.0,0.7067391356374738,2.2288140979485087,15447289.422226766,9381685.032147327,89.2256495091856,2023
12043,2023,4,mid,Hail,8.298914454818956,0.5590284863507143,-1.365917775828322,1,0.0,0.0,0.0,0.7067391356374738,2.2288140979485087,15447289.422226766,9381685.032147327,89.2256495091856,2023
12043,2023,4,top,Hail,-0.6547397199653773,0.21214438062540208,0.8005901441068962,1,0.0,0.0,0.0,0.7067391356374738,2.2288140979485087,15447289.422226766,9381685.032147327,89.2256495091856,2023
12043,2025,7,bottom,Thunderstorm Wind,3.1000642411300134,0.1741403496404834,-7.545319406825233,1,2000.0,7.601402334583733,0.0,0.8886961197143476,2.1663651027419544,15903884.010203846,8920789.669887815,89.64821097643525,2023
12043,2025,7,mid,Thunderstorm Wind,0.22312704647320913,0.0943116395826579,-6.235205532839278,1,2000.0,7.601402334583733,0.0,0.8886961197143476,2.1663651027419544,15903884.010203846,8920789.669887815,89.64821097643525,2023
12043,2025,7,top,Thunderstorm Wind,-1.6657693185522362,0.1249528536918558,-4.752037220782232,1,2000.0,7.601402334583733,0.0,0.8886961197143476,2.1663651027419544,15903884.010203846,8920789.669887815,89.64821097643525,2023
12051,2025,7,bottom,Hail,16.08592458371463,1.2129145889095443,-2.789874665971245,1,0.0,0.0,0.0,0.7015845456003122,2.1546924281323907,42671756.01955133,23091521.473814737,91.70671160634707,2023
12051,2025,7,mid,Hail,8.207477786025265,0.6155839780276658,-2.465303402538377,1,0.0,0.0,0.0,0.7015845456003122,2.1546924281323907,42671756.01955133,23091521.473814737,91.70671160634707,2023
12051,2025,7,top,Hail,6.258646762241128,0.46649846294389036,-3.1470940889715515,1,0.0,0.0,0.0,0.7015845456003122,2.1546924281323907,42671756.01955133,23091521.473814737,91.70671160634707,2023
12053,2024,7,bottom,"Funnel Cloud,Thunderstorm Wind",-3.0593627466322886,0.22827823134131892,0.30881541154943193,2,1000.0,6.90875477931522,0.0,7.731242944339585,2.349323196994326,92787779.28139213,73330511.4968753,61.62020430424597,2023
12053,2024,7,mid,"Funnel Cloud,Thunderstorm Wind",-2.0579638392537305,0.19366287123058173,-0.2525256676970997,2,1000.0,6.90875477931522,0.0,7.731242944339585,2.349323196994326,92787779.28139213,73330511.4968753,61.62020430424597,2023
12053,2024,7,top,"Funnel Cloud,Thunderstorm Wind",-3.8418319776617125,0.25728510130232635,0.21889666342373934,2,1000.0,6.90875477931522,0.0,7.731242944339585,2.349323196994326,92787779.28139213,73330511.4968753,61.62020430424597,2023
12055,2025,5,bottom,Thunderstorm Wind,-0.8079287016297627,0.4802101979354232,-2.6487520145214725,1,25000.0,10.12667110305036,0.0,5.505999679434538,2.29661060406796,75667851.6112554,44090620.02237579,92.11000617317472,2023
12055,2025,5,mid,Thunderstorm Wind,1.3077773642958022,0.2200035328601079,-2.1007069038805404,1,25000.0,10.12667110305036,0.0,5.505999679434538,2.29661060406796,75667851.6112554,44090620.02237579,92.11000617317472,2023
12055,2025,5,top,Thunderstorm Wind,4.391063587569789,0.19044255319880082,-2.035714168033285,1,25000.0,10.12667110305036,0.0,5.505999679434538,2.29661060406796,75667851.6112554,44090620.02237579,92.11000617317472,2023
12061,2025,5,bottom,Hail,-12.853398350131911,0.8858323615695864,2.64498324354534,2,0.0,0.0,0.0,58.199325152375174,2.528803256170843,196040660.17459956,161355668.28502953,61.6221062411772,2023
12061,2025,5,mid,Hail,-10.523039577860885,0.6843547203201952,4.0065527252693345,2,0.0,0.0,0.0,58.199325152375174,2.528803256170843,196040660.17459956,161355668.28502953,61.6221062411772,2023
12061,2025,5,top,Hail,-17.302499452269743,1.471065788028093,4.353397977490857,2,0.0,0.0,0.0,58.199325152375174,2.528803256170843,196040660.17459956,161355668.28502953,61.6221062411772,2023
12081,2024,7,bottom,"Lightning,Thunderstorm Wind",-4.167520866503139,0.17176354522998785,5.92255242837561,2,60000.0,11.002116507732017,0.0,23.353835874115255,2.4412730612304725,286694632.25772357,243516614.53706932,62.55950668872514,2023
12081,2024,7,mid,"Lightning,Thunderstorm Wind",-5.7940654154330105,0.48378512449505434,3.2944528697373463,2,60000.0,11.002116507732017,0.0,23.353835874115255,2.4412730612304725,286694632.25772357,243516614.53706932,62.55950668872514,2023
12081,2024,7,top,"Lightning,Thunderstorm Wind",-8.894789387564813,0.6968069935273575,3.5063285614151027,2,60000.0,11.002116507732017,0.0,23.353835874115255,2.4412730612304725,286694632.25772357,243516614.53706932,62.55950668872514,2023
12081,2025,8,bottom,Thunderstorm Wind,-13.154317310067484,0.6722141808473534,4.207535394810772,1,15000.0,9.61587214452889,0.0,22.910077831778054,2.3988890440542288,300266037.79745173,252055950.1615838,56.65222938558239,2023
12081,2025,8,mid,Thunderstorm Wind,-13.175629695623982,0.7805523396307306,4.996616948735465,1,15000.0,9.61587214452889,0.0,22.910077831778054,2.3988890440542288,300266037.79745173,252055950.1615838,56.65222938558239,2023
12081,2025,8,top,Thunderstorm Wind,-16.14043886533436,0.9356172705180944,4.312790839157619,1,15000.0,9.61587214452889,0.0,22.910077831778054,2.3988890440542288,300266037.79745173,252055950.1615838,56.65222938558239,2023
12085,2025,5,bottom,Hail,-19.63285621294989,1.4724231179710732,2.918042870813821,1,0.0,0.0,0.0,46.415210660931066,2.4887643453527684,153687823.34842,121684142.47197665,64.7443117247168,2023
12085,2025,5,mid,Hail,-13.543402362184707,1.0079576860403479,3.163628333558757,1,0.0,0.0,0.0,46.415210660931066,2.4887643453527684,153687823.34842,121684142.47197665,64.7443117247168,2023
12085,2025,5,top,Hail,-14.839921912061072,1.4241650925469682,2.154899646174703,1,0.0,0.0,0.0,46.415210660931066,2.4887643453527684,153687823.34842,121684142.47197665,64.7443117247168,2023
12093,2020,5,bottom,Hail,-1.9690342946869066,0.2186107068115762,-0.9014179303794757,1,0.0,0.0,0.0,49.816398,2.4908199,11439120.298681837,8212374.52752,40.9144659046,2020
12093,2020,5,mid,Hail,-1.6114499412889103,0.0936729130188586,0.10660826940958638,1,0.0,0.0,0.0,49.816398,2.4908199,11439120.298681837,8212374.52752,40.9144659046,2020
12093,2020,5,top,Hail,-3.7577245606165803,0.21203883176986865,0.9756069676841103,1,0.0,0.0,0.0,49.816398,2.4908199,11439120.298681837,8212374.52752,40.9144659046,2020
12093,2022,9,bottom,Flood,6.703478825319664,0.721839368363748,-0.4281972998502255,4,0.0,0.0,2.0,20.193649297683717,2.3870324376091006,27830932.11690941,19109641.73048148,72.17417490496427,2021
12093,2022,9,mid,Flood,0.20501484621210864,0.37989144233683486,0.8903942263673059,4,0.0,0.0,2.0,20.193649297683717,2.3870324376091006,27830932.11690941,19109641.73048148,72.17417490496427,2021
12093,2022,9,top,Flood,1.8414065914062974,0.6277152497797883,0.461799569855368,4,0.0,0.0,2.0,20.193649297683717,2.3870324376091006,27830932.11690941,19109641.73048148,72.17417490496427,2021
12093,2023,6,bottom,Thunderstorm Wind,-0.41897259026771394,0.0752372773944916,-2.196302304386208,2,0.0,0.0,0.006944444444444444,2.468910548192275,2.3171236983405095,35345672.41630967,23612976.578118626,90.65577173288708,2023
12093,2023,6,mid,Thunderstorm Wind,4.120392514821162,0.2706667020582694,-2.001668035770455,2,0.0,0.0,0.006944444444444444,2.468910548192275,2.3171236983405095,35345672.41630967,23612976.578118626,90.65577173288708,2023
12093,2023,6,top,Thunderstorm Wind,0.9876688109952028,0.3152829302312316,-1.186534701633273,2,0.0,0.0,0.006944444444444444,2.468910548192275,2.3171236983405095,35345672.41630967,23612976.578118626,90.65577173288708,2023
12093,2024,10,bottom,Tornado,5.384191153124021,0.4051426351737558,-4.827846603810954,8,11200000.0,16.231424425551033,0.08055555555555556,2.7297663983167,2.2763969685589043,40276565.759569585,25183887.571355034,89.1932193473473,2023
12093,2024,10,mid,Tornado,6.178750482856998,0.4952529339773339,-3.1211964872210274,8,11200000.0,16.231424425551033,0.08055555555555556,2.7297663983167,2.2763969685589043,40276565.759569585,25183887.571355034,89.1932193473473,2023
12093,2024,10,top,Tornado,5.51746256887796,0.4801077914497816,-2.8007961954554097,8,11200000.0,16.231424425551033,0.08055555555555556,2.7297663983167,2.2763969685589043,40276565.759569585,25183887.571355034,89.1932193473473,2023
12097,2021,8,bottom,Thunderstorm Wind,4.357490700905387,0.8751304257745051,3.943611901874372,1,2000.0,7.601402334583733,0.0,52.730398,2.6365199,35282579.246874444,21015564.692696624,53.92195506502808,2020
12097,2021,8,mid,Thunderstorm Wind,2.0448131861842285,0.7485644893590675,2.8048538698291168,1,2000.0,7.601402334583733,0.0,52.730398,2.6365199,35282579.246874444,21015564.692696624,53.92195506502808,2020
12097,2021,8,top,Thunderstorm Wind,9.22252205209736,1.2925500105250114,2.2899051248547835,1,2000.0,7.601402334583733,0.0,52.730398,2.6365199,35282579.246874444,21015564.692696624,53.92195506502808,2020
12101,2021,10,bottom,Thunderstorm Wind,-4.876241098217832,0.5752637814614359,-2.7671739166382046,2,6000.0,8.699681400989514,0.0,53.05460000000001,2.65273,31066144.69533055,22353359.22001921,43.437130469061444,2020
12101,2021,10,mid,Thunderstorm Wind,-7.5751750427679525,0.5730320648948711,-1.689917366704852,2,6000.0,8.699681400989514,0.0,53.05460000000001,2.65273,31066144.69533055,22353359.22001921,43.437130469061444,2020
12101,2021,10,top,Thunderstorm Wind,-7.992212991008373,0.5595072555195445,-1.471675933391585,2,6000.0,8.699681400989514,0.0,53.05460000000001,2.65273,31066144.69533055,22353359.22001921,43.437130469061444,2020
12111,2025,5,bottom,"Hail,Thunderstorm Wind",-8.503029267648458,0.5860429419417653,1.3972121314208625,4,0.0,0.0,0.0,48.84522380147924,2.4981885198852942,227850595.796263,195458448.78316295,57.06096698958274,2023
12111,2025,5,mid,"Hail,Thunderstorm Wind",-7.382994276127221,0.4660189390294856,3.4077811224001806,4,0.0,0.0,0.0,48.84522380147924,2.4981885198852942,227850595.796263,195458448.78316295,57.06096698958274,2023
12111,2025,5,top,"Hail,Thunderstorm Wind",-12.003301323848007,0.9779925508549154,4.224629996250428,4,0.0,0.0,0.0,48.84522380147924,2.4981885198852942,227850595.796263,195458448.78316295,57.06096698958274,2023
12115,2025,6,bottom,Thunderstorm Wind,10.123917842400942,0.907498271337987,-2.335302739759797,1,5000.0,8.517393171418904,0.0,9.199000610732767,2.3305634749998223,347278814.73873454,269512736.357322,62.326259763764206,2023
12115,2025,6,mid,Thunderstorm Wind,8.395090847123853,0.7016387854001834,-2.3499087327087644,1,5000.0,8.517393171418904,0.0,9.199000610732767,2.3305634749998223,347278814.73873454,269512736.357322,62.326259763764206,2023
12115,2025,6,top,Thunderstorm Wind,8.321896611519406,0.650823741238249,-3.8884695709036614,1,5000.0,8.517393171418904,0.0,9.199000610732767,2.3305634749998223,347278814.73873454,269512736.357322,62.326259763764206,2023
12119,2025,8,bottom,Flash Flood,3.3651527492156674,0.1941565860511595,-3.210369340010056,4,140000.0,11.849404844423074,0.0,45.97129594583869,2.4769608045461053,68307925.55892271,45446001.476159,82.47428330758642,2023
12119,2025,8,mid,Flash Flood,4.003087567170439,0.38375320734898183,-2.3164823511852624,4,140000.0,11.849404844423074,0.0,45.97129594583869,2.4769608045461053,68307925.55892271,45446001.476159,82.47428330758642,2023
12119,2025,8,top,Flash Flood,5.847344127682078,0.7400478035666428,-1.5787256579873012,4,140000.0,11.849404844423074,0.0,45.97129594583869,2.4769608045461053,68307925.55892271,45446001.476159,82.47428330758642,2023
12121,2025,8,bottom,Heavy Rain,0.6931266360747657,0.1264848908773263,-1.7213445130227616,2,0.0,0.0,0.08333333333333333,5.200905256369164,2.284863053789196,30135694.92557451,23524083.407803968,63.48729153168561,2023
12121,2025,8,mid,Heavy Rain,-4.996123282175361,0.3142469558758205,0.5939871008123987,2,0.0,0.0,0.08333333333333333,5.200905256369164,2.284863053789196,30135694.92557451,23524083.407803968,63.48729153168561,2023
12121,2025,8,top,Heavy Rain,-5.962206346193156,0.2901886010377557,1.193382802323839,2,0.0,0.0,0.08333333333333333,5.200905256369164,2.284863053789196,30135694.92557451,23524083.407803968,63.48729153168561,2023
12123,2025,6,bottom,Thunderstorm Wind,-12.002116766397663,0.8232530314775922,5.503699533135982,1,3000.0,8.006700845440367,0.0,24.825843178340747,2.410017957952259,23788691.84660235,15299420.733565936,88.67777921175426,2023
12123,2025,6,mid,Thunderstorm Wind,-12.730398461598014,0.886236909561877,5.324139459743118,1,3000.0,8.006700845440367,0.0,24.825843178340747,2.410017957952259,23788691.84660235,15299420.733565936,88.67777921175426,2023
12123,2025,6,top,Thunderstorm Wind,-10.461125995451468,1.069310416544905,2.902305544361179,1,3000.0,8.006700845440367,0.0,24.825843178340747,2.410017957952259,23788691.84660235,15299420.733565936,88.67777921175426,2023
12125,2025,6,bottom,Thunderstorm Wind,-0.7727816538254473,0.5665184173739898,0.4427208146695705,1,200.0,5.303304908059076,0.0,31.330645371277573,2.4358464198426404,5238075.534501383,4793957.870668353,44.01891803035156,2023
12125,2025,6,mid,Thunderstorm Wind,8.219269204078898,1.015315173105368,-0.0741637246535447,1,200.0,5.303304908059076,0.0,31.330645371277573,2.4358464198426404,5238075.534501383,4793957.870668353,44.01891803035156,2023
12125,2025,6,top,Thunderstorm Wind,7.244773159831922,0.749780870184395,-0.042773205844487926,1,200.0,5.303304908059076,0.0,31.330645371277573,2.4358464198426404,5238075.534501383,4793957.870668353,44.01891803035156,2023
13001,2024,7,bottom,Heavy Rain,1.6278383426591603,0.9709286213521188,-1.4936660831160584,1,0.0,0.0,0.0625,44.99840951949411,2.5188398886589503,15119389.759375148,11099837.672431562,81.67742368703243,2023
13001,2024,7,mid,Heavy Rain,-0.01798664853687626,0.17960200510031765,0.9272715373756218,1,0.0,0.0,0.0625,44.99840951949411,2.5188398886589503,15119389.759375148,11099837.672431562,81.67742368703243,2023
13001,2024,7,top,Heavy Rain,0.7842479406677398,0.3870561825529613,2.7478543177109125,1,0.0,0.0,0.0625,44.99840951949411,2.5188398886589503,15119389.759375148,11099837.672431562,81.67742368703243,2023
13005,2021,4,bottom,Thunderstorm Wind,12.308985694623303,1.3365443707950804,-3.394947784464435,1,0.0,0.0,0.0,53.495598,2.6747799,1134391.709997497,1166862.2000809684,32.045723295212746,2020
13005,2021,4,mid,Thunderstorm Wind,8.734422463926478,1.0627167462437286,0.28275870183132196,1,0.0,0.0,0.0,53.495598,2.6747799,1134391.709997497,1166862.2000809684,32.045723295212746,2020
13005,2021,4,top,Thunderstorm Wind,3.1365056251922994,0.44262518012706714,0.07437540154587434,1,0.0,0.0,0.0,53.495598,2.6747799,1134391.709997497,1166862.2000809684,32.045723295212746,2020
13011,2024,7,bottom,Thunderstorm Wind,7.981969533529281,0.393098514295274,2.332034608257279,1,3000.0,8.006700845440367,0.001388888888888889,15.949293975482993,2.4063612097446216,4087534.133126825,3977075.4231247813,38.311714325514615,2023
13011,2024,7,mid,Thunderstorm Wind,5.4574221197481165,0.22877487244323505,1.4331783359425714,1,3000.0,8.006700845440367,0.001388888888888889,15.949293975482993,2.4063612097446216,4087534.133126825,3977075.4231247813,38.311714325514615,2023
13011,2024,7,top,Thunderstorm Wind,6.452909221778512,0.24088147343674896,2.258941879890893,1,3000.0,8.006700845440367,0.001388888888888889,15.949293975482993,2.4063612097446216,4087534.133126825,3977075.4231247813,38.311714325514615,2023
13013,2025,6,bottom,Thunderstorm Wind,-0.23062348103437103,0.2198219975473377,-0.5653164763781481,2,2000.0,7.601402334583733,0.002777777777777778,37.166190312191645,2.4563586693603736,13651078.182452234,15917730.537090033,21.05697418219283,2023
13013,2025,6,mid,Thunderstorm Wind,-0.611566867830021,0.07693736111200336,-1.2021575499340855,2,2000.0,7.601402334583733,0.002777777777777778,37.166190312191645,2.4563586693603736,13651078.182452234,15917730.537090033,21.05697418219283,2023
13013,2025,6,top,Thunderstorm Wind,-4.281760676723181,0.4279644869426234,-0.4024122489274333,2,2000.0,7.601402334583733,0.002777777777777778,37.166190312191645,2.4563586693603736,13651078.182452234,15917730.537090033,21.05697418219283,2023
13015,2023,4,bottom,Thunderstorm Wind,-1.5844287167795983,0.22884930258935762,-0.52768035488234,2,1000.0,6.90875477931522,0.002777777777777778,44.35523766446972,2.5708588359427083,14604987.220176697,12624967.660990208,61.852932673200755,2023
13015,2023,4,mid,Thunderstorm Wind,-5.465199133149099,0.41207620586478727,0.1758586550097713,2,1000.0,6.90875477931522,0.002777777777777778,44.35523766446972,2.5708588359427083,14604987.220176697,12624967.660990208,61.852932673200755,2023
13015,2023,4,top,Thunderstorm Wind,-7.629478202203984,0.4869886526034751,1.865201256964184,2,1000.0,6.90875477931522,0.002777777777777778,44.35523766446972,2.5708588359427083,14604987.220176697,12624967.660990208,61.852932673200755,2023
13017,2024,5,bottom,"Flash Flood,Hail,Thunderstorm Wind",0.8946192119398688,1.2710851546676867,-2.046091769699738,12,14000.0,9.546884034617925,0.5694444444444445,14.60098115178465,2.404336440374608,6620745.20040371,4273966.583939107,94.29762307666785,2023
13017,2024,5,mid,"Flash Flood,Hail,Thunderstorm Wind",6.806248304096798,1.3652824286974654,-1.5212031506103518,12,14000.0,9.546884034617925,0.5694444444444445,14.60098115178465,2.404336440374608,6620745.20040371,4273966.583939107,94.29762307666785,2023
13017,2024,5,top,"Flash Flood,Hail,Thunderstorm Wind",2.171194366753326,0.9821602055958877,0.44046929589179246,12,14000.0,9.546884034617925,0.5694444444444445,14.60098115178465,2.404336440374608,6620745.20040371,4273966.583939107,94.29762307666785,2023
13019,2025,6,bottom,Thunderstorm Wind,-40.78377342471428,3.064614177555196,3.703665106908422,4,2000.0,7.601402334583733,0.0,18.724510763354967,2.3859269952270066,11702704.996724721,8034452.737954244,78.57367111912286,2023
13019,2025,6,mid,Thunderstorm Wind,-15.787037651974785,1.0760263978525144,3.0357657013791672,4,2000.0,7.601402334583733,0.0,18.724510763354967,2.3859269952270066,11702704.996724721,8034452.737954244,78.57367111912286,2023
13019,2025,6,top,Thunderstorm Wind,-13.84011099446468,0.8527835339706296,1.4667565850479274,4,2000.0,7.601402334583733,0.0,18.724510763354967,2.3859269952270066,11702704.996724721,8034452.737954244,78.57367111912286,2023
13023,2023,4,bottom,Thunderstorm Wind,20.023726401811103,1.9552339749683447,2.810986280015603,2,0.0,0.0,0.002777777777777778,40.666169443570965,2.5562804280633284,2404335.35689923,1944981.3703153317,63.54606742888257,2023
13023,2023,4,mid,Thunderstorm Wind,5.383037178835323,0.6416837331572925,0.7547908213615339,2,0.0,0.0,0.002777777777777778,40.666169443570965,2.5562804280633284,2404335.35689923,1944981.3703153317,63.54606742888257,2023
13023,2023,4,top,Thunderstorm Wind,0.24320747074139604,0.1141269232955614,0.22632517869228744,2,0.0,0.0,0.002777777777777778,40.666169443570965,2.5562804280633284,2404335.35689923,1944981.3703153317,63.54606742888257,2023
13023,2024,8,bottom,Thunderstorm Wind,21.09523618608702,2.179948563540937,-0.2369642701521665,2,3000.0,8.006700845440367,0.002777777777777778,46.684865892268945,2.5214225810316644,5692998.979395928,4272290.380193368,68.92316093944129,2023
13023,2024,8,mid,Thunderstorm Wind,8.973088251093003,1.3905604037482777,-0.25624787839034013,2,3000.0,8.006700845440367,0.002777777777777778,46.684865892268945,2.5214225810316644,5692998.979395928,4272290.380193368,68.92316093944129,2023
13023,2024,8,top,Thunderstorm Wind,5.945815762754691,0.9970531420683526,-0.23389835940001547,2,3000.0,8.006700845440367,0.002777777777777778,46.684865892268945,2.5214225810316644,5692998.979395928,4272290.380193368,68.92316093944129,2023
13043,2021,6,bottom,Thunderstorm Wind,11.965920284785298,0.7350153423077213,-3.675225933501366,1,0.0,0.0,0.0006944444444444445,50.9484,2.54742,2136806.419675534,1328419.3095258295,48.640126133216455,2020
13043,2021,6,mid,Thunderstorm Wind,2.0563228532717375,0.15297461493797954,-2.5283559564140745,1,0.0,0.0,0.0006944444444444445,50.9484,2.54742,2136806.419675534,1328419.3095258295,48.640126133216455,2020
13043,2021,6,top,Thunderstorm Wind,4.6900220913693715,0.1582808262864954,-2.9148959250323494,1,0.0,0.0,0.0006944444444444445,50.9484,2.54742,2136806.419675534,1328419.3095258295,48.640126133216455,2020
13057,2023,4,bottom,"Thunderstorm Wind,Tornado",10.003764647005113,0.7422502007711973,-0.7279266435299642,6,1000.0,6.90875477931522,0.009722222222222222,51.19065514437372,2.598773299144413,24677918.332215633,26049766.741176516,21.92677065583807,2023
13057,2023,4,mid,"Thunderstorm Wind,Tornado",4.95230390426461,0.4024065952924829,-0.4312442316798742,6,1000.0,6.90875477931522,0.009722222222222222,51.19065514437372,2.598773299144413,24677918.332215633,26049766.741176516,21.92677065583807,2023
13057,2023,4,top,"Thunderstorm Wind,Tornado",2.58128865849028,0.19489343711793675,0.08241409848736225,6,1000.0,6.90875477931522,0.009722222222222222,51.19065514437372,2.598773299144413,24677918.332215633,26049766.741176516,21.92677065583807,2023
13059,2024,4,bottom,Thunderstorm Wind,-9.192724605481388,0.8123228540945477,0.33186385149074243,1,1000.0,6.90875477931522,0.001388888888888889,40.28626716020196,2.512434570857422,17444007.44622153,16669635.047988793,59.96295819172822,2023
13059,2024,4,mid,Thunderstorm Wind,-1.4841308164268554,0.28916295404833614,-0.1515184509106149,1,1000.0,6.90875477931522,0.001388888888888889,40.28626716020196,2.512434570857422,17444007.44622153,16669635.047988793,59.96295819172822,2023
13059,2024,4,top,Thunderstorm Wind,0.24094575690052977,0.0372579942476,-0.781923978785026,1,1000.0,6.90875477931522,0.001388888888888889,40.28626716020196,2.512434570857422,17444007.44622153,16669635.047988793,59.96295819172822,2023
13061,2023,1,bottom,Thunderstorm Wind,13.258352347610142,2.3777516707788506,6.108831513878518,3,10000.0,9.210440366976517,0.0,10.058749866825105,2.3793234175613405,1962655.1982428725,1094059.0965892852,90.31333764481836,2021
13061,2023,1,mid,Thunderstorm Wind,1.6258028659576382,0.9483514558880073,4.545478319679162,3,10000.0,9.210440366976517,0.0,10.058749866825105,2.3793234175613405,1962655.1982428725,1094059.0965892852,90.31333764481836,2021
13061,2023,1,top,Thunderstorm Wind,3.965808581441749,0.464048031924149,1.5872911635793752,3,10000.0,9.210440366976517,0.0,10.058749866825105,2.3793234175613405,1962655.1982428725,1094059.0965892852,90.31333764481836,2021
13063,2023,2,bottom,Thunderstorm Wind,6.984079356767836,0.4432048618143764,-0.21974995716719548,1,0.0,0.0,0.0006944444444444445,21.673462088897704,2.482814937631035,29765599.78684362,20575989.206246562,92.24148666666021,2021
13063,2023,2,mid,Thunderstorm Wind,2.2130622983408728,0.09094119204452894,0.47671379317142265,1,0.0,0.0,0.0006944444444444445,21.673462088897704,2.482814937631035,29765599.78684362,20575989.206246562,92.24148666666021,2021
13063,2023,2,top,Thunderstorm Wind,-0.4313615701930047,0.11298933287394902,0.5983321301061911,1,0.0,0.0,0.0006944444444444445,21.673462088897704,2.482814937631035,29765599.78684362,20575989.206246562,92.24148666666021,2021
13069,2022,5,bottom,Hail,6.602830115132548,0.7127897618442861,-2.1359046024677277,1,0.0,0.0,0.0,40.692500314712525,2.580985734939575,8434711.454262964,6481566.069347129,56.75326418998817,2021
13069,2022,5,mid,Hail,10.81435139258771,0.4526052163154908,-3.8189012939636817,1,0.0,0.0,0.0,40.692500314712525,2.580985734939575,8434711.454262964,6481566.069347129,56.75326418998817,2021
13069,2022,5,top,Hail,12.52256840063474,0.577937726786096,-1.579687353294015,1,0.0,0.0,0.0,40.692500314712525,2.580985734939575,8434711.454262964,6481566.069347129,56.75326418998817,2021
13079,2024,7,bottom,Thunderstorm Wind,-13.819729238136446,1.2367114873576628,-4.189809100475439,3,4000.0,8.294299608857235,0.004166666666666667,14.72765509912563,2.4002428119952652,2062092.6589873566,2072626.9990939875,36.613459408786994,2023
13079,2024,7,mid,Thunderstorm Wind,-0.46441898503650236,0.3353387422346466,-2.264683868848929,3,4000.0,8.294299608857235,0.004166666666666667,14.72765509912563,2.4002428119952652,2062092.6589873566,2072626.9990939875,36.613459408786994,2023
13079,2024,7,top,Thunderstorm Wind,-1.6813163839248233,0.06327358956771333,-2.1558328971795313,3,4000.0,8.294299608857235,0.004166666666666667,14.72765509912563,2.4002428119952652,2062092.6589873566,2072626.9990939875,36.613459408786994,2023
13079,2025,5,bottom,Thunderstorm Wind,-48.61228725858598,5.187194298494817,-5.956022041546291,4,8000.0,8.987321812850125,0.005555555555555556,15.082439631446583,2.372722755527462,2548957.3425332042,2774422.4064584184,25.778121062441702,2023
13079,2025,5,mid,Thunderstorm Wind,-34.508821873916716,3.884084517559427,-10.580114183986888,4,8000.0,8.987321812850125,0.005555555555555556,15.082439631446583,2.372722755527462,2548957.3425332042,2774422.4064584184,25.778121062441702,2023
13079,2025,5,top,Thunderstorm Wind,-26.917237031061774,2.5017416123671765,0.6958092794710163,4,8000.0,8.987321812850125,0.005555555555555556,15.082439631446583,2.372722755527462,2548957.3425332042,2774422.4064584184,25.778121062441702,2023
13081,2023,4,bottom,Thunderstorm Wind,-10.058642290608148,0.3792074877641985,3.5256280835283036,5,1000.0,6.90875477931522,0.006944444444444444,20.91252216824736,2.4751382863289537,9160223.098184112,5629616.7985823825,99.03802166920453,2023
13081,2023,4,mid,Thunderstorm Wind,-5.0281306853615035,0.43431709437630434,-0.9668248141728194,5,1000.0,6.90875477931522,0.006944444444444444,20.91252216824736,2.4751382863289537,9160223.098184112,5629616.7985823825,99.03802166920453,2023
13081,2023,4,top,Thunderstorm Wind,-2.4300201598372837,0.27344127468685697,-1.4097783390368857,5,1000.0,6.90875477931522,0.006944444444444444,20.91252216824736,2.4751382863289537,9160223.098184112,5629616.7985823825,99.03802166920453,2023
13085,2022,6,bottom,Thunderstorm Wind,36.932225067665755,3.444392973928372,-8.527126193240298,1,1000.0,6.90875477931522,0.001388888888888889,57.90853802418518,2.6568362852214813,2374169.1092618895,2606698.953370415,22.578644681315186,2021
13085,2022,6,mid,Thunderstorm Wind,22.014210518998865,2.0394920689829945,-3.0688214606220754,1,1000.0,6.90875477931522,0.001388888888888889,57.90853802418518,2.6568362852214813,2374169.1092618895,2606698.953370415,22.578644681315186,2021
13085,2022,6,top,Thunderstorm Wind,16.35931143148639,1.494344181171215,-1.8918376235841474,1,1000.0,6.90875477931522,0.001388888888888889,57.90853802418518,2.6568362852214813,2374169.1092618895,2606698.953370415,22.578644681315186,2021
13085,2023,4,bottom,Thunderstorm Wind,-2.0191342048995295,0.21348257231785792,-1.0448153230746584,1,0.0,0.0,0.001388888888888889,64.01780574674163,2.648017748179214,3274622.788478993,3293727.406749429,18.836967426529355,2023
13085,2023,4,mid,Thunderstorm Wind,-2.3481188541383915,0.12169474100086404,-0.5197404861057796,1,0.0,0.0,0.001388888888888889,64.01780574674163,2.648017748179214,3274622.788478993,3293727.406749429,18.836967426529355,2023
13085,2023,4,top,Thunderstorm Wind,3.879427267746081,0.5392868000535007,-1.8902903762959369,1,0.0,0.0,0.001388888888888889,64.01780574674163,2.648017748179214,3274622.788478993,3293727.406749429,18.836967426529355,2023
13091,2021,3,bottom,Thunderstorm Wind,9.107534931183636,0.853776116350755,-4.136399569982653,1,3000.0,8.006700845440367,0.009722222222222222,53.7214,2.68607,1396684.176281055,1475711.6418697708,31.217973985007227,2020
13091,2021,3,mid,Thunderstorm Wind,11.59038323660684,1.2650550860491299,-1.7827263175930266,1,3000.0,8.006700845440367,0.009722222222222222,53.7214,2.68607,1396684.176281055,1475711.6418697708,31.217973985007227,2020
13091,2021,3,top,Thunderstorm Wind,10.216209532866742,1.318234050835518,-1.137346258800785,1,3000.0,8.006700845440367,0.009722222222222222,53.7214,2.68607,1396684.176281055,1475711.6418697708,31.217973985007227,2020
13091,2022,5,bottom,Thunderstorm Wind,6.112839712547114,0.9116160013858691,-2.9621393679935104,2,1000.0,6.90875477931522,0.002777777777777778,38.98337502861023,2.5957767285823823,1886663.8551309034,1506804.5631273491,50.15998499948865,2021
13091,2022,5,mid,Thunderstorm Wind,6.1096476285116665,0.7345219951114405,-0.18446863147533085,2,1000.0,6.90875477931522,0.002777777777777778,38.98337502861023,2.5957767285823823,1886663.8551309034,1506804.5631273491,50.15998499948865,2021
13091,2022,5,top,Thunderstorm Wind,9.505885000151508,0.8530331902837439,-0.14131933907038766,2,1000.0,6.90875477931522,0.002777777777777778,38.98337502861023,2.5957767285823823,1886663.8551309034,1506804.5631273491,50.15998499948865,2021
13093,2023,4,bottom,Thunderstorm Wind,4.396331458194624,0.18703511985661544,-7.014190960166526,1,1000.0,6.90875477931522,0.001388888888888889,9.224846905718534,2.408066933065104,4423584.103930842,2819066.0579154575,90.18801734685607,2023
13093,2023,4,mid,Thunderstorm Wind,-2.310142144042686,0.547386614621656,-4.085369085027665,1,1000.0,6.90875477931522,0.001388888888888889,9.224846905718534,2.408066933065104,4423584.103930842,2819066.0579154575,90.18801734685607,2023
13093,2023,4,top,Thunderstorm Wind,0.015806004291206932,0.26323391583843947,-1.021186137174676,1,1000.0,6.90875477931522,0.001388888888888889,9.224846905718534,2.408066933065104,4423584.103930842,2819066.0579154575,90.18801734685607,2023
13101,2025,6,bottom,Heavy Rain,-13.861001207841952,1.6101166979818773,10.906663320540417,1,0.0,0.0,0.052083333333333336,1.6598195654083507,2.215713069973167,886389.9350245324,1036223.8083453082,18.10097154818182,2023
13101,2025,6,mid,Heavy Rain,0.44029344889084143,0.2956011180303577,6.741729626628133,1,0.0,0.0,0.052083333333333336,1.6598195654083507,2.215713069973167,886389.9350245324,1036223.8083453082,18.10097154818182,2023
13101,2025,6,top,Heavy Rain,5.747683128234826,0.784704390535684,4.394550302199477,1,0.0,0.0,0.052083333333333336,1.6598195654083507,2.215713069973167,886389.9350245324,1036223.8083453082,18.10097154818182,2023
13107,2024,8,bottom,Thunderstorm Wind,9.065876224378684,0.3491133408311843,-6.836642403795295,1,1000.0,6.90875477931522,0.001388888888888889,15.903564049565384,2.4021755811116834,10565951.900256757,7072543.559382299,88.22590493730114,2023
13107,2024,8,mid,Thunderstorm Wind,3.95110912828801,0.20041544865780977,-5.2988633628728605,1,1000.0,6.90875477931522,0.001388888888888889,15.903564049565384,2.4021755811116834,10565951.900256757,7072543.559382299,88.22590493730114,2023
13107,2024,8,top,Thunderstorm Wind,2.076505655017016,0.1534836178033573,-4.032131902209453,1,1000.0,6.90875477931522,0.001388888888888889,15.903564049565384,2.4021755811116834,10565951.900256757,7072543.559382299,88.22590493730114,2023
13107,2025,6,bottom,Thunderstorm Wind,12.252331434156773,2.6007473804139902,-2.1388500071330774,3,7000.0,8.853808274977197,0.004166666666666667,16.49977799441399,2.375743606666881,12057941.872795502,8223686.7750706365,82.04702351398794,2023
13107,2025,6,mid,Thunderstorm Wind,19.97278304869768,2.526808706900659,-1.5819872825345698,3,7000.0,8.853808274977197,0.004166666666666667,16.49977799441399,2.375743606666881,12057941.872795502,8223686.7750706365,82.04702351398794,2023
13107,2025,6,top,Thunderstorm Wind,10.677859594455938,1.3376981547939297,-1.4156571157739108,3,7000.0,8.853808274977197,0.004166666666666667,16.49977799441399,2.375743606666881,12057941.872795502,8223686.7750706365,82.04702351398794,2023
13109,2021,6,bottom,Thunderstorm Wind,-20.77305093436891,1.7596025208100843,-0.9240003405908084,1,0.0,0.0,0.0006944444444444445,53.506198,2.6753099,1236464.6106181375,1099684.9869636788,37.169885691777786,2020
13109,2021,6,mid,Thunderstorm Wind,-10.058034784713527,0.8644866663843871,0.4376821255691065,1,0.0,0.0,0.0006944444444444445,53.506198,2.6753099,1236464.6106181375,1099684.9869636788,37.169885691777786,2020
13109,2021,6,top,Thunderstorm Wind,-8.417025828679641,0.7651251843055384,-0.23169775198279297,1,0.0,0.0,0.0006944444444444445,53.506198,2.6753099,1236464.6106181375,1099684.9869636788,37.169885691777786,2020
13109,2024,5,bottom,Thunderstorm Wind,-5.3893850980491464,2.8495482824777296,-3.794926475069772,6,0.0,0.0,0.004166666666666667,33.50798297011133,2.4834244878804452,9081882.078483827,5836259.199015524,89.57070693293086,2023
13109,2024,5,mid,Thunderstorm Wind,-10.313437015128386,1.7039464430758073,-1.119006965227186,6,0.0,0.0,0.004166666666666667,33.50798297011133,2.4834244878804452,9081882.078483827,5836259.199015524,89.57070693293086,2023
13109,2024,5,top,Thunderstorm Wind,-3.960800223994184,0.9135371992870529,1.0056831345806831,6,0.0,0.0,0.004166666666666667,33.50798297011133,2.4834244878804452,9081882.078483827,5836259.199015524,89.57070693293086,2023
13111,2023,4,bottom,Thunderstorm Wind,-0.6396475107341217,0.19864238729993705,3.37195798414605,1,0.0,0.0,0.001388888888888889,28.158373561285263,2.5069529110490056,5093092.469084415,3820883.66907119,49.41962819658144,2023
13111,2023,4,mid,Thunderstorm Wind,-9.491707031411835,0.6597377613074827,4.6530163169399925,1,0.0,0.0,0.001388888888888889,28.158373561285263,2.5069529110490056,5093092.469084415,3820883.66907119,49.41962819658144,2023
13111,2023,4,top,Thunderstorm Wind,-12.65737849058091,0.8488405294606591,5.345830899061492,1,0.0,0.0,0.001388888888888889,28.158373561285263,2.5069529110490056,5093092.469084415,3820883.66907119,49.41962819658144,2023
13117,2023,4,bottom,Thunderstorm Wind,7.924269339222292,0.7043168314312489,-0.24805844612808414,1,0.0,0.0,0.001388888888888889,59.371726635013665,2.6300662953214964,23073634.497133344,26667529.831237026,7.109800293030303,2023
13117,2023,4,mid,Thunderstorm Wind,9.450319395729522,0.845909159736392,-1.0998226035864984,1,0.0,0.0,0.001388888888888889,59.371726635013665,2.6300662953214964,23073634.497133344,26667529.831237026,7.109800293030303,2023
13117,2023,4,top,Thunderstorm Wind,9.215274821920659,0.9257847517541874,-1.1573415319417915,1,0.0,0.0,0.001388888888888889,59.371726635013665,2.6300662953214964,23073634.497133344,26667529.831237026,7.109800293030303,2023
13119,2022,8,bottom,Thunderstorm Wind,14.311353689734318,0.8589136048502266,-3.3777026366619083,2,10000.0,9.210440366976517,0.020833333333333332,37.32838801498413,2.5799478580331803,4218945.103333862,3428445.8786978545,59.056222079445824,2021
13119,2022,8,mid,Thunderstorm Wind,7.897437089435186,0.645590065937032,-2.1904853218013565,2,10000.0,9.210440366976517,0.020833333333333332,37.32838801498413,2.5799478580331803,4218945.103333862,3428445.8786978545,59.056222079445824,2021
13119,2022,8,top,Thunderstorm Wind,3.718773175223589,0.3814188191509993,-2.4059267625549694,2,10000.0,9.210440366976517,0.020833333333333332,37.32838801498413,2.5799478580331803,4218945.103333862,3428445.8786978545,59.056222079445824,2021
13123,2022,6,bottom,Thunderstorm Wind,27.208985580034778,2.149839139971285,-6.587721959308387,2,0.0,0.0,0.001388888888888889,36.50183786716461,2.5262337753009794,7192222.118801695,5167944.336791267,52.575606113444366,2021
13123,2022,6,mid,Thunderstorm Wind,21.014528159926442,1.3935116241868426,-5.088618858527828,2,0.0,0.0,0.001388888888888889,36.50183786716461,2.5262337753009794,7192222.118801695,5167944.336791267,52.575606113444366,2021
13123,2022,6,top,Thunderstorm Wind,13.471531266200245,0.9026732268163031,-1.6160487053393666,2,0.0,0.0,0.001388888888888889,36.50183786716461,2.5262337753009794,7192222.118801695,5167944.336791267,52.575606113444366,2021
13125,2021,6,bottom,Thunderstorm Wind,9.975074618409835,0.3780856389454911,1.9859958193838594,1,8000.0,8.987321812850125,0.013194444444444444,52.2574,2.61287,483524.7900536414,476572.72748686845,32.91288923927606,2020
13125,2021,6,mid,Thunderstorm Wind,-1.9240328928063661,0.4666934785895665,2.8219756914958154,1,8000.0,8.987321812850125,0.013194444444444444,52.2574,2.61287,483524.7900536414,476572.72748686845,32.91288923927606,2020
13125,2021,6,top,Thunderstorm Wind,-15.282081589789172,1.7320996486976674,2.15025130835393,1,8000.0,8.987321812850125,0.013194444444444444,52.2574,2.61287,483524.7900536414,476572.72748686845,32.91288923927606,2020
13129,2021,3,bottom,"Debris Flow,Flash Flood",-15.107143993413445,1.2666778089187027,-0.3926612739981768,10,0.0,0.0,1.8055555555555556,53.455802,2.6727901,7721809.833020564,7627157.480395393,33.58297201419666,2020
13129,2021,3,mid,"Debris Flow,Flash Flood",-8.655314307801248,0.41892271670848164,0.7615971444472697,10,0.0,0.0,1.8055555555555556,53.455802,2.6727901,7721809.833020564,7627157.480395393,33.58297201419666,2020
13129,2021,3,top,"Debris Flow,Flash Flood",-9.218936609528015,0.43601154636420436,0.5296202172846591,10,0.0,0.0,1.8055555555555556,53.455802,2.6727901,7721809.833020564,7627157.480395393,33.58297201419666,2020
13129,2023,4,bottom,"Hail,Thunderstorm Wind",8.726835544265285,0.9428997238803185,-2.6079912774188236,4,3000.0,8.006700845440367,0.004861111111111111,27.343631219345472,2.504216784570194,11074603.362942005,8476128.356246134,85.49351904433712,2023
13129,2023,4,mid,"Hail,Thunderstorm Wind",2.420246800863069,0.36750089315226525,-0.503530653188856,4,3000.0,8.006700845440367,0.004861111111111111,27.343631219345472,2.504216784570194,11074603.362942005,8476128.356246134,85.49351904433712,2023
13129,2023,4,top,"Hail,Thunderstorm Wind",2.4216670584066833,0.32544636920503905,0.37886670827568497,4,3000.0,8.006700845440367,0.004861111111111111,27.343631219345472,2.504216784570194,11074603.362942005,8476128.356246134,85.49351904433712,2023
13133,2021,8,bottom,Tornado,-0.7127371559657689,0.7850224021261797,-8.033952416866319,2,200000.0,12.206077645517674,0.011111111111111112,51.301798,2.5650899,2601762.697073052,1588062.0826656548,50.29562475363453,2020
13133,2021,8,mid,Tornado,-3.6148052851414576,0.7992724305932303,-4.828700425338918,2,200000.0,12.206077645517674,0.011111111111111112,51.301798,2.5650899,2601762.697073052,1588062.0826656548,50.29562475363453,2020
13133,2021,8,top,Tornado,6.552210109824969,0.38174831148662347,-7.422282630116484,2,200000.0,12.206077645517674,0.011111111111111112,51.301798,2.5650899,2601762.697073052,1588062.0826656548,50.29562475363453,2020
13141,2022,6,bottom,Thunderstorm Wind,15.904958416644376,1.0323732596775301,-4.261427176091947,3,1000.0,6.90875477931522,0.004166666666666667,28.1090875166893,2.3744499350500106,952172.8487962609,588097.963687464,65.6696330755773,2021
13141,2022,6,mid,Thunderstorm Wind,8.808134586471255,0.6000322970942793,-3.5341125289738877,3,1000.0,6.90875477931522,0.004166666666666667,28.1090875166893,2.3744499350500106,952172.8487962609,588097.963687464,65.6696330755773,2021
13141,2022,6,top,Thunderstorm Wind,10.66566820073163,1.1541345353010675,-5.187719776844394,3,1000.0,6.90875477931522,0.004166666666666667,28.1090875166893,2.3744499350500106,952172.8487962609,588097.963687464,65.6696330755773,2021
13141,2025,2,bottom,Thunderstorm Wind,24.34966744740089,3.150601762670314,10.25560045007424,3,5000.0,8.517393171418904,0.004166666666666667,4.844652644761941,2.283581538454553,4195626.1787478225,2277001.4176762,95.83321674946734,2023
13141,2025,2,mid,Thunderstorm Wind,27.7235527632277,2.9353824376517386,2.944661297229478,3,5000.0,8.517393171418904,0.004166666666666667,4.844652644761941,2.283581538454553,4195626.1787478225,2277001.4176762,95.83321674946734,2023
13141,2025,2,top,Thunderstorm Wind,13.853435903411423,1.2780066942659183,2.4295913056231577,3,5000.0,8.517393171418904,0.004166666666666667,4.844652644761941,2.283581538454553,4195626.1787478225,2277001.4176762,95.83321674946734,2023
13151,2022,6,bottom,Hail,-2.800615762740364,0.2702484951819949,3.582534806771084,1,0.0,0.0,0.0006944444444444445,57.86888789067078,2.7141490483926773,11747001.048240012,12870051.745161857,32.42603370595458,2021
13151,2022,6,mid,Hail,-1.4681201446425405,0.1464013287149219,1.5236715911731598,1,0.0,0.0,0.0006944444444444445,57.86888789067078,2.7141490483926773,11747001.048240012,12870051.745161857,32.42603370595458,2021
13151,2022,6,top,Hail,-3.04925399724074,0.2937458358523416,0.18484700969239518,1,0.0,0.0,0.0006944444444444445,57.86888789067078,2.7141490483926773,11747001.048240012,12870051.745161857,32.42603370595458,2021
13161,2025,8,bottom,Heavy Rain,26.588130457226683,1.504793634041405,-6.197190351199079,1,0.0,0.0,0.03125,20.384911786527308,2.3880756881280036,9237415.389899127,6113043.885691827,83.94662476803268,2023
13161,2025,8,mid,Heavy Rain,14.426960286774289,0.7902052430627772,-2.5195052602678345,1,0.0,0.0,0.03125,20.384911786527308,2.3880756881280036,9237415.389899127,6113043.885691827,83.94662476803268,2023
13161,2025,8,top,Heavy Rain,3.655907904310169,0.35971947812279104,-3.0446437701178346,1,0.0,0.0,0.03125,20.384911786527308,2.3880756881280036,9237415.389899127,6113043.885691827,83.94662476803268,2023
13163,2022,5,bottom,Thunderstorm Wind,-17.79443983772441,1.6139225686178924,11.736161027572805,2,0.0,0.0,0.002777777777777778,43.147748750000005,2.5474279781951905,3633485.2286556875,2156896.2648730655,70.17757728525537,2021
13163,2022,5,mid,Thunderstorm Wind,0.006396956725708947,0.9447345709352264,3.6482486159725624,2,0.0,0.0,0.002777777777777778,43.147748750000005,2.5474279781951905,3633485.2286556875,2156896.2648730655,70.17757728525537,2021
13163,2022,5,top,Thunderstorm Wind,1.7417509403993705,0.13950626429380902,2.625187489366956,2,0.0,0.0,0.002777777777777778,43.147748750000005,2.5474279781951905,3633485.2286556875,2156896.2648730655,70.17757728525537,2021
13165,2021,5,bottom,"Hail,Thunderstorm Wind",-16.56488858898942,4.184881500150564,-11.160475963438051,2,0.0,0.0,0.0020833333333333333,52.3698,2.61849,2308731.5925077903,1445564.5327094363,49.54670871108804,2020
13165,2021,5,mid,"Hail,Thunderstorm Wind",-11.025513486708633,2.5995863329609454,-7.903458730377731,2,0.0,0.0,0.0020833333333333333,52.3698,2.61849,2308731.5925077903,1445564.5327094363,49.54670871108804,2020
13165,2021,5,top,"Hail,Thunderstorm Wind",-1.6913156775159592,1.0762598630882965,-4.928081568914398,2,0.0,0.0,0.0020833333333333333,52.3698,2.61849,2308731.5925077903,1445564.5327094363,49.54670871108804,2020
13165,2023,6,bottom,Thunderstorm Wind,-3.007832852107782,0.3355854844757002,-4.880972439937007,1,1000.0,6.90875477931522,0.0006944444444444445,12.132708732380847,2.420647310291504,3621058.117969173,2358408.070660861,83.64642331840199,2023
13165,2023,6,mid,Thunderstorm Wind,-3.643586195282211,0.21290957674405142,-2.1293806967194464,1,1000.0,6.90875477931522,0.0006944444444444445,12.132708732380847,2.420647310291504,3621058.117969173,2358408.070660861,83.64642331840199,2023
13165,2023,6,top,Thunderstorm Wind,-4.502950653547032,0.18411582101938037,-0.31390411821528613,1,1000.0,6.90875477931522,0.0006944444444444445,12.132708732380847,2.420647310291504,3621058.117969173,2358408.070660861,83.64642331840199,2023
13167,2024,8,bottom,Thunderstorm Wind,18.581308499144953,1.6558985473827286,-3.5679719361680213,8,9000.0,9.105090961257085,0.011111111111111112,10.682967167810997,2.372406475154948,3438177.2369945482,2077440.2560769913,93.65200415675189,2023
13167,2024,8,mid,Thunderstorm Wind,14.64912128611897,1.3756655116270153,-2.968372074916156,8,9000.0,9.105090961257085,0.011111111111111112,10.682967167810997,2.372406475154948,3438177.2369945482,2077440.2560769913,93.65200415675189,2023
13167,2024,8,top,Thunderstorm Wind,5.147396078211372,0.6789884088462184,-3.5808139534225396,8,9000.0,9.105090961257085,0.011111111111111112,10.682967167810997,2.372406475154948,3438177.2369945482,2077440.2560769913,93.65200415675189,2023
13167,2025,6,bottom,Thunderstorm Wind,4.929970168369863,0.6572921325482242,-1.1230244294937346,4,12000.0,9.392745258631441,0.005555555555555556,11.202359507267547,2.346800876308105,4267803.55712102,2524788.3014019425,93.04730054003196,2023
13167,2025,6,mid,Thunderstorm Wind,6.455513040493557,0.5923574767518456,-1.6906217764777456,4,12000.0,9.392745258631441,0.005555555555555556,11.202359507267547,2.346800876308105,4267803.55712102,2524788.3014019425,93.04730054003196,2023
13167,2025,6,top,Thunderstorm Wind,9.347125750466319,1.2365952920646872,-1.6271899406289094,4,12000.0,9.392745258631441,0.005555555555555556,11.202359507267547,2.346800876308105,4267803.55712102,2524788.3014019425,93.04730054003196,2023
13169,2022,6,bottom,Thunderstorm Wind,11.230515894872966,1.1441756330838642,0.5787091835298005,1,0.0,0.0,0.001388888888888889,47.170750000000005,2.647984023785591,1414921.617786426,1463959.4108537354,27.983940059714868,2021
13169,2022,6,mid,Thunderstorm Wind,10.980870637027166,0.9035532850900239,0.5134533204474678,1,0.0,0.0,0.001388888888888889,47.170750000000005,2.647984023785591,1414921.617786426,1463959.4108537354,27.983940059714868,2021
13169,2022,6,top,Thunderstorm Wind,12.649620871682146,0.9410503850644235,-1.6004042995351473,1,0.0,0.0,0.001388888888888889,47.170750000000005,2.647984023785591,1414921.617786426,1463959.4108537354,27.983940059714868,2021
13169,2025,4,bottom,Thunderstorm Wind,-4.4799498933515025,0.5095298385278177,-2.342707283857621,3,4000.0,8.294299608857235,0.004166666666666667,31.054707379134857,2.441681326816258,5447658.20396953,4770115.8486481225,44.93525196102628,2023
13169,2025,4,mid,Thunderstorm Wind,-6.89999821803346,1.1922899322336875,-2.8769090877396244,3,4000.0,8.294299608857235,0.004166666666666667,31.054707379134857,2.441681326816258,5447658.20396953,4770115.8486481225,44.93525196102628,2023
13169,2025,4,top,Thunderstorm Wind,-6.250289815967548,0.7529410753412528,-0.8080154246831815,3,4000.0,8.294299608857235,0.004166666666666667,31.054707379134857,2.441681326816258,5447658.20396953,4770115.8486481225,44.93525196102628,2023
13175,2022,6,bottom,"Hail,Thunderstorm Wind",15.550307684981973,1.1081625588718618,-3.3265004767172854,5,1000.0,6.90875477931522,0.005555555555555556,42.508950924728396,2.606136639706993,4162243.5670007453,3133221.432745661,61.862244961625436,2021
13175,2022,6,mid,"Hail,Thunderstorm Wind",16.65819623281773,1.288251616911209,-5.780241294774086,5,1000.0,6.90875477931522,0.005555555555555556,42.508950924728396,2.606136639706993,4162243.5670007453,3133221.432745661,61.862244961625436,2021
13175,2022,6,top,"Hail,Thunderstorm Wind",13.520682805045851,0.8951932639198047,-4.931286490585729,5,1000.0,6.90875477931522,0.005555555555555556,42.508950924728396,2.606136639706993,4162243.5670007453,3133221.432745661,61.862244961625436,2021
13181,2022,4,bottom,"Flash Flood,Thunderstorm Wind",-55.09087359735622,4.385137423313173,18.401184799714315,5,80.0,4.394449154672439,0.08680555555555557,37.511613922683715,2.4930157044216155,1307270.2345155815,853755.0064461298,54.64432874908116,2021
13181,2022,4,mid,"Flash Flood,Thunderstorm Wind",-16.86741659611981,1.8184968591660564,4.107436516788496,5,80.0,4.394449154672439,0.08680555555555557,37.511613922683715,2.4930157044216155,1307270.2345155815,853755.0064461298,54.64432874908116,2021
13181,2022,4,top,"Flash Flood,Thunderstorm Wind",-2.948403567411134,0.5435418746079256,0.890918699370952,5,80.0,4.394449154672439,0.08680555555555557,37.511613922683715,2.4930157044216155,1307270.2345155815,853755.0064461298,54.64432874908116,2021
13187,2022,6,bottom,Thunderstorm Wind,10.030109796953965,0.798332078872418,-1.6386862255914327,1,1000.0,6.90875477931522,0.001388888888888889,44.67178776702881,2.606205977420807,2855713.4845445403,2776717.6795117613,35.26951745461422,2021
13187,2022,6,mid,Thunderstorm Wind,5.110969219128151,0.3970245006233749,0.9235015383139901,1,1000.0,6.90875477931522,0.001388888888888889,44.67178776702881,2.606205977420807,2855713.4845445403,2776717.6795117613,35.26951745461422,2021
13187,2022,6,top,Thunderstorm Wind,0.9055884248834616,0.14614938440422962,1.091376856619225,1,1000.0,6.90875477931522,0.001388888888888889,44.67178776702881,2.606205977420807,2855713.4845445403,2776717.6795117613,35.26951745461422,2021
13189,2021,8,bottom,Thunderstorm Wind,19.193179894058545,1.3664212428950895,-2.2435331237116665,1,200.0,5.303304908059076,0.001388888888888889,53.646598,2.6823299,2454330.1807729937,1770959.4638866666,43.79188017342489,2020
13189,2021,8,mid,Thunderstorm Wind,-0.2594585553937776,0.741923632163561,2.3670158147588105,1,200.0,5.303304908059076,0.001388888888888889,53.646598,2.6823299,2454330.1807729937,1770959.4638866666,43.79188017342489,2020
13189,2021,8,top,Thunderstorm Wind,-5.425903002148132,1.4394976030365496,1.2623050173373969,1,200.0,5.303304908059076,0.001388888888888889,53.646598,2.6823299,2454330.1807729937,1770959.4638866666,43.79188017342489,2020
13189,2025,6,bottom,Thunderstorm Wind,23.657760224239937,3.3022530556900316,3.489194015015092,1,0.0,0.0,0.0,27.597668369142323,2.422361791835693,7934698.598975441,5637728.559286314,77.8718528236044,2023
13189,2025,6,mid,Thunderstorm Wind,12.763235725772063,1.953394723114567,-1.9825530397861069,1,0.0,0.0,0.0,27.597668369142323,2.422361791835693,7934698.598975441,5637728.559286314,77.8718528236044,2023
13189,2025,6,top,Thunderstorm Wind,3.269585462612696,0.8279955833352175,-0.6441951331287802,1,0.0,0.0,0.0,27.597668369142323,2.422361791835693,7934698.598975441,5637728.559286314,77.8718528236044,2023
13195,2020,5,bottom,Hail,11.558220046108204,1.553423205792707,-0.8406991507586525,1,0.0,0.0,0.006944444444444444,53.530998,2.6765499,5772351.192821725,5948423.92673,31.9274733938,2020
13195,2020,5,mid,Hail,7.608722545558152,1.144807140758102,0.06202216117999152,1,0.0,0.0,0.006944444444444444,53.530998,2.6765499,5772351.192821725,5948423.92673,31.9274733938,2020
13195,2020,5,top,Hail,6.029309999925246,1.1265973404179457,0.8632960753523188,1,0.0,0.0,0.006944444444444444,53.530998,2.6765499,5772351.192821725,5948423.92673,31.9274733938,2020
13207,2021,10,bottom,Flash Flood,-11.431049099878592,2.9598138374028626,2.3854177197919597,9,0.0,0.0,0.4166666666666667,53.397198,2.6698599,1504708.1448859961,1574011.2847960216,31.336223886481758,2020
13207,2021,10,mid,Flash Flood,-3.5288869025913954,1.194587018141761,-0.7614305355438802,9,0.0,0.0,0.4166666666666667,53.397198,2.6698599,1504708.1448859961,1574011.2847960216,31.336223886481758,2020
13207,2021,10,top,Flash Flood,1.1491013298949468,0.3397338275922908,1.0561361366638284,9,0.0,0.0,0.4166666666666667,53.397198,2.6698599,1504708.1448859961,1574011.2847960216,31.336223886481758,2020
13207,2022,6,bottom,Thunderstorm Wind,9.78156961905566,0.9440878931223428,3.1305052895761207,7,1000.0,6.90875477931522,0.009722222222222222,50.43654934230042,2.632975183756447,2007027.2565492427,1770329.4845738108,38.26350013505863,2021
13207,2022,6,mid,Thunderstorm Wind,1.9345505422044909,0.1885656128752619,2.143870724389307,7,1000.0,6.90875477931522,0.009722222222222222,50.43654934230042,2.632975183756447,2007027.2565492427,1770329.4845738108,38.26350013505863,2021
13207,2022,6,top,Thunderstorm Wind,7.597168899738435,0.6702768341285754,-0.04963211111239237,7,1000.0,6.90875477931522,0.009722222222222222,50.43654934230042,2.632975183756447,2007027.2565492427,1770329.4845738108,38.26350013505863,2021
13209,2020,8,bottom,Flash Flood,9.344693902123552,1.452959988871358,-2.310076151033234,11,0.0,0.0,1.7916666666666667,52.336602,2.6168301,1355318.1082253123,1347683.05799,32.5975561687,2020
13209,2020,8,mid,Flash Flood,2.6588951626848285,0.9015811780393342,-0.725652142025325,11,0.0,0.0,1.7916666666666667,52.336602,2.6168301,1355318.1082253123,1347683.05799,32.5975561687,2020
13209,2020,8,top,Flash Flood,-1.8059792338940923,1.0786181530665928,0.17457886385543966,11,0.0,0.0,1.7916666666666667,52.336602,2.6168301,1355318.1082253123,1347683.05799,32.5975561687,2020
13209,2024,8,bottom,Thunderstorm Wind,7.33415619764105,1.2922002560225674,2.6912462552347924,4,6000.0,8.699681400989514,0.005555555555555556,25.10774278372345,2.4425427875878314,3267914.0166993747,2305116.894365527,81.00464880745265,2023
13209,2024,8,mid,Thunderstorm Wind,-4.119218862258876,0.3639318135646302,0.6619759806575777,4,6000.0,8.699681400989514,0.005555555555555556,25.10774278372345,2.4425427875878314,3267914.0166993747,2305116.894365527,81.00464880745265,2023
13209,2024,8,top,Thunderstorm Wind,-7.987282618919195,0.435725238255906,0.7034721915778306,4,6000.0,8.699681400989514,0.005555555555555556,25.10774278372345,2.4425427875878314,3267914.0166993747,2305116.894365527,81.00464880745265,2023
13219,2023,4,bottom,Thunderstorm Wind,-8.041466393064866,0.6289667001490146,-2.797905262445165,3,0.0,0.0,0.004166666666666667,77.26744715990415,2.6985684964507577,3102450.475093068,3555525.0923390673,4.860103156873817,2023
13219,2023,4,mid,Thunderstorm Wind,-2.907702072097294,0.20785409284604647,-0.11607396229167459,3,0.0,0.0,0.004166666666666667,77.26744715990415,2.6985684964507577,3102450.475093068,3555525.0923390673,4.860103156873817,2023
13219,2023,4,top,Thunderstorm Wind,-0.29111184343113905,0.19129625820923946,-0.3872877481425358,3,0.0,0.0,0.004166666666666667,77.26744715990415,2.6985684964507577,3102450.475093068,3555525.0923390673,4.860103156873817,2023
13219,2024,2,bottom,Thunderstorm Wind,-1.4668163212000849,0.8600402693637192,-4.15083441828844,1,1000.0,6.90875477931522,0.001388888888888889,82.64188518960968,2.684512860372396,4464610.795137839,6258241.285407431,6.661136442225748,2023
13219,2024,2,mid,Thunderstorm Wind,5.747058883361149,0.3868245099408589,-3.8994011169108753,1,1000.0,6.90875477931522,0.001388888888888889,82.64188518960968,2.684512860372396,4464610.795137839,6258241.285407431,6.661136442225748,2023
13219,2024,2,top,Thunderstorm Wind,4.849159909925419,0.29621195933521244,-3.388103313983123,1,1000.0,6.90875477931522,0.001388888888888889,82.64188518960968,2.684512860372396,4464610.795137839,6258241.285407431,6.661136442225748,2023
13221,2020,6,bottom,Thunderstorm Wind,6.170012272064497,0.6669635486566748,-1.7461338086005043,2,6000.0,8.699681400989514,0.041666666666666664,54.257398,2.7128699,1228547.1884688183,1406167.46247,28.6558927868,2020
13221,2020,6,mid,Thunderstorm Wind,3.8788802880588094,0.5117440477252598,0.25889693173315703,2,6000.0,8.699681400989514,0.041666666666666664,54.257398,2.7128699,1228547.1884688183,1406167.46247,28.6558927868,2020
13221,2020,6,top,Thunderstorm Wind,5.78639607276898,0.8521686551689402,0.7684039685569198,2,6000.0,8.699681400989514,0.041666666666666664,54.257398,2.7128699,1228547.1884688183,1406167.46247,28.6558927868,2020
13221,2021,5,bottom,Tornado,-8.756332679992525,1.0078972073881038,5.712730343849306,2,200000.0,12.206077645517674,0.004166666666666667,54.257398,2.7128699,1061946.0558693171,1215479.5555902924,28.655892786778004,2020
13221,2021,5,mid,Tornado,-6.112415286222543,0.4431150588896991,0.5776772062861207,2,200000.0,12.206077645517674,0.004166666666666667,54.257398,2.7128699,1061946.0558693171,1215479.5555902924,28.655892786778004,2020
13221,2021,5,top,Tornado,-4.576462348613603,0.31733001568261027,-1.0072657823595346,2,200000.0,12.206077645517674,0.004166666666666667,54.257398,2.7128699,1061946.0558693171,1215479.5555902924,28.655892786778004,2020
13225,2025,6,bottom,Thunderstorm Wind,-34.63459296046325,1.995312426467417,-3.3698267753038826,1,1000.0,6.90875477931522,0.001388888888888889,34.384136030526726,2.4451570059626464,7417644.935901393,6631670.042979985,52.93210276366832,2023
13225,2025,6,mid,Thunderstorm Wind,-33.04891705836609,2.283199142595467,-11.135065159741766,1,1000.0,6.90875477931522,0.001388888888888889,34.384136030526726,2.4451570059626464,7417644.935901393,6631670.042979985,52.93210276366832,2023
13225,2025,6,top,Thunderstorm Wind,-18.556278068443575,1.3690280502984151,-2.0679898214891543,1,1000.0,6.90875477931522,0.001388888888888889,34.384136030526726,2.4451570059626464,7417644.935901393,6631670.042979985,52.93210276366832,2023
13227,2023,4,bottom,Thunderstorm Wind,4.471092184508606,0.22675227447550378,-7.50118984419376,1,0.0,0.0,0.001388888888888889,42.391800532685515,2.563291574345052,4506802.53623147,3971186.6664982513,40.309345128674245,2023
13227,2023,4,mid,Thunderstorm Wind,0.2991701191848364,0.11399146653232191,-3.156763545471051,1,0.0,0.0,0.001388888888888889,42.391800532685515,2.563291574345052,4506802.53623147,3971186.6664982513,40.309345128674245,2023
13227,2023,4,top,Thunderstorm Wind,7.893559527200125,0.5700328521226642,-3.6347245840994162,1,0.0,0.0,0.001388888888888889,42.391800532685515,2.563291574345052,4506802.53623147,3971186.6664982513,40.309345128674245,2023
13229,2022,6,bottom,"Lightning,Thunderstorm Wind",-16.241186307343995,1.021103271075914,-0.434010190346072,3,7000.0,8.853808274977197,0.0,47.23458935932922,2.6212574999116898,6019617.016522288,4999508.348186151,40.86093621654308,2021
13229,2022,6,mid,"Lightning,Thunderstorm Wind",-2.1348789813439026,0.16782926176426913,-6.548352090224853,3,7000.0,8.853808274977197,0.0,47.23458935932922,2.6212574999116898,6019617.016522288,4999508.348186151,40.86093621654308,2021
13229,2022,6,top,"Lightning,Thunderstorm Wind",3.5629708783486933,0.40676872618569154,-4.55215273081177,3,7000.0,8.853808274977197,0.0,47.23458935932922,2.6212574999116898,6019617.016522288,4999508.348186151,40.86093621654308,2021
13235,2024,6,bottom,Thunderstorm Wind,8.114830017712706,2.572848301363417,-1.9127373810913706,1,1000.0,6.90875477931522,0.001388888888888889,28.50110071267404,2.462778783943204,4238573.816601727,2795022.252915865,93.23824079841974,2023
13235,2024,6,mid,Thunderstorm Wind,6.985511421123249,1.7997217043742537,0.44076839432945764,1,1000.0,6.90875477931522,0.001388888888888889,28.50110071267404,2.462778783943204,4238573.816601727,2795022.252915865,93.23824079841974,2023
13235,2024,6,top,Thunderstorm Wind,5.514485229560691,1.2929407994768833,0.6504819595466623,1,1000.0,6.90875477931522,0.001388888888888889,28.50110071267404,2.462778783943204,4238573.816601727,2795022.252915865,93.23824079841974,2023
13237,2023,4,bottom,Hail,-6.7325403158316846,0.24774977284258062,-0.4044410827758232,1,0.0,0.0,0.001388888888888889,15.45120044419701,2.4466758772433717,3752063.218284876,2920125.6543934,74.93734266109848,2023
13237,2023,4,mid,Hail,-3.231192514774449,0.19006449076995327,0.9069208910106568,1,0.0,0.0,0.001388888888888889,15.45120044419701,2.4466758772433717,3752063.218284876,2920125.6543934,74.93734266109848,2023
13237,2023,4,top,Hail,1.1951970174310276,0.4382180185713105,0.42665399484030786,1,0.0,0.0,0.001388888888888889,15.45120044419701,2.4466758772433717,3752063.218284876,2920125.6543934,74.93734266109848,2023
13239,2021,5,bottom,Thunderstorm Wind,1.546280981026186,1.8582834547105993,-0.9438495678052353,1,3000.0,8.006700845440367,0.0,47.062402,2.3531201,760556.1834247881,505313.1597187749,41.545132045711654,2020
13239,2021,5,mid,Thunderstorm Wind,10.269262254775882,0.5421196943225848,-0.09392915032662093,1,3000.0,8.006700845440367,0.0,47.062402,2.3531201,760556.1834247881,505313.1597187749,41.545132045711654,2020
13239,2021,5,top,Thunderstorm Wind,11.073851061984783,0.5539808715601747,-0.5442147246091906,1,3000.0,8.006700845440367,0.0,47.062402,2.3531201,760556.1834247881,505313.1597187749,41.545132045711654,2020
13239,2025,2,bottom,Thunderstorm Wind,-19.81930185026019,1.094597057488635,5.379059400749223,1,0.0,0.0,0.0,0.2701673209919982,2.0984372223830716,3598813.960780984,1926792.9741648813,89.33625624274384,2023
13239,2025,2,mid,Thunderstorm Wind,-12.25537152398526,0.9148546698155898,1.685165826470244,1,0.0,0.0,0.0,0.2701673209919982,2.0984372223830716,3598813.960780984,1926792.9741648813,89.33625624274384,2023
13239,2025,2,top,Thunderstorm Wind,-21.77113426184279,1.8554328442729968,0.31598716776957286,1,0.0,0.0,0.0,0.2701673209919982,2.0984372223830716,3598813.960780984,1926792.9741648813,89.33625624274384,2023
13241,2021,10,bottom,Flood,23.233928715034352,2.819480534126011,-3.1185934746493587,4,4000.0,8.294299608857235,0.75,52.140398000000005,2.6070199,2677249.0307132583,1654242.405840107,50.2956247536422,2020
13241,2021,10,mid,Flood,7.0825752828502715,1.0626942551888523,0.2612360612472126,4,4000.0,8.294299608857235,0.75,52.140398000000005,2.6070199,2677249.0307132583,1654242.405840107,50.2956247536422,2020
13241,2021,10,top,Flood,-2.476486179270438,1.151098866379864,3.336556595985911,4,4000.0,8.294299608857235,0.75,52.140398000000005,2.6070199,2677249.0307132583,1654242.405840107,50.2956247536422,2020
13243,2025,5,bottom,Thunderstorm Wind,5.1148101390543275,0.566068862247084,-7.977552356183286,1,2000.0,7.601402334583733,0.0,15.69433267982972,2.3753946351499575,6124005.016636797,3825077.7798542767,89.69792409109316,2023
13243,2025,5,mid,Thunderstorm Wind,11.085302756661804,0.4289158094386543,-5.269575457062572,1,2000.0,7.601402334583733,0.0,15.69433267982972,2.3753946351499575,6124005.016636797,3825077.7798542767,89.69792409109316,2023
13243,2025,5,top,Thunderstorm Wind,5.337245309686068,0.6087150656876358,-0.6498207267680698,1,2000.0,7.601402334583733,0.0,15.69433267982972,2.3753946351499575,6124005.016636797,3825077.7798542767,89.69792409109316,2023
13245,2025,6,bottom,Thunderstorm Wind,26.464495316802044,4.324559021628295,-1.7896271450104233,4,0.0,0.0,0.0,50.94273437881205,2.5027294283996806,64562230.716522045,51726785.39437052,67.94463522247159,2023
13245,2025,6,mid,Thunderstorm Wind,12.577031347581226,2.300003260590904,-3.4310237265144585,4,0.0,0.0,0.0,50.94273437881205,2.5027294283996806,64562230.716522045,51726785.39437052,67.94463522247159,2023
13245,2025,6,top,Thunderstorm Wind,12.129886348520515,1.35527066504732,-3.247688359796271,4,0.0,0.0,0.0,50.94273437881205,2.5027294283996806,64562230.716522045,51726785.39437052,67.94463522247159,2023
13249,2023,4,bottom,Hail,-5.232353928648607,1.2718120796976466,-2.203681552255849,1,0.0,0.0,0.0006944444444444445,23.47904108550317,2.4884851815314866,625378.8724261577,515404.9012936285,60.34616540903409,2023
13249,2023,4,mid,Hail,6.021895839368042,0.22669972210525774,-5.735135940718891,1,0.0,0.0,0.0006944444444444445,23.47904108550317,2.4884851815314866,625378.8724261577,515404.9012936285,60.34616540903409,2023
13249,2023,4,top,Hail,2.6985308274660014,0.3709327298155699,-3.673428953145077,1,0.0,0.0,0.0006944444444444445,23.47904108550317,2.4884851815314866,625378.8724261577,515404.9012936285,60.34616540903409,2023
13249,2024,3,bottom,Hail,2.7128484567629414,0.7225358162617628,2.629679173354679,1,0.0,0.0,0.0006944444444444445,21.268489669104458,2.4445653462550383,727601.6085870366,746840.7028229899,43.253968123741124,2023
13249,2024,3,mid,Hail,-10.689028366163257,0.9735833124539153,3.314762486497358,1,0.0,0.0,0.0006944444444444445,21.268489669104458,2.4445653462550383,727601.6085870366,746840.7028229899,43.253968123741124,2023
13249,2024,3,top,Hail,-2.4679983012829894,0.15276214845523062,3.2927580331504345,1,0.0,0.0,0.0006944444444444445,21.268489669104458,2.4445653462550383,727601.6085870366,746840.7028229899,43.253968123741124,2023
13249,2025,6,bottom,Thunderstorm Wind,-31.530300413754148,2.4370455746416595,2.827678369975762,1,1000.0,6.90875477931522,0.001388888888888889,18.254101374015303,2.384674661787154,866996.2488064171,1062434.9776357554,19.946426371068892,2023
13249,2025,6,mid,Thunderstorm Wind,-25.727709712781262,2.020627340986333,-2.5873215282027977,1,1000.0,6.90875477931522,0.001388888888888889,18.254101374015303,2.384674661787154,866996.2488064171,1062434.9776357554,19.946426371068892,2023
13249,2025,6,top,Thunderstorm Wind,-13.641721838319725,1.289766189052897,-1.8197974815901337,1,1000.0,6.90875477931522,0.001388888888888889,18.254101374015303,2.384674661787154,866996.2488064171,1062434.9776357554,19.946426371068892,2023
13259,2024,8,bottom,Thunderstorm Wind,-13.64283034143223,1.855023859736039,-1.7542972818673424,2,2000.0,7.601402334583733,0.002777777777777778,0.7140889773713347,2.1471162058814515,2642664.41794915,1387480.7092568106,97.84675589955494,2023
13259,2024,8,mid,Thunderstorm Wind,-20.62033699696474,2.647841421832488,-3.4133950421303134,2,2000.0,7.601402334583733,0.002777777777777778,0.7140889773713347,2.1471162058814515,2642664.41794915,1387480.7092568106,97.84675589955494,2023
13259,2024,8,top,Thunderstorm Wind,-1.6440829487808486,0.45040721669654055,-4.6972355386350175,2,2000.0,7.601402334583733,0.002777777777777778,0.7140889773713347,2.1471162058814515,2642664.41794915,1387480.7092568106,97.84675589955494,2023
13263,2024,2,bottom,"Flash Flood,Flood",3.251361223074639,2.172142029202388,-7.556320916197905,13,165000.0,12.013706813470414,14.958333333333334,7.092637815952705,2.3590565285263674,1386529.487894393,819517.9046844138,92.33784746438802,2023
13263,2024,2,mid,"Flash Flood,Flood",5.584583495514281,0.6931868896757409,-3.4317702933099574,13,165000.0,12.013706813470414,14.958333333333334,7.092637815952705,2.3590565285263674,1386529.487894393,819517.9046844138,92.33784746438802,2023
13263,2024,2,top,"Flash Flood,Flood",1.5535448067491728,0.22558952031370652,-2.194215218463133,13,165000.0,12.013706813470414,14.958333333333334,7.092637815952705,2.3590565285263674,1386529.487894393,819517.9046844138,92.33784746438802,2023
13265,2022,6,bottom,Thunderstorm Wind,-7.950563016374048,1.723166563167153,4.0289562417329705,2,0.0,0.0,0.002777777777777778,29.729351125,2.440726776015663,382347.7184689595,228709.95240669153,70.92626619733691,2021
13265,2022,6,mid,Thunderstorm Wind,-10.945586149327994,1.840343449458273,5.7400852342959565,2,0.0,0.0,0.002777777777777778,29.729351125,2.440726776015663,382347.7184689595,228709.95240669153,70.92626619733691,2021
13265,2022,6,top,Thunderstorm Wind,-12.351302010861673,1.6014518907173385,3.69508344486187,2,0.0,0.0,0.002777777777777778,29.729351125,2.440726776015663,382347.7184689595,228709.95240669153,70.92626619733691,2021
13265,2024,7,bottom,Thunderstorm Wind,-1.1240912437709198,0.5159167312022369,3.444991865112646,1,2000.0,7.601402334583733,0.001388888888888889,7.225942632431181,2.337456830823638,721192.5776431129,428253.78422316257,87.51760025915364,2023
13265,2024,7,mid,Thunderstorm Wind,-2.4675442489086947,0.43228949000514943,1.5321821291841455,1,2000.0,7.601402334583733,0.001388888888888889,7.225942632431181,2.337456830823638,721192.5776431129,428253.78422316257,87.51760025915364,2023
13265,2024,7,top,Thunderstorm Wind,0.5617039483526582,0.1623156961857263,0.8743148209028343,1,2000.0,7.601402334583733,0.001388888888888889,7.225942632431181,2.337456830823638,721192.5776431129,428253.78422316257,87.51760025915364,2023
13265,2025,6,bottom,Thunderstorm Wind,-3.1730007893021934,0.8199299606272152,9.99182604957432,2,8000.0,8.987321812850125,0.002777777777777778,9.959403192227619,2.3331894495259897,940263.7885008198,540161.8964821057,92.56907669617188,2023
13265,2025,6,mid,Thunderstorm Wind,-7.348127721939264,0.32478374648089314,3.3513391409994946,2,8000.0,8.987321812850125,0.002777777777777778,9.959403192227619,2.3331894495259897,940263.7885008198,540161.8964821057,92.56907669617188,2023
13265,2025,6,top,Thunderstorm Wind,3.6084376167407015,0.9297354640928593,3.3412588267679886,2,8000.0,8.987321812850125,0.002777777777777778,9.959403192227619,2.3331894495259897,940263.7885008198,540161.8964821057,92.56907669617188,2023
13267,2021,6,bottom,Thunderstorm Wind,14.773533801088874,1.033158463905487,-2.7986142994510126,2,1000.0,6.90875477931522,0.001388888888888889,51.0954,2.55477,3517519.077330253,3900989.77239554,28.10405991329032,2020
13267,2021,6,mid,Thunderstorm Wind,8.138455672246081,0.7103590923065042,0.3202814416111816,2,1000.0,6.90875477931522,0.001388888888888889,51.0954,2.55477,3517519.077330253,3900989.77239554,28.10405991329032,2020
13267,2021,6,top,Thunderstorm Wind,-1.0553055741774102,0.061833822773622454,-0.1940576402073854,2,1000.0,6.90875477931522,0.001388888888888889,51.0954,2.55477,3517519.077330253,3900989.77239554,28.10405991329032,2020
13267,2025,5,bottom,"Flash Flood,Thunderstorm Wind",28.88307939031465,2.0514783471877096,-11.372830205489961,7,60000.0,11.002116507732017,0.5020833333333333,15.285628125095654,2.3727271061575483,27707759.771426994,19251125.006461583,79.00997468158972,2023
13267,2025,5,mid,"Flash Flood,Thunderstorm Wind",20.563343474676415,1.2164023400198332,-7.30525282758101,7,60000.0,11.002116507732017,0.5020833333333333,15.285628125095654,2.3727271061575483,27707759.771426994,19251125.006461583,79.00997468158972,2023
13267,2025,5,top,"Flash Flood,Thunderstorm Wind",-2.636030915893471,0.9462077457186643,-4.447224542080089,7,60000.0,11.002116507732017,0.5020833333333333,15.285628125095654,2.3727271061575483,27707759.771426994,19251125.006461583,79.00997468158972,2023
13269,2024,7,bottom,Thunderstorm Wind,-18.18670510144665,2.2743576452197156,-0.38885808303524055,1,1000.0,6.90875477931522,0.001388888888888889,4.798969905225136,2.312337990521932,3224833.485904055,1876113.6966538387,93.8547618395123,2023
13269,2024,7,mid,Thunderstorm Wind,-6.239136910389007,0.32133247683356864,2.0169734265800656,1,1000.0,6.90875477931522,0.001388888888888889,4.798969905225136,2.312337990521932,3224833.485904055,1876113.6966538387,93.8547618395123,2023
13269,2024,7,top,Thunderstorm Wind,-5.467523048872167,0.7705393233810857,-0.779084018150859,1,1000.0,6.90875477931522,0.001388888888888889,4.798969905225136,2.312337990521932,3224833.485904055,1876113.6966538387,93.8547618395123,2023
13269,2025,4,bottom,Hail,-3.4598902825366338,0.5455292598906172,-1.4179846072738325,4,0.0,0.0,0.003472222222222222,6.013390417905677,2.303246841951497,4212950.893653511,2396724.575719214,94.22868900094697,2023
13269,2025,4,mid,Hail,-3.743735644352782,0.94937954748167,-6.668040169836928,4,0.0,0.0,0.003472222222222222,6.013390417905677,2.303246841951497,4212950.893653511,2396724.575719214,94.22868900094697,2023
13269,2025,4,top,Hail,-12.378273914845252,1.325544751604248,-0.051687604050755453,4,0.0,0.0,0.003472222222222222,6.013390417905677,2.303246841951497,4212950.893653511,2396724.575719214,94.22868900094697,2023
13271,2021,5,bottom,Thunderstorm Wind,10.623320235991699,0.8816953103707356,-1.3073006905283837,1,1000.0,6.90875477931522,0.006944444444444444,49.861598,2.4930799,1430787.670677155,1071084.2506849358,39.65313362239432,2020
13271,2021,5,mid,Thunderstorm Wind,15.543048787889646,1.519651821392996,-1.465844202094156,1,1000.0,6.90875477931522,0.006944444444444444,49.861598,2.4930799,1430787.670677155,1071084.2506849358,39.65313362239432,2020
13271,2021,5,top,Thunderstorm Wind,13.112912092074225,1.645242814561238,-1.5102583352743675,1,1000.0,6.90875477931522,0.006944444444444444,49.861598,2.4930799,1430787.670677155,1071084.2506849358,39.65313362239432,2020
13273,2022,5,bottom,Thunderstorm Wind,26.965911380121796,3.738247758600461,5.760906379120168,1,0.0,0.0,0.0,40.16237343528747,2.5710634356632234,2409048.9590879483,1523757.9410592064,70.8630957537671,2021
13273,2022,5,mid,Thunderstorm Wind,17.44767291540994,1.393469316145821,-8.439130101167754,1,0.0,0.0,0.0,40.16237343528747,2.5710634356632234,2409048.9590879483,1523757.9410592064,70.8630957537671,2021
13273,2022,5,top,Thunderstorm Wind,10.454338863215895,0.7627691418741703,-3.8909831193005715,1,0.0,0.0,0.0,40.16237343528747,2.5710634356632234,2409048.9590879483,1523757.9410592064,70.8630957537671,2021
13273,2025,6,bottom,"Flash Flood,Thunderstorm Wind",23.052294710514317,1.3618458842150722,-11.08203273885774,5,0.0,0.0,0.2916666666666667,29.807466884192124,2.428672623654896,5989165.953726562,4211831.632746658,80.98176222338068,2023
13273,2025,6,mid,"Flash Flood,Thunderstorm Wind",-5.128505464731234,0.9709593042205256,-4.312489728126835,5,0.0,0.0,0.2916666666666667,29.807466884192124,2.428672623654896,5989165.953726562,4211831.632746658,80.98176222338068,2023
13273,2025,6,top,"Flash Flood,Thunderstorm Wind",-6.254225640692539,1.0547058288736741,-5.517501980126734,5,0.0,0.0,0.2916666666666667,29.807466884192124,2.428672623654896,5989165.953726562,4211831.632746658,80.98176222338068,2023
13279,2025,5,bottom,Thunderstorm Wind,18.56345593299092,2.0720661743580933,-10.222248058757705,2,16000.0,9.680406499268875,0.002777777777777778,29.024757482467066,2.43007321157197,13313279.253838906,10089942.02422541,72.14834392890684,2023
13279,2025,5,mid,Thunderstorm Wind,17.017477392887884,1.4426631224467867,-9.312433863534423,2,16000.0,9.680406499268875,0.002777777777777778,29.024757482467066,2.43007321157197,13313279.253838906,10089942.02422541,72.14834392890684,2023
13279,2025,5,top,Thunderstorm Wind,6.422772328030192,0.6537374712804878,-5.9102102836432096,2,16000.0,9.680406499268875,0.002777777777777778,29.024757482467066,2.43007321157197,13313279.253838906,10089942.02422541,72.14834392890684,2023
13283,2022,5,bottom,Thunderstorm Wind,-3.762209163789805,0.5231775001500241,-1.3705979475807624,2,2000.0,7.601402334583733,0.002777777777777778,32.096625010728836,2.419341350126267,1227922.221002581,757608.3570552357,65.38533977452911,2021
13283,2022,5,mid,Thunderstorm Wind,-2.418498116827479,0.8688306650399332,-1.1548033373187063,2,2000.0,7.601402334583733,0.002777777777777778,32.096625010728836,2.419341350126267,1227922.221002581,757608.3570552357,65.38533977452911,2021
13283,2022,5,top,Thunderstorm Wind,7.98393551884638,0.4526363069968841,-3.24778215387488,2,2000.0,7.601402334583733,0.002777777777777778,32.096625010728836,2.419341350126267,1227922.221002581,757608.3570552357,65.38533977452911,2021
13289,2023,4,bottom,Thunderstorm Wind,32.14712463185626,3.060400755368883,10.420064165311354,1,0.0,0.0,0.001388888888888889,29.48077599181823,2.511710273530658,1078507.4272241052,852664.8387837935,57.01018208899621,2023
13289,2023,4,mid,Thunderstorm Wind,7.858093349865555,0.5192673731020364,5.993121675738507,1,0.0,0.0,0.001388888888888889,29.48077599181823,2.511710273530658,1078507.4272241052,852664.8387837935,57.01018208899621,2023
13289,2023,4,top,Thunderstorm Wind,3.5717598709832856,0.3039840275303141,3.799298944525603,1,0.0,0.0,0.001388888888888889,29.48077599181823,2.511710273530658,1078507.4272241052,852664.8387837935,57.01018208899621,2023
13289,2024,8,bottom,Thunderstorm Wind,-17.071401548647827,0.8660071863241308,-3.2173875217473786,1,1000.0,6.90875477931522,0.001388888888888889,38.29318697809741,2.489331150265329,2787919.9517835826,1775596.5275898322,76.5330808644981,2023
13289,2024,8,mid,Thunderstorm Wind,-20.162552171776397,1.4564603755998633,-3.79289510481514,1,1000.0,6.90875477931522,0.001388888888888889,38.29318697809741,2.489331150265329,2787919.9517835826,1775596.5275898322,76.5330808644981,2023
13289,2024,8,top,Thunderstorm Wind,-7.558227545417353,0.4020759589296328,-0.4095000286140949,1,1000.0,6.90875477931522,0.001388888888888889,38.29318697809741,2.489331150265329,2787919.9517835826,1775596.5275898322,76.5330808644981,2023
13295,2024,2,bottom,Thunderstorm Wind,-1.1496299263354643,0.5678052511690519,1.0719030633772633,1,5000.0,8.517393171418904,0.001388888888888889,24.648380593388033,2.4609904502687177,20231239.139639467,17659741.865965758,59.9014271746224,2023
13295,2024,2,mid,Thunderstorm Wind,0.9603813726919839,0.3879337830258162,1.3613026506858337,1,5000.0,8.517393171418904,0.001388888888888889,24.648380593388033,2.4609904502687177,20231239.139639467,17659741.865965758,59.9014271746224,2023
13295,2024,2,top,Thunderstorm Wind,0.5611657001082193,0.40525445640727703,1.6289699641762638,1,5000.0,8.517393171418904,0.001388888888888889,24.648380593388033,2.4609904502687177,20231239.139639467,17659741.865965758,59.9014271746224,2023
13317,2025,4,bottom,Thunderstorm Wind,12.79985437988013,2.7075905394469193,8.5009842640709,1,1000.0,6.90875477931522,0.0006944444444444445,11.057868763975632,2.350540258770567,4887994.454556998,3244179.1204902343,80.53949094294508,2023
13317,2025,4,mid,Thunderstorm Wind,12.89005450119707,2.1891280336340295,4.988223660904282,1,1000.0,6.90875477931522,0.0006944444444444445,11.057868763975632,2.350540258770567,4887994.454556998,3244179.1204902343,80.53949094294508,2023
13317,2025,4,top,Thunderstorm Wind,0.04777031399625287,0.4958167553674552,3.73942132959723,1,1000.0,6.90875477931522,0.0006944444444444445,11.057868763975632,2.350540258770567,4887994.454556998,3244179.1204902343,80.53949094294508,2023
13319,2024,8,bottom,Thunderstorm Wind,-10.876407983952745,0.729031696917111,-6.243668374991117,5,5000.0,8.517393171418904,0.006944444444444444,28.382622956402347,2.4533056837910157,2123150.164088693,1789334.5218310282,62.08955149999053,2023
13319,2024,8,mid,Thunderstorm Wind,-13.7964039533408,1.30578721769922,-2.9793766458641735,5,5000.0,8.517393171418904,0.006944444444444444,28.382622956402347,2.4533056837910157,2123150.164088693,1789334.5218310282,62.08955149999053,2023
13319,2024,8,top,Thunderstorm Wind,-6.066452649094231,0.48072866547474663,-1.5655434861359605,5,5000.0,8.517393171418904,0.006944444444444444,28.382622956402347,2.4533056837910157,2123150.164088693,1789334.5218310282,62.08955149999053,2023
16003,2020,5,bottom,Thunderstorm Wind,14.142774727954134,1.2522288620570396,-4.0753575134788065,2,0.0,0.0,0.020833333333333332,49.699202,2.4849601,2347142.9088064055,1478288.49291,46.7087110761,2020
16003,2020,5,mid,Thunderstorm Wind,0.11827540447809781,0.3746461033996928,-3.686590215122616,2,0.0,0.0,0.020833333333333332,49.699202,2.4849601,2347142.9088064055,1478288.49291,46.7087110761,2020
16003,2020,5,top,Thunderstorm Wind,0.7800796338149212,0.14793365732011735,-2.486461169346659,2,0.0,0.0,0.020833333333333332,49.699202,2.4849601,2347142.9088064055,1478288.49291,46.7087110761,2020
16003,2022,8,bottom,Hail,-4.676876575629024,0.9254478575703666,-3.5897565314168296,1,0.0,0.0,0.08333333333333333,26.310900810626983,2.438234263820839,4984615.571498048,4246551.317013551,32.500686524935865,2021
16003,2022,8,mid,Hail,-4.629621111637064,0.6184159928678945,-1.6347856419563367,1,0.0,0.0,0.08333333333333333,26.310900810626983,2.438234263820839,4984615.571498048,4246551.317013551,32.500686524935865,2021
16003,2022,8,top,Hail,-6.76512475902129,0.6981994157191354,-1.3227759528471428,1,0.0,0.0,0.08333333333333333,26.310900810626983,2.438234263820839,4984615.571498048,4246551.317013551,32.500686524935865,2021
16007,2020,6,bottom,Thunderstorm Wind,2.4368076962453102,0.21793768373000932,1.7734668518551757,1,0.0,0.0,0.010416666666666666,54.660602,2.7330301,1186339.4217161478,1034272.85531,38.5888845093,2020
16007,2020,6,mid,Thunderstorm Wind,8.243146715427343,0.6262075132431083,0.14478219396849093,1,0.0,0.0,0.010416666666666666,54.660602,2.7330301,1186339.4217161478,1034272.85531,38.5888845093,2020
16007,2020,6,top,Thunderstorm Wind,8.627369730255197,0.7690313608263932,1.559067593693366,1,0.0,0.0,0.010416666666666666,54.660602,2.7330301,1186339.4217161478,1034272.85531,38.5888845093,2020
16007,2022,7,bottom,Thunderstorm Wind,6.604820002418293,0.28973557414957,0.9917911597379145,1,0.0,0.0,0.006944444444444444,51.520301534057616,2.6621915198028567,1117456.6205691178,1000440.7615711115,28.044442254631456,2021
16007,2022,7,mid,Thunderstorm Wind,0.16021986576484437,0.6622681950052558,1.0365388326511038,1,0.0,0.0,0.006944444444444444,51.520301534057616,2.6621915198028567,1117456.6205691178,1000440.7615711115,28.044442254631456,2021
16007,2022,7,top,Thunderstorm Wind,-6.157312574350954,1.0475867105984422,1.1164314753793765,1,0.0,0.0,0.006944444444444444,51.520301534057616,2.6621915198028567,1117456.6205691178,1000440.7615711115,28.044442254631456,2021
16007,2023,4,bottom,Debris Flow,7.418565616262782,0.6177664877053864,-0.5412837443086195,4,20000.0,9.90353755128617,4.636111111111111,48.21512016598174,2.5871470160419032,1308653.7520726128,1242747.1914103515,17.291618474848484,2023
16007,2023,4,mid,Debris Flow,1.2665715448927415,0.5519297065493406,3.3695716131155677,4,20000.0,9.90353755128617,4.636111111111111,48.21512016598174,2.5871470160419032,1308653.7520726128,1242747.1914103515,17.291618474848484,2023
16007,2023,4,top,Debris Flow,1.54845611879243,0.5048470947164146,0.21041164588996727,4,20000.0,9.90353755128617,4.636111111111111,48.21512016598174,2.5871470160419032,1308653.7520726128,1242747.1914103515,17.291618474848484,2023
16013,2022,9,bottom,Thunderstorm Wind,0.2114784054369636,0.5330943334295147,-5.00539979371096,2,0.0,0.0,0.01875,36.87172442779541,2.5166925043392183,4252240.515870654,4165240.052540683,44.62198964995947,2021
16013,2022,9,mid,Thunderstorm Wind,-3.389737890428904,1.0216777021376497,-3.2146137850563954,2,0.0,0.0,0.01875,36.87172442779541,2.5166925043392183,4252240.515870654,4165240.052540683,44.62198964995947,2021
16013,2022,9,top,Thunderstorm Wind,12.444847286991433,0.6379520173608704,-3.9858460012758834,2,0.0,0.0,0.01875,36.87172442779541,2.5166925043392183,4252240.515870654,4165240.052540683,44.62198964995947,2021
16013,2023,6,bottom,Flood,-12.25448642468055,1.1237165555405826,-0.9889810998242486,4,7600000.0,15.843658936835498,108.16388888888889,28.595372750862257,2.5024603458570445,6890132.4018522985,7090131.591907099,48.62738852598899,2023
16013,2023,6,mid,Flood,0.055209241932345776,0.7632041419040896,-0.39748834322443827,4,7600000.0,15.843658936835498,108.16388888888889,28.595372750862257,2.5024603458570445,6890132.4018522985,7090131.591907099,48.62738852598899,2023
16013,2023,6,top,Flood,-0.1817720458327443,0.7319816359867483,-3.2995045643525316,4,7600000.0,15.843658936835498,108.16388888888889,28.595372750862257,2.5024603458570445,6890132.4018522985,7090131.591907099,48.62738852598899,2023
16015,2020,5,bottom,Thunderstorm Wind,6.2594580638577355,0.457118843155609,-0.9750321222715334,2,0.0,0.0,0.020833333333333332,49.6666,2.48333,9339851.267860278,9748716.44425,29.247142294,2020
16015,2020,5,mid,Thunderstorm Wind,1.390110532921895,0.2200903636387446,-0.22840348259025708,2,0.0,0.0,0.020833333333333332,49.6666,2.48333,9339851.267860278,9748716.44425,29.247142294,2020
16015,2020,5,top,Thunderstorm Wind,-1.16487398539509,0.22489309996523257,0.6905832446799897,2,0.0,0.0,0.020833333333333332,49.6666,2.48333,9339851.267860278,9748716.44425,29.247142294,2020
16017,2022,6,bottom,"Hail,Heavy Rain",2.848835261820625,0.4166342451116211,-7.84907290632152,3,0.0,0.0,0.4375,46.067349465942385,2.516172744445801,2368105.1035804306,2112607.610223154,36.91641984598628,2021
16017,2022,6,mid,"Hail,Heavy Rain",-5.622119746494619,0.3535788960725577,-5.00752873079152,3,0.0,0.0,0.4375,46.067349465942385,2.516172744445801,2368105.1035804306,2112607.610223154,36.91641984598628,2021
16017,2022,6,top,"Hail,Heavy Rain",-10.425539098838073,0.7205416200384405,-4.844981699431543,3,0.0,0.0,0.4375,46.067349465942385,2.516172744445801,2368105.1035804306,2112607.610223154,36.91641984598628,2021
16017,2023,1,bottom,Debris Flow,2.1480973987112577,0.6989343489145846,4.271460343170006,4,2000.0,7.601402334583733,14.5,42.53829893188477,2.5525254888916016,3148379.441705502,3016417.782681229,34.88920547833441,2021
16017,2023,1,mid,Debris Flow,-0.0695578149914553,0.3677161617640752,5.7197535388121805,4,2000.0,7.601402334583733,14.5,42.53829893188477,2.5525254888916016,3148379.441705502,3016417.782681229,34.88920547833441,2021
16017,2023,1,top,Debris Flow,1.51196147106225,0.4299443718387068,7.808696526120968,4,2000.0,7.601402334583733,14.5,42.53829893188477,2.5525254888916016,3148379.441705502,3016417.782681229,34.88920547833441,2021
16017,2024,9,bottom,"Hail,Thunderstorm Wind",-4.764567286305677,0.8595248083967224,0.7903823607440046,3,11000.0,9.305741456739435,0.013888888888888888,37.26727911203293,2.4872969702294037,22790635.357077498,20782671.63405537,40.10968140058683,2023
16017,2024,9,mid,"Hail,Thunderstorm Wind",-2.8758467660524047,0.6575415195340417,0.42320402135373075,3,11000.0,9.305741456739435,0.013888888888888888,37.26727911203293,2.4872969702294037,22790635.357077498,20782671.63405537,40.10968140058683,2023
16017,2024,9,top,"Hail,Thunderstorm Wind",-3.0900754446503527,0.6162661206463281,0.16948008635895917,3,11000.0,9.305741456739435,0.013888888888888888,37.26727911203293,2.4872969702294037,22790635.357077498,20782671.63405537,40.10968140058683,2023
16021,2023,5,bottom,Flash Flood,-6.216238996868356,0.7910519780118387,2.1763328493033214,4,2000.0,7.601402334583733,0.5,5.999471996585923,2.37492786191154,3073359.3038547775,2276797.293618259,34.532615986424894,2023
16021,2023,5,mid,Flash Flood,-5.628376408124055,0.8131020139485501,2.250927041647041,4,2000.0,7.601402334583733,0.5,5.999471996585923,2.37492786191154,3073359.3038547775,2276797.293618259,34.532615986424894,2023
16021,2023,5,top,Flash Flood,-3.5083990821347015,0.6540982961105852,0.7394276531915457,4,2000.0,7.601402334583733,0.5,5.999471996585923,2.37492786191154,3073359.3038547775,2276797.293618259,34.532615986424894,2023
16021,2024,9,bottom,Thunderstorm Wind,-3.392839445103135,0.30185350463840566,3.4598298544569133,8,5500.0,8.612685172875459,0.04027777777777777,5.595246443394403,2.322406024537842,6164227.417260566,4623112.7654038295,50.31353289149592,2023
16021,2024,9,mid,Thunderstorm Wind,-1.702525457498453,0.33344016255358555,2.1931696791197717,8,5500.0,8.612685172875459,0.04027777777777777,5.595246443394403,2.322406024537842,6164227.417260566,4623112.7654038295,50.31353289149592,2023
16021,2024,9,top,Thunderstorm Wind,0.9781091094391314,0.24691151650041446,0.7806592010071824,8,5500.0,8.612685172875459,0.04027777777777777,5.595246443394403,2.322406024537842,6164227.417260566,4623112.7654038295,50.31353289149592,2023
16025,2023,8,bottom,"Flash Flood,Hail,Heavy Rain",-6.151278743789476,0.36821433721684593,2.837683241699395,8,0.0,0.0,2.140972222222222,34.90289201691594,2.520801976351873,1027457.9572804524,959886.1074269192,34.054279183025564,2023
16025,2023,8,mid,"Flash Flood,Hail,Heavy Rain",-16.246171620125594,1.0719789606599486,7.86503153801561,8,0.0,0.0,2.140972222222222,34.90289201691594,2.520801976351873,1027457.9572804524,959886.1074269192,34.054279183025564,2023
16025,2023,8,top,"Flash Flood,Hail,Heavy Rain",-10.261265513537069,0.5156322114780032,7.535095954974376,8,0.0,0.0,2.140972222222222,34.90289201691594,2.520801976351873,1027457.9572804524,959886.1074269192,34.054279183025564,2023
16027,2020,5,bottom,Thunderstorm Wind,-0.9744665810360686,0.463453052109696,0.09902229906794464,2,0.0,0.0,0.020833333333333332,55.026202,2.7513101,6233124.846000269,5385242.81717,39.1407173827,2020
16027,2020,5,mid,Thunderstorm Wind,-4.069574744570247,0.6660941073712091,-0.5677296280911813,2,0.0,0.0,0.020833333333333332,55.026202,2.7513101,6233124.846000269,5385242.81717,39.1407173827,2020
16027,2020,5,top,Thunderstorm Wind,-4.913123822167975,0.7426625624411899,-0.6143800402931182,2,0.0,0.0,0.020833333333333332,55.026202,2.7513101,6233124.846000269,5385242.81717,39.1407173827,2020
16027,2021,6,bottom,Thunderstorm Wind,-9.431463633945327,1.6222809286005762,-3.196315883532298,2,0.0,0.0,0.027777777777777776,55.026202,2.7513101,5035273.925193144,4350333.646137368,39.14071738272071,2020
16027,2021,6,mid,Thunderstorm Wind,-10.124470398401485,1.5292012880059105,-3.6938545643842815,2,0.0,0.0,0.027777777777777776,55.026202,2.7513101,5035273.925193144,4350333.646137368,39.14071738272071,2020
16027,2021,6,top,Thunderstorm Wind,-12.808716559832959,1.4426105631143376,-1.820121736070135,2,0.0,0.0,0.027777777777777776,55.026202,2.7513101,5035273.925193144,4350333.646137368,39.14071738272071,2020
16027,2023,5,bottom,"Heavy Rain,Thunderstorm Wind",4.594287671677435,0.7426284974877037,3.914079882651644,6,0.0,0.0,0.25,53.6894778080238,2.604609563513975,11642495.845130952,10386099.036141297,61.51168796004084,2023
16027,2023,5,mid,"Heavy Rain,Thunderstorm Wind",2.219392120065095,0.4139242011059899,3.7100018114971505,6,0.0,0.0,0.25,53.6894778080238,2.604609563513975,11642495.845130952,10386099.036141297,61.51168796004084,2023
16027,2023,5,top,"Heavy Rain,Thunderstorm Wind",0.8837087797984537,0.2476173676683478,2.8913647768461175,6,0.0,0.0,0.25,53.6894778080238,2.604609563513975,11642495.845130952,10386099.036141297,61.51168796004084,2023
16029,2021,9,bottom,Hail,-12.767286395525346,1.36870481573081,6.139108732098076,5,9000.0,9.105090961257085,0.04861111111111111,53.223,2.66115,1307347.6503224354,1699223.6873385285,24.04414662988151,2020
16029,2021,9,mid,Hail,-8.503156032709725,1.3126990846512179,0.9537173546197172,5,9000.0,9.105090961257085,0.04861111111111111,53.223,2.66115,1307347.6503224354,1699223.6873385285,24.04414662988151,2020
16029,2021,9,top,Hail,-8.8363762418616,1.138876915466685,0.3828659256807943,5,9000.0,9.105090961257085,0.04861111111111111,53.223,2.66115,1307347.6503224354,1699223.6873385285,24.04414662988151,2020
16029,2022,7,bottom,Thunderstorm Wind,-2.024405423416013,0.8037678160744677,2.097644345182985,2,0.0,0.0,0.01597222222222222,42.191499923706054,2.5917660104751588,1548239.871949263,1625387.7522565802,21.5520730479101,2021
16029,2022,7,mid,Thunderstorm Wind,-0.04189123045709664,0.36172858030845617,1.8714360664798544,2,0.0,0.0,0.01597222222222222,42.191499923706054,2.5917660104751588,1548239.871949263,1625387.7522565802,21.5520730479101,2021
16029,2022,7,top,Thunderstorm Wind,-2.5867427100772886,0.4078311803288053,-0.3355891670844879,2,0.0,0.0,0.01597222222222222,42.191499923706054,2.5917660104751588,1548239.871949263,1625387.7522565802,21.5520730479101,2021
16035,2021,7,bottom,Debris Flow,-11.14666451241618,0.409815534497723,5.008823848146553,4,0.0,0.0,0.8305555555555556,49.6002,2.48001,2414242.6847155397,2105809.038144056,35.00197083169398,2020
16035,2021,7,mid,Debris Flow,-4.864065112781574,0.2183700481823636,1.25836165239852,4,0.0,0.0,0.8305555555555556,49.6002,2.48001,2414242.6847155397,2105809.038144056,35.00197083169398,2020
16035,2021,7,top,Debris Flow,2.811576695601204,0.4333237039993102,-0.6448321671042029,4,0.0,0.0,0.8305555555555556,49.6002,2.48001,2414242.6847155397,2105809.038144056,35.00197083169398,2020
16037,2020,5,bottom,Thunderstorm Wind,2.0523649922878207,0.5355052654037935,-2.914096363576855,1,0.0,0.0,0.008333333333333333,52.420002,2.6210001,1247597.727580976,1291762.1396,31.0997240836,2020
16037,2020,5,mid,Thunderstorm Wind,-2.0563870086419342,0.18135908580558321,-1.188545087832992,1,0.0,0.0,0.008333333333333333,52.420002,2.6210001,1247597.727580976,1291762.1396,31.0997240836,2020
16037,2020,5,top,Thunderstorm Wind,-1.6278686569914242,0.16935450760847048,-1.5764502520800978,1,0.0,0.0,0.008333333333333333,52.420002,2.6210001,1247597.727580976,1291762.1396,31.0997240836,2020
16037,2021,8,bottom,Flash Flood,8.314331562530356,1.2881230408285922,-0.8265774700095866,12,0.0,0.0,1.1444444444444446,52.420002,2.6210001,1226331.8873115156,1269743.4979180105,31.099724083572447,2020
16037,2021,8,mid,Flash Flood,3.916779712677169,0.2367644519702647,-0.873187175055809,12,0.0,0.0,1.1444444444444446,52.420002,2.6210001,1226331.8873115156,1269743.4979180105,31.099724083572447,2020
16037,2021,8,top,Flash Flood,-11.70760483332188,1.3213994115526637,1.0690344731126846,12,0.0,0.0,1.1444444444444446,52.420002,2.6210001,1226331.8873115156,1269743.4979180105,31.099724083572447,2020
16039,2020,4,bottom,Thunderstorm Wind,-8.063294586543847,0.5556708354147665,-1.080996365348516,2,0.0,0.0,0.0625,52.497,2.62485,5047826.183219014,5036191.9965,32.5975561687,2020
16039,2020,4,mid,Thunderstorm Wind,5.2196952725242625,0.8481709801218762,-2.5489499998662097,2,0.0,0.0,0.0625,52.497,2.62485,5047826.183219014,5036191.9965,32.5975561687,2020
16039,2020,4,top,Thunderstorm Wind,7.532038349853892,0.9788037339536357,-3.582032642099776,2,0.0,0.0,0.0625,52.497,2.62485,5047826.183219014,5036191.9965,32.5975561687,2020
16039,2022,6,bottom,"Hail,Heavy Rain,Thunderstorm Wind",4.90347728678546,0.42607420532950346,-1.6733114376864318,7,0.0,0.0,2.0,39.25081219959259,2.5633698655605315,12632882.107413117,10601947.197918082,53.0473737427227,2021
16039,2022,6,mid,"Hail,Heavy Rain,Thunderstorm Wind",2.842125298832414,0.3273592153094866,0.3848542353897055,7,0.0,0.0,2.0,39.25081219959259,2.5633698655605315,12632882.107413117,10601947.197918082,53.0473737427227,2021
16039,2022,6,top,"Hail,Heavy Rain,Thunderstorm Wind",-1.8254151752357473,0.16334454776193244,4.443228203426382,7,0.0,0.0,2.0,39.25081219959259,2.5633698655605315,12632882.107413117,10601947.197918082,53.0473737427227,2021
16039,2023,8,bottom,"Flash Flood,Heavy Rain",-3.9821702744778094,0.44394469026188804,3.151729059435823,17,0.0,0.0,4.416666666666667,20.07740553968331,2.4565611260870917,19054548.39873532,15741280.626615167,69.16453232305871,2023
16039,2023,8,mid,"Flash Flood,Heavy Rain",4.4487619723509795,0.7357397234301544,2.7079932854525786,17,0.0,0.0,4.416666666666667,20.07740553968331,2.4565611260870917,19054548.39873532,15741280.626615167,69.16453232305871,2023
16039,2023,8,top,"Flash Flood,Heavy Rain",3.232842096515327,0.5522047208093191,1.3558864777802928,17,0.0,0.0,4.416666666666667,20.07740553968331,2.4565611260870917,19054548.39873532,15741280.626615167,69.16453232305871,2023
16041,2024,8,bottom,Thunderstorm Wind,-3.2875991999839442,0.489513674753854,0.9165658210969619,2,6000.0,8.699681400989514,0.020833333333333332,30.83736316434713,2.4681994386883286,2902302.50054842,3477077.625954245,11.412059526969697,2023
16041,2024,8,mid,Thunderstorm Wind,-0.49608062885626225,0.1883556593021513,0.20392059805465124,2,6000.0,8.699681400989514,0.020833333333333332,30.83736316434713,2.4681994386883286,2902302.50054842,3477077.625954245,11.412059526969697,2023
16041,2024,8,top,Thunderstorm Wind,2.0549726902331145,0.08138198941267433,-0.5191491757700201,2,6000.0,8.699681400989514,0.020833333333333332,30.83736316434713,2.4681994386883286,2902302.50054842,3477077.625954245,11.412059526969697,2023
16045,2021,6,bottom,Thunderstorm Wind,-26.959940060424344,2.740549351225519,-2.246120341176218,4,0.0,0.0,0.030555555555555555,54.194798000000006,2.7097399,1969757.680105509,1510673.5084618262,42.33346472210742,2020
16045,2021,6,mid,Thunderstorm Wind,-21.142865590988905,2.244542277900933,-1.639111567240107,4,0.0,0.0,0.030555555555555555,54.194798000000006,2.7097399,1969757.680105509,1510673.5084618262,42.33346472210742,2020
16045,2021,6,top,Thunderstorm Wind,-16.446893907441677,1.8850126066883877,-2.463225183621963,4,0.0,0.0,0.030555555555555555,54.194798000000006,2.7097399,1969757.680105509,1510673.5084618262,42.33346472210742,2020
16047,2022,6,bottom,"Flood,Hail",7.198822273564389,0.7081176352513925,-5.276620518377594,8,0.0,0.0,0.3333333333333333,31.57826146679115,2.4759985358501435,7874906.671932427,6367418.020795606,58.435184190063715,2021
16047,2022,6,mid,"Flood,Hail",4.897568967311244,0.38689238676316884,-5.236997164099279,8,0.0,0.0,0.3333333333333333,31.57826146679115,2.4759985358501435,7874906.671932427,6367418.020795606,58.435184190063715,2021
16047,2022,6,top,"Flood,Hail",-0.9602610814846457,0.04508043600350513,-3.1869979074297086,8,0.0,0.0,0.3333333333333333,31.57826146679115,2.4759985358501435,7874906.671932427,6367418.020795606,58.435184190063715,2021
16047,2024,5,bottom,Thunderstorm Wind,0.20636263591279658,0.11630687995636405,-1.088932563689364,1,0.0,0.0,0.041666666666666664,5.360957789084659,2.3299608713179376,6803285.4536511,6004516.699092142,64.28479464767518,2023
16047,2024,5,mid,Thunderstorm Wind,-1.9651048119796144,0.14585167580189726,-1.074883104348686,1,0.0,0.0,0.041666666666666664,5.360957789084659,2.3299608713179376,6803285.4536511,6004516.699092142,64.28479464767518,2023
16047,2024,5,top,Thunderstorm Wind,-4.2796146106771715,0.20373876212105146,-0.043545412930280726,1,0.0,0.0,0.041666666666666664,5.360957789084659,2.3299608713179376,6803285.4536511,6004516.699092142,64.28479464767518,2023
16049,2020,7,bottom,Debris Flow,3.869285392931019,0.18290129337098013,-0.1994657597119366,4,720000.0,13.487007879880162,26.333333333333332,50.5684,2.52842,11524496.348701216,9029464.04824,38.864800946,2020
16049,2020,7,mid,Debris Flow,4.495094004255819,0.13483657412962036,-1.430798001763345,4,720000.0,13.487007879880162,26.333333333333332,50.5684,2.52842,11524496.348701216,9029464.04824,38.864800946,2020
16049,2020,7,top,Debris Flow,0.325580673064195,0.414203424654778,-1.326402326534705,4,720000.0,13.487007879880162,26.333333333333332,50.5684,2.52842,11524496.348701216,9029464.04824,38.864800946,2020
16053,2020,5,bottom,Thunderstorm Wind,4.571356532330967,0.45187870816611053,-2.733043721704353,2,0.0,0.0,0.020833333333333332,52.121602,2.6060801,6170453.147746806,5342848.37044,37.0122191565,2020
16053,2020,5,mid,Thunderstorm Wind,6.402277064650704,0.4699213032715161,-1.3109331909622075,2,0.0,0.0,0.020833333333333332,52.121602,2.6060801,6170453.147746806,5342848.37044,37.0122191565,2020
16053,2020,5,top,Thunderstorm Wind,5.333775495351503,0.40404261533309466,0.8880777562248454,2,0.0,0.0,0.020833333333333332,52.121602,2.6060801,6170453.147746806,5342848.37044,37.0122191565,2020
16053,2024,8,bottom,Flood,0.3241057364207762,0.3386058167740473,-1.852621030957555,4,0.0,0.0,0.3333333333333333,5.788154756768243,2.322220348794448,5462131.1525730165,3997338.4735426684,67.9588634460606,2023
16053,2024,8,mid,Flood,-0.3363135220996156,0.15194671604185195,-0.688917874700086,4,0.0,0.0,0.3333333333333333,5.788154756768243,2.322220348794448,5462131.1525730165,3997338.4735426684,67.9588634460606,2023
16053,2024,8,top,Flood,2.879131531303841,0.36264625386804683,-0.5841953099872512,4,0.0,0.0,0.3333333333333333,5.788154756768243,2.322220348794448,5462131.1525730165,3997338.4735426684,67.9588634460606,2023
16053,2025,5,bottom,Thunderstorm Wind,5.676736113609067,0.5035667107467505,-3.8211891576532793,2,0.0,0.0,0.0,4.267766179368549,2.277693293285071,6861529.97815102,4985959.43936145,68.46649703515152,2023
16053,2025,5,mid,Thunderstorm Wind,7.266358042868845,0.6597016781930013,-3.1644472253064655,2,0.0,0.0,0.0,4.267766179368549,2.277693293285071,6861529.97815102,4985959.43936145,68.46649703515152,2023
16053,2025,5,top,Thunderstorm Wind,11.57516827190247,1.2069030732882313,-5.101129203402631,2,0.0,0.0,0.0,4.267766179368549,2.277693293285071,6861529.97815102,4985959.43936145,68.46649703515152,2023
16055,2025,4,bottom,Funnel Cloud,-7.228117037648019,1.0369896098623705,0.8487866835490175,1,0.0,0.0,0.006944444444444444,48.42537266412635,2.5009698249408143,33897385.493861526,36388425.49741972,23.945507180723247,2023
16055,2025,4,mid,Funnel Cloud,-1.4270650371638283,0.267221846816087,0.3515866375759534,1,0.0,0.0,0.006944444444444444,48.42537266412635,2.5009698249408143,33897385.493861526,36388425.49741972,23.945507180723247,2023
16055,2025,4,top,Funnel Cloud,1.3502330521961312,0.2794772946272126,-0.6407480191821217,1,0.0,0.0,0.006944444444444444,48.42537266412635,2.5009698249408143,33897385.493861526,36388425.49741972,23.945507180723247,2023
16057,2021,6,bottom,Hail,-1.6030509618815074,0.7856137486611434,6.028843593144738,2,0.0,0.0,0.013888888888888888,52.611597999999994,2.6305799,635501.6901333041,834277.4421981464,23.49231375640304,2020
16057,2021,6,mid,Hail,-1.2630624715543775,0.537957416172754,5.254939507465356,2,0.0,0.0,0.013888888888888888,52.611597999999994,2.6305799,635501.6901333041,834277.4421981464,23.49231375640304,2020
16057,2021,6,top,Hail,6.235356687342787,0.687393036558514,5.15770726497109,2,0.0,0.0,0.013888888888888888,52.611597999999994,2.6305799,635501.6901333041,834277.4421981464,23.49231375640304,2020
16057,2024,9,bottom,Thunderstorm Wind,4.563581808294913,0.6302320064753033,1.5089923095060271,4,3500.0,8.160803920954665,0.027777777777777776,45.37699583584364,2.5156599762704968,7145896.239471775,8276249.410792484,21.74042303711293,2023
16057,2024,9,mid,Thunderstorm Wind,7.579180952815676,0.8116766322852638,-0.3440156713647771,4,3500.0,8.160803920954665,0.027777777777777776,45.37699583584364,2.5156599762704968,7145896.239471775,8276249.410792484,21.74042303711293,2023
16057,2024,9,top,Thunderstorm Wind,9.666289522365545,0.8642175301253008,0.021462809784869325,4,3500.0,8.160803920954665,0.027777777777777776,45.37699583584364,2.5156599762704968,7145896.239471775,8276249.410792484,21.74042303711293,2023
16059,2021,8,bottom,Debris Flow,15.267694972202221,1.2447595208195843,3.520144728271518,8,0.0,0.0,3.75,51.704998,2.5852499,2370048.6845355467,1671154.0262618186,43.20063066613084,2020
16059,2021,8,mid,Debris Flow,2.3440355282257173,0.4727410503294459,3.1714029678834756,8,0.0,0.0,3.75,51.704998,2.5852499,2370048.6845355467,1671154.0262618186,43.20063066613084,2020
16059,2021,8,top,Debris Flow,-2.22598629247004,0.21289704124727096,1.0804053982489232,8,0.0,0.0,3.75,51.704998,2.5852499,2370048.6845355467,1671154.0262618186,43.20063066613084,2020
16061,2024,7,bottom,Thunderstorm Wind,2.2120981385386074,1.6930384634577684,3.6213226342678033,1,2000.0,7.601402334583733,0.013888888888888888,4.751300784375822,2.317144518923706,1773785.8437913358,1334744.3526305142,62.43993971248343,2023
16061,2024,7,mid,Thunderstorm Wind,6.649990348628364,1.5294976694429658,2.57747426376793,1,2000.0,7.601402334583733,0.013888888888888888,4.751300784375822,2.317144518923706,1773785.8437913358,1334744.3526305142,62.43993971248343,2023
16061,2024,7,top,Thunderstorm Wind,12.5826743949588,1.9069333791639385,2.3599755583733164,1,2000.0,7.601402334583733,0.013888888888888888,4.751300784375822,2.317144518923706,1773785.8437913358,1334744.3526305142,62.43993971248343,2023
16063,2020,7,bottom,Thunderstorm Wind,-17.896579196232764,1.5051473855810815,-1.3822949181676119,2,0.0,0.0,0.013888888888888888,51.887398,2.5943699,2519347.9674774664,2035912.81273,38.9042175798,2020
16063,2020,7,mid,Thunderstorm Wind,-12.604298611372243,0.7950650755252605,-3.71428120153665,2,0.0,0.0,0.013888888888888888,51.887398,2.5943699,2519347.9674774664,2035912.81273,38.9042175798,2020
16063,2020,7,top,Thunderstorm Wind,1.5396049798623608,0.2124206805830703,-5.663120412816364,2,0.0,0.0,0.013888888888888888,51.887398,2.5943699,2519347.9674774664,2035912.81273,38.9042175798,2020
16063,2021,9,bottom,Thunderstorm Wind,-13.746295555738143,1.6671993530304345,3.791425963311075,1,0.0,0.0,0.010416666666666666,51.887398,2.5943699,2746165.306929674,2219206.400396829,38.90421757981557,2020
16063,2021,9,mid,Thunderstorm Wind,-6.04451947821569,0.40665157807867236,3.582092727132325,1,0.0,0.0,0.010416666666666666,51.887398,2.5943699,2746165.306929674,2219206.400396829,38.90421757981557,2020
16063,2021,9,top,Thunderstorm Wind,-6.413545605307135,0.2502995952576757,4.773080413941959,1,0.0,0.0,0.010416666666666666,51.887398,2.5943699,2746165.306929674,2219206.400396829,38.90421757981557,2020
16063,2022,7,bottom,Thunderstorm Wind,28.026660537129743,2.5709755759918065,-3.1445680247459413,1,0.0,0.0,0.011111111111111112,26.883698997615813,2.449488407260132,2990253.6925081294,2073120.6518943284,54.62210695885466,2021
16063,2022,7,mid,Thunderstorm Wind,16.816310831767737,1.552821163577015,-3.32783566821818,1,0.0,0.0,0.011111111111111112,26.883698997615813,2.449488407260132,2990253.6925081294,2073120.6518943284,54.62210695885466,2021
16063,2022,7,top,Thunderstorm Wind,-1.8309326001235604,0.8274080612884929,-1.941730550672683,1,0.0,0.0,0.011111111111111112,26.883698997615813,2.449488407260132,2990253.6925081294,2073120.6518943284,54.62210695885466,2021
16063,2025,5,bottom,Thunderstorm Wind,18.850177273705853,0.9699034422863075,-12.892276752237052,2,0.0,0.0,0.018055555555555557,1.2007001300703377,2.1896648204133893,4366527.228157743,3577467.8860618337,51.60809082924953,2023
16063,2025,5,mid,Thunderstorm Wind,9.639727788532312,0.6117348170724022,-5.362310868896107,2,0.0,0.0,0.018055555555555557,1.2007001300703377,2.1896648204133893,4366527.228157743,3577467.8860618337,51.60809082924953,2023
16063,2025,5,top,Thunderstorm Wind,14.671557916424348,1.4765830363957069,-7.12692961891679,2,0.0,0.0,0.018055555555555557,1.2007001300703377,2.1896648204133893,4366527.228157743,3577467.8860618337,51.60809082924953,2023
16067,2021,9,bottom,Thunderstorm Wind,-12.018039571460974,0.8195859867446544,0.22049313878485557,1,0.0,0.0,0.010416666666666666,52.416,2.6208,5610713.958800688,4329084.346496044,40.79621600316111,2020
16067,2021,9,mid,Thunderstorm Wind,-3.7479696666808593,0.3888916230719444,-3.1358428327950065,1,0.0,0.0,0.010416666666666666,52.416,2.6208,5610713.958800688,4329084.346496044,40.79621600316111,2020
16067,2021,9,top,Thunderstorm Wind,-7.057647047987928,1.1895010908804884,-4.349116781292253,1,0.0,0.0,0.010416666666666666,52.416,2.6208,5610713.958800688,4329084.346496044,40.79621600316111,2020
16067,2023,5,bottom,Hail,0.31102635344532814,0.47500428976767195,-7.168920850561851,4,1000.0,6.90875477931522,0.03125,11.940786078143704,2.4245032405596185,3320080.927421958,2505351.759283474,66.4413943800136,2023
16067,2023,5,mid,Hail,-1.1331222072283822,0.4072504624403349,-4.269802507574819,4,1000.0,6.90875477931522,0.03125,11.940786078143704,2.4245032405596185,3320080.927421958,2505351.759283474,66.4413943800136,2023
16067,2023,5,top,Hail,1.6284775240489324,0.596737973154605,-5.775881695506428,4,1000.0,6.90875477931522,0.03125,11.940786078143704,2.4245032405596185,3320080.927421958,2505351.759283474,66.4413943800136,2023
16069,2024,9,bottom,Funnel Cloud,13.422548162113046,1.503741447021112,1.8795294283177337,1,0.0,0.0,0.004166666666666667,59.029112490906144,2.566121444061579,7111971.9045928875,9043265.985067729,30.43095107588157,2023
16069,2024,9,mid,Funnel Cloud,10.816668595857962,1.1935106082469433,0.32209506163315876,1,0.0,0.0,0.004166666666666667,59.029112490906144,2.566121444061579,7111971.9045928875,9043265.985067729,30.43095107588157,2023
16069,2024,9,top,Funnel Cloud,13.71079823085769,1.2293327041828317,-0.5664845951821794,1,0.0,0.0,0.004166666666666667,59.029112490906144,2.566121444061579,7111971.9045928875,9043265.985067729,30.43095107588157,2023
16073,2021,6,bottom,Thunderstorm Wind,16.794578094875632,0.858985948620292,-17.58293775598141,2,0.0,0.0,0.027777777777777776,48.6408,2.43204,2512190.878359644,1775990.0133447954,40.559716200221295,2020
16073,2021,6,mid,Thunderstorm Wind,3.2166298493574317,1.136431395252199,-11.600029129155393,2,0.0,0.0,0.027777777777777776,48.6408,2.43204,2512190.878359644,1775990.0133447954,40.559716200221295,2020
16073,2021,6,top,Thunderstorm Wind,6.62513630127701,1.2533480950127691,-12.498243580443093,2,0.0,0.0,0.027777777777777776,48.6408,2.43204,2512190.878359644,1775990.0133447954,40.559716200221295,2020
16073,2025,5,bottom,Thunderstorm Wind,-2.431450625731074,0.832145773060424,-2.857558116479789,1,0.0,0.0,0.0,1.203610942619089,2.189900423322839,12436913.731271936,7340067.853549558,84.051852368634,2023
16073,2025,5,mid,Thunderstorm Wind,-4.013044133994683,0.5165824031480847,-0.28655362916909627,1,0.0,0.0,0.0,1.203610942619089,2.189900423322839,12436913.731271936,7340067.853549558,84.051852368634,2023
16073,2025,5,top,Thunderstorm Wind,-9.562266080256748,0.662398588772748,2.521451723167336,1,0.0,0.0,0.0,1.203610942619089,2.189900423322839,12436913.731271936,7340067.853549558,84.051852368634,2023
16075,2022,6,bottom,"Hail,Heavy Rain",3.3980082051497362,0.15911468290012246,-0.2614871749741023,4,0.0,0.0,1.0833333333333333,40.88338829121399,2.5836371397184372,1701849.9402463774,1318403.8336633083,47.98182517447526,2021
16075,2022,6,mid,"Hail,Heavy Rain",3.883632173633927,0.2806713023790161,1.6783555598876916,4,0.0,0.0,1.0833333333333333,40.88338829121399,2.5836371397184372,1701849.9402463774,1318403.8336633083,47.98182517447526,2021
16075,2022,6,top,"Hail,Heavy Rain",4.020117375309681,0.28542389441026395,2.952506228446277,4,0.0,0.0,1.0833333333333333,40.88338829121399,2.5836371397184372,1701849.9402463774,1318403.8336633083,47.98182517447526,2021
16079,2022,3,bottom,Flood,-6.571011532660037,1.0591607647819092,6.79127459936115,4,80000.0,11.289794413577894,8.333333333333334,42.30300150000001,2.5143053222114564,1286026.8931876065,845297.4185363804,53.149971499234425,2021
16079,2022,3,mid,Flood,-7.265784425083638,0.8591287020577271,5.353455202785237,4,80000.0,11.289794413577894,8.333333333333334,42.30300150000001,2.5143053222114564,1286026.8931876065,845297.4185363804,53.149971499234425,2021
16079,2022,3,top,Flood,-6.933690563451307,0.9944220837914063,5.709995986475344,4,80000.0,11.289794413577894,8.333333333333334,42.30300150000001,2.5143053222114564,1286026.8931876065,845297.4185363804,53.149971499234425,2021
16079,2024,9,bottom,"Lightning,Thunderstorm Wind",9.825005428245191,0.9712610356994573,1.4606472833386495,4,2500.0,7.824445930877619,0.022916666666666665,13.21911866759195,2.3825673249299206,13746914.165462306,11377491.108633727,63.43278986598899,2023
16079,2024,9,mid,"Lightning,Thunderstorm Wind",9.193232285729337,0.7344533588589158,0.8709587056274634,4,2500.0,7.824445930877619,0.022916666666666665,13.21911866759195,2.3825673249299206,13746914.165462306,11377491.108633727,63.43278986598899,2023
16079,2024,9,top,"Lightning,Thunderstorm Wind",13.50170929824209,0.8616670800822186,-0.6854457696147543,4,2500.0,7.824445930877619,0.022916666666666665,13.21911866759195,2.3825673249299206,13746914.165462306,11377491.108633727,63.43278986598899,2023
16079,2025,5,bottom,Hail,-26.348065858014422,1.7303331451101711,1.6403212512225736,1,0.0,0.0,0.006944444444444444,11.427615853188373,2.3485434743006297,19200192.747764982,15994260.823767407,58.10069633746153,2023
16079,2025,5,mid,Hail,-12.672814035380256,0.826474316971404,0.44050098055629405,1,0.0,0.0,0.006944444444444444,11.427615853188373,2.3485434743006297,19200192.747764982,15994260.823767407,58.10069633746153,2023
16079,2025,5,top,Hail,-9.411988387563738,0.7007294186496494,-0.19342523459499242,1,0.0,0.0,0.006944444444444444,11.427615853188373,2.3485434743006297,19200192.747764982,15994260.823767407,58.10069633746153,2023
16081,2023,7,bottom,Thunderstorm Wind,-4.192733017582796,0.32419540402718505,1.2134140813544434,21,43800.0,10.687411927154141,0.24027777777777778,35.60413531255534,2.5273760203138576,4195361.417699814,4997975.759923261,13.117646628711382,2023
16081,2023,7,mid,Thunderstorm Wind,-17.904179268108805,1.0948532720627921,2.849676998245959,21,43800.0,10.687411927154141,0.24027777777777778,35.60413531255534,2.5273760203138576,4195361.417699814,4997975.759923261,13.117646628711382,2023
16081,2023,7,top,Thunderstorm Wind,-11.943796250506907,0.5214305385878855,2.351538585634183,21,43800.0,10.687411927154141,0.24027777777777778,35.60413531255534,2.5273760203138576,4195361.417699814,4997975.759923261,13.117646628711382,2023
16083,2023,5,bottom,"Funnel Cloud,Hail,Thunderstorm Wind",-2.9510129814430712,0.2747168051805351,1.392344518485179,9,0.0,0.0,0.2986111111111111,49.70438715299191,2.5897095271687602,7044708.759992263,6046045.4538253555,52.039369353980234,2023
16083,2023,5,mid,"Funnel Cloud,Hail,Thunderstorm Wind",-5.193517241086852,0.28250238426157276,3.142329906713068,9,0.0,0.0,0.2986111111111111,49.70438715299191,2.5897095271687602,7044708.759992263,6046045.4538253555,52.039369353980234,2023
16083,2023,5,top,"Funnel Cloud,Hail,Thunderstorm Wind",-1.285637414572335,0.19658339295078184,0.7546880437629966,9,0.0,0.0,0.2986111111111111,49.70438715299191,2.5897095271687602,7044708.759992263,6046045.4538253555,52.039369353980234,2023
16083,2025,5,bottom,Thunderstorm Wind,5.0095142983853975,0.559875467090469,-0.691192267154103,3,0.0,0.0,0.0,47.71704580627766,2.494892447554236,13581196.726073941,14178858.018536596,31.03179061541489,2023
16083,2025,5,mid,Thunderstorm Wind,4.228870301678967,0.5353045726655845,-0.273551542354402,3,0.0,0.0,0.0,47.71704580627766,2.494892447554236,13581196.726073941,14178858.018536596,31.03179061541489,2023
16083,2025,5,top,Thunderstorm Wind,7.002054681435254,0.8914150403442499,-0.5352504855896522,3,0.0,0.0,0.0,47.71704580627766,2.494892447554236,13581196.726073941,14178858.018536596,31.03179061541489,2023
16085,2020,5,bottom,Thunderstorm Wind,13.406456601333304,1.4960872956833093,-1.8283424136546718,2,0.0,0.0,0.020833333333333332,50.9516,2.54758,4023098.421338935,2699368.11297,44.6196294836,2020
16085,2020,5,mid,Thunderstorm Wind,8.315407875817144,1.0089027658685599,-0.6493607551247322,2,0.0,0.0,0.020833333333333332,50.9516,2.54758,4023098.421338935,2699368.11297,44.6196294836,2020
16085,2020,5,top,Thunderstorm Wind,3.947742081749709,0.5871015799322206,-1.5040987077146326,2,0.0,0.0,0.020833333333333332,50.9516,2.54758,4023098.421338935,2699368.11297,44.6196294836,2020
16085,2021,6,bottom,Thunderstorm Wind,3.784780491351569,0.7320801953519878,-1.4036972735468112,2,0.0,0.0,0.03194444444444445,50.9516,2.54758,4298542.483414317,2884182.1145687383,44.61962948362456,2020
16085,2021,6,mid,Thunderstorm Wind,6.08329104654419,0.9635860224126718,-1.8521465486307658,2,0.0,0.0,0.03194444444444445,50.9516,2.54758,4298542.483414317,2884182.1145687383,44.61962948362456,2020
16085,2021,6,top,Thunderstorm Wind,15.48988977845012,1.6191903327612116,-1.5349034009051319,2,0.0,0.0,0.03194444444444445,50.9516,2.54758,4298542.483414317,2884182.1145687383,44.61962948362456,2020
16085,2022,8,bottom,"Hail,Thunderstorm Wind",-2.5706149077648774,0.4902831362106527,-5.120082241350052,2,500000.0,13.122365377402328,0.125,58.634450343322754,2.607515437755585,6442346.057311907,6181898.4928812375,25.950463070754797,2021
16085,2022,8,mid,"Hail,Thunderstorm Wind",-11.953952770782195,0.6239408470389287,-1.1985693288182564,2,500000.0,13.122365377402328,0.125,58.634450343322754,2.607515437755585,6442346.057311907,6181898.4928812375,25.950463070754797,2021
16085,2022,8,top,"Hail,Thunderstorm Wind",-15.286548584407072,0.8815555841966161,-0.18131495957488633,2,500000.0,13.122365377402328,0.125,58.634450343322754,2.607515437755585,6442346.057311907,6181898.4928812375,25.950463070754797,2021
16085,2023,5,bottom,Thunderstorm Wind,-7.306038328813514,0.7142642789272755,1.5829177916715385,4,0.0,0.0,0.16666666666666666,64.58236081701851,2.6462623798073066,8648375.663143072,9305235.005598916,12.678440413346944,2023
16085,2023,5,mid,Thunderstorm Wind,-2.860831765485969,0.5640657858632451,1.2971757929672094,4,0.0,0.0,0.16666666666666666,64.58236081701851,2.6462623798073066,8648375.663143072,9305235.005598916,12.678440413346944,2023
16085,2023,5,top,Thunderstorm Wind,-3.0738817539861145,0.45442872358747305,2.1048199535495704,4,0.0,0.0,0.16666666666666666,64.58236081701851,2.6462623798073066,8648375.663143072,9305235.005598916,12.678440413346944,2023
16087,2021,6,bottom,Thunderstorm Wind,15.034185305497132,1.4309411285826286,-0.8811314357776562,2,0.0,0.0,0.024999999999999998,51.51199799999999,2.5755999,1395776.982929904,929431.4508175361,45.368545526207036,2020
16087,2021,6,mid,Thunderstorm Wind,4.634931531080994,0.30605052801279065,-0.4214295223347335,2,0.0,0.0,0.024999999999999998,51.51199799999999,2.5755999,1395776.982929904,929431.4508175361,45.368545526207036,2020
16087,2021,6,top,Thunderstorm Wind,5.442339818965152,0.36437684519056235,0.33762936588149256,2,0.0,0.0,0.024999999999999998,51.51199799999999,2.5755999,1395776.982929904,929431.4508175361,45.368545526207036,2020
16087,2023,8,bottom,Thunderstorm Wind,2.246250619756907,0.32128169387009686,-0.5606598745673352,1,0.0,0.0,0.08333333333333333,10.783856921872873,2.4063850163056344,5571673.988695575,3987002.842116963,88.02644768333333,2023
16087,2023,8,mid,Thunderstorm Wind,2.738597216959036,0.11036245141550598,-2.761078227847188,1,0.0,0.0,0.08333333333333333,10.783856921872873,2.4063850163056344,5571673.988695575,3987002.842116963,88.02644768333333,2023
16087,2023,8,top,Thunderstorm Wind,8.690647954035725,0.3945798977064612,-3.0577638440962764,1,0.0,0.0,0.08333333333333333,10.783856921872873,2.4063850163056344,5571673.988695575,3987002.842116963,88.02644768333333,2023
17009,2020,7,bottom,Flash Flood,0.7745327003699032,0.539534302901629,1.250955256731577,5,0.0,0.0,0.7291666666666666,57.1904,2.85952,1407319.0238270166,2564090.11615,5.12416239653,2020
17009,2020,7,mid,Flash Flood,6.9406355152979415,0.613622152855054,-1.263826555304983,5,0.0,0.0,0.7291666666666666,57.1904,2.85952,1407319.0238270166,2564090.11615,5.12416239653,2020
17009,2020,7,top,Flash Flood,6.459316772140227,0.9817689994891988,-1.5316025507890696,5,0.0,0.0,0.7291666666666666,57.1904,2.85952,1407319.0238270166,2564090.11615,5.12416239653,2020
17009,2024,6,bottom,"Hail,Thunderstorm Wind",1.8628620759182581,1.5716620367197873,0.8350488144433351,4,30000.0,10.308985993422082,0.0,65.60717607189764,2.5980996057146664,2059002.7066329867,1981043.828867071,40.092718517560364,2023
17009,2024,6,mid,"Hail,Thunderstorm Wind",-9.898361100148108,0.2202730767180451,2.3606314894791276,4,30000.0,10.308985993422082,0.0,65.60717607189764,2.5980996057146664,2059002.7066329867,1981043.828867071,40.092718517560364,2023
17009,2024,6,top,"Hail,Thunderstorm Wind",-23.02436131608941,0.7303006045415769,6.478028184101386,4,30000.0,10.308985993422082,0.0,65.60717607189764,2.5980996057146664,2059002.7066329867,1981043.828867071,40.092718517560364,2023
17011,2021,8,bottom,"Funnel Cloud,Thunderstorm Wind,Tornado",35.141739859401255,2.2538276696743433,-6.964318046361465,10,0.0,0.0,0.02847222222222222,58.022197999999996,2.9011099,5608089.4042068785,5093740.993851978,39.495467087108075,2020
17011,2021,8,mid,"Funnel Cloud,Thunderstorm Wind,Tornado",23.358298190013343,1.7410688864021564,-0.6454837518329933,10,0.0,0.0,0.02847222222222222,58.022197999999996,2.9011099,5608089.4042068785,5093740.993851978,39.495467087108075,2020
17011,2021,8,top,"Funnel Cloud,Thunderstorm Wind,Tornado",36.822925321923876,2.13873892726815,0.45390160843242217,10,0.0,0.0,0.02847222222222222,58.022197999999996,2.9011099,5608089.4042068785,5093740.993851978,39.495467087108075,2020
17015,2025,8,bottom,Thunderstorm Wind,37.372563801169136,3.2060191983028066,-0.4015951961236463,1,0.0,0.0,0.0,69.1872430937137,2.5561433849465405,11774294.91433457,10172801.366216632,50.444976462638195,2023
17015,2025,8,mid,Thunderstorm Wind,21.087102938747734,1.457790263164272,-1.851489485096091,1,0.0,0.0,0.0,69.1872430937137,2.5561433849465405,11774294.91433457,10172801.366216632,50.444976462638195,2023
17015,2025,8,top,Thunderstorm Wind,18.018799162369362,1.0785315818142422,-0.9758378691207336,1,0.0,0.0,0.0,69.1872430937137,2.5561433849465405,11774294.91433457,10172801.366216632,50.444976462638195,2023
17017,2022,7,bottom,Flash Flood,5.841926393852134,2.0779691265276914,-13.241515183269613,4,0.0,0.0,0.5,63.20080045776368,2.723065020599365,3371611.646374343,2999960.858693267,45.96902625655677,2021
17017,2022,7,mid,Flash Flood,8.826706276064115,0.8740210582075403,-9.241959090252786,4,0.0,0.0,0.5,63.20080045776368,2.723065020599365,3371611.646374343,2999960.858693267,45.96902625655677,2021
17017,2022,7,top,Flash Flood,-6.946483153503095,1.2608547426254817,-3.725594885021754,4,0.0,0.0,0.5,63.20080045776368,2.723065020599365,3371611.646374343,2999960.858693267,45.96902625655677,2021
17023,2021,3,bottom,Thunderstorm Wind,-16.39422322312008,1.6686550754139895,-6.654017981545617,1,10000.0,9.210440366976517,0.003472222222222222,55.7824,2.78912,3268853.107770917,3098001.525408397,36.61805281829644,2020
17023,2021,3,mid,Thunderstorm Wind,-11.356524629980242,1.2379995636542602,0.7386344544225759,1,10000.0,9.210440366976517,0.003472222222222222,55.7824,2.78912,3268853.107770917,3098001.525408397,36.61805281829644,2020
17023,2021,3,top,Thunderstorm Wind,-8.338847337769224,1.8041525310520672,2.2433751709866905,1,10000.0,9.210440366976517,0.003472222222222222,55.7824,2.78912,3268853.107770917,3098001.525408397,36.61805281829644,2020
17023,2024,3,bottom,Hail,5.535835860516116,0.9488449602856018,-2.983062181670315,1,0.0,0.0,0.003472222222222222,68.82253259203927,2.6225783516986416,5662092.183866077,5434615.905389526,20.03981025567527,2023
17023,2024,3,mid,Hail,7.6776876226902,1.0885918856433725,-3.027899897041318,1,0.0,0.0,0.003472222222222222,68.82253259203927,2.6225783516986416,5662092.183866077,5434615.905389526,20.03981025567527,2023
17023,2024,3,top,Hail,8.467442275891827,0.848599869321465,-4.911049650651634,1,0.0,0.0,0.003472222222222222,68.82253259203927,2.6225783516986416,5662092.183866077,5434615.905389526,20.03981025567527,2023
17025,2022,6,bottom,Thunderstorm Wind,-7.0196212841921835,1.1424522705343252,-9.486644239360695,12,0.0,0.0,0.041666666666666664,67.82598643188476,2.7772764437818527,4311636.994152078,3817865.878128768,38.660998513955136,2021
17025,2022,6,mid,Thunderstorm Wind,-1.8446102020249384,0.5117587104243779,1.262172297012133,12,0.0,0.0,0.041666666666666664,67.82598643188476,2.7772764437818527,4311636.994152078,3817865.878128768,38.660998513955136,2021
17025,2022,6,top,Thunderstorm Wind,-2.43336434879501,0.8611379100675316,5.090435413662182,12,0.0,0.0,0.041666666666666664,67.82598643188476,2.7772764437818527,4311636.994152078,3817865.878128768,38.660998513955136,2021
17025,2023,7,bottom,Thunderstorm Wind,-1.9226541949477962,0.29729320511111335,-3.429759685010685,1,0.0,0.0,0.003472222222222222,83.22818198591202,2.7111126335877906,6836628.404522911,5907666.105462412,41.43250088001184,2023
17025,2023,7,mid,Thunderstorm Wind,-6.016288955521176,0.4002741309031629,-2.111643815450345,1,0.0,0.0,0.003472222222222222,83.22818198591202,2.7111126335877906,6836628.404522911,5907666.105462412,41.43250088001184,2023
17025,2023,7,top,Thunderstorm Wind,7.2106928590091,1.3328300938126816,-2.171195669776774,1,0.0,0.0,0.003472222222222222,83.22818198591202,2.7111126335877906,6836628.404522911,5907666.105462412,41.43250088001184,2023
17027,2024,4,bottom,"Hail,Thunderstorm Wind",-11.664633854563519,0.6403109258022833,4.181361759239209,4,220000.0,12.301387370778713,0.04722222222222222,89.0011960824588,2.704404001372396,16630185.422411656,16864860.91846962,18.894525430089075,2023
17027,2024,4,mid,"Hail,Thunderstorm Wind",-5.088685340952935,0.13880146541313404,0.1225372900417246,4,220000.0,12.301387370778713,0.04722222222222222,89.0011960824588,2.704404001372396,16630185.422411656,16864860.91846962,18.894525430089075,2023
17027,2024,4,top,"Hail,Thunderstorm Wind",-5.542483974605432,0.41205592495169496,-0.7642214342606101,4,220000.0,12.301387370778713,0.04722222222222222,89.0011960824588,2.704404001372396,16630185.422411656,16864860.91846962,18.894525430089075,2023
17035,2020,1,bottom,Flood,13.15505187563943,0.90859837764769,-11.140802982576423,4,0.0,0.0,4.0,56.205,2.81025,3092311.153276508,3282186.07599,32.4793062672,2020
17035,2020,1,mid,Flood,6.553913063098378,0.9631580685628216,-5.607856808253298,4,0.0,0.0,4.0,56.205,2.81025,3092311.153276508,3282186.07599,32.4793062672,2020
17035,2020,1,top,Flood,10.456326349201703,1.9705314671148775,-8.026609790771294,4,0.0,0.0,4.0,56.205,2.81025,3092311.153276508,3282186.07599,32.4793062672,2020
17035,2021,7,bottom,Tornado,-29.48155632749635,2.299358577148672,4.37090773268415,2,0.0,0.0,0.004166666666666667,56.205,2.81025,2283527.3615602874,2423741.1239531795,32.47930626722985,2020
17035,2021,7,mid,Tornado,-10.742995163630653,1.4897209273739718,4.226962536486037,2,0.0,0.0,0.004166666666666667,56.205,2.81025,2283527.3615602874,2423741.1239531795,32.47930626722985,2020
17035,2021,7,top,Tornado,5.054777642391343,0.9162499932099082,4.7384607067349975,2,0.0,0.0,0.004166666666666667,56.205,2.81025,2283527.3615602874,2423741.1239531795,32.47930626722985,2020
17035,2022,6,bottom,Thunderstorm Wind,15.470780102848067,1.080408930722809,-9.632473507487584,3,0.0,0.0,0.010416666666666666,68.08093683242798,2.7748374096155164,2051492.324552156,2158051.7274309886,19.03523477532519,2021
17035,2022,6,mid,Thunderstorm Wind,19.081163858450296,1.47205500417584,-2.223998349993664,3,0.0,0.0,0.010416666666666666,68.08093683242798,2.7748374096155164,2051492.324552156,2158051.7274309886,19.03523477532519,2021
17035,2022,6,top,Thunderstorm Wind,11.103712911493815,1.078779276923373,-0.5356308778662205,3,0.0,0.0,0.010416666666666666,68.08093683242798,2.7748374096155164,2051492.324552156,2158051.7274309886,19.03523477532519,2021
17039,2023,4,bottom,Hail,5.224781290710922,0.9460067683266995,0.2182197460951869,1,0.0,0.0,0.003472222222222222,96.54779041910035,2.819933183671875,3264399.4280005633,3677492.876056284,5.5051382775011835,2023
17039,2023,4,mid,Hail,3.532480562186919,0.19806022884608254,-1.052348110704126,1,0.0,0.0,0.003472222222222222,96.54779041910035,2.819933183671875,3264399.4280005633,3677492.876056284,5.5051382775011835,2023
17039,2023,4,top,Hail,9.018829621074516,0.5107507221118104,-1.8337663600949317,1,0.0,0.0,0.003472222222222222,96.54779041910035,2.819933183671875,3264399.4280005633,3677492.876056284,5.5051382775011835,2023
17047,2025,8,bottom,Thunderstorm Wind,27.280535709594204,3.00617947269388,4.312425417968957,1,20000.0,9.90353755128617,0.0,61.94752262776411,2.531436451518999,8230380.360986531,5702184.552433367,76.75042637195372,2023
17047,2025,8,mid,Thunderstorm Wind,27.505963388082236,1.6943823194555636,1.9198171605929701,1,20000.0,9.90353755128617,0.0,61.94752262776411,2.531436451518999,8230380.360986531,5702184.552433367,76.75042637195372,2023
17047,2025,8,top,Thunderstorm Wind,28.651605238149003,2.177832050370346,4.173568747427548,1,20000.0,9.90353755128617,0.0,61.94752262776411,2.531436451518999,8230380.360986531,5702184.552433367,76.75042637195372,2023
17051,2021,6,bottom,Thunderstorm Wind,12.461607034055447,1.7174139539859403,19.02117864653924,1,0.0,0.0,0.0,57.79660200000001,2.8898301,3009475.268200506,3491253.249933676,30.03547497042189,2020
17051,2021,6,mid,Thunderstorm Wind,26.43042198960957,3.1532311691967427,12.812071468168122,1,0.0,0.0,0.0,57.79660200000001,2.8898301,3009475.268200506,3491253.249933676,30.03547497042189,2020
17051,2021,6,top,Thunderstorm Wind,34.88466302412678,4.008566290144979,11.569856648743132,1,0.0,0.0,0.0,57.79660200000001,2.8898301,3009475.268200506,3491253.249933676,30.03547497042189,2020
17051,2024,4,bottom,"Hail,Thunderstorm Wind",-25.14965787515888,2.7168642174364046,5.724445348402369,3,0.0,0.0,0.0375,90.07243482119245,2.711605908117513,9483794.732039176,8682427.553788885,46.56015011244436,2023
17051,2024,4,mid,"Hail,Thunderstorm Wind",-26.154098785260004,2.306934740033411,0.6536659995705444,3,0.0,0.0,0.0375,90.07243482119245,2.711605908117513,9483794.732039176,8682427.553788885,46.56015011244436,2023
17051,2024,4,top,"Hail,Thunderstorm Wind",-24.750270659238694,2.2238243197889456,2.654644127060564,3,0.0,0.0,0.0375,90.07243482119245,2.711605908117513,9483794.732039176,8682427.553788885,46.56015011244436,2023
17055,2024,2,bottom,Hail,-20.058367423645223,1.3147285667829087,7.738389709027383,3,0.0,0.0,0.004166666666666667,65.12317248498918,2.6131266665728354,25897624.4279422,19385596.679829516,64.2405082963151,2023
17055,2024,2,mid,Hail,-25.343729283504473,1.6000595378389564,11.368449442269116,3,0.0,0.0,0.004166666666666667,65.12317248498918,2.6131266665728354,25897624.4279422,19385596.679829516,64.2405082963151,2023
17055,2024,2,top,Hail,-11.851008716942886,0.8736457214808976,5.584588040325348,3,0.0,0.0,0.004166666666666667,65.12317248498918,2.6131266665728354,25897624.4279422,19385596.679829516,64.2405082963151,2023
17055,2024,9,bottom,Flash Flood,19.49636442734517,2.066459597796442,4.815688156853848,4,0.0,0.0,0.2638888888888889,66.30246377504179,2.5896822396632966,32297349.820725944,23377099.24415631,70.3053777947603,2023
17055,2024,9,mid,Flash Flood,12.733260976646633,1.035099302977437,4.804248859865344,4,0.0,0.0,0.2638888888888889,66.30246377504179,2.5896822396632966,32297349.820725944,23377099.24415631,70.3053777947603,2023
17055,2024,9,top,Flash Flood,-1.1331290539250887,0.8718975018831469,2.4003996713799154,4,0.0,0.0,0.2638888888888889,66.30246377504179,2.5896822396632966,32297349.820725944,23377099.24415631,70.3053777947603,2023
17061,2024,4,bottom,"Hail,Tornado",-3.5589797230151987,1.6950124450336823,-5.133802593698121,4,0.0,0.0,0.022222222222222223,63.90519031480831,2.6000382597873166,3388087.3309525447,3540395.661698439,14.08519549952755,2023
17061,2024,4,mid,"Hail,Tornado",-14.574712740163292,2.0682332838338144,-9.566716453976378,4,0.0,0.0,0.022222222222222223,63.90519031480831,2.6000382597873166,3388087.3309525447,3540395.661698439,14.08519549952755,2023
17061,2024,4,top,"Hail,Tornado",-20.175598099106168,2.0606750636617917,-6.053307407347229,4,0.0,0.0,0.022222222222222223,63.90519031480831,2.6000382597873166,3388087.3309525447,3540395.661698439,14.08519549952755,2023
17065,2021,7,bottom,Flash Flood,-91.98689196132806,6.524874739255927,12.366907792590018,4,12000.0,9.392745258631441,0.2972222222222222,55.232602,2.7616301,1792837.2750951042,1807333.996426629,33.937721718576825,2020
17065,2021,7,mid,Flash Flood,-51.81962370419467,2.5198793369196384,18.095018003896175,4,12000.0,9.392745258631441,0.2972222222222222,55.232602,2.7616301,1792837.2750951042,1807333.996426629,33.937721718576825,2020
17065,2021,7,top,Flash Flood,-18.15749808350317,0.8294415033481166,7.8989543989135695,4,12000.0,9.392745258631441,0.2972222222222222,55.232602,2.7616301,1792837.2750951042,1807333.996426629,33.937721718576825,2020
17067,2020,4,bottom,Hail,-23.42140706096808,1.1199282643622517,7.123229144768307,5,0.0,0.0,0.001388888888888889,55.693202,2.7846601,6139998.640642193,5562086.98704,37.997635002,2020
17067,2020,4,mid,Hail,-4.615576458471978,0.40390414053342155,2.588833448575263,5,0.0,0.0,0.001388888888888889,55.693202,2.7846601,6139998.640642193,5562086.98704,37.997635002,2020
17067,2020,4,top,Hail,1.0630891485608913,0.2152625381860286,0.7021360581993576,5,0.0,0.0,0.001388888888888889,55.693202,2.7846601,6139998.640642193,5562086.98704,37.997635002,2020
17067,2025,4,bottom,Thunderstorm Wind,11.598777947851787,0.7171794057008064,-12.496038055532424,1,0.0,0.0,0.0,61.1937586307636,2.544164812187796,8637050.287334679,6979478.465701739,51.26748704634233,2023
17067,2025,4,mid,Thunderstorm Wind,2.9668398916367664,0.4570784959109845,-5.419186451281561,1,0.0,0.0,0.0,61.1937586307636,2.544164812187796,8637050.287334679,6979478.465701739,51.26748704634233,2023
17067,2025,4,top,Thunderstorm Wind,8.701574904575466,0.6983889118943232,-9.118000605119747,1,0.0,0.0,0.0,61.1937586307636,2.544164812187796,8637050.287334679,6979478.465701739,51.26748704634233,2023
17069,2025,8,bottom,Thunderstorm Wind,16.80111939348484,0.7813603969665597,2.007989137724929,1,1000.0,6.90875477931522,0.0,25.04586316603667,2.406210769671461,4091367.8257749625,3338978.263282583,55.46150664437796,2023
17069,2025,8,mid,Thunderstorm Wind,7.738637045484396,0.44538724977003064,8.90344146559695,1,1000.0,6.90875477931522,0.0,25.04586316603667,2.406210769671461,4091367.8257749625,3338978.263282583,55.46150664437796,2023
17069,2025,8,top,Thunderstorm Wind,-4.44190407404389,1.2296836423621083,7.749980473360718,1,1000.0,6.90875477931522,0.0,25.04586316603667,2.406210769671461,4091367.8257749625,3338978.263282583,55.46150664437796,2023
17073,2021,8,bottom,"Hail,Thunderstorm Wind,Tornado",21.45920560753001,1.38847107494858,-7.169107832846521,8,0.0,0.0,0.001388888888888889,58.254999999999995,2.91275,8841711.708858812,9625442.132764665,32.715806070171205,2020
17073,2021,8,mid,"Hail,Thunderstorm Wind,Tornado",14.616919251555657,1.3485624360772692,-0.7200859630678167,8,0.0,0.0,0.001388888888888889,58.254999999999995,2.91275,8841711.708858812,9625442.132764665,32.715806070171205,2020
17073,2021,8,top,"Hail,Thunderstorm Wind,Tornado",29.96780107266079,2.068236884616542,2.749926369521267,8,0.0,0.0,0.001388888888888889,58.254999999999995,2.91275,8841711.708858812,9625442.132764665,32.715806070171205,2020
17079,2024,5,bottom,Thunderstorm Wind,-32.347007356795146,3.4185579985709142,1.6319760505473795,1,0.0,0.0,0.003472222222222222,76.31201339887575,2.6411934468305702,5499351.027196388,6342854.722001827,17.25559869243682,2023
17079,2024,5,mid,Thunderstorm Wind,-4.156865568590391,1.0813006628703437,1.557901582434776,1,0.0,0.0,0.003472222222222222,76.31201339887575,2.6411934468305702,5499351.027196388,6342854.722001827,17.25559869243682,2023
17079,2024,5,top,Thunderstorm Wind,-1.2230616819772848,0.8585709735316374,2.441508115275743,1,0.0,0.0,0.003472222222222222,76.31201339887575,2.6411934468305702,5499351.027196388,6342854.722001827,17.25559869243682,2023
17079,2025,4,bottom,Tornado,-1.9952111901836673,3.625725435042854,-4.158765351414634,2,0.0,0.0,0.002777777777777778,75.33145441624016,2.593184283297082,6766705.129644669,8440206.910537567,13.857854867868134,2023
17079,2025,4,mid,Tornado,21.70198542881026,1.6345576704402995,-1.355463054265191,2,0.0,0.0,0.002777777777777778,75.33145441624016,2.593184283297082,6766705.129644669,8440206.910537567,13.857854867868134,2023
17079,2025,4,top,Tornado,22.136800590969386,2.8933136814796985,6.506493962475157,2,0.0,0.0,0.002777777777777778,75.33145441624016,2.593184283297082,6766705.129644669,8440206.910537567,13.857854867868134,2023
17083,2024,4,bottom,Tornado,-0.7560418959690622,0.6370793672639595,2.7932598991942164,2,0.0,0.0,0.001388888888888889,81.52477464713407,2.665566556802009,4811966.68625582,6296632.510398244,6.251646285654962,2023
17083,2024,4,mid,Tornado,8.195423457111588,0.9986349002637851,0.7891252014931638,2,0.0,0.0,0.001388888888888889,81.52477464713407,2.665566556802009,4811966.68625582,6296632.510398244,6.251646285654962,2023
17083,2024,4,top,Tornado,3.3994992230182817,0.5780670157035821,-1.2076244695311733,2,0.0,0.0,0.001388888888888889,81.52477464713407,2.665566556802009,4811966.68625582,6296632.510398244,6.251646285654962,2023
17085,2023,7,bottom,Thunderstorm Wind,-14.523674623996484,0.9108870177011955,0.9668587473944589,3,0.0,0.0,0.03472222222222222,60.638726226714866,2.624129673031346,6836547.338722631,6509695.397573562,13.770466128215627,2023
17085,2023,7,mid,Thunderstorm Wind,11.25026938087231,1.6577999168537823,1.0897167691725447,3,0.0,0.0,0.03472222222222222,60.638726226714866,2.624129673031346,6836547.338722631,6509695.397573562,13.770466128215627,2023
17085,2023,7,top,Thunderstorm Wind,6.142233012803359,0.8134847432174144,4.442353681676404,3,0.0,0.0,0.03472222222222222,60.638726226714866,2.624129673031346,6836547.338722631,6509695.397573562,13.770466128215627,2023
17087,2021,5,bottom,"Hail,Thunderstorm Wind",7.505098367024402,0.48706877894054745,3.770262001419146,2,1000.0,6.90875477931522,0.0,52.7312,2.63656,3101915.299307343,3645213.292351798,26.921560898699624,2020
17087,2021,5,mid,"Hail,Thunderstorm Wind",12.100681465954935,0.678512548827772,-4.251250150160653,2,1000.0,6.90875477931522,0.0,52.7312,2.63656,3101915.299307343,3645213.292351798,26.921560898699624,2020
17087,2021,5,top,"Hail,Thunderstorm Wind",5.231172111157747,0.576091206183554,-8.37340760751934,2,1000.0,6.90875477931522,0.0,52.7312,2.63656,3101915.299307343,3645213.292351798,26.921560898699624,2020
17087,2024,8,bottom,Thunderstorm Wind,33.07354317030982,3.382526099749814,-6.076236646519315,2,40000.0,10.596659732783579,0.012499999999999999,40.297125526985326,2.497091697908499,12032752.793991951,8990563.211365419,56.34351648114346,2023
17087,2024,8,mid,Thunderstorm Wind,18.621136915161983,2.508813158891116,-3.8969422790330364,2,40000.0,10.596659732783579,0.012499999999999999,40.297125526985326,2.497091697908499,12032752.793991951,8990563.211365419,56.34351648114346,2023
17087,2024,8,top,Thunderstorm Wind,11.770116178231746,1.3221053522579693,-3.1624238350711145,2,40000.0,10.596659732783579,0.012499999999999999,40.297125526985326,2.497091697908499,12032752.793991951,8990563.211365419,56.34351648114346,2023
17095,2021,6,bottom,"Thunderstorm Wind,Tornado",18.323429711998557,2.350621432738342,-5.535693244282508,6,685000.0,13.437175577097312,0.03472222222222222,57.236799999999995,2.86184,10863256.889524868,8500385.240810132,44.02837997637084,2020
17095,2021,6,mid,"Thunderstorm Wind,Tornado",13.972464522266662,2.193364168781183,0.5802012274786534,6,685000.0,13.437175577097312,0.03472222222222222,57.236799999999995,2.86184,10863256.889524868,8500385.240810132,44.02837997637084,2020
17095,2021,6,top,"Thunderstorm Wind,Tornado",25.437052946809956,4.343097318599524,3.6067310355475493,6,685000.0,13.437175577097312,0.03472222222222222,57.236799999999995,2.86184,10863256.889524868,8500385.240810132,44.02837997637084,2020
17101,2023,7,bottom,Thunderstorm Wind,3.6078918396936217,1.7841794246076166,-5.038595987019879,1,0.0,0.0,0.0006944444444444445,49.760172920777094,2.582174363970829,7077974.8619598765,6078708.889056921,49.18573796319514,2023
17101,2023,7,mid,Thunderstorm Wind,-2.750162632523029,0.4442482336055761,-3.5672679462675063,1,0.0,0.0,0.0006944444444444445,49.760172920777094,2.582174363970829,7077974.8619598765,6078708.889056921,49.18573796319514,2023
17101,2023,7,top,Thunderstorm Wind,6.264059136465491,1.2645145625985095,-9.008764184679123,1,0.0,0.0,0.0006944444444444445,49.760172920777094,2.582174363970829,7077974.8619598765,6078708.889056921,49.18573796319514,2023
17109,2025,4,bottom,"Thunderstorm Wind,Tornado",16.760744136878742,1.488035942078207,-2.3484924410307237,8,54000.0,10.896757843893464,0.01388888888888889,73.09277383282371,2.5846141452755087,10210830.286660424,8516657.30882373,58.04717222591146,2023
17109,2025,4,mid,"Thunderstorm Wind,Tornado",11.188863403012661,0.7965753836217143,-0.38395388902240296,8,54000.0,10.896757843893464,0.01388888888888889,73.09277383282371,2.5846141452755087,10210830.286660424,8516657.30882373,58.04717222591146,2023
17109,2025,4,top,"Thunderstorm Wind,Tornado",41.4226024750629,2.2310640717431287,-12.459413786800255,8,54000.0,10.896757843893464,0.01388888888888889,73.09277383282371,2.5846141452755087,10210830.286660424,8516657.30882373,58.04717222591146,2023
17115,2023,5,bottom,Tornado,-4.636876396691406,1.215646482333763,-8.710674173393736,2,0.0,0.0,0.001388888888888889,90.5470829749771,2.759997067185062,19541955.898883697,18518609.059787035,52.469902252202886,2023
17115,2023,5,mid,Tornado,11.996603421179998,0.7654912392384227,-6.061700115351305,2,0.0,0.0,0.001388888888888889,90.5470829749771,2.759997067185062,19541955.898883697,18518609.059787035,52.469902252202886,2023
17115,2023,5,top,Tornado,9.179061199565027,0.6742651105185193,-2.5632851536671617,2,0.0,0.0,0.001388888888888889,90.5470829749771,2.759997067185062,19541955.898883697,18518609.059787035,52.469902252202886,2023
17119,2024,4,bottom,"Thunderstorm Wind,Tornado",-14.149235626087261,1.075679051521743,0.6468877759543261,11,432000.0,12.976183182038383,0.0625,87.67718368437326,2.6975925015407345,94231712.06401606,96484781.71424021,25.841745376934778,2023
17119,2024,4,mid,"Thunderstorm Wind,Tornado",-1.5333957388058224,0.23192213954797272,-0.02634287509252431,11,432000.0,12.976183182038383,0.0625,87.67718368437326,2.6975925015407345,94231712.06401606,96484781.71424021,25.841745376934778,2023
17119,2024,4,top,"Thunderstorm Wind,Tornado",2.6917582586495996,0.34217194421071884,-0.8045640977369004,11,432000.0,12.976183182038383,0.0625,87.67718368437326,2.6975925015407345,94231712.06401606,96484781.71424021,25.841745376934778,2023
17123,2021,7,bottom,Flash Flood,27.21988982229125,3.8794424057903907,-7.243684020791534,8,0.0,0.0,1.3027777777777778,59.324598,2.9662299,3264992.691449155,3130836.504985215,38.510051241615976,2020
17123,2021,7,mid,Flash Flood,20.292833891100344,3.154692692267765,-4.596978538988846,8,0.0,0.0,1.3027777777777778,59.324598,2.9662299,3264992.691449155,3130836.504985215,38.510051241615976,2020
17123,2021,7,top,Flash Flood,39.56784419577585,4.124669137920731,-1.910133391559744,8,0.0,0.0,1.3027777777777778,59.324598,2.9662299,3264992.691449155,3130836.504985215,38.510051241615976,2020
17123,2023,5,bottom,Thunderstorm Wind,19.6856755263547,2.2175480460741945,-0.3527079491451606,1,0.0,0.0,0.003472222222222222,87.25898780325657,2.741865814840121,4562493.413538492,4642847.856084558,9.167339756550478,2023
17123,2023,5,mid,Thunderstorm Wind,4.068306967715543,1.7039629228595594,2.320155060051595,1,0.0,0.0,0.003472222222222222,87.25898780325657,2.741865814840121,4562493.413538492,4642847.856084558,9.167339756550478,2023
17123,2023,5,top,Thunderstorm Wind,-12.097311616975674,1.2902130347350973,7.927486598271017,1,0.0,0.0,0.003472222222222222,87.25898780325657,2.741865814840121,4562493.413538492,4642847.856084558,9.167339756550478,2023
17127,2024,8,bottom,Thunderstorm Wind,-15.039675341097464,0.6550050576680844,6.533623076194459,2,10000.0,9.210440366976517,0.005555555555555556,31.59785268823131,2.4695783685351564,17533625.814242817,14166637.385464378,60.42584537129261,2023
17127,2024,8,mid,Thunderstorm Wind,6.7100504463792845,1.1011064249833102,1.017435888738845,2,10000.0,9.210440366976517,0.005555555555555556,31.59785268823131,2.4695783685351564,17533625.814242817,14166637.385464378,60.42584537129261,2023
17127,2024,8,top,Thunderstorm Wind,5.465423325779199,0.8554289959328139,0.5224711910560037,2,10000.0,9.210440366976517,0.005555555555555556,31.59785268823131,2.4695783685351564,17533625.814242817,14166637.385464378,60.42584537129261,2023
17129,2024,3,bottom,"Hail,Thunderstorm Wind",-31.81837313407486,3.2841587986286944,-1.5541671653615339,2,0.0,0.0,0.006944444444444444,82.02722570351807,2.6719528092262075,6022546.375679778,5722930.52636556,23.626914163009726,2023
17129,2024,3,mid,"Hail,Thunderstorm Wind",-18.646449634636426,1.6597409413151327,0.3796059192588596,2,0.0,0.0,0.006944444444444444,82.02722570351807,2.6719528092262075,6022546.375679778,5722930.52636556,23.626914163009726,2023
17129,2024,3,top,"Hail,Thunderstorm Wind",-9.241138839536475,0.7397659109044851,0.10747323386939911,2,0.0,0.0,0.006944444444444444,82.02722570351807,2.6719528092262075,6022546.375679778,5722930.52636556,23.626914163009726,2023
17135,2024,8,bottom,Thunderstorm Wind,7.457521646919972,2.0228964192320515,2.888579401166311,1,8800.0,9.082620630373812,0.0,72.7784170256206,2.6154505419402816,16874441.998687997,14935647.07473053,40.67213318130208,2023
17135,2024,8,mid,Thunderstorm Wind,5.699840442587828,1.3357110154206584,4.823862635571511,1,8800.0,9.082620630373812,0.0,72.7784170256206,2.6154505419402816,16874441.998687997,14935647.07473053,40.67213318130208,2023
17135,2024,8,top,Thunderstorm Wind,-4.143320251072851,0.5951775105574403,4.16202942802794,1,8800.0,9.082620630373812,0.0,72.7784170256206,2.6154505419402816,16874441.998687997,14935647.07473053,40.67213318130208,2023
17137,2024,3,bottom,Hail,-31.123075409874772,3.1330390270847857,-6.1085790053726186,4,0.0,0.0,0.013888888888888888,78.40413101905754,2.6563486287424207,17070537.592615064,15782881.969495062,50.11333613277965,2023
17137,2024,3,mid,Hail,-20.238574907439627,2.0430448063722397,-4.8806781959056496,4,0.0,0.0,0.013888888888888888,78.40413101905754,2.6563486287424207,17070537.592615064,15782881.969495062,50.11333613277965,2023
17137,2024,3,top,Hail,-10.756731801266284,1.0494564916342344,-1.5636339327002702,4,0.0,0.0,0.013888888888888888,78.40413101905754,2.6563486287424207,17070537.592615064,15782881.969495062,50.11333613277965,2023
17149,2022,5,bottom,Hail,28.809188447793844,1.5970091657679888,0.9520023913093306,2,0.0,0.0,0.013888888888888888,54.783999942779545,2.708352501344681,3156120.3053282215,2669238.110750327,39.58909347464261,2021
17149,2022,5,mid,Hail,18.211606770491414,0.9692455413789255,2.3450760015011745,2,0.0,0.0,0.013888888888888888,54.783999942779545,2.708352501344681,3156120.3053282215,2669238.110750327,39.58909347464261,2021
17149,2022,5,top,Hail,17.120652694264606,1.0066443804711738,-6.29853159703103,2,0.0,0.0,0.013888888888888888,54.783999942779545,2.708352501344681,3156120.3053282215,2669238.110750327,39.58909347464261,2021
17149,2024,4,bottom,"Hail,Thunderstorm Wind",21.09882507765633,0.8653748720802067,-4.431111847214481,3,10000.0,9.210440366976517,0.022222222222222223,54.249178718533365,2.565995839839888,5586750.007731028,5140054.002363072,39.435183993689634,2023
17149,2024,4,mid,"Hail,Thunderstorm Wind",14.762625913266959,0.4622558898515221,-4.928201791087787,3,10000.0,9.210440366976517,0.022222222222222223,54.249178718533365,2.565995839839888,5586750.007731028,5140054.002363072,39.435183993689634,2023
17149,2024,4,top,"Hail,Thunderstorm Wind",0.5279764778669858,0.4629037153113021,-1.3341898111345785,3,10000.0,9.210440366976517,0.022222222222222223,54.249178718533365,2.565995839839888,5586750.007731028,5140054.002363072,39.435183993689634,2023
17153,2024,8,bottom,Thunderstorm Wind,-26.04220901664472,1.8512820473783558,7.890093426410435,2,70000.0,11.156264806643742,0.006944444444444444,16.42334761374329,2.4048352229772725,10623157.07944377,7185390.442648209,68.01048456095644,2023
17153,2024,8,mid,Thunderstorm Wind,12.125330094747639,1.2439695700455842,1.8177644865225535,2,70000.0,11.156264806643742,0.006944444444444444,16.42334761374329,2.4048352229772725,10623157.07944377,7185390.442648209,68.01048456095644,2023
17153,2024,8,top,Thunderstorm Wind,12.446326881840719,0.8719485748904005,-1.7873110082700332,2,70000.0,11.156264806643742,0.006944444444444444,16.42334761374329,2.4048352229772725,10623157.07944377,7185390.442648209,68.01048456095644,2023
17163,2024,4,bottom,"Thunderstorm Wind,Tornado",-24.47430784529827,2.049973154163086,-2.4278091112895246,4,60000.0,11.002116507732017,0.05555555555555556,77.3931207656125,2.6496291290885416,113279865.22442973,107479837.14605051,48.510555107399384,2023
17163,2024,4,mid,"Thunderstorm Wind,Tornado",-8.092593516879688,0.6915226177620333,-2.43948329958558,4,60000.0,11.002116507732017,0.05555555555555556,77.3931207656125,2.6496291290885416,113279865.22442973,107479837.14605051,48.510555107399384,2023
17163,2024,4,top,"Thunderstorm Wind,Tornado",2.1921503106522238,0.5388529232699864,-2.3759024404502327,4,60000.0,11.002116507732017,0.05555555555555556,77.3931207656125,2.6496291290885416,113279865.22442973,107479837.14605051,48.510555107399384,2023
17165,2024,3,bottom,Hail,3.426709143044519,1.3245110738639536,-10.269687632241627,1,0.0,0.0,0.0,58.59923047840719,2.5838852259639893,18014443.50443679,13016307.05096192,77.96764458782492,2023
17165,2024,3,mid,Hail,2.8652513750030693,1.269498032618054,-3.581648962161703,1,0.0,0.0,0.0,58.59923047840719,2.5838852259639893,18014443.50443679,13016307.05096192,77.96764458782492,2023
17165,2024,3,top,Hail,2.722352236436464,1.0286141432438958,-5.518243146584524,1,0.0,0.0,0.0,58.59923047840719,2.5838852259639893,18014443.50443679,13016307.05096192,77.96764458782492,2023
17169,2024,5,bottom,"Hail,Thunderstorm Wind",-32.62712569259246,1.6746775413192412,6.977517574831656,6,0.0,0.0,0.020833333333333332,55.467289778654774,2.5644118774613296,3664782.943223556,2965403.9606910283,54.01873939088394,2023
17169,2024,5,mid,"Hail,Thunderstorm Wind",-21.966652294722437,1.4014714765538767,1.7578809899789718,6,0.0,0.0,0.020833333333333332,55.467289778654774,2.5644118774613296,3664782.943223556,2965403.9606910283,54.01873939088394,2023
17169,2024,5,top,"Hail,Thunderstorm Wind",-32.46680424687224,2.0917415032269067,3.4569343749800936,6,0.0,0.0,0.020833333333333332,55.467289778654774,2.5644118774613296,3664782.943223556,2965403.9606910283,54.01873939088394,2023
17177,2023,7,bottom,Thunderstorm Wind,9.09340460436411,1.0175643981099658,-1.90953288071222,6,0.0,0.0,0.05347222222222222,77.87204621716724,2.688743436043879,14063523.348048294,12894431.965636747,55.344168267119734,2023
17177,2023,7,mid,Thunderstorm Wind,3.9000935593835635,0.7983431191918883,-0.39895515409308285,6,0.0,0.0,0.05347222222222222,77.87204621716724,2.688743436043879,14063523.348048294,12894431.965636747,55.344168267119734,2023
17177,2023,7,top,Thunderstorm Wind,0.3438109699221883,0.1374085910459298,-1.1070187412904129,6,0.0,0.0,0.05347222222222222,77.87204621716724,2.688743436043879,14063523.348048294,12894431.965636747,55.344168267119734,2023
17177,2025,8,bottom,"Hail,Thunderstorm Wind",21.206708822180545,1.1673681451569466,-2.4391772808016063,4,0.0,0.0,0.0,69.8848255377193,2.5596775480750176,31271648.553295065,26689083.458031718,56.49522089029237,2023
17177,2025,8,mid,"Hail,Thunderstorm Wind",17.62460909115123,1.1677889327243383,-4.210161545250894,4,0.0,0.0,0.0,69.8848255377193,2.5596775480750176,31271648.553295065,26689083.458031718,56.49522089029237,2023
17177,2025,8,top,"Hail,Thunderstorm Wind",25.611132651318627,1.894158635916297,-5.428441449951957,4,0.0,0.0,0.0,69.8848255377193,2.5596775480750176,31271648.553295065,26689083.458031718,56.49522089029237,2023
17189,2021,7,bottom,Flash Flood,-0.7066572017763662,0.6886526623447703,5.8954312197969285,8,0.0,0.0,0.9722222222222222,59.15,2.9575,3086477.479683303,3776047.688046465,28.8135593220226,2020
17189,2021,7,mid,Flash Flood,13.311878689439027,1.0601140412311285,2.536247830882156,8,0.0,0.0,0.9722222222222222,59.15,2.9575,3086477.479683303,3776047.688046465,28.8135593220226,2020
17189,2021,7,top,Flash Flood,0.2439696706053951,0.7597591787758372,3.088074209180595,8,0.0,0.0,0.9722222222222222,59.15,2.9575,3086477.479683303,3776047.688046465,28.8135593220226,2020
17195,2023,7,bottom,"Thunderstorm Wind,Tornado",-23.366258343490173,1.7103935154185659,-3.593603338863242,4,0.0,0.0,0.01875,86.03377891103436,2.727624834222131,9698344.656234458,9624699.64036954,27.689839415831113,2023
17195,2023,7,mid,"Thunderstorm Wind,Tornado",-6.036916335845376,0.7466521576534756,1.5612592836498276,4,0.0,0.0,0.01875,86.03377891103436,2.727624834222131,9698344.656234458,9624699.64036954,27.689839415831113,2023
17195,2023,7,top,"Thunderstorm Wind,Tornado",3.0917482075778366,0.4882259259515061,3.8944793687394914,4,0.0,0.0,0.01875,86.03377891103436,2.727624834222131,9698344.656234458,9624699.64036954,27.689839415831113,2023
18001,2020,7,bottom,Hail,-10.600831265175685,1.6380406918005308,-0.7234943683503777,1,0.0,0.0,0.0006944444444444445,57.442198,2.8721099,2892991.8130182135,2621961.3815,39.1801340166,2020
18001,2020,7,mid,Hail,-13.402725160619426,1.373754249815625,2.5313594453535586,1,0.0,0.0,0.0006944444444444445,57.442198,2.8721099,2892991.8130182135,2621961.3815,39.1801340166,2020
18001,2020,7,top,Hail,-17.721752941216636,1.5552978294407795,2.2369167716240006,1,0.0,0.0,0.0006944444444444445,57.442198,2.8721099,2892991.8130182135,2621961.3815,39.1801340166,2020
18015,2023,5,bottom,Tornado,1.6277878535777148,0.3389030513565842,0.19305769007983523,2,0.0,0.0,0.009722222222222222,69.5624229177604,2.664851836597116,4550774.916086278,4730123.012208683,9.576096003481448,2023
18015,2023,5,mid,Tornado,4.397589458020178,0.18683517534058608,0.4370629551306422,2,0.0,0.0,0.009722222222222222,69.5624229177604,2.664851836597116,4550774.916086278,4730123.012208683,9.576096003481448,2023
18015,2023,5,top,Tornado,5.384183496256085,0.3850507126632599,-0.07866036019423461,2,0.0,0.0,0.009722222222222222,69.5624229177604,2.664851836597116,4550774.916086278,4730123.012208683,9.576096003481448,2023
18015,2024,5,bottom,Thunderstorm Wind,-3.4218469102658275,0.7229027637238009,-2.344527629546775,2,90000.0,11.407576060361786,0.0,68.73697873486964,2.614367252236942,6678870.023644349,7669404.795792996,11.05267248213379,2023
18015,2024,5,mid,Thunderstorm Wind,-2.3226197172657663,0.47982069581117337,-1.404326495653147,2,90000.0,11.407576060361786,0.0,68.73697873486964,2.614367252236942,6678870.023644349,7669404.795792996,11.05267248213379,2023
18015,2024,5,top,Thunderstorm Wind,-4.260031448713988,0.6719338119506847,-2.2738276601549408,2,90000.0,11.407576060361786,0.0,68.73697873486964,2.614367252236942,6678870.023644349,7669404.795792996,11.05267248213379,2023
18015,2025,4,bottom,Thunderstorm Wind,8.641625368005677,0.8110250031760449,-0.4643732430999042,1,0.0,0.0,0.0,67.98032156721979,2.568089716573449,8629623.872239247,10363746.430745283,12.406200920898439,2023
18015,2025,4,mid,Thunderstorm Wind,5.2853520233613835,0.6176044592807045,0.30849608493518116,1,0.0,0.0,0.0,67.98032156721979,2.568089716573449,8629623.872239247,10363746.430745283,12.406200920898439,2023
18015,2025,4,top,Thunderstorm Wind,8.144637400724847,0.897155682301852,-0.3274663833699189,1,0.0,0.0,0.0,67.98032156721979,2.568089716573449,8629623.872239247,10363746.430745283,12.406200920898439,2023
18017,2020,7,bottom,Thunderstorm Wind,19.775510960094905,1.684078230793991,-1.3190823103910958,2,0.0,0.0,0.004166666666666667,55.658202,2.7829101,3463161.8540851735,2812082.69235,41.6239653134,2020
18017,2020,7,mid,Thunderstorm Wind,9.27106683247544,0.7825817262379227,-0.9518103986866558,2,0.0,0.0,0.004166666666666667,55.658202,2.7829101,3463161.8540851735,2812082.69235,41.6239653134,2020
18017,2020,7,top,Thunderstorm Wind,2.907847271803888,0.16871340716747324,-1.2788775627594238,2,0.0,0.0,0.004166666666666667,55.658202,2.7829101,3463161.8540851735,2812082.69235,41.6239653134,2020
18017,2023,6,bottom,Hail,8.688506711887285,1.12941743282464,1.0018636212749688,1,1000.0,6.90875477931522,0.0006944444444444445,73.07573749543118,2.672919056363703,5113717.441747899,4241393.711424083,56.8518604681321,2023
18017,2023,6,mid,Hail,-0.7388391614510823,0.26544975107875846,0.48259080094438883,1,1000.0,6.90875477931522,0.0006944444444444445,73.07573749543118,2.672919056363703,5113717.441747899,4241393.711424083,56.8518604681321,2023
18017,2023,6,top,Hail,-2.466527777861998,0.19719875323243022,0.888790500243014,1,1000.0,6.90875477931522,0.0006944444444444445,73.07573749543118,2.672919056363703,5113717.441747899,4241393.711424083,56.8518604681321,2023
18025,2021,6,bottom,Thunderstorm Wind,-26.478832394704114,1.8553473415972255,1.365726038056034,1,0.0,0.0,0.0,51.4812,2.57406,2592623.4393001897,2435432.986451197,34.016554986202436,2020
18025,2021,6,mid,Thunderstorm Wind,-26.43421555653609,1.9743722660549814,0.374033494150017,1,0.0,0.0,0.0,51.4812,2.57406,2592623.4393001897,2435432.986451197,34.016554986202436,2020
18025,2021,6,top,Thunderstorm Wind,-27.875012293048457,2.355097570980248,-1.118692847536271,1,0.0,0.0,0.0,51.4812,2.57406,2592623.4393001897,2435432.986451197,34.016554986202436,2020
18029,2024,5,bottom,"Hail,Thunderstorm Wind",-2.18937843859905,0.1405132989139748,1.1475767969406216,2,3000.0,8.006700845440367,0.002777777777777778,55.540073866575405,2.568761505815929,9682766.131429456,11480645.251166068,8.720517430593484,2023
18029,2024,5,mid,"Hail,Thunderstorm Wind",-1.1459248714372592,0.12995342702780532,0.46050310357673635,2,3000.0,8.006700845440367,0.002777777777777778,55.540073866575405,2.568761505815929,9682766.131429456,11480645.251166068,8.720517430593484,2023
18029,2024,5,top,"Hail,Thunderstorm Wind",-2.9062955999972218,0.2021795332892372,0.30913691299636054,2,3000.0,8.006700845440367,0.002777777777777778,55.540073866575405,2.568761505815929,9682766.131429456,11480645.251166068,8.720517430593484,2023
18033,2025,7,bottom,Flood,3.9820217851463013,1.1325935282115844,-2.3510729322744672,4,4000.0,8.294299608857235,0.5,94.7359163235916,2.6800827134416614,12198886.495628273,12135468.115406007,31.79259004614968,2023
18033,2025,7,mid,Flood,3.322075529346563,0.8634971314912326,-0.5683192211422087,4,4000.0,8.294299608857235,0.5,94.7359163235916,2.6800827134416614,12198886.495628273,12135468.115406007,31.79259004614968,2023
18033,2025,7,top,Flood,5.759251464934778,1.1678484975010401,0.13026213742537607,4,4000.0,8.294299608857235,0.5,94.7359163235916,2.6800827134416614,12198886.495628273,12135468.115406007,31.79259004614968,2023
18039,2023,6,bottom,"Hail,Thunderstorm Wind",-8.54254292776153,0.7329758425514565,0.8276741729550471,4,9000.0,9.105090961257085,0.002777777777777778,76.09384353641225,2.685212338096724,19493065.150881827,16444688.979138628,76.28403636492543,2023
18039,2023,6,mid,"Hail,Thunderstorm Wind",-4.7628950996723916,0.42099613949999415,1.6248639730282168,4,9000.0,9.105090961257085,0.002777777777777778,76.09384353641225,2.685212338096724,19493065.150881827,16444688.979138628,76.28403636492543,2023
18039,2023,6,top,"Hail,Thunderstorm Wind",-0.6012903479074794,0.08507949423992552,2.013328217507407,4,9000.0,9.105090961257085,0.002777777777777778,76.09384353641225,2.685212338096724,19493065.150881827,16444688.979138628,76.28403636492543,2023
18049,2021,8,bottom,Thunderstorm Wind,16.42519666542141,1.4113397761400646,-3.890404470619766,3,3000.0,8.006700845440367,0.00486111111111111,55.7274,2.78637,1283580.0308042914,1268451.6791384171,35.001970831693235,2020
18049,2021,8,mid,Thunderstorm Wind,14.403905557271173,1.1289665666817676,-3.7927620465324927,3,3000.0,8.006700845440367,0.00486111111111111,55.7274,2.78637,1283580.0308042914,1268451.6791384171,35.001970831693235,2020
18049,2021,8,top,Thunderstorm Wind,12.115647324199898,0.9788749898229772,-3.331914843669319,3,3000.0,8.006700845440367,0.00486111111111111,55.7274,2.78637,1283580.0308042914,1268451.6791384171,35.001970831693235,2020
18053,2022,7,bottom,Thunderstorm Wind,-1.294619258415267,1.2686288850231116,-0.1496335760283974,3,7000.0,8.853808274977197,0.0020833333333333333,61.976197779296875,2.7187099248229982,8038106.505485142,6297913.721947178,59.40727236893969,2021
18053,2022,7,mid,Thunderstorm Wind,4.123269981210683,0.48852819854413115,-0.06584234910370412,3,7000.0,8.853808274977197,0.0020833333333333333,61.976197779296875,2.7187099248229982,8038106.505485142,6297913.721947178,59.40727236893969,2021
18053,2022,7,top,Thunderstorm Wind,6.654992900512227,0.5846535355307875,1.1509276575349265,3,7000.0,8.853808274977197,0.0020833333333333333,61.976197779296875,2.7187099248229982,8038106.505485142,6297913.721947178,59.40727236893969,2021
18055,2021,3,bottom,Hail,-6.585300766041044,1.0710231649637194,7.603226208624832,1,0.0,0.0,0.0,53.839402,2.6919701,6413567.618742469,6411016.579455025,33.34647221129105,2020
18055,2021,3,mid,Hail,-5.320255655440036,0.590007369853388,5.0509649997100565,1,0.0,0.0,0.0,53.839402,2.6919701,6413567.618742469,6411016.579455025,33.34647221129105,2020
18055,2021,3,top,Hail,-4.25052496363422,0.35327316507789724,3.6442550886053104,1,0.0,0.0,0.0,53.839402,2.6919701,6413567.618742469,6411016.579455025,33.34647221129105,2020
18059,2022,6,bottom,"Flash Flood,Hail",-7.340998633911681,0.38987707973903096,1.4930429426988638,7,0.0,0.0,0.375,71.94841356811523,2.8449263193893435,3980180.7628714954,4707866.800703781,15.762097420076195,2021
18059,2022,6,mid,"Flash Flood,Hail",-3.7221035422611095,0.2708885622222998,-1.3760766674644078,7,0.0,0.0,0.375,71.94841356811523,2.8449263193893435,3980180.7628714954,4707866.800703781,15.762097420076195,2021
18059,2022,6,top,"Flash Flood,Hail",-3.667532880407876,0.264986850002345,-0.767521329047824,7,0.0,0.0,0.375,71.94841356811523,2.8449263193893435,3980180.7628714954,4707866.800703781,15.762097420076195,2021
18061,2025,5,bottom,Thunderstorm Wind,8.695025033226571,0.28623482762444125,-8.012820801470758,2,0.0,0.0,0.0,43.36404281435021,2.479116382340591,15486288.012343839,15816653.890570534,24.793487498115976,2023
18061,2025,5,mid,Thunderstorm Wind,2.4504381904530845,0.2931380907432285,-1.3638070918379743,2,0.0,0.0,0.0,43.36404281435021,2.479116382340591,15486288.012343839,15816653.890570534,24.793487498115976,2023
18061,2025,5,top,Thunderstorm Wind,-1.150595167347845,0.3063959336704535,0.7609366223359189,2,0.0,0.0,0.0,43.36404281435021,2.479116382340591,15486288.012343839,15816653.890570534,24.793487498115976,2023
18067,2021,6,bottom,Thunderstorm Wind,-1.879161756107095,0.48565349310999134,3.647954357446134,1,25000.0,10.12667110305036,0.0,56.4508,2.82254,11003128.86906187,8569763.364942065,43.5947970043209,2020
18067,2021,6,mid,Thunderstorm Wind,-4.946914237588089,0.41075701117424224,3.465443847649354,1,25000.0,10.12667110305036,0.0,56.4508,2.82254,11003128.86906187,8569763.364942065,43.5947970043209,2020
18067,2021,6,top,Thunderstorm Wind,-0.6970883311984295,0.11133224663384522,3.669658568979571,1,25000.0,10.12667110305036,0.0,56.4508,2.82254,11003128.86906187,8569763.364942065,43.5947970043209,2020
18071,2021,6,bottom,"Flash Flood,Hail,Thunderstorm Wind",-2.558520640211185,0.3435522088055472,4.924125876780295,8,2000.0,7.601402334583733,0.8333333333333334,55.931602,2.7965801,8433613.433464907,9037784.8854766,31.927473393783767,2020
18071,2021,6,mid,"Flash Flood,Hail,Thunderstorm Wind",-4.486733658877029,0.42421296110936113,3.3579157686644265,8,2000.0,7.601402334583733,0.8333333333333334,55.931602,2.7965801,8433613.433464907,9037784.8854766,31.927473393783767,2020
18071,2021,6,top,"Flash Flood,Hail,Thunderstorm Wind",-11.64818847016177,0.8400768305970864,3.605351741317411,8,2000.0,7.601402334583733,0.8333333333333334,55.931602,2.7965801,8433613.433464907,9037784.8854766,31.927473393783767,2020
18073,2025,7,bottom,Heavy Rain,21.608449979244696,1.1038062003388143,-6.251795206592338,1,0.0,0.0,0.16319444444444445,63.64762910008569,2.5413117559880445,10064418.34874704,11542118.01462714,17.66128856893022,2023
18073,2025,7,mid,Heavy Rain,11.017697527069458,0.6108753837683448,-2.442054499757925,1,0.0,0.0,0.16319444444444445,63.64762910008569,2.5413117559880445,10064418.34874704,11542118.01462714,17.66128856893022,2023
18073,2025,7,top,Heavy Rain,10.805506111458172,0.48698157928391783,-3.593019621517532,1,0.0,0.0,0.16319444444444445,63.64762910008569,2.5413117559880445,10064418.34874704,11542118.01462714,17.66128856893022,2023
18075,2023,8,bottom,Thunderstorm Wind,-10.908057241777527,1.8512925267268843,-8.252479869965029,1,2000.0,7.601402334583733,0.0006944444444444445,57.34933958186687,2.607829044048813,4568478.5988518605,3978940.2288880846,41.328049058871926,2023
18075,2023,8,mid,Thunderstorm Wind,-11.850309577926893,1.6010258379269602,-4.0875231720494964,1,2000.0,7.601402334583733,0.0006944444444444445,57.34933958186687,2.607829044048813,4568478.5988518605,3978940.2288880846,41.328049058871926,2023
18075,2023,8,top,Thunderstorm Wind,-11.096451751738385,1.2856922824142107,-3.355611132877627,1,2000.0,7.601402334583733,0.0006944444444444445,57.34933958186687,2.607829044048813,4568478.5988518605,3978940.2288880846,41.328049058871926,2023
18077,2020,3,bottom,Thunderstorm Wind,-9.307166930066359,1.0236971471660268,-1.3243777144142683,1,0.0,0.0,0.0,56.241002,2.8120501,5975561.920727485,5243998.77484,39.4954670871,2020
18077,2020,3,mid,Thunderstorm Wind,-1.6798360418407867,0.5586871470050685,-2.3442847921200354,1,0.0,0.0,0.0,56.241002,2.8120501,5975561.920727485,5243998.77484,39.4954670871,2020
18077,2020,3,top,Thunderstorm Wind,-0.8598844190892123,0.20122883031854677,-3.489635717456371,1,0.0,0.0,0.0,56.241002,2.8120501,5975561.920727485,5243998.77484,39.4954670871,2020
18077,2025,6,bottom,Hail,21.56948438977507,1.963839012111537,4.444052000448456,1,0.0,0.0,0.0,68.11480965968389,2.5607047649064056,14694156.005090721,14523354.706711387,35.55671086423473,2023
18077,2025,6,mid,Hail,13.514683877663714,1.070453082427841,3.4623506260548,1,0.0,0.0,0.0,68.11480965968389,2.5607047649064056,14694156.005090721,14523354.706711387,35.55671086423473,2023
18077,2025,6,top,Hail,15.49773733960285,1.2282815406670733,1.1521549996050406,1,0.0,0.0,0.0,68.11480965968389,2.5607047649064056,14694156.005090721,14523354.706711387,35.55671086423473,2023
18087,2023,6,bottom,Thunderstorm Wind,-7.273435637878023,1.101511468586536,-2.0493009211080184,1,500.0,6.2166061010848646,0.0006944444444444445,22.27501762649568,2.473970646531316,8296762.194650715,6161818.445574,44.46118588860618,2023
18087,2023,6,mid,Thunderstorm Wind,-2.2129214711670926,0.7513449827125853,-1.1601886380013866,1,500.0,6.2166061010848646,0.0006944444444444445,22.27501762649568,2.473970646531316,8296762.194650715,6161818.445574,44.46118588860618,2023
18087,2023,6,top,Thunderstorm Wind,5.464036468550816,0.27629310891786424,-1.580014331405934,1,500.0,6.2166061010848646,0.0006944444444444445,22.27501762649568,2.473970646531316,8296762.194650715,6161818.445574,44.46118588860618,2023
18091,2023,6,bottom,Hail,-6.262514035983443,0.7190823789567684,1.9034735221074897,3,3000.0,8.006700845440367,0.0020833333333333333,82.19107240266113,2.7104008634644887,17032300.18293912,15459379.103806185,57.63599241299716,2023
18091,2023,6,mid,Hail,-1.7920268104136312,0.33883158751557535,1.6311402120686769,3,3000.0,8.006700845440367,0.0020833333333333333,82.19107240266113,2.7104008634644887,17032300.18293912,15459379.103806185,57.63599241299716,2023
18091,2023,6,top,Hail,-5.1550123336229206,0.6743427953649539,0.927830713586952,3,3000.0,8.006700845440367,0.0020833333333333333,82.19107240266113,2.7104008634644887,17032300.18293912,15459379.103806185,57.63599241299716,2023
18117,2021,8,bottom,Flash Flood,5.493629302736323,0.6856422012708151,0.648680490881271,4,0.0,0.0,0.3333333333333333,53.165998,2.6582999,3935385.9994380497,3192304.766970027,39.77138352383529,2020
18117,2021,8,mid,Flash Flood,2.735215929814899,0.44215636989241525,0.7129371211485515,4,0.0,0.0,0.3333333333333333,53.165998,2.6582999,3935385.9994380497,3192304.766970027,39.77138352383529,2020
18117,2021,8,top,Flash Flood,-3.1345817781271847,0.15067635634771528,1.4454204184625514,4,0.0,0.0,0.3333333333333333,53.165998,2.6582999,3935385.9994380497,3192304.766970027,39.77138352383529,2020
18121,2024,6,bottom,Thunderstorm Wind,4.558460091650204,0.2885796464814912,0.2273319014416444,1,10000.0,9.210440366976517,0.0,42.423034846217384,2.513914881591131,6512843.185092474,5382030.080752208,64.38007981521662,2023
18121,2024,6,mid,Thunderstorm Wind,6.1694136964095065,0.3821251763318225,-0.5805771801267005,1,10000.0,9.210440366976517,0.0,42.423034846217384,2.513914881591131,6512843.185092474,5382030.080752208,64.38007981521662,2023
18121,2024,6,top,Thunderstorm Wind,9.106266611445392,0.6959561549539612,-1.0628544988810091,1,10000.0,9.210440366976517,0.0,42.423034846217384,2.513914881591131,6512843.185092474,5382030.080752208,64.38007981521662,2023
18123,2021,6,bottom,Thunderstorm Wind,20.900747311644423,1.250353225982853,-9.238342477132875,1,0.0,0.0,0.0,54.664002,2.7332001,3712783.2155273585,4513447.218013432,26.882144264888204,2020
18123,2021,6,mid,Thunderstorm Wind,2.8477280254955275,0.29291018240260114,-2.7282092919561856,1,0.0,0.0,0.0,54.664002,2.7332001,3712783.2155273585,4513447.218013432,26.882144264888204,2020
18123,2021,6,top,Thunderstorm Wind,-4.055134758883256,0.7587770042497055,-1.8208452053252937,1,0.0,0.0,0.0,54.664002,2.7332001,3712783.2155273585,4513447.218013432,26.882144264888204,2020
18131,2024,7,bottom,Thunderstorm Wind,0.7133317459493469,0.22984378168733235,-3.0740818970567525,1,1000.0,6.90875477931522,0.0006944444444444445,71.64214033164627,2.6156888475617346,3451263.481599824,3269981.250908164,35.174610564031276,2023
18131,2024,7,mid,Thunderstorm Wind,-0.055045521507992135,0.26991284844386954,-0.615317392055123,1,1000.0,6.90875477931522,0.0006944444444444445,71.64214033164627,2.6156888475617346,3451263.481599824,3269981.250908164,35.174610564031276,2023
18131,2024,7,top,Thunderstorm Wind,-3.102927609647878,0.23026513653165065,-1.0197112000816826,1,1000.0,6.90875477931522,0.0006944444444444445,71.64214033164627,2.6156888475617346,3451263.481599824,3269981.250908164,35.174610564031276,2023
18135,2020,3,bottom,Flash Flood,-17.945813635031072,1.2879808665825567,2.1894510210903775,4,40000.0,10.596659732783579,0.6666666666666666,55.446,2.7723,2912829.4807969965,2488364.40502,39.8502167915,2020
18135,2020,3,mid,Flash Flood,-11.681856983469203,0.8984288780280204,3.0160106250189216,4,40000.0,10.596659732783579,0.6666666666666666,55.446,2.7723,2912829.4807969965,2488364.40502,39.8502167915,2020
18135,2020,3,top,Flash Flood,-9.003453004534407,0.8821419274559739,1.9366748263857592,4,40000.0,10.596659732783579,0.6666666666666666,55.446,2.7723,2912829.4807969965,2488364.40502,39.8502167915,2020
18151,2023,6,bottom,"Hail,Thunderstorm Wind",-1.8142274452158915,0.7213336933644072,-6.777796267012467,8,88000.0,11.385103457032141,0.005555555555555556,72.196878278363,2.6693928130051714,4052021.6851278143,4185848.0252034194,17.027666042085404,2023
18151,2023,6,mid,"Hail,Thunderstorm Wind",2.569016090554854,0.3936108872493632,-3.9067056224124976,8,88000.0,11.385103457032141,0.005555555555555556,72.196878278363,2.6693928130051714,4052021.6851278143,4185848.0252034194,17.027666042085404,2023
18151,2023,6,top,"Hail,Thunderstorm Wind",7.100009852337408,0.342300249062912,-4.171243634987268,8,88000.0,11.385103457032141,0.005555555555555556,72.196878278363,2.6693928130051714,4052021.6851278143,4185848.0252034194,17.027666042085404,2023
18165,2024,3,bottom,Hail,8.343575641525732,1.6154591566173238,6.732265906043068,1,0.0,0.0,0.0,77.10993772035062,2.652266602293479,5417971.031390809,4869740.141131649,42.5725203282484,2023
18165,2024,3,mid,Hail,1.97422671065695,0.8581635868106214,4.806150080175598,1,0.0,0.0,0.0,77.10993772035062,2.652266602293479,5417971.031390809,4869740.141131649,42.5725203282484,2023
18165,2024,3,top,Hail,0.1339434226101588,0.4095174342310616,2.8159760527433852,1,0.0,0.0,0.0,77.10993772035062,2.652266602293479,5417971.031390809,4869740.141131649,42.5725203282484,2023
18171,2024,6,bottom,Tornado,-3.8944216642834704,0.19029801711091965,1.8273734833682767,2,0.0,0.0,0.011111111111111112,63.17433543473296,2.5903027515537334,2357796.8973484403,2765304.026766015,7.2483044233836775,2023
18171,2024,6,mid,Tornado,2.735304614909012,0.1625748213674063,0.7585794212323455,2,0.0,0.0,0.011111111111111112,63.17433543473296,2.5903027515537334,2357796.8973484403,2765304.026766015,7.2483044233836775,2023
18171,2024,6,top,Tornado,3.5817701649954756,0.18549153341025654,-0.21575864764338823,2,0.0,0.0,0.011111111111111112,63.17433543473296,2.5903027515537334,2357796.8973484403,2765304.026766015,7.2483044233836775,2023
18179,2020,6,bottom,Thunderstorm Wind,3.8961832094744437,0.6363700192263914,1.048469212437226,1,0.0,0.0,0.0006944444444444445,57.760802,2.8880401,3273911.639771408,3370254.06705,34.5289712259,2020
18179,2020,6,mid,Thunderstorm Wind,0.29026562423995017,0.33318058437118675,1.7532386831210829,1,0.0,0.0,0.0006944444444444445,57.760802,2.8880401,3273911.639771408,3370254.06705,34.5289712259,2020
18179,2020,6,top,Thunderstorm Wind,-8.119036747105298,0.6669942648860846,0.843043819987661,1,0.0,0.0,0.0006944444444444445,57.760802,2.8880401,3273911.639771408,3370254.06705,34.5289712259,2020
18179,2021,8,bottom,Thunderstorm Wind,-7.268696002419716,1.0641964150292056,2.854784559440219,2,9000.0,9.105090961257085,0.001388888888888889,57.760802,2.8880401,2437614.3223316344,2509346.7654829985,34.52897122586798,2020
18179,2021,8,mid,Thunderstorm Wind,-9.487064967236378,0.9246201148760411,1.2378319229895614,2,9000.0,9.105090961257085,0.001388888888888889,57.760802,2.8880401,2437614.3223316344,2509346.7654829985,34.52897122586798,2020
18179,2021,8,top,Thunderstorm Wind,-8.738838828231366,0.9589440087639723,0.4642729798304022,2,9000.0,9.105090961257085,0.001388888888888889,57.760802,2.8880401,2437614.3223316344,2509346.7654829985,34.52897122586798,2020
18183,2021,8,bottom,Thunderstorm Wind,4.190153049180395,0.15403263466039943,-0.9599341042811554,5,2200.0,7.696667081526462,0.003472222222222222,57.9812,2.89906,2750621.811237531,3727891.5146530806,24.55656286952321,2020
18183,2021,8,mid,Thunderstorm Wind,5.166891511519978,0.28494328411265757,-2.370861651921686,5,2200.0,7.696667081526462,0.003472222222222222,57.9812,2.89906,2750621.811237531,3727891.5146530806,24.55656286952321,2020
18183,2021,8,top,Thunderstorm Wind,4.581540493103418,0.21850467451255687,-1.6203976615815303,5,2200.0,7.696667081526462,0.003472222222222222,57.9812,2.89906,2750621.811237531,3727891.5146530806,24.55656286952321,2020
19001,2020,3,bottom,Tornado,1.8269213847596433,0.3005223986636833,3.3494516134364907,2,190000.0,12.154784614286667,0.020833333333333332,58.365202,2.9182601,5605429.510471278,4366910.31295,45.0532124557,2020
19001,2020,3,mid,Tornado,-3.799983852555684,0.31416368732899697,2.5637105307848835,2,190000.0,12.154784614286667,0.020833333333333332,58.365202,2.9182601,5605429.510471278,4366910.31295,45.0532124557,2020
19001,2020,3,top,Tornado,4.669839504161644,0.0872610863858564,-8.324914183526596,2,190000.0,12.154784614286667,0.020833333333333332,58.365202,2.9182601,5605429.510471278,4366910.31295,45.0532124557,2020
19003,2020,3,bottom,"Hail,Tornado",6.5140101912960375,1.6670747958402357,2.5824824359798697,3,60000.0,11.002116507732017,0.001388888888888889,57.748398,2.8874199,3463795.540125384,2780037.09365,43.4371304691,2020
19003,2020,3,mid,"Hail,Tornado",1.2461893609062713,1.0867461206105624,2.5112558845113235,3,60000.0,11.002116507732017,0.001388888888888889,57.748398,2.8874199,3463795.540125384,2780037.09365,43.4371304691,2020
19003,2020,3,top,"Hail,Tornado",13.603469531059432,1.7019283049825733,-2.523097427256436,3,60000.0,11.002116507732017,0.001388888888888889,57.748398,2.8874199,3463795.540125384,2780037.09365,43.4371304691,2020
19003,2024,9,bottom,Hail,20.31892752301954,2.198279589621207,2.8088669577304537,2,0.0,0.0,0.009027777777777779,59.69545537775213,2.566843705689675,5294758.10573388,5524170.470058026,17.09649552810486,2023
19003,2024,9,mid,Hail,13.670382433138016,1.5679042726884729,-1.3589382396398737,2,0.0,0.0,0.009027777777777779,59.69545537775213,2.566843705689675,5294758.10573388,5524170.470058026,17.09649552810486,2023
19003,2024,9,top,Hail,4.4278095709453,0.855438257155444,-2.044639422102591,2,0.0,0.0,0.009027777777777779,59.69545537775213,2.566843705689675,5294758.10573388,5524170.470058026,17.09649552810486,2023
19009,2023,7,bottom,Hail,22.60923084261252,1.5767002374202486,4.861823232320977,1,0.0,0.0,0.006944444444444444,86.99580568373456,2.731969745305542,4664566.487010795,5210577.615970814,7.8532754695072065,2023
19009,2023,7,mid,Hail,7.643649637631441,0.7009591858821939,4.383199097422865,1,0.0,0.0,0.006944444444444444,86.99580568373456,2.731969745305542,4664566.487010795,5210577.615970814,7.8532754695072065,2023
19009,2023,7,top,Hail,16.370499156967384,1.5998392515208868,5.146035159812811,1,0.0,0.0,0.006944444444444444,86.99580568373456,2.731969745305542,4664566.487010795,5210577.615970814,7.8532754695072065,2023
19017,2022,8,bottom,Heavy Rain,0.051718924547216716,0.41259280435128143,2.201692761643386,1,0.0,0.0,1.0,81.89459828338623,2.9355289060878755,3831087.410005768,4594069.177702002,15.57162964218331,2021
19017,2022,8,mid,Heavy Rain,-0.7048646651217467,0.2684883343639047,-1.9247393720710306,1,0.0,0.0,1.0,81.89459828338623,2.9355289060878755,3831087.410005768,4594069.177702002,15.57162964218331,2021
19017,2022,8,top,Heavy Rain,-1.9963671507170204,0.3702167706527243,-2.905852661144896,1,0.0,0.0,1.0,81.89459828338623,2.9355289060878755,3831087.410005768,4594069.177702002,15.57162964218331,2021
19019,2025,8,bottom,Thunderstorm Wind,21.41428405919885,1.5114514412481093,-2.5035636544904585,1,0.0,0.0,0.0,88.23141623267654,2.6326216244214904,8187941.516339532,12246231.129737694,9.860572124994674,2023
19019,2025,8,mid,Thunderstorm Wind,9.45291446342003,0.6141467995091577,-2.2881307308865977,1,0.0,0.0,0.0,88.23141623267654,2.6326216244214904,8187941.516339532,12246231.129737694,9.860572124994674,2023
19019,2025,8,top,Thunderstorm Wind,15.129809906183269,0.8099208874812919,-4.652880874461118,1,0.0,0.0,0.0,88.23141623267654,2.6326216244214904,8187941.516339532,12246231.129737694,9.860572124994674,2023
19021,2024,7,bottom,Flood,6.043401130164597,1.0281060280458652,9.800050368276013,4,0.0,0.0,6.0,57.100557247411594,2.5662565069561363,9451774.678156946,8479828.282338874,54.187626804484495,2023
19021,2024,7,mid,Flood,3.190578565591977,0.15527786951121125,4.372212835484277,4,0.0,0.0,6.0,57.100557247411594,2.5662565069561363,9451774.678156946,8479828.282338874,54.187626804484495,2023
19021,2024,7,top,Flood,-0.04809394091097374,0.1390168355583799,4.90013531023278,4,0.0,0.0,6.0,57.100557247411594,2.5662565069561363,9451774.678156946,8479828.282338874,54.187626804484495,2023
19025,2024,7,bottom,Heavy Rain,17.572311245904217,1.126456296558341,7.190740019318848,1,0.0,0.0,0.6819444444444445,85.03228973193363,2.670391718475534,11597212.068924613,10953116.187927978,28.040649103651827,2023
19025,2024,7,mid,Heavy Rain,11.391366821758794,0.7674305690979156,3.482130707212022,1,0.0,0.0,0.6819444444444445,85.03228973193363,2.670391718475534,11597212.068924613,10953116.187927978,28.040649103651827,2023
19025,2024,7,top,Heavy Rain,2.8548858431706634,0.5534338077594746,0.5489607220328357,1,0.0,0.0,0.6819444444444445,85.03228973193363,2.670391718475534,11597212.068924613,10953116.187927978,28.040649103651827,2023
19029,2020,6,bottom,Thunderstorm Wind,-9.037431235558174,0.5707650406272603,-3.9412953638496853,2,0.0,0.0,0.0,58.0024,2.90012,8045380.798263037,5759629.41285,47.812376823,2020
19029,2020,6,mid,Thunderstorm Wind,-6.2104104013584305,0.37929477461760847,0.1858422539887954,2,0.0,0.0,0.0,58.0024,2.90012,8045380.798263037,5759629.41285,47.812376823,2020
19029,2020,6,top,Thunderstorm Wind,-6.48733709901947,0.4398377442890066,2.454387059668496,2,0.0,0.0,0.0,58.0024,2.90012,8045380.798263037,5759629.41285,47.812376823,2020
19031,2025,8,bottom,Thunderstorm Wind,0.25061109180947483,0.18812329488671606,-1.7620414787409118,2,0.0,0.0,0.0,91.3699358162787,2.6497996814827327,7665597.83582962,11738623.482976457,9.393905466275292,2023
19031,2025,8,mid,Thunderstorm Wind,-1.5827726075494155,0.20259013716175994,0.06743802813902751,2,0.0,0.0,0.0,91.3699358162787,2.6497996814827327,7665597.83582962,11738623.482976457,9.393905466275292,2023
19031,2025,8,top,Thunderstorm Wind,-2.5318125440835644,0.19806240688058546,-0.18699040515450824,2,0.0,0.0,0.0,91.3699358162787,2.6497996814827327,7665597.83582962,11738623.482976457,9.393905466275292,2023
19035,2024,7,bottom,"Flood,Thunderstorm Wind",-3.7772564148460503,1.2620178699824853,1.7987025846588693,10,0.0,0.0,39.50972222222222,85.55869676535697,2.675525571813976,7776038.413565036,7661662.5027212845,26.810353090136495,2023
19035,2024,7,mid,"Flood,Thunderstorm Wind",-3.0452306710684667,1.008760247726613,-1.505232537553212,10,0.0,0.0,39.50972222222222,85.55869676535697,2.675525571813976,7776038.413565036,7661662.5027212845,26.810353090136495,2023
19035,2024,7,top,"Flood,Thunderstorm Wind",0.599741705812562,0.0966319827758022,3.147039972762599,10,0.0,0.0,39.50972222222222,85.55869676535697,2.675525571813976,7776038.413565036,7661662.5027212845,26.810353090136495,2023
19041,2023,10,bottom,Hail,-1.50564050009541,0.6496177635165661,0.40573323336137906,2,0.0,0.0,0.002777777777777778,81.74147490666783,2.6954474155703867,7656142.205395095,8923680.719046503,21.233450656281367,2023
19041,2023,10,mid,Hail,-4.863351883643048,0.948771576185489,-0.7817280646940455,2,0.0,0.0,0.002777777777777778,81.74147490666783,2.6954474155703867,7656142.205395095,8923680.719046503,21.233450656281367,2023
19041,2023,10,top,Hail,-6.165684948951522,1.2618425748672968,-0.9713575261878494,2,0.0,0.0,0.002777777777777778,81.74147490666783,2.6954474155703867,7656142.205395095,8923680.719046503,21.233450656281367,2023
19041,2024,7,bottom,Flood,24.299633708555618,2.6800739377917253,11.647176681474926,26,0.0,0.0,213.20833333333334,78.36193911249245,2.645090512911407,9152081.353170961,11756161.043203147,17.560744161030126,2023
19041,2024,7,mid,Flood,12.949507624339986,1.0177805620532618,6.510836561460754,26,0.0,0.0,213.20833333333334,78.36193911249245,2.645090512911407,9152081.353170961,11756161.043203147,17.560744161030126,2023
19041,2024,7,top,Flood,3.385226861914873,0.24057433611957468,6.051360178855442,26,0.0,0.0,213.20833333333334,78.36193911249245,2.645090512911407,9152081.353170961,11756161.043203147,17.560744161030126,2023
19047,2020,6,bottom,Thunderstorm Wind,-9.738270416069867,1.180158656138714,0.0826749570850988,1,0.0,0.0,0.0,55.843,2.79215,13538276.3996229,9382402.05164,47.4576271186,2020
19047,2020,6,mid,Thunderstorm Wind,-3.480785364023987,0.3987947902273174,-1.037724551750306,1,0.0,0.0,0.0,55.843,2.79215,13538276.3996229,9382402.05164,47.4576271186,2020
19047,2020,6,top,Thunderstorm Wind,-9.21914498679412,0.7368693703071147,-3.174099935515983,1,0.0,0.0,0.0,55.843,2.79215,13538276.3996229,9382402.05164,47.4576271186,2020
19053,2020,6,bottom,Thunderstorm Wind,4.067566780898673,1.0867676466569443,-7.128620973260477,1,0.0,0.0,0.0,55.112,2.7556,4879317.413086599,3183042.4824,49.7437918802,2020
19053,2020,6,mid,Thunderstorm Wind,8.6776322660928,0.5120168038887569,2.995367869612167,1,0.0,0.0,0.0,55.112,2.7556,4879317.413086599,3183042.4824,49.7437918802,2020
19053,2020,6,top,Thunderstorm Wind,4.62540330632288,1.431816153647205,2.3815903980117477,1,0.0,0.0,0.0,55.112,2.7556,4879317.413086599,3183042.4824,49.7437918802,2020
19053,2022,11,bottom,Heavy Rain,9.513476298878928,1.4777747844654971,2.063835663436199,2,0.0,0.0,1.5208333333333333,45.40549862670898,2.6125554503440855,3639722.772130017,2833791.716599919,47.715948656688866,2021
19053,2022,11,mid,Heavy Rain,-14.680773559698522,1.47796695470088,4.576568756753933,2,0.0,0.0,1.5208333333333333,45.40549862670898,2.6125554503440855,3639722.772130017,2833791.716599919,47.715948656688866,2021
19053,2022,11,top,Heavy Rain,10.623972520042372,1.560244919705196,6.083194100355247,2,0.0,0.0,1.5208333333333333,45.40549862670898,2.6125554503440855,3639722.772130017,2833791.716599919,47.715948656688866,2021
19057,2023,5,bottom,"Funnel Cloud,Hail,Thunderstorm Wind",0.6857825973409319,0.6450773849355047,0.5497498491259165,7,0.0,0.0,0.05833333333333333,90.95026218338714,2.763325385746438,12211256.93900309,11225955.735142874,48.16494260996597,2023
19057,2023,5,mid,"Funnel Cloud,Hail,Thunderstorm Wind",-1.7227590735981835,0.7295247199471302,0.06634917284656201,7,0.0,0.0,0.05833333333333333,90.95026218338714,2.763325385746438,12211256.93900309,11225955.735142874,48.16494260996597,2023
19057,2023,5,top,"Funnel Cloud,Hail,Thunderstorm Wind",-4.71138890542062,0.9815078253927881,-1.0018738191008036,7,0.0,0.0,0.05833333333333333,90.95026218338714,2.763325385746438,12211256.93900309,11225955.735142874,48.16494260996597,2023
19057,2025,4,bottom,Thunderstorm Wind,-3.2114968314666754,0.24283803853399857,-1.246567576732204,5,0.0,0.0,0.0,89.68830536851097,2.656229373031339,17569808.066142846,17353571.509943783,37.986791398378315,2023
19057,2025,4,mid,Thunderstorm Wind,-1.480023082680603,0.13845311835442414,0.7175661706490407,5,0.0,0.0,0.0,89.68830536851097,2.656229373031339,17569808.066142846,17353571.509943783,37.986791398378315,2023
19057,2025,4,top,Thunderstorm Wind,7.320508946560707,0.6519737690921756,-0.9300568218071655,5,0.0,0.0,0.0,89.68830536851097,2.656229373031339,17569808.066142846,17353571.509943783,37.986791398378315,2023
19063,2023,7,bottom,"Hail,Thunderstorm Wind",-3.716617251749696,0.35384322725841844,5.9851372715266775,5,0.0,0.0,0.0,73.30955060043647,2.670228509914821,4766183.70173998,4597037.442349007,29.517087636657788,2023
19063,2023,7,mid,"Hail,Thunderstorm Wind",-10.934751044178114,0.5529658633044666,4.482253890036446,5,0.0,0.0,0.0,73.30955060043647,2.670228509914821,4766183.70173998,4597037.442349007,29.517087636657788,2023
19063,2023,7,top,"Hail,Thunderstorm Wind",-7.678428649899686,0.5645682707675688,3.6908155066038026,5,0.0,0.0,0.0,73.30955060043647,2.670228509914821,4766183.70173998,4597037.442349007,29.517087636657788,2023
19071,2023,6,bottom,Thunderstorm Wind,-14.39488366890835,0.9918826027280964,6.042212777103548,1,0.0,0.0,0.0,62.70916252480374,2.6358239004222077,4675267.483175706,5155205.387800201,3.7095073167078194,2023
19071,2023,6,mid,Thunderstorm Wind,-10.787425352978971,0.7244686685741103,4.09400924910689,1,0.0,0.0,0.0,62.70916252480374,2.6358239004222077,4675267.483175706,5155205.387800201,3.7095073167078194,2023
19071,2023,6,top,Thunderstorm Wind,-6.991999486289529,0.327621091770724,3.0671814105549564,1,0.0,0.0,0.0,62.70916252480374,2.6358239004222077,4675267.483175706,5155205.387800201,3.7095073167078194,2023
19071,2024,7,bottom,"Flood,Hail",-3.23905843913748,0.6131889162171485,1.819690735328815,7,0.0,0.0,32.0,56.292189552859526,2.5638339250392512,5354583.581767527,5813962.955773201,12.894038877801098,2023
19071,2024,7,mid,"Flood,Hail",0.5505808049364731,0.5234866454483225,-1.2098714271181688,7,0.0,0.0,32.0,56.292189552859526,2.5638339250392512,5354583.581767527,5813962.955773201,12.894038877801098,2023
19071,2024,7,top,"Flood,Hail",-1.0078941631755782,0.14631758276045292,-2.567721275727081,7,0.0,0.0,32.0,56.292189552859526,2.5638339250392512,5354583.581767527,5813962.955773201,12.894038877801098,2023
19075,2022,8,bottom,"Funnel Cloud,Hail,Thunderstorm Wind",-1.4846120600760457,0.2534259894247859,0.796974040374181,5,0.0,0.0,0.0,80.71023974829102,2.9014573862220763,4006863.732706841,4640885.618244157,14.884909588096177,2021
19075,2022,8,mid,"Funnel Cloud,Hail,Thunderstorm Wind",-0.8884342217930197,0.328331531086172,-1.6780008742850232,5,0.0,0.0,0.0,80.71023974829102,2.9014573862220763,4006863.732706841,4640885.618244157,14.884909588096177,2021
19075,2022,8,top,"Funnel Cloud,Hail,Thunderstorm Wind",-0.7872248682462128,0.45001952340557494,-1.6203046742089147,5,0.0,0.0,0.0,80.71023974829102,2.9014573862220763,4006863.732706841,4640885.618244157,14.884909588096177,2021
19075,2024,6,bottom,Thunderstorm Wind,7.106858407642889,1.5937905804202976,1.2922735548096587,1,0.0,0.0,0.0,95.90204158150263,2.75187115224565,4915449.46373062,7088070.297012503,4.965186213636364,2023
19075,2024,6,mid,Thunderstorm Wind,6.526788172440973,0.5462533054184046,-0.4103931505383353,1,0.0,0.0,0.0,95.90204158150263,2.75187115224565,4915449.46373062,7088070.297012503,4.965186213636364,2023
19075,2024,6,top,Thunderstorm Wind,6.311174076451536,0.6974554845379157,1.044961481675988,1,0.0,0.0,0.0,95.90204158150263,2.75187115224565,4915449.46373062,7088070.297012503,4.965186213636364,2023
19077,2022,8,bottom,Hail,4.096612322746992,0.14839371999477902,0.07465063153154479,1,0.0,0.0,0.0,74.27405973672485,2.806101418733406,6324515.6744420305,5916789.626941336,21.12964665331754,2021
19077,2022,8,mid,Hail,9.981583364344985,0.6721198093093803,-1.1453156430404619,1,0.0,0.0,0.0,74.27405973672485,2.806101418733406,6324515.6744420305,5916789.626941336,21.12964665331754,2021
19077,2022,8,top,Hail,5.496614409206174,0.2110502706114736,-1.889013275298268,1,0.0,0.0,0.0,74.27405973672485,2.806101418733406,6324515.6744420305,5916789.626941336,21.12964665331754,2021
19079,2024,7,bottom,"Hail,Heavy Rain,Thunderstorm Wind",6.449917804514158,0.8078069383052299,0.1895374453421302,3,0.0,0.0,0.16041666666666668,77.34761829362985,2.6398969468631814,9445831.167333402,10493641.098802064,13.937230990227494,2023
19079,2024,7,mid,"Hail,Heavy Rain,Thunderstorm Wind",2.6201710061612857,0.2489513256759576,-2.070440800121119,3,0.0,0.0,0.16041666666666668,77.34761829362985,2.6398969468631814,9445831.167333402,10493641.098802064,13.937230990227494,2023
19079,2024,7,top,"Hail,Heavy Rain,Thunderstorm Wind",4.200838049786952,0.5977921740581532,-0.9654547271239645,3,0.0,0.0,0.16041666666666668,77.34761829362985,2.6398969468631814,9445831.167333402,10493641.098802064,13.937230990227494,2023
19081,2022,8,bottom,Heavy Rain,4.127926566655745,1.4658597309854464,-1.9416598142449715,2,0.0,0.0,2.0,73.88347223672486,2.8248248772190094,4966988.616678611,5103723.889628113,19.39563319405374,2021
19081,2022,8,mid,Heavy Rain,0.4248184870531304,0.7578795783228267,2.9836179390252227,2,0.0,0.0,2.0,73.88347223672486,2.8248248772190094,4966988.616678611,5103723.889628113,19.39563319405374,2021
19081,2022,8,top,Heavy Rain,-2.710466297292342,0.24589081747539643,3.261621286884117,2,0.0,0.0,2.0,73.88347223672486,2.8248248772190094,4966988.616678611,5103723.889628113,19.39563319405374,2021
19083,2022,8,bottom,Hail,-3.5008586430502504,0.30986784727204997,-1.9926402845725117,1,0.0,0.0,0.0,72.653538375,2.800798429494095,8380260.5904217,8090881.171425194,26.554522330807004,2021
19083,2022,8,mid,Hail,-0.6230025969605606,0.4804195148843097,0.28301201365848766,1,0.0,0.0,0.0,72.653538375,2.800798429494095,8380260.5904217,8090881.171425194,26.554522330807004,2021
19083,2022,8,top,Hail,-2.924571763692228,0.26538981217380647,-0.24939433383851886,1,0.0,0.0,0.0,72.653538375,2.800798429494095,8380260.5904217,8090881.171425194,26.554522330807004,2021
19083,2024,7,bottom,Thunderstorm Wind,-14.460563018758194,1.4262906970488918,0.6234783389232632,2,0.0,0.0,0.0,82.44847328244275,2.6593041307824707,14746293.867831273,14493804.708605029,27.07765618248432,2023
19083,2024,7,mid,Thunderstorm Wind,-15.720449481992944,1.8149177990658576,-0.1350181953755983,2,0.0,0.0,0.0,82.44847328244275,2.6593041307824707,14746293.867831273,14493804.708605029,27.07765618248432,2023
19083,2024,7,top,Thunderstorm Wind,-14.926170018495569,1.6830162368145607,1.8100651028593642,2,0.0,0.0,0.0,82.44847328244275,2.6593041307824707,14746293.867831273,14493804.708605029,27.07765618248432,2023
19087,2023,5,bottom,"Hail,Thunderstorm Wind",-9.45774539663266,0.8661945026553993,-0.9789663481932868,8,0.0,0.0,0.06319444444444444,90.47690021174573,2.76057717893912,4339605.701567639,4098875.2079715035,21.887710964370118,2023
19087,2023,5,mid,"Hail,Thunderstorm Wind",-1.8807589108815108,0.4440938557979035,-0.28026279748128974,8,0.0,0.0,0.06319444444444444,90.47690021174573,2.76057717893912,4339605.701567639,4098875.2079715035,21.887710964370118,2023
19087,2023,5,top,"Hail,Thunderstorm Wind",-5.3876727431321,0.7324637754582042,-0.5930189975378966,8,0.0,0.0,0.06319444444444444,90.47690021174573,2.76057717893912,4339605.701567639,4098875.2079715035,21.887710964370118,2023
19095,2025,8,bottom,Thunderstorm Wind,-18.602353954911052,1.2930599246071262,1.1870180772403767,1,0.0,0.0,0.0,94.3647006244646,2.6712474126052763,9390422.340592127,10675730.20160832,17.421182810639944,2023
19095,2025,8,mid,Thunderstorm Wind,-10.329686345881754,0.7161602134548685,-1.8518900968596863,1,0.0,0.0,0.0,94.3647006244646,2.6712474126052763,9390422.340592127,10675730.20160832,17.421182810639944,2023
19095,2025,8,top,Thunderstorm Wind,-13.93722766012489,1.5642986179405818,0.08295676489631394,1,0.0,0.0,0.0,94.3647006244646,2.6712474126052763,9390422.340592127,10675730.20160832,17.421182810639944,2023
19097,2023,7,bottom,"Hail,Thunderstorm Wind",-12.087294680795225,0.7602304686010137,3.316181812681213,5,0.0,0.0,0.04097222222222222,80.58540677263206,2.699373264193888,7730163.721630941,8599375.567621931,7.749104687309496,2023
19097,2023,7,mid,"Hail,Thunderstorm Wind",-0.7555968623398712,0.5972718546606609,3.948378179186733,5,0.0,0.0,0.04097222222222222,80.58540677263206,2.699373264193888,7730163.721630941,8599375.567621931,7.749104687309496,2023
19097,2023,7,top,"Hail,Thunderstorm Wind",10.729590211056134,0.8714112185325786,3.5449537792547923,5,0.0,0.0,0.04097222222222222,80.58540677263206,2.699373264193888,7730163.721630941,8599375.567621931,7.749104687309496,2023
19109,2022,8,bottom,"Heavy Rain,Thunderstorm Wind",-2.6192784165505145,0.8303774361715222,-2.908600594367556,2,0.0,0.0,1.0,71.54577534332275,2.7993175024461747,7904808.149186998,7650423.964616989,28.283985042318285,2021
19109,2022,8,mid,"Heavy Rain,Thunderstorm Wind",1.6080468276390434,0.31307464189074197,1.3540687123036197,2,0.0,0.0,1.0,71.54577534332275,2.7993175024461747,7904808.149186998,7650423.964616989,28.283985042318285,2021
19109,2022,8,top,"Heavy Rain,Thunderstorm Wind",-1.6874804310510427,0.35836800273037656,2.0188087446951783,2,0.0,0.0,1.0,71.54577534332275,2.7993175024461747,7904808.149186998,7650423.964616989,28.283985042318285,2021
19111,2025,8,bottom,Tornado,-32.38574927479118,2.6440228575588303,8.901680159590905,4,0.0,0.0,0.002777777777777778,85.16036111945056,2.615800234318981,22117883.557145063,20793527.624593742,41.375009637272726,2023
19111,2025,8,mid,Tornado,-3.7476390598557145,0.37785818813241767,-0.190637706347952,4,0.0,0.0,0.002777777777777778,85.16036111945056,2.615800234318981,22117883.557145063,20793527.624593742,41.375009637272726,2023
19111,2025,8,top,Tornado,9.51394009567943,0.7859481766775036,-3.487228021375188,4,0.0,0.0,0.002777777777777778,85.16036111945056,2.615800234318981,22117883.557145063,20793527.624593742,41.375009637272726,2023
19123,2025,6,bottom,Thunderstorm Wind,-15.220561508824929,1.219853511497651,-3.7708569398440326,1,0.0,0.0,0.0,79.30271988920997,2.6004488974353692,9184429.924672266,10028732.831474997,21.95687729666282,2023
19123,2025,6,mid,Thunderstorm Wind,-2.85166999038168,0.6168265090728768,-6.436371034678349,1,0.0,0.0,0.0,79.30271988920997,2.6004488974353692,9184429.924672266,10028732.831474997,21.95687729666282,2023
19123,2025,6,top,Thunderstorm Wind,-21.492353955276812,1.7741458188410397,0.4390277669317868,1,0.0,0.0,0.0,79.30271988920997,2.6004488974353692,9184429.924672266,10028732.831474997,21.95687729666282,2023
19133,2021,7,bottom,Hail,-28.99050116609554,1.8022331785632768,0.9105062801751984,1,0.0,0.0,0.0,57.563,2.87815,5287137.982567404,3686943.7142990157,48.718959400878106,2020
19133,2021,7,mid,Hail,-8.50194690822515,0.5267696648382921,-0.2955456618038615,1,0.0,0.0,0.0,57.563,2.87815,5287137.982567404,3686943.7142990157,48.718959400878106,2020
19133,2021,7,top,Hail,-21.365053141728993,1.3046469269151604,-2.031946216566984,1,0.0,0.0,0.0,57.563,2.87815,5287137.982567404,3686943.7142990157,48.718959400878106,2020
19133,2024,7,bottom,"Funnel Cloud,Thunderstorm Wind",-13.536718500107796,1.834292522658227,-2.629268347759966,3,0.0,0.0,0.0,81.62782404194618,2.6540633920298187,6178279.384713354,6166298.289689462,22.64894423040949,2023
19133,2024,7,mid,"Funnel Cloud,Thunderstorm Wind",-6.7638073579537945,1.1197310930580335,-2.672292705269811,3,0.0,0.0,0.0,81.62782404194618,2.6540633920298187,6178279.384713354,6166298.289689462,22.64894423040949,2023
19133,2024,7,top,"Funnel Cloud,Thunderstorm Wind",3.3762672701729883,0.100092189529499,-0.771408768162047,3,0.0,0.0,0.0,81.62782404194618,2.6540633920298187,6178279.384713354,6166298.289689462,22.64894423040949,2023
19133,2025,8,bottom,Thunderstorm Wind,-18.462999473775284,2.05709660978771,-3.7425013115393804,2,0.0,0.0,0.0,81.93480607602746,2.601819922654075,8222614.447537641,8106104.820969559,33.44621169656694,2023
19133,2025,8,mid,Thunderstorm Wind,-20.554639948714865,1.793558897311475,0.9258819564289903,2,0.0,0.0,0.0,81.93480607602746,2.601819922654075,8222614.447537641,8106104.820969559,33.44621169656694,2023
19133,2025,8,top,Thunderstorm Wind,-6.361267780240979,0.517340688182817,1.1919630533436607,2,0.0,0.0,0.0,81.93480607602746,2.601819922654075,8222614.447537641,8106104.820969559,33.44621169656694,2023
19135,2025,6,bottom,Thunderstorm Wind,-12.063512750587208,0.7569684217363737,-2.2469002772026747,1,1000.0,6.90875477931522,0.0,59.53314426059445,2.5333794645307615,4709904.406640926,6220744.923695111,12.684607745358665,2023
19135,2025,6,mid,Thunderstorm Wind,-9.42380707678926,0.6129536798906351,-0.7892919917699857,1,1000.0,6.90875477931522,0.0,59.53314426059445,2.5333794645307615,4709904.406640926,6220744.923695111,12.684607745358665,2023
19135,2025,6,top,Thunderstorm Wind,-5.5794938563109895,0.5685916541584014,1.4820208413038547,1,1000.0,6.90875477931522,0.0,59.53314426059445,2.5333794645307615,4709904.406640926,6220744.923695111,12.684607745358665,2023
19137,2023,6,bottom,Thunderstorm Wind,31.0219401148629,3.400281208216118,0.26115160233797496,1,0.0,0.0,0.0,79.91910626925227,2.7006383553180044,5360956.869767551,5580362.056456946,8.611265498849876,2023
19137,2023,6,mid,Thunderstorm Wind,14.1037092422021,1.20947370506633,-0.7872451927835679,1,0.0,0.0,0.0,79.91910626925227,2.7006383553180044,5360956.869767551,5580362.056456946,8.611265498849876,2023
19137,2023,6,top,Thunderstorm Wind,9.434532389876892,0.7597751127592365,0.5919435882628127,1,0.0,0.0,0.0,79.91910626925227,2.7006383553180044,5360956.869767551,5580362.056456946,8.611265498849876,2023
19137,2024,7,bottom,"Funnel Cloud,Hail,Thunderstorm Wind",-3.1129386366195035,1.4072051696798336,1.8605362976141322,4,0.0,0.0,0.0,76.49190406996391,2.635453232146869,7910202.655252935,8017128.966197244,19.71008183401493,2023
19137,2024,7,mid,"Funnel Cloud,Hail,Thunderstorm Wind",0.42792954972766495,0.5717581676322339,0.23197746384577536,4,0.0,0.0,0.0,76.49190406996391,2.635453232146869,7910202.655252935,8017128.966197244,19.71008183401493,2023
19137,2024,7,top,"Funnel Cloud,Hail,Thunderstorm Wind",-0.15332253463624568,0.3834870516876219,-0.4412471462882242,4,0.0,0.0,0.0,76.49190406996391,2.635453232146869,7910202.655252935,8017128.966197244,19.71008183401493,2023
19149,2021,10,bottom,Hail,4.682931990426582,0.5363403018178292,-3.110591982625124,1,0.0,0.0,0.0006944444444444445,59.3464,2.96732,4612158.587964812,4723392.042712305,35.71147024043801,2020
19149,2021,10,mid,Hail,3.908996252622643,0.5580947954811769,0.022626176053070896,1,0.0,0.0,0.0006944444444444445,59.3464,2.96732,4612158.587964812,4723392.042712305,35.71147024043801,2020
19149,2021,10,top,Hail,-0.9660399504276569,0.13662952640624232,0.3631865541645425,1,0.0,0.0,0.0006944444444444445,59.3464,2.96732,4612158.587964812,4723392.042712305,35.71147024043801,2020
19151,2022,8,bottom,"Funnel Cloud,Hail,Heavy Rain,Thunderstorm Wind",-22.48665733358915,1.9278177966159444,8.905582258760186,5,0.0,0.0,0.024999999999999998,67.93826181335449,2.776054874382019,5416353.500937795,4394694.588389573,26.60988814416343,2021
19151,2022,8,mid,"Funnel Cloud,Hail,Heavy Rain,Thunderstorm Wind",-11.937134701896198,1.317574837764274,0.8274836343873441,5,0.0,0.0,0.024999999999999998,67.93826181335449,2.776054874382019,5416353.500937795,4394694.588389573,26.60988814416343,2021
19151,2022,8,top,"Funnel Cloud,Hail,Heavy Rain,Thunderstorm Wind",-9.529800490196749,0.9071420380405251,-1.7797823004351727,5,0.0,0.0,0.024999999999999998,67.93826181335449,2.776054874382019,5416353.500937795,4394694.588389573,26.60988814416343,2021
19161,2022,8,bottom,"Funnel Cloud,Thunderstorm Wind",-1.8224749794261186,0.2901753421020996,-1.015500084424583,2,0.0,0.0,0.0,75.88356299829101,2.8204129495380403,8529955.50917164,7567016.859883828,24.923519809249825,2021
19161,2022,8,mid,"Funnel Cloud,Thunderstorm Wind",-7.259576691724831,0.7432765624815982,-3.687566767636762,2,0.0,0.0,0.0,75.88356299829101,2.8204129495380403,8529955.50917164,7567016.859883828,24.923519809249825,2021
19161,2022,8,top,"Funnel Cloud,Thunderstorm Wind",-6.6733843057445625,0.514345534874822,-3.6931398571709955,2,0.0,0.0,0.0,75.88356299829101,2.8204129495380403,8529955.50917164,7567016.859883828,24.923519809249825,2021
19161,2025,4,bottom,Hail,-16.833219052544408,2.211427153997342,4.422605100357927,2,0.0,0.0,0.0,90.1878608740675,2.6579037372588186,8901991.368489778,12993921.083089389,10.101371026855468,2023
19161,2025,4,mid,Hail,-6.83988240008442,1.1895562766488776,0.6488284970228477,2,0.0,0.0,0.0,90.1878608740675,2.6579037372588186,8901991.368489778,12993921.083089389,10.101371026855468,2023
19161,2025,4,top,Hail,-9.93211377711873,1.1759546105243914,2.837454078855695,2,0.0,0.0,0.0,90.1878608740675,2.6579037372588186,8901991.368489778,12993921.083089389,10.101371026855468,2023
19177,2025,8,bottom,Tornado,-13.218925100076419,1.620732774015302,2.203397354112814,2,0.0,0.0,0.006944444444444444,40.03816946257474,2.4589592330480587,10279503.007624384,7689022.597952328,67.31287667898438,2023
19177,2025,8,mid,Tornado,-1.6593234306946556,0.503582100692484,0.27346555523448995,2,0.0,0.0,0.006944444444444444,40.03816946257474,2.4589592330480587,10279503.007624384,7689022.597952328,67.31287667898438,2023
19177,2025,8,top,Tornado,-2.3885957784974607,0.8014909852745341,2.3578040637889948,2,0.0,0.0,0.006944444444444444,40.03816946257474,2.4589592330480587,10279503.007624384,7689022.597952328,67.31287667898438,2023
19179,2025,7,bottom,Thunderstorm Wind,-17.630224454641862,0.8700765067812879,1.8461756352246586,2,15000.0,9.61587214452889,0.0,71.07821380194025,2.5670466989196004,23301574.28656325,21567285.810040247,48.95868210249586,2023
19179,2025,7,mid,Thunderstorm Wind,-12.242060124595895,0.5669466539948499,-0.9118551796410325,2,15000.0,9.61587214452889,0.0,71.07821380194025,2.5670466989196004,23301574.28656325,21567285.810040247,48.95868210249586,2023
19179,2025,7,top,Thunderstorm Wind,-7.529545922919127,0.7635981440824744,-1.8620087408897963,2,15000.0,9.61587214452889,0.0,71.07821380194025,2.5670466989196004,23301574.28656325,21567285.810040247,48.95868210249586,2023
19185,2020,7,bottom,Heavy Rain,-10.78889101001343,0.8497390486277067,-2.8554939815929807,5,0.0,0.0,5.0,56.687998,2.8343999,5666762.620244374,3521602.1574,54.158454868,2020
19185,2020,7,mid,Heavy Rain,1.7172934857366045,0.5096530299025067,-0.2580937992150183,5,0.0,0.0,5.0,56.687998,2.8343999,5666762.620244374,3521602.1574,54.158454868,2020
19185,2020,7,top,Heavy Rain,-7.334069973035284,2.0968485021295074,-5.292343340936999,5,0.0,0.0,5.0,56.687998,2.8343999,5666762.620244374,3521602.1574,54.158454868,2020
19185,2024,6,bottom,Thunderstorm Wind,-9.183876729282446,0.7555625752397008,2.2876155916573047,1,0.0,0.0,0.0,48.32154580583292,2.5371769937077198,5399009.11483903,4279144.546524266,54.828442210333804,2023
19185,2024,6,mid,Thunderstorm Wind,-9.428717656477701,0.6951280080770057,-2.8891314996645057,1,0.0,0.0,0.0,48.32154580583292,2.5371769937077198,5399009.11483903,4279144.546524266,54.828442210333804,2023
19185,2024,6,top,Thunderstorm Wind,-11.680089656741458,0.999956300731579,-5.787507592281917,1,0.0,0.0,0.0,48.32154580583292,2.5371769937077198,5399009.11483903,4279144.546524266,54.828442210333804,2023
19187,2022,8,bottom,Heavy Rain,6.090657176949094,0.8702416962049474,5.23402715797387,1,0.0,0.0,1.0,71.67435085830688,2.792279389529228,14865240.093643555,13718233.60669055,41.34677138195106,2021
19187,2022,8,mid,Heavy Rain,-0.806480449931783,0.3583616486469985,4.838782910324625,1,0.0,0.0,1.0,71.67435085830688,2.792279389529228,14865240.093643555,13718233.60669055,41.34677138195106,2021
19187,2022,8,top,Heavy Rain,0.7787110243623516,0.6517234522954874,3.9931519126346444,1,0.0,0.0,1.0,71.67435085830688,2.792279389529228,14865240.093643555,13718233.60669055,41.34677138195106,2021
19193,2023,10,bottom,Thunderstorm Wind,3.0974765726257942,0.37937021368746,-3.112737857264525,2,0.0,0.0,0.0020833333333333333,92.33639886511789,2.7536943947933903,30700207.93572712,28287556.59911436,59.730185106251184,2023
19193,2023,10,mid,Thunderstorm Wind,2.1518720797551794,0.14597348869915416,-1.8046214842593429,2,0.0,0.0,0.0020833333333333333,92.33639886511789,2.7536943947933903,30700207.93572712,28287556.59911436,59.730185106251184,2023
19193,2023,10,top,Thunderstorm Wind,4.878062985319232,0.549219763324483,-0.9594067438890667,2,0.0,0.0,0.0020833333333333333,92.33639886511789,2.7536943947933903,30700207.93572712,28287556.59911436,59.730185106251184,2023
19197,2023,8,bottom,Hail,-17.07785272898748,1.0134057615310204,5.349154667903861,1,0.0,0.0,0.0,75.14470430059858,2.6726615079335345,6397197.5237585455,6111117.9948472995,40.053040575011835,2023
19197,2023,8,mid,Hail,-5.18199301965943,0.11881877607817014,2.4577294516143695,1,0.0,0.0,0.0,75.14470430059858,2.6726615079335345,6397197.5237585455,6111117.9948472995,40.053040575011835,2023
19197,2023,8,top,Hail,8.746129551097866,0.7245623445885098,-0.21679917119449024,1,0.0,0.0,0.0,75.14470430059858,2.6726615079335345,6397197.5237585455,6111117.9948472995,40.053040575011835,2023
20001,2025,5,bottom,Hail,10.477779059112763,0.9484255846123396,-5.552473353303189,3,0.0,0.0,0.004166666666666667,59.055859065623906,2.5335983744498844,5671022.362259346,6704196.011382998,19.04921309240205,2023
20001,2025,5,mid,Hail,5.599661572315725,0.25686678564430143,-4.967797690813498,3,0.0,0.0,0.004166666666666667,59.055859065623906,2.5335983744498844,5671022.362259346,6704196.011382998,19.04921309240205,2023
20001,2025,5,top,Hail,-6.759453935565688,0.668613795569212,-1.6158635245456168,3,0.0,0.0,0.004166666666666667,59.055859065623906,2.5335983744498844,5671022.362259346,6704196.011382998,19.04921309240205,2023
20005,2020,4,bottom,Hail,-27.21454921620243,1.1242335700349884,0.9987632666726919,1,0.0,0.0,0.0006944444444444445,55.824398,2.7912199,4523928.969789284,3601418.71725,42.2546314545,2020
20005,2020,4,mid,Hail,-18.61345879633113,0.5754937977251092,3.228014359248457,1,0.0,0.0,0.0006944444444444445,55.824398,2.7912199,4523928.969789284,3601418.71725,42.2546314545,2020
20005,2020,4,top,Hail,-9.00015414771812,0.22791350087228882,1.5848214333452357,1,0.0,0.0,0.0006944444444444445,55.824398,2.7912199,4523928.969789284,3601418.71725,42.2546314545,2020
20005,2025,6,bottom,Thunderstorm Wind,-3.2569292644600125,2.0573929594253646,-0.7125673356568806,1,0.0,0.0,0.0006944444444444445,76.92517684947113,2.5899053181889204,5869599.2253731815,8271304.794154191,15.139153199904122,2023
20005,2025,6,mid,Thunderstorm Wind,-5.808754423156955,1.0769999000901433,-0.8403570748896243,1,0.0,0.0,0.0006944444444444445,76.92517684947113,2.5899053181889204,5869599.2253731815,8271304.794154191,15.139153199904122,2023
20005,2025,6,top,Thunderstorm Wind,-10.453229610629776,1.1362812266152007,2.656320325334633,1,0.0,0.0,0.0006944444444444445,76.92517684947113,2.5899053181889204,5869599.2253731815,8271304.794154191,15.139153199904122,2023
20011,2024,4,bottom,"Flash Flood,Hail,Thunderstorm Wind,Tornado",45.67290870383772,3.659456972283836,-7.910857941849201,15,125000.0,11.736077016252437,1.9902777777777778,59.52804453656616,2.5857526774492485,6914795.034571656,5990287.715225132,52.53170526663352,2023
20011,2024,4,mid,"Flash Flood,Hail,Thunderstorm Wind,Tornado",5.018279775125023,0.21847278695423664,-5.458999211547176,15,125000.0,11.736077016252437,1.9902777777777778,59.52804453656616,2.5857526774492485,6914795.034571656,5990287.715225132,52.53170526663352,2023
20011,2024,4,top,"Flash Flood,Hail,Thunderstorm Wind,Tornado",0.43252592246021493,1.0003831956446274,-1.933107474077796,15,125000.0,11.736077016252437,1.9902777777777778,59.52804453656616,2.5857526774492485,6914795.034571656,5990287.715225132,52.53170526663352,2023
20025,2020,5,bottom,Hail,38.56633430137197,4.453171478890411,-1.9667990040627739,11,0.0,0.0,0.0,58.618398,2.9309199,2993915.1027595545,2249679.58793,46.511627907,2020
20025,2020,5,mid,Hail,34.20713271340418,3.4861069158875506,-3.884776553289195,11,0.0,0.0,0.0,58.618398,2.9309199,2993915.1027595545,2249679.58793,46.511627907,2020
20025,2020,5,top,Hail,23.669313148552845,2.298643618190512,-5.521712761175896,11,0.0,0.0,0.0,58.618398,2.9309199,2993915.1027595545,2249679.58793,46.511627907,2020
20033,2024,9,bottom,"Hail,Thunderstorm Wind",12.871735767967152,2.104523316387908,-7.443497678543754,2,0.0,0.0,0.0,47.36700194317132,2.523519589841564,4992886.035560561,4135244.831420711,38.04899370434504,2023
20033,2024,9,mid,"Hail,Thunderstorm Wind",-4.9224404487727895,1.0405912708587661,-3.533960246966018,2,0.0,0.0,0.0,47.36700194317132,2.523519589841564,4992886.035560561,4135244.831420711,38.04899370434504,2023
20033,2024,9,top,"Hail,Thunderstorm Wind",7.583866880420871,1.174238254653915,-4.317384216939952,2,0.0,0.0,0.0,47.36700194317132,2.523519589841564,4992886.035560561,4135244.831420711,38.04899370434504,2023
20043,2022,6,bottom,Thunderstorm Wind,-7.120208939289512,1.0630479640838975,10.586935909683996,2,0.0,0.0,0.004166666666666667,62.01191316757202,2.771218960838318,3459318.464895477,3565072.7555250335,26.396485886284342,2021
20043,2022,6,mid,Thunderstorm Wind,-5.233550906281124,0.5263796458528724,8.592438991099769,2,0.0,0.0,0.004166666666666667,62.01191316757202,2.771218960838318,3459318.464895477,3565072.7555250335,26.396485886284342,2021
20043,2022,6,top,Thunderstorm Wind,14.082297464963673,1.2702968143494586,1.5044479472699,2,0.0,0.0,0.004166666666666667,62.01191316757202,2.771218960838318,3459318.464895477,3565072.7555250335,26.396485886284342,2021
20043,2024,10,bottom,Thunderstorm Wind,-10.248529116282825,2.2334093042717216,-7.781981780811132,2,0.0,0.0,0.001388888888888889,65.44254055018781,2.582789859540187,5512931.531811298,5423107.730458783,28.041695998810077,2023
20043,2024,10,mid,Thunderstorm Wind,-7.437702638252318,1.5411990658832893,-5.075267786076258,2,0.0,0.0,0.001388888888888889,65.44254055018781,2.582789859540187,5512931.531811298,5423107.730458783,28.041695998810077,2023
20043,2024,10,top,Thunderstorm Wind,1.872688691612936,0.22394477654028122,-6.972002916439744,2,0.0,0.0,0.001388888888888889,65.44254055018781,2.582789859540187,5512931.531811298,5423107.730458783,28.041695998810077,2023
20047,2024,9,bottom,Thunderstorm Wind,15.317823073807773,2.576528696128679,-4.543414168632149,2,0.0,0.0,0.0,45.57484371971538,2.5169611467118473,4780067.04726671,4902548.304175108,26.439763948690075,2023
20047,2024,9,mid,Thunderstorm Wind,9.969735204648188,2.0557960646275952,-0.7700987650502308,2,0.0,0.0,0.0,45.57484371971538,2.5169611467118473,4780067.04726671,4902548.304175108,26.439763948690075,2023
20047,2024,9,top,Thunderstorm Wind,9.19812523689177,1.8212507727435163,0.15451786770240025,2,0.0,0.0,0.0,45.57484371971538,2.5169611467118473,4780067.04726671,4902548.304175108,26.439763948690075,2023
20051,2024,7,bottom,Thunderstorm Wind,-15.554904975150635,1.854698576565279,2.92626088438386,7,0.0,0.0,0.0,80.16388508966337,2.6484915965284053,7912959.187305817,10330963.043793583,14.742865726877811,2023
20051,2024,7,mid,Thunderstorm Wind,-7.365270756994548,1.2810743059866345,1.744153081789482,7,0.0,0.0,0.0,80.16388508966337,2.6484915965284053,7912959.187305817,10330963.043793583,14.742865726877811,2023
20051,2024,7,top,Thunderstorm Wind,-17.93729530862379,1.8549923055828275,-1.8486754604828757,7,0.0,0.0,0.0,80.16388508966337,2.6484915965284053,7912959.187305817,10330963.043793583,14.742865726877811,2023
20077,2021,6,bottom,Thunderstorm Wind,15.39183772332214,0.7920127913498617,1.0302056294341781,1,0.0,0.0,0.0006944444444444445,57.171402,2.8585701,2623319.326292255,2264809.4779054555,40.67796610169703,2020
20077,2021,6,mid,Thunderstorm Wind,21.425119255448976,1.4156394782269694,1.1413638092142737,1,0.0,0.0,0.0006944444444444445,57.171402,2.8585701,2623319.326292255,2264809.4779054555,40.67796610169703,2020
20077,2021,6,top,Thunderstorm Wind,9.097712676810886,0.6161541998147405,1.803845519144872,1,0.0,0.0,0.0006944444444444445,57.171402,2.8585701,2623319.326292255,2264809.4779054555,40.67796610169703,2020
20077,2022,3,bottom,"Hail,Thunderstorm Wind",24.308736555641104,3.627457383359465,-0.6158822107572396,2,0.0,0.0,0.001388888888888889,60.423551576293946,2.8127048024017336,2992357.0668721586,2546987.0362821566,43.77347491959394,2021
20077,2022,3,mid,"Hail,Thunderstorm Wind",6.002267307133863,2.23572200800176,4.666988680797374,2,0.0,0.0,0.001388888888888889,60.423551576293946,2.8127048024017336,2992357.0668721586,2546987.0362821566,43.77347491959394,2021
20077,2022,3,top,"Hail,Thunderstorm Wind",17.172595267856053,2.3549276990109096,1.7660790335960617,2,0.0,0.0,0.001388888888888889,60.423551576293946,2.8127048024017336,2992357.0668721586,2546987.0362821566,43.77347491959394,2021
20089,2024,4,bottom,Thunderstorm Wind,10.512959656904357,1.157010513895238,3.9005039626754345,1,2000.0,7.601402334583733,0.0,35.94755180818333,2.494983174023926,6594028.464031084,5861340.321998787,27.250944560606058,2023
20089,2024,4,mid,Thunderstorm Wind,5.490645077860847,0.7368269012225337,4.49178193046932,1,2000.0,7.601402334583733,0.0,35.94755180818333,2.494983174023926,6594028.464031084,5861340.321998787,27.250944560606058,2023
20089,2024,4,top,Thunderstorm Wind,6.73159372827601,1.1254034610001409,6.288106808278258,1,2000.0,7.601402334583733,0.0,35.94755180818333,2.494983174023926,6594028.464031084,5861340.321998787,27.250944560606058,2023
20121,2024,8,bottom,Thunderstorm Wind,43.80282326369162,4.960675824391228,-5.168147203914401,1,0.0,0.0,0.0006944444444444445,82.29758631911915,2.6548911657642043,10699632.46816307,12859412.151381876,8.869481022852154,2023
20121,2024,8,mid,Thunderstorm Wind,6.424831221458433,0.9594673665743864,2.936329359287427,1,0.0,0.0,0.0006944444444444445,82.29758631911915,2.6548911657642043,10699632.46816307,12859412.151381876,8.869481022852154,2023
20121,2024,8,top,Thunderstorm Wind,-9.169668554411246,0.3823833834870493,3.1526934016954393,1,0.0,0.0,0.0006944444444444445,82.29758631911915,2.6548911657642043,10699632.46816307,12859412.151381876,8.869481022852154,2023
20145,2024,8,bottom,"Hail,Thunderstorm Wind",-30.74379668588145,4.644397711308039,-10.44611336489126,5,0.0,0.0,0.0,84.16104183157313,2.661091365437914,8172983.034853083,7972990.784628532,30.507906509978692,2023
20145,2024,8,mid,"Hail,Thunderstorm Wind",-19.338410599481477,2.5084249806114833,-4.754770544086502,5,0.0,0.0,0.0,84.16104183157313,2.661091365437914,8172983.034853083,7972990.784628532,30.507906509978692,2023
20145,2024,8,top,"Hail,Thunderstorm Wind",-26.525115995344294,2.769384585107159,-1.6083745082747403,5,0.0,0.0,0.0,84.16104183157313,2.661091365437914,8172983.034853083,7972990.784628532,30.507906509978692,2023
20157,2025,8,bottom,Thunderstorm Wind,-38.505326539327456,4.136492981030582,-0.4594062929598029,3,0.0,0.0,0.0020833333333333333,81.45663038941042,2.600438836208718,6663245.614047823,6646941.988665457,31.266975100325297,2023
20157,2025,8,mid,Thunderstorm Wind,-24.610882091211423,2.745686677965555,-1.7095905054321132,3,0.0,0.0,0.0020833333333333333,81.45663038941042,2.600438836208718,6663245.614047823,6646941.988665457,31.266975100325297,2023
20157,2025,8,top,Thunderstorm Wind,-26.121273269725748,3.3719778392431436,-1.8219971683273144,3,0.0,0.0,0.0020833333333333333,81.45663038941042,2.600438836208718,6663245.614047823,6646941.988665457,31.266975100325297,2023
20163,2024,4,bottom,Thunderstorm Wind,11.084322957506544,0.8729387213601689,-3.741530569982013,1,0.0,0.0,0.0,54.493970421673346,2.5677402960961024,5061107.106806539,5771080.599770217,10.724373483244259,2023
20163,2024,4,mid,Thunderstorm Wind,5.016630914877425,0.3787923912804177,-4.561665316379698,1,0.0,0.0,0.0,54.493970421673346,2.5677402960961024,5061107.106806539,5771080.599770217,10.724373483244259,2023
20163,2024,4,top,Thunderstorm Wind,5.701148017241323,0.42879089989227315,-3.162671320766345,1,0.0,0.0,0.0,54.493970421673346,2.5677402960961024,5061107.106806539,5771080.599770217,10.724373483244259,2023
20183,2024,4,bottom,Tornado,28.860849214989926,2.283837526193403,-3.8687758243022707,2,4000.0,8.294299608857235,0.009722222222222222,72.66291889911611,2.631211122902092,5951051.552831801,6167374.154176114,14.950435642682736,2023
20183,2024,4,mid,Tornado,14.961918485341045,1.1902427816182446,-4.468255848121203,2,4000.0,8.294299608857235,0.009722222222222222,72.66291889911611,2.631211122902092,5951051.552831801,6167374.154176114,14.950435642682736,2023
20183,2024,4,top,Tornado,17.76011710169756,1.1398553676525172,-3.9276248980366404,2,4000.0,8.294299608857235,0.009722222222222222,72.66291889911611,2.631211122902092,5951051.552831801,6167374.154176114,14.950435642682736,2023
20205,2025,7,bottom,"Hail,Thunderstorm Wind",-32.66809026584565,2.7408890646964075,-6.133631148832293,2,0.0,0.0,0.0062499999999999995,48.838329932878835,2.491399673773974,6717443.912668682,7432444.173823882,22.859144650018347,2023
20205,2025,7,mid,"Hail,Thunderstorm Wind",-28.57964222281325,2.3640307343410236,-4.1892340283826615,2,0.0,0.0,0.0062499999999999995,48.838329932878835,2.491399673773974,6717443.912668682,7432444.173823882,22.859144650018347,2023
20205,2025,7,top,"Hail,Thunderstorm Wind",-18.15470337944292,1.2874620467038569,-2.887657519670109,2,0.0,0.0,0.0062499999999999995,48.838329932878835,2.491399673773974,6717443.912668682,7432444.173823882,22.859144650018347,2023
20207,2025,6,bottom,Flash Flood,14.625057939388142,1.3644517160172172,-12.753069913595363,4,0.0,0.0,0.3333333333333333,47.58552402493691,2.489796580452881,3643707.905376495,2443555.9374605175,75.12487176804244,2023
20207,2025,6,mid,Flash Flood,15.880150534095065,1.217446413521928,-7.840173665958531,4,0.0,0.0,0.3333333333333333,47.58552402493691,2.489796580452881,3643707.905376495,2443555.9374605175,75.12487176804244,2023
20207,2025,6,top,Flash Flood,-5.652390977536172,0.626582508040945,1.2224928709177192,4,0.0,0.0,0.3333333333333333,47.58552402493691,2.489796580452881,3643707.905376495,2443555.9374605175,75.12487176804244,2023
21003,2024,9,bottom,Thunderstorm Wind,1.23284996792691,1.148097153434193,2.398870725786504,3,0.0,0.0,0.0,32.60683560023947,2.468498367056108,8589442.47628139,6809332.702885088,62.96374114994496,2023
21003,2024,9,mid,Thunderstorm Wind,-1.5606532526112744,0.3266218847604333,0.6712620611642421,3,0.0,0.0,0.0,32.60683560023947,2.468498367056108,8589442.47628139,6809332.702885088,62.96374114994496,2023
21003,2024,9,top,Thunderstorm Wind,-2.9012935587661985,0.2664952835859923,2.50031478555546,3,0.0,0.0,0.0,32.60683560023947,2.468498367056108,8589442.47628139,6809332.702885088,62.96374114994496,2023
21005,2025,5,bottom,Hail,11.389656917335628,1.0957140971242958,-6.892025879393657,5,0.0,0.0,0.0,71.61959615379874,2.576789752163748,8031757.843538383,9229773.896080269,18.135547037935904,2023
21005,2025,5,mid,Hail,5.3057242567891905,0.3551407615887921,-4.507278969580956,5,0.0,0.0,0.0,71.61959615379874,2.576789752163748,8031757.843538383,9229773.896080269,18.135547037935904,2023
21005,2025,5,top,Hail,-7.799910187975485,0.8447195012670693,-2.6737636664926234,5,0.0,0.0,0.0,71.61959615379874,2.576789752163748,8031757.843538383,9229773.896080269,18.135547037935904,2023
21009,2025,5,bottom,"Hail,Thunderstorm Wind",11.256908218284565,2.816712321126803,5.602103048375757,6,0.0,0.0,0.0,53.61610009243939,2.5153355805174376,24292503.464165173,17336850.78441292,79.5594978474568,2023
21009,2025,5,mid,"Hail,Thunderstorm Wind",-4.752067778079237,1.1410262709429582,5.654382328692662,6,0.0,0.0,0.0,53.61610009243939,2.5153355805174376,24292503.464165173,17336850.78441292,79.5594978474568,2023
21009,2025,5,top,"Hail,Thunderstorm Wind",4.763247048553993,1.689843656420505,4.587064878622172,6,0.0,0.0,0.0,53.61610009243939,2.5153355805174376,24292503.464165173,17336850.78441292,79.5594978474568,2023
21031,2024,7,bottom,Thunderstorm Wind,29.095519776522252,1.294572834737943,-4.423570831892984,1,0.0,0.0,0.0,18.675418604623474,2.4183870299976955,5026445.850409133,4202370.950232517,60.41949342121035,2023
21031,2024,7,mid,Thunderstorm Wind,-1.1087231303789622,0.36221112539100236,2.902611807470104,1,0.0,0.0,0.0,18.675418604623474,2.4183870299976955,5026445.850409133,4202370.950232517,60.41949342121035,2023
21031,2024,7,top,Thunderstorm Wind,4.4481443040031365,0.434783231137474,0.3424012863256725,1,0.0,0.0,0.0,18.675418604623474,2.4183870299976955,5026445.850409133,4202370.950232517,60.41949342121035,2023
21041,2023,7,bottom,"Hail,Thunderstorm Wind",1.632641247011648,0.3720581897531943,5.223317220056596,3,2000.0,7.601402334583733,0.004166666666666667,36.467394589734376,2.5306410596253626,4054380.522336187,2945077.6859158976,80.36507930333629,2023
21041,2023,7,mid,"Hail,Thunderstorm Wind",-1.3639198210491372,0.35300667097384014,-0.6037139208399745,3,2000.0,7.601402334583733,0.004166666666666667,36.467394589734376,2.5306410596253626,4054380.522336187,2945077.6859158976,80.36507930333629,2023
21041,2023,7,top,"Hail,Thunderstorm Wind",10.038246040469929,1.0246363405823171,-0.006635256799825129,3,2000.0,7.601402334583733,0.004166666666666667,36.467394589734376,2.5306410596253626,4054380.522336187,2945077.6859158976,80.36507930333629,2023
21043,2023,6,bottom,Flood,18.119445848920307,3.3033789103667046,-2.94006646133577,4,0.0,0.0,0.3333333333333333,7.1483690320080475,2.3837791817574794,7354958.821514496,5868080.751409073,59.12812958555931,2023
21043,2023,6,mid,Flood,-5.778286677646932,0.9294230735762812,0.9245748083389126,4,0.0,0.0,0.3333333333333333,7.1483690320080475,2.3837791817574794,7354958.821514496,5868080.751409073,59.12812958555931,2023
21043,2023,6,top,Flood,0.772380828522202,0.5996270640448697,3.221037283028546,4,0.0,0.0,0.3333333333333333,7.1483690320080475,2.3837791817574794,7354958.821514496,5868080.751409073,59.12812958555931,2023
21047,2025,8,bottom,Flood,50.34388746819822,4.529836197564762,-2.245328400671994,4,0.0,0.0,0.16666666666666666,37.66692282819134,2.4512037903769683,41232573.36010557,39168366.42107065,43.7011922937642,2023
21047,2025,8,mid,Flood,41.189867188102724,3.7234291201492793,-2.666663473353007,4,0.0,0.0,0.16666666666666666,37.66692282819134,2.4512037903769683,41232573.36010557,39168366.42107065,43.7011922937642,2023
21047,2025,8,top,Flood,17.635509624843777,1.6801932767077323,-3.2740413496803455,4,0.0,0.0,0.16666666666666666,37.66692282819134,2.4512037903769683,41232573.36010557,39168366.42107065,43.7011922937642,2023
21053,2021,2,bottom,"Thunderstorm Wind,Tornado",0.12968743949237194,1.3897228156629926,-4.390489638893446,3,0.0,0.0,0.005555555555555556,53.9048,2.69524,1878435.0770464644,1608652.7591823966,38.66771777690046,2020
21053,2021,2,mid,"Thunderstorm Wind,Tornado",-1.9343372213125178,1.1205172787424929,-2.345486819614834,3,0.0,0.0,0.005555555555555556,53.9048,2.69524,1878435.0770464644,1608652.7591823966,38.66771777690046,2020
21053,2021,2,top,"Thunderstorm Wind,Tornado",-9.107794163755486,1.3757983677500547,-1.6967385390944731,3,0.0,0.0,0.005555555555555556,53.9048,2.69524,1878435.0770464644,1608652.7591823966,38.66771777690046,2020
21055,2021,7,bottom,Flash Flood,-7.097992944542298,1.3078032522119758,4.781986551329406,5,500000.0,13.122365377402328,0.625,53.814602,2.6907301,3524401.977683963,3020449.0063270363,38.588884509275275,2020
21055,2021,7,mid,Flash Flood,-17.37702923186663,1.3044370686976432,5.957483505434131,5,500000.0,13.122365377402328,0.625,53.814602,2.6907301,3524401.977683963,3020449.0063270363,38.588884509275275,2020
21055,2021,7,top,Flash Flood,-23.83729292173362,1.7289777400353472,4.510811197869704,5,500000.0,13.122365377402328,0.625,53.814602,2.6907301,3524401.977683963,3020449.0063270363,38.588884509275275,2020
21057,2020,3,bottom,Thunderstorm Wind,-15.457543823666029,0.8132205237121476,-5.126540595414345,2,0.0,0.0,0.0,53.308602,2.6654301,1690929.814497152,1097920.72989,48.2853764289,2020
21057,2020,3,mid,Thunderstorm Wind,-11.470698754437208,0.7888222540623052,-2.4670419544741073,2,0.0,0.0,0.0,53.308602,2.6654301,1690929.814497152,1097920.72989,48.2853764289,2020
21057,2020,3,top,Thunderstorm Wind,-10.514107652325663,0.7263319413629854,-2.3872056247838978,2,0.0,0.0,0.0,53.308602,2.6654301,1690929.814497152,1097920.72989,48.2853764289,2020
21057,2022,7,bottom,"Flash Flood,Thunderstorm Wind",14.111908486589286,0.8241416942770547,-8.79303377168066,11,0.0,0.0,0.8333333333333334,34.24430115258789,2.556891099232483,1234960.6111760007,863440.2431088514,51.41768783295676,2021
21057,2022,7,mid,"Flash Flood,Thunderstorm Wind",16.474165015021967,0.9692071108054324,-6.339284548970767,11,0.0,0.0,0.8333333333333334,34.24430115258789,2.556891099232483,1234960.6111760007,863440.2431088514,51.41768783295676,2021
21057,2022,7,top,"Flash Flood,Thunderstorm Wind",14.686144482972125,1.2509264226500438,-4.618139420370554,11,0.0,0.0,0.8333333333333334,34.24430115258789,2.556891099232483,1234960.6111760007,863440.2431088514,51.41768783295676,2021
21057,2025,5,bottom,Thunderstorm Wind,8.065690209332757,0.5587313799224208,1.493970544281235,1,0.0,0.0,0.0,17.453942542951545,2.382773054462265,8351404.03432599,4818999.036189231,87.52733810846739,2023
21057,2025,5,mid,Thunderstorm Wind,1.7179846450483183,0.5580645917778698,-1.7029564426300727,1,0.0,0.0,0.0,17.453942542951545,2.382773054462265,8351404.03432599,4818999.036189231,87.52733810846739,2023
21057,2025,5,top,Thunderstorm Wind,5.988183122956471,1.4296590750917084,0.8558956728357904,1,0.0,0.0,0.0,17.453942542951545,2.382773054462265,8351404.03432599,4818999.036189231,87.52733810846739,2023
21091,2025,5,bottom,Thunderstorm Wind,-11.667364438828074,1.4093303118091827,-8.549606300149259,7,0.0,0.0,0.0,70.43995379482425,2.572164866908081,8638220.346516464,6951610.049676769,56.61484915865619,2023
21091,2025,5,mid,Thunderstorm Wind,-8.421430158327823,0.6909804549776979,-2.4225002015749104,7,0.0,0.0,0.0,70.43995379482425,2.572164866908081,8638220.346516464,6951610.049676769,56.61484915865619,2023
21091,2025,5,top,Thunderstorm Wind,-17.14207854807782,1.2012370454538155,-1.260049805291672,7,0.0,0.0,0.0,70.43995379482425,2.572164866908081,8638220.346516464,6951610.049676769,56.61484915865619,2023
21097,2024,2,bottom,Thunderstorm Wind,-27.550485030061026,3.1062658970296764,-1.6823054674371793,2,0.0,0.0,0.0,56.32371592824999,2.5806043428586425,6562595.624200849,5664332.559421503,46.266464018860674,2023
21097,2024,2,mid,Thunderstorm Wind,-16.079735415119146,1.720031040620431,-2.434446362353119,2,0.0,0.0,0.0,56.32371592824999,2.5806043428586425,6562595.624200849,5664332.559421503,46.266464018860674,2023
21097,2024,2,top,Thunderstorm Wind,-12.712855891823295,2.2777659561922516,-6.401765722463058,2,0.0,0.0,0.0,56.32371592824999,2.5806043428586425,6562595.624200849,5664332.559421503,46.266464018860674,2023
21099,2024,7,bottom,"Flash Flood,Thunderstorm Wind",12.61780865244367,0.3090442696740969,-3.847421795812233,6,0.0,0.0,0.0,40.75291771189784,2.5037354735485358,9006716.381374156,6585599.172368569,76.37977731599965,2023
21099,2024,7,mid,"Flash Flood,Thunderstorm Wind",-1.9248626634446282,0.48230466623827206,0.09768995323997842,6,0.0,0.0,0.0,40.75291771189784,2.5037354735485358,9006716.381374156,6585599.172368569,76.37977731599965,2023
21099,2024,7,top,"Flash Flood,Thunderstorm Wind",2.430961739233055,0.16208013126797663,-2.2511163084821675,6,0.0,0.0,0.0,40.75291771189784,2.5037354735485358,9006716.381374156,6585599.172368569,76.37977731599965,2023
21105,2021,5,bottom,Tornado,-0.2864761671474412,0.36846974699397267,-6.050998705288786,2,700000.0,13.45883704259595,0.009722222222222222,55.4702,2.77351,4304962.140897129,2637143.7307599145,54.119038234117404,2020
21105,2021,5,mid,Tornado,-7.938535141999523,1.1712874357855827,-2.7836476447129286,2,700000.0,13.45883704259595,0.009722222222222222,55.4702,2.77351,4304962.140897129,2637143.7307599145,54.119038234117404,2020
21105,2021,5,top,Tornado,-11.903674522987387,1.93058340618116,-1.4632242996726461,2,700000.0,13.45883704259595,0.009722222222222222,55.4702,2.77351,4304962.140897129,2637143.7307599145,54.119038234117404,2020
21105,2025,1,bottom,"Flash Flood,Flood",83.29908603517944,5.776652453181112,4.964627339905988,12,0.0,0.0,0.625,58.54393502996572,2.5431190261162517,9592881.337363707,6751407.836521603,69.94185801529298,2023
21105,2025,1,mid,"Flash Flood,Flood",51.17658381535769,2.8354181437640293,-1.722874626994359,12,0.0,0.0,0.625,58.54393502996572,2.5431190261162517,9592881.337363707,6751407.836521603,69.94185801529298,2023
21105,2025,1,top,"Flash Flood,Flood",4.865710820343622,1.5639499060990412,0.5946686297419698,12,0.0,0.0,0.625,58.54393502996572,2.5431190261162517,9592881.337363707,6751407.836521603,69.94185801529298,2023
21109,2022,8,bottom,Flash Flood,0.9023228589664143,1.2527543723561043,0.5575358560596063,11,0.0,0.0,1.5729166666666667,26.003987521457674,2.4661858901643754,2500000.803030082,2053710.659526702,44.205951538243816,2021
21109,2022,8,mid,Flash Flood,13.760130449831138,1.3296540353410078,-1.2431472497224547,11,0.0,0.0,1.5729166666666667,26.003987521457674,2.4661858901643754,2500000.803030082,2053710.659526702,44.205951538243816,2021
21109,2022,8,top,Flash Flood,7.04405547588145,1.0257926170912692,0.9882357355862297,11,0.0,0.0,1.5729166666666667,26.003987521457674,2.4661858901643754,2500000.803030082,2053710.659526702,44.205951538243816,2021
21127,2021,2,bottom,Flood,-12.935489471033478,0.3375975681369661,9.840103586821902,4,60000.0,11.002116507732017,0.8333333333333334,51.117802,2.5558901,3044805.41346219,2670741.828488064,35.90855340950971,2020
21127,2021,2,mid,Flood,2.1104567928354925,1.039751242676485,3.401386218673347,4,60000.0,11.002116507732017,0.8333333333333334,51.117802,2.5558901,3044805.41346219,2670741.828488064,35.90855340950971,2020
21127,2021,2,top,Flood,11.602611564199066,1.830497639932535,-0.6737036377639877,4,60000.0,11.002116507732017,0.8333333333333334,51.117802,2.5558901,3044805.41346219,2670741.828488064,35.90855340950971,2020
21149,2024,6,bottom,Flood,-8.81803383585941,2.280084811480533,1.0211428729673646,4,0.0,0.0,7.5,48.60842091094667,2.5372327941485042,8956784.664012779,6795793.026280341,50.58332156010742,2023
21149,2024,6,mid,Flood,-4.234717816044423,1.9120044753491723,1.1876285093505743,4,0.0,0.0,7.5,48.60842091094667,2.5372327941485042,8956784.664012779,6795793.026280341,50.58332156010742,2023
21149,2024,6,top,Flood,-0.2766233292880287,1.2626624039348895,0.3160675323384983,4,0.0,0.0,7.5,48.60842091094667,2.5372327941485042,8956784.664012779,6795793.026280341,50.58332156010742,2023
21157,2025,1,bottom,Flood,-6.598214428006102,0.5310301447620955,1.3957759865958224,4,0.0,0.0,0.2916666666666667,63.60624247673106,2.565142688604411,19883886.888774026,18837090.974930156,34.16562320321615,2023
21157,2025,1,mid,Flood,15.736022689015286,1.5154239830989753,-5.872091765321372,4,0.0,0.0,0.2916666666666667,63.60624247673106,2.565142688604411,19883886.888774026,18837090.974930156,34.16562320321615,2023
21157,2025,1,top,Flood,-3.9734041856029876,0.5406987251717617,-1.2337359875144216,4,0.0,0.0,0.2916666666666667,63.60624247673106,2.565142688604411,19883886.888774026,18837090.974930156,34.16562320321615,2023
21159,2021,7,bottom,Thunderstorm Wind,-3.855027510084355,0.35938282535313393,-4.041657462216752,1,0.0,0.0,0.0,47.871398000000006,2.3935699,2491526.8436239506,2874010.5937992637,25.0295624753764,2020
21159,2021,7,mid,Thunderstorm Wind,-9.249829494341313,0.6438086005316576,-5.205492663935478,1,0.0,0.0,0.0,47.871398000000006,2.3935699,2491526.8436239506,2874010.5937992637,25.0295624753764,2020
21159,2021,7,top,Thunderstorm Wind,6.058907156088267,0.3657842265927176,-5.264915945086618,1,0.0,0.0,0.0,47.871398000000006,2.3935699,2491526.8436239506,2874010.5937992637,25.0295624753764,2020
21167,2025,5,bottom,"Thunderstorm Wind,Tornado",-1.181774198778598,0.4998975241783998,-0.8051469584958871,6,0.0,0.0,0.004166666666666667,67.02689021782129,2.5604287005670683,11517926.9118627,10311584.198939277,44.4440564501055,2023
21167,2025,5,mid,"Thunderstorm Wind,Tornado",0.032915357766725606,0.25625000406877807,-1.6126832657546022,6,0.0,0.0,0.004166666666666667,67.02689021782129,2.5604287005670683,11517926.9118627,10311584.198939277,44.4440564501055,2023
21167,2025,5,top,"Thunderstorm Wind,Tornado",-4.805413864076016,0.3561334984338933,-0.011715728600085148,6,0.0,0.0,0.004166666666666667,67.02689021782129,2.5604287005670683,11517926.9118627,10311584.198939277,44.4440564501055,2023
21171,2020,1,bottom,"Hail,Thunderstorm Wind",-4.392157264103574,0.4068817984312712,0.11516957138281232,3,0.0,0.0,0.0,53.152198,2.6576099,2808655.4173832852,2443862.01094,37.56405203,2020
21171,2020,1,mid,"Hail,Thunderstorm Wind",-0.8285245933734444,0.5561953851153486,2.007086631455697,3,0.0,0.0,0.0,53.152198,2.6576099,2808655.4173832852,2443862.01094,37.56405203,2020
21171,2020,1,top,"Hail,Thunderstorm Wind",0.8096264124641692,0.5496493690052662,4.6009370905115405,3,0.0,0.0,0.0,53.152198,2.6576099,2808655.4173832852,2443862.01094,37.56405203,2020
21205,2023,7,bottom,Thunderstorm Wind,8.413067565578473,0.48007159273921207,-8.912870044093742,4,8000.0,8.987321812850125,0.0,39.69459487011442,2.5422016285155253,5222645.347043045,4481453.0958851185,49.47046663106209,2023
21205,2023,7,mid,Thunderstorm Wind,2.2240483675808633,0.3444755780363098,-2.5406474486663106,4,8000.0,8.987321812850125,0.0,39.69459487011442,2.5422016285155253,5222645.347043045,4481453.0958851185,49.47046663106209,2023
21205,2023,7,top,Thunderstorm Wind,4.952854175058079,0.07647146497143482,-3.3306556829372056,4,8000.0,8.987321812850125,0.0,39.69459487011442,2.5422016285155253,5222645.347043045,4481453.0958851185,49.47046663106209,2023
21207,2025,5,bottom,"Hail,Thunderstorm Wind,Tornado",3.569691235603301,1.6728679846094952,0.7280099747792169,6,0.0,0.0,0.011111111111111112,50.237563226261415,2.5023139708322497,9203193.604294587,6212296.3130384665,81.72443987519591,2023
21207,2025,5,mid,"Hail,Thunderstorm Wind,Tornado",8.806571544905665,0.462288115831084,0.5762031322326114,6,0.0,0.0,0.011111111111111112,50.237563226261415,2.5023139708322497,9203193.604294587,6212296.3130384665,81.72443987519591,2023
21207,2025,5,top,"Hail,Thunderstorm Wind,Tornado",1.4715331076069589,0.3555138903275827,0.6748816881171725,6,0.0,0.0,0.011111111111111112,50.237563226261415,2.5023139708322497,9203193.604294587,6212296.3130384665,81.72443987519591,2023
21209,2025,6,bottom,Thunderstorm Wind,28.69188847178546,2.944873141988638,5.641283097638436,2,0.0,0.0,0.0,83.82581540596809,2.6179222028817253,17285711.206787456,18254039.62727327,26.50644007073775,2023
21209,2025,6,mid,Thunderstorm Wind,18.78745061744415,1.6175340935021938,3.779702920681615,2,0.0,0.0,0.0,83.82581540596809,2.6179222028817253,17285711.206787456,18254039.62727327,26.50644007073775,2023
21209,2025,6,top,Thunderstorm Wind,13.01092902398014,0.7677340018107079,0.5970189926716595,2,0.0,0.0,0.0,83.82581540596809,2.6179222028817253,17285711.206787456,18254039.62727327,26.50644007073775,2023
21225,2021,3,bottom,Flood,14.39074252124017,1.4057107171958045,3.0736929474156987,6,0.0,0.0,81.0625,53.782402,2.6891201,4850604.762791209,5164775.128844297,30.981474182101618,2020
21225,2021,3,mid,Flood,24.73691369514144,2.706613620182754,0.5729646042553233,6,0.0,0.0,81.0625,53.782402,2.6891201,4850604.762791209,5164775.128844297,30.981474182101618,2020
21225,2021,3,top,Flood,16.244599968737077,1.9851186684514117,1.6459460245017208,6,0.0,0.0,81.0625,53.782402,2.6891201,4850604.762791209,5164775.128844297,30.981474182101618,2020
21239,2020,6,bottom,Thunderstorm Wind,-32.52880015832511,3.5214753636520246,2.5361553532193426,1,0.0,0.0,0.0,57.645402,2.8822701,2809512.526518117,3434048.16513,28.1040599133,2020
21239,2020,6,mid,Thunderstorm Wind,-21.731977674701284,2.4977977304906256,0.027064438802426594,1,0.0,0.0,0.0,57.645402,2.8822701,2809512.526518117,3434048.16513,28.1040599133,2020
21239,2020,6,top,Thunderstorm Wind,-23.687082355332592,2.541946227874036,0.49609672175077435,1,0.0,0.0,0.0,57.645402,2.8822701,2809512.526518117,3434048.16513,28.1040599133,2020
22003,2020,12,bottom,Thunderstorm Wind,52.59049164837404,4.178734712082073,-5.304291155993941,1,1000.0,6.90875477931522,0.0,52.926202,2.6463101,5940975.572794132,6255999.824788691,30.86322428060387,2020
22003,2020,12,mid,Thunderstorm Wind,50.64335356782341,3.60164061237816,-3.9806100060662004,1,1000.0,6.90875477931522,0.0,52.926202,2.6463101,5940975.572794132,6255999.824788691,30.86322428060387,2020
22003,2020,12,top,Thunderstorm Wind,34.524533423734454,2.1316339906757564,-4.835579497963181,1,1000.0,6.90875477931522,0.0,52.926202,2.6463101,5940975.572794132,6255999.824788691,30.86322428060387,2020
22005,2022,6,bottom,Flash Flood,4.296460861720817,0.6585034058782548,-6.142867897748057,4,0.0,0.0,0.075,72.71979866485596,2.9075424572134017,69358547.35939966,74929897.3612994,24.741334458059058,2021
22005,2022,6,mid,Flash Flood,0.346010331831053,0.32158699829031406,-3.432246187777892,4,0.0,0.0,0.075,72.71979866485596,2.9075424572134017,69358547.35939966,74929897.3612994,24.741334458059058,2021
22005,2022,6,top,Flash Flood,-3.3201806596470504,0.31611199729410283,-1.3003383253852405,4,0.0,0.0,0.075,72.71979866485596,2.9075424572134017,69358547.35939966,74929897.3612994,24.741334458059058,2021
22005,2025,7,bottom,Flash Flood,-1.8543904213870945,0.42627035581743494,2.493663544184846,4,112000.0,11.626263078808801,0.16666666666666666,85.1610952273341,2.6204077778574555,122556659.5989812,122108380.11026774,34.4800252562571,2023
22005,2025,7,mid,Flash Flood,1.313072666496467,0.24086611344733608,-2.0639889504704456,4,112000.0,11.626263078808801,0.16666666666666666,85.1610952273341,2.6204077778574555,122556659.5989812,122108380.11026774,34.4800252562571,2023
22005,2025,7,top,Flash Flood,-4.820183556065572,0.3633493006751021,-0.6925321912871283,4,112000.0,11.626263078808801,0.16666666666666666,85.1610952273341,2.6204077778574555,122556659.5989812,122108380.11026774,34.4800252562571,2023
22007,2020,8,bottom,Tornado,-10.508427127956693,3.952890416423697,-1.2675756500255868,2,0.0,0.0,0.001388888888888889,57.5534,2.87767,16494144.064509736,17225573.2987,33.8588884509,2020
22007,2020,8,mid,Tornado,-11.52510574096273,2.0131645404115948,0.17625247468903638,2,0.0,0.0,0.001388888888888889,57.5534,2.87767,16494144.064509736,17225573.2987,33.8588884509,2020
22007,2020,8,top,Tornado,-2.364528620023819,0.5301949708458885,0.9345940856160079,2,0.0,0.0,0.001388888888888889,57.5534,2.87767,16494144.064509736,17225573.2987,33.8588884509,2020
22009,2020,4,bottom,"Thunderstorm Wind,Tornado",12.562072049843025,0.973009562395673,0.4165789358106811,11,2320000.0,14.657078174676883,0.036111111111111115,53.8196,2.69098,13686558.122330133,9471075.33039,45.7627118644,2020
22009,2020,4,mid,"Thunderstorm Wind,Tornado",14.670662976533904,0.8340786793968054,3.1067977353614915,11,2320000.0,14.657078174676883,0.036111111111111115,53.8196,2.69098,13686558.122330133,9471075.33039,45.7627118644,2020
22009,2020,4,top,"Thunderstorm Wind,Tornado",3.6606162981235713,0.9472379700242185,3.4904047092123895,11,2320000.0,14.657078174676883,0.036111111111111115,53.8196,2.69098,13686558.122330133,9471075.33039,45.7627118644,2020
22029,2022,5,bottom,Thunderstorm Wind,-1.1827577149421131,1.555593156912457,7.555943757630753,1,2000.0,7.601402334583733,0.0,43.477750114440916,2.5782754864215853,4789436.077097767,3299814.870257468,66.21487079608332,2021
22029,2022,5,mid,Thunderstorm Wind,-6.777619559361838,0.741135035579632,6.963972277670995,1,2000.0,7.601402334583733,0.0,43.477750114440916,2.5782754864215853,4789436.077097767,3299814.870257468,66.21487079608332,2021
22029,2022,5,top,Thunderstorm Wind,1.0696866850602476,0.2332732476598218,6.198419158006203,1,2000.0,7.601402334583733,0.0,43.477750114440916,2.5782754864215853,4789436.077097767,3299814.870257468,66.21487079608332,2021
22029,2023,11,bottom,Hail,34.31900030816948,1.3549480827914622,-15.395175901138407,1,0.0,0.0,0.0,31.388773459661657,2.4956170564476468,7562069.713524426,5286481.642935855,95.1389079336547,2023
22029,2023,11,mid,Hail,9.80306190929447,0.5533596470060468,-7.629748810049122,1,0.0,0.0,0.0,31.388773459661657,2.4956170564476468,7562069.713524426,5286481.642935855,95.1389079336547,2023
22029,2023,11,top,Hail,3.9802786796358447,0.6887273322273126,-7.022438162508948,1,0.0,0.0,0.0,31.388773459661657,2.4956170564476468,7562069.713524426,5286481.642935855,95.1389079336547,2023
22029,2024,6,bottom,Thunderstorm Wind,-15.977661505885635,0.9332609309161012,3.3971307994639375,1,10000.0,9.210440366976517,0.0,33.7589499698368,2.4809600125223055,8428199.435489923,5700159.9956643535,93.66795264263139,2023
22029,2024,6,mid,Thunderstorm Wind,5.943993705746593,3.5369244082575744,-2.9725289042711105,1,10000.0,9.210440366976517,0.0,33.7589499698368,2.4809600125223055,8428199.435489923,5700159.9956643535,93.66795264263139,2023
22029,2024,6,top,Thunderstorm Wind,-17.43137727262156,0.8639699685985459,7.069227079922338,1,10000.0,9.210440366976517,0.0,33.7589499698368,2.4809600125223055,8428199.435489923,5700159.9956643535,93.66795264263139,2023
22035,2025,8,bottom,Funnel Cloud,-21.34018850927633,2.728257257374497,7.800706714550486,1,0.0,0.0,0.0,31.866487797044346,2.4226391545908204,7563068.184324925,4366518.873338869,98.8756914119034,2023
22035,2025,8,mid,Funnel Cloud,-45.291172817402284,4.842805368971925,8.882153121467065,1,0.0,0.0,0.0,31.866487797044346,2.4226391545908204,7563068.184324925,4366518.873338869,98.8756914119034,2023
22035,2025,8,top,Funnel Cloud,-39.50123576203788,4.00692921408154,4.101559566448572,1,0.0,0.0,0.0,31.866487797044346,2.4226391545908204,7563068.184324925,4366518.873338869,98.8756914119034,2023
22037,2024,5,bottom,Thunderstorm Wind,-20.840370374808685,1.902871166794282,4.232563131150253,1,3000.0,8.006700845440367,0.0,26.52010083439374,2.458852001264959,13639901.201600743,9334332.741354939,79.95165881530244,2023
22037,2024,5,mid,Thunderstorm Wind,-13.300853247727801,1.4240405568929795,-0.0065397789830872926,1,3000.0,8.006700845440367,0.0,26.52010083439374,2.458852001264959,13639901.201600743,9334332.741354939,79.95165881530244,2023
22037,2024,5,top,Thunderstorm Wind,-6.409366092097358,0.9833519275373234,-1.6476940979229748,1,3000.0,8.006700845440367,0.0,26.52010083439374,2.458852001264959,13639901.201600743,9334332.741354939,79.95165881530244,2023
22041,2022,5,bottom,Thunderstorm Wind,-19.561930261843713,1.6904774781228813,-0.4560926682446033,2,28000.0,10.239995502805316,0.0,45.614749207763666,2.615153080953598,8830144.989188692,6091685.433494997,62.68841424663094,2021
22041,2022,5,mid,Thunderstorm Wind,-16.294533707072716,1.0495304877303324,0.4010596759311511,2,28000.0,10.239995502805316,0.0,45.614749207763666,2.615153080953598,8830144.989188692,6091685.433494997,62.68841424663094,2021
22041,2022,5,top,Thunderstorm Wind,-13.128451831606014,0.8403751971762662,1.0577070175646053,2,28000.0,10.239995502805316,0.0,45.614749207763666,2.615153080953598,8830144.989188692,6091685.433494997,62.68841424663094,2021
22047,2020,2,bottom,Hail,26.453012162826,1.3899778681396047,-2.4921631661631998,1,0.0,0.0,0.0,58.7748,2.93874,18855666.255632803,19916937.3013,34.1742215215,2020
22047,2020,2,mid,Hail,19.289341860599123,0.9406348261264948,-3.078540564138559,1,0.0,0.0,0.0,58.7748,2.93874,18855666.255632803,19916937.3013,34.1742215215,2020
22047,2020,2,top,Hail,6.888941620530304,0.32581410541815015,0.6645733433674034,1,0.0,0.0,0.0,58.7748,2.93874,18855666.255632803,19916937.3013,34.1742215215,2020
22047,2023,9,bottom,Thunderstorm Wind,-13.313496747725551,0.3369766767764009,4.2087398552732225,2,4000.0,8.294299608857235,0.0,90.69940362560124,2.744600023294678,25517473.46338853,20417422.39229135,81.45205875636364,2023
22047,2023,9,mid,Thunderstorm Wind,-9.968923547911714,0.7223737463312767,0.4810827031911297,2,4000.0,8.294299608857235,0.0,90.69940362560124,2.744600023294678,25517473.46338853,20417422.39229135,81.45205875636364,2023
22047,2023,9,top,Thunderstorm Wind,-13.37907858460244,0.8884814620406903,6.492768659550198,2,4000.0,8.294299608857235,0.0,90.69940362560124,2.744600023294678,25517473.46338853,20417422.39229135,81.45205875636364,2023
22053,2024,8,bottom,"Flash Flood,Thunderstorm Wind",1.3926265914672769,1.2504091884500652,3.7270964126103556,5,2000.0,7.601402334583733,0.041666666666666664,34.916468797740045,2.4787767184437146,35841864.99922792,28205211.408946488,71.30114741339015,2023
22053,2024,8,mid,"Flash Flood,Thunderstorm Wind",-3.226619640966973,0.8708553226639265,1.4210437252054315,5,2000.0,7.601402334583733,0.041666666666666664,34.916468797740045,2.4787767184437146,35841864.99922792,28205211.408946488,71.30114741339015,2023
22053,2024,8,top,"Flash Flood,Thunderstorm Wind",1.1675538243189294,0.7392508868435254,0.7668639599241089,5,2000.0,7.601402334583733,0.041666666666666664,34.916468797740045,2.4787767184437146,35841864.99922792,28205211.408946488,71.30114741339015,2023
22057,2020,7,bottom,Thunderstorm Wind,11.358112828196155,2.841046492295342,3.450462146756711,1,0.0,0.0,0.0,59.720998,2.9860499,35095039.77818391,40838717.3028,30.9420575483,2020
22057,2020,7,mid,Thunderstorm Wind,0.1400176823252508,1.987029426181662,-0.2602497929786504,1,0.0,0.0,0.0,59.720998,2.9860499,35095039.77818391,40838717.3028,30.9420575483,2020
22057,2020,7,top,Thunderstorm Wind,2.3502149077463628,0.8924036902913007,-0.22266438999714921,1,0.0,0.0,0.0,59.720998,2.9860499,35095039.77818391,40838717.3028,30.9420575483,2020
22057,2021,3,bottom,Heavy Rain,11.338961466584365,2.4766574811634303,7.950767532190487,3,0.0,0.0,0.0,59.720998,2.9860499,30090190.598946474,35014771.18204125,30.942057548295125,2020
22057,2021,3,mid,Heavy Rain,-1.583986153006336,0.88878810565209,5.922368952752507,3,0.0,0.0,0.0,59.720998,2.9860499,30090190.598946474,35014771.18204125,30.942057548295125,2020
22057,2021,3,top,Heavy Rain,-5.977351307347803,0.43669319083030594,2.9097205851829337,3,0.0,0.0,0.0,59.720998,2.9860499,30090190.598946474,35014771.18204125,30.942057548295125,2020
22057,2025,5,bottom,"Hail,Thunderstorm Wind",-1.4705850204402537,1.7046442471990204,-9.319651538971229,2,0.0,0.0,0.0,94.85514148550675,2.6934397277022595,102028239.12907006,80327881.86365354,74.05064654416311,2023
22057,2025,5,mid,"Hail,Thunderstorm Wind",0.8413958179404943,0.981592575129041,-5.143334300304152,2,0.0,0.0,0.0,94.85514148550675,2.6934397277022595,102028239.12907006,80327881.86365354,74.05064654416311,2023
22057,2025,5,top,"Hail,Thunderstorm Wind",6.713173875574469,0.6125637309598482,-3.4706160546128757,2,0.0,0.0,0.0,94.85514148550675,2.6934397277022595,102028239.12907006,80327881.86365354,74.05064654416311,2023
22061,2022,3,bottom,Thunderstorm Wind,38.11424124069376,3.8638836862513424,-4.042292954614045,3,0.0,0.0,0.0,50.5910989196167,2.6602541871421814,7559921.093686316,5875569.008021257,51.660849809928536,2021
22061,2022,3,mid,Thunderstorm Wind,33.95239586665275,3.755050800548671,1.0476363294114843,3,0.0,0.0,0.0,50.5910989196167,2.6602541871421814,7559921.093686316,5875569.008021257,51.660849809928536,2021
22061,2022,3,top,Thunderstorm Wind,10.887944371520092,1.0730231769021188,-0.010547942330205728,3,0.0,0.0,0.0,50.5910989196167,2.6602541871421814,7559921.093686316,5875569.008021257,51.660849809928536,2021
22067,2025,6,bottom,Flash Flood,-7.053734941313692,0.8893096106505335,-1.813010242672514,8,44000.0,10.691967639914864,0.6555555555555556,43.25858401127113,2.4757969780793014,17044140.335732855,10191457.2657362,96.63028391055754,2023
22067,2025,6,mid,Flash Flood,-9.481068549866876,1.3187317813476704,2.144751605642014,8,44000.0,10.691967639914864,0.6555555555555556,43.25858401127113,2.4757969780793014,17044140.335732855,10191457.2657362,96.63028391055754,2023
22067,2025,6,top,Flash Flood,-19.507442121477013,1.9658689288860687,4.45777237963199,8,44000.0,10.691967639914864,0.6555555555555556,43.25858401127113,2.4757969780793014,17044140.335732855,10191457.2657362,96.63028391055754,2023
22077,2022,5,bottom,Thunderstorm Wind,-11.111906878879452,1.4627150848618777,2.7798608801835436,1,0.0,0.0,0.0,60.231623521118166,2.794910329116821,7786321.803754963,6466410.353201941,54.373886181324266,2021
22077,2022,5,mid,Thunderstorm Wind,1.265223362883873,0.20612640783620803,2.9034658497551127,1,0.0,0.0,0.0,60.231623521118166,2.794910329116821,7786321.803754963,6466410.353201941,54.373886181324266,2021
22077,2022,5,top,Thunderstorm Wind,5.221836378378072,0.4886100085385869,3.9193115917128836,1,0.0,0.0,0.0,60.231623521118166,2.794910329116821,7786321.803754963,6466410.353201941,54.373886181324266,2021
22087,2022,7,bottom,Flash Flood,2.917299112268296,1.1415268217299241,5.375683124550126,4,0.0,0.0,0.2861111111111111,77.39039945776368,2.9639069796478275,24416341.77005223,23323555.534102514,59.23461357721156,2021
22087,2022,7,mid,Flash Flood,1.9445882679709712,0.8359103446799455,4.609445672539195,4,0.0,0.0,0.2861111111111111,77.39039945776368,2.9639069796478275,24416341.77005223,23323555.534102514,59.23461357721156,2021
22087,2022,7,top,Flash Flood,3.2919605712109075,0.684963335088496,5.2946933738917465,4,0.0,0.0,0.2861111111111111,77.39039945776368,2.9639069796478275,24416341.77005223,23323555.534102514,59.23461357721156,2021
22089,2022,5,bottom,Flash Flood,21.646677388435307,2.0016779305436967,-2.8678216271306525,4,0.0,0.0,0.3333333333333333,77.90975045776366,3.144631022024155,27507220.572980043,30945253.010687362,28.640090051108945,2021
22089,2022,5,mid,Flash Flood,18.368901503515332,1.60958018286529,-2.793260811451385,4,0.0,0.0,0.3333333333333333,77.90975045776366,3.144631022024155,27507220.572980043,30945253.010687362,28.640090051108945,2021
22089,2022,5,top,Flash Flood,7.883323316427962,0.4790967971700593,-0.9842493919855807,4,0.0,0.0,0.3333333333333333,77.90975045776366,3.144631022024155,27507220.572980043,30945253.010687362,28.640090051108945,2021
22095,2020,7,bottom,Thunderstorm Wind,14.12503295563667,0.7546429380979783,2.7687462251696267,1,0.0,0.0,0.0,62.782798,3.1391399,14638544.747890055,16552124.343,33.8194718171,2020
22095,2020,7,mid,Thunderstorm Wind,12.366524541573568,1.0647453089802321,0.5649893831696602,1,0.0,0.0,0.0,62.782798,3.1391399,14638544.747890055,16552124.343,33.8194718171,2020
22095,2020,7,top,Thunderstorm Wind,4.39491528621123,0.31781817296991943,0.232778346456044,1,0.0,0.0,0.0,62.782798,3.1391399,14638544.747890055,16552124.343,33.8194718171,2020
22095,2022,2,bottom,Flash Flood,10.851460631949095,0.7180285423001223,-7.2720679214188335,4,0.0,0.0,0.16666666666666666,69.74227366110229,3.106878467033577,15522548.009931374,16313303.473740658,40.89957119472204,2021
22095,2022,2,mid,Flash Flood,-13.86655192026683,0.5436829791199712,0.7264705227836714,4,0.0,0.0,0.16666666666666666,69.74227366110229,3.106878467033577,15522548.009931374,16313303.473740658,40.89957119472204,2021
22095,2022,2,top,Flash Flood,-13.52808679357696,0.5452320319052119,3.6967699823186186,4,0.0,0.0,0.16666666666666666,69.74227366110229,3.106878467033577,15522548.009931374,16313303.473740658,40.89957119472204,2021
22105,2021,9,bottom,Flash Flood,21.391992731005615,3.8466641021653185,15.18399323268774,4,0.0,0.0,0.0,56.466798,2.8233399,25757025.745800663,25356406.13602136,35.59322033898588,2020
22105,2021,9,mid,Flash Flood,14.41390025438696,2.320149433041917,6.665400451056921,4,0.0,0.0,0.0,56.466798,2.8233399,25757025.745800663,25356406.13602136,35.59322033898588,2020
22105,2021,9,top,Flash Flood,12.415278678636597,0.39545997808694666,-4.713124895812953,4,0.0,0.0,0.0,56.466798,2.8233399,25757025.745800663,25356406.13602136,35.59322033898588,2020
22107,2025,8,bottom,Thunderstorm Wind,-62.54247313935362,6.62663588500178,5.828344839228227,1,0.0,0.0,0.0,29.27524707690358,2.419211274076187,5860275.041250192,3491418.9859453896,93.20926626944129,2023
22107,2025,8,mid,Thunderstorm Wind,-59.682570494007436,6.4486684993561605,15.912205545461282,1,0.0,0.0,0.0,29.27524707690358,2.419211274076187,5860275.041250192,3491418.9859453896,93.20926626944129,2023
22107,2025,8,top,Thunderstorm Wind,-2.099381464703029,0.8843227483800381,-11.243059147357718,1,0.0,0.0,0.0,29.27524707690358,2.419211274076187,5860275.041250192,3491418.9859453896,93.20926626944129,2023
22109,2021,3,bottom,"Flash Flood,Heavy Rain",46.09542221255471,5.737701719117494,3.5878926302603467,8,0.0,0.0,0.0,59.911198,2.9955599,17093536.725685313,19792226.11695262,31.178557351200734,2020
22109,2021,3,mid,"Flash Flood,Heavy Rain",14.610888439568114,2.5637792726599957,5.455310653297919,8,0.0,0.0,0.0,59.911198,2.9955599,17093536.725685313,19792226.11695262,31.178557351200734,2020
22109,2021,3,top,"Flash Flood,Heavy Rain",10.011069407457484,1.4937871649023318,2.2643318140597963,8,0.0,0.0,0.0,59.911198,2.9955599,17093536.725685313,19792226.11695262,31.178557351200734,2020
22109,2022,6,bottom,Lightning,-18.52084984596597,1.220561751909883,8.98324504559468,1,300000.0,12.611541086966115,0.0,75.153173875,2.9106066798759462,74429463.51423186,68312343.61673874,55.16293851005124,2021
22109,2022,6,mid,Lightning,-9.498154329280268,0.6585075571763843,5.019673637912405,1,300000.0,12.611541086966115,0.0,75.153173875,2.9106066798759462,74429463.51423186,68312343.61673874,55.16293851005124,2021
22109,2022,6,top,Lightning,-3.3991746536854066,0.2918576327144591,3.707001952022324,1,300000.0,12.611541086966115,0.0,75.153173875,2.9106066798759462,74429463.51423186,68312343.61673874,55.16293851005124,2021
22121,2020,6,bottom,Tornado,-7.428650107433171,2.019279347082556,-1.0323827007617012,2,30000.0,10.308985993422082,0.006944444444444444,59.896998,2.9948499,13832414.864554644,17404374.2202,28.2617264486,2020
22121,2020,6,mid,Tornado,1.335899533485204,0.712039923645534,-1.897768140780433,2,30000.0,10.308985993422082,0.006944444444444444,59.896998,2.9948499,13832414.864554644,17404374.2202,28.2617264486,2020
22121,2020,6,top,Tornado,-3.7395924268776355,1.060647310769998,-3.3582927535580276,2,30000.0,10.308985993422082,0.006944444444444444,59.896998,2.9948499,13832414.864554644,17404374.2202,28.2617264486,2020
22125,2023,7,bottom,Thunderstorm Wind,1.4412561873342753,0.8292717315215109,-2.015188539891838,1,0.0,0.0,0.0,56.327791053536075,2.6068739209558625,5432660.313838392,4832487.577984065,45.65227257635772,2023
22125,2023,7,mid,Thunderstorm Wind,9.745710705922136,1.1716163240375164,-1.8314761312490855,1,0.0,0.0,0.0,56.327791053536075,2.6068739209558625,5432660.313838392,4832487.577984065,45.65227257635772,2023
22125,2023,7,top,Thunderstorm Wind,5.487470910405079,0.9611960518508298,0.09345607484991565,1,0.0,0.0,0.0,56.327791053536075,2.6068739209558625,5432660.313838392,4832487.577984065,45.65227257635772,2023
23001,2021,7,bottom,Hail,-1.0504990025969931,0.18266127328507875,-0.47815886869085017,1,0.0,0.0,0.0,59.35140200000001,2.9675701,5026526.6421073545,4799282.970701272,38.667717776901235,2020
23001,2021,7,mid,Hail,-2.4017852662216796,0.15870821717539318,0.7889363219701598,1,0.0,0.0,0.0,59.35140200000001,2.9675701,5026526.6421073545,4799282.970701272,38.667717776901235,2020
23001,2021,7,top,Hail,-6.793233032977,0.4047545845965678,2.5143100724410155,1,0.0,0.0,0.0,59.35140200000001,2.9675701,5026526.6421073545,4799282.970701272,38.667717776901235,2020
23007,2025,7,bottom,Thunderstorm Wind,-2.8214169794314614,0.3503535561008014,2.282613876701044,1,0.0,0.0,0.002777777777777778,78.72716849417756,2.5940484871240823,12932364.784027206,12102559.17045242,42.99627578320845,2023
23007,2025,7,mid,Thunderstorm Wind,-4.042751855477178,0.38770459802518237,2.2033585329820604,1,0.0,0.0,0.002777777777777778,78.72716849417756,2.5940484871240823,12932364.784027206,12102559.17045242,42.99627578320845,2023
23007,2025,7,top,Thunderstorm Wind,0.09130067059221858,0.3028010210016019,2.4890305704083553,1,0.0,0.0,0.002777777777777778,78.72716849417756,2.5940484871240823,12932364.784027206,12102559.17045242,42.99627578320845,2023
23009,2020,8,bottom,Thunderstorm Wind,-30.724841460358277,1.6446717231384584,2.3464991991170763,3,0.0,0.0,0.0,56.374998,2.8187499,4067820.4368963144,3236664.48184,42.7276310603,2020
23009,2020,8,mid,Thunderstorm Wind,-17.16046307557501,1.1128965839134628,1.2818350082095122,3,0.0,0.0,0.0,56.374998,2.8187499,4067820.4368963144,3236664.48184,42.7276310603,2020
23009,2020,8,top,Thunderstorm Wind,-3.9647246382076133,0.26923187280988553,1.1237386106060825,3,0.0,0.0,0.0,56.374998,2.8187499,4067820.4368963144,3236664.48184,42.7276310603,2020
23015,2023,5,bottom,"Flash Flood,Flood",-6.813307141048554,0.7892068681471359,2.278227669262852,13,2754000.0,14.828565321378878,3.5416666666666665,88.71825747196158,2.750568721160208,6693954.306963433,6137740.202365078,21.31684750952844,2023
23015,2023,5,mid,"Flash Flood,Flood",-4.389674691045755,0.6531548367463197,1.3981410432208747,13,2754000.0,14.828565321378878,3.5416666666666665,88.71825747196158,2.750568721160208,6693954.306963433,6137740.202365078,21.31684750952844,2023
23015,2023,5,top,"Flash Flood,Flood",-2.714975132490636,0.7759591728333595,1.2946653025605979,13,2754000.0,14.828565321378878,3.5416666666666665,88.71825747196158,2.750568721160208,6693954.306963433,6137740.202365078,21.31684750952844,2023
23015,2024,6,bottom,Flash Flood,2.880627238996979,0.31516227740654723,-0.9203676490058115,4,0.0,0.0,0.16666666666666666,91.50192508878406,2.714329104609153,8387531.94966479,8058131.656984732,27.276358801016514,2023
23015,2024,6,mid,Flash Flood,2.5783589959187765,0.36748521514966065,0.9427164650833882,4,0.0,0.0,0.16666666666666666,91.50192508878406,2.714329104609153,8387531.94966479,8058131.656984732,27.276358801016514,2023
23015,2024,6,top,Flash Flood,2.494309884044725,0.4226899966663975,2.2710382587192015,4,0.0,0.0,0.16666666666666666,91.50192508878406,2.714329104609153,8387531.94966479,8058131.656984732,27.276358801016514,2023
23017,2025,7,bottom,"Hail,Thunderstorm Wind",-9.268846009888037,0.7030428553980815,3.0237857727232345,4,0.0,0.0,0.011805555555555555,66.53353355708326,2.551333629735259,23665037.203266196,20166090.68645434,52.89917873912671,2023
23017,2025,7,mid,"Hail,Thunderstorm Wind",-4.318567342366038,0.2675068915179685,1.5107219136492158,4,0.0,0.0,0.011805555555555555,66.53353355708326,2.551333629735259,23665037.203266196,20166090.68645434,52.89917873912671,2023
23017,2025,7,top,"Hail,Thunderstorm Wind",-1.5432650472519782,0.14179259095242439,2.170217297719328,4,0.0,0.0,0.011805555555555555,66.53353355708326,2.551333629735259,23665037.203266196,20166090.68645434,52.89917873912671,2023
23025,2025,7,bottom,Flash Flood,-2.536152735906157,0.3129560891191119,-2.2127488416698875,12,0.0,0.0,0.3333333333333333,53.38432030225923,2.5068558192340826,25439616.499250237,23752609.578263205,41.95383995039211,2023
23025,2025,7,mid,Flash Flood,1.122510369302077,0.2645340539232404,-2.507867282840659,12,0.0,0.0,0.3333333333333333,53.38432030225923,2.5068558192340826,25439616.499250237,23752609.578263205,41.95383995039211,2023
23025,2025,7,top,Flash Flood,5.680075464166038,0.7410375724229564,-2.1712767088830938,12,0.0,0.0,0.3333333333333333,53.38432030225923,2.5068558192340826,25439616.499250237,23752609.578263205,41.95383995039211,2023
23029,2025,8,bottom,Thunderstorm Wind,0.9699482098943122,0.2640212692380147,-1.2683056028176622,3,0.0,0.0,0.0,78.40191996298867,2.588561408351681,14770319.5421743,10203218.173463961,84.37632350058475,2023
23029,2025,8,mid,Thunderstorm Wind,-5.788306909877164,0.5441687627676219,-1.4141950413707984,3,0.0,0.0,0.0,78.40191996298867,2.588561408351681,14770319.5421743,10203218.173463961,84.37632350058475,2023
23029,2025,8,top,Thunderstorm Wind,-6.151327425238705,0.5768973690223805,0.4272910906102207,3,0.0,0.0,0.0,78.40191996298867,2.588561408351681,14770319.5421743,10203218.173463961,84.37632350058475,2023
24011,2025,5,bottom,"Hail,Thunderstorm Wind",-2.57263118820552,0.2272863711662165,0.6768379885918611,4,0.0,0.0,0.013888888888888888,56.490536761454834,2.5258540105555087,15437944.2760803,12676951.513349822,60.54958715329842,2023
24011,2025,5,mid,"Hail,Thunderstorm Wind",-2.586421326616332,0.1142356190234688,0.7046462688609646,4,0.0,0.0,0.013888888888888888,56.490536761454834,2.5258540105555087,15437944.2760803,12676951.513349822,60.54958715329842,2023
24011,2025,5,top,"Hail,Thunderstorm Wind",-4.571047438565998,0.15807791123995443,2.010443395366432,4,0.0,0.0,0.013888888888888888,56.490536761454834,2.5258540105555087,15437944.2760803,12676951.513349822,60.54958715329842,2023
24021,2024,8,bottom,"Flash Flood,Hail,Thunderstorm Wind",-0.6017849461790661,0.46291243760025585,2.4980574383184355,11,48000.0,10.778977123006351,0.08333333333333333,79.25886842843992,2.6406360121419863,26974474.86114766,35698870.93357993,14.330847627703598,2023
24021,2024,8,mid,"Flash Flood,Hail,Thunderstorm Wind",3.0037670536750625,0.5426832195204022,1.0165321968220222,11,48000.0,10.778977123006351,0.08333333333333333,79.25886842843992,2.6406360121419863,26974474.86114766,35698870.93357993,14.330847627703598,2023
24021,2024,8,top,"Flash Flood,Hail,Thunderstorm Wind",3.6891325354860243,0.4809751486599669,-0.32932192340884586,11,48000.0,10.778977123006351,0.08333333333333333,79.25886842843992,2.6406360121419863,26974474.86114766,35698870.93357993,14.330847627703598,2023
24041,2025,5,bottom,"Hail,Thunderstorm Wind",-4.229337159165851,0.47520107619731466,2.0009901582236203,5,50000.0,10.819798284210286,0.015277777777777777,96.65623878210158,2.7199008354685947,14450064.764018465,13829837.595077649,42.044235599345555,2023
24041,2025,5,mid,"Hail,Thunderstorm Wind",-0.6973372910697151,0.18896616519428586,1.8056080581563567,5,50000.0,10.819798284210286,0.015277777777777777,96.65623878210158,2.7199008354685947,14450064.764018465,13829837.595077649,42.044235599345555,2023
24041,2025,5,top,"Hail,Thunderstorm Wind",1.2873110792815794,0.154716491415965,1.5270790185957612,5,50000.0,10.819798284210286,0.015277777777777777,96.65623878210158,2.7199008354685947,14450064.764018465,13829837.595077649,42.044235599345555,2023
24043,2024,7,bottom,"Flash Flood,Thunderstorm Wind",-1.0316315320639404,0.27872440087241623,-0.5763883478048987,13,2000.0,7.601402334583733,0.1416666666666667,72.09646771575318,2.6174509455221426,20159973.695748575,18369384.72130111,52.46290869581942,2023
24043,2024,7,mid,"Flash Flood,Thunderstorm Wind",3.673746362684213,1.0748009037981807,-3.600405527439392,13,2000.0,7.601402334583733,0.1416666666666667,72.09646771575318,2.6174509455221426,20159973.695748575,18369384.72130111,52.46290869581942,2023
24043,2024,7,top,"Flash Flood,Thunderstorm Wind",10.776943102749485,1.766255880902176,-4.894719024037893,13,2000.0,7.601402334583733,0.1416666666666667,72.09646771575318,2.6174509455221426,20159973.695748575,18369384.72130111,52.46290869581942,2023
25001,2023,6,bottom,Thunderstorm Wind,-3.7156518379625254,0.26182493134095003,-2.038614706562678,3,2900.0,7.972810784121404,0.0,98.75456581230438,2.863208786057018,34939719.17915554,37789598.04146854,11.86786922334295,2023
25001,2023,6,mid,Thunderstorm Wind,1.894445376420478,0.3186575031959716,-2.9978989271395924,3,2900.0,7.972810784121404,0.0,98.75456581230438,2.863208786057018,34939719.17915554,37789598.04146854,11.86786922334295,2023
25001,2023,6,top,Thunderstorm Wind,10.143639095034146,1.2201449984634365,-3.08412945332123,3,2900.0,7.972810784121404,0.0,98.75456581230438,2.863208786057018,34939719.17915554,37789598.04146854,11.86786922334295,2023
25007,2021,11,bottom,Thunderstorm Wind,5.055118022509873,1.3568446319937453,10.358719702313445,2,600.0,6.398594934535208,0.020833333333333332,56.469002,2.8234501,477550.3759873644,544218.1651253623,30.074891604256997,2021
25007,2021,11,mid,Thunderstorm Wind,9.692277459388194,1.6987796965410915,7.518290075542301,2,600.0,6.398594934535208,0.020833333333333332,56.469002,2.8234501,477550.3759873644,544218.1651253623,30.074891604256997,2021
25007,2021,11,top,Thunderstorm Wind,14.266513361900238,2.348158717787028,4.930436788285111,2,600.0,6.398594934535208,0.020833333333333332,56.469002,2.8234501,477550.3759873644,544218.1651253623,30.074891604256997,2021
25007,2024,8,bottom,Hail,4.5220876251502915,0.3685070998273945,0.8711625505296468,1,0.0,0.0,0.0,99.49859194167644,2.852872316401811,6001868.218930492,6267288.936684082,19.287853948388967,2023
25007,2024,8,mid,Hail,5.629455710976785,0.6660996398764895,1.2639330019066886,1,0.0,0.0,0.0,99.49859194167644,2.852872316401811,6001868.218930492,6267288.936684082,19.287853948388967,2023
25007,2024,8,top,Hail,6.110523680418524,0.5594297282539327,2.235514933442275,1,0.0,0.0,0.0,99.49859194167644,2.852872316401811,6001868.218930492,6267288.936684082,19.287853948388967,2023
25007,2025,5,bottom,Heavy Rain,2.019281028868164,0.3795074155711405,1.268515989237983,2,0.0,0.0,0.8333333333333334,99.61961298211703,2.8276952431132925,6419885.620855898,6848850.012854698,23.484953279295173,2023
25007,2025,5,mid,Heavy Rain,-3.1120245897298133,0.2742385392937968,0.32453675065146587,2,0.0,0.0,0.8333333333333334,99.61961298211703,2.8276952431132925,6419885.620855898,6848850.012854698,23.484953279295173,2023
25007,2025,5,top,Heavy Rain,-2.247747420611077,0.3242234106113919,-0.16023912220236505,2,0.0,0.0,0.8333333333333334,99.61961298211703,2.8276952431132925,6419885.620855898,6848850.012854698,23.484953279295173,2023
26001,2021,7,bottom,Thunderstorm Wind,-11.433439250846988,1.8893045122419811,7.357999131923393,1,7500.0,8.922791623969637,0.0,51.75380200000001,2.5876901,994095.928792828,576458.7179508668,55.4592037839979,2020
26001,2021,7,mid,Thunderstorm Wind,-15.477050463473034,1.3732552825538287,12.4806781472443,1,7500.0,8.922791623969637,0.0,51.75380200000001,2.5876901,994095.928792828,576458.7179508668,55.4592037839979,2020
26001,2021,7,top,Thunderstorm Wind,-2.4863906902316586,0.3381171397611211,4.873185656527771,1,7500.0,8.922791623969637,0.0,51.75380200000001,2.5876901,994095.928792828,576458.7179508668,55.4592037839979,2020
26003,2020,9,bottom,Hail,52.88701593378288,4.445531605328866,-5.24801520348971,1,0.0,0.0,0.003472222222222222,53.3818,2.66909,1004731.9716748092,810908.250732,40.0472999606,2020
26003,2020,9,mid,Hail,26.726005232945596,2.336628816375612,-1.0086900174811386,1,0.0,0.0,0.003472222222222222,53.3818,2.66909,1004731.9716748092,810908.250732,40.0472999606,2020
26003,2020,9,top,Hail,31.20608784677127,2.593304995835711,-0.5603489120617459,1,0.0,0.0,0.003472222222222222,53.3818,2.66909,1004731.9716748092,810908.250732,40.0472999606,2020
26003,2021,8,bottom,Hail,-30.609025671650386,1.5799316724060117,12.583247502074258,1,0.0,0.0,0.003472222222222222,53.3818,2.66909,470549.9230551726,379775.7270037852,40.04729996058752,2020
26003,2021,8,mid,Hail,-7.331148599921079,0.1769320963432877,11.443493665336774,1,0.0,0.0,0.003472222222222222,53.3818,2.66909,470549.9230551726,379775.7270037852,40.04729996058752,2020
26003,2021,8,top,Hail,3.338126476371798,0.5955246048315981,4.221070836251893,1,0.0,0.0,0.003472222222222222,53.3818,2.66909,470549.9230551726,379775.7270037852,40.04729996058752,2020
26007,2021,7,bottom,Thunderstorm Wind,-5.694847653515112,1.0219177644379684,-10.588679961028538,1,3000.0,8.006700845440367,0.0,57.701001999999995,2.8850501,1159686.9527652448,838432.2609149565,47.024044146619914,2020
26007,2021,7,mid,Thunderstorm Wind,3.0030690556635165,0.23907268281563163,-5.106698240040903,1,3000.0,8.006700845440367,0.0,57.701001999999995,2.8850501,1159686.9527652448,838432.2609149565,47.024044146619914,2020
26007,2021,7,top,Thunderstorm Wind,0.2732952077825388,0.3022668569041246,1.3131288017805502,1,3000.0,8.006700845440367,0.0,57.701001999999995,2.8850501,1159686.9527652448,838432.2609149565,47.024044146619914,2020
26007,2024,7,bottom,Thunderstorm Wind,1.7925764993477031,0.9354874356098676,5.054002248645905,1,0.0,0.0,0.0,85.61358455975925,2.6730319758319574,5283736.533604092,3933019.367825511,57.190926291575224,2023
26007,2024,7,mid,Thunderstorm Wind,-3.1336649438068918,0.37495169315684607,4.066658357049434,1,0.0,0.0,0.0,85.61358455975925,2.6730319758319574,5283736.533604092,3933019.367825511,57.190926291575224,2023
26007,2024,7,top,Thunderstorm Wind,-1.0908318361478706,0.6375329472168452,0.02402471631260994,1,0.0,0.0,0.0,85.61358455975925,2.6730319758319574,5283736.533604092,3933019.367825511,57.190926291575224,2023
26009,2022,5,bottom,"Hail,Thunderstorm Wind,Tornado",6.946114490914184,0.30895000685634316,-2.7680182646287412,8,427000.0,12.964541634128395,0.004166666666666667,58.19424989440918,2.66439753304863,932687.425268658,761175.9380216077,31.456381981350283,2021
26009,2022,5,mid,"Hail,Thunderstorm Wind,Tornado",7.696169108962394,0.4265679223494771,-0.3757338940455905,8,427000.0,12.964541634128395,0.004166666666666667,58.19424989440918,2.66439753304863,932687.425268658,761175.9380216077,31.456381981350283,2021
26009,2022,5,top,"Hail,Thunderstorm Wind,Tornado",9.607398245672996,0.6628635327589684,-1.3860555046277956,8,427000.0,12.964541634128395,0.004166666666666667,58.19424989440918,2.66439753304863,932687.425268658,761175.9380216077,31.456381981350283,2021
26009,2023,6,bottom,Thunderstorm Wind,-4.97661676700254,0.473210450359039,-1.771082185093339,1,15000.0,9.61587214452889,0.0,67.96993106486426,2.6549646845118295,1761472.0896080092,1831786.8312922525,8.22516755121693,2023
26009,2023,6,mid,Thunderstorm Wind,-2.380566839427061,0.7687678905991117,0.7960313490406037,1,15000.0,9.61587214452889,0.0,67.96993106486426,2.6549646845118295,1761472.0896080092,1831786.8312922525,8.22516755121693,2023
26009,2023,6,top,Thunderstorm Wind,6.120362552661987,0.26818287343422403,-1.342814526575367,1,15000.0,9.61587214452889,0.0,67.96993106486426,2.6549646845118295,1761472.0896080092,1831786.8312922525,8.22516755121693,2023
26009,2024,7,bottom,"Flood,Lightning,Thunderstorm Wind",-3.071652522007895,0.582837030963941,-1.5935900316067564,7,70000.0,11.156264806643742,0.0,75.20628578832554,2.6295616577233702,4904948.889134405,5216671.671766123,16.004227683689592,2023
26009,2024,7,mid,"Flood,Lightning,Thunderstorm Wind",3.070451880670589,0.23260626833046177,-0.617496270365829,7,70000.0,11.156264806643742,0.0,75.20628578832554,2.6295616577233702,4904948.889134405,5216671.671766123,16.004227683689592,2023
26009,2024,7,top,"Flood,Lightning,Thunderstorm Wind",4.9247778276133545,0.2500634164611988,1.1459307335423337,7,70000.0,11.156264806643742,0.0,75.20628578832554,2.6295616577233702,4904948.889134405,5216671.671766123,16.004227683689592,2023
26019,2023,7,bottom,Thunderstorm Wind,1.5033850844396568,0.5367359786654383,-2.251923804260907,1,5000.0,8.517393171418904,0.0,95.90836596954061,2.8013108008693552,1548115.278786845,1465684.8899433431,13.384256420361144,2023
26019,2023,7,mid,Thunderstorm Wind,2.5132027099916456,0.5422363583100713,-1.832807153852907,1,5000.0,8.517393171418904,0.0,95.90836596954061,2.8013108008693552,1548115.278786845,1465684.8899433431,13.384256420361144,2023
26019,2023,7,top,Thunderstorm Wind,8.387539454946705,0.9327183079059054,-2.9083193534131766,1,5000.0,8.517393171418904,0.0,95.90836596954061,2.8013108008693552,1548115.278786845,1465684.8899433431,13.384256420361144,2023
26019,2024,4,bottom,Hail,3.0388423184325717,0.15649524514646132,-0.47730574019061106,1,0.0,0.0,0.0,96.87218184790639,2.7822237172892104,3631503.3693398316,3299325.0483733057,25.813833065766303,2023
26019,2024,4,mid,Hail,3.2910919106713408,0.35280344667212704,0.29722242174012575,1,0.0,0.0,0.0,96.87218184790639,2.7822237172892104,3631503.3693398316,3299325.0483733057,25.813833065766303,2023
26019,2024,4,top,Hail,2.340387821005649,0.5513662754284598,0.8438072093704582,1,0.0,0.0,0.0,96.87218184790639,2.7822237172892104,3631503.3693398316,3299325.0483733057,25.813833065766303,2023
26027,2023,6,bottom,Thunderstorm Wind,-4.169052159808345,0.2783398235240688,5.488171004316574,2,40000.0,10.596659732783579,0.001388888888888889,53.85248517317268,2.6012698266599563,5263484.051599792,4739367.924739319,27.264376173851208,2023
26027,2023,6,mid,Thunderstorm Wind,-9.978380268540732,0.9241548266945286,1.763582468792033,2,40000.0,10.596659732783579,0.001388888888888889,53.85248517317268,2.6012698266599563,5263484.051599792,4739367.924739319,27.264376173851208,2023
26027,2023,6,top,Thunderstorm Wind,-13.995175887638027,1.2301345129683978,2.981513943938708,2,40000.0,10.596659732783579,0.001388888888888889,53.85248517317268,2.6012698266599563,5263484.051599792,4739367.924739319,27.264376173851208,2023
26029,2020,7,bottom,Thunderstorm Wind,-4.684043107007739,0.5423085087572462,0.5463009597032027,1,7000.0,8.853808274977197,0.0,54.482998,2.7241499,914217.8364886852,716476.472929,41.8604651163,2020
26029,2020,7,mid,Thunderstorm Wind,-3.9269757233636398,0.3204751045542905,-0.8027725893321834,1,7000.0,8.853808274977197,0.0,54.482998,2.7241499,914217.8364886852,716476.472929,41.8604651163,2020
26029,2020,7,top,Thunderstorm Wind,-6.702485563981043,0.4789507310831788,-0.2959640763315529,1,7000.0,8.853808274977197,0.0,54.482998,2.7241499,914217.8364886852,716476.472929,41.8604651163,2020
26029,2021,4,bottom,Thunderstorm Wind,8.268589506389233,0.3784260954998304,-3.668233233700917,1,2000.0,7.601402334583733,0.0,54.482998,2.7241499,743868.4821091047,582972.9470511994,41.86046511629128,2020
26029,2021,4,mid,Thunderstorm Wind,-9.800256721344866,1.2440193181378152,-2.5440236614825174,1,2000.0,7.601402334583733,0.0,54.482998,2.7241499,743868.4821091047,582972.9470511994,41.86046511629128,2020
26029,2021,4,top,Thunderstorm Wind,-17.206259722434496,1.9022992528950218,-1.7143292180499354,1,2000.0,7.601402334583733,0.0,54.482998,2.7241499,743868.4821091047,582972.9470511994,41.86046511629128,2020
26031,2020,7,bottom,Thunderstorm Wind,-39.254001772952506,2.4639652386671806,7.403686939235665,6,292000.0,12.584512505902088,0.030555555555555555,53.813,2.69065,1786016.1828648355,1162002.11618,48.6401261332,2020
26031,2020,7,mid,Thunderstorm Wind,-18.788784331591813,1.3373088512350622,-1.3290580558976,6,292000.0,12.584512505902088,0.030555555555555555,53.813,2.69065,1786016.1828648355,1162002.11618,48.6401261332,2020
26031,2020,7,top,Thunderstorm Wind,-15.298167684750013,1.1798173461123502,-2.7069723164999195,6,292000.0,12.584512505902088,0.030555555555555555,53.813,2.69065,1786016.1828648355,1162002.11618,48.6401261332,2020
26031,2024,7,bottom,Flood,-8.031266416972926,0.5774387035121435,-0.18293918476550175,4,4000.0,8.294299608857235,0.0,71.65182447760702,2.616057851570701,11251605.939075291,7972923.146259816,54.627009376756774,2023
26031,2024,7,mid,Flood,-5.406162768096863,0.18991951264390733,0.43450366068790913,4,4000.0,8.294299608857235,0.0,71.65182447760702,2.616057851570701,11251605.939075291,7972923.146259816,54.627009376756774,2023
26031,2024,7,top,Flood,3.533841587110132,0.4768298668673335,0.6514625614535229,4,4000.0,8.294299608857235,0.0,71.65182447760702,2.616057851570701,11251605.939075291,7972923.146259816,54.627009376756774,2023
26033,2022,6,bottom,"Hail,Thunderstorm Wind",9.145993407336135,0.5342449862396382,-1.4773981450547684,2,0.0,0.0,0.0,54.487799332427976,2.6594562791728973,816640.896570299,687363.1604272006,53.01629328680734,2021
26033,2022,6,mid,"Hail,Thunderstorm Wind",3.528910631481324,0.35441562563773316,-0.47462013908211037,2,0.0,0.0,0.0,54.487799332427976,2.6594562791728973,816640.896570299,687363.1604272006,53.01629328680734,2021
26033,2022,6,top,"Hail,Thunderstorm Wind",4.528309915253473,0.26852533213685237,-2.532555817111785,2,0.0,0.0,0.0,54.487799332427976,2.6594562791728973,816640.896570299,687363.1604272006,53.01629328680734,2021
26033,2024,6,bottom,Hail,4.634687184369781,0.49195121730069724,0.9276929894197536,2,0.0,0.0,0.0,62.69148656071653,2.586734400916859,4736692.713893276,4099584.008725625,61.35165477775213,2023
26033,2024,6,mid,Hail,0.4693259008981414,0.4719099550253682,1.2215237953030662,2,0.0,0.0,0.0,62.69148656071653,2.586734400916859,4736692.713893276,4099584.008725625,61.35165477775213,2023
26033,2024,6,top,Hail,-3.7636006248476264,0.6000664426449698,-0.8616859341170388,2,0.0,0.0,0.0,62.69148656071653,2.586734400916859,4736692.713893276,4099584.008725625,61.35165477775213,2023
26035,2020,4,bottom,Hail,-4.490734223570087,0.9276131733559256,6.256001637166743,1,250000.0,12.429220196836383,0.003472222222222222,53.29,2.6645,3001954.5247340053,1841864.91143,51.9117067402,2020
26035,2020,4,mid,Hail,-15.365222095995279,0.7323968998544759,4.4708559538969626,1,250000.0,12.429220196836383,0.003472222222222222,53.29,2.6645,3001954.5247340053,1841864.91143,51.9117067402,2020
26035,2020,4,top,Hail,-17.261315680300697,1.290473381806946,1.2711830214270492,1,250000.0,12.429220196836383,0.003472222222222222,53.29,2.6645,3001954.5247340053,1841864.91143,51.9117067402,2020
26035,2022,9,bottom,Hail,-12.769496195884344,2.975875194213658,-2.661644402281913,1,0.0,0.0,0.001388888888888889,38.70250047683716,2.57216495347023,3062649.3189716055,2179675.030370275,67.44813792950815,2021
26035,2022,9,mid,Hail,-3.467421204933032,1.087684920181474,-2.455891484699876,1,0.0,0.0,0.001388888888888889,38.70250047683716,2.57216495347023,3062649.3189716055,2179675.030370275,67.44813792950815,2021
26035,2022,9,top,Hail,2.7015671823322265,0.32671407887507686,-0.3397902522952923,1,0.0,0.0,0.001388888888888889,38.70250047683716,2.57216495347023,3062649.3189716055,2179675.030370275,67.44813792950815,2021
26035,2023,7,bottom,Thunderstorm Wind,-12.163446675949714,1.2675017194289502,8.208058692190543,1,10000.0,9.210440366976517,0.0006944444444444445,31.659353743173796,2.5096206086369297,5116683.26726341,3543508.9138646335,79.03058460511896,2023
26035,2023,7,mid,Thunderstorm Wind,-12.570524801378994,1.0653969899641333,3.6505597530906706,1,10000.0,9.210440366976517,0.0006944444444444445,31.659353743173796,2.5096206086369297,5116683.26726341,3543508.9138646335,79.03058460511896,2023
26035,2023,7,top,Thunderstorm Wind,-10.132064464857905,1.026936681137821,2.914457552359148,1,10000.0,9.210440366976517,0.0006944444444444445,31.659353743173796,2.5096206086369297,5116683.26726341,3543508.9138646335,79.03058460511896,2023
26039,2020,7,bottom,Thunderstorm Wind,14.353507478794725,1.3048587224795096,2.8206507634458498,1,21000.0,9.952325334619427,0.0,53.439598,2.6719799,3219660.5473867827,2168420.69257,46.6692944423,2020
26039,2020,7,mid,Thunderstorm Wind,0.45647836378753937,0.19271609162835357,1.7923363696487418,1,21000.0,9.952325334619427,0.0,53.439598,2.6719799,3219660.5473867827,2168420.69257,46.6692944423,2020
26039,2020,7,top,Thunderstorm Wind,-6.589170362197464,0.7452199729682153,-0.13533088959998452,1,21000.0,9.952325334619427,0.0,53.439598,2.6719799,3219660.5473867827,2168420.69257,46.6692944423,2020
26039,2023,6,bottom,Hail,7.0824589161913565,1.93571534807292,6.627746476606106,1,0.0,0.0,0.0,48.91198172603469,2.582434146820135,2235599.1493830215,1873542.1634174946,39.046356973796165,2023
26039,2023,6,mid,Hail,6.310077836765487,1.2360219253758133,4.737628631650698,1,0.0,0.0,0.0,48.91198172603469,2.582434146820135,2235599.1493830215,1873542.1634174946,39.046356973796165,2023
26039,2023,6,top,Hail,7.776328389962941,1.1336553882712619,2.121144191345332,1,0.0,0.0,0.0,48.91198172603469,2.582434146820135,2235599.1493830215,1873542.1634174946,39.046356973796165,2023
26039,2024,6,bottom,Tornado,-8.910792569229713,0.4823010112683817,-2.107017221662455,2,42000.0,10.645448706505872,0.001388888888888889,54.359911681931244,2.556434955292081,4173733.062051932,3248088.7614932535,52.5117836482777,2023
26039,2024,6,mid,Tornado,-5.728306099967398,0.3214649633234685,-0.9825957078592703,2,42000.0,10.645448706505872,0.001388888888888889,54.359911681931244,2.556434955292081,4173733.062051932,3248088.7614932535,52.5117836482777,2023
26039,2024,6,top,Tornado,2.5530695349102928,0.8361003112922275,-0.7952392984376928,2,42000.0,10.645448706505872,0.001388888888888889,54.359911681931244,2.556434955292081,4173733.062051932,3248088.7614932535,52.5117836482777,2023
26041,2025,5,bottom,Lightning,11.178133419619641,1.4489608708762738,-4.623727996603326,1,100000.0,11.51293546492023,0.0,90.38675655812378,2.6565572376371254,14621541.141536644,11854907.230506118,58.56025416384736,2023
26041,2025,5,mid,Lightning,5.99872606188471,1.228993243140337,-3.73697982512761,1,100000.0,11.51293546492023,0.0,90.38675655812378,2.6565572376371254,14621541.141536644,11854907.230506118,58.56025416384736,2023
26041,2025,5,top,Lightning,-4.0843177996160165,0.537526101200914,-2.643155420479881,1,100000.0,11.51293546492023,0.0,90.38675655812378,2.6565572376371254,14621541.141536644,11854907.230506118,58.56025416384736,2023
26047,2020,7,bottom,"Flash Flood,Thunderstorm Wind",-3.7286952536099705,2.0927206514383925,8.93931385948197,6,590000.0,13.28787951079572,0.2041666666666667,55.560002,2.7780001,1023427.270175618,887028.471873,39.4166338195,2020
26047,2020,7,mid,"Flash Flood,Thunderstorm Wind",-3.3222735816259785,0.4789348182856979,0.3815748631964719,6,590000.0,13.28787951079572,0.2041666666666667,55.560002,2.7780001,1023427.270175618,887028.471873,39.4166338195,2020
26047,2020,7,top,"Flash Flood,Thunderstorm Wind",-8.06761809294619,0.6242492564377797,-0.34669612183075554,6,590000.0,13.28787951079572,0.2041666666666667,55.560002,2.7780001,1023427.270175618,887028.471873,39.4166338195,2020
26047,2022,9,bottom,Flood,10.971211387756114,0.9254582527557503,0.45585894048586795,4,20000.0,9.90353755128617,0.2916666666666667,78.79749941485595,2.7835875986305236,901999.7452673849,850174.1272204859,25.406237682301928,2021
26047,2022,9,mid,Flood,4.5222916727775555,0.43970712609575335,0.47589371178946277,4,20000.0,9.90353755128617,0.2916666666666667,78.79749941485595,2.7835875986305236,901999.7452673849,850174.1272204859,25.406237682301928,2021
26047,2022,9,top,Flood,7.357148436639932,0.7315617381029719,0.7374822579267573,4,20000.0,9.90353755128617,0.2916666666666667,78.79749941485595,2.7835875986305236,901999.7452673849,850174.1272204859,25.406237682301928,2021
26051,2023,6,bottom,Thunderstorm Wind,-26.44020491205528,2.1179569681209287,1.7335515726854045,1,3000.0,8.006700845440367,0.0,52.94147652055333,2.5973109537216796,3134404.3374967487,2372531.7734545413,61.36967425342152,2023
26051,2023,6,mid,Thunderstorm Wind,-8.46833494651095,0.7902026741273697,0.48996867794917404,1,3000.0,8.006700845440367,0.0,52.94147652055333,2.5973109537216796,3134404.3374967487,2372531.7734545413,61.36967425342152,2023
26051,2023,6,top,Thunderstorm Wind,-7.332715094818681,0.8228886407151317,-1.0471440479540775,1,3000.0,8.006700845440367,0.0,52.94147652055333,2.5973109537216796,3134404.3374967487,2372531.7734545413,61.36967425342152,2023
26055,2022,6,bottom,"Hail,Thunderstorm Wind",11.63350423062954,0.9554050374687032,-5.848409729875759,2,4000.0,8.294299608857235,0.0,72.70870977282715,2.819643369138336,3383610.4766686778,3415056.080651697,27.629077930501186,2021
26055,2022,6,mid,"Hail,Thunderstorm Wind",8.939919006196817,0.5185371906745854,-3.4445299368245372,2,4000.0,8.294299608857235,0.0,72.70870977282715,2.819643369138336,3383610.4766686778,3415056.080651697,27.629077930501186,2021
26055,2022,6,top,"Hail,Thunderstorm Wind",6.86920591173255,0.5204342666057016,-4.461029673252867,2,4000.0,8.294299608857235,0.0,72.70870977282715,2.819643369138336,3383610.4766686778,3415056.080651697,27.629077930501186,2021
26057,2023,7,bottom,Thunderstorm Wind,-11.14109276731645,1.5069922792159243,-0.5047769559619107,1,50000.0,10.819798284210286,0.007638888888888889,80.23497497372698,2.6975401006081245,7416391.492644433,6512109.370732015,35.46070881422763,2023
26057,2023,7,mid,Thunderstorm Wind,-25.6235925795428,2.273890034000699,2.941661302051306,1,50000.0,10.819798284210286,0.007638888888888889,80.23497497372698,2.6975401006081245,7416391.492644433,6512109.370732015,35.46070881422763,2023
26057,2023,7,top,Thunderstorm Wind,-23.89138104922708,2.1049815179458498,1.6518938696884977,1,50000.0,10.819798284210286,0.007638888888888889,80.23497497372698,2.6975401006081245,7416391.492644433,6512109.370732015,35.46070881422763,2023
26059,2025,6,bottom,Thunderstorm Wind,21.5123266617466,1.9702467336073937,-0.0826760925601775,2,11000.0,9.305741456739435,0.001388888888888889,68.62653707150864,2.562356812494385,14931405.634775568,12015311.229190735,61.149715562320665,2023
26059,2025,6,mid,Thunderstorm Wind,12.714646031846243,1.1735918117845097,-0.017427968442272384,2,11000.0,9.305741456739435,0.001388888888888889,68.62653707150864,2.562356812494385,14931405.634775568,12015311.229190735,61.149715562320665,2023
26059,2025,6,top,Thunderstorm Wind,2.5330076124562595,0.5707355936391414,0.8307768276353897,2,11000.0,9.305741456739435,0.001388888888888889,68.62653707150864,2.562356812494385,14931405.634775568,12015311.229190735,61.149715562320665,2023
26061,2025,7,bottom,Flash Flood,-14.615607154847723,0.9395725623211567,3.671719915868934,8,22100000.0,16.91108821173685,1.4722222222222223,70.8936619014065,2.5656302851579995,7458867.202339776,8646617.653610962,21.769612059037645,2023
26061,2025,7,mid,Flash Flood,-10.089848340694829,0.5838934098322565,3.0233515936385893,8,22100000.0,16.91108821173685,1.4722222222222223,70.8936619014065,2.5656302851579995,7458867.202339776,8646617.653610962,21.769612059037645,2023
26061,2025,7,top,Flash Flood,-5.722785818924024,0.3556954598234125,-0.7289842887529213,8,22100000.0,16.91108821173685,1.4722222222222223,70.8936619014065,2.5656302851579995,7458867.202339776,8646617.653610962,21.769612059037645,2023
26069,2022,4,bottom,Thunderstorm Wind,9.889816822577373,0.6836208429275891,-3.652020954965048,2,3000.0,8.006700845440367,0.0,56.13285113658142,2.699441293520546,1681628.397893083,1171791.5643228362,52.01579564379857,2021
26069,2022,4,mid,Thunderstorm Wind,5.818744749736965,0.24634047527323225,-1.871413372675903,2,3000.0,8.006700845440367,0.0,56.13285113658142,2.699441293520546,1681628.397893083,1171791.5643228362,52.01579564379857,2021
26069,2022,4,top,Thunderstorm Wind,3.778488543813097,0.2280317024197587,0.9447372792272214,2,3000.0,8.006700845440367,0.0,56.13285113658142,2.699441293520546,1681628.397893083,1171791.5643228362,52.01579564379857,2021
26069,2024,7,bottom,Thunderstorm Wind,-11.980697452352274,0.9513669033495176,0.7959438385752406,1,0.0,0.0,0.0,65.68382642476688,2.5938258929550817,7012108.466153478,4930050.619422651,64.78753240460819,2023
26069,2024,7,mid,Thunderstorm Wind,-12.2442906798247,1.4794739082299377,0.010920769965257668,1,0.0,0.0,0.0,65.68382642476688,2.5938258929550817,7012108.466153478,4930050.619422651,64.78753240460819,2023
26069,2024,7,top,Thunderstorm Wind,-2.0073930875145436,0.7622768889903919,-1.4693612441760753,1,0.0,0.0,0.0,65.68382642476688,2.5938258929550817,7012108.466153478,4930050.619422651,64.78753240460819,2023
26073,2022,8,bottom,"Funnel Cloud,Thunderstorm Wind",-20.127169127094533,1.1136104639007707,-1.787592034526232,2,75000.0,11.225256725762893,0.007638888888888889,61.102088203338624,2.699688729162407,5880175.334690795,5026641.413232932,52.10829141603289,2021
26073,2022,8,mid,"Funnel Cloud,Thunderstorm Wind",-9.355676772825433,0.38952802039857565,-0.9792781245277004,2,75000.0,11.225256725762893,0.007638888888888889,61.102088203338624,2.699688729162407,5880175.334690795,5026641.413232932,52.10829141603289,2021
26073,2022,8,top,"Funnel Cloud,Thunderstorm Wind",0.5524189561961208,0.515018700375978,-0.6222170298920228,2,75000.0,11.225256725762893,0.007638888888888889,61.102088203338624,2.699688729162407,5880175.334690795,5026641.413232932,52.10829141603289,2021
26073,2023,6,bottom,Thunderstorm Wind,-10.61048248234728,0.9533198742413926,0.5832658327557093,1,100000.0,11.51293546492023,0.003472222222222222,65.90564395111247,2.6476248547978294,9671736.600431737,8340626.028314077,60.28116909647372,2023
26073,2023,6,mid,Thunderstorm Wind,-10.983115893650819,1.1049187153596358,-0.4399855906827052,1,100000.0,11.51293546492023,0.003472222222222222,65.90564395111247,2.6476248547978294,9671736.600431737,8340626.028314077,60.28116909647372,2023
26073,2023,6,top,Thunderstorm Wind,-19.23087874846121,1.7261172675916387,-0.3193729473954505,1,100000.0,11.51293546492023,0.003472222222222222,65.90564395111247,2.6476248547978294,9671736.600431737,8340626.028314077,60.28116909647372,2023
26079,2020,11,bottom,Thunderstorm Wind,-6.501777762079129,1.226502277768309,1.2951542880667735,1,5000.0,8.517393171418904,0.0,52.765198,2.6382599,2720745.3569195424,2163170.54191,40.0078833268,2020
26079,2020,11,mid,Thunderstorm Wind,-1.5088544526392411,0.5433334116517712,-3.151814059655692,1,5000.0,8.517393171418904,0.0,52.765198,2.6382599,2720745.3569195424,2163170.54191,40.0078833268,2020
26079,2020,11,top,Thunderstorm Wind,-0.02860421924684431,0.3789748110545253,-1.7458040751835522,1,5000.0,8.517393171418904,0.0,52.765198,2.6382599,2720745.3569195424,2163170.54191,40.0078833268,2020
26079,2021,7,bottom,Thunderstorm Wind,15.5323815644917,1.300666191129511,-6.8793872430126015,1,3000.0,8.006700845440367,0.0,52.765198,2.6382599,1409666.6397709104,1120777.1948633208,40.00788332677593,2020
26079,2021,7,mid,Thunderstorm Wind,7.926220067812238,0.9689692949244548,-3.7891017232164756,1,3000.0,8.006700845440367,0.0,52.765198,2.6382599,1409666.6397709104,1120777.1948633208,40.00788332677593,2020
26079,2021,7,top,Thunderstorm Wind,3.6400990460351323,0.6427486994168595,-2.3591965713688077,1,3000.0,8.006700845440367,0.0,52.765198,2.6382599,1409666.6397709104,1120777.1948633208,40.00788332677593,2020
26079,2024,4,bottom,Hail,2.3711754813947294,0.17999242881267988,5.012906203317613,3,0.0,0.0,0.0,41.99521844449008,2.5195459169641334,4019431.8972657667,3293270.796607292,45.24987221755919,2023
26079,2024,4,mid,Hail,-2.0473676014003104,0.41694201466654107,-0.7949361361906616,3,0.0,0.0,0.0,41.99521844449008,2.5195459169641334,4019431.8972657667,3293270.796607292,45.24987221755919,2023
26079,2024,4,top,Hail,-7.2279534610445495,0.9617225677059583,-0.21783233516799308,3,0.0,0.0,0.0,41.99521844449008,2.5195459169641334,4019431.8972657667,3293270.796607292,45.24987221755919,2023
26089,2022,5,bottom,Thunderstorm Wind,7.536712419034529,0.28731093757385134,-1.4957905494032246,2,2000.0,7.601402334583733,0.0,71.22887465667725,2.788353167629242,734667.4516466432,671479.1196319521,27.704561497101317,2021
26089,2022,5,mid,Thunderstorm Wind,8.265345294291237,0.38006767699648963,-1.1687004154471765,2,2000.0,7.601402334583733,0.0,71.22887465667725,2.788353167629242,734667.4516466432,671479.1196319521,27.704561497101317,2021
26089,2022,5,top,Thunderstorm Wind,8.23719746800056,0.33919835443389673,-2.4821017705464072,2,2000.0,7.601402334583733,0.0,71.22887465667725,2.788353167629242,734667.4516466432,671479.1196319521,27.704561497101317,2021
26095,2024,6,bottom,"Hail,Thunderstorm Wind",14.116102194267896,1.1375312987977015,-8.848324711904061,13,19000.0,9.852246888342531,0.08333333333333333,44.923113245614395,2.521925043502974,1223231.187047222,881329.6333286882,55.78490887696201,2023
26095,2024,6,mid,"Hail,Thunderstorm Wind",1.4728460986590477,1.14789027430057,-1.8412268469531103,13,19000.0,9.852246888342531,0.08333333333333333,44.923113245614395,2.521925043502974,1223231.187047222,881329.6333286882,55.78490887696201,2023
26095,2024,6,top,"Hail,Thunderstorm Wind",-15.540129153424374,1.8159670652166218,4.325560234447077,13,19000.0,9.852246888342531,0.08333333333333333,44.923113245614395,2.521925043502974,1223231.187047222,881329.6333286882,55.78490887696201,2023
26097,2022,5,bottom,Hail,-14.933667514434319,0.539839799846361,4.8769131093578535,1,0.0,0.0,0.0,60.35725216552734,2.7221750639305116,376482.93507085904,243239.43777461495,64.50866369661685,2021
26097,2022,5,mid,Hail,3.3719651520415823,1.069725191545084,-4.774865139587291,1,0.0,0.0,0.0,60.35725216552734,2.7221750639305116,376482.93507085904,243239.43777461495,64.50866369661685,2021
26097,2022,5,top,Hail,-1.8949651720650849,0.795556061939498,-0.8261177036280003,1,0.0,0.0,0.0,60.35725216552734,2.7221750639305116,376482.93507085904,243239.43777461495,64.50866369661685,2021
26099,2023,4,bottom,Thunderstorm Wind,7.289500272210546,0.7015345082518638,1.478615265192938,1,30000.0,10.308985993422082,0.0,79.38197192885438,2.706816194214015,97424637.68865114,94372629.19218735,38.29027930632576,2023
26099,2023,4,mid,Thunderstorm Wind,5.809356697143272,0.5223305136105116,1.0464233064363242,1,30000.0,10.308985993422082,0.0,79.38197192885438,2.706816194214015,97424637.68865114,94372629.19218735,38.29027930632576,2023
26099,2023,4,top,Thunderstorm Wind,6.309036778973237,0.5854144063833273,0.9869492009841233,1,30000.0,10.308985993422082,0.0,79.38197192885438,2.706816194214015,97424637.68865114,94372629.19218735,38.29027930632576,2023
26101,2020,4,bottom,Hail,7.193787545482564,0.992905233361526,1.5846084425018507,3,0.0,0.0,0.0,54.679398,2.7339699,1585441.1079280877,1128568.19598,45.2897122586,2020
26101,2020,4,mid,Hail,0.6989506695664431,0.2788005720133617,1.0969504255247624,3,0.0,0.0,0.0,54.679398,2.7339699,1585441.1079280877,1128568.19598,45.2897122586,2020
26101,2020,4,top,Hail,2.2777173557101804,0.21523585895010514,-0.9241216788218386,3,0.0,0.0,0.0,54.679398,2.7339699,1585441.1079280877,1128568.19598,45.2897122586,2020
26107,2022,8,bottom,Thunderstorm Wind,-22.587257279985565,1.4013867004726286,-2.3891419674908483,1,100000.0,11.51293546492023,0.009027777777777779,57.72147489747619,2.6805401986644743,2925905.608032654,2551762.8708432303,49.50127198905704,2021
26107,2022,8,mid,Thunderstorm Wind,-7.820608238840492,0.6747362675531103,-1.9488952976294815,1,100000.0,11.51293546492023,0.009027777777777779,57.72147489747619,2.6805401986644743,2925905.608032654,2551762.8708432303,49.50127198905704,2021
26107,2022,8,top,Thunderstorm Wind,-2.260825309753244,0.3208283963555361,-0.48723750108842506,1,100000.0,11.51293546492023,0.009027777777777779,57.72147489747619,2.6805401986644743,2925905.608032654,2551762.8708432303,49.50127198905704,2021
26107,2025,5,bottom,"Hail,Thunderstorm Wind",-5.2524540650960745,0.7806202877721632,4.40600422864929,4,0.0,0.0,0.0,61.60652816546562,2.541974410829701,24256085.015365712,19435848.88464189,62.93434712967951,2023
26107,2025,5,mid,"Hail,Thunderstorm Wind",3.3654700980561643,0.36543619143602174,-0.2990959784577332,4,0.0,0.0,0.0,61.60652816546562,2.541974410829701,24256085.015365712,19435848.88464189,62.93434712967951,2023
26107,2025,5,top,"Hail,Thunderstorm Wind",1.0048130237853172,0.4811838657795053,0.8231158053963507,4,0.0,0.0,0.0,61.60652816546562,2.541974410829701,24256085.015365712,19435848.88464189,62.93434712967951,2023
26113,2020,11,bottom,Thunderstorm Wind,-9.111439550094175,0.7464260790911191,2.327434369398958,1,8000.0,8.987321812850125,0.0,53.7612,2.68806,2034084.69680294,1892058.63754,35.7903035081,2020
26113,2020,11,mid,Thunderstorm Wind,-19.45000052386837,1.624667104740244,3.662480916989589,1,8000.0,8.987321812850125,0.0,53.7612,2.68806,2034084.69680294,1892058.63754,35.7903035081,2020
26113,2020,11,top,Thunderstorm Wind,-13.478919441530067,1.2800195790077344,3.3927187828835295,1,8000.0,8.987321812850125,0.0,53.7612,2.68806,2034084.69680294,1892058.63754,35.7903035081,2020
26113,2023,7,bottom,Thunderstorm Wind,-13.369118890928874,1.9952949662153912,8.602496834691488,1,5000.0,8.517393171418904,0.0,46.54625052385097,2.5694055394236655,2066766.1741804853,1765630.9247944437,45.32421543636364,2023
26113,2023,7,mid,Thunderstorm Wind,-6.7787669407814946,1.4825941847708104,-0.76407478608715,1,5000.0,8.517393171418904,0.0,46.54625052385097,2.5694055394236655,2066766.1741804853,1765630.9247944437,45.32421543636364,2023
26113,2023,7,top,Thunderstorm Wind,-6.488586132245359,1.4516944345811795,-3.691673950251262,1,5000.0,8.517393171418904,0.0,46.54625052385097,2.5694055394236655,2066766.1741804853,1765630.9247944437,45.32421543636364,2023
26113,2024,7,bottom,Thunderstorm Wind,13.997146414858321,1.4002612055994017,1.4822207551385087,3,80000.0,11.289794413577894,0.0,48.515003926458576,2.5330590549724934,3423934.149224663,3214403.6356347916,41.04686174545454,2023
26113,2024,7,mid,Thunderstorm Wind,2.6039555240667056,0.39738899507017256,5.27018599589771,3,80000.0,11.289794413577894,0.0,48.515003926458576,2.5330590549724934,3423934.149224663,3214403.6356347916,41.04686174545454,2023
26113,2024,7,top,Thunderstorm Wind,-8.592415137303007,0.553746063218491,7.377527238877856,3,80000.0,11.289794413577894,0.0,48.515003926458576,2.5330590549724934,3423934.149224663,3214403.6356347916,41.04686174545454,2023
26115,2023,4,bottom,"Thunderstorm Wind,Tornado",9.300477820842033,0.7886829868117695,-3.039002796170242,5,50000.0,10.819798284210286,0.006944444444444444,88.72880240411028,2.754548695100971,14841702.073974784,15483734.059063498,15.85762705508286,2023
26115,2023,4,mid,"Thunderstorm Wind,Tornado",1.264696216928769,0.08621563734995587,-0.06507907426458341,5,50000.0,10.819798284210286,0.006944444444444444,88.72880240411028,2.754548695100971,14841702.073974784,15483734.059063498,15.85762705508286,2023
26115,2023,4,top,"Thunderstorm Wind,Tornado",-4.957824917409567,0.33910053931589823,1.4729202940883728,5,50000.0,10.819798284210286,0.006944444444444444,88.72880240411028,2.754548695100971,14841702.073974784,15483734.059063498,15.85762705508286,2023
26115,2025,6,bottom,Thunderstorm Wind,11.982392223632118,0.4211172301290372,-4.342681089668702,2,500.0,6.2166061010848646,0.0,86.87758556527449,2.632886999018932,44056746.682931714,47364831.12419245,23.595919577203034,2023
26115,2025,6,mid,Thunderstorm Wind,3.2673857056029476,0.2191118560585206,-0.0797706859244111,2,500.0,6.2166061010848646,0.0,86.87758556527449,2.632886999018932,44056746.682931714,47364831.12419245,23.595919577203034,2023
26115,2025,6,top,Thunderstorm Wind,3.02112280037187,0.23211727365535947,-0.3337768714899833,2,500.0,6.2166061010848646,0.0,86.87758556527449,2.632886999018932,44056746.682931714,47364831.12419245,23.595919577203034,2023
26119,2021,6,bottom,Hail,-30.809870081832315,3.1236589668736934,3.037566519226658,2,0.0,0.0,0.0,50.496602,2.5248301,1259614.730041293,718629.8177500378,56.08986992510489,2020
26119,2021,6,mid,Hail,-22.16173243934152,2.531319262818896,0.6202299390333508,2,0.0,0.0,0.0,50.496602,2.5248301,1259614.730041293,718629.8177500378,56.08986992510489,2020
26119,2021,6,top,Hail,-12.754450790428308,1.722132576231217,-1.3267705917532406,2,0.0,0.0,0.0,50.496602,2.5248301,1259614.730041293,718629.8177500378,56.08986992510489,2020
26121,2022,8,bottom,Thunderstorm Wind,-11.387300953050342,0.9461957232993112,-2.5197867478803695,1,2000.0,7.601402334583733,0.001388888888888889,81.00791196832276,2.89050990283947,6425527.686493784,5737932.924640559,52.7001830298552,2021
26121,2022,8,mid,Thunderstorm Wind,-7.656123277804042,0.6297789816632988,-1.2928857903901256,1,2000.0,7.601402334583733,0.001388888888888889,81.00791196832276,2.89050990283947,6425527.686493784,5737932.924640559,52.7001830298552,2021
26121,2022,8,top,Thunderstorm Wind,-5.469541767142559,0.3434758420840757,1.4958630484198732,1,2000.0,7.601402334583733,0.001388888888888889,81.00791196832276,2.89050990283947,6425527.686493784,5737932.924640559,52.7001830298552,2021
26123,2025,5,bottom,"Hail,Thunderstorm Wind",4.0858186306124225,1.1422062201816925,0.6284439847775852,2,0.0,0.0,0.0,70.53471290034808,2.5725281109364126,12986286.186735984,11001958.038370661,55.38148456620975,2023
26123,2025,5,mid,"Hail,Thunderstorm Wind",-3.553309221934711,0.5267549848301999,0.25042449292656005,2,0.0,0.0,0.0,70.53471290034808,2.5725281109364126,12986286.186735984,11001958.038370661,55.38148456620975,2023
26123,2025,5,top,"Hail,Thunderstorm Wind",-5.165066836047188,0.38041398847886626,-0.3993185586695205,2,0.0,0.0,0.0,70.53471290034808,2.5725281109364126,12986286.186735984,11001958.038370661,55.38148456620975,2023
26125,2023,4,bottom,"Hail,Thunderstorm Wind",6.283681765610055,0.4790859294520019,1.4132533235738691,2,10000.0,9.210440366976517,0.0,89.61533610496664,2.7595705301337596,131611235.42286831,142888216.8474987,14.698522963828125,2023
26125,2023,4,mid,"Hail,Thunderstorm Wind",2.142506029633523,0.13147278902017986,1.0659616445690385,2,10000.0,9.210440366976517,0.0,89.61533610496664,2.7595705301337596,131611235.42286831,142888216.8474987,14.698522963828125,2023
26125,2023,4,top,"Hail,Thunderstorm Wind",4.56844953075796,0.33876948506625904,-0.10195277343482682,2,10000.0,9.210440366976517,0.0,89.61533610496664,2.7595705301337596,131611235.42286831,142888216.8474987,14.698522963828125,2023
26127,2023,6,bottom,"Hail,Thunderstorm Wind",3.7870441845130784,0.5184880021665961,4.552206937948796,2,100000.0,11.51293546492023,0.0020833333333333333,74.0630134619581,2.6765459880559748,2811404.9551348696,2253838.6956274584,70.18427267962002,2023
26127,2023,6,mid,"Hail,Thunderstorm Wind",14.261830319511844,1.1865599045514792,2.4148763063456093,2,100000.0,11.51293546492023,0.0020833333333333333,74.0630134619581,2.6765459880559748,2811404.9551348696,2253838.6956274584,70.18427267962002,2023
26127,2023,6,top,"Hail,Thunderstorm Wind",14.660768233037913,0.9039536788009563,0.41403133621483806,2,100000.0,11.51293546492023,0.0020833333333333333,74.0630134619581,2.6765459880559748,2811404.9551348696,2253838.6956274584,70.18427267962002,2023
26127,2025,5,bottom,Hail,11.822528470138437,1.3930893473996424,1.9465710801234053,1,0.0,0.0,0.0,79.68276929888438,2.605122736379727,9277504.429043172,8193639.504250541,55.343675499578005,2023
26127,2025,5,mid,Hail,8.690019735050697,1.0974141359086778,2.2283996925802683,1,0.0,0.0,0.0,79.68276929888438,2.605122736379727,9277504.429043172,8193639.504250541,55.343675499578005,2023
26127,2025,5,top,Hail,-0.09591890107121515,0.29621461315432923,2.6848831591038285,1,0.0,0.0,0.0,79.68276929888438,2.605122736379727,9277504.429043172,8193639.504250541,55.343675499578005,2023
26129,2022,8,bottom,Thunderstorm Wind,8.27660026203796,0.9028972120167794,-7.919040949676149,2,6000.0,8.699681400989514,0.0,46.0073743133545,2.619733790898323,2298759.6162273427,1716733.6371404827,54.54433307527415,2021
26129,2022,8,mid,Thunderstorm Wind,-0.21241065863401332,0.10789507876411795,-3.708659675947582,2,6000.0,8.699681400989514,0.0,46.0073743133545,2.619733790898323,2298759.6162273427,1716733.6371404827,54.54433307527415,2021
26129,2022,8,top,Thunderstorm Wind,1.0748014835651105,0.11870978681845926,-2.465239172770737,2,6000.0,8.699681400989514,0.0,46.0073743133545,2.619733790898323,2298759.6162273427,1716733.6371404827,54.54433307527415,2021
26131,2020,7,bottom,Thunderstorm Wind,24.761422690430308,1.3335903371506372,-9.612534146842975,5,15000.0,9.61587214452889,0.03125,52.820602,2.6410301,1446363.5996939098,848593.409801,55.4986204178,2020
26131,2020,7,mid,Thunderstorm Wind,17.82862344413047,1.0798079725939485,-8.024845864423304,5,15000.0,9.61587214452889,0.03125,52.820602,2.6410301,1446363.5996939098,848593.409801,55.4986204178,2020
26131,2020,7,top,Thunderstorm Wind,10.361313855118595,0.7769933013003769,-5.312256796864749,5,15000.0,9.61587214452889,0.03125,52.820602,2.6410301,1446363.5996939098,848593.409801,55.4986204178,2020
26131,2022,6,bottom,"Flash Flood,Hail",-39.21061460698856,2.913107207381313,4.083365102192374,6,40000.0,10.596659732783579,1.5069444444444444,52.58846402554321,2.62566946466198,355800.3871955228,257520.10511581667,38.27922371799286,2021
26131,2022,6,mid,"Flash Flood,Hail",-27.06021386053375,1.9723386339506823,1.6590056935053024,6,40000.0,10.596659732783579,1.5069444444444444,52.58846402554321,2.62566946466198,355800.3871955228,257520.10511581667,38.27922371799286,2021
26131,2022,6,top,"Flash Flood,Hail",-25.87843508088409,1.8014318468788806,3.0639962010360144,6,40000.0,10.596659732783579,1.5069444444444444,52.58846402554321,2.62566946466198,355800.3871955228,257520.10511581667,38.27922371799286,2021
26135,2024,7,bottom,Hail,-11.329123100099679,1.385743467073777,0.4169784118349706,1,0.0,0.0,0.0,20.863532072742753,2.427235381674024,3846602.3433619644,2555882.532191215,74.78064368763671,2023
26135,2024,7,mid,Hail,-10.371324670340911,1.002147025727611,1.4508530982407752,1,0.0,0.0,0.0,20.863532072742753,2.427235381674024,3846602.3433619644,2555882.532191215,74.78064368763671,2023
26135,2024,7,top,Hail,-8.357775946419679,0.7409748130668483,-0.8080576233667832,1,0.0,0.0,0.0,20.863532072742753,2.427235381674024,3846602.3433619644,2555882.532191215,74.78064368763671,2023
26137,2020,7,bottom,Thunderstorm Wind,0.22818179104008607,0.8864650636452108,-1.9826032263462376,5,224000.0,12.319405795112926,0.006944444444444444,54.555402,2.7277701,4497372.976089987,3836339.09998,39.2589672842,2020
26137,2020,7,mid,Thunderstorm Wind,-5.358155358342643,1.4481968589871324,-1.5193763337160202,5,224000.0,12.319405795112926,0.006944444444444444,54.555402,2.7277701,4497372.976089987,3836339.09998,39.2589672842,2020
26137,2020,7,top,Thunderstorm Wind,-9.49180793687762,2.029131486713337,-3.863752009975362,5,224000.0,12.319405795112926,0.006944444444444444,54.555402,2.7277701,4497372.976089987,3836339.09998,39.2589672842,2020
26137,2022,5,bottom,"Hail,Tornado",8.482049311989343,0.3840910388927262,2.024522999397012,5,100000000.0,18.420680753952364,0.02638888888888889,56.188376192779536,2.6919347109661103,1780403.9698467634,1523712.0513184885,41.235604094857536,2021
26137,2022,5,mid,"Hail,Tornado",0.4976480098744531,0.22430780318775362,2.225386601276815,5,100000000.0,18.420680753952364,0.02638888888888889,56.188376192779536,2.6919347109661103,1780403.9698467634,1523712.0513184885,41.235604094857536,2021
26137,2022,5,top,"Hail,Tornado",4.96121537678583,0.3936944143335024,2.2596681174606865,5,100000000.0,18.420680753952364,0.02638888888888889,56.188376192779536,2.6919347109661103,1780403.9698467634,1523712.0513184885,41.235604094857536,2021
26137,2023,6,bottom,"Hail,Thunderstorm Wind",-7.561849861670211,0.6905089365233259,-3.2453204280686947,9,5000.0,8.517393171418904,0.0,59.27684464499875,2.6219420237057216,2928669.808363378,2645719.4296571976,42.87887929754261,2023
26137,2023,6,mid,"Hail,Thunderstorm Wind",2.779643777901839,0.19628832581303085,-0.8947939355884434,9,5000.0,8.517393171418904,0.0,59.27684464499875,2.6219420237057216,2928669.808363378,2645719.4296571976,42.87887929754261,2023
26137,2023,6,top,"Hail,Thunderstorm Wind",4.450599480831798,0.4870021377286772,1.1926669609845486,9,5000.0,8.517393171418904,0.0,59.27684464499875,2.6219420237057216,2928669.808363378,2645719.4296571976,42.87887929754261,2023
26137,2024,7,bottom,"Flood,Thunderstorm Wind",-4.362950295465893,0.3640847386372503,1.1110062118087,15,92000.0,11.429554725537322,0.0,60.866505434540855,2.5774515219332423,4777101.685053825,4803954.022042654,35.72402820994081,2023
26137,2024,7,mid,"Flood,Thunderstorm Wind",-2.317562052473974,0.1781814320596954,0.9238886306449293,15,92000.0,11.429554725537322,0.0,60.866505434540855,2.5774515219332423,4777101.685053825,4803954.022042654,35.72402820994081,2023
26137,2024,7,top,"Flood,Thunderstorm Wind",3.249846324672845,0.42870103671787213,-0.8379033037419769,15,92000.0,11.429554725537322,0.0,60.866505434540855,2.5774515219332423,4777101.685053825,4803954.022042654,35.72402820994081,2023
26141,2020,7,bottom,Thunderstorm Wind,6.099264834519687,0.8875314806689095,11.498460912117116,2,190000.0,12.154784614286667,0.020833333333333332,53.734198,2.6867099,1192080.7774350306,780761.957981,48.245959795,2020
26141,2020,7,mid,Thunderstorm Wind,-2.478177270145224,1.2841095572974703,6.390353320857439,2,190000.0,12.154784614286667,0.020833333333333332,53.734198,2.6867099,1192080.7774350306,780761.957981,48.245959795,2020
26141,2020,7,top,Thunderstorm Wind,-18.209345572561915,1.7021206738742802,2.8092415423961605,2,190000.0,12.154784614286667,0.020833333333333332,53.734198,2.6867099,1192080.7774350306,780761.957981,48.245959795,2020
26141,2021,9,bottom,Thunderstorm Wind,20.164153726985262,2.3612787503230463,-2.2969418738414853,1,2000.0,7.601402334583733,0.0,53.73419799999999,2.6867099,606876.5947426866,397478.2307820291,48.24595979502792,2020
26141,2021,9,mid,Thunderstorm Wind,7.966164836122303,0.6135874673138584,1.6957235270092166,1,2000.0,7.601402334583733,0.0,53.73419799999999,2.6867099,606876.5947426866,397478.2307820291,48.24595979502792,2020
26141,2021,9,top,Thunderstorm Wind,11.256868931378833,0.9012708881122923,-1.3545118586289344,1,2000.0,7.601402334583733,0.0,53.73419799999999,2.6867099,606876.5947426866,397478.2307820291,48.24595979502792,2020
26141,2022,5,bottom,Hail,2.800982782600599,0.9660349600641769,-5.894653128881042,5,0.0,0.0,0.0,55.64137363555908,2.665801805318832,562902.5915107712,430345.93546012504,38.48622461440387,2021
26141,2022,5,mid,Hail,-1.2257784174118882,0.6806005552748994,-1.9053424897105533,5,0.0,0.0,0.0,55.64137363555908,2.665801805318832,562902.5915107712,430345.93546012504,38.48622461440387,2021
26141,2022,5,top,Hail,8.337848724295483,0.4828616994723053,-2.4001646848445213,5,0.0,0.0,0.0,55.64137363555908,2.665801805318832,562902.5915107712,430345.93546012504,38.48622461440387,2021
26143,2021,6,bottom,"Hail,Tornado",1.0879191413959006,0.6178817779762539,-5.565950834672615,4,10000.0,9.210440366976517,0.002777777777777778,53.03559800000001,2.6517799,4328217.7898882255,2486694.11588377,57.82420181317967,2020
26143,2021,6,mid,"Hail,Tornado",3.560405882460117,1.3749088587155764,-3.4994050153176963,4,10000.0,9.210440366976517,0.002777777777777778,53.03559800000001,2.6517799,4328217.7898882255,2486694.11588377,57.82420181317967,2020
26143,2021,6,top,"Hail,Tornado",3.3026081385221318,1.1055632825881745,-3.084403771110393,4,10000.0,9.210440366976517,0.002777777777777778,53.03559800000001,2.6517799,4328217.7898882255,2486694.11588377,57.82420181317967,2020
26153,2020,8,bottom,Hail,13.886770402830493,1.450238222355515,-0.6651150596141283,1,0.0,0.0,0.003472222222222222,55.1868,2.75934,697566.0940069185,418406.384657,55.7745368546,2020
26153,2020,8,mid,Hail,3.7671798656084547,0.928244502950501,0.8532618089367551,1,0.0,0.0,0.003472222222222222,55.1868,2.75934,697566.0940069185,418406.384657,55.7745368546,2020
26153,2020,8,top,Hail,0.4358489882225314,0.8660045664598743,2.0563764922945134,1,0.0,0.0,0.003472222222222222,55.1868,2.75934,697566.0940069185,418406.384657,55.7745368546,2020
26153,2021,7,bottom,Thunderstorm Wind,20.84667791483028,2.57654850863632,-3.683738381026193,1,40000.0,10.596659732783579,0.006944444444444444,55.18679999999999,2.75934,401371.4993451942,240746.2165781764,55.77453685456842,2020
26153,2021,7,mid,Thunderstorm Wind,16.764586190450444,2.178937902801871,1.5435441014167992,1,40000.0,10.596659732783579,0.006944444444444444,55.18679999999999,2.75934,401371.4993451942,240746.2165781764,55.77453685456842,2020
26153,2021,7,top,Thunderstorm Wind,7.841191598537307,1.1588794778883293,4.731247191188937,1,40000.0,10.596659732783579,0.006944444444444444,55.18679999999999,2.75934,401371.4993451942,240746.2165781764,55.77453685456842,2020
26153,2023,7,bottom,Thunderstorm Wind,-10.107880724063364,0.4507273510364033,5.55043539540596,2,1000000.0,13.815511557963774,0.020833333333333332,70.05843623762317,2.6578058053765496,688406.9312059574,601467.8494273189,41.61795056498372,2023
26153,2023,7,mid,Thunderstorm Wind,-18.61231761015209,1.6285118419787918,4.9225180443557734,2,1000000.0,13.815511557963774,0.020833333333333332,70.05843623762317,2.6578058053765496,688406.9312059574,601467.8494273189,41.61795056498372,2023
26153,2023,7,top,Thunderstorm Wind,-13.903872430551473,1.4418403710580836,1.315192910139449,2,1000000.0,13.815511557963774,0.020833333333333332,70.05843623762317,2.6578058053765496,688406.9312059574,601467.8494273189,41.61795056498372,2023
26153,2024,6,bottom,"Hail,Thunderstorm Wind",4.47578075908487,0.30992293804559645,-1.7055877705691955,5,8000.0,8.987321812850125,0.029861111111111113,73.76663840878707,2.6276212817854443,1866890.620375984,1645622.497529845,45.35231923447266,2023
26153,2024,6,mid,"Hail,Thunderstorm Wind",-3.8738301593473636,0.44243081664970735,1.0764761977040014,5,8000.0,8.987321812850125,0.029861111111111113,73.76663840878707,2.6276212817854443,1866890.620375984,1645622.497529845,45.35231923447266,2023
26153,2024,6,top,"Hail,Thunderstorm Wind",1.5303191288852531,0.16905920845033495,2.812603684390576,5,8000.0,8.987321812850125,0.029861111111111113,73.76663840878707,2.6276212817854443,1866890.620375984,1645622.497529845,45.35231923447266,2023
26165,2020,4,bottom,Hail,-14.63376113295547,2.00017355296606,-6.344040209167805,4,0.0,0.0,0.011111111111111112,55.658798,2.7829399,1634794.0070624046,1488083.66929,37.8005518329,2020
26165,2020,4,mid,Hail,-21.710084366822613,2.610886948307041,-4.87935564236291,4,0.0,0.0,0.011111111111111112,55.658798,2.7829399,1634794.0070624046,1488083.66929,37.8005518329,2020
26165,2020,4,top,Hail,-16.489108923466006,1.9504612382170132,-4.184019659235427,4,0.0,0.0,0.011111111111111112,55.658798,2.7829399,1634794.0070624046,1488083.66929,37.8005518329,2020
26165,2021,9,bottom,Hail,0.3026406452129322,1.5923865784834805,-7.022388779350218,2,0.0,0.0,0.0,55.658798,2.7829399,865658.7806166243,787972.4840243558,37.800551832877886,2020
26165,2021,9,mid,Hail,8.834245373429738,1.164555805140914,-9.492502419870993,2,0.0,0.0,0.0,55.658798,2.7829399,865658.7806166243,787972.4840243558,37.800551832877886,2020
26165,2021,9,top,Hail,8.053023482180322,0.550201208907671,-4.923794743690839,2,0.0,0.0,0.0,55.658798,2.7829399,865658.7806166243,787972.4840243558,37.800551832877886,2020
26165,2023,7,bottom,Hail,18.605356379438362,1.2879869167037188,4.744882670984434,2,0.0,0.0,0.0,72.142521799608,2.665926129623491,2717324.3480984895,2268578.710103496,45.60379862347153,2023
26165,2023,7,mid,Hail,12.752246426946186,0.506463438334789,1.0642129184628242,2,0.0,0.0,0.0,72.142521799608,2.665926129623491,2717324.3480984895,2268578.710103496,45.60379862347153,2023
26165,2023,7,top,Hail,1.215911152040647,0.588530887790939,2.6027586790941135,2,0.0,0.0,0.0,72.142521799608,2.665926129623491,2717324.3480984895,2268578.710103496,45.60379862347153,2023
27001,2021,7,bottom,Thunderstorm Wind,-1.1612037852363954,0.3179127141683296,-0.23359672002153786,3,0.0,0.0,0.002777777777777778,56.048002,2.8024001,1759529.733232483,1142847.602925891,50.72920772567349,2020
27001,2021,7,mid,Thunderstorm Wind,6.862005479579878,0.2215800445034978,-2.9639409050875023,3,0.0,0.0,0.002777777777777778,56.048002,2.8024001,1759529.733232483,1142847.602925891,50.72920772567349,2020
27001,2021,7,top,Thunderstorm Wind,16.312822096176944,1.1591575602771786,-2.994475835990111,3,0.0,0.0,0.002777777777777778,56.048002,2.8024001,1759529.733232483,1142847.602925891,50.72920772567349,2020
27001,2023,9,bottom,"Hail,Thunderstorm Wind",-7.62945339688774,1.203444532771537,-2.341760147238636,6,0.0,0.0,0.006944444444444444,96.35912948456622,2.7955689373044432,4985123.850501894,4093888.8301749956,36.190720156340554,2023
27001,2023,9,mid,"Hail,Thunderstorm Wind",-3.5461153093283,0.6133096972354704,-0.2730426811438633,6,0.0,0.0,0.006944444444444444,96.35912948456622,2.7955689373044432,4985123.850501894,4093888.8301749956,36.190720156340554,2023
27001,2023,9,top,"Hail,Thunderstorm Wind",-1.505564606250104,0.4346050467495852,-0.6294345007329033,6,0.0,0.0,0.006944444444444444,96.35912948456622,2.7955689373044432,4985123.850501894,4093888.8301749956,36.190720156340554,2023
27003,2021,4,bottom,Hail,-4.988658495681591,0.39896803542582465,-0.15601640157388866,1,0.0,0.0,0.0,59.226598,2.9613299,16394229.16751377,24681354.31499688,19.826566811197637,2020
27003,2021,4,mid,Hail,-3.198847366846195,0.18336358657951482,0.1419729972390229,1,0.0,0.0,0.0,59.226598,2.9613299,16394229.16751377,24681354.31499688,19.826566811197637,2020
27003,2021,4,top,Hail,-2.6095926242672505,0.21835347406005476,0.6579973996715344,1,0.0,0.0,0.0,59.226598,2.9613299,16394229.16751377,24681354.31499688,19.826566811197637,2020
27013,2021,9,bottom,Thunderstorm Wind,-1.7886837875127952,1.240170210426518,3.0719719822335825,1,0.0,0.0,0.0,61.009598,3.0504799,8918233.706307743,11093205.021583393,29.050059124958945,2020
27013,2021,9,mid,Thunderstorm Wind,-4.984875379910662,0.3104329929743097,8.001545816805253,1,0.0,0.0,0.0,61.009598,3.0504799,8918233.706307743,11093205.021583393,29.050059124958945,2020
27013,2021,9,top,Thunderstorm Wind,-4.799445035787784,0.726087243252418,6.843079000520902,1,0.0,0.0,0.0,61.009598,3.0504799,8918233.706307743,11093205.021583393,29.050059124958945,2020
27013,2022,9,bottom,"Funnel Cloud,Thunderstorm Wind",10.658184202138841,0.9108087299087031,-0.9540791260341687,3,17000.0,9.741027444837728,0.002777777777777778,84.60360058514405,2.942498032434845,10249253.738786863,10910631.675226966,30.768771695019367,2021
27013,2022,9,mid,"Funnel Cloud,Thunderstorm Wind",7.345629153733583,0.49255075592624087,-0.47172096277727843,3,17000.0,9.741027444837728,0.002777777777777778,84.60360058514405,2.942498032434845,10249253.738786863,10910631.675226966,30.768771695019367,2021
27013,2022,9,top,"Funnel Cloud,Thunderstorm Wind",4.398226553704106,0.280964764150718,-0.441561337543547,3,17000.0,9.741027444837728,0.002777777777777778,84.60360058514405,2.942498032434845,10249253.738786863,10910631.675226966,30.768771695019367,2021
27013,2024,8,bottom,"Thunderstorm Wind,Tornado",3.881361160935569,0.18346191753089666,-0.10881810742176867,3,0.0,0.0,0.008333333333333333,97.95688899935364,2.7791244509797584,22053413.24326218,22489412.22028803,31.6231702664536,2023
27013,2024,8,mid,"Thunderstorm Wind,Tornado",2.4587652131279754,0.1780586443666432,-0.011415371519078121,3,0.0,0.0,0.008333333333333333,97.95688899935364,2.7791244509797584,22053413.24326218,22489412.22028803,31.6231702664536,2023
27013,2024,8,top,"Thunderstorm Wind,Tornado",-0.5317294352632018,0.06864221146048266,1.0377364242864122,3,0.0,0.0,0.008333333333333333,97.95688899935364,2.7791244509797584,22053413.24326218,22489412.22028803,31.6231702664536,2023
27015,2022,9,bottom,"Thunderstorm Wind,Tornado",-15.688327216832562,2.2962608407369336,1.4428418466433566,8,103000.0,11.542493975902508,0.0076388888888888895,85.62807595367431,3.000728118238449,7251615.34769841,7515660.069791846,18.88026955891746,2021
27015,2022,9,mid,"Thunderstorm Wind,Tornado",-12.366206769205561,1.8165365065795516,0.1486151098576632,8,103000.0,11.542493975902508,0.0076388888888888895,85.62807595367431,3.000728118238449,7251615.34769841,7515660.069791846,18.88026955891746,2021
27015,2022,9,top,"Thunderstorm Wind,Tornado",-4.285665645012699,1.1442139382365377,0.44362448716331926,8,103000.0,11.542493975902508,0.0076388888888888895,85.62807595367431,3.000728118238449,7251615.34769841,7515660.069791846,18.88026955891746,2021
27015,2024,8,bottom,"Hail,Thunderstorm Wind,Tornado",14.35629641784901,2.4157249295068715,3.617779895177615,5,0.0,0.0,0.014583333333333332,99.25682084931194,2.8318919033304333,12372141.35223948,16330999.15590613,9.584698935475853,2023
27015,2024,8,mid,"Hail,Thunderstorm Wind,Tornado",4.449585942748001,0.8782741621826669,-0.4234965487445379,5,0.0,0.0,0.014583333333333332,99.25682084931194,2.8318919033304333,12372141.35223948,16330999.15590613,9.584698935475853,2023
27015,2024,8,top,"Hail,Thunderstorm Wind,Tornado",1.0108316016017085,0.1171284299815925,0.007051258113018359,5,0.0,0.0,0.014583333333333332,99.25682084931194,2.8318919033304333,12372141.35223948,16330999.15590613,9.584698935475853,2023
27017,2021,4,bottom,Hail,14.57212924080352,1.4609155350350882,11.27667078431414,3,0.0,0.0,0.004166666666666667,58.975602,2.9487801,2504293.3033005204,2571969.5315448777,35.39613716989404,2020
27017,2021,4,mid,Hail,3.370428291516106,0.599554206617815,8.21356587693441,3,0.0,0.0,0.004166666666666667,58.975602,2.9487801,2504293.3033005204,2571969.5315448777,35.39613716989404,2020
27017,2021,4,top,Hail,-11.13865367009295,0.9776957168505561,5.56890147753001,3,0.0,0.0,0.004166666666666667,58.975602,2.9487801,2504293.3033005204,2571969.5315448777,35.39613716989404,2020
27021,2021,7,bottom,Hail,-3.272326476596575,0.5488623869517626,-4.819981218042756,4,0.0,0.0,0.004861111111111111,54.801002,2.7400501,2691995.911999694,1807376.6452990987,47.970043358298135,2020
27021,2021,7,mid,Hail,-5.133991449964228,0.6104953445478656,-3.1551579895628095,4,0.0,0.0,0.004861111111111111,54.801002,2.7400501,2691995.911999694,1807376.6452990987,47.970043358298135,2020
27021,2021,7,top,Hail,5.010888703402429,0.399003133599207,-3.314869082106535,4,0.0,0.0,0.004861111111111111,54.801002,2.7400501,2691995.911999694,1807376.6452990987,47.970043358298135,2020
27023,2023,4,bottom,Flood,18.055123441000887,1.863396269704374,1.4109226221558846,5,375000.0,12.834683971615659,95.0,97.77918836805556,2.8467788439603456,3623303.622381342,3085908.7783056274,67.03167054916666,2023
27023,2023,4,mid,Flood,8.678018268245921,1.2913714104489447,1.5682685331107535,5,375000.0,12.834683971615659,95.0,97.77918836805556,2.8467788439603456,3623303.622381342,3085908.7783056274,67.03167054916666,2023
27023,2023,4,top,Flood,13.240486624303813,0.5749594787048415,-4.5149377268602295,5,375000.0,12.834683971615659,95.0,97.77918836805556,2.8467788439603456,3623303.622381342,3085908.7783056274,67.03167054916666,2023
27031,2020,7,bottom,Hail,4.145569753364427,0.503306239142715,1.5917916349130319,1,0.0,0.0,0.001388888888888889,57.4398,2.87199,953003.3155802864,602189.091855,53.8037051636,2020
27031,2020,7,mid,Hail,6.067254930212258,0.5756091820937669,0.5740496053107146,1,0.0,0.0,0.001388888888888889,57.4398,2.87199,953003.3155802864,602189.091855,53.8037051636,2020
27031,2020,7,top,Hail,13.148576135346147,1.2322234910224537,2.3328171689877024,1,0.0,0.0,0.001388888888888889,57.4398,2.87199,953003.3155802864,602189.091855,53.8037051636,2020
27033,2023,10,bottom,Hail,-2.7518867712859247,0.4532634996740366,-2.327883097034956,1,50000.0,10.819798284210286,0.001388888888888889,79.72889515693447,2.6844556936191997,6327434.85149822,5537988.236255052,46.56434362509943,2023
27033,2023,10,mid,Hail,0.648309792259596,0.09277918333343797,0.5377501227745066,1,50000.0,10.819798284210286,0.001388888888888889,79.72889515693447,2.6844556936191997,6327434.85149822,5537988.236255052,46.56434362509943,2023
27033,2023,10,top,Hail,-0.9541222055690213,0.19816164885392146,0.20498014326223787,1,50000.0,10.819798284210286,0.001388888888888889,79.72889515693447,2.6844556936191997,6327434.85149822,5537988.236255052,46.56434362509943,2023
27033,2024,7,bottom,Flood,-4.995448955474288,0.2247188683935115,3.866636690760828,13,0.0,0.0,118.91666666666667,77.2331912843491,2.638406074289477,7451605.781170331,6638649.852510504,46.6856410021804,2023
27033,2024,7,mid,Flood,-6.662233953890251,0.6837689565352418,1.4720782766871519,13,0.0,0.0,118.91666666666667,77.2331912843491,2.638406074289477,7451605.781170331,6638649.852510504,46.6856410021804,2023
27033,2024,7,top,Flood,2.522145757739054,0.3686893679185073,2.3644215636537402,13,0.0,0.0,118.91666666666667,77.2331912843491,2.638406074289477,7451605.781170331,6638649.852510504,46.6856410021804,2023
27043,2023,8,bottom,Hail,9.641838798035408,0.8322421979534308,2.133617705843141,1,0.0,0.0,0.0020833333333333333,90.37364794116166,2.7473037039479014,6339720.3685534,6156642.078796207,17.931706215437085,2023
27043,2023,8,mid,Hail,0.830178287946822,0.24375635595586442,2.8351561085248895,1,0.0,0.0,0.0020833333333333333,90.37364794116166,2.7473037039479014,6339720.3685534,6156642.078796207,17.931706215437085,2023
27043,2023,8,top,Hail,2.5175170664363833,0.5042353236902246,3.7171127640078745,1,0.0,0.0,0.0020833333333333333,90.37364794116166,2.7473037039479014,6339720.3685534,6156642.078796207,17.931706215437085,2023
27043,2024,8,bottom,"Flash Flood,Thunderstorm Wind,Tornado",0.14845191241839473,1.214000117088663,-11.428500291270987,7,0.0,0.0,0.15833333333333335,89.27839860541845,2.6895876669702297,10081482.655339297,9047996.827179667,34.68780159024976,2023
27043,2024,8,mid,"Flash Flood,Thunderstorm Wind,Tornado",2.734083678888666,0.2709553513555687,-2.9428097113818503,7,0.0,0.0,0.15833333333333335,89.27839860541845,2.6895876669702297,10081482.655339297,9047996.827179667,34.68780159024976,2023
27043,2024,8,top,"Flash Flood,Thunderstorm Wind,Tornado",1.2103696033292692,0.5408192192086074,-1.4548679508368518,7,0.0,0.0,0.15833333333333335,89.27839860541845,2.6895876669702297,10081482.655339297,9047996.827179667,34.68780159024976,2023
27047,2023,8,bottom,Hail,13.367594878225376,0.628262903407708,-5.18491451970534,2,0.0,0.0,0.004166666666666667,94.39749121035393,2.778971831423932,10041408.011100432,9682734.363937968,40.652980183333334,2023
27047,2023,8,mid,Hail,7.919625760203601,0.4514161423354492,-1.5464343666790892,2,0.0,0.0,0.004166666666666667,94.39749121035393,2.778971831423932,10041408.011100432,9682734.363937968,40.652980183333334,2023
27047,2023,8,top,Hail,3.6250865130801344,0.5523763440503127,0.21208501377380648,2,0.0,0.0,0.004166666666666667,94.39749121035393,2.778971831423932,10041408.011100432,9682734.363937968,40.652980183333334,2023
27057,2023,7,bottom,Hail,18.469818582418924,0.8317671472483856,-0.768928005727768,3,0.0,0.0,0.010416666666666666,56.887429489075735,2.609777382798454,3511155.4847960025,3356989.825644754,26.117430360685518,2023
27057,2023,7,mid,Hail,11.071069042688293,0.5741263293512848,0.6950746983695097,3,0.0,0.0,0.010416666666666666,56.887429489075735,2.609777382798454,3511155.4847960025,3356989.825644754,26.117430360685518,2023
27057,2023,7,top,Hail,10.565273266794108,0.5344047869145798,2.4235617958888866,3,0.0,0.0,0.010416666666666666,56.887429489075735,2.609777382798454,3511155.4847960025,3356989.825644754,26.117430360685518,2023
27057,2024,6,bottom,"Hail,Thunderstorm Wind",-15.418986472016158,1.4186570609113787,1.032176705626199,13,0.0,0.0,0.052083333333333336,54.81786226250081,2.5613095007369715,6618029.981404545,6329572.425301836,30.977862803528943,2023
27057,2024,6,mid,"Hail,Thunderstorm Wind",-5.614034002659082,0.5500642934702771,0.9240902614683127,13,0.0,0.0,0.052083333333333336,54.81786226250081,2.5613095007369715,6618029.981404545,6329572.425301836,30.977862803528943,2023
27057,2024,6,top,"Hail,Thunderstorm Wind",14.56998914452926,2.6977000175383434,-0.27187950966361046,13,0.0,0.0,0.052083333333333336,54.81786226250081,2.5613095007369715,6618029.981404545,6329572.425301836,30.977862803528943,2023
27059,2021,9,bottom,Thunderstorm Wind,-6.685492639571748,0.30500101132339413,1.5638947161636547,1,500.0,6.2166061010848646,0.0,61.094198000000006,3.0547099,2143538.5059987837,2946071.237376243,25.266062278284533,2020
27059,2021,9,mid,Thunderstorm Wind,-2.3538371489450753,0.13969494764259147,1.6630503734602893,1,500.0,6.2166061010848646,0.0,61.094198000000006,3.0547099,2143538.5059987837,2946071.237376243,25.266062278284533,2020
27059,2021,9,top,Thunderstorm Wind,-2.960817769666022,0.15825446749633354,2.019034844481723,1,500.0,6.2166061010848646,0.0,61.094198000000006,3.0547099,2143538.5059987837,2946071.237376243,25.266062278284533,2020
27059,2023,8,bottom,Hail,5.499385989103757,0.180979619941422,-0.268145776864363,3,0.0,0.0,0.003472222222222222,96.4571030977302,2.801561142081484,5929974.465425045,7027652.453732933,7.090819679336825,2023
27059,2023,8,mid,Hail,1.6871509369927367,0.10961358558649738,0.825377105884788,3,0.0,0.0,0.003472222222222222,96.4571030977302,2.801561142081484,5929974.465425045,7027652.453732933,7.090819679336825,2023
27059,2023,8,top,Hail,0.339564544948189,0.06376514531657398,0.9758009944599072,3,0.0,0.0,0.003472222222222222,96.4571030977302,2.801561142081484,5929974.465425045,7027652.453732933,7.090819679336825,2023
27063,2024,7,bottom,Flood,7.5353918428323965,0.5267814098532435,-1.1703756307975037,10,0.0,0.0,83.41666666666667,81.87723941407361,2.660636648704431,5964378.400413249,6987010.520504049,8.324587108071936,2023
27063,2024,7,mid,Flood,6.968626852149725,0.5025513775925263,-1.808203341418519,10,0.0,0.0,83.41666666666667,81.87723941407361,2.660636648704431,5964378.400413249,6987010.520504049,8.324587108071936,2023
27063,2024,7,top,Flood,10.798988081895587,0.5830170984814124,-2.5940503309407936,10,0.0,0.0,83.41666666666667,81.87723941407361,2.660636648704431,5964378.400413249,6987010.520504049,8.324587108071936,2023
27065,2023,8,bottom,"Hail,Thunderstorm Wind",6.11085612436915,0.14185361153849405,-0.8401305750099984,5,0.0,0.0,0.013888888888888888,82.72018789349768,2.7056929572465376,3411278.1310035884,3314859.5191130284,23.798611426899857,2023
27065,2023,8,mid,"Hail,Thunderstorm Wind",2.468804746795172,0.09859289872195606,0.4827551915440864,5,0.0,0.0,0.013888888888888888,82.72018789349768,2.7056929572465376,3411278.1310035884,3314859.5191130284,23.798611426899857,2023
27065,2023,8,top,"Hail,Thunderstorm Wind",2.118901005257513,0.18292600338652598,1.2823464284557626,5,0.0,0.0,0.013888888888888888,82.72018789349768,2.7056929572465376,3411278.1310035884,3314859.5191130284,23.798611426899857,2023
27067,2023,8,bottom,"Hail,Thunderstorm Wind",7.948952074431645,0.42719147052949263,-3.9151004638761435,2,0.0,0.0,0.04791666666666666,95.5103364394858,2.788254848396884,8776992.697788898,8524492.759191372,44.97476635751065,2023
27067,2023,8,mid,"Hail,Thunderstorm Wind",11.049619248744818,0.5678600091175516,-1.6560512409688783,2,0.0,0.0,0.04791666666666666,95.5103364394858,2.788254848396884,8776992.697788898,8524492.759191372,44.97476635751065,2023
27067,2023,8,top,"Hail,Thunderstorm Wind",6.510449993275017,0.519026051901615,1.0319775376345792,2,0.0,0.0,0.04791666666666666,95.5103364394858,2.788254848396884,8776992.697788898,8524492.759191372,44.97476635751065,2023
27067,2024,8,bottom,"Hail,Thunderstorm Wind",1.7336474381170603,0.19932867188496028,-0.33715478419122746,8,0.0,0.0,0.020833333333333332,94.59914535909549,2.7270378056553626,12526104.078221932,12436351.859683428,40.25820891143466,2023
27067,2024,8,mid,"Hail,Thunderstorm Wind",0.379616061384084,0.2541383075474615,-0.7292813331829725,8,0.0,0.0,0.020833333333333332,94.59914535909549,2.7270378056553626,12526104.078221932,12436351.859683428,40.25820891143466,2023
27067,2024,8,top,"Hail,Thunderstorm Wind",4.56357242928901,0.24547922315419513,0.5097508008819176,8,0.0,0.0,0.020833333333333332,94.59914535909549,2.7270378056553626,12526104.078221932,12436351.859683428,40.25820891143466,2023
27073,2023,4,bottom,Flood,-3.5323459446021133,1.364936752688658,1.869867775969908,8,2080000.0,14.547878932446617,152.0,86.09940674336399,2.7405935357625473,2239421.0706513165,2354153.4341786527,7.7725948522384,2023
27073,2023,4,mid,Flood,-1.8639458599679415,1.0032169515021985,-1.018180938532718,8,2080000.0,14.547878932446617,152.0,86.09940674336399,2.7405935357625473,2239421.0706513165,2354153.4341786527,7.7725948522384,2023
27073,2023,4,top,Flood,-32.04331569514889,2.333910134676461,4.06402462586821,8,2080000.0,14.547878932446617,152.0,86.09940674336399,2.7405935357625473,2239421.0706513165,2354153.4341786527,7.7725948522384,2023
27077,2020,6,bottom,"Hail,Thunderstorm Wind,Tornado",6.021644448972054,0.9979778178341882,-7.4324007999207,5,20000.0,9.90353755128617,0.006944444444444444,59.516402,2.9758201,469013.32781410305,491830.067414,34.8443042964,2020
27077,2020,6,mid,"Hail,Thunderstorm Wind,Tornado",-8.741361540121346,1.19712941871356,-2.5413665131046677,5,20000.0,9.90353755128617,0.006944444444444444,59.516402,2.9758201,469013.32781410305,491830.067414,34.8443042964,2020
27077,2020,6,top,"Hail,Thunderstorm Wind,Tornado",-6.389761714843132,1.21591420853123,-3.481908917876268,5,20000.0,9.90353755128617,0.006944444444444444,59.516402,2.9758201,469013.32781410305,491830.067414,34.8443042964,2020
27077,2021,7,bottom,Hail,-2.7890299873200917,0.6879736891342567,-1.1216507707952605,1,0.0,0.0,0.013888888888888888,59.51640199999999,2.9758201,345104.36619000806,361893.1352743397,34.84430429640872,2020
27077,2021,7,mid,Hail,0.8363288233299357,0.573120075261352,-1.5050146755615732,1,0.0,0.0,0.013888888888888888,59.51640199999999,2.9758201,345104.36619000806,361893.1352743397,34.84430429640872,2020
27077,2021,7,top,Hail,22.23392464243844,1.1547115819584486,-4.211121982995806,1,0.0,0.0,0.013888888888888888,59.51640199999999,2.9758201,345104.36619000806,361893.1352743397,34.84430429640872,2020
27077,2024,6,bottom,Thunderstorm Wind,5.810820246953767,0.9352490951825932,-0.2529592951215041,1,0.0,0.0,0.003472222222222222,98.71589090954836,2.810746247014049,1574061.9990998134,2628079.041723527,8.734277039497513,2023
27077,2024,6,mid,Thunderstorm Wind,-5.604801848975541,0.5950137702384496,-1.420187220602055,1,0.0,0.0,0.003472222222222222,98.71589090954836,2.810746247014049,1574061.9990998134,2628079.041723527,8.734277039497513,2023
27077,2024,6,top,Thunderstorm Wind,-7.648996482393983,0.5810392307842165,-1.3172065467758973,1,0.0,0.0,0.003472222222222222,98.71589090954836,2.810746247014049,1574061.9990998134,2628079.041723527,8.734277039497513,2023
27079,2022,9,bottom,"Hail,Thunderstorm Wind",11.399734352486277,1.1718067752460457,0.9272328473917592,12,180000.0,12.100717685412471,0.030555555555555555,84.61952651293946,2.945715111867523,3081572.173061402,3461131.3663956914,14.388334996877902,2021
27079,2022,9,mid,"Hail,Thunderstorm Wind",5.538800132405086,0.3956174913095835,0.722159615731016,12,180000.0,12.100717685412471,0.030555555555555555,84.61952651293946,2.945715111867523,3081572.173061402,3461131.3663956914,14.388334996877902,2021
27079,2022,9,top,"Hail,Thunderstorm Wind",0.6168951911580791,0.30053974379862836,2.6084965877201967,12,180000.0,12.100717685412471,0.030555555555555555,84.61952651293946,2.945715111867523,3081572.173061402,3461131.3663956914,14.388334996877902,2021
27079,2023,8,bottom,Hail,0.7029557373590336,0.13179230548240847,1.1684869504273507,1,0.0,0.0,0.0020833333333333333,98.18616650725708,2.8383678655050013,4533844.424447575,5644988.447796928,7.116273998221472,2023
27079,2023,8,mid,Hail,1.1833499226697626,0.12200696979255356,0.36506092312225746,1,0.0,0.0,0.0020833333333333333,98.18616650725708,2.8383678655050013,4533844.424447575,5644988.447796928,7.116273998221472,2023
27079,2023,8,top,Hail,-2.1241623269270065,0.18842349999436345,-1.3871986757018913,1,0.0,0.0,0.0020833333333333333,98.18616650725708,2.8383678655050013,4533844.424447575,5644988.447796928,7.116273998221472,2023
27081,2024,7,bottom,Thunderstorm Wind,-14.839311398946478,1.3935014444023393,-7.466688180831994,1,0.0,0.0,0.004166666666666667,75.51743912106721,2.6299583876702806,4420196.824557688,4343075.142326132,22.3577281956975,2023
27081,2024,7,mid,Thunderstorm Wind,-6.021891509014765,1.0119062385499595,-7.564196905012182,1,0.0,0.0,0.004166666666666667,75.51743912106721,2.6299583876702806,4420196.824557688,4343075.142326132,22.3577281956975,2023
27081,2024,7,top,Thunderstorm Wind,-2.3338053792381572,1.590179719359285,-5.610235359088421,1,0.0,0.0,0.004166666666666667,75.51743912106721,2.6299583876702806,4420196.824557688,4343075.142326132,22.3577281956975,2023
27083,2023,10,bottom,Hail,1.9574873964632502,0.48912982466772703,1.4343595963130298,1,0.0,0.0,0.001388888888888889,84.50915910313589,2.7083622109385064,6955972.640898283,8053352.085215938,40.49708762102154,2023
27083,2023,10,mid,Hail,-5.498858471527413,0.7857844637378437,-0.29313544829293886,1,0.0,0.0,0.001388888888888889,84.50915910313589,2.7083622109385064,6955972.640898283,8053352.085215938,40.49708762102154,2023
27083,2023,10,top,Hail,-8.562370608732294,1.0400192089705076,0.72085200319547,1,0.0,0.0,0.001388888888888889,84.50915910313589,2.7083622109385064,6955972.640898283,8053352.085215938,40.49708762102154,2023
27089,2021,7,bottom,Hail,2.672739336459202,0.5187496575484318,-5.254703183332239,1,0.0,0.0,0.0,57.891998,2.8945999,4640362.576977178,5284369.529656256,30.863224280630956,2020
27089,2021,7,mid,Hail,-4.772499123263131,0.8609276651070192,-2.701978348385367,1,0.0,0.0,0.0,57.891998,2.8945999,4640362.576977178,5284369.529656256,30.863224280630956,2020
27089,2021,7,top,Hail,13.171394375019261,0.6600917503303877,-4.500202754908827,1,0.0,0.0,0.0,57.891998,2.8945999,4640362.576977178,5284369.529656256,30.863224280630956,2020
27091,2022,9,bottom,"Funnel Cloud,Hail,Thunderstorm Wind",0.2718520329105161,0.4882362152132415,0.7733518034086444,4,0.0,0.0,0.0,77.5052520980835,2.8337787854194643,8455733.666086456,7732292.308662914,27.864830413107143,2021
27091,2022,9,mid,"Funnel Cloud,Hail,Thunderstorm Wind",-0.7011246445144081,0.14804120390569916,3.923675361365999,4,0.0,0.0,0.0,77.5052520980835,2.8337787854194643,8455733.666086456,7732292.308662914,27.864830413107143,2021
27091,2022,9,top,"Funnel Cloud,Hail,Thunderstorm Wind",-5.176195277578074,0.6865179593617341,3.3291969793111065,4,0.0,0.0,0.0,77.5052520980835,2.8337787854194643,8455733.666086456,7732292.308662914,27.864830413107143,2021
27091,2023,8,bottom,Hail,8.610256970828488,1.2674947628386017,-2.0112866687335043,3,0.0,0.0,0.0,87.90742978947469,2.7331910317209696,8279094.876820988,7777598.730741651,24.468859458410275,2023
27091,2023,8,mid,Hail,6.475358293473377,0.9086943638831366,-1.3844266074424922,3,0.0,0.0,0.0,87.90742978947469,2.7331910317209696,8279094.876820988,7777598.730741651,24.468859458410275,2023
27091,2023,8,top,Hail,-0.9517622068461407,0.11282865767613542,-1.7578851451875626,3,0.0,0.0,0.0,87.90742978947469,2.7331910317209696,8279094.876820988,7777598.730741651,24.468859458410275,2023
27093,2021,4,bottom,Hail,4.599606027655412,0.3004234970924947,-2.764144845455931,2,0.0,0.0,0.0,58.948998,2.9474499,5395532.107651662,6060723.961614492,31.966890027596516,2020
27093,2021,4,mid,Hail,9.318865890910757,0.8757465597614638,-2.5447078047668015,2,0.0,0.0,0.0,58.948998,2.9474499,5395532.107651662,6060723.961614492,31.966890027596516,2020
27093,2021,4,top,Hail,13.233838271956657,1.3110062923784702,-1.426725820331588,2,0.0,0.0,0.0,58.948998,2.9474499,5395532.107651662,6060723.961614492,31.966890027596516,2020
27097,2021,9,bottom,"Funnel Cloud,Hail,Thunderstorm Wind",-0.41393001676880203,0.8582998557693,4.774519582720184,6,4000.0,8.294299608857235,0.0,60.16679800000001,3.0083399,5035014.205559625,5429611.443633002,34.13480488766883,2020
27097,2021,9,mid,"Funnel Cloud,Hail,Thunderstorm Wind",-1.6584647969940391,0.9040697310595576,5.729764208360336,6,4000.0,8.294299608857235,0.0,60.16679800000001,3.0083399,5035014.205559625,5429611.443633002,34.13480488766883,2020
27097,2021,9,top,"Funnel Cloud,Hail,Thunderstorm Wind",-1.7772706791573682,0.16977079119447772,4.866301557387014,6,4000.0,8.294299608857235,0.0,60.16679800000001,3.0083399,5035014.205559625,5429611.443633002,34.13480488766883,2020
27097,2024,8,bottom,"Hail,Thunderstorm Wind,Tornado",1.6350500782964446,0.13596337542347436,-3.239646671874018,7,0.0,0.0,0.029861111111111113,94.53511824244956,2.726098983770774,16974596.425550666,18142738.128372498,22.04658174054214,2023
27097,2024,8,mid,"Hail,Thunderstorm Wind,Tornado",3.943760679909559,0.1112943400690181,-2.8745904366389206,7,0.0,0.0,0.029861111111111113,94.53511824244956,2.726098983770774,16974596.425550666,18142738.128372498,22.04658174054214,2023
27097,2024,8,top,"Hail,Thunderstorm Wind,Tornado",7.705224303500444,0.44985228413596917,-2.5413006333742536,7,0.0,0.0,0.029861111111111113,94.53511824244956,2.726098983770774,16974596.425550666,18142738.128372498,22.04658174054214,2023
27099,2023,7,bottom,Hail,17.716706386419332,1.088324967912695,-1.354841063978436,1,0.0,0.0,0.0,86.00623114635366,2.7272261273632554,12054462.370962791,10775231.638083972,61.04335294517223,2023
27099,2023,7,mid,Hail,12.714292925474268,0.938433178762937,-1.5670721189501602,1,0.0,0.0,0.0,86.00623114635366,2.7272261273632554,12054462.370962791,10775231.638083972,61.04335294517223,2023
27099,2023,7,top,Hail,-7.506368008704413,0.2933439015474442,-0.5300955723989347,1,0.0,0.0,0.0,86.00623114635366,2.7272261273632554,12054462.370962791,10775231.638083972,61.04335294517223,2023
27101,2023,10,bottom,Hail,8.428649314972844,0.4647462292493217,-1.3312753174639151,5,87000.0,11.373674891823535,0.0062499999999999995,93.44754640719087,2.7607585854957386,4506596.761268228,4467192.117256855,16.763580726445902,2023
27101,2023,10,mid,Hail,4.950044068303484,0.2972429125886502,-2.0125068648511473,5,87000.0,11.373674891823535,0.0062499999999999995,93.44754640719087,2.7607585854957386,4506596.761268228,4467192.117256855,16.763580726445902,2023
27101,2023,10,top,Hail,0.6675415246165244,1.0610632852793518,-2.3015564180001036,5,87000.0,11.373674891823535,0.0062499999999999995,93.44754640719087,2.7607585854957386,4506596.761268228,4467192.117256855,16.763580726445902,2023
27101,2024,7,bottom,"Flood,Hail,Thunderstorm Wind",4.799159829779725,0.9578660560500593,1.7245793573745374,9,103000.0,11.542493975902508,35.422916666666666,93.0072477536154,2.718266502477983,5555217.166714096,5431116.222626256,24.932470428060782,2023
27101,2024,7,mid,"Flood,Hail,Thunderstorm Wind",2.732546737328761,0.3583976564341304,-0.6411711071162595,9,103000.0,11.542493975902508,35.422916666666666,93.0072477536154,2.718266502477983,5555217.166714096,5431116.222626256,24.932470428060782,2023
27101,2024,7,top,"Flood,Hail,Thunderstorm Wind",-7.171690010905351,1.4253690556882652,2.7285462295512652,9,103000.0,11.542493975902508,35.422916666666666,93.0072477536154,2.718266502477983,5555217.166714096,5431116.222626256,24.932470428060782,2023
27103,2023,8,bottom,Thunderstorm Wind,1.4085031133993482,0.10987310362904033,-1.0203950710912153,1,0.0,0.0,0.003472222222222222,99.58390958116696,2.909358405677675,7885889.251764225,8444739.35938507,22.80967955292081,2023
27103,2023,8,mid,Thunderstorm Wind,1.2634483244157053,0.09772815940525766,-1.1523449054627168,1,0.0,0.0,0.003472222222222222,99.58390958116696,2.909358405677675,7885889.251764225,8444739.35938507,22.80967955292081,2023
27103,2023,8,top,Thunderstorm Wind,-0.043964306530966724,0.05636114144696095,-0.4055873082768026,1,0.0,0.0,0.003472222222222222,99.58390958116696,2.909358405677675,7885889.251764225,8444739.35938507,22.80967955292081,2023
27103,2024,8,bottom,"Funnel Cloud,Thunderstorm Wind",-1.233924265416391,0.3311320591072957,-0.2713205426749994,3,0.0,0.0,0.009027777777777779,99.35329184354579,2.8378680788158146,10932917.305147778,12570287.667477353,19.808911761669034,2023
27103,2024,8,mid,"Funnel Cloud,Thunderstorm Wind",-2.4259046428742295,0.11908113937304005,-0.3198592114134679,3,0.0,0.0,0.009027777777777779,99.35329184354579,2.8378680788158146,10932917.305147778,12570287.667477353,19.808911761669034,2023
27103,2024,8,top,"Funnel Cloud,Thunderstorm Wind",-7.121419768349995,0.5772602007968873,0.04979271780056157,3,0.0,0.0,0.009027777777777779,99.35329184354579,2.8378680788158146,10932917.305147778,12570287.667477353,19.808911761669034,2023
27113,2021,8,bottom,Thunderstorm Wind,25.267080611223847,1.4735397982650715,1.8335782759065278,1,0.0,0.0,0.0,60.5654,3.02827,1986604.6544546166,2249461.652182013,32.558139534887786,2020
27113,2021,8,mid,Thunderstorm Wind,6.423462224890173,0.5223741466472014,6.643199343756677,1,0.0,0.0,0.0,60.5654,3.02827,1986604.6544546166,2249461.652182013,32.558139534887786,2020
27113,2021,8,top,Thunderstorm Wind,8.110265849285796,0.8600514068537645,5.736129531177866,1,0.0,0.0,0.0,60.5654,3.02827,1986604.6544546166,2249461.652182013,32.558139534887786,2020
27113,2024,6,bottom,Hail,-22.08437214433694,1.260526871901239,4.756038697300558,1,0.0,0.0,0.003472222222222222,97.53069710803202,2.776700184259588,8758134.273319582,9950993.291983183,22.19201001081321,2023
27113,2024,6,mid,Hail,-9.057219478131401,0.4424638837100792,4.166095533334357,1,0.0,0.0,0.003472222222222222,97.53069710803202,2.776700184259588,8758134.273319582,9950993.291983183,22.19201001081321,2023
27113,2024,6,top,Hail,6.301157939894864,1.4914500903916632,4.178021533390577,1,0.0,0.0,0.003472222222222222,97.53069710803202,2.776700184259588,8758134.273319582,9950993.291983183,22.19201001081321,2023
27115,2024,9,bottom,Hail,-3.1060529802356314,0.62461799734786,0.005979891409822358,1,0.0,0.0,0.0020833333333333333,68.10159763968876,2.5963867044927427,14859582.558790158,13440955.691785557,48.42637140684304,2023
27115,2024,9,mid,Hail,1.3829970373035394,0.6585527761094196,-0.8355551778990247,1,0.0,0.0,0.0020833333333333333,68.10159763968876,2.5963867044927427,14859582.558790158,13440955.691785557,48.42637140684304,2023
27115,2024,9,top,Hail,1.8305299870468872,0.823695889581578,-0.6349152301351969,1,0.0,0.0,0.0020833333333333333,68.10159763968876,2.5963867044927427,14859582.558790158,13440955.691785557,48.42637140684304,2023
27115,2025,7,bottom,Hail,-6.845152512806493,1.0610309416512156,0.049276290967232704,3,0.0,0.0,0.003472222222222222,67.33581668566384,2.5543298181642475,20682675.46469683,18842802.859689854,46.95213228228101,2023
27115,2025,7,mid,Hail,-6.238461218845117,0.8196815055100473,0.21461851540680263,3,0.0,0.0,0.003472222222222222,67.33581668566384,2.5543298181642475,20682675.46469683,18842802.859689854,46.95213228228101,2023
27115,2025,7,top,Hail,-5.203167614226928,0.5382825732978995,-0.8126736936660137,3,0.0,0.0,0.003472222222222222,67.33581668566384,2.5543298181642475,20682675.46469683,18842802.859689854,46.95213228228101,2023
27117,2021,4,bottom,Hail,-23.2794592458322,1.5612577477641103,2.706632933036199,1,0.0,0.0,0.001388888888888889,59.812598,2.9906299,3582011.8396409554,2736330.9797877856,46.866377611379995,2020
27117,2021,4,mid,Hail,-8.447429718204035,0.44232580488857437,1.1173782576285494,1,0.0,0.0,0.001388888888888889,59.812598,2.9906299,3582011.8396409554,2736330.9797877856,46.866377611379995,2020
27117,2021,4,top,Hail,-0.9085053901448816,0.3136636100722885,2.6323359909149864,1,0.0,0.0,0.001388888888888889,59.812598,2.9906299,3582011.8396409554,2736330.9797877856,46.866377611379995,2020
27121,2021,6,bottom,Thunderstorm Wind,23.022331869164887,1.2265046656413674,-4.152181360645035,1,0.0,0.0,0.0,59.517002000000005,2.9758501,2862584.478130475,2729902.5920643355,38.82538431218818,2020
27121,2021,6,mid,Thunderstorm Wind,9.246716579840907,0.330832040297904,-3.5809861071256344,1,0.0,0.0,0.0,59.517002000000005,2.9758501,2862584.478130475,2729902.5920643355,38.82538431218818,2020
27121,2021,6,top,Thunderstorm Wind,-0.3692453649764076,0.4548266165410815,-5.565736561695876,1,0.0,0.0,0.0,59.517002000000005,2.9758501,2862584.478130475,2729902.5920643355,38.82538431218818,2020
27121,2023,4,bottom,Flood,9.74902943742191,1.2437469098311977,5.8617962512166075,4,0.0,0.0,76.0,99.50177174671934,2.910827432470762,2218763.7888297983,2538540.2315479857,3.60921437278054,2023
27121,2023,4,mid,Flood,-0.7749837509410185,0.4782126536403738,6.77494888946687,4,0.0,0.0,76.0,99.50177174671934,2.910827432470762,2218763.7888297983,2538540.2315479857,3.60921437278054,2023
27121,2023,4,top,Flood,-7.374082376835375,0.5788665658333086,11.351274471649111,4,0.0,0.0,76.0,99.50177174671934,2.910827432470762,2218763.7888297983,2538540.2315479857,3.60921437278054,2023
27129,2024,9,bottom,Hail,-3.616340426559958,0.329213374689452,1.1965722331295392,3,0.0,0.0,0.012499999999999999,89.99077002097135,2.690360233665583,9518881.077422373,9014056.119808193,32.82099194930575,2023
27129,2024,9,mid,Hail,-4.9799153578972835,0.5480106507965153,0.2377349064484283,3,0.0,0.0,0.012499999999999999,89.99077002097135,2.690360233665583,9518881.077422373,9014056.119808193,32.82099194930575,2023
27129,2024,9,top,Hail,1.3647883125256044,0.3898678998998762,0.5959809981837955,3,0.0,0.0,0.012499999999999999,89.99077002097135,2.690360233665583,9518881.077422373,9014056.119808193,32.82099194930575,2023
27131,2023,8,bottom,Hail,0.9904279260982491,0.1218527097561867,-0.04637325804518374,5,0.0,0.0,0.008333333333333333,93.73790037208244,2.772392854160674,16307565.987306297,16266658.27533199,39.81062367718395,2023
27131,2023,8,mid,Hail,-0.0714145907741397,0.20395232706252006,0.017159089731080712,5,0.0,0.0,0.008333333333333333,93.73790037208244,2.772392854160674,16307565.987306297,16266658.27533199,39.81062367718395,2023
27131,2023,8,top,Hail,-3.094523697062627,0.20020978508845394,0.14729333095275385,5,0.0,0.0,0.008333333333333333,93.73790037208244,2.772392854160674,16307565.987306297,16266658.27533199,39.81062367718395,2023
27139,2024,8,bottom,"Hail,Thunderstorm Wind",-2.663147558245498,0.2675789506509934,0.879311453828071,3,0.0,0.0,0.2583333333333333,98.5052857979545,2.795157144555161,31232502.42996311,48260514.87666232,10.146605147974668,2023
27139,2024,8,mid,"Hail,Thunderstorm Wind",-4.3645352255785355,0.5008589168286047,0.17464740281218383,3,0.0,0.0,0.2583333333333333,98.5052857979545,2.795157144555161,31232502.42996311,48260514.87666232,10.146605147974668,2023
27139,2024,8,top,"Hail,Thunderstorm Wind",-4.917026194143119,0.4878578126469487,-0.2723444873061567,3,0.0,0.0,0.2583333333333333,98.5052857979545,2.795157144555161,31232502.42996311,48260514.87666232,10.146605147974668,2023
27141,2021,4,bottom,Hail,-4.450675098926382,0.7877608173945678,-3.242817125857935,2,0.0,0.0,0.0,60.560002,3.0280001,5260705.018047943,8574436.657619096,15.806070161603417,2020
27141,2021,4,mid,Hail,-5.262218166958917,0.8816613041233436,-3.244268491473965,2,0.0,0.0,0.0,60.560002,3.0280001,5260705.018047943,8574436.657619096,15.806070161603417,2020
27141,2021,4,top,Hail,-1.9687467770444016,0.3510629134652676,-2.372695904439022,2,0.0,0.0,0.0,60.560002,3.0280001,5260705.018047943,8574436.657619096,15.806070161603417,2020
27141,2023,8,bottom,Hail,-0.43583766142012337,0.15055139957805694,0.897412759655874,2,0.0,0.0,0.003472222222222222,97.46828850193097,2.823558108039033,11311771.095281594,15267303.125346476,7.710213634914329,2023
27141,2023,8,mid,Hail,-0.5450454864378713,0.08132833212850997,1.223577602360436,2,0.0,0.0,0.003472222222222222,97.46828850193097,2.823558108039033,11311771.095281594,15267303.125346476,7.710213634914329,2023
27141,2023,8,top,Hail,-0.8582138265898323,0.1216283064249239,1.081774689561115,2,0.0,0.0,0.003472222222222222,97.46828850193097,2.823558108039033,11311771.095281594,15267303.125346476,7.710213634914329,2023
27141,2024,8,bottom,"Hail,Thunderstorm Wind",3.215072041380722,0.11677454890268539,2.0040436272591884,2,0.0,0.0,0.006944444444444444,96.6721735823466,2.757284838450876,14361248.280408215,21937495.30395038,8.958726221379615,2023
27141,2024,8,mid,"Hail,Thunderstorm Wind",2.592735881710425,0.14132955923408555,2.225762030736566,2,0.0,0.0,0.006944444444444444,96.6721735823466,2.757284838450876,14361248.280408215,21937495.30395038,8.958726221379615,2023
27141,2024,8,top,"Hail,Thunderstorm Wind",3.8156754892452938,0.1855172003286547,1.704276147874855,2,0.0,0.0,0.006944444444444444,96.6721735823466,2.757284838450876,14361248.280408215,21937495.30395038,8.958726221379615,2023
27143,2021,9,bottom,Tornado,-6.163193018968528,0.27957573957954274,2.8924084986798846,2,24000.0,10.085850775128717,0.001388888888888889,61.15680199999999,3.0578401,2857852.899007616,3069855.4975493895,34.844304296410904,2020
27143,2021,9,mid,Tornado,-2.9497129940208566,0.1806931233849399,0.38749243762715463,2,24000.0,10.085850775128717,0.001388888888888889,61.15680199999999,3.0578401,2857852.899007616,3069855.4975493895,34.844304296410904,2020
27143,2021,9,top,Tornado,-12.209636020928528,0.6037327638935628,5.849572745791264,2,24000.0,10.085850775128717,0.001388888888888889,61.15680199999999,3.0578401,2857852.899007616,3069855.4975493895,34.844304296410904,2020
27143,2022,9,bottom,"Hail,Thunderstorm Wind,Tornado",-10.060958756926965,0.8794167282187283,3.6837685639449895,9,101000.0,11.522885696764481,0.008333333333333333,82.74629884265137,2.904239382993316,3592955.0166183617,3607963.9079805175,19.4916139442619,2021
27143,2022,9,mid,"Hail,Thunderstorm Wind,Tornado",-5.978652648478345,0.6046304312945497,3.0344785481043743,9,101000.0,11.522885696764481,0.008333333333333333,82.74629884265137,2.904239382993316,3592955.0166183617,3607963.9079805175,19.4916139442619,2021
27143,2022,9,top,"Hail,Thunderstorm Wind,Tornado",-5.049564543511394,0.9211836423179154,9.598528997535263,9,101000.0,11.522885696764481,0.008333333333333333,82.74629884265137,2.904239382993316,3592955.0166183617,3607963.9079805175,19.4916139442619,2021
27143,2024,8,bottom,Hail,-8.112514840271572,0.18376155373763056,-1.0554080126722833,1,0.0,0.0,0.002777777777777778,94.7691865842044,2.728314579352391,6287380.396429526,8904138.441224022,10.456907882349668,2023
27143,2024,8,mid,Hail,-12.336711082456048,0.7841385580967748,-1.3000306286250283,1,0.0,0.0,0.002777777777777778,94.7691865842044,2.728314579352391,6287380.396429526,8904138.441224022,10.456907882349668,2023
27143,2024,8,top,Hail,-11.376787099390313,0.9699909984591376,-2.458329934209189,1,0.0,0.0,0.002777777777777778,94.7691865842044,2.728314579352391,6287380.396429526,8904138.441224022,10.456907882349668,2023
27145,2024,8,bottom,"Thunderstorm Wind,Tornado",6.1230236259510775,0.45869264421977557,0.5026066906076494,7,4000000.0,15.201805169084134,0.034027777777777775,97.09316559861499,2.7618701778628076,47691229.84044861,50846411.17443434,31.27759918350379,2023
27145,2024,8,mid,"Thunderstorm Wind,Tornado",3.9162334309614124,0.3049968533190693,1.0638202397199261,7,4000000.0,15.201805169084134,0.034027777777777775,97.09316559861499,2.7618701778628076,47691229.84044861,50846411.17443434,31.27759918350379,2023
27145,2024,8,top,"Thunderstorm Wind,Tornado",8.252892804316701,0.9011732610130484,0.48159621125728336,7,4000000.0,15.201805169084134,0.034027777777777775,97.09316559861499,2.7618701778628076,47691229.84044861,50846411.17443434,31.27759918350379,2023
27147,2021,5,bottom,"Funnel Cloud,Tornado",1.1764721376225538,0.18758038224570311,-0.17813843649677116,5,0.0,0.0,0.008333333333333333,61.666398,3.0833199,7163009.851531229,8013225.921608622,33.58297201419499,2020
27147,2021,5,mid,"Funnel Cloud,Tornado",1.0046404962289728,0.1760474550890355,-1.124071791085721,5,0.0,0.0,0.008333333333333333,61.666398,3.0833199,7163009.851531229,8013225.921608622,33.58297201419499,2020
27147,2021,5,top,"Funnel Cloud,Tornado",3.8610963848809092,0.2811483518619312,-2.490354063174531,5,0.0,0.0,0.008333333333333333,61.666398,3.0833199,7163009.851531229,8013225.921608622,33.58297201419499,2020
27147,2023,10,bottom,Hail,0.038165076974721046,0.08093235068270141,-0.6433432144759715,1,0.0,0.0,0.04583333333333334,98.81854223927422,2.846609890927986,12528859.590642657,13810441.704506818,21.86375308548059,2023
27147,2023,10,mid,Hail,1.6667142838306006,0.22353149276984066,-0.9589727881305095,1,0.0,0.0,0.04583333333333334,98.81854223927422,2.846609890927986,12528859.590642657,13810441.704506818,21.86375308548059,2023
27147,2023,10,top,Hail,4.744208441641149,0.8332374994785625,1.5488254492415432,1,0.0,0.0,0.04583333333333334,98.81854223927422,2.846609890927986,12528859.590642657,13810441.704506818,21.86375308548059,2023
27149,2023,4,bottom,Flood,-7.006407055881624,0.8269011634614164,-1.8058145552607716,4,584000.0,13.277657974137664,76.0,93.93846071190195,2.790476525587476,2128202.639301643,2145453.199662957,16.709799923120265,2023
27149,2023,4,mid,Flood,-11.806300800141457,1.4450961386527585,-1.141908682228016,4,584000.0,13.277657974137664,76.0,93.93846071190195,2.790476525587476,2128202.639301643,2145453.199662957,16.709799923120265,2023
27149,2023,4,top,Flood,-26.683304211280216,2.230514665620793,2.8909922132416455,4,584000.0,13.277657974137664,76.0,93.93846071190195,2.790476525587476,2128202.639301643,2145453.199662957,16.709799923120265,2023
27151,2021,9,bottom,Hail,18.961980477878456,1.4561258401175332,-5.780360653832996,2,0.0,0.0,0.002777777777777778,60.9696,3.04848,5734259.861420435,4921563.187690745,43.63421363816275,2020
27151,2021,9,mid,Hail,5.899430447274881,0.27773023615049525,-1.7668030035763327,2,0.0,0.0,0.002777777777777778,60.9696,3.04848,5734259.861420435,4921563.187690745,43.63421363816275,2020
27151,2021,9,top,Hail,11.825858476585069,1.0809355298590317,-3.3802063678688796,2,0.0,0.0,0.002777777777777778,60.9696,3.04848,5734259.861420435,4921563.187690745,43.63421363816275,2020
27151,2024,8,bottom,Funnel Cloud,0.1940949183726417,0.49815838382167027,-4.8657387900048406,1,0.0,0.0,0.0006944444444444445,91.44548538823348,2.7047142504026396,5792092.560693937,5269878.293698735,42.95614840159564,2023
27151,2024,8,mid,Funnel Cloud,3.4551640577441134,0.22472141452237138,-0.10451421225640918,1,0.0,0.0,0.0006944444444444445,91.44548538823348,2.7047142504026396,5792092.560693937,5269878.293698735,42.95614840159564,2023
27151,2024,8,top,Funnel Cloud,1.8895197643552422,0.37097346817295246,1.3723044340203074,1,0.0,0.0,0.0006944444444444445,91.44548538823348,2.7047142504026396,5792092.560693937,5269878.293698735,42.95614840159564,2023
27153,2024,8,bottom,"Hail,Thunderstorm Wind",-1.3133407004147841,0.13134838415606048,-1.0725990594358545,11,0.0,0.0,0.044444444444444446,86.86482754925808,2.6752918923863636,7957971.690252996,6872181.089993403,55.12377904321023,2023
27153,2024,8,mid,"Hail,Thunderstorm Wind",-6.010930788882618,0.452908141299082,0.7622756021729155,11,0.0,0.0,0.044444444444444446,86.86482754925808,2.6752918923863636,7957971.690252996,6872181.089993403,55.12377904321023,2023
27153,2024,8,top,"Hail,Thunderstorm Wind",-6.475194011347142,0.3583042300366818,2.306039140171265,11,0.0,0.0,0.044444444444444446,86.86482754925808,2.6752918923863636,7957971.690252996,6872181.089993403,55.12377904321023,2023
27155,2023,7,bottom,Thunderstorm Wind,14.710084652698441,1.3555380015415925,13.198741449437236,2,0.0,0.0,0.0,51.29538826696469,2.5881026732827963,2115699.3555056914,1847939.7476573247,29.514480349617514,2023
27155,2023,7,mid,Thunderstorm Wind,-1.818627680243253,0.18149099136215055,4.079977954421911,2,0.0,0.0,0.0,51.29538826696469,2.5881026732827963,2115699.3555056914,1847939.7476573247,29.514480349617514,2023
27155,2023,7,top,Thunderstorm Wind,-6.82300579214143,0.39065558660412225,9.278289352221307,2,0.0,0.0,0.0,51.29538826696469,2.5881026732827963,2115699.3555056914,1847939.7476573247,29.514480349617514,2023
27155,2024,7,bottom,"Hail,Thunderstorm Wind",-16.836588968194803,1.7772284210364349,-1.3055973059686987,4,0.0,0.0,0.0,49.06155032127675,2.5364149999243977,2719757.2920463434,2547346.0990829053,31.35792254287923,2023
27155,2024,7,mid,"Hail,Thunderstorm Wind",-2.633004119757743,0.5282696125031918,2.5060393857607957,4,0.0,0.0,0.0,49.06155032127675,2.5364149999243977,2719757.2920463434,2547346.0990829053,31.35792254287923,2023
27155,2024,7,top,"Hail,Thunderstorm Wind",-5.63603338815048,0.7551313491022246,-0.2607319383845237,4,0.0,0.0,0.0,49.06155032127675,2.5364149999243977,2719757.2920463434,2547346.0990829053,31.35792254287923,2023
27161,2024,8,bottom,"Thunderstorm Wind,Tornado",2.9006888697234956,0.5465031080524603,-1.699775869970016,5,0.0,0.0,0.020138888888888887,94.98771561707846,2.7301806511378435,6449855.387673865,6545863.443995616,29.722564168856533,2023
27161,2024,8,mid,"Thunderstorm Wind,Tornado",1.1266251064984942,0.2061589494846884,-1.4978168873603626,5,0.0,0.0,0.020138888888888887,94.98771561707846,2.7301806511378435,6449855.387673865,6545863.443995616,29.722564168856533,2023
27161,2024,8,top,"Thunderstorm Wind,Tornado",0.7217388054692293,0.23888472473426314,-0.7153656584929374,5,0.0,0.0,0.020138888888888887,94.98771561707846,2.7301806511378435,6449855.387673865,6545863.443995616,29.722564168856533,2023
27165,2022,9,bottom,Thunderstorm Wind,28.125868498476535,4.561389340358078,-2.9952398525347093,3,150000.0,11.918397239722838,0.0,64.39794696118165,2.7879362288841247,4609042.296094367,3822783.1306747505,56.75986021392966,2021
27165,2022,9,mid,Thunderstorm Wind,21.04558489184234,3.335600189488124,0.4362055132778977,3,150000.0,11.918397239722838,0.0,64.39794696118165,2.7879362288841247,4609042.296094367,3822783.1306747505,56.75986021392966,2021
27165,2022,9,top,Thunderstorm Wind,0.1929313584714123,0.3895099824991336,1.306386106805301,3,150000.0,11.918397239722838,0.0,64.39794696118165,2.7879362288841247,4609042.296094367,3822783.1306747505,56.75986021392966,2021
27165,2023,8,bottom,"Hail,Thunderstorm Wind",12.506710582294772,0.44321939093013346,-0.2963913043207829,2,0.0,0.0,0.004166666666666667,65.54636592660563,2.638766949515418,4945154.017792995,4175931.5586852953,61.46097898744082,2023
27165,2023,8,mid,"Hail,Thunderstorm Wind",8.200828229123175,0.41710437010500634,1.0863196264336967,2,0.0,0.0,0.004166666666666667,65.54636592660563,2.638766949515418,4945154.017792995,4175931.5586852953,61.46097898744082,2023
27165,2023,8,top,"Hail,Thunderstorm Wind",-12.491638856933207,1.13934557785983,4.037348925242928,2,0.0,0.0,0.004166666666666667,65.54636592660563,2.638766949515418,4945154.017792995,4175931.5586852953,61.46097898744082,2023
27165,2024,8,bottom,"Funnel Cloud,Hail,Tornado",31.291354236786944,1.4564214866755816,-6.870881273642705,4,0.0,0.0,0.01388888888888889,61.84165293952165,2.579738765437382,6468657.042274235,5804002.400789266,52.99133368425189,2023
27165,2024,8,mid,"Funnel Cloud,Hail,Tornado",22.152931657001886,1.0995227826018763,-2.955828298606226,4,0.0,0.0,0.01388888888888889,61.84165293952165,2.579738765437382,6468657.042274235,5804002.400789266,52.99133368425189,2023
27165,2024,8,top,"Funnel Cloud,Hail,Tornado",9.065425495865242,0.5265197689294324,-1.988142168292067,4,0.0,0.0,0.01388888888888889,61.84165293952165,2.579738765437382,6468657.042274235,5804002.400789266,52.99133368425189,2023
27167,2025,8,bottom,"Hail,Thunderstorm Wind",23.525274069983297,2.0969801605342697,-8.273179274727227,2,0.0,0.0,0.006944444444444444,72.65592746997874,2.568199596848307,3199659.987000721,4453788.884511755,11.113905476823508,2023
27167,2025,8,mid,"Hail,Thunderstorm Wind",-10.451657082305275,0.8817756206037988,-1.664915668642782,2,0.0,0.0,0.006944444444444444,72.65592746997874,2.568199596848307,3199659.987000721,4453788.884511755,11.113905476823508,2023
27167,2025,8,top,"Hail,Thunderstorm Wind",9.863316965547199,0.4883480899236273,-9.22279193510139,2,0.0,0.0,0.006944444444444444,72.65592746997874,2.568199596848307,3199659.987000721,4453788.884511755,11.113905476823508,2023
27171,2021,4,bottom,Hail,0.553535736444914,0.056765299405844995,-2.445152889685147,8,0.0,0.0,0.0,60.914798,3.0457399,7103923.083752713,11256462.260605685,17.579818683493514,2020
27171,2021,4,mid,Hail,-2.2372743560493262,0.13617622047863226,-1.936780098246203,8,0.0,0.0,0.0,60.914798,3.0457399,7103923.083752713,11256462.260605685,17.579818683493514,2020
27171,2021,4,top,Hail,-6.749903545737666,0.7063612203667653,-1.7948346785660476,8,0.0,0.0,0.0,60.914798,3.0457399,7103923.083752713,11256462.260605685,17.579818683493514,2020
27173,2021,5,bottom,Tornado,20.675989440087008,1.8232463580678582,0.081983435533085,2,0.0,0.0,0.001388888888888889,60.686202,3.0343101,5976047.638288139,5500324.007276513,40.835632636986404,2020
27173,2021,5,mid,Tornado,17.25101321917846,1.8209568513543406,-0.7918983280777449,2,0.0,0.0,0.001388888888888889,60.686202,3.0343101,5976047.638288139,5500324.007276513,40.835632636986404,2020
27173,2021,5,top,Tornado,19.54966014091731,1.9129265481650952,0.23595720203729798,2,0.0,0.0,0.001388888888888889,60.686202,3.0343101,5976047.638288139,5500324.007276513,40.835632636986404,2020
28001,2022,5,bottom,"Hail,Thunderstorm Wind",31.993218071144213,2.3168278891318344,-17.27618183282517,3,5000.0,8.517393171418904,0.0,43.34025122138977,2.6070544309482573,6702094.123444141,4548874.084247417,66.82185000380899,2021
28001,2022,5,mid,"Hail,Thunderstorm Wind",16.43229365696355,1.322021310143542,-6.60401151002922,3,5000.0,8.517393171418904,0.0,43.34025122138977,2.6070544309482573,6702094.123444141,4548874.084247417,66.82185000380899,2021
28001,2022,5,top,"Hail,Thunderstorm Wind",3.021440432173435,0.8467806064659302,3.495423202479406,3,5000.0,8.517393171418904,0.0,43.34025122138977,2.6070544309482573,6702094.123444141,4548874.084247417,66.82185000380899,2021
28003,2022,5,bottom,"Hail,Thunderstorm Wind",-17.92202715756845,1.6547413950743262,0.03226423220461546,3,5000.0,8.517393171418904,0.010416666666666666,42.23362625,2.622259915052414,8900480.420968222,6810120.53644599,56.627011392733976,2021
28003,2022,5,mid,"Hail,Thunderstorm Wind",-13.71606116267695,1.2230521691956409,1.2555851082916358,3,5000.0,8.517393171418904,0.010416666666666666,42.23362625,2.622259915052414,8900480.420968222,6810120.53644599,56.627011392733976,2021
28003,2022,5,top,"Hail,Thunderstorm Wind",-8.94395655837738,0.8033605108941394,-0.23688309814269815,3,5000.0,8.517393171418904,0.010416666666666666,42.23362625,2.622259915052414,8900480.420968222,6810120.53644599,56.627011392733976,2021
28003,2024,12,bottom,Thunderstorm Wind,37.275871323731465,2.692782347485945,-8.186822164222287,1,500.0,6.2166061010848646,0.003472222222222222,26.11496645847791,2.434346526232644,20614847.1772769,15033113.834614852,76.43907120154829,2023
28003,2024,12,mid,Thunderstorm Wind,22.975348641562547,1.8801298742139125,-3.323255133900839,1,500.0,6.2166061010848646,0.003472222222222222,26.11496645847791,2.434346526232644,20614847.1772769,15033113.834614852,76.43907120154829,2023
28003,2024,12,top,Thunderstorm Wind,15.152920584866251,1.7364660924505433,-1.1847110568934578,1,500.0,6.2166061010848646,0.003472222222222222,26.11496645847791,2.434346526232644,20614847.1772769,15033113.834614852,76.43907120154829,2023
28005,2020,4,bottom,"Thunderstorm Wind,Tornado",27.33665186133608,3.0669925489511565,4.213001080356861,3,200000.0,12.206077645517674,0.019444444444444445,49.8952,2.49476,5834754.286459112,4788111.13694,37.0516357903,2020
28005,2020,4,mid,"Thunderstorm Wind,Tornado",31.016937112765575,2.6755723531760744,-0.3158099265837772,3,200000.0,12.206077645517674,0.019444444444444445,49.8952,2.49476,5834754.286459112,4788111.13694,37.0516357903,2020
28005,2020,4,top,"Thunderstorm Wind,Tornado",36.02948118453902,2.733322377614737,-5.342518503181353,3,200000.0,12.206077645517674,0.019444444444444445,49.8952,2.49476,5834754.286459112,4788111.13694,37.0516357903,2020
28005,2022,4,bottom,"Hail,Thunderstorm Wind",4.375257689052674,1.1738929063042816,12.114851221473435,4,5000.0,8.517393171418904,0.0,36.16232494039536,2.4590656208610535,5312002.775271363,4024402.13067172,52.85425046414055,2021
28005,2022,4,mid,"Hail,Thunderstorm Wind",2.861048052772034,1.0089266765077316,6.827203772878121,4,5000.0,8.517393171418904,0.0,36.16232494039536,2.4590656208610535,5312002.775271363,4024402.13067172,52.85425046414055,2021
28005,2022,4,top,"Hail,Thunderstorm Wind",13.966555635171005,2.38938585391702,3.1455078597582116,4,5000.0,8.517393171418904,0.0,36.16232494039536,2.4590656208610535,5312002.775271363,4024402.13067172,52.85425046414055,2021
28005,2023,4,bottom,Hail,8.497228270259782,1.095998241126164,-5.5816276370418905,1,0.0,0.0,0.0,6.217880916132189,2.379646674762784,7111222.68308857,4665995.476814065,87.93636013123105,2023
28005,2023,4,mid,Hail,5.84595067064852,1.351493583288083,-1.0828696663721946,1,0.0,0.0,0.0,6.217880916132189,2.379646674762784,7111222.68308857,4665995.476814065,87.93636013123105,2023
28005,2023,4,top,Hail,0.8667163388196286,1.7970611332091773,4.703157787175935,1,0.0,0.0,0.0,6.217880916132189,2.379646674762784,7111222.68308857,4665995.476814065,87.93636013123105,2023
28007,2025,8,bottom,Thunderstorm Wind,-47.9131859947903,2.693200674884854,5.162318916773704,1,0.0,0.0,0.0,32.713048019132685,2.4333932868928296,10730468.148882981,7408300.19156466,82.17402123460937,2023
28007,2025,8,mid,Thunderstorm Wind,-29.00999873075834,1.9108948743052991,0.2332664202715383,1,0.0,0.0,0.0,32.713048019132685,2.4333932868928296,10730468.148882981,7408300.19156466,82.17402123460937,2023
28007,2025,8,top,Thunderstorm Wind,-24.633528313087453,1.5896339274727231,-3.229157566094069,1,0.0,0.0,0.0,32.713048019132685,2.4333932868928296,10730468.148882981,7408300.19156466,82.17402123460937,2023
28009,2022,5,bottom,Hail,-39.21967024399743,3.1143252804606427,4.260225499535584,1,0.0,0.0,0.003472222222222222,39.743749914169314,2.5648431389331816,1691269.6605384266,1412224.5948457888,44.19044872020049,2021
28009,2022,5,mid,Hail,-32.763457198281,2.905147084800257,6.150800236623222,1,0.0,0.0,0.003472222222222222,39.743749914169314,2.5648431389331816,1691269.6605384266,1412224.5948457888,44.19044872020049,2021
28009,2022,5,top,Hail,-20.700241676474192,1.7325019002122002,2.540529608878169,1,0.0,0.0,0.003472222222222222,39.743749914169314,2.5648431389331816,1691269.6605384266,1412224.5948457888,44.19044872020049,2021
28009,2025,5,bottom,Thunderstorm Wind,27.41489292288132,1.7169401909243305,-16.50497800378052,2,10000.0,9.210440366976517,0.006944444444444444,23.6441506184244,2.4095564176995774,5485489.470250664,3335515.5924430774,86.60619596153735,2023
28009,2025,5,mid,Thunderstorm Wind,18.376050644387504,1.1969465757376179,-9.275576498220195,2,10000.0,9.210440366976517,0.006944444444444444,23.6441506184244,2.4095564176995774,5485489.470250664,3335515.5924430774,86.60619596153735,2023
28009,2025,5,top,Thunderstorm Wind,24.539231584549896,1.8154743494810448,-5.408391145543798,2,10000.0,9.210440366976517,0.006944444444444444,23.6441506184244,2.4095564176995774,5485489.470250664,3335515.5924430774,86.60619596153735,2023
28011,2024,8,bottom,Thunderstorm Wind,23.571227404376216,3.0307152455319986,0.2844948027582177,2,7000.0,8.853808274977197,0.0,38.68505057903251,2.491776746300426,26968741.755965237,15950141.236339316,98.81911333096592,2023
28011,2024,8,mid,Thunderstorm Wind,11.146944048187379,1.3970103637057298,-1.6758283957826403,2,7000.0,8.853808274977197,0.0,38.68505057903251,2.491776746300426,26968741.755965237,15950141.236339316,98.81911333096592,2023
28011,2024,8,top,Thunderstorm Wind,13.298930350302868,1.5427391560811599,-0.45869275672583854,2,7000.0,8.853808274977197,0.0,38.68505057903251,2.491776746300426,26968741.755965237,15950141.236339316,98.81911333096592,2023
28013,2023,9,bottom,Thunderstorm Wind,15.970347174716679,1.1857814340262562,-3.5923682641829324,1,2000.0,7.601402334583733,0.003472222222222222,12.607321616761146,2.4145779290283427,5271962.945478338,3586251.7369876504,85.40916543028764,2023
28013,2023,9,mid,Thunderstorm Wind,6.097542139333399,0.41131467356285034,-1.696949542323542,1,2000.0,7.601402334583733,0.003472222222222222,12.607321616761146,2.4145779290283427,5271962.945478338,3586251.7369876504,85.40916543028764,2023
28013,2023,9,top,Thunderstorm Wind,6.17662380682134,0.4892011062067834,-4.211777535209843,1,2000.0,7.601402334583733,0.003472222222222222,12.607321616761146,2.4145779290283427,5271962.945478338,3586251.7369876504,85.40916543028764,2023
28017,2022,5,bottom,Thunderstorm Wind,5.754441783795627,0.7506295492497065,-5.805887575537109,1,5000.0,8.517393171418904,0.003472222222222222,41.00974852111816,2.604793349040985,4651000.3194076065,3461288.255632921,59.622323575619404,2021
28017,2022,5,mid,Thunderstorm Wind,5.411958728994293,0.5264736916111535,-4.023064831729958,1,5000.0,8.517393171418904,0.003472222222222222,41.00974852111816,2.604793349040985,4651000.3194076065,3461288.255632921,59.622323575619404,2021
28017,2022,5,top,Thunderstorm Wind,-3.0829626264073795,0.566608396995636,1.2797301716678315,1,5000.0,8.517393171418904,0.003472222222222222,41.00974852111816,2.604793349040985,4651000.3194076065,3461288.255632921,59.622323575619404,2021
28025,2024,7,bottom,Lightning,13.921658618825276,3.355194704812888,4.710095526979525,1,3000.0,8.006700845440367,0.0,49.06077925180339,2.533161336597952,9495388.0792813,6422050.430374078,82.78640802921461,2023
28025,2024,7,mid,Lightning,-0.4924234668145999,0.9598180955456799,6.193747942514672,1,3000.0,8.006700845440367,0.0,49.06077925180339,2.533161336597952,9495388.0792813,6422050.430374078,82.78640802921461,2023
28025,2024,7,top,Lightning,-6.87428529459163,0.42956058000980013,6.822155656125536,1,3000.0,8.006700845440367,0.0,49.06077925180339,2.533161336597952,9495388.0792813,6422050.430374078,82.78640802921461,2023
28029,2022,5,bottom,Thunderstorm Wind,21.91812059434868,1.9045118343337741,-2.1940612953462115,4,4200.0,8.343077871169383,0.0,39.386125057220454,2.545271782541275,7860095.222171207,6015395.542842348,56.15628073222062,2021
28029,2022,5,mid,Thunderstorm Wind,13.040917792083974,1.2218572712313986,-2.355586132759394,4,4200.0,8.343077871169383,0.0,39.386125057220454,2.545271782541275,7860095.222171207,6015395.542842348,56.15628073222062,2021
28029,2022,5,top,Thunderstorm Wind,1.2685445131700703,0.568611941169634,1.5667593998179683,4,4200.0,8.343077871169383,0.0,39.386125057220454,2.545271782541275,7860095.222171207,6015395.542842348,56.15628073222062,2021
28031,2025,6,bottom,Thunderstorm Wind,-15.877017851072779,1.2212481214339381,18.2989386648282,1,1000.0,6.90875477931522,0.0,20.479014489983285,2.393356786425493,15843146.793267552,9618072.462296905,91.56904927454545,2023
28031,2025,6,mid,Thunderstorm Wind,-6.99199419662925,1.3014838212461106,10.00202513575295,1,1000.0,6.90875477931522,0.0,20.479014489983285,2.393356786425493,15843146.793267552,9618072.462296905,91.56904927454545,2023
28031,2025,6,top,Thunderstorm Wind,-2.5109076905455225,1.3549324894897228,3.0947757530366053,1,1000.0,6.90875477931522,0.0,20.479014489983285,2.393356786425493,15843146.793267552,9618072.462296905,91.56904927454545,2023
28033,2022,5,bottom,Hail,-5.37912946743171,0.6074968988149649,-7.674233257737886,1,0.0,0.0,0.003472222222222222,56.62574942779541,2.7145398357868196,27384972.485124897,29386524.150330417,27.311393149123685,2021
28033,2022,5,mid,Hail,-6.4923036425620495,0.7042391141484826,-3.7786026007990237,1,0.0,0.0,0.003472222222222222,56.62574942779541,2.7145398357868196,27384972.485124897,29386524.150330417,27.311393149123685,2021
28033,2022,5,top,Hail,-6.538272442052218,0.7478795909511274,0.3641356499183388,1,0.0,0.0,0.003472222222222222,56.62574942779541,2.7145398357868196,27384972.485124897,29386524.150330417,27.311393149123685,2021
28037,2024,1,bottom,Flash Flood,-4.760468149349677,0.578474505761735,-4.41483844681611,8,104000.0,11.552155793461898,0.0,31.906956881287012,2.490013033029397,4264233.673024907,3016396.262375057,67.25515127720023,2023
28037,2024,1,mid,Flash Flood,1.8699562824026117,0.16487021752489828,-5.7066644656964725,8,104000.0,11.552155793461898,0.0,31.906956881287012,2.490013033029397,4264233.673024907,3016396.262375057,67.25515127720023,2023
28037,2024,1,top,Flash Flood,4.2530325342000594,0.20838388178611827,-1.8353360486976413,8,104000.0,11.552155793461898,0.0,31.906956881287012,2.490013033029397,4264233.673024907,3016396.262375057,67.25515127720023,2023
28039,2023,4,bottom,"Hail,Thunderstorm Wind",6.924986755100903,2.4626373786961624,6.78945148419012,4,0.0,0.0,0.005555555555555556,21.223175992428157,2.476879397347301,32084733.807413444,23556202.091198046,79.23617632075758,2023
28039,2023,4,mid,"Hail,Thunderstorm Wind",10.481744762075309,2.264280011336608,5.685309567644396,4,0.0,0.0,0.005555555555555556,21.223175992428157,2.476879397347301,32084733.807413444,23556202.091198046,79.23617632075758,2023
28039,2023,4,top,"Hail,Thunderstorm Wind",6.931342954751926,1.3097615904534152,3.150597379215649,4,0.0,0.0,0.005555555555555556,21.223175992428157,2.476879397347301,32084733.807413444,23556202.091198046,79.23617632075758,2023
28039,2024,5,bottom,Thunderstorm Wind,7.421581479342976,0.5009691366140057,-1.2455983523715541,3,0.0,0.0,0.0,22.43447480402839,2.44192750295621,27475281.20200935,22942960.94922522,57.08643675232481,2023
28039,2024,5,mid,Thunderstorm Wind,5.796212561333888,0.5410846640858531,0.5021606147218401,3,0.0,0.0,0.0,22.43447480402839,2.44192750295621,27475281.20200935,22942960.94922522,57.08643675232481,2023
28039,2024,5,top,Thunderstorm Wind,6.000986162399954,0.5727418557289548,1.311594364487623,3,0.0,0.0,0.0,22.43447480402839,2.44192750295621,27475281.20200935,22942960.94922522,57.08643675232481,2023
28041,2024,8,bottom,Thunderstorm Wind,18.544880600118574,4.308846006031558,4.752815344749976,1,0.0,0.0,0.001388888888888889,12.699844447416902,2.384449234453717,11228564.554457966,8059606.847315039,74.15395223516099,2023
28041,2024,8,mid,Thunderstorm Wind,15.479773192668645,3.020218879955877,3.5465695705403704,1,0.0,0.0,0.001388888888888889,12.699844447416902,2.384449234453717,11228564.554457966,8059606.847315039,74.15395223516099,2023
28041,2024,8,top,Thunderstorm Wind,13.412790486894636,1.7978319912680882,2.0241208229634586,1,0.0,0.0,0.001388888888888889,12.699844447416902,2.384449234453717,11228564.554457966,8059606.847315039,74.15395223516099,2023
28043,2022,7,bottom,Thunderstorm Wind,-29.74838930356475,4.617006281757887,2.1949646352685335,2,6000.0,8.699681400989514,0.0,54.20859846594238,2.6872584745895383,5242079.985377509,3997045.8995698313,65.39765062884736,2021
28043,2022,7,mid,Thunderstorm Wind,-15.278881462528503,2.614068100256191,0.6385468684675715,2,6000.0,8.699681400989514,0.0,54.20859846594238,2.6872584745895383,5242079.985377509,3997045.8995698313,65.39765062884736,2021
28043,2022,7,top,Thunderstorm Wind,-10.599413357238205,1.275209610662947,1.1209503487969243,2,6000.0,8.699681400989514,0.0,54.20859846594238,2.6872584745895383,5242079.985377509,3997045.8995698313,65.39765062884736,2021
28053,2025,8,bottom,Funnel Cloud,37.476709972682585,2.487556061837988,-11.672056386329572,1,0.0,0.0,0.0,31.91287067315381,2.4275496976939066,8923605.514721343,5104467.518544953,98.6701181937642,2023
28053,2025,8,mid,Funnel Cloud,15.297666288029959,1.9155462457758765,-17.512629613153436,1,0.0,0.0,0.0,31.91287067315381,2.4275496976939066,8923605.514721343,5104467.518544953,98.6701181937642,2023
28053,2025,8,top,Funnel Cloud,-6.764593831871707,1.8307239327918277,-6.520948125502045,1,0.0,0.0,0.0,31.91287067315381,2.4275496976939066,8923605.514721343,5104467.518544953,98.6701181937642,2023
28057,2023,8,bottom,"Hail,Thunderstorm Wind",-8.846822425086017,0.48194817097898557,8.03895023130093,2,2000.0,7.601402334583733,0.006944444444444444,38.861342037805976,2.5359219995167495,5780840.941059629,4726231.0190807525,36.75076490711411,2023
28057,2023,8,mid,"Hail,Thunderstorm Wind",-0.08766232622221537,0.2427339954514759,6.487877655206702,2,2000.0,7.601402334583733,0.006944444444444444,38.861342037805976,2.5359219995167495,5780840.941059629,4726231.0190807525,36.75076490711411,2023
28057,2023,8,top,"Hail,Thunderstorm Wind",1.0226071165583193,0.34843766045511354,7.048395995115001,2,2000.0,7.601402334583733,0.006944444444444444,38.861342037805976,2.5359219995167495,5780840.941059629,4726231.0190807525,36.75076490711411,2023
28065,2024,6,bottom,Thunderstorm Wind,11.72085682436429,0.5959663235435108,-2.9760925281167467,1,25000.0,10.12667110305036,0.0,20.905098685891765,2.4311968782926803,5776049.053523995,3552771.2586405803,87.16586299985796,2023
28065,2024,6,mid,Thunderstorm Wind,11.961476484238574,1.2366948726906324,-2.6651731222059616,1,25000.0,10.12667110305036,0.0,20.905098685891765,2.4311968782926803,5776049.053523995,3552771.2586405803,87.16586299985796,2023
28065,2024,6,top,Thunderstorm Wind,7.701150422832157,1.2159879533658344,-1.779571702830258,1,25000.0,10.12667110305036,0.0,20.905098685891765,2.4311968782926803,5776049.053523995,3552771.2586405803,87.16586299985796,2023
28067,2025,7,bottom,Thunderstorm Wind,6.186368254851146,0.25074188095544553,-1.8770817898686403,1,0.0,0.0,0.0,39.67138173337688,2.4592584776818476,42750379.47563613,30679091.243278824,78.52574944809363,2023
28067,2025,7,mid,Thunderstorm Wind,-0.4018428432312362,0.15625564626943195,3.541362627612704,1,0.0,0.0,0.0,39.67138173337688,2.4592584776818476,42750379.47563613,30679091.243278824,78.52574944809363,2023
28067,2025,7,top,Thunderstorm Wind,1.9466926749320095,0.5134649025400977,1.8112242590555023,1,0.0,0.0,0.0,39.67138173337688,2.4592584776818476,42750379.47563613,30679091.243278824,78.52574944809363,2023
28071,2022,5,bottom,Hail,-10.89618887000475,0.5171009025581272,-1.630541860251417,1,0.0,0.0,0.003472222222222222,62.93987602996826,2.713972631597519,6468380.800073285,6395864.407942975,37.635452935298126,2021
28071,2022,5,mid,Hail,-4.782357357870126,0.3408217248894233,-2.6111227012971767,1,0.0,0.0,0.003472222222222222,62.93987602996826,2.713972631597519,6468380.800073285,6395864.407942975,37.635452935298126,2021
28071,2022,5,top,Hail,-7.156769954480353,0.47744883629884854,3.082038654073893,1,0.0,0.0,0.003472222222222222,62.93987602996826,2.713972631597519,6468380.800073285,6395864.407942975,37.635452935298126,2021
28073,2025,6,bottom,Thunderstorm Wind,18.779093640246543,1.6708308584492935,2.9411727206959313,1,3000.0,8.006700845440367,0.0,53.88208191532132,2.5123898946430665,24047522.946218796,20481155.801349383,58.078903259840196,2023
28073,2025,6,mid,Thunderstorm Wind,21.388137097656767,1.816042827159096,-0.24849235278641876,1,3000.0,8.006700845440367,0.0,53.88208191532132,2.5123898946430665,24047522.946218796,20481155.801349383,58.078903259840196,2023
28073,2025,6,top,Thunderstorm Wind,9.30454118941239,0.6698686016929742,-3.650034822791947,1,3000.0,8.006700845440367,0.0,53.88208191532132,2.5123898946430665,24047522.946218796,20481155.801349383,58.078903259840196,2023
28075,2025,6,bottom,Thunderstorm Wind,1.8526090978530192,0.3621790795288921,-6.405779872863903,4,4000.0,8.294299608857235,0.0,56.8363496461401,2.5221793178605956,60261490.85378524,40379800.56576607,88.01430989386009,2023
28075,2025,6,mid,Thunderstorm Wind,8.913888671294103,0.4270624124042105,-8.897348892565864,4,4000.0,8.294299608857235,0.0,56.8363496461401,2.5221793178605956,60261490.85378524,40379800.56576607,88.01430989386009,2023
28075,2025,6,top,Thunderstorm Wind,4.466496286828232,0.16861952469840846,-8.001206247640008,4,4000.0,8.294299608857235,0.0,56.8363496461401,2.5221793178605956,60261490.85378524,40379800.56576607,88.01430989386009,2023
28083,2024,8,bottom,Thunderstorm Wind,-21.05614284986318,2.1783791447646537,6.157615928702569,1,0.0,0.0,0.0,47.87719499721993,2.5249483913333335,24803591.741554584,15407204.339048628,95.71757765992425,2023
28083,2024,8,mid,Thunderstorm Wind,-8.317786931233215,0.3882134385090805,7.520468604340787,1,0.0,0.0,0.0,47.87719499721993,2.5249483913333335,24803591.741554584,15407204.339048628,95.71757765992425,2023
28083,2024,8,top,Thunderstorm Wind,-4.3031309927946495,0.22945944524088607,2.0332432517614145,1,0.0,0.0,0.0,47.87719499721993,2.5249483913333335,24803591.741554584,15407204.339048628,95.71757765992425,2023
28085,2022,5,bottom,Thunderstorm Wind,6.870163634174091,0.6894158928557518,-1.0461369893096777,3,9000.0,9.105090961257085,0.0,45.3686247138977,2.640455664539337,6356625.767105894,5686790.230511912,48.674772209946354,2021
28085,2022,5,mid,Thunderstorm Wind,2.691259340566745,0.3285671744344136,-3.245171356592446,3,9000.0,9.105090961257085,0.0,45.3686247138977,2.640455664539337,6356625.767105894,5686790.230511912,48.674772209946354,2021
28085,2022,5,top,Thunderstorm Wind,0.3879489703427623,0.15421554350045852,1.3849399776365015,3,9000.0,9.105090961257085,0.0,45.3686247138977,2.640455664539337,6356625.767105894,5686790.230511912,48.674772209946354,2021
28091,2025,6,bottom,"Flash Flood,Thunderstorm Wind",3.303977562615998,0.9125006445719935,7.0127633777274765,7,51000.0,10.839600519357369,0.125,17.637876363697355,2.3810329799206764,22332036.0630686,15625565.539401151,78.4177243048331,2023
28091,2025,6,mid,"Flash Flood,Thunderstorm Wind",10.239436524522489,1.270005048678872,3.2780160617636747,7,51000.0,10.839600519357369,0.125,17.637876363697355,2.3810329799206764,22332036.0630686,15625565.539401151,78.4177243048331,2023
28091,2025,6,top,"Flash Flood,Thunderstorm Wind",1.6354815444517499,0.5366113137099594,0.4716360045840086,7,51000.0,10.839600519357369,0.125,17.637876363697355,2.3810329799206764,22332036.0630686,15625565.539401151,78.4177243048331,2023
28093,2022,5,bottom,Hail,-5.09768606748176,0.2894598101573391,13.25535851501032,3,0.0,0.0,0.010416666666666666,39.58925025749207,2.552310600423813,7951082.838730987,6410472.101031531,53.968732456452365,2021
28093,2022,5,mid,Hail,-1.614383317203746,0.3792818769202166,7.1690808495725,3,0.0,0.0,0.010416666666666666,39.58925025749207,2.552310600423813,7951082.838730987,6410472.101031531,53.968732456452365,2021
28093,2022,5,top,Hail,-2.0171715691081857,0.41074354010219183,2.570409661977299,3,0.0,0.0,0.010416666666666666,39.58925025749207,2.552310600423813,7951082.838730987,6410472.101031531,53.968732456452365,2021
28093,2023,9,bottom,Thunderstorm Wind,-11.832977296585298,0.7575357432359983,2.33939811908148,2,20000.0,9.90353755128617,0.006944444444444444,18.60972991641572,2.447949235288319,16725189.522551548,11740572.335968984,86.08523397631747,2023
28093,2023,9,mid,Thunderstorm Wind,-3.2409047890637623,0.39145491148086836,-1.0470623440059843,2,20000.0,9.90353755128617,0.006944444444444444,18.60972991641572,2.447949235288319,16725189.522551548,11740572.335968984,86.08523397631747,2023
28093,2023,9,top,Thunderstorm Wind,1.7362328512195688,0.17938842358997495,-1.5409363915988337,2,20000.0,9.90353755128617,0.006944444444444444,18.60972991641572,2.447949235288319,16725189.522551548,11740572.335968984,86.08523397631747,2023
28093,2024,7,bottom,Hail,-9.399064590043608,0.6354299507949049,5.137067992718078,1,0.0,0.0,0.003472222222222222,18.325945299366076,2.416873069996349,22025070.877790257,14575245.600557528,86.92728755175544,2023
28093,2024,7,mid,Hail,-7.75436976254926,0.2710507140632323,3.300426632140495,1,0.0,0.0,0.003472222222222222,18.325945299366076,2.416873069996349,22025070.877790257,14575245.600557528,86.92728755175544,2023
28093,2024,7,top,Hail,-4.8153248795888,0.46600453409738163,3.4200148518262474,1,0.0,0.0,0.003472222222222222,18.325945299366076,2.416873069996349,22025070.877790257,14575245.600557528,86.92728755175544,2023
28095,2023,8,bottom,Thunderstorm Wind,-25.104257861031527,1.9066362877818814,-1.240963553009048,5,43000.0,10.668978650219241,0.01736111111111111,45.32230869998854,2.5592628882350112,12420233.875208758,9443754.62104863,69.19413474997633,2023
28095,2023,8,mid,Thunderstorm Wind,-25.980400964871563,2.5196290368724337,-0.07076847831379023,5,43000.0,10.668978650219241,0.01736111111111111,45.32230869998854,2.5592628882350112,12420233.875208758,9443754.62104863,69.19413474997633,2023
28095,2023,8,top,Thunderstorm Wind,-14.91267067778601,1.8250566920693303,1.7445999661799523,5,43000.0,10.668978650219241,0.01736111111111111,45.32230869998854,2.5592628882350112,12420233.875208758,9443754.62104863,69.19413474997633,2023
28097,2025,8,bottom,Thunderstorm Wind,32.89349910579348,3.5484796301942736,6.007855076391981,1,0.0,0.0,0.0,37.22117975478974,2.4481750275209815,4977112.4753894415,3810390.8032908556,69.75863193898438,2023
28097,2025,8,mid,Thunderstorm Wind,30.712293612643776,2.6687842075644514,1.4079238719475502,1,0.0,0.0,0.0,37.22117975478974,2.4481750275209815,4977112.4753894415,3810390.8032908556,69.75863193898438,2023
28097,2025,8,top,Thunderstorm Wind,7.881437685807114,0.5190775928723053,2.1609158404119646,1,0.0,0.0,0.0,37.22117975478974,2.4481750275209815,4977112.4753894415,3810390.8032908556,69.75863193898438,2023
28107,2022,5,bottom,Hail,9.665623203095905,0.9403177088391096,-3.0865652868937254,2,0.0,0.0,0.006944444444444444,41.13650008583069,2.588292990398407,7166287.558812913,5876186.98036739,55.02315913836787,2021
28107,2022,5,mid,Hail,3.153009089893004,0.23024035842753082,-0.9631389906270442,2,0.0,0.0,0.006944444444444444,41.13650008583069,2.588292990398407,7166287.558812913,5876186.98036739,55.02315913836787,2021
28107,2022,5,top,Hail,7.050435430405358,0.3741926021373059,-2.141238584830797,2,0.0,0.0,0.006944444444444444,41.13650008583069,2.588292990398407,7166287.558812913,5876186.98036739,55.02315913836787,2021
28113,2024,3,bottom,Flash Flood,-6.700593398859581,0.16602313041019032,6.539195974419154,4,0.0,0.0,0.3333333333333333,29.79442714106118,2.4754885301079987,22045883.272098426,14089260.624368597,97.13673277807706,2023
28113,2024,3,mid,Flash Flood,-15.254883199001696,0.8734205852831611,6.537636125661521,4,0.0,0.0,0.3333333333333333,29.79442714106118,2.4754885301079987,22045883.272098426,14089260.624368597,97.13673277807706,2023
28113,2024,3,top,Flash Flood,-14.340115451715732,1.1466847891780472,5.05694767568167,4,0.0,0.0,0.3333333333333333,29.79442714106118,2.4754885301079987,22045883.272098426,14089260.624368597,97.13673277807706,2023
28113,2024,12,bottom,"Thunderstorm Wind,Tornado",19.015731431435654,0.9450464104948494,-7.2854530228769745,5,10000.0,9.210440366976517,0.004166666666666667,34.28274789740028,2.4623384539188566,25557228.79891802,15643246.917659,97.16428350604403,2023
28113,2024,12,mid,"Thunderstorm Wind,Tornado",19.731164909507868,0.7880329301600995,-5.757857816697832,5,10000.0,9.210440366976517,0.004166666666666667,34.28274789740028,2.4623384539188566,25557228.79891802,15643246.917659,97.16428350604403,2023
28113,2024,12,top,"Thunderstorm Wind,Tornado",17.12980957117307,0.7374057065428024,-4.017673951134474,5,10000.0,9.210440366976517,0.004166666666666667,34.28274789740028,2.4623384539188566,25557228.79891802,15643246.917659,97.16428350604403,2023
28115,2022,7,bottom,Thunderstorm Wind,-25.424375040267677,3.151070873029802,3.2852826632281875,1,5000.0,8.517393171418904,0.003472222222222222,42.641899580383296,2.615030050010681,5400910.256739482,4152716.633410892,53.210611568175764,2021
28115,2022,7,mid,Thunderstorm Wind,-20.429145821740377,2.4108995721786135,-0.6047543022928039,1,5000.0,8.517393171418904,0.003472222222222222,42.641899580383296,2.615030050010681,5400910.256739482,4152716.633410892,53.210611568175764,2021
28115,2022,7,top,Thunderstorm Wind,-15.904655283589136,1.9473733784311298,1.1059982960598045,1,5000.0,8.517393171418904,0.003472222222222222,42.641899580383296,2.615030050010681,5400910.256739482,4152716.633410892,53.210611568175764,2021
28117,2022,5,bottom,Hail,-10.012076398536237,1.7854129563043257,-6.316489234287791,2,500.0,6.2166061010848646,0.006944444444444444,44.752373492507935,2.632532288421631,4226977.109708873,3486732.7704204856,55.868728425684154,2021
28117,2022,5,mid,Hail,-4.980601793193202,0.9839011548091244,-5.596192867545317,2,500.0,6.2166061010848646,0.006944444444444444,44.752373492507935,2.632532288421631,4226977.109708873,3486732.7704204856,55.868728425684154,2021
28117,2022,5,top,Hail,-2.898949437049936,0.5709132006564678,-3.1650203156631656,2,500.0,6.2166061010848646,0.006944444444444444,44.752373492507935,2.632532288421631,4226977.109708873,3486732.7704204856,55.868728425684154,2021
28117,2025,5,bottom,Thunderstorm Wind,-8.976315457257883,1.2255708310379068,1.583477048193913,3,6000.0,8.699681400989514,0.010416666666666666,31.608776167093705,2.4398712215314275,15057265.184403852,10405664.302683422,82.09340195409801,2023
28117,2025,5,mid,Thunderstorm Wind,1.7057128986509582,0.3886395396118736,1.259480374671038,3,6000.0,8.699681400989514,0.010416666666666666,31.608776167093705,2.4398712215314275,15057265.184403852,10405664.302683422,82.09340195409801,2023
28117,2025,5,top,Thunderstorm Wind,4.839593724761315,0.3825305423954488,0.38301665046384414,3,6000.0,8.699681400989514,0.010416666666666666,31.608776167093705,2.4398712215314275,15057265.184403852,10405664.302683422,82.09340195409801,2023
28127,2025,7,bottom,Thunderstorm Wind,8.841064474583916,0.6749789205006557,2.9305679381822074,1,0.0,0.0,0.0,36.5422663812566,2.450147235392293,15788699.670717347,11323047.827505546,75.61983585247751,2023
28127,2025,7,mid,Thunderstorm Wind,1.8733592795841503,0.31326872285434004,4.444489034331184,1,0.0,0.0,0.0,36.5422663812566,2.450147235392293,15788699.670717347,11323047.827505546,75.61983585247751,2023
28127,2025,7,top,Thunderstorm Wind,0.6123593335024111,0.390110180585393,3.2945041101106605,1,0.0,0.0,0.0,36.5422663812566,2.450147235392293,15788699.670717347,11323047.827505546,75.61983585247751,2023
28131,2022,8,bottom,Flash Flood,-10.318213603554653,0.43814189004638154,1.1432578734033996,8,0.0,0.0,0.6666666666666666,38.753337414169316,2.570693625564575,15774104.313799525,13057508.518789047,59.644983225654414,2021
28131,2022,8,mid,Flash Flood,2.3159974317040906,0.5069487526913012,0.005045356503127134,8,0.0,0.0,0.6666666666666666,38.753337414169316,2.570693625564575,15774104.313799525,13057508.518789047,59.644983225654414,2021
28131,2022,8,top,Flash Flood,5.7205867071648555,0.3881585823637118,-1.2408338853918697,8,0.0,0.0,0.6666666666666666,38.753337414169316,2.570693625564575,15774104.313799525,13057508.518789047,59.644983225654414,2021
28131,2023,4,bottom,"Hail,Thunderstorm Wind",0.8040246125910215,1.8681403894982915,3.4249497251084526,5,0.0,0.0,0.006944444444444444,27.789510222920402,2.505666846592803,23162546.979213588,18000691.649365548,82.2879133691856,2023
28131,2023,4,mid,"Hail,Thunderstorm Wind",2.6055868651747573,1.8023492307702635,4.410263251631146,5,0.0,0.0,0.006944444444444444,27.789510222920402,2.505666846592803,23162546.979213588,18000691.649365548,82.2879133691856,2023
28131,2023,4,top,"Hail,Thunderstorm Wind",-0.2273020239761081,1.1944225415281506,5.136915466905809,5,0.0,0.0,0.006944444444444444,27.789510222920402,2.505666846592803,23162546.979213588,18000691.649365548,82.2879133691856,2023
28133,2023,12,bottom,Hail,30.56966531445346,2.0247548814260705,-1.1594141412004764,2,40000.0,10.596659732783579,0.016666666666666666,20.961845773859707,2.446575566720792,16226569.926036596,9955635.208969062,95.56945110507102,2023
28133,2023,12,mid,Hail,25.624380937365842,1.5571298345739215,-2.225195418463874,2,40000.0,10.596659732783579,0.016666666666666666,20.961845773859707,2.446575566720792,16226569.926036596,9955635.208969062,95.56945110507102,2023
28133,2023,12,top,Hail,8.742566966241952,0.7180746409530929,0.7837108409935212,2,40000.0,10.596659732783579,0.016666666666666666,20.961845773859707,2.446575566720792,16226569.926036596,9955635.208969062,95.56945110507102,2023
28133,2024,8,bottom,Thunderstorm Wind,19.932229191841984,2.862867431414368,4.8519321964928155,2,100000.0,11.51293546492023,0.07222222222222223,24.714597776296632,2.4376658508138616,20693273.607745465,12612962.531852929,95.00007512338068,2023
28133,2024,8,mid,Thunderstorm Wind,1.4912180328876303,0.7162215562908762,1.6395935727774902,2,100000.0,11.51293546492023,0.07222222222222223,24.714597776296632,2.4376658508138616,20693273.607745465,12612962.531852929,95.00007512338068,2023
28133,2024,8,top,Thunderstorm Wind,-4.549997291125294,0.22786493815391562,2.00143328283499,2,100000.0,11.51293546492023,0.07222222222222223,24.714597776296632,2.4376658508138616,20693273.607745465,12612962.531852929,95.00007512338068,2023
28133,2025,8,bottom,Thunderstorm Wind,-49.55947884373886,3.7093197834041094,21.15172802829234,1,0.0,0.0,0.0,30.34372577995202,2.4243012769534653,27393329.130308773,16598953.516178729,94.14601115084517,2023
28133,2025,8,mid,Thunderstorm Wind,-17.785937617188722,1.1449821374813165,9.579608818075977,1,0.0,0.0,0.0,30.34372577995202,2.4243012769534653,27393329.130308773,16598953.516178729,94.14601115084517,2023
28133,2025,8,top,Thunderstorm Wind,-20.850084124901727,1.2777680215934581,8.647913634772015,1,0.0,0.0,0.0,30.34372577995202,2.4243012769534653,27393329.130308773,16598953.516178729,94.14601115084517,2023
28135,2025,5,bottom,Thunderstorm Wind,-57.084395662026424,3.9944238341799134,-7.80621406685088,4,25000.0,10.12667110305036,0.013888888888888888,11.741643124772382,2.3536006344082328,11424565.249014854,6974534.252607374,91.78912521947325,2023
28135,2025,5,mid,Thunderstorm Wind,-60.58401291763694,4.327861463671352,0.8383721303646752,4,25000.0,10.12667110305036,0.013888888888888888,11.741643124772382,2.3536006344082328,11424565.249014854,6974534.252607374,91.78912521947325,2023
28135,2025,5,top,Thunderstorm Wind,-48.280228208347594,3.5400409991245883,5.290543452857193,4,25000.0,10.12667110305036,0.013888888888888888,11.741643124772382,2.3536006344082328,11424565.249014854,6974534.252607374,91.78912521947325,2023
28137,2023,9,bottom,Thunderstorm Wind,8.730434522654448,0.5117566566847752,-2.3452067618174604,2,12000.0,9.392745258631441,0.0062499999999999995,35.187241407116886,2.5187000693661337,10030269.609328207,7642732.3540428905,70.79737457461471,2023
28137,2023,9,mid,Thunderstorm Wind,11.633611368836682,0.6925036088255103,-1.1634558466890088,2,12000.0,9.392745258631441,0.0062499999999999995,35.187241407116886,2.5187000693661337,10030269.609328207,7642732.3540428905,70.79737457461471,2023
28137,2023,9,top,Thunderstorm Wind,3.6374899147897963,0.31062312293334765,-1.2160118833250333,2,12000.0,9.392745258631441,0.0062499999999999995,35.187241407116886,2.5187000693661337,10030269.609328207,7642732.3540428905,70.79737457461471,2023
28139,2021,3,bottom,Flash Flood,29.683174753832446,1.8405657138419462,-2.8577565581363302,4,0.0,0.0,0.3527777777777778,51.950002,2.5975001,3002053.68388781,3045061.313408234,31.690973590885115,2020
28139,2021,3,mid,Flash Flood,22.51217645569662,1.3589542534617072,-3.2561409115461166,4,0.0,0.0,0.3527777777777778,51.950002,2.5975001,3002053.68388781,3045061.313408234,31.690973590885115,2020
28139,2021,3,top,Flash Flood,2.3286503006536066,0.7360078470239633,-0.08309470458844241,4,0.0,0.0,0.3527777777777778,51.950002,2.5975001,3002053.68388781,3045061.313408234,31.690973590885115,2020
28139,2023,9,bottom,Hail,-3.998729052143503,0.8217612733558818,-0.7363864093219424,1,0.0,0.0,0.003472222222222222,24.180754730168136,2.474697983984331,8480622.968592566,6096168.280010288,83.16087470794034,2023
28139,2023,9,mid,Hail,-2.993615646286969,0.4971563484134122,-0.4790218572039464,1,0.0,0.0,0.003472222222222222,24.180754730168136,2.474697983984331,8480622.968592566,6096168.280010288,83.16087470794034,2023
28139,2023,9,top,Hail,-4.374155101913885,0.5624067779638866,0.38842967800635125,1,0.0,0.0,0.003472222222222222,24.180754730168136,2.474697983984331,8480622.968592566,6096168.280010288,83.16087470794034,2023
28141,2023,8,bottom,Thunderstorm Wind,9.790553581370986,0.2857912939626872,-3.1029384248264145,1,2000.0,7.601402334583733,0.003472222222222222,25.359669464391352,2.4825427647729494,5399155.606456945,4158357.470350991,67.28827332801846,2023
28141,2023,8,mid,Thunderstorm Wind,8.617230924263026,0.5669453842845571,-2.075965248912335,1,2000.0,7.601402334583733,0.003472222222222222,25.359669464391352,2.4825427647729494,5399155.606456945,4158357.470350991,67.28827332801846,2023
28141,2023,8,top,Thunderstorm Wind,-9.341957773325419,0.4785033373367341,3.45021702560886,1,2000.0,7.601402334583733,0.003472222222222222,25.359669464391352,2.4825427647729494,5399155.606456945,4158357.470350991,67.28827332801846,2023
28143,2021,3,bottom,Thunderstorm Wind,5.841938449844207,2.1699946233328706,3.9131337591487303,1,0.0,0.0,0.003472222222222222,52.4688,2.62344,4596525.652264345,2649159.5617433554,56.838785967692786,2020
28143,2021,3,mid,Thunderstorm Wind,6.100246468778309,1.0497928681184843,1.0369236500649113,1,0.0,0.0,0.003472222222222222,52.4688,2.62344,4596525.652264345,2649159.5617433554,56.838785967692786,2020
28143,2021,3,top,Thunderstorm Wind,-7.3809558411304295,1.2387957363976345,0.10401694237641834,1,0.0,0.0,0.003472222222222222,52.4688,2.62344,4596525.652264345,2649159.5617433554,56.838785967692786,2020
28143,2022,5,bottom,"Hail,Thunderstorm Wind",-7.578038853370714,0.6586599786873379,-10.56868276385253,2,20000.0,9.90353755128617,0.006944444444444444,53.249249713897704,2.6203544863700867,6709829.49828531,4134535.048911397,72.09423997094888,2021
28143,2022,5,mid,"Hail,Thunderstorm Wind",1.3668964185886097,0.2885748881169744,-0.75932915009975,2,20000.0,9.90353755128617,0.006944444444444444,53.249249713897704,2.6203544863700867,6709829.49828531,4134535.048911397,72.09423997094888,2021
28143,2022,5,top,"Hail,Thunderstorm Wind",-1.1718741887698059,0.20422786699525813,-2.1203505782128738,2,20000.0,9.90353755128617,0.006944444444444444,53.249249713897704,2.6203544863700867,6709829.49828531,4134535.048911397,72.09423997094888,2021
28145,2021,4,bottom,"Flash Flood,Hail,Thunderstorm Wind",10.185597663944648,1.532248176966358,-6.816182736360143,10,0.0,0.0,0.3541666666666667,55.011602,2.7505801,2676677.8566758754,2655886.98458788,34.37130469059142,2020
28145,2021,4,mid,"Flash Flood,Hail,Thunderstorm Wind",11.546162727152634,1.136733502934157,-7.550774023957388,10,0.0,0.0,0.3541666666666667,55.011602,2.7505801,2676677.8566758754,2655886.98458788,34.37130469059142,2020
28145,2021,4,top,"Flash Flood,Hail,Thunderstorm Wind",5.207056071142247,0.4544130651097924,-2.6080001111060134,10,0.0,0.0,0.3541666666666667,55.011602,2.7505801,2676677.8566758754,2655886.98458788,34.37130469059142,2020
28145,2022,5,bottom,Hail,1.8011140503577963,0.8783032359801635,1.629975530812094,4,0.0,0.0,0.013888888888888888,51.16350125,2.6850113445148467,3382319.0247113723,2837986.1274202694,48.253315202730306,2021
28145,2022,5,mid,Hail,-2.344082427515687,0.33730769233863506,0.4780807454863852,4,0.0,0.0,0.013888888888888888,51.16350125,2.6850113445148467,3382319.0247113723,2837986.1274202694,48.253315202730306,2021
28145,2022,5,top,Hail,-0.6630692026723466,0.23343938954956844,-0.30728270166785876,4,0.0,0.0,0.013888888888888888,51.16350125,2.6850113445148467,3382319.0247113723,2837986.1274202694,48.253315202730306,2021
28145,2023,9,bottom,Thunderstorm Wind,-17.95221631086426,1.797173024969137,5.767109414990107,3,32000.0,10.373522431293592,0.010416666666666666,45.13202637057599,2.5557854053051203,7107682.975699391,5238993.182474255,71.94226875880327,2023
28145,2023,9,mid,Thunderstorm Wind,-1.9704102009364561,0.6076504450919514,0.503049217229659,3,32000.0,10.373522431293592,0.010416666666666666,45.13202637057599,2.5557854053051203,7107682.975699391,5238993.182474255,71.94226875880327,2023
28145,2023,9,top,Thunderstorm Wind,-5.033848563596322,0.5616057954135233,3.010072650140818,3,32000.0,10.373522431293592,0.010416666666666666,45.13202637057599,2.5557854053051203,7107682.975699391,5238993.182474255,71.94226875880327,2023
28145,2025,5,bottom,Thunderstorm Wind,0.6929682164122681,1.1591235506823476,-5.498983386066603,2,13000.0,9.472781556562168,0.006944444444444444,46.40544760582929,2.489303138412439,12487071.218105137,9136646.092079993,73.78316665598602,2023
28145,2025,5,mid,Thunderstorm Wind,2.641036398558896,0.7643580925250019,-3.453069789672957,2,13000.0,9.472781556562168,0.006944444444444444,46.40544760582929,2.489303138412439,12487071.218105137,9136646.092079993,73.78316665598602,2023
28145,2025,5,top,Thunderstorm Wind,10.040153921460288,1.0424981590781701,-3.825348029410397,2,13000.0,9.472781556562168,0.006944444444444444,46.40544760582929,2.489303138412439,12487071.218105137,9136646.092079993,73.78316665598602,2023
28147,2022,6,bottom,Thunderstorm Wind,-15.220352577086956,1.5932611876783536,-3.305740194814883,1,0.0,0.0,0.0,33.102224833106995,2.495924106554985,4831469.137676856,3965034.2052534022,56.94276585727402,2021
28147,2022,6,mid,Thunderstorm Wind,-13.86137846193806,1.5092159608645392,-3.174350036542999,1,0.0,0.0,0.0,33.102224833106995,2.495924106554985,4831469.137676856,3965034.2052534022,56.94276585727402,2021
28147,2022,6,top,Thunderstorm Wind,-11.028503463116508,1.3643693223179025,-3.756474018025964,1,0.0,0.0,0.0,33.102224833106995,2.495924106554985,4831469.137676856,3965034.2052534022,56.94276585727402,2021
28147,2024,2,bottom,Thunderstorm Wind,5.598970492773304,1.0453349345739023,-3.932111732374262,1,0.0,0.0,0.0,12.22977073805326,2.3979469868933108,7065744.0309924,5320276.599287165,78.58602286713541,2023
28147,2024,2,mid,Thunderstorm Wind,4.743448830394783,0.7975631898164115,-4.1354734274622205,1,0.0,0.0,0.0,12.22977073805326,2.3979469868933108,7065744.0309924,5320276.599287165,78.58602286713541,2023
28147,2024,2,top,Thunderstorm Wind,6.120694539152026,0.5945065848542568,-2.791880244332679,1,0.0,0.0,0.0,12.22977073805326,2.3979469868933108,7065744.0309924,5320276.599287165,78.58602286713541,2023
28151,2025,8,bottom,Thunderstorm Wind,-33.83717276410536,2.107984541446984,7.188164350157355,2,0.0,0.0,0.0,42.88707230469616,2.466918218128862,48822701.58593683,28359602.009179585,99.09964350985085,2023
28151,2025,8,mid,Thunderstorm Wind,-55.439489630676945,3.8157587570055322,17.10547225289857,2,0.0,0.0,0.0,42.88707230469616,2.466918218128862,48822701.58593683,28359602.009179585,99.09964350985085,2023
28151,2025,8,top,Thunderstorm Wind,-43.677719545984004,3.081260554699184,18.092447054786238,2,0.0,0.0,0.0,42.88707230469616,2.466918218128862,48822701.58593683,28359602.009179585,99.09964350985085,2023
28153,2023,4,bottom,Thunderstorm Wind,-29.10323593500135,1.233620512241395,6.087495819433006,1,0.0,0.0,0.001388888888888889,18.156713775886548,2.460895318032552,11788573.10978141,8534672.476004977,90.56699347503786,2023
28153,2023,4,mid,Thunderstorm Wind,-16.40798144035456,0.48083554287050584,4.154353341367738,1,0.0,0.0,0.001388888888888889,18.156713775886548,2.460895318032552,11788573.10978141,8534672.476004977,90.56699347503786,2023
28153,2023,4,top,Thunderstorm Wind,-10.856412628725266,0.8625248687968762,7.974301117576057,1,0.0,0.0,0.001388888888888889,18.156713775886548,2.460895318032552,11788573.10978141,8534672.476004977,90.56699347503786,2023
28153,2024,5,bottom,Thunderstorm Wind,-2.9350780924470854,0.4366676239577344,1.611817037709945,1,0.0,0.0,0.001388888888888889,21.233991870590398,2.434885040300578,14874247.42963651,10308960.84913128,87.53786897767873,2023
28153,2024,5,mid,Thunderstorm Wind,0.1763708480576156,0.548303366690263,1.6649061041441418,1,0.0,0.0,0.001388888888888889,21.233991870590398,2.434885040300578,14874247.42963651,10308960.84913128,87.53786897767873,2023
28153,2024,5,top,Thunderstorm Wind,2.659269047734952,0.6922309152871233,0.4780171538842713,1,0.0,0.0,0.001388888888888889,21.233991870590398,2.434885040300578,14874247.42963651,10308960.84913128,87.53786897767873,2023
28155,2022,7,bottom,Thunderstorm Wind,-18.91630983647825,1.4336736019621004,0.11214438535907334,2,1500.0,7.313886831633462,0.0,42.449398618530275,2.5899789383804324,2033445.1494190139,1736052.9530762716,43.57194232451996,2021
28155,2022,7,mid,Thunderstorm Wind,-15.14738524770776,1.0830504963061875,-1.2334338781758447,2,1500.0,7.313886831633462,0.0,42.449398618530275,2.5899789383804324,2033445.1494190139,1736052.9530762716,43.57194232451996,2021
28155,2022,7,top,Thunderstorm Wind,-10.822540786946433,0.6973097366829626,-2.0403224571712477,2,1500.0,7.313886831633462,0.0,42.449398618530275,2.5899789383804324,2033445.1494190139,1736052.9530762716,43.57194232451996,2021
28155,2023,12,bottom,Thunderstorm Wind,-0.40753676619162604,0.41084457349133857,6.724826638376821,1,1000.0,6.90875477931522,0.0,35.67931936185944,2.5082364085533557,3366378.2754444815,2558874.5910391747,59.30892302559659,2023
28155,2023,12,mid,Thunderstorm Wind,-9.161761932557042,0.45949687275418233,0.4911493284456488,1,1000.0,6.90875477931522,0.0,35.67931936185944,2.5082364085533557,3366378.2754444815,2558874.5910391747,59.30892302559659,2023
28155,2023,12,top,Thunderstorm Wind,-11.136808504566389,0.9195686463391567,-0.2818088600736009,1,1000.0,6.90875477931522,0.0,35.67931936185944,2.5082364085533557,3366378.2754444815,2558874.5910391747,59.30892302559659,2023
28155,2025,8,bottom,Flash Flood,4.615360300213467,1.8967110945326235,3.7320094274250266,4,12000.0,9.392745258631441,0.16666666666666666,44.300030750301424,2.470944034758893,5289650.4110669615,3682655.1142421938,77.95097826259943,2023
28155,2025,8,mid,Flash Flood,11.244943297931258,1.6243225681983957,-0.3520471287047684,4,12000.0,9.392745258631441,0.16666666666666666,44.300030750301424,2.470944034758893,5289650.4110669615,3682655.1142421938,77.95097826259943,2023
28155,2025,8,top,Flash Flood,2.0343165819013507,0.30091526092159204,-1.6815318517184277,4,12000.0,9.392745258631441,0.16666666666666666,44.300030750301424,2.470944034758893,5289650.4110669615,3682655.1142421938,77.95097826259943,2023
28157,2021,3,bottom,"Hail,Thunderstorm Wind,Tornado",6.613806400546494,1.0819648022569903,3.023984370205369,4,0.0,0.0,0.001388888888888889,50.892802,2.5446401,4505904.540724162,3001385.784177503,44.81671265271315,2020
28157,2021,3,mid,"Hail,Thunderstorm Wind,Tornado",19.306389919244666,1.8628997260839173,6.268437039095171,4,0.0,0.0,0.001388888888888889,50.892802,2.5446401,4505904.540724162,3001385.784177503,44.81671265271315,2020
28157,2021,3,top,"Hail,Thunderstorm Wind,Tornado",11.718372060864155,1.290616703009979,2.677138882425131,4,0.0,0.0,0.001388888888888889,50.892802,2.5446401,4505904.540724162,3001385.784177503,44.81671265271315,2020
28157,2022,4,bottom,"Hail,Thunderstorm Wind",-6.912333797043004,0.4662159728669117,22.381441432928302,3,0.0,0.0,0.0,36.510676339237214,2.4896816261096957,2524774.1096385308,1665119.623891209,59.536489376553796,2021
28157,2022,4,mid,"Hail,Thunderstorm Wind",-0.2711971936917479,0.6690860813147915,14.134251832323363,3,0.0,0.0,0.0,36.510676339237214,2.4896816261096957,2524774.1096385308,1665119.623891209,59.536489376553796,2021
28157,2022,4,top,"Hail,Thunderstorm Wind",8.327617526424433,1.2465507746065763,5.747028932087734,3,0.0,0.0,0.0,36.510676339237214,2.4896816261096957,2524774.1096385308,1665119.623891209,59.536489376553796,2021
28157,2023,4,bottom,Hail,-1.1990254249187586,1.4883600133492283,8.75769312066375,1,0.0,0.0,0.0,5.373977836440051,2.3691362685040245,4265687.607681886,2750578.809620256,92.1523168301894,2023
28157,2023,4,mid,Hail,1.390289318510952,1.1020345820847428,11.129623392955907,1,0.0,0.0,0.0,5.373977836440051,2.3691362685040245,4265687.607681886,2750578.809620256,92.1523168301894,2023
28157,2023,4,top,Hail,8.887177756635452,2.145925578877859,7.603754167869582,1,0.0,0.0,0.0,5.373977836440051,2.3691362685040245,4265687.607681886,2750578.809620256,92.1523168301894,2023
28161,2022,5,bottom,Hail,-23.620869034289996,2.880220448907124,-0.9800192464104024,2,0.0,0.0,0.006944444444444444,45.952875143051145,2.65173000125885,2377935.5817210977,1753766.113846079,55.38284201879505,2021
28161,2022,5,mid,Hail,-11.929416726936722,1.5348900163879806,0.2946974870338626,2,0.0,0.0,0.006944444444444444,45.952875143051145,2.65173000125885,2377935.5817210977,1753766.113846079,55.38284201879505,2021
28161,2022,5,top,Hail,-13.736166373414136,1.4983015563230977,4.071208001420089,2,0.0,0.0,0.006944444444444444,45.952875143051145,2.65173000125885,2377935.5817210977,1753766.113846079,55.38284201879505,2021
29001,2020,5,bottom,"Hail,Thunderstorm Wind",-18.097632486069173,2.7489013234688056,6.531408762060674,4,0.0,0.0,0.004166666666666667,56.118398,2.8059199,3953027.464140372,3347169.5702,40.5991328341,2020
29001,2020,5,mid,"Hail,Thunderstorm Wind",-7.74900559080497,1.1807537578507465,4.673790519977473,4,0.0,0.0,0.004166666666666667,56.118398,2.8059199,3953027.464140372,3347169.5702,40.5991328341,2020
29001,2020,5,top,"Hail,Thunderstorm Wind",-4.8275033266436935,0.6486693493326627,3.1937002484371155,4,0.0,0.0,0.004166666666666667,56.118398,2.8059199,3953027.464140372,3347169.5702,40.5991328341,2020
29001,2022,3,bottom,Hail,-14.867583170700485,0.932679530752319,0.8465298238113709,1,0.0,0.0,0.0,57.03879830926513,2.763316940113831,4519505.327153602,3905034.013782571,42.86934970183592,2021
29001,2022,3,mid,Hail,-17.79592953695162,1.3465466815218385,0.1252873872871163,1,0.0,0.0,0.0,57.03879830926513,2.763316940113831,4519505.327153602,3905034.013782571,42.86934970183592,2021
29001,2022,3,top,Hail,-13.37219998538366,0.9078497140215831,0.18142673193664885,1,0.0,0.0,0.0,57.03879830926513,2.763316940113831,4519505.327153602,3905034.013782571,42.86934970183592,2021
29001,2024,8,bottom,Thunderstorm Wind,17.638195683792702,2.5423867856798306,15.840757104827333,1,0.0,0.0,0.0006944444444444445,67.07320496589072,2.5943570771904594,8228599.394871573,8701032.781080458,33.24661438250947,2023
29001,2024,8,mid,Thunderstorm Wind,28.579131105000258,3.8178767872542223,2.040235560391821,1,0.0,0.0,0.0006944444444444445,67.07320496589072,2.5943570771904594,8228599.394871573,8701032.781080458,33.24661438250947,2023
29001,2024,8,top,Thunderstorm Wind,8.153814130450328,0.7209410479175867,-4.391961654421347,1,0.0,0.0,0.0006944444444444445,67.07320496589072,2.5943570771904594,8228599.394871573,8701032.781080458,33.24661438250947,2023
29001,2025,7,bottom,Thunderstorm Wind,30.359092061789198,2.862982643767915,-14.192500649761968,1,0.0,0.0,0.0006944444444444445,71.77939690807494,2.5677299703720187,9324515.573228043,10548295.646804925,22.613247020784208,2023
29001,2025,7,mid,Thunderstorm Wind,20.783976922184777,2.1674131532721645,-9.023856156049845,1,0.0,0.0,0.0006944444444444445,71.77939690807494,2.5677299703720187,9324515.573228043,10548295.646804925,22.613247020784208,2023
29001,2025,7,top,Thunderstorm Wind,20.16863073629159,2.600001795263033,0.8214722787722574,1,0.0,0.0,0.0006944444444444445,71.77939690807494,2.5677299703720187,9324515.573228043,10548295.646804925,22.613247020784208,2023
29005,2020,10,bottom,Thunderstorm Wind,-6.7172824970475205,1.1005322942715574,-4.7118667897037865,1,0.0,0.0,0.0020833333333333333,55.292,2.7646,4337777.506137256,3197434.9755,44.4619629484,2020
29005,2020,10,mid,Thunderstorm Wind,-3.678483949483123,0.7262999792230925,-2.7268345265970786,1,0.0,0.0,0.0020833333333333333,55.292,2.7646,4337777.506137256,3197434.9755,44.4619629484,2020
29005,2020,10,top,Thunderstorm Wind,-0.9597445388115489,0.4441591300981789,0.4427145080491736,1,0.0,0.0,0.0020833333333333333,55.292,2.7646,4337777.506137256,3197434.9755,44.4619629484,2020
29005,2023,5,bottom,"Hail,Thunderstorm Wind",9.24066105614095,1.6882247589841854,3.5936991772510347,4,0.0,0.0,0.0062499999999999995,67.00469343067915,2.6551585413521024,3906272.663067079,3481840.681477166,15.478822397794524,2023
29005,2023,5,mid,"Hail,Thunderstorm Wind",3.9222805923740225,0.8013059933144432,3.332611483721763,4,0.0,0.0,0.0062499999999999995,67.00469343067915,2.6551585413521024,3906272.663067079,3481840.681477166,15.478822397794524,2023
29005,2023,5,top,"Hail,Thunderstorm Wind",6.804051135808265,0.9656781545500647,4.429042550726199,4,0.0,0.0,0.0062499999999999995,67.00469343067915,2.6551585413521024,3906272.663067079,3481840.681477166,15.478822397794524,2023
29013,2024,8,bottom,Thunderstorm Wind,41.336244063691495,3.950143880414553,-5.390678570235285,1,0.0,0.0,0.001388888888888889,42.79046796518832,2.508543538834399,7806849.9712271225,6470269.141956441,56.89832442377367,2023
29013,2024,8,mid,Thunderstorm Wind,6.731714091835485,1.0830649422983745,1.339442100355053,1,0.0,0.0,0.001388888888888889,42.79046796518832,2.508543538834399,7806849.9712271225,6470269.141956441,56.89832442377367,2023
29013,2024,8,top,Thunderstorm Wind,-4.271370411607535,0.36187388625173933,2.8645029558298774,1,0.0,0.0,0.001388888888888889,42.79046796518832,2.508543538834399,7806849.9712271225,6470269.141956441,56.89832442377367,2023
29015,2024,4,bottom,"Hail,Thunderstorm Wind",22.283697643831005,1.4755345011842014,3.438569088983632,6,12000.0,9.392745258631441,0.0,19.446780507516195,2.4293195829361536,15177862.095433531,10190132.158897802,73.4129767285748,2023
29015,2024,4,mid,"Hail,Thunderstorm Wind",1.37004775613579,0.2696508848196907,6.039740398204813,6,12000.0,9.392745258631441,0.0,19.446780507516195,2.4293195829361536,15177862.095433531,10190132.158897802,73.4129767285748,2023
29015,2024,4,top,"Hail,Thunderstorm Wind",-8.135791921433864,1.0655065437027542,7.947646253156303,6,12000.0,9.392745258631441,0.0,19.446780507516195,2.4293195829361536,15177862.095433531,10190132.158897802,73.4129767285748,2023
29019,2022,6,bottom,Thunderstorm Wind,-4.429170589601824,0.35235262449945803,-1.5733517741711391,2,60000.0,11.002116507732017,0.027777777777777776,70.39435053405762,2.800683588056564,20248936.003435932,21024520.722837552,31.98453354384423,2021
29019,2022,6,mid,Thunderstorm Wind,-1.7852236018758418,0.20573798742054916,-0.1478436352091658,2,60000.0,11.002116507732017,0.027777777777777776,70.39435053405762,2.800683588056564,20248936.003435932,21024520.722837552,31.98453354384423,2021
29019,2022,6,top,Thunderstorm Wind,-0.26414992660718895,0.08368147825942673,1.9390939428372367,2,60000.0,11.002116507732017,0.027777777777777776,70.39435053405762,2.800683588056564,20248936.003435932,21024520.722837552,31.98453354384423,2021
29025,2020,7,bottom,Thunderstorm Wind,12.456700343931274,1.6578774063786583,0.4634128811619102,1,0.0,0.0,0.0020833333333333333,55.651998,2.7825999,1817127.9417387736,1686602.00341,37.1304690579,2020
29025,2020,7,mid,Thunderstorm Wind,5.792507888530565,1.1607468907066538,-1.7612632167470157,1,0.0,0.0,0.0020833333333333333,55.651998,2.7825999,1817127.9417387736,1686602.00341,37.1304690579,2020
29025,2020,7,top,Thunderstorm Wind,11.628169783791321,1.294327053527091,-3.815971413553882,1,0.0,0.0,0.0020833333333333333,55.651998,2.7825999,1817127.9417387736,1686602.00341,37.1304690579,2020
29025,2024,10,bottom,"Hail,Thunderstorm Wind",-9.970320201951026,0.7913306840281173,-2.849402148599007,2,0.0,0.0,0.001388888888888889,58.50415638813269,2.557988729535415,4180061.862795062,3381868.75433173,50.571499469547824,2023
29025,2024,10,mid,"Hail,Thunderstorm Wind",3.256554730654443,0.23460956221020135,-0.3804819834693471,2,0.0,0.0,0.001388888888888889,58.50415638813269,2.557988729535415,4180061.862795062,3381868.75433173,50.571499469547824,2023
29025,2024,10,top,"Hail,Thunderstorm Wind",1.5219968495959932,0.5482531270496844,0.9156858532717299,2,0.0,0.0,0.001388888888888889,58.50415638813269,2.557988729535415,4180061.862795062,3381868.75433173,50.571499469547824,2023
29045,2022,6,bottom,Thunderstorm Wind,-34.48196232931609,2.490251779674454,9.974319699271584,1,0.0,0.0,0.0,33.4210875333786,2.520662315196991,2310106.10605226,2085915.98543782,38.185062661338236,2021
29045,2022,6,mid,Thunderstorm Wind,-17.9100043694813,1.4453376113476308,2.5083633042949267,1,0.0,0.0,0.0,33.4210875333786,2.520662315196991,2310106.10605226,2085915.98543782,38.185062661338236,2021
29045,2022,6,top,Thunderstorm Wind,-12.977414867547438,0.7673597568757475,2.9473624152931044,1,0.0,0.0,0.0,33.4210875333786,2.520662315196991,2310106.10605226,2085915.98543782,38.185062661338236,2021
29045,2025,8,bottom,Tornado,12.493514804666077,1.903481552023421,13.126925939165508,2,0.0,0.0,0.002777777777777778,7.430853583154759,2.3095153599896423,7430986.366181081,6192721.822667729,52.564916430053266,2023
29045,2025,8,mid,Tornado,21.07352249830045,2.5101775352704347,8.023450473614863,2,0.0,0.0,0.002777777777777778,7.430853583154759,2.3095153599896423,7430986.366181081,6192721.822667729,52.564916430053266,2023
29045,2025,8,top,Tornado,18.42181040176503,2.5271964202214803,6.644545089822174,2,0.0,0.0,0.002777777777777778,7.430853583154759,2.3095153599896423,7430986.366181081,6192721.822667729,52.564916430053266,2023
29051,2023,4,bottom,"Hail,Thunderstorm Wind",5.66768102054921,0.7108572521832086,-1.518420412959775,3,15000.0,9.61587214452889,0.003472222222222222,90.606708070989,2.765180903409209,15619897.31458639,15701854.891566802,24.592179369441286,2023
29051,2023,4,mid,"Hail,Thunderstorm Wind",-3.4871899140205613,0.18698208296163268,-2.9180778188734187,3,15000.0,9.61587214452889,0.003472222222222222,90.606708070989,2.765180903409209,15619897.31458639,15701854.891566802,24.592179369441286,2023
29051,2023,4,top,"Hail,Thunderstorm Wind",-0.9632517642291987,0.8923476438900322,-4.600385586892543,3,15000.0,9.61587214452889,0.003472222222222222,90.606708070989,2.765180903409209,15619897.31458639,15701854.891566802,24.592179369441286,2023
29053,2021,6,bottom,"Flash Flood,Flood,Thunderstorm Wind",9.587637240815596,0.6643261497518426,2.3232616987448913,11,0.0,0.0,0.8354166666666667,55.882602,2.7941301,3083243.102317221,3197486.5804394484,33.109972408374524,2020
29053,2021,6,mid,"Flash Flood,Flood,Thunderstorm Wind",5.5402466945946145,0.2197259860385211,0.43310767662731564,11,0.0,0.0,0.8354166666666667,55.882602,2.7941301,3083243.102317221,3197486.5804394484,33.109972408374524,2020
29053,2021,6,top,"Flash Flood,Flood,Thunderstorm Wind",35.678324467143085,3.017538555342856,2.860831036491144,11,0.0,0.0,0.8354166666666667,55.882602,2.7941301,3083243.102317221,3197486.5804394484,33.109972408374524,2020
29053,2022,6,bottom,Thunderstorm Wind,6.536982385140405,0.9376118742036418,-6.008387899553559,2,0.0,0.0,0.004166666666666667,65.88271269039917,2.7560124619983672,4020635.4621749,3730566.330963364,37.909360280786856,2021
29053,2022,6,mid,Thunderstorm Wind,3.9520036114457184,0.6096204357310889,-1.6337016924895238,2,0.0,0.0,0.004166666666666667,65.88271269039917,2.7560124619983672,4020635.4621749,3730566.330963364,37.909360280786856,2021
29053,2022,6,top,Thunderstorm Wind,11.017682404009335,1.0755644150616226,2.919285836848824,2,0.0,0.0,0.004166666666666667,65.88271269039917,2.7560124619983672,4020635.4621749,3730566.330963364,37.909360280786856,2021
29063,2023,6,bottom,"Hail,Thunderstorm Wind",-32.06842578857412,3.9469231583877518,2.272668967574925,2,0.0,0.0,0.002777777777777778,44.02414947975683,2.562549747989258,3990516.4167596884,4058053.001485035,13.300717267940785,2023
29063,2023,6,mid,"Hail,Thunderstorm Wind",-23.388984859485177,2.614061167770243,0.643708217871089,2,0.0,0.0,0.002777777777777778,44.02414947975683,2.562549747989258,3990516.4167596884,4058053.001485035,13.300717267940785,2023
29063,2023,6,top,"Hail,Thunderstorm Wind",-26.013312391550855,3.18302582145981,0.14581428215334805,2,0.0,0.0,0.002777777777777778,44.02414947975683,2.562549747989258,3990516.4167596884,4058053.001485035,13.300717267940785,2023
29075,2025,6,bottom,"Flash Flood,Heavy Rain",-44.53291871992651,4.460084136701211,8.459902755638359,8,0.0,0.0,5.5,60.56101315754474,2.533659181666948,8778919.499467408,6732972.689243547,66.21815383896308,2023
29075,2025,6,mid,"Flash Flood,Heavy Rain",-4.532535574978809,1.1154100369542053,1.5430253061520887,8,0.0,0.0,5.5,60.56101315754474,2.533659181666948,8778919.499467408,6732972.689243547,66.21815383896308,2023
29075,2025,6,top,"Flash Flood,Heavy Rain",-8.963356345754008,1.4134489879291947,6.780291859394704,8,0.0,0.0,5.5,60.56101315754474,2.533659181666948,8778919.499467408,6732972.689243547,66.21815383896308,2023
29079,2025,8,bottom,Thunderstorm Wind,-44.135460826215805,4.010018949544185,4.070103228126105,1,0.0,0.0,0.0006944444444444445,51.650804428911236,2.497617658534594,8999040.50398238,7176454.436820663,64.68847878703362,2023
29079,2025,8,mid,Thunderstorm Wind,-23.960504207636248,2.266831788276445,2.3989297985681994,1,0.0,0.0,0.0006944444444444445,51.650804428911236,2.497617658534594,8999040.50398238,7176454.436820663,64.68847878703362,2023
29079,2025,8,top,Thunderstorm Wind,-12.206856343272918,1.679575548885266,-3.233027647818858,1,0.0,0.0,0.0006944444444444445,51.650804428911236,2.497617658534594,8999040.50398238,7176454.436820663,64.68847878703362,2023
29081,2020,8,bottom,Thunderstorm Wind,-14.946081243407718,1.5284179600449923,0.031104598624395408,1,0.0,0.0,0.002777777777777778,55.476198,2.7738099,3246792.622890334,2385399.33536,44.7378793851,2020
29081,2020,8,mid,Thunderstorm Wind,-7.637015744962682,0.7308375247732313,-3.1471211673187915,1,0.0,0.0,0.002777777777777778,55.476198,2.7738099,3246792.622890334,2385399.33536,44.7378793851,2020
29081,2020,8,top,Thunderstorm Wind,-16.143258567237922,1.6959674713977821,-8.641482655988787,1,0.0,0.0,0.002777777777777778,55.476198,2.7738099,3246792.622890334,2385399.33536,44.7378793851,2020
29081,2024,7,bottom,Thunderstorm Wind,-5.258275586985519,0.7214434420211929,-6.842422290939325,1,0.0,0.0,0.0006944444444444445,42.781256779625046,2.5115219371720783,6556999.169085484,4936147.080427268,67.6280490355155,2023
29081,2024,7,mid,Thunderstorm Wind,-0.7606156883244779,0.6523263206780476,-1.3753029473438545,1,0.0,0.0,0.0006944444444444445,42.781256779625046,2.5115219371720783,6556999.169085484,4936147.080427268,67.6280490355155,2023
29081,2024,7,top,Thunderstorm Wind,6.008956843154522,1.6854456410604397,-1.6602687004829637,1,0.0,0.0,0.0006944444444444445,42.781256779625046,2.5115219371720783,6556999.169085484,4936147.080427268,67.6280490355155,2023
29081,2025,6,bottom,"Flash Flood,Heavy Rain",-49.97604758654104,3.7923935414296266,6.219981627980222,6,0.0,0.0,3.7916666666666665,45.1677448714797,2.4812065168254396,8776773.629959831,6430779.042842431,72.48045795724077,2023
29081,2025,6,mid,"Flash Flood,Heavy Rain",-29.862913374766677,2.3713918196262074,3.93120710909038,6,0.0,0.0,3.7916666666666665,45.1677448714797,2.4812065168254396,8776773.629959831,6430779.042842431,72.48045795724077,2023
29081,2025,6,top,"Flash Flood,Heavy Rain",-0.6031073237856219,0.9269165222486541,7.988835907239064,6,0.0,0.0,3.7916666666666665,45.1677448714797,2.4812065168254396,8776773.629959831,6430779.042842431,72.48045795724077,2023
29089,2020,11,bottom,Thunderstorm Wind,12.276872461685215,1.6478196850572242,2.4341470279146287,1,0.0,0.0,0.0020833333333333333,55.8916,2.79458,2823730.196176374,2761286.27908,35.593220339,2020
29089,2020,11,mid,Thunderstorm Wind,46.39271425800946,3.1283577232889153,1.2725524707870193,1,0.0,0.0,0.0020833333333333333,55.8916,2.79458,2823730.196176374,2761286.27908,35.593220339,2020
29089,2020,11,top,Thunderstorm Wind,26.96793624553723,1.724001727550254,-6.495332166536177,1,0.0,0.0,0.0020833333333333333,55.8916,2.79458,2823730.196176374,2761286.27908,35.593220339,2020
29091,2024,3,bottom,Thunderstorm Wind,-13.070167388200389,0.7614560006610095,-4.144906121774558,3,4000.0,8.294299608857235,0.0,12.030902248385216,2.3961981147236995,28603585.928120784,21643303.44476627,65.40604439683949,2023
29091,2024,3,mid,Thunderstorm Wind,-6.525205092252264,0.28955174997205,-3.0507213862457263,3,4000.0,8.294299608857235,0.0,12.030902248385216,2.3961981147236995,28603585.928120784,21643303.44476627,65.40604439683949,2023
29091,2024,3,top,Thunderstorm Wind,-5.887353920802866,0.5201074935434096,-1.1211790358519143,3,4000.0,8.294299608857235,0.0,12.030902248385216,2.3961981147236995,28603585.928120784,21643303.44476627,65.40604439683949,2023
29095,2023,8,bottom,Thunderstorm Wind,-5.914506095930861,0.44699371199681276,2.959480786330545,1,0.0,0.0,0.001388888888888889,60.37694386901314,2.6195037630492424,130653145.05349272,122809888.95799321,61.26965200074574,2023
29095,2023,8,mid,Thunderstorm Wind,-2.9875716276770703,0.20127392851676681,1.3262466319776631,1,0.0,0.0,0.001388888888888889,60.37694386901314,2.6195037630492424,130653145.05349272,122809888.95799321,61.26965200074574,2023
29095,2023,8,top,Thunderstorm Wind,-3.0833750859530085,0.21998342481240646,1.04047829457555,1,0.0,0.0,0.001388888888888889,60.37694386901314,2.6195037630492424,130653145.05349272,122809888.95799321,61.26965200074574,2023
29103,2025,6,bottom,Thunderstorm Wind,43.31114505764866,4.073539050333076,-7.3351592394189895,2,0.0,0.0,0.004166666666666667,36.65929182530442,2.453966713876265,6823547.970919757,5171190.815246515,63.36827192448154,2023
29103,2025,6,mid,Thunderstorm Wind,38.46071920853174,4.032218324429272,-4.976537876564507,2,0.0,0.0,0.004166666666666667,36.65929182530442,2.453966713876265,6823547.970919757,5171190.815246515,63.36827192448154,2023
29103,2025,6,top,Thunderstorm Wind,33.75103262449768,4.765316240523654,-7.659524967511753,2,0.0,0.0,0.004166666666666667,36.65929182530442,2.453966713876265,6823547.970919757,5171190.815246515,63.36827192448154,2023
29107,2022,6,bottom,Thunderstorm Wind,14.47553972239443,1.7182087236627719,-1.4725389231456536,1,0.0,0.0,0.0020833333333333333,64.02166330108642,2.767085331325531,4183708.759633827,3938050.6525875935,26.964530415971026,2021
29107,2022,6,mid,Thunderstorm Wind,4.292423556647549,1.138171353431568,1.2946623614578716,1,0.0,0.0,0.0020833333333333333,64.02166330108642,2.767085331325531,4183708.759633827,3938050.6525875935,26.964530415971026,2021
29107,2022,6,top,Thunderstorm Wind,11.831732569837214,1.400204297362084,3.9913915053558973,1,0.0,0.0,0.0020833333333333333,64.02166330108642,2.767085331325531,4183708.759633827,3938050.6525875935,26.964530415971026,2021
29111,2020,5,bottom,Hail,-9.693267497827193,1.2898535703402803,6.926325347190016,1,0.0,0.0,0.0,53.6664,2.68332,4319640.196128431,3390569.93504,41.1115490737,2020
29111,2020,5,mid,Hail,-7.000392558475525,1.2341262614726434,5.49096793516722,1,0.0,0.0,0.0,53.6664,2.68332,4319640.196128431,3390569.93504,41.1115490737,2020
29111,2020,5,top,Hail,-2.1787421598404535,0.4020650430148712,5.827880620520607,1,0.0,0.0,0.0,53.6664,2.68332,4319640.196128431,3390569.93504,41.1115490737,2020
29113,2024,4,bottom,Hail,6.164064745694375,0.508989831387375,2.7311626848411046,3,0.0,0.0,0.04027777777777778,75.33590741068922,2.641908843993993,19219255.03058028,20351183.62173094,20.09225061370798,2023
29113,2024,4,mid,Hail,13.72851965238769,1.052145566336419,0.9895006375340074,3,0.0,0.0,0.04027777777777778,75.33590741068922,2.641908843993993,19219255.03058028,20351183.62173094,20.09225061370798,2023
29113,2024,4,top,Hail,8.965584147407483,0.6346557596860725,-1.2837850491311116,3,0.0,0.0,0.04027777777777778,75.33590741068922,2.641908843993993,19219255.03058028,20351183.62173094,20.09225061370798,2023
29113,2024,11,bottom,Tornado,14.653489752161391,0.7089843061311241,-2.253385635527555,2,0.0,0.0,0.001388888888888889,73.63755101287676,2.607821439596095,22038569.63813461,24316740.606635652,19.205001067410187,2023
29113,2024,11,mid,Tornado,8.992553092420167,0.5415453835759336,-1.5738785344139359,2,0.0,0.0,0.001388888888888889,73.63755101287676,2.607821439596095,22038569.63813461,24316740.606635652,19.205001067410187,2023
29113,2024,11,top,Tornado,7.170536970634302,0.4274428058160893,-1.861021081149526,2,0.0,0.0,0.001388888888888889,73.63755101287676,2.607821439596095,22038569.63813461,24316740.606635652,19.205001067410187,2023
29115,2020,5,bottom,Hail,17.241375190735425,2.748854215209909,0.7987147334236511,2,0.0,0.0,0.002777777777777778,56.510802,2.8255401,4178212.71560497,2878388.38048,48.2853764289,2020
29115,2020,5,mid,Hail,14.606318690357753,1.6247317631564133,5.348827882575364,2,0.0,0.0,0.002777777777777778,56.510802,2.8255401,4178212.71560497,2878388.38048,48.2853764289,2020
29115,2020,5,top,Hail,19.134178327954032,1.9049261329491995,-2.3913294913742456,2,0.0,0.0,0.002777777777777778,56.510802,2.8255401,4178212.71560497,2878388.38048,48.2853764289,2020
29115,2024,10,bottom,Thunderstorm Wind,6.917993571193691,1.5707849084835426,8.896745514829993,1,0.0,0.0,0.0006944444444444445,78.49507826929315,2.629484009332416,7809053.847475419,6484410.576083329,45.816485463333336,2023
29115,2024,10,mid,Thunderstorm Wind,12.540109385333821,2.2334549028321313,-2.8082762900983673,1,0.0,0.0,0.0006944444444444445,78.49507826929315,2.629484009332416,7809053.847475419,6484410.576083329,45.816485463333336,2023
29115,2024,10,top,Thunderstorm Wind,-5.305013525531393,0.6217341349295841,-2.0708554793877547,1,0.0,0.0,0.0006944444444444445,78.49507826929315,2.629484009332416,7809053.847475419,6484410.576083329,45.816485463333336,2023
29117,2024,10,bottom,Thunderstorm Wind,12.605863085534963,0.8216480145459327,3.1002317272304936,3,0.0,0.0,0.0020833333333333333,69.94603825078748,2.5985405862794155,6955411.935743793,7408946.769491242,26.06022135307469,2023
29117,2024,10,mid,Thunderstorm Wind,5.101409119455155,0.6645878525801088,-2.2536776435009025,3,0.0,0.0,0.0020833333333333333,69.94603825078748,2.5985405862794155,6955411.935743793,7408946.769491242,26.06022135307469,2023
29117,2024,10,top,Thunderstorm Wind,4.267928387965142,0.31307923887819855,1.241558582747487,3,0.0,0.0,0.0020833333333333333,69.94603825078748,2.5985405862794155,6955411.935743793,7408946.769491242,26.06022135307469,2023
29121,2020,7,bottom,Flood,0.011615740970881916,1.2814894972052175,1.3363948338770417,4,0.0,0.0,0.5,54.588398,2.7294199,4125836.010606518,2749973.6677,48.0094599921,2020
29121,2020,7,mid,Flood,-3.48905747027716,1.4012869740528797,5.0996422347098145,4,0.0,0.0,0.5,54.588398,2.7294199,4125836.010606518,2749973.6677,48.0094599921,2020
29121,2020,7,top,Flood,9.2877413811362,1.153181907217499,-0.633240348650915,4,0.0,0.0,0.5,54.588398,2.7294199,4125836.010606518,2749973.6677,48.0094599921,2020
29121,2022,6,bottom,Thunderstorm Wind,2.235029983393332,0.961890493082342,-9.4915852616044,2,0.0,0.0,0.004166666666666667,51.71909834094238,2.6687299048639295,4136149.8726445697,3132439.856518735,50.385320644750806,2021
29121,2022,6,mid,Thunderstorm Wind,31.78533074896019,2.52084755263533,-24.896193018434133,2,0.0,0.0,0.004166666666666667,51.71909834094238,2.6687299048639295,4136149.8726445697,3132439.856518735,50.385320644750806,2021
29121,2022,6,top,Thunderstorm Wind,12.812050164339084,0.7941610507297795,-3.0046128283222138,2,0.0,0.0,0.004166666666666667,51.71909834094238,2.6687299048639295,4136149.8726445697,3132439.856518735,50.385320644750806,2021
29121,2024,8,bottom,Hail,7.686202224725221,0.8858475765644782,5.544167268351217,2,0.0,0.0,0.001388888888888889,47.12777641485224,2.5254701919054807,8731346.079775449,7516722.589851549,52.40521330598011,2023
29121,2024,8,mid,Hail,0.6617693382514176,1.0124621693318285,-5.706812355739284,2,0.0,0.0,0.001388888888888889,47.12777641485224,2.5254701919054807,8731346.079775449,7516722.589851549,52.40521330598011,2023
29121,2024,8,top,Hail,-6.881692652562563,0.5881246721327372,-0.19771751673381743,2,0.0,0.0,0.001388888888888889,47.12777641485224,2.5254701919054807,8731346.079775449,7516722.589851549,52.40521330598011,2023
29123,2022,4,bottom,Hail,-1.1023278363663138,0.7059142074032069,2.8332503173071806,2,0.0,0.0,0.006944444444444444,54.70482651805115,2.6973200611349104,5289241.424273526,3768723.652750568,51.976326234612266,2021
29123,2022,4,mid,Hail,2.024351251336711,0.28585606826846166,2.8552912908371533,2,0.0,0.0,0.006944444444444444,54.70482651805115,2.6973200611349104,5289241.424273526,3768723.652750568,51.976326234612266,2021
29123,2022,4,top,Hail,-0.6297469418434645,0.4421307281462315,4.987260733163434,2,0.0,0.0,0.006944444444444444,54.70482651805115,2.6973200611349104,5289241.424273526,3768723.652750568,51.976326234612266,2021
29123,2024,6,bottom,Thunderstorm Wind,2.368878983231312,0.16522915848135927,-2.127608147362494,1,0.0,0.0,0.0,52.674106194634916,2.553868360799117,11600655.03312433,9727849.769820089,56.94361256598012,2023
29123,2024,6,mid,Thunderstorm Wind,-2.0967203129678893,0.1711797677865144,1.0892908319290058,1,0.0,0.0,0.0,52.674106194634916,2.553868360799117,11600655.03312433,9727849.769820089,56.94361256598012,2023
29123,2024,6,top,Thunderstorm Wind,-3.692855678304383,0.22741915384628766,1.134718270491291,1,0.0,0.0,0.0,52.674106194634916,2.553868360799117,11600655.03312433,9727849.769820089,56.94361256598012,2023
29127,2020,6,bottom,"Flash Flood,Hail",-11.289848896905596,1.1024515622376845,-0.7570801031155175,6,0.0,0.0,1.3541666666666667,57.2366,2.86183,7809985.633936807,5829233.44664,45.6444619629,2020
29127,2020,6,mid,"Flash Flood,Hail",-12.62030474615564,2.0034879053387704,0.10478406677353291,6,0.0,0.0,1.3541666666666667,57.2366,2.86183,7809985.633936807,5829233.44664,45.6444619629,2020
29127,2020,6,top,"Flash Flood,Hail",-8.63759007006422,1.8373248320315436,1.3869955442182278,6,0.0,0.0,1.3541666666666667,57.2366,2.86183,7809985.633936807,5829233.44664,45.6444619629,2020
29131,2024,11,bottom,Thunderstorm Wind,-0.5300693212686838,0.882452610232529,1.703987444664828,1,0.0,0.0,0.0,34.199055740447044,2.469619326765174,15066201.276316661,13935534.582917262,40.491204592452355,2023
29131,2024,11,mid,Thunderstorm Wind,-4.858099546609196,0.8973090622978707,1.953313734892281,1,0.0,0.0,0.0,34.199055740447044,2.469619326765174,15066201.276316661,13935534.582917262,40.491204592452355,2023
29131,2024,11,top,Thunderstorm Wind,-8.165570810397298,0.9949913622094818,2.164273657294179,1,0.0,0.0,0.0,34.199055740447044,2.469619326765174,15066201.276316661,13935534.582917262,40.491204592452355,2023
29131,2025,6,bottom,"Flash Flood,Hail,Thunderstorm Wind",12.715841194272244,0.8846816361241575,-6.946008623849996,9,37000.0,10.518700218288165,0.9222222222222222,33.2362249825747,2.443022608276234,17270959.240592573,16060678.667752936,40.9186260395934,2023
29131,2025,6,mid,"Flash Flood,Hail,Thunderstorm Wind",6.732065805247288,0.36724288547792283,-5.730724367470519,9,37000.0,10.518700218288165,0.9222222222222222,33.2362249825747,2.443022608276234,17270959.240592573,16060678.667752936,40.9186260395934,2023
29131,2025,6,top,"Flash Flood,Hail,Thunderstorm Wind",-0.03398921246373732,0.43329567542986325,-5.6757009633332745,9,37000.0,10.518700218288165,0.9222222222222222,33.2362249825747,2.443022608276234,17270959.240592573,16060678.667752936,40.9186260395934,2023
29133,2021,5,bottom,Tornado,19.781957286026397,2.1498395246571436,-2.750109436228584,2,170000.0,12.04355959836804,0.008333333333333333,52.881798,2.6440899,9687446.698239211,6311210.512315555,47.77296018919992,2020
29133,2021,5,mid,Tornado,5.552648087882403,1.1815612359072587,-0.7744513028287893,2,170000.0,12.04355959836804,0.008333333333333333,52.881798,2.6440899,9687446.698239211,6311210.512315555,47.77296018919992,2020
29133,2021,5,top,Tornado,21.74838923481822,3.2631904527757367,-1.8603539852440083,2,170000.0,12.04355959836804,0.008333333333333333,52.881798,2.6440899,9687446.698239211,6311210.512315555,47.77296018919992,2020
29133,2024,6,bottom,Thunderstorm Wind,4.847527303878749,0.5525153873898864,14.186900214443611,1,35000.0,10.463131911491967,0.0,24.786028221142725,2.444803288750444,19149017.854326032,14201608.761479426,79.82229670205966,2023
29133,2024,6,mid,Thunderstorm Wind,19.566823618844097,3.3239298180389723,1.1690496677902,1,35000.0,10.463131911491967,0.0,24.786028221142725,2.444803288750444,19149017.854326032,14201608.761479426,79.82229670205966,2023
29133,2024,6,top,Thunderstorm Wind,18.56292372106651,1.8050488763719055,-1.5749669775313322,1,35000.0,10.463131911491967,0.0,24.786028221142725,2.444803288750444,19149017.854326032,14201608.761479426,79.82229670205966,2023
29135,2024,4,bottom,Tornado,0.21981221092983105,0.6811000404914054,0.3030770278304307,2,400000.0,12.899222326086994,0.001388888888888889,49.81626984332041,2.549912668882472,7186762.360424437,6474504.24761173,48.592559733955966,2023
29135,2024,4,mid,Tornado,0.20268030052747577,0.6135131751017374,-0.6130737547995674,2,400000.0,12.899222326086994,0.001388888888888889,49.81626984332041,2.549912668882472,7186762.360424437,6474504.24761173,48.592559733955966,2023
29135,2024,4,top,Tornado,4.387336231293844,0.8487236214614122,-1.183942607737933,2,400000.0,12.899222326086994,0.001388888888888889,49.81626984332041,2.549912668882472,7186762.360424437,6474504.24761173,48.592559733955966,2023
29141,2022,5,bottom,Flood,-24.06572819369842,3.0681988136615255,-0.25438427333439034,4,0.0,0.0,1.6027777777777779,36.117250014305114,2.4967478657245636,6286735.530253659,4358996.620143776,58.79570488070802,2021
29141,2022,5,mid,Flood,-6.079089137746266,1.1487861319165702,-1.1910845210151848,4,0.0,0.0,1.6027777777777779,36.117250014305114,2.4967478657245636,6286735.530253659,4358996.620143776,58.79570488070802,2021
29141,2022,5,top,Flood,-5.676651994941054,0.6074255544659111,3.7150908501822877,4,0.0,0.0,1.6027777777777779,36.117250014305114,2.4967478657245636,6286735.530253659,4358996.620143776,58.79570488070802,2021
29141,2023,2,bottom,Thunderstorm Wind,-34.733331241296455,3.029856888033806,4.196610841059713,3,0.0,0.0,0.0,14.150725035762786,2.434749664311409,7568540.670301201,5810789.115006138,74.73857241067823,2021
29141,2023,2,mid,Thunderstorm Wind,-27.09261319549448,2.7941958367632815,2.5516474239983893,3,0.0,0.0,0.0,14.150725035762786,2.434749664311409,7568540.670301201,5810789.115006138,74.73857241067823,2021
29141,2023,2,top,Thunderstorm Wind,-16.233335570222536,2.458031230903071,3.266170457008291,3,0.0,0.0,0.0,14.150725035762786,2.434749664311409,7568540.670301201,5810789.115006138,74.73857241067823,2021
29143,2024,6,bottom,Hail,59.874248453459074,4.01396598839686,-1.7905330791822252,2,0.0,0.0,0.004166666666666667,32.84706949785079,2.477878234091242,27562922.86107801,21884241.85785616,68.13046495454546,2023
29143,2024,6,mid,Hail,32.5633129343865,2.43811671765128,3.3079655782285093,2,0.0,0.0,0.004166666666666667,32.84706949785079,2.477878234091242,27562922.86107801,21884241.85785616,68.13046495454546,2023
29143,2024,6,top,Hail,21.758815105058886,1.5544464876256086,0.4589031857316333,2,0.0,0.0,0.004166666666666667,32.84706949785079,2.477878234091242,27562922.86107801,21884241.85785616,68.13046495454546,2023
29145,2024,10,bottom,Hail,5.873419198326118,0.36705571985424074,2.5653927705718096,1,0.0,0.0,0.0,39.52456839816849,2.4916255630664654,32136715.607664775,27988574.10565762,50.426039664615296,2023
29145,2024,10,mid,Hail,10.859606028972493,0.6295728967501737,-0.6001488362528088,1,0.0,0.0,0.0,39.52456839816849,2.4916255630664654,32136715.607664775,27988574.10565762,50.426039664615296,2023
29145,2024,10,top,Hail,9.796470164758091,0.42508616258190995,-0.37949084692451623,1,0.0,0.0,0.0,39.52456839816849,2.4916255630664654,32136715.607664775,27988574.10565762,50.426039664615296,2023
29147,2024,10,bottom,Thunderstorm Wind,7.507269926960774,0.6453978268097137,1.230873633989674,10,0.0,0.0,0.0076388888888888895,67.81868056492095,2.5911061578879617,11987249.460856725,12735677.000603523,22.205826333104877,2023
29147,2024,10,mid,Thunderstorm Wind,-5.05561688288752,0.5634256745429346,1.7525420506715175,10,0.0,0.0,0.0076388888888888895,67.81868056492095,2.5911061578879617,11987249.460856725,12735677.000603523,22.205826333104877,2023
29147,2024,10,top,Thunderstorm Wind,-4.248853512639201,0.3805798632443541,3.042074660138804,10,0.0,0.0,0.0076388888888888895,67.81868056492095,2.5911061578879617,11987249.460856725,12735677.000603523,22.205826333104877,2023
29151,2021,6,bottom,Thunderstorm Wind,-27.24552389755887,2.707807039201393,1.0014499444686369,1,0.0,0.0,0.0,58.28559799999999,2.9142799,2390657.593519981,3408199.776393298,22.27039810800092,2020
29151,2021,6,mid,Thunderstorm Wind,-27.982713772586663,2.7471045427130103,1.14110221437907,1,0.0,0.0,0.0,58.28559799999999,2.9142799,2390657.593519981,3408199.776393298,22.27039810800092,2020
29151,2021,6,top,Thunderstorm Wind,-20.596364922957434,2.0773364921312245,-0.32652275116011253,1,0.0,0.0,0.0,58.28559799999999,2.9142799,2390657.593519981,3408199.776393298,22.27039810800092,2020
29157,2023,7,bottom,Thunderstorm Wind,17.396205491575884,1.2021233216593303,-3.679371074443457,1,0.0,0.0,0.0,81.72749516392041,2.704317831470692,9304297.302934268,9108451.511164952,21.093526502883226,2023
29157,2023,7,mid,Thunderstorm Wind,7.788578372124533,0.6641322272070858,-0.2911680597744635,1,0.0,0.0,0.0,81.72749516392041,2.704317831470692,9304297.302934268,9108451.511164952,21.093526502883226,2023
29157,2023,7,top,Thunderstorm Wind,3.2121566871153675,0.14108989561865473,1.2988280473243634,1,0.0,0.0,0.0,81.72749516392041,2.704317831470692,9304297.302934268,9108451.511164952,21.093526502883226,2023
29159,2024,10,bottom,Thunderstorm Wind,3.475998689932709,0.6774979541981249,1.7087197046345086,1,0.0,0.0,0.0006944444444444445,69.09268421082207,2.5962173442024223,18737989.12984561,17354070.8795398,50.4530402086991,2023
29159,2024,10,mid,Thunderstorm Wind,8.823414784039286,1.1390839069846386,2.753483227130374,1,0.0,0.0,0.0006944444444444445,69.09268421082207,2.5962173442024223,18737989.12984561,17354070.8795398,50.4530402086991,2023
29159,2024,10,top,Thunderstorm Wind,9.084383428131389,1.094622994512918,2.443862164530254,1,0.0,0.0,0.0006944444444444445,69.09268421082207,2.5962173442024223,18737989.12984561,17354070.8795398,50.4530402086991,2023
29163,2020,5,bottom,Thunderstorm Wind,-16.362585730411936,2.1604797060482075,2.0917102995768553,1,0.0,0.0,0.0,55.022002,2.7511001,4674923.573896022,5127828.20145,30.7055577454,2020
29163,2020,5,mid,Thunderstorm Wind,-7.029430396468598,1.7612533877494219,-2.0440318917088027,1,0.0,0.0,0.0,55.022002,2.7511001,4674923.573896022,5127828.20145,30.7055577454,2020
29163,2020,5,top,Thunderstorm Wind,3.080995966699348,0.5073395592356879,-1.059653269825257,1,0.0,0.0,0.0,55.022002,2.7511001,4674923.573896022,5127828.20145,30.7055577454,2020
29171,2020,5,bottom,Hail,-5.604320758949186,1.8601713160908493,-2.2421801509418153,1,0.0,0.0,0.0006944444444444445,55.640202,2.7820101,3232929.445746393,2514691.86107,43.003547497,2020
29171,2020,5,mid,Hail,0.2270437706911963,0.4955580441104429,6.0436741016028135,1,0.0,0.0,0.0006944444444444445,55.640202,2.7820101,3232929.445746393,2514691.86107,43.003547497,2020
29171,2020,5,top,Hail,4.153186404931418,0.2962762773337735,3.7412582378024695,1,0.0,0.0,0.0006944444444444445,55.640202,2.7820101,3232929.445746393,2514691.86107,43.003547497,2020
29179,2022,4,bottom,Hail,7.2097963600727155,0.6553708461993265,0.4966908257370572,1,0.0,0.0,0.0,43.39038916110229,2.591036308645821,3812630.6634013583,2527244.075671198,52.19288790418635,2021
29179,2022,4,mid,Hail,9.81678404431618,0.634577161679797,-0.23183601811484303,1,0.0,0.0,0.0,43.39038916110229,2.591036308645821,3812630.6634013583,2527244.075671198,52.19288790418635,2021
29179,2022,4,top,Hail,11.496285718050046,0.6987897745450765,0.34196043283465843,1,0.0,0.0,0.0,43.39038916110229,2.591036308645821,3812630.6634013583,2527244.075671198,52.19288790418635,2021
29183,2024,4,bottom,Hail,1.9967751349547314,0.3633599724991822,3.2495854475700128,4,0.0,0.0,0.018055555555555557,95.79160946944471,2.7562161367083924,91168821.98655751,133216429.3374463,6.366797690989435,2023
29183,2024,4,mid,Hail,11.993750815281317,0.9124716844200941,0.8832837126366732,4,0.0,0.0,0.018055555555555557,95.79160946944471,2.7562161367083924,91168821.98655751,133216429.3374463,6.366797690989435,2023
29183,2024,4,top,Hail,6.816693371345806,0.5025222075481826,-0.536509953243197,4,0.0,0.0,0.018055555555555557,95.79160946944471,2.7562161367083924,91168821.98655751,133216429.3374463,6.366797690989435,2023
29186,2024,8,bottom,Thunderstorm Wind,5.824307992202407,0.39373568203350884,-1.8257174244231986,1,40000.0,10.596659732783579,0.0,83.01637303716133,2.6564323472929097,12558556.089444567,14547275.460002726,12.141272115369318,2023
29186,2024,8,mid,Thunderstorm Wind,4.19707238343004,0.2507189771763692,-1.120361027979475,1,40000.0,10.596659732783579,0.0,83.01637303716133,2.6564323472929097,12558556.089444567,14547275.460002726,12.141272115369318,2023
29186,2024,8,top,Thunderstorm Wind,8.232931219056567,0.7432517484957313,-0.8842484320959869,1,40000.0,10.596659732783579,0.0,83.01637303716133,2.6564323472929097,12558556.089444567,14547275.460002726,12.141272115369318,2023
29187,2022,5,bottom,"Hail,Thunderstorm Wind",-0.036837520830871995,0.3383905414860048,2.431752522256384,4,108000.0,11.58989576532275,0.02361111111111111,52.931498177795405,2.7117492262496947,12523944.01400682,11325785.886549506,47.564564894351804,2021
29187,2022,5,mid,"Hail,Thunderstorm Wind",2.7736183850510088,0.0997864216974041,1.8834530447455318,4,108000.0,11.58989576532275,0.02361111111111111,52.931498177795405,2.7117492262496947,12523944.01400682,11325785.886549506,47.564564894351804,2021
29187,2022,5,top,"Hail,Thunderstorm Wind",5.694174436578308,0.22229031066456967,4.646202786195839,4,108000.0,11.58989576532275,0.02361111111111111,52.931498177795405,2.7117492262496947,12523944.01400682,11325785.886549506,47.564564894351804,2021
29187,2024,4,bottom,Thunderstorm Wind,3.261653781910965,0.42998472791164616,-0.8600740525883358,1,0.0,0.0,0.0,50.51611442721812,2.551570977353042,27846517.671290554,23655914.41509537,63.294724222071494,2023
29187,2024,4,mid,Thunderstorm Wind,-2.690768636786345,0.09832391249620781,-0.8647016030390802,1,0.0,0.0,0.0,50.51611442721812,2.551570977353042,27846517.671290554,23655914.41509537,63.294724222071494,2023
29187,2024,4,top,Thunderstorm Wind,-2.4645987669110383,0.14908398888699093,-1.713858255839682,1,0.0,0.0,0.0,50.51611442721812,2.551570977353042,27846517.671290554,23655914.41509537,63.294724222071494,2023
29189,2024,4,bottom,"Flash Flood,Hail,Thunderstorm Wind,Tornado",-17.717977728383474,1.4049786590786966,-0.5009327974391672,21,3435000.0,15.04952777475936,0.1875,78.47907539395325,2.6535152583144828,471623414.1279166,479995497.7989865,31.667160012192827,2023
29189,2024,4,mid,"Flash Flood,Hail,Thunderstorm Wind,Tornado",0.8225405676386544,0.6492213964519195,-1.0870140064895821,21,3435000.0,15.04952777475936,0.1875,78.47907539395325,2.6535152583144828,471623414.1279166,479995497.7989865,31.667160012192827,2023
29189,2024,4,top,"Flash Flood,Hail,Thunderstorm Wind,Tornado",7.695123582113311,0.9003579192530211,-1.470225965792731,21,3435000.0,15.04952777475936,0.1875,78.47907539395325,2.6535152583144828,471623414.1279166,479995497.7989865,31.667160012192827,2023
29195,2020,4,bottom,Tornado,-5.142269018183015,0.3257727218928104,-0.23163013441736288,1,0.0,0.0,0.0,57.237402,2.8618701,5426054.100646465,4243634.17587,44.0677966102,2020
29195,2020,4,mid,Tornado,-11.076850647812137,0.9155360713666352,1.6946028414295615,1,0.0,0.0,0.0,57.237402,2.8618701,5426054.100646465,4243634.17587,44.0677966102,2020
29195,2020,4,top,Tornado,-0.9601378631937649,0.4398283007289181,-2.5163270671692195,1,0.0,0.0,0.0,57.237402,2.8618701,5426054.100646465,4243634.17587,44.0677966102,2020
29195,2021,6,bottom,Flash Flood,-42.44147180386982,1.4714758790711515,15.359960179226519,8,0.0,0.0,0.3333333333333333,57.237402,2.8618701,4866377.902632599,3805919.9553225753,44.0677966101822,2020
29195,2021,6,mid,Flash Flood,-48.23986363806658,2.2933626433510113,14.716958571091851,8,0.0,0.0,0.3333333333333333,57.237402,2.8618701,4866377.902632599,3805919.9553225753,44.0677966101822,2020
29195,2021,6,top,Flash Flood,-26.256283539798076,1.0731111059272815,11.048555073527046,8,0.0,0.0,0.3333333333333333,57.237402,2.8618701,4866377.902632599,3805919.9553225753,44.0677966101822,2020
29195,2022,6,bottom,Thunderstorm Wind,55.211631730067154,6.3131304565992625,14.87269340348486,1,0.0,0.0,0.0020833333333333333,63.98479022717285,2.783588183987045,4999530.723186621,4126426.471684479,49.85251099376355,2021
29195,2022,6,mid,Thunderstorm Wind,102.51434450653856,9.275529169972474,-12.582454035085092,1,0.0,0.0,0.0020833333333333333,63.98479022717285,2.783588183987045,4999530.723186621,4126426.471684479,49.85251099376355,2021
29195,2022,6,top,Thunderstorm Wind,54.0020240949154,5.515038490763503,7.718526353720018,1,0.0,0.0,0.0020833333333333333,63.98479022717285,2.783588183987045,4999530.723186621,4126426.471684479,49.85251099376355,2021
29195,2024,8,bottom,Thunderstorm Wind,-3.283868969444015,1.4793544394523646,-0.459927510747922,1,0.0,0.0,0.0006944444444444445,73.63606315269826,2.6186570015181108,11815380.656449733,10397832.204294868,54.091643594801134,2023
29195,2024,8,mid,Thunderstorm Wind,-12.013974853133647,1.9788645383185772,-1.6262844605290685,1,0.0,0.0,0.0006944444444444445,73.63606315269826,2.6186570015181108,11815380.656449733,10397832.204294868,54.091643594801134,2023
29195,2024,8,top,Thunderstorm Wind,-12.885007952454202,1.3798115335790673,0.38985086045242195,1,0.0,0.0,0.0006944444444444445,73.63606315269826,2.6186570015181108,11815380.656449733,10397832.204294868,54.091643594801134,2023
29197,2025,6,bottom,Thunderstorm Wind,18.271408890798185,3.060975744094777,-12.304152830128373,1,0.0,0.0,0.0006944444444444445,22.012408008350423,2.4016409758756434,2493381.6688834457,1883324.6829422694,61.28487162090909,2023
29197,2025,6,mid,Thunderstorm Wind,3.9406941326966063,2.2237491275717938,-4.6949712954696095,1,0.0,0.0,0.0006944444444444445,22.012408008350423,2.4016409758756434,2493381.6688834457,1883324.6829422694,61.28487162090909,2023
29197,2025,6,top,Thunderstorm Wind,-14.596943807977851,0.668076405415377,-0.7065451737595746,1,0.0,0.0,0.0006944444444444445,22.012408008350423,2.4016409758756434,2493381.6688834457,1883324.6829422694,61.28487162090909,2023
29199,2021,6,bottom,"Flash Flood,Hail,Heavy Rain,Thunderstorm Wind",-74.72783672885014,6.26817635964997,-9.852591957112935,7,0.0,0.0,0.75,53.966598,2.6983299,2746408.4005041667,1759582.6516775016,49.507292077274684,2020
29199,2021,6,mid,"Flash Flood,Hail,Heavy Rain,Thunderstorm Wind",-30.647904682095145,2.32143833554998,-7.3944103040875575,7,0.0,0.0,0.75,53.966598,2.6983299,2746408.4005041667,1759582.6516775016,49.507292077274684,2020
29199,2021,6,top,"Flash Flood,Hail,Heavy Rain,Thunderstorm Wind",-16.04571417245174,1.4215494424369581,-4.515933588441911,7,0.0,0.0,0.75,53.966598,2.6983299,2746408.4005041667,1759582.6516775016,49.507292077274684,2020
29205,2022,6,bottom,Thunderstorm Wind,6.72991056258121,0.5497587191190233,-1.670339560266612,1,500.0,6.2166061010848646,0.0,64.6520625,2.7851403844594955,2085034.8583115817,1772559.83956509,39.16548056982143,2021
29205,2022,6,mid,Thunderstorm Wind,3.5370670822371864,0.5203020103710794,-2.4258490369206194,1,500.0,6.2166061010848646,0.0,64.6520625,2.7851403844594955,2085034.8583115817,1772559.83956509,39.16548056982143,2021
29205,2022,6,top,Thunderstorm Wind,13.420385846558318,0.9707971728870446,-1.2988385687556938,1,500.0,6.2166061010848646,0.0,64.6520625,2.7851403844594955,2085034.8583115817,1772559.83956509,39.16548056982143,2021
29205,2025,8,bottom,"Thunderstorm Wind,Tornado",-20.597814915054045,1.31846610882546,1.0080954664240949,6,390000.0,12.873904582205107,0.005555555555555556,76.11099545069011,2.5793088575299032,6034638.200871985,6094007.201538272,32.05713776938329,2023
29205,2025,8,mid,"Thunderstorm Wind,Tornado",-10.947504669431979,1.4927475506710604,-1.2192492077164303,6,390000.0,12.873904582205107,0.005555555555555556,76.11099545069011,2.5793088575299032,6034638.200871985,6094007.201538272,32.05713776938329,2023
29205,2025,8,top,"Thunderstorm Wind,Tornado",-16.797863668029976,2.6930000216823555,0.12660463354281623,6,390000.0,12.873904582205107,0.005555555555555556,76.11099545069011,2.5793088575299032,6034638.200871985,6094007.201538272,32.05713776938329,2023
29217,2024,4,bottom,"Flash Flood,Flood,Tornado",23.828617561019243,1.2881113304638623,-14.449831284589294,50,80000.0,11.289794413577894,20.38611111111111,51.93005545577397,2.558502733507413,8592240.48908038,7789728.57277108,55.35237875090909,2023
29217,2024,4,mid,"Flash Flood,Flood,Tornado",-3.73103840982634,1.276695782136227,-8.895665317691964,50,80000.0,11.289794413577894,20.38611111111111,51.93005545577397,2.558502733507413,8592240.48908038,7789728.57277108,55.35237875090909,2023
29217,2024,4,top,"Flash Flood,Flood,Tornado",2.340400762287885,1.2575631081401775,-6.738899145528786,50,80000.0,11.289794413577894,20.38611111111111,51.93005545577397,2.558502733507413,8592240.48908038,7789728.57277108,55.35237875090909,2023
29219,2022,3,bottom,Thunderstorm Wind,-7.216840769354434,1.2592915999333394,4.5572542824976665,2,0.0,0.0,0.002777777777777778,59.82050127111817,2.7617490859443663,5669325.243466135,5797364.891361596,29.21760532505455,2021
29219,2022,3,mid,Thunderstorm Wind,-4.722666849205396,0.6883309382328284,3.305582766152947,2,0.0,0.0,0.002777777777777778,59.82050127111817,2.7617490859443663,5669325.243466135,5797364.891361596,29.21760532505455,2021
29219,2022,3,top,Thunderstorm Wind,-10.522421007481526,1.036726022043582,2.643437766560851,2,0.0,0.0,0.002777777777777778,59.82050127111817,2.7617490859443663,5669325.243466135,5797364.891361596,29.21760532505455,2021
30003,2020,7,bottom,"Hail,Thunderstorm Wind",27.796270816550802,2.7402570958804913,-8.003062314862339,3,0.0,0.0,0.0,54.7786,2.73893,2654413.170870725,1440704.85354,70.3192747339,2020
30003,2020,7,mid,"Hail,Thunderstorm Wind",14.370206554303152,1.618216909566404,-4.665821213318519,3,0.0,0.0,0.0,54.7786,2.73893,2654413.170870725,1440704.85354,70.3192747339,2020
30003,2020,7,top,"Hail,Thunderstorm Wind",20.436987382079707,2.11438305157948,-5.181942534984543,3,0.0,0.0,0.0,54.7786,2.73893,2654413.170870725,1440704.85354,70.3192747339,2020
30007,2020,8,bottom,Thunderstorm Wind,7.957976752581516,1.472628086539218,0.30577386684881463,1,0.0,0.0,0.0,54.678002,2.7339001,872051.8059885332,1085789.14674,26.0149783209,2020
30007,2020,8,mid,Thunderstorm Wind,3.1642466370995947,0.7755368242249445,-0.45256802298703747,1,0.0,0.0,0.0,54.678002,2.7339001,872051.8059885332,1085789.14674,26.0149783209,2020
30007,2020,8,top,Thunderstorm Wind,7.064269506258043,0.9966932041235099,-0.9186461626472399,1,0.0,0.0,0.0,54.678002,2.7339001,872051.8059885332,1085789.14674,26.0149783209,2020
30007,2021,7,bottom,Thunderstorm Wind,9.758604667945704,1.053589826668879,-0.4046213152288563,3,0.0,0.0,0.0,54.678002000000006,2.7339001,811131.205701071,1009937.085944105,26.014978320867602,2020
30007,2021,7,mid,Thunderstorm Wind,5.038277812634348,0.4962758535973572,-0.8336369913641448,3,0.0,0.0,0.0,54.678002000000006,2.7339001,811131.205701071,1009937.085944105,26.014978320867602,2020
30007,2021,7,top,Thunderstorm Wind,1.1544339424619352,0.5074624423931352,0.06440404035371709,3,0.0,0.0,0.0,54.678002000000006,2.7339001,811131.205701071,1009937.085944105,26.014978320867602,2020
30009,2021,5,bottom,Hail,-0.1817904061778819,0.34033281722443376,-8.87116868551785,2,0.0,0.0,0.0,55.622,2.7811,2245964.221998443,2072648.7104088059,37.28813559321017,2020
30009,2021,5,mid,Hail,9.406475584158528,0.7613807443622771,-7.164509743009542,2,0.0,0.0,0.0,55.622,2.7811,2245964.221998443,2072648.7104088059,37.28813559321017,2020
30009,2021,5,top,Hail,10.458691552818209,0.8078634949178451,-8.126539252826868,2,0.0,0.0,0.0,55.622,2.7811,2245964.221998443,2072648.7104088059,37.28813559321017,2020
30015,2021,7,bottom,Thunderstorm Wind,-28.47359864472891,1.768093420162272,2.536241351310404,5,0.0,0.0,0.0,56.7866,2.83933,1958418.0895359057,1212418.3607173907,54.59203783997898,2020
30015,2021,7,mid,Thunderstorm Wind,-1.920082002909595,0.2806978164532431,0.83579685285144,5,0.0,0.0,0.0,56.7866,2.83933,1958418.0895359057,1212418.3607173907,54.59203783997898,2020
30015,2021,7,top,Thunderstorm Wind,-2.7216612753341423,0.5784197292561897,-1.809201039855921,5,0.0,0.0,0.0,56.7866,2.83933,1958418.0895359057,1212418.3607173907,54.59203783997898,2020
30027,2021,7,bottom,"Hail,Thunderstorm Wind",7.35743213397302,1.2211056481092208,1.1580437150560385,5,0.0,0.0,0.0,55.5542,2.77771,2467437.0796180284,1911285.677770883,43.082380764688466,2020
30027,2021,7,mid,"Hail,Thunderstorm Wind",8.945426449542722,0.8101780692549946,0.2803201936117243,5,0.0,0.0,0.0,55.5542,2.77771,2467437.0796180284,1911285.677770883,43.082380764688466,2020
30027,2021,7,top,"Hail,Thunderstorm Wind",15.00939487725445,1.3224307756077538,0.10110455697133129,5,0.0,0.0,0.0,55.5542,2.77771,2467437.0796180284,1911285.677770883,43.082380764688466,2020
30029,2022,6,bottom,"Flash Flood,Flood",-16.991477247119207,2.3118996648720436,-3.958886154922889,10,2500000.0,14.731801689838349,81.8576388888889,51.855975323913576,2.6219087865947723,18505882.33357774,17295882.95659348,30.027701709840915,2021
30029,2022,6,mid,"Flash Flood,Flood",-17.52420247452757,2.256302273882858,-5.81465995114426,10,2500000.0,14.731801689838349,81.8576388888889,51.855975323913576,2.6219087865947723,18505882.33357774,17295882.95659348,30.027701709840915,2021
30029,2022,6,top,"Flash Flood,Flood",-14.79874881145551,1.8102685386316597,-5.718766477365122,10,2500000.0,14.731801689838349,81.8576388888889,51.855975323913576,2.6219087865947723,18505882.33357774,17295882.95659348,30.027701709840915,2021
30029,2024,8,bottom,"Hail,Thunderstorm Wind",-6.150415982642144,0.8344570074115093,2.3590334129350907,2,100000.0,11.51293546492023,0.034027777777777775,48.440546571541994,2.5300800770271072,45431332.76508776,50606077.21054303,19.22475562162642,2023
30029,2024,8,mid,"Hail,Thunderstorm Wind",-5.3458802125422835,0.7799339075004951,0.12914036617114277,2,100000.0,11.51293546492023,0.034027777777777775,48.440546571541994,2.5300800770271072,45431332.76508776,50606077.21054303,19.22475562162642,2023
30029,2024,8,top,"Hail,Thunderstorm Wind",-5.1629221260723455,0.8661744475222958,-1.550594008860519,2,100000.0,11.51293546492023,0.034027777777777775,48.440546571541994,2.5300800770271072,45431332.76508776,50606077.21054303,19.22475562162642,2023
30035,2020,6,bottom,"Hail,Thunderstorm Wind",23.971277474267325,1.5172752827028932,0.518738561779538,3,0.0,0.0,0.0,53.576002,2.6788001,2022107.9452800937,1076535.97286,75.7193535672,2020
30035,2020,6,mid,"Hail,Thunderstorm Wind",20.236947983909374,1.235925015888314,-1.1535060641640673,3,0.0,0.0,0.0,53.576002,2.6788001,2022107.9452800937,1076535.97286,75.7193535672,2020
30035,2020,6,top,"Hail,Thunderstorm Wind",17.874587826566355,1.052434968851565,-2.9626178579731524,3,0.0,0.0,0.0,53.576002,2.6788001,2022107.9452800937,1076535.97286,75.7193535672,2020
30035,2021,7,bottom,"Hail,Thunderstorm Wind",-26.246040184484215,2.267079434387826,-7.76266787783922,6,0.0,0.0,0.0,53.576002,2.6788001,1835793.730380594,977345.4449444901,75.71935356720357,2020
30035,2021,7,mid,"Hail,Thunderstorm Wind",-17.069536212986435,1.3319843795945898,-5.182168557354444,6,0.0,0.0,0.0,53.576002,2.6788001,1835793.730380594,977345.4449444901,75.71935356720357,2020
30035,2021,7,top,"Hail,Thunderstorm Wind",-11.95181392186413,0.5855521682998626,-1.0800915932792396,6,0.0,0.0,0.0,53.576002,2.6788001,1835793.730380594,977345.4449444901,75.71935356720357,2020
30037,2022,7,bottom,Hail,-7.052472247055732,0.5867198811848787,-3.782501348112073,1,0.0,0.0,0.0,38.719000847412104,2.615009070996094,236381.86068405252,233970.60476240405,25.560443379910012,2021
30037,2022,7,mid,Hail,-17.91276323830941,1.3514987336702624,-0.2808278363676777,1,0.0,0.0,0.0,38.719000847412104,2.615009070996094,236381.86068405252,233970.60476240405,25.560443379910012,2021
30037,2022,7,top,Hail,-3.759852394760472,1.1046699222214655,-10.902841649752594,1,0.0,0.0,0.0,38.719000847412104,2.615009070996094,236381.86068405252,233970.60476240405,25.560443379910012,2021
30039,2021,7,bottom,Hail,-6.0009665822528575,0.2163683386183027,0.5019328449352448,2,0.0,0.0,0.10416666666666667,51.243399999999994,2.56217,919769.2477859479,575252.8692508127,48.561292865592854,2020
30039,2021,7,mid,Hail,-14.026926016752483,1.005598010089438,-1.5167170608536555,2,0.0,0.0,0.10416666666666667,51.243399999999994,2.56217,919769.2477859479,575252.8692508127,48.561292865592854,2020
30039,2021,7,top,Hail,-12.266637040008035,1.041114430787953,-2.005111019484332,2,0.0,0.0,0.10416666666666667,51.243399999999994,2.56217,919769.2477859479,575252.8692508127,48.561292865592854,2020
30039,2025,7,bottom,Thunderstorm Wind,-17.123545267298994,1.5128995916094818,-1.6892154861030946,1,0.0,0.0,0.017361111111111112,28.746688383768493,2.4221880935117226,4301462.17579248,3788093.9069638834,43.87823658796786,2023
30039,2025,7,mid,Thunderstorm Wind,-8.172574331998689,1.049158101406975,-1.443613908482149,1,0.0,0.0,0.017361111111111112,28.746688383768493,2.4221880935117226,4301462.17579248,3788093.9069638834,43.87823658796786,2023
30039,2025,7,top,Thunderstorm Wind,-11.377646106549633,1.0624873230841227,-0.5057724093581489,1,0.0,0.0,0.017361111111111112,28.746688383768493,2.4221880935117226,4301462.17579248,3788093.9069638834,43.87823658796786,2023
30043,2024,8,bottom,Thunderstorm Wind,11.904427573353502,1.2933760798627878,1.222528825862052,2,0.0,0.0,0.0,38.99242934398252,2.4970333648651755,5000969.767851306,5281534.730503322,17.06233944576823,2023
30043,2024,8,mid,Thunderstorm Wind,4.791975286963236,0.51579925804821,1.0025236464915774,2,0.0,0.0,0.0,38.99242934398252,2.4970333648651755,5000969.767851306,5281534.730503322,17.06233944576823,2023
30043,2024,8,top,Thunderstorm Wind,1.1444146354157994,0.3808929162274008,0.6788923254973346,2,0.0,0.0,0.0,38.99242934398252,2.4970333648651755,5000969.767851306,5281534.730503322,17.06233944576823,2023
30047,2021,6,bottom,Thunderstorm Wind,0.8641919055208973,0.8108486867240651,0.2508497194016665,2,10000.0,9.210440366976517,0.020833333333333332,52.470997999999994,2.6235499,7727787.2600423675,4510085.590999392,55.77453685457236,2020
30047,2021,6,mid,Thunderstorm Wind,1.562747480820022,0.45639281862023323,0.6548126829436379,2,10000.0,9.210440366976517,0.020833333333333332,52.470997999999994,2.6235499,7727787.2600423675,4510085.590999392,55.77453685457236,2020
30047,2021,6,top,Thunderstorm Wind,15.31495554215796,0.913800175277166,0.12348785362237891,2,10000.0,9.210440366976517,0.020833333333333332,52.470997999999994,2.6235499,7727787.2600423675,4510085.590999392,55.77453685457236,2020
30049,2021,7,bottom,Hail,-0.8613176038069952,0.304966123028246,3.0922862799722566,2,0.0,0.0,0.0,57.802600000000005,2.89013,3202810.7493163897,3509752.9298633966,32.28222309813161,2020
30049,2021,7,mid,Hail,-4.946257546978941,0.3210712010608191,2.5899806009896054,2,0.0,0.0,0.0,57.802600000000005,2.89013,3202810.7493163897,3509752.9298633966,32.28222309813161,2020
30049,2021,7,top,Hail,-0.6026330498841617,0.27015639156418475,2.6541686738706574,2,0.0,0.0,0.0,57.802600000000005,2.89013,3202810.7493163897,3509752.9298633966,32.28222309813161,2020
30051,2021,7,bottom,Thunderstorm Wind,-50.82485569292531,3.3899164145338037,5.904206394986583,2,0.0,0.0,0.0,53.944402,2.6972201,974872.2313546388,542741.1860383587,63.06661411116994,2020
30051,2021,7,mid,Thunderstorm Wind,-24.79840865152758,1.4628644570486427,3.960209128522228,2,0.0,0.0,0.0,53.944402,2.6972201,974872.2313546388,542741.1860383587,63.06661411116994,2020
30051,2021,7,top,Thunderstorm Wind,-16.07390159679605,1.1273164933501114,-1.3653324086711127,2,0.0,0.0,0.0,53.944402,2.6972201,974872.2313546388,542741.1860383587,63.06661411116994,2020
30051,2023,8,bottom,Thunderstorm Wind,-15.777201340692727,2.096598477640717,1.205760746492705,1,0.0,0.0,0.0,12.645702603255069,2.4190012572883375,1015744.1496871741,797308.9638566176,44.27100714053622,2023
30051,2023,8,mid,Thunderstorm Wind,-10.206157288238629,1.2385139131523863,0.8412854983905618,1,0.0,0.0,0.0,12.645702603255069,2.4190012572883375,1015744.1496871741,797308.9638566176,44.27100714053622,2023
30051,2023,8,top,Thunderstorm Wind,-7.653191051135877,1.05262135248798,-2.126119618550826,1,0.0,0.0,0.0,12.645702603255069,2.4190012572883375,1015744.1496871741,797308.9638566176,44.27100714053622,2023
30053,2020,6,bottom,Thunderstorm Wind,12.824726782860807,1.28936634883687,-2.238576080037973,2,40000.0,10.596659732783579,0.024999999999999998,50.5226,2.52613,1869821.5504616736,1208739.89285,45.9597950335,2020
30053,2020,6,mid,Thunderstorm Wind,8.818039925864724,0.8766446790204876,-1.0266949491558581,2,40000.0,10.596659732783579,0.024999999999999998,50.5226,2.52613,1869821.5504616736,1208739.89285,45.9597950335,2020
30053,2020,6,top,Thunderstorm Wind,4.855752505387443,0.5441620629181997,-0.21354080471404777,2,40000.0,10.596659732783579,0.024999999999999998,50.5226,2.52613,1869821.5504616736,1208739.89285,45.9597950335,2020
30053,2021,6,bottom,Hail,-3.5636248274901163,0.6705067427571081,2.3849942136293123,1,0.0,0.0,0.006944444444444444,50.5226,2.52613,2178716.473804736,1408423.9838005046,45.95979503350242,2020
30053,2021,6,mid,Hail,1.0626796897530113,0.33195995145120716,2.3119300700125223,1,0.0,0.0,0.006944444444444444,50.5226,2.52613,2178716.473804736,1408423.9838005046,45.95979503350242,2020
30053,2021,6,top,Hail,5.673374076983393,0.4356603762660053,3.3139714638449838,1,0.0,0.0,0.006944444444444444,50.5226,2.52613,2178716.473804736,1408423.9838005046,45.95979503350242,2020
30053,2022,6,bottom,Flood,14.185244452746105,2.147688481367002,-9.01360991446989,4,0.0,0.0,4.961111111111111,36.1889626001358,2.4982494633150103,3234154.785115773,2433453.9998031813,45.793635507432505,2021
30053,2022,6,mid,Flood,8.169318303633418,1.6238815611530315,-7.266811270694869,4,0.0,0.0,4.961111111111111,36.1889626001358,2.4982494633150103,3234154.785115773,2433453.9998031813,45.793635507432505,2021
30053,2022,6,top,Flood,5.502167017884304,1.4727994383017435,-4.808786891893504,4,0.0,0.0,4.961111111111111,36.1889626001358,2.4982494633150103,3234154.785115773,2433453.9998031813,45.793635507432505,2021
30061,2021,6,bottom,Thunderstorm Wind,-32.46590502905836,3.3634282644423643,-0.3662391773169181,1,5000.0,8.517393171418904,0.013888888888888888,50.5414,2.52707,1442522.0210580996,804138.8862409656,59.04611746158179,2020
30061,2021,6,mid,Thunderstorm Wind,-12.255946285657572,1.4906178659097613,-0.8568218111143059,1,5000.0,8.517393171418904,0.013888888888888888,50.5414,2.52707,1442522.0210580996,804138.8862409656,59.04611746158179,2020
30061,2021,6,top,Thunderstorm Wind,-3.9196509867137763,0.44050310798769476,-0.5077686521622079,1,5000.0,8.517393171418904,0.013888888888888888,50.5414,2.52707,1442522.0210580996,804138.8862409656,59.04611746158179,2020
30061,2024,7,bottom,Thunderstorm Wind,0.2523267396748565,0.1542415737633528,-0.6507203295220497,2,10000.0,9.210440366976517,0.05277777777777778,7.760958675173035,2.3505920521926047,2737514.4112784686,2191549.3338133562,48.14099035503137,2023
30061,2024,7,mid,Thunderstorm Wind,4.200087939836408,0.38038244612488736,0.10401337793137581,2,10000.0,9.210440366976517,0.05277777777777778,7.760958675173035,2.3505920521926047,2737514.4112784686,2191549.3338133562,48.14099035503137,2023
30061,2024,7,top,Thunderstorm Wind,8.516255776606158,0.7706305533357943,0.8229227514439449,2,10000.0,9.210440366976517,0.05277777777777778,7.760958675173035,2.3505920521926047,2737514.4112784686,2191549.3338133562,48.14099035503137,2023
30063,2020,5,bottom,Flood,0.43163839421100647,0.2025783808450039,3.514118472093301,4,0.0,0.0,48.66388888888889,55.1726,2.75863,5453779.337047783,5708094.56554,32.3610563658,2020
30063,2020,5,mid,Flood,0.3170927262542307,0.14101178999715933,1.9538787548470111,4,0.0,0.0,48.66388888888889,55.1726,2.75863,5453779.337047783,5708094.56554,32.3610563658,2020
30063,2020,5,top,Flood,-2.953963482152588,0.45476554947167463,1.2396503547688316,4,0.0,0.0,48.66388888888889,55.1726,2.75863,5453779.337047783,5708094.56554,32.3610563658,2020
30063,2022,6,bottom,"Flood,Hail",-0.3449588717068792,0.42559585379932896,4.2242214942414575,11,0.0,0.0,7.888888888888889,63.96521103134155,2.730396413679123,11783028.536464162,11849140.670427294,29.009344539540837,2021
30063,2022,6,mid,"Flood,Hail",0.4818670913255829,0.24281659571428157,3.6655894860523923,11,0.0,0.0,7.888888888888889,63.96521103134155,2.730396413679123,11783028.536464162,11849140.670427294,29.009344539540837,2021
30063,2022,6,top,"Flood,Hail",1.3438563726360258,0.1742732769819742,4.554292725642928,11,0.0,0.0,7.888888888888889,63.96521103134155,2.730396413679123,11783028.536464162,11849140.670427294,29.009344539540837,2021
30065,2022,7,bottom,"Flash Flood,Hail,Thunderstorm Wind",-2.9527303640186915,1.0443130779903407,-2.7816548655635054,14,0.0,0.0,0.3972222222222222,40.00240077111816,2.629945058392334,1538008.3865798912,1499274.1687289055,33.73594546515405,2021
30065,2022,7,mid,"Flash Flood,Hail,Thunderstorm Wind",-6.952830750190387,0.9300613424355162,0.14643975103398552,14,0.0,0.0,0.3972222222222222,40.00240077111816,2.629945058392334,1538008.3865798912,1499274.1687289055,33.73594546515405,2021
30065,2022,7,top,"Flash Flood,Hail,Thunderstorm Wind",2.8423150757650575,0.9166442864582163,3.1661825021340584,14,0.0,0.0,0.3972222222222222,40.00240077111816,2.629945058392334,1538008.3865798912,1499274.1687289055,33.73594546515405,2021
30065,2024,6,bottom,"Hail,Thunderstorm Wind",-4.851360392516014,1.2573332106187354,2.3437948002124784,2,0.0,0.0,0.0,24.88164212828898,2.4500454032461825,4235471.646144887,3248081.6842267644,54.42920598557351,2023
30065,2024,6,mid,"Hail,Thunderstorm Wind",-11.47625470705951,2.018865791439315,4.300500635042013,2,0.0,0.0,0.0,24.88164212828898,2.4500454032461825,4235471.646144887,3248081.6842267644,54.42920598557351,2023
30065,2024,6,top,"Hail,Thunderstorm Wind",-18.492832161460086,2.753262608480061,2.4402295697196528,2,0.0,0.0,0.0,24.88164212828898,2.4500454032461825,4235471.646144887,3248081.6842267644,54.42920598557351,2023
30073,2020,5,bottom,Heavy Rain,27.879068574019172,2.894071861269536,3.8626472043056546,1,0.0,0.0,0.0,55.928202,2.7964101,1422418.639994741,876511.365356,54.2372881356,2020
30073,2020,5,mid,Heavy Rain,24.16249805215429,2.0302545093304682,1.8109021071443152,1,0.0,0.0,0.0,55.928202,2.7964101,1422418.639994741,876511.365356,54.2372881356,2020
30073,2020,5,top,Heavy Rain,25.79890096149171,2.58695000981225,-4.344818701301993,1,0.0,0.0,0.0,55.928202,2.7964101,1422418.639994741,876511.365356,54.2372881356,2020
30073,2023,8,bottom,Thunderstorm Wind,-13.742665884649696,0.9458397149784271,0.08495186333548095,1,0.0,0.0,0.0,57.66976327018847,2.6095160260833925,2321060.900268209,1544535.085161618,75.4395186052912,2023
30073,2023,8,mid,Thunderstorm Wind,-7.435379804401705,0.6319562317840953,-0.04041025927653171,1,0.0,0.0,0.0,57.66976327018847,2.6095160260833925,2321060.900268209,1544535.085161618,75.4395186052912,2023
30073,2023,8,top,Thunderstorm Wind,-2.721784369153653,0.1690873302094768,1.8845559786567445,1,0.0,0.0,0.0,57.66976327018847,2.6095160260833925,2321060.900268209,1544535.085161618,75.4395186052912,2023
30077,2021,7,bottom,Hail,2.576529957794463,0.4544224699484098,1.4863953010511939,1,0.0,0.0,0.015972222222222224,52.462402,2.6231201,706877.2057410707,735231.8633588562,30.98147418210323,2020
30077,2021,7,mid,Hail,-2.6104555498582016,0.22005400123896274,1.0767891403112912,1,0.0,0.0,0.015972222222222224,52.462402,2.6231201,706877.2057410707,735231.8633588562,30.98147418210323,2020
30077,2021,7,top,Hail,-11.270045540340078,0.6369771383621351,-0.5184498074692149,1,0.0,0.0,0.015972222222222224,52.462402,2.6231201,706877.2057410707,735231.8633588562,30.98147418210323,2020
30077,2024,9,bottom,Thunderstorm Wind,11.052573135589938,1.3702424936838424,-0.41167323636634495,1,0.0,0.0,0.006944444444444444,20.336641256053113,2.421485296383323,3557452.3453652584,2938947.5992416632,46.77317883459783,2023
30077,2024,9,mid,Thunderstorm Wind,2.3701303088746073,0.6060656129645687,0.17684514683239647,1,0.0,0.0,0.006944444444444444,20.336641256053113,2.421485296383323,3557452.3453652584,2938947.5992416632,46.77317883459783,2023
30077,2024,9,top,Thunderstorm Wind,4.157140977874363,0.34795243122567954,-2.4121722219266246,1,0.0,0.0,0.006944444444444444,20.336641256053113,2.421485296383323,3557452.3453652584,2938947.5992416632,46.77317883459783,2023
30079,2024,6,bottom,Thunderstorm Wind,15.287363931001295,1.7851761600991065,-1.4689423157518793,4,0.0,0.0,0.0,15.686116247907325,2.4065566637956097,1614565.7246522005,1221058.316691027,40.660555293026455,2023
30079,2024,6,mid,Thunderstorm Wind,-17.596529309090045,1.7288858980778234,3.0863501274949434,4,0.0,0.0,0.0,15.686116247907325,2.4065566637956097,1614565.7246522005,1221058.316691027,40.660555293026455,2023
30079,2024,6,top,Thunderstorm Wind,3.173319198506121,0.6494600416418614,-5.647176074968272,4,0.0,0.0,0.0,15.686116247907325,2.4065566637956097,1614565.7246522005,1221058.316691027,40.660555293026455,2023
30081,2021,7,bottom,Flash Flood,-1.907767192281554,0.15584102368995648,-0.2861111308790735,4,120000.0,11.695255355062795,0.10277777777777779,51.763402000000006,2.5881701,6512447.886818647,4557416.690574071,43.67363027198318,2020
30081,2021,7,mid,Flash Flood,-8.36894333372588,0.36542730976286014,-1.8928486304056282,4,120000.0,11.695255355062795,0.10277777777777779,51.763402000000006,2.5881701,6512447.886818647,4557416.690574071,43.67363027198318,2020
30081,2021,7,top,Flash Flood,-5.185364860972157,0.3158054725212567,-2.8470259911787203,4,120000.0,11.695255355062795,0.10277777777777779,51.763402000000006,2.5881701,6512447.886818647,4557416.690574071,43.67363027198318,2020
30081,2022,6,bottom,Hail,-19.438481318456624,1.821307394281259,1.174095045140632,2,0.0,0.0,0.044444444444444446,41.4412886583786,2.553956699788475,19870315.609281853,17298838.147984434,36.2607918277142,2021
30081,2022,6,mid,Hail,-16.852299516431557,1.6806691167765524,-1.7389883855447816,2,0.0,0.0,0.044444444444444446,41.4412886583786,2.553956699788475,19870315.609281853,17298838.147984434,36.2607918277142,2021
30081,2022,6,top,Hail,-20.490902092486635,1.886505050503998,-1.6514649556278016,2,0.0,0.0,0.044444444444444446,41.4412886583786,2.553956699788475,19870315.609281853,17298838.147984434,36.2607918277142,2021
30089,2022,8,bottom,Thunderstorm Wind,9.17784526854578,0.4470941698208616,0.8791189270865942,1,0.0,0.0,0.010416666666666666,32.32399987125397,2.4890307451009748,1944769.4046953884,1457506.82740966,45.563471791685025,2021
30089,2022,8,mid,Thunderstorm Wind,5.712622767410764,0.3744906802582743,-0.4926915035114992,1,0.0,0.0,0.010416666666666666,32.32399987125397,2.4890307451009748,1944769.4046953884,1457506.82740966,45.563471791685025,2021
30089,2022,8,top,Thunderstorm Wind,3.19482913402652,0.17189725993191188,0.5940349518438902,1,0.0,0.0,0.010416666666666666,32.32399987125397,2.4890307451009748,1944769.4046953884,1457506.82740966,45.563471791685025,2021
30089,2023,5,bottom,"Debris Flow,Hail",-1.5556676670747152,0.9300027455017875,-0.05830661689283545,6,0.0,0.0,0.19444444444444445,18.26994503905718,2.4579139523167797,3216023.0294511877,2377672.075778707,45.926474186074216,2023
30089,2023,5,mid,"Debris Flow,Hail",-1.7705377414815047,0.49437990820352007,1.3888992376321265,6,0.0,0.0,0.19444444444444445,18.26994503905718,2.4579139523167797,3216023.0294511877,2377672.075778707,45.926474186074216,2023
30089,2023,5,top,"Debris Flow,Hail",-8.16767426118966,0.7331097908661937,1.5970565118245237,6,0.0,0.0,0.19444444444444445,18.26994503905718,2.4579139523167797,3216023.0294511877,2377672.075778707,45.926474186074216,2023
30089,2024,9,bottom,Thunderstorm Wind,1.2229652568317988,0.1370330658521802,1.0860094804632279,2,0.0,0.0,0.020833333333333332,18.509507182569326,2.4116327516371516,9662588.702545952,5797776.36054544,71.89826523326172,2023
30089,2024,9,mid,Thunderstorm Wind,1.8423926311131424,0.17141485118782523,0.9919383924072586,2,0.0,0.0,0.020833333333333332,18.509507182569326,2.4116327516371516,9662588.702545952,5797776.36054544,71.89826523326172,2023
30089,2024,9,top,Thunderstorm Wind,3.3192856747048296,0.36847953696741015,0.9404958850766766,2,0.0,0.0,0.020833333333333332,18.509507182569326,2.4116327516371516,9662588.702545952,5797776.36054544,71.89826523326172,2023
30089,2025,5,bottom,Hail,8.300824029949467,0.4722824995209472,-3.2283524638773193,2,0.0,0.0,0.0638888888888889,18.6292882543254,2.3884921512973376,12885871.539093334,7507828.5029288065,84.88416075685547,2023
30089,2025,5,mid,Hail,1.6062045620507064,0.3727684313105029,-1.8404541183453726,2,0.0,0.0,0.0638888888888889,18.6292882543254,2.3884921512973376,12885871.539093334,7507828.5029288065,84.88416075685547,2023
30089,2025,5,top,Hail,-3.612330767101298,0.48361223806551273,-1.4486523035195848,2,0.0,0.0,0.0638888888888889,18.6292882543254,2.3884921512973376,12885871.539093334,7507828.5029288065,84.88416075685547,2023
30093,2021,8,bottom,Flash Flood,-5.722732602820216,0.4568976240365726,2.944949793820541,4,0.0,0.0,0.11388888888888889,56.1194,2.80597,2486132.937562014,1829555.1293742943,45.21087899092563,2020
30093,2021,8,mid,Flash Flood,-1.0237142741218719,0.13757528895719381,1.9907718317174765,4,0.0,0.0,0.11388888888888889,56.1194,2.80597,2486132.937562014,1829555.1293742943,45.21087899092563,2020
30093,2021,8,top,Flash Flood,3.2140595570418498,0.1874608403965463,2.602067005967877,4,0.0,0.0,0.11388888888888889,56.1194,2.80597,2486132.937562014,1829555.1293742943,45.21087899092563,2020
30093,2024,9,bottom,Thunderstorm Wind,12.240045883950714,1.2846110745951476,2.4288444430857035,1,0.0,0.0,0.006944444444444444,63.28008383036818,2.5791774283957296,9994868.09431835,10773224.269802673,29.864399581283735,2023
30093,2024,9,mid,Thunderstorm Wind,1.0275530025960222,0.3096149434448605,2.4942055625776,1,0.0,0.0,0.006944444444444444,63.28008383036818,2.5791774283957296,9994868.09431835,10773224.269802673,29.864399581283735,2023
30093,2024,9,top,Thunderstorm Wind,-0.3138937583663477,0.21689687169620994,3.258798601665395,1,0.0,0.0,0.006944444444444444,63.28008383036818,2.5791774283957296,9994868.09431835,10773224.269802673,29.864399581283735,2023
30093,2025,7,bottom,Heavy Rain,13.717372105504637,0.7251541364127841,1.9275275392816316,2,0.0,0.0,0.06944444444444445,63.03568528018209,2.53918485813191,11591707.97078004,13222942.185228316,21.277955073761245,2023
30093,2025,7,mid,Heavy Rain,11.674159574409217,0.6530854863304538,0.2206735843679676,2,0.0,0.0,0.06944444444444445,63.03568528018209,2.53918485813191,11591707.97078004,13222942.185228316,21.277955073761245,2023
30093,2025,7,top,Heavy Rain,8.46441634487563,0.6079884992638173,0.22841081310375935,2,0.0,0.0,0.06944444444444445,63.03568528018209,2.53918485813191,11591707.97078004,13222942.185228316,21.277955073761245,2023
30097,2021,7,bottom,Thunderstorm Wind,10.94877061626785,0.9981797848355728,0.8698839940624955,3,0.0,0.0,0.0,56.626,2.8313,553994.1124336208,573301.243948952,33.622388648006314,2020
30097,2021,7,mid,Thunderstorm Wind,3.1092395932706722,0.5153316692932921,0.21811507372389846,3,0.0,0.0,0.0,56.626,2.8313,553994.1124336208,573301.243948952,33.622388648006314,2020
30097,2021,7,top,Thunderstorm Wind,-8.144206298546194,0.6483532876680986,1.5716764269451222,3,0.0,0.0,0.0,56.626,2.8313,553994.1124336208,573301.243948952,33.622388648006314,2020
30099,2021,7,bottom,"Flash Flood,Thunderstorm Wind",-10.414907748003884,0.9658966800636822,-1.1227327665666944,6,0.0,0.0,0.0,56.714,2.8357,1108941.9173105978,907966.8849952127,42.215214820669544,2020
30099,2021,7,mid,"Flash Flood,Thunderstorm Wind",-3.6934697864706862,0.3268937912336299,-3.1383057248971133,6,0.0,0.0,0.0,56.714,2.8357,1108941.9173105978,907966.8849952127,42.215214820669544,2020
30099,2021,7,top,"Flash Flood,Thunderstorm Wind",-18.302486571757612,1.0538209708039783,-4.8496866562177745,6,0.0,0.0,0.0,56.714,2.8357,1108941.9173105978,907966.8849952127,42.215214820669544,2020
30101,2021,7,bottom,Thunderstorm Wind,-25.627612631896284,2.265215883738062,0.061865726136147714,3,0.0,0.0,0.0,53.799,2.68995,784231.4097804589,712477.0736326101,36.61805281829288,2020
30101,2021,7,mid,Thunderstorm Wind,-25.628885686247727,1.6423216021527824,12.229975307505464,3,0.0,0.0,0.0,53.799,2.68995,784231.4097804589,712477.0736326101,36.61805281829288,2020
30101,2021,7,top,Thunderstorm Wind,-22.556348073102768,1.0020873258527825,15.554658606262228,3,0.0,0.0,0.0,53.799,2.68995,784231.4097804589,712477.0736326101,36.61805281829288,2020
30107,2024,8,bottom,Thunderstorm Wind,-24.105929266416894,1.8937536877187104,1.8139828663430535,1,0.0,0.0,0.0,10.196584162233018,2.369006667795573,1838612.173567515,1471393.6442020626,44.62647261711884,2023
30107,2024,8,mid,Thunderstorm Wind,-28.981102862426596,1.9041850829839837,5.61818672582488,1,0.0,0.0,0.0,10.196584162233018,2.369006667795573,1838612.173567515,1471393.6442020626,44.62647261711884,2023
30107,2024,8,top,Thunderstorm Wind,-13.611322532062943,0.562127166996601,4.638978196936677,1,0.0,0.0,0.0,10.196584162233018,2.369006667795573,1838612.173567515,1471393.6442020626,44.62647261711884,2023
31011,2025,7,bottom,"Flash Flood,Thunderstorm Wind",19.94230940330631,0.8472792870625572,-11.629769674346292,8,0.0,0.0,1.1631944444444444,87.72935888634696,2.6333756033160216,12680366.764618535,11442069.429108,42.96098001510698,2023
31011,2025,7,mid,"Flash Flood,Thunderstorm Wind",14.636253053522736,0.5548722867647033,-10.770534711766237,8,0.0,0.0,1.1631944444444444,87.72935888634696,2.6333756033160216,12680366.764618535,11442069.429108,42.96098001510698,2023
31011,2025,7,top,"Flash Flood,Thunderstorm Wind",10.629666389612652,1.4963811955704456,-4.130321169887973,8,0.0,0.0,1.1631944444444444,87.72935888634696,2.6333756033160216,12680366.764618535,11442069.429108,42.96098001510698,2023
31023,2023,10,bottom,Thunderstorm Wind,1.6541656985579607,0.5273559595761252,-1.6357739773907742,2,0.0,0.0,0.0,79.10189895341625,2.681284504399784,5444877.367974328,6264673.2769709425,10.132431181515152,2023
31023,2023,10,mid,Thunderstorm Wind,4.7063485655109645,0.6084008864998732,-0.6480238141167689,2,0.0,0.0,0.0,79.10189895341625,2.681284504399784,5444877.367974328,6264673.2769709425,10.132431181515152,2023
31023,2023,10,top,Thunderstorm Wind,-7.260106538636421,1.224495054139655,-4.975170102142087,2,0.0,0.0,0.0,79.10189895341625,2.681284504399784,5444877.367974328,6264673.2769709425,10.132431181515152,2023
31023,2024,7,bottom,Flood,-1.3035157062138865,0.8145577468980256,-6.158223796871131,4,0.0,0.0,8.208333333333334,76.9443420344269,2.636541065184474,6570669.120035021,7691578.65641514,11.90984270060606,2023
31023,2024,7,mid,Flood,4.05733861583127,0.26371030851306587,-3.7516058635488747,4,0.0,0.0,8.208333333333334,76.9443420344269,2.636541065184474,6570669.120035021,7691578.65641514,11.90984270060606,2023
31023,2024,7,top,Flood,5.702947438292995,0.25499789198179507,-3.2026268446475306,4,0.0,0.0,8.208333333333334,76.9443420344269,2.636541065184474,6570669.120035021,7691578.65641514,11.90984270060606,2023
31025,2023,6,bottom,Thunderstorm Wind,14.934631402014105,0.7847505313139491,-4.223505780129784,2,0.0,0.0,0.0,80.27177913470757,2.7014727374736993,5501906.951846198,6261834.73777905,5.102128325213512,2023
31025,2023,6,mid,Thunderstorm Wind,6.835608947234206,0.3416804540793614,-1.126546834089865,2,0.0,0.0,0.0,80.27177913470757,2.7014727374736993,5501906.951846198,6261834.73777905,5.102128325213512,2023
31025,2023,6,top,Thunderstorm Wind,0.44333813673482325,0.18678142640987994,0.4131701240870598,2,0.0,0.0,0.0,80.27177913470757,2.7014727374736993,5501906.951846198,6261834.73777905,5.102128325213512,2023
31027,2023,6,bottom,"Hail,Thunderstorm Wind",-26.182981390088443,2.494826866775221,2.627289884649206,4,0.0,0.0,0.0,54.965716725335525,2.606258317040128,4269558.444438362,4598519.377413248,2.051931550765325,2023
31027,2023,6,mid,"Hail,Thunderstorm Wind",-8.67148050799723,0.8235281021122006,2.809219020450977,4,0.0,0.0,0.0,54.965716725335525,2.606258317040128,4269558.444438362,4598519.377413248,2.051931550765325,2023
31027,2023,6,top,"Hail,Thunderstorm Wind",-0.02634793502237187,0.5443830869065102,-1.9360756825395715,4,0.0,0.0,0.0,54.965716725335525,2.606258317040128,4269558.444438362,4598519.377413248,2.051931550765325,2023
31029,2024,8,bottom,Thunderstorm Wind,-29.35389607359427,1.949214088549041,2.7277520153193016,4,0.0,0.0,0.0,12.199964678768241,2.375928878196141,4402632.100077617,4409352.157289675,17.77327205508286,2023
31029,2024,8,mid,Thunderstorm Wind,-33.08516849060594,1.721366803868278,7.258212702551513,4,0.0,0.0,0.0,12.199964678768241,2.375928878196141,4402632.100077617,4409352.157289675,17.77327205508286,2023
31029,2024,8,top,Thunderstorm Wind,-25.397581763041487,0.8534404510359286,6.815135682698904,4,0.0,0.0,0.0,12.199964678768241,2.375928878196141,4402632.100077617,4409352.157289675,17.77327205508286,2023
31037,2024,8,bottom,Thunderstorm Wind,-1.8931902004928105,0.2870559162873521,-1.9887477784432264,1,0.0,0.0,0.0,16.57780899046675,2.4065452258230944,7839837.670370075,8715444.478546208,24.15872663752841,2023
31037,2024,8,mid,Thunderstorm Wind,2.7768206619035993,0.2985036179302937,-0.9485478118183343,1,0.0,0.0,0.0,16.57780899046675,2.4065452258230944,7839837.670370075,8715444.478546208,24.15872663752841,2023
31037,2024,8,top,Thunderstorm Wind,0.0934455264762164,0.20753514229248163,-0.6390851559237613,1,0.0,0.0,0.0,16.57780899046675,2.4065452258230944,7839837.670370075,8715444.478546208,24.15872663752841,2023
31037,2025,5,bottom,"Hail,Thunderstorm Wind",-14.223707907221353,2.0407095083017888,-2.196592170714652,6,0.0,0.0,0.0,15.983707463863555,2.3770597673601035,8944383.509437907,10904808.971639803,16.545110843293678,2023
31037,2025,5,mid,"Hail,Thunderstorm Wind",2.027620915006878,0.7327322073825617,-2.6188147563204702,6,0.0,0.0,0.0,15.983707463863555,2.3770597673601035,8944383.509437907,10904808.971639803,16.545110843293678,2023
31037,2025,5,top,"Hail,Thunderstorm Wind",-5.790718442600834,1.1528788653164657,-2.1025181435575653,6,0.0,0.0,0.0,15.983707463863555,2.3770597673601035,8944383.509437907,10904808.971639803,16.545110843293678,2023
31039,2023,10,bottom,Thunderstorm Wind,-6.361578758798515,1.4598343021913591,-2.0834886280468368,1,0.0,0.0,0.0,58.06358723490063,2.6029220963680233,7737022.069318503,6885395.617542984,24.296191217218574,2023
31039,2023,10,mid,Thunderstorm Wind,-5.303314116456718,1.3547032609990046,-0.877156992536077,1,0.0,0.0,0.0,58.06358723490063,2.6029220963680233,7737022.069318503,6885395.617542984,24.296191217218574,2023
31039,2023,10,top,Thunderstorm Wind,-17.15835568324256,1.5556849006434617,0.63304251284922,1,0.0,0.0,0.0,58.06358723490063,2.6029220963680233,7737022.069318503,6885395.617542984,24.296191217218574,2023
31039,2025,7,bottom,Thunderstorm Wind,0.17422491156233377,0.2619555583500052,-4.0193746652553415,2,0.0,0.0,0.0,55.22435397500291,2.513582048878466,17915541.742994227,15358172.514599536,48.88476372446511,2023
31039,2025,7,mid,Thunderstorm Wind,-1.006423685628718,0.3151168357598018,-0.6053740071303698,2,0.0,0.0,0.0,55.22435397500291,2.513582048878466,17915541.742994227,15358172.514599536,48.88476372446511,2023
31039,2025,7,top,Thunderstorm Wind,-12.681207063238574,0.831189566830082,3.3432500967355545,2,0.0,0.0,0.0,55.22435397500291,2.513582048878466,17915541.742994227,15358172.514599536,48.88476372446511,2023
31043,2024,7,bottom,"Flash Flood,Thunderstorm Wind",14.666830006049508,2.0640672763050705,7.49345926164681,6,0.0,0.0,0.42291666666666666,11.840195851646234,2.3777425872296587,9706783.00980294,8325559.879794043,56.20341475466738,2023
31043,2024,7,mid,"Flash Flood,Thunderstorm Wind",2.142057990903652,0.3600238859823774,1.576242833191652,6,0.0,0.0,0.42291666666666666,11.840195851646234,2.3777425872296587,9706783.00980294,8325559.879794043,56.20341475466738,2023
31043,2024,7,top,"Flash Flood,Thunderstorm Wind",5.356809929831741,0.6225391422187115,-0.9127172377542507,6,0.0,0.0,0.42291666666666666,11.840195851646234,2.3777425872296587,9706783.00980294,8325559.879794043,56.20341475466738,2023
31043,2025,4,bottom,Hail,59.82783816699889,4.313734503339026,-12.065848911746798,2,0.0,0.0,0.001388888888888889,9.78155601819724,2.3367968218727806,10859681.941113023,10027713.007099923,44.56721089749053,2023
31043,2025,4,mid,Hail,13.857081906786647,0.940780373100856,-0.8386147924307087,2,0.0,0.0,0.001388888888888889,9.78155601819724,2.3367968218727806,10859681.941113023,10027713.007099923,44.56721089749053,2023
31043,2025,4,top,Hail,6.714583941413977,0.6547568421601534,-3.4346512111076777,2,0.0,0.0,0.001388888888888889,9.78155601819724,2.3367968218727806,10859681.941113023,10027713.007099923,44.56721089749053,2023
31047,2024,4,bottom,Thunderstorm Wind,-7.338635190916008,1.137911892512798,2.2331813239019263,6,0.0,0.0,0.0,15.096313964246058,2.406518162420987,21571814.201349847,18639495.526651297,61.87570267552794,2023
31047,2024,4,mid,Thunderstorm Wind,-4.595338297256589,1.0416792481412975,0.25709062105315184,6,0.0,0.0,0.0,15.096313964246058,2.406518162420987,21571814.201349847,18639495.526651297,61.87570267552794,2023
31047,2024,4,top,Thunderstorm Wind,-4.248894114061898,0.9252663706037978,-0.6710154276692512,6,0.0,0.0,0.0,15.096313964246058,2.406518162420987,21571814.201349847,18639495.526651297,61.87570267552794,2023
31051,2023,10,bottom,Thunderstorm Wind,12.960705182784949,1.5299790626997434,1.2652820895547119,1,0.0,0.0,0.001388888888888889,36.4295138158246,2.5207097554263953,3629764.5593146435,3572500.104569036,21.966178169450167,2023
31051,2023,10,mid,Thunderstorm Wind,8.950165989908541,1.268471347761185,0.559727289531016,1,0.0,0.0,0.001388888888888889,36.4295138158246,2.5207097554263953,3629764.5593146435,3572500.104569036,21.966178169450167,2023
31051,2023,10,top,Thunderstorm Wind,11.332704222181206,0.7690326993180805,-2.510813456984067,1,0.0,0.0,0.001388888888888889,36.4295138158246,2.5207097554263953,3629764.5593146435,3572500.104569036,21.966178169450167,2023
31051,2024,7,bottom,"Hail,Thunderstorm Wind",-5.124621047033983,0.28534929420832666,2.2802909276166,4,0.0,0.0,0.009722222222222222,35.02745956190293,2.485910318932643,3973513.041370844,4435566.138662941,18.0398352273328,2023
31051,2024,7,mid,"Hail,Thunderstorm Wind",-13.711773673198877,1.3362860689353049,0.189307762923832,4,0.0,0.0,0.009722222222222222,35.02745956190293,2.485910318932643,3973513.041370844,4435566.138662941,18.0398352273328,2023
31051,2024,7,top,"Hail,Thunderstorm Wind",-5.393436899217434,0.4911263453220174,-1.9835793052702495,4,0.0,0.0,0.009722222222222222,35.02745956190293,2.485910318932643,3973513.041370844,4435566.138662941,18.0398352273328,2023
31053,2020,2,bottom,Flood,-4.3743186685211555,0.8718082072031528,0.20799807251512448,6,0.0,0.0,0.0,57.782602,2.8891301,16565666.51171352,12778303.3923,44.974379188,2020
31053,2020,2,mid,Flood,-1.7717928383311232,0.3768476802671046,0.3649796698938843,6,0.0,0.0,0.0,57.782602,2.8891301,16565666.51171352,12778303.3923,44.974379188,2020
31053,2020,2,top,Flood,3.623403452847498,0.1844532407697314,-1.4891095212053926,6,0.0,0.0,0.0,57.782602,2.8891301,16565666.51171352,12778303.3923,44.974379188,2020
31055,2020,7,bottom,Thunderstorm Wind,6.241898098368111,1.0194739523618206,0.3935994064379192,1,0.0,0.0,0.0,57.582202,2.8791101,110983346.39626554,117865555.692,33.2676389436,2020
31055,2020,7,mid,Thunderstorm Wind,2.7311960756663183,0.46669091677057856,-0.04685519313408785,1,0.0,0.0,0.0,57.582202,2.8791101,110983346.39626554,117865555.692,33.2676389436,2020
31055,2020,7,top,Thunderstorm Wind,-1.6150241525373303,0.18536069794348112,0.48259370809863356,1,0.0,0.0,0.0,57.582202,2.8791101,110983346.39626554,117865555.692,33.2676389436,2020
31063,2024,8,bottom,Funnel Cloud,-24.041563887552655,1.8519563219544415,0.7102931364193239,1,0.0,0.0,0.0,23.72717839785995,2.438227365412938,4289652.296880776,3210593.6425675256,48.14491336703362,2023
31063,2024,8,mid,Funnel Cloud,-20.97435515925295,1.431590281411885,4.748788875502304,1,0.0,0.0,0.0,23.72717839785995,2.438227365412938,4289652.296880776,3210593.6425675256,48.14491336703362,2023
31063,2024,8,top,Funnel Cloud,-4.2130621015645175,1.7714116965180926,3.0720855976017702,1,0.0,0.0,0.0,23.72717839785995,2.438227365412938,4289652.296880776,3210593.6425675256,48.14491336703362,2023
31063,2025,7,bottom,Hail,6.177680227976069,2.8067516929650957,5.641359300376119,5,0.0,0.0,0.0,18.98241182439485,2.384012547191543,5404685.585323969,3874435.8282731776,66.673386574073,2023
31063,2025,7,mid,Hail,10.332766178757325,1.883896730262194,1.6781702598155828,5,0.0,0.0,0.0,18.98241182439485,2.384012547191543,5404685.585323969,3874435.8282731776,66.673386574073,2023
31063,2025,7,top,Hail,23.162170494665347,3.890091206255494,-0.6829832540606873,5,0.0,0.0,0.0,18.98241182439485,2.384012547191543,5404685.585323969,3874435.8282731776,66.673386574073,2023
31065,2024,4,bottom,Hail,-11.860328289402503,1.4365349205866946,8.900547709944775,4,50000.0,10.819798284210286,0.0,52.972904063841085,2.561274165489746,11974798.30424037,9609100.118094862,36.85051283026723,2023
31065,2024,4,mid,Hail,-10.433132589196262,1.503023402181049,-4.7387101171379085,4,50000.0,10.819798284210286,0.0,52.972904063841085,2.561274165489746,11974798.30424037,9609100.118094862,36.85051283026723,2023
31065,2024,4,top,Hail,-0.7270368012762702,0.818430874002244,-6.27855802975994,4,50000.0,10.819798284210286,0.0,52.972904063841085,2.561274165489746,11974798.30424037,9609100.118094862,36.85051283026723,2023
31077,2024,4,bottom,Tornado,-8.072058614073853,0.9579022464730033,6.330993666371275,4,850000.0,13.652992804936396,0.027777777777777776,43.48550296912575,2.526194380371242,4243628.613102528,4959884.472702713,6.191040138351236,2023
31077,2024,4,mid,Tornado,-13.733957748838478,1.6247202222289794,1.1519793632087623,4,850000.0,13.652992804936396,0.027777777777777776,43.48550296912575,2.526194380371242,4243628.613102528,4959884.472702713,6.191040138351236,2023
31077,2024,4,top,Tornado,-17.12629062586649,1.504078305205639,-2.4351549192952624,4,850000.0,13.652992804936396,0.027777777777777776,43.48550296912575,2.526194380371242,4243628.613102528,4959884.472702713,6.191040138351236,2023
31079,2024,4,bottom,"Flash Flood,Thunderstorm Wind",-4.611266278291936,0.41709556773650724,-1.5738475062553665,15,5251000.0,15.473929283059894,1.4763888888888888,66.54685147588646,2.6104393173519473,29384891.947456002,27916528.438655425,51.7750628719981,2023
31079,2024,4,mid,"Flash Flood,Thunderstorm Wind",1.6616712969809413,0.20219750126803956,-0.027106090159657963,15,5251000.0,15.473929283059894,1.4763888888888888,66.54685147588646,2.6104393173519473,29384891.947456002,27916528.438655425,51.7750628719981,2023
31079,2024,4,top,"Flash Flood,Thunderstorm Wind",-7.212024031105329,0.5614642435417163,0.014743317059815316,15,5251000.0,15.473929283059894,1.4763888888888888,66.54685147588646,2.6104393173519473,29384891.947456002,27916528.438655425,51.7750628719981,2023
31081,2024,4,bottom,Thunderstorm Wind,-11.9368027964628,0.8241201290707276,-1.8407021951686129,1,0.0,0.0,0.0,85.57631348559848,2.6903124174374704,10865798.04346175,14353491.188503452,4.572858346178719,2023
31081,2024,4,mid,Thunderstorm Wind,-3.7819125194730248,0.19439021469329457,-0.0774759100916403,1,0.0,0.0,0.0,85.57631348559848,2.6903124174374704,10865798.04346175,14353491.188503452,4.572858346178719,2023
31081,2024,4,top,Thunderstorm Wind,-6.902194605222263,0.4579008881945045,2.507944874277394,1,0.0,0.0,0.0,85.57631348559848,2.6903124174374704,10865798.04346175,14353491.188503452,4.572858346178719,2023
31089,2023,3,bottom,Hail,7.547459547003129,0.6415736281396694,-6.965152799846867,1,0.0,0.0,0.0,51.619998931884766,2.603935956954956,2950176.6519828513,2882991.817700933,12.130000114440918,2023
31089,2023,3,mid,Hail,-3.096271219184942,0.38335263019236177,-5.330295819432361,1,0.0,0.0,0.0,51.619998931884766,2.603935956954956,2950176.6519828513,2882991.817700933,12.130000114440918,2023
31089,2023,3,top,Hail,-24.945658539263377,3.0738873385243313,-8.679996934368555,1,0.0,0.0,0.0,51.619998931884766,2.603935956954956,2950176.6519828513,2882991.817700933,12.130000114440918,2023
31089,2024,8,bottom,"Hail,Thunderstorm Wind",-17.40019402287797,0.9428030946837155,3.817478116874644,15,5000.0,8.517393171418904,0.0,46.52529518726898,2.524209962796342,4963140.50564947,5024721.239651551,20.857309023365293,2023
31089,2024,8,mid,"Hail,Thunderstorm Wind",-16.143144811938512,0.452680715123153,7.134236059192555,15,5000.0,8.517393171418904,0.0,46.52529518726898,2.524209962796342,4963140.50564947,5024721.239651551,20.857309023365293,2023
31089,2024,8,top,"Hail,Thunderstorm Wind",-6.149316769602734,0.24644654310000097,2.7117169897671545,15,5000.0,8.517393171418904,0.0,46.52529518726898,2.524209962796342,4963140.50564947,5024721.239651551,20.857309023365293,2023
31093,2020,6,bottom,"Hail,Thunderstorm Wind",-16.90612738572912,1.0491856909230866,9.739456780581449,3,500000.0,13.122365377402328,0.0,58.196602,2.9098301,10888598.346348643,11590492.5869,33.5435553804,2020
31093,2020,6,mid,"Hail,Thunderstorm Wind",-12.972279664706122,0.9211900804380809,5.894235384530002,3,500000.0,13.122365377402328,0.0,58.196602,2.9098301,10888598.346348643,11590492.5869,33.5435553804,2020
31093,2020,6,top,"Hail,Thunderstorm Wind",11.661358533500717,1.1233560211068736,0.2797567455183459,3,500000.0,13.122365377402328,0.0,58.196602,2.9098301,10888598.346348643,11590492.5869,33.5435553804,2020
31093,2024,4,bottom,"Hail,Thunderstorm Wind,Tornado",0.9822344891828294,0.4918148635562224,-1.0395569188914067,9,8402000.0,15.943980449730738,0.05833333333333334,51.51030185807412,2.5573749866881657,7405053.021282374,8620432.85051179,11.148615791889796,2023
31093,2024,4,mid,"Hail,Thunderstorm Wind,Tornado",1.2598691794911474,0.20428131472969654,1.192384079195141,9,8402000.0,15.943980449730738,0.05833333333333334,51.51030185807412,2.5573749866881657,7405053.021282374,8620432.85051179,11.148615791889796,2023
31093,2024,4,top,"Hail,Thunderstorm Wind,Tornado",12.163386315834046,0.48026562458272565,1.1317384088717877,9,8402000.0,15.943980449730738,0.05833333333333334,51.51030185807412,2.5573749866881657,7405053.021282374,8620432.85051179,11.148615791889796,2023
31107,2021,8,bottom,"Flash Flood,Hail",3.5188750671731412,0.6983850493041877,-6.652569875094865,6,0.0,0.0,0.0,54.994002,2.7497001,4915720.911342242,2924081.430382768,56.28695309420432,2020
31107,2021,8,mid,"Flash Flood,Hail",18.79240302615625,1.3826493271154077,-0.0009161626173200451,6,0.0,0.0,0.0,54.994002,2.7497001,4915720.911342242,2924081.430382768,56.28695309420432,2020
31107,2021,8,top,"Flash Flood,Hail",5.678595675681734,1.9484520109259564,7.987519188733184,6,0.0,0.0,0.0,54.994002,2.7497001,4915720.911342242,2924081.430382768,56.28695309420432,2020
31109,2023,10,bottom,Thunderstorm Wind,-5.0229963214267315,0.42244707991856384,-0.2055786269539368,1,0.0,0.0,0.0,96.91558345500833,2.798506080988,70932678.33268148,74961153.6564469,32.92024011350201,2023
31109,2023,10,mid,Thunderstorm Wind,-2.0792727504302775,0.22726288110551585,0.17012867830810308,1,0.0,0.0,0.0,96.91558345500833,2.798506080988,70932678.33268148,74961153.6564469,32.92024011350201,2023
31109,2023,10,top,Thunderstorm Wind,-0.5536213238330276,0.1659322567475941,-0.2885590561701387,1,0.0,0.0,0.0,96.91558345500833,2.798506080988,70932678.33268148,74961153.6564469,32.92024011350201,2023
31113,2025,7,bottom,"Hail,Thunderstorm Wind",10.6888501864439,1.4568515522903869,-9.256885978244332,4,1005000.0,13.820499094499693,0.0,3.6620055777095075,2.2643381488804675,531134.0580946618,658218.5767645914,11.954711212032137,2023
31113,2025,7,mid,"Hail,Thunderstorm Wind",11.568872173994038,1.6818266455856297,1.39847956583183,4,1005000.0,13.820499094499693,0.0,3.6620055777095075,2.2643381488804675,531134.0580946618,658218.5767645914,11.954711212032137,2023
31113,2025,7,top,"Hail,Thunderstorm Wind",-4.899042170194932,0.2616853020479904,7.58810165137614,4,1005000.0,13.820499094499693,0.0,3.6620055777095075,2.2643381488804675,531134.0580946618,658218.5767645914,11.954711212032137,2023
31119,2024,7,bottom,Funnel Cloud,-3.613605858580101,0.2688757275013102,2.412865810923568,1,0.0,0.0,0.0,53.8544281097631,2.5541978176822324,16738180.76454401,17750656.6334581,34.99787293502959,2023
31119,2024,7,mid,Funnel Cloud,-2.4147413470492154,0.15146594806092326,1.3864770328594318,1,0.0,0.0,0.0,53.8544281097631,2.5541978176822324,16738180.76454401,17750656.6334581,34.99787293502959,2023
31119,2024,7,top,Funnel Cloud,-1.83887410677751,0.904900559807707,4.355763804778206,1,0.0,0.0,0.0,53.8544281097631,2.5541978176822324,16738180.76454401,17750656.6334581,34.99787293502959,2023
31119,2025,7,bottom,"Flash Flood,Thunderstorm Wind",-10.516406435370442,1.1130023493774404,-0.4639465450818534,8,0.0,0.0,1.628472222222222,50.39274827655807,2.4972194948477155,21093959.819284033,24166245.873004906,21.788777178538112,2023
31119,2025,7,mid,"Flash Flood,Thunderstorm Wind",-4.903700350221271,0.381838910916715,0.31470002390414703,8,0.0,0.0,1.628472222222222,50.39274827655807,2.4972194948477155,21093959.819284033,24166245.873004906,21.788777178538112,2023
31119,2025,7,top,"Flash Flood,Thunderstorm Wind",-7.144108572498453,0.520797417578464,-0.2984991511068955,8,0.0,0.0,1.628472222222222,50.39274827655807,2.4972194948477155,21093959.819284033,24166245.873004906,21.788777178538112,2023
31125,2024,4,bottom,"Hail,Thunderstorm Wind",5.915846295878396,0.576094061064865,0.7308742576310152,2,0.0,0.0,0.0,71.80855868619928,2.6296023926703214,5796165.447083855,5845949.922960894,13.666666782263553,2023
31125,2024,4,mid,"Hail,Thunderstorm Wind",-5.0404512501718415,0.33388506428574405,2.577749121817964,2,0.0,0.0,0.0,71.80855868619928,2.6296023926703214,5796165.447083855,5845949.922960894,13.666666782263553,2023
31125,2024,4,top,"Hail,Thunderstorm Wind",-1.6351375882632908,0.19424619107221835,5.240153539704437,2,0.0,0.0,0.0,71.80855868619928,2.6296023926703214,5796165.447083855,5845949.922960894,13.666666782263553,2023
31127,2023,6,bottom,Thunderstorm Wind,-7.566500888861967,0.8008382615482497,-3.1046400690452933,1,0.0,0.0,0.0,66.392505759584,2.6495254865221503,3343280.3750660517,2936120.1714887735,34.523109922832035,2023
31127,2023,6,mid,Thunderstorm Wind,8.541598790416046,1.223338704925088,1.5951217126035668,1,0.0,0.0,0.0,66.392505759584,2.6495254865221503,3343280.3750660517,2936120.1714887735,34.523109922832035,2023
31127,2023,6,top,Thunderstorm Wind,-5.83531314828808,0.5222568213598785,0.44287612043158714,1,0.0,0.0,0.0,66.392505759584,2.6495254865221503,3343280.3750660517,2936120.1714887735,34.523109922832035,2023
31133,2023,8,bottom,"Hail,Thunderstorm Wind",3.5311696386281852,0.7670452216185178,3.3142563280070902,3,0.0,0.0,0.0,54.49481661206305,2.597087224448316,1918762.4898388856,1449003.1925006753,56.98897536675545,2023
31133,2023,8,mid,"Hail,Thunderstorm Wind",6.140749561556092,0.3684394098361216,-1.0758954229441144,3,0.0,0.0,0.0,54.49481661206305,2.597087224448316,1918762.4898388856,1449003.1925006753,56.98897536675545,2023
31133,2023,8,top,"Hail,Thunderstorm Wind",10.233866586487991,0.7594760115093124,-4.697816370844369,3,0.0,0.0,0.0,54.49481661206305,2.597087224448316,1918762.4898388856,1449003.1925006753,56.98897536675545,2023
31137,2024,4,bottom,Thunderstorm Wind,-12.727179025772386,0.9597006342716913,1.318070905004845,2,0.0,0.0,0.0,66.12681668655333,2.6099868685911605,11143566.801187593,13267949.597253121,18.263767168325046,2023
31137,2024,4,mid,Thunderstorm Wind,-8.94114762812643,1.167063853854778,-1.33495181238528,2,0.0,0.0,0.0,66.12681668655333,2.6099868685911605,11143566.801187593,13267949.597253121,18.263767168325046,2023
31137,2024,4,top,Thunderstorm Wind,-4.696454734736193,0.9777416896526824,-0.6043881560968695,2,0.0,0.0,0.0,66.12681668655333,2.6099868685911605,11143566.801187593,13267949.597253121,18.263767168325046,2023
31141,2024,7,bottom,Hail,-0.918804395543674,0.2582399378555015,0.19125549620224547,1,0.0,0.0,0.0,61.394665883605704,2.582002121926029,22862929.718018103,23503108.061197877,32.37663837399947,2023
31141,2024,7,mid,Hail,-3.7705758833520377,0.4330899556941506,0.38571869986864254,1,0.0,0.0,0.0,61.394665883605704,2.582002121926029,22862929.718018103,23503108.061197877,32.37663837399947,2023
31141,2024,7,top,Hail,-3.8617237430621856,0.4002863377128394,2.335505952822951,1,0.0,0.0,0.0,61.394665883605704,2.582002121926029,22862929.718018103,23503108.061197877,32.37663837399947,2023
31143,2023,7,bottom,"Hail,Lightning,Thunderstorm Wind",0.6982687717946305,0.28962365250824534,-1.6370687550444434,4,0.0,0.0,0.0,71.36923744577571,2.662893522758438,8516114.612247653,8440359.373023788,19.04798824635476,2023
31143,2023,7,mid,"Hail,Lightning,Thunderstorm Wind",-3.3519045176740434,0.4332642271080951,-0.13458057302375911,4,0.0,0.0,0.0,71.36923744577571,2.662893522758438,8516114.612247653,8440359.373023788,19.04798824635476,2023
31143,2023,7,top,"Hail,Lightning,Thunderstorm Wind",12.30316386532509,0.645498292359889,-1.757551253439118,4,0.0,0.0,0.0,71.36923744577571,2.662893522758438,8516114.612247653,8440359.373023788,19.04798824635476,2023
31143,2024,4,bottom,Thunderstorm Wind,1.8868432178244205,0.1972171578446517,-3.9769872354013907,2,100000.0,11.51293546492023,0.0,68.17251963883453,2.6163217665575433,8665140.323086848,9683893.233166201,16.433463860589487,2023
31143,2024,4,mid,Thunderstorm Wind,5.884004691552718,0.350371335345381,-1.009986642972578,2,100000.0,11.51293546492023,0.0,68.17251963883453,2.6163217665575433,8665140.323086848,9683893.233166201,16.433463860589487,2023
31143,2024,4,top,Thunderstorm Wind,6.888999589771515,0.6516085751652008,1.6345035364701914,2,100000.0,11.51293546492023,0.0,68.17251963883453,2.6163217665575433,8665140.323086848,9683893.233166201,16.433463860589487,2023
31147,2025,5,bottom,"Hail,Tornado",-10.462154268432315,2.876289717617085,6.665320340799316,3,0.0,0.0,0.001388888888888889,61.519911644940244,2.5420105590637725,5315830.804624729,5165984.245415149,33.24484859813344,2023
31147,2025,5,mid,"Hail,Tornado",-15.747786603488066,2.7402054035309193,3.0910637908649883,3,0.0,0.0,0.001388888888888889,61.519911644940244,2.5420105590637725,5315830.804624729,5165984.245415149,33.24484859813344,2023
31147,2025,5,top,"Hail,Tornado",-28.171644022676574,3.8672292619647157,0.8660079946812024,3,0.0,0.0,0.001388888888888889,61.519911644940244,2.5420105590637725,5315830.804624729,5165984.245415149,33.24484859813344,2023
31149,2024,8,bottom,Hail,-19.277972907667788,1.712611029453905,-0.5101790422955522,1,0.0,0.0,0.0,31.944239487928545,2.4714407075844576,848169.3728366352,1016995.7157259553,7.029029242434896,2023
31149,2024,8,mid,Hail,-28.8225266473422,2.000397408593142,2.0558790084210066,1,0.0,0.0,0.0,31.944239487928545,2.4714407075844576,848169.3728366352,1016995.7157259553,7.029029242434896,2023
31149,2024,8,top,Hail,-1.1441476203700773,0.711324887239093,4.262848110842867,1,0.0,0.0,0.0,31.944239487928545,2.4714407075844576,848169.3728366352,1016995.7157259553,7.029029242434896,2023
31151,2023,8,bottom,Hail,10.680191943341143,0.9223888331018665,2.0873187630057024,1,0.0,0.0,0.0,48.16781260537259,2.5731282616835345,12686750.587720584,11166580.508635929,57.94753527931463,2023
31151,2023,8,mid,Hail,8.750753547458316,0.8193994452652021,1.5308370251485475,1,0.0,0.0,0.0,48.16781260537259,2.5731282616835345,12686750.587720584,11166580.508635929,57.94753527931463,2023
31151,2023,8,top,Hail,8.109376332461565,0.5636310116894439,1.6131150231327875,1,0.0,0.0,0.0,48.16781260537259,2.5731282616835345,12686750.587720584,11166580.508635929,57.94753527931463,2023
31151,2024,7,bottom,"Thunderstorm Wind,Tornado",2.0983460500292495,1.7092298960861918,4.12258775808111,6,3000.0,8.006700845440367,0.001388888888888889,45.039000001498934,2.5225928577364316,13166927.433996879,11652441.265722442,53.93811188672674,2023
31151,2024,7,mid,"Thunderstorm Wind,Tornado",-4.181049233806249,0.858872925457697,-1.1889839804146334,6,3000.0,8.006700845440367,0.001388888888888889,45.039000001498934,2.5225928577364316,13166927.433996879,11652441.265722442,53.93811188672674,2023
31151,2024,7,top,"Thunderstorm Wind,Tornado",-3.418646940620306,0.5888482017275027,-0.2924657841145309,6,3000.0,8.006700845440367,0.001388888888888889,45.039000001498934,2.5225928577364316,13166927.433996879,11652441.265722442,53.93811188672674,2023
31155,2024,7,bottom,"Flash Flood,Flood,Thunderstorm Wind",-1.5135478527552095,0.13167969466167428,-0.27232814835103153,13,20000.0,9.90353755128617,6.444444444444444,92.35825725575717,2.7142172688662183,8046709.777201271,11424703.150110113,5.804986496840931,2023
31155,2024,7,mid,"Flash Flood,Flood,Thunderstorm Wind",2.875849793230614,0.18348451020293233,-0.6856248710290013,13,20000.0,9.90353755128617,6.444444444444444,92.35825725575717,2.7142172688662183,8046709.777201271,11424703.150110113,5.804986496840931,2023
31155,2024,7,top,"Flash Flood,Flood,Thunderstorm Wind",-1.5552644323257425,0.37439226692186506,-0.9351227006443187,13,20000.0,9.90353755128617,6.444444444444444,92.35825725575717,2.7142172688662183,8046709.777201271,11424703.150110113,5.804986496840931,2023
31159,2020,3,bottom,Hail,-8.998311607785652,0.5198060464705284,1.2572381296917523,1,0.0,0.0,0.0,60.760798,3.0380399,7896876.862530479,9670078.22016,29.5624753646,2020
31159,2020,3,mid,Hail,-3.317502461295774,0.20919955318942604,0.3382875011899529,1,0.0,0.0,0.0,60.760798,3.0380399,7896876.862530479,9670078.22016,29.5624753646,2020
31159,2020,3,top,Hail,-0.6238510781518727,0.06644913816424441,-1.1309429726742763,1,0.0,0.0,0.0,60.760798,3.0380399,7896876.862530479,9670078.22016,29.5624753646,2020
31177,2024,7,bottom,Flood,1.3842181846988666,0.23146633916726686,-0.2436608982384977,8,0.0,0.0,5.977777777777778,92.36416978650016,2.7137925295972565,7951276.89004536,10806215.11790811,6.773471404280192,2023
31177,2024,7,mid,Flood,2.5096512715578427,0.1960874212220757,-0.8994833166935763,8,0.0,0.0,5.977777777777778,92.36416978650016,2.7137925295972565,7951276.89004536,10806215.11790811,6.773471404280192,2023
31177,2024,7,top,Flood,-1.4065278123520528,0.297438727920023,-1.3198381594111481,8,0.0,0.0,5.977777777777778,92.36416978650016,2.7137925295972565,7951276.89004536,10806215.11790811,6.773471404280192,2023
31179,2020,7,bottom,Thunderstorm Wind,-13.122685888281495,0.7586448117331128,2.630122509223303,1,0.0,0.0,0.0,59.854798,2.9927399,4290468.107395703,5261168.13131,29.050059125,2020
31179,2020,7,mid,Thunderstorm Wind,-6.993219067601231,0.32875959131483584,1.7786742002685685,1,0.0,0.0,0.0,59.854798,2.9927399,4290468.107395703,5261168.13131,29.050059125,2020
31179,2020,7,top,Thunderstorm Wind,-7.472986818470929,0.33369739200185344,2.331825997481644,1,0.0,0.0,0.0,59.854798,2.9927399,4290468.107395703,5261168.13131,29.050059125,2020
31179,2021,8,bottom,Hail,16.2732069829042,1.5885031462614738,0.806247953419458,2,0.0,0.0,0.0,59.854798,2.9927399,2679110.1337495595,3285247.3210687996,29.050059124963052,2020
31179,2021,8,mid,Hail,5.8320693668056975,0.8148896207916435,1.2002020571907555,2,0.0,0.0,0.0,59.854798,2.9927399,2679110.1337495595,3285247.3210687996,29.050059124963052,2020
31179,2021,8,top,Hail,31.358870755109763,1.5315218139015987,-5.112843263424608,2,0.0,0.0,0.0,59.854798,2.9927399,2679110.1337495595,3285247.3210687996,29.050059124963052,2020
31179,2022,5,bottom,"Hail,Thunderstorm Wind",3.104213262920993,1.3974803587523865,-5.635388821140173,2,0.0,0.0,0.0,72.0329994366455,2.9141272207393647,2564183.8885631743,3092458.8132864144,20.18503689587375,2021
31179,2022,5,mid,"Hail,Thunderstorm Wind",1.0252842629470535,0.8068148247550126,-3.5613529734423914,2,0.0,0.0,0.0,72.0329994366455,2.9141272207393647,2564183.8885631743,3092458.8132864144,20.18503689587375,2021
31179,2022,5,top,"Hail,Thunderstorm Wind",-0.378652216798983,0.47799080804998084,-4.104470398614552,2,0.0,0.0,0.0,72.0329994366455,2.9141272207393647,2564183.8885631743,3092458.8132864144,20.18503689587375,2021
31179,2024,7,bottom,"Hail,Thunderstorm Wind",5.466918864550934,0.8146665490770969,1.3139353775981941,4,3000.0,8.006700845440367,0.0,90.20408221399309,2.700747959359127,4603346.461245494,6486995.04728118,7.937713700788056,2023
31179,2024,7,mid,"Hail,Thunderstorm Wind",4.276466596990417,0.35296707266242355,0.2683292973350386,4,3000.0,8.006700845440367,0.0,90.20408221399309,2.700747959359127,4603346.461245494,6486995.04728118,7.937713700788056,2023
31179,2024,7,top,"Hail,Thunderstorm Wind",-0.7307464328850557,0.09361615525942749,2.0578124462548524,4,3000.0,8.006700845440367,0.0,90.20408221399309,2.700747959359127,4603346.461245494,6486995.04728118,7.937713700788056,2023
32001,2023,9,bottom,Heavy Rain,4.622332591485744,0.38473308161220215,0.31102692719616226,2,0.0,0.0,0.23194444444444443,28.897519050966995,2.4922073235500712,14450263.438201638,11981571.629135326,56.65418115639826,2023
32001,2023,9,mid,Heavy Rain,5.572042870186948,0.41017760205756276,-0.35721624002214486,2,0.0,0.0,0.23194444444444443,28.897519050966995,2.4922073235500712,14450263.438201638,11981571.629135326,56.65418115639826,2023
32001,2023,9,top,Heavy Rain,2.0816145042860654,0.12371145178244503,-0.41638722803577366,2,0.0,0.0,0.23194444444444443,28.897519050966995,2.4922073235500712,14450263.438201638,11981571.629135326,56.65418115639826,2023
32001,2024,7,bottom,Lightning,5.774753266652596,1.8757581947423851,5.10488236208883,2,5000000.0,15.424948670398354,0.08333333333333333,22.376715180426963,2.4320062929759705,14892733.16870226,13287451.884445548,47.427818705880384,2023
32001,2024,7,mid,Lightning,0.346479603083921,0.2923185433437974,1.8896765581966974,2,5000000.0,15.424948670398354,0.08333333333333333,22.376715180426963,2.4320062929759705,14892733.16870226,13287451.884445548,47.427818705880384,2023
32001,2024,7,top,Lightning,2.8424877854569246,0.19073412495256062,-0.5527730250672201,2,5000000.0,15.424948670398354,0.08333333333333333,22.376715180426963,2.4320062929759705,14892733.16870226,13287451.884445548,47.427818705880384,2023
32005,2023,9,bottom,Heavy Rain,0.7125511114880254,0.39238787735809155,-1.8344817252154446,2,0.0,0.0,2.0,31.49319854302178,2.504120985637662,36955788.93208357,34226875.798680946,27.47483066664551,2023
32005,2023,9,mid,Heavy Rain,-1.9694563489244814,0.4255931649478729,-0.3295445610245243,2,0.0,0.0,2.0,31.49319854302178,2.504120985637662,36955788.93208357,34226875.798680946,27.47483066664551,2023
32005,2023,9,top,Heavy Rain,0.4182606672340228,0.1286849550582913,0.33217162088298835,2,0.0,0.0,2.0,31.49319854302178,2.504120985637662,36955788.93208357,34226875.798680946,27.47483066664551,2023
32015,2020,7,bottom,Thunderstorm Wind,-16.964063576028394,1.7486368480901966,0.7947253518303418,1,0.0,0.0,0.041666666666666664,47.563,2.37815,1231676.6781219577,1547373.76353,22.4674812771,2020
32015,2020,7,mid,Thunderstorm Wind,-11.501738612455242,0.7922317639485034,-2.018551090201347,1,0.0,0.0,0.041666666666666664,47.563,2.37815,1231676.6781219577,1547373.76353,22.4674812771,2020
32015,2020,7,top,Thunderstorm Wind,-19.152850263395194,1.7042824191812258,-1.0289446581781239,1,0.0,0.0,0.041666666666666664,47.563,2.37815,1231676.6781219577,1547373.76353,22.4674812771,2020
32015,2021,7,bottom,Thunderstorm Wind,-48.625461625672415,3.2870308937472847,10.039285035323891,1,0.0,0.0,0.041666666666666664,47.563,2.37815,5479529.653937404,6884014.752894267,22.467481277099292,2020
32015,2021,7,mid,Thunderstorm Wind,-17.442901649874045,1.1410984434723268,6.0397305170131075,1,0.0,0.0,0.041666666666666664,47.563,2.37815,5479529.653937404,6884014.752894267,22.467481277099292,2020
32015,2021,7,top,Thunderstorm Wind,-0.9825759077057654,0.14742521923321547,3.507601061671688,1,0.0,0.0,0.041666666666666664,47.563,2.37815,5479529.653937404,6884014.752894267,22.467481277099292,2020
32021,2022,7,bottom,Flash Flood,-16.6914884044363,0.8058021625461463,18.732541886418932,4,0.0,0.0,0.0,28.798801133514406,2.4253870342910764,2607462.503146556,1727344.4052388403,63.452601497832084,2021
32021,2022,7,mid,Flash Flood,-14.3379951619969,1.0991326259392673,9.551096494912466,4,0.0,0.0,0.0,28.798801133514406,2.4253870342910764,2607462.503146556,1727344.4052388403,63.452601497832084,2021
32021,2022,7,top,Flash Flood,2.9284961466647417,0.2217192125903337,1.709689900781849,4,0.0,0.0,0.0,28.798801133514406,2.4253870342910764,2607462.503146556,1727344.4052388403,63.452601497832084,2021
32021,2023,9,bottom,"Debris Flow,Flash Flood,Hail",-66.94537201001323,5.401671865030902,20.007874743181073,14,0.0,0.0,2.8722222222222222,9.008244493287275,2.391722312112671,3989826.988807656,2898689.3583596526,68.03920888181818,2023
32021,2023,9,mid,"Debris Flow,Flash Flood,Hail",-53.187527411076914,3.6507699821546713,19.10982982745907,14,0.0,0.0,2.8722222222222222,9.008244493287275,2.391722312112671,3989826.988807656,2898689.3583596526,68.03920888181818,2023
32021,2023,9,top,"Debris Flow,Flash Flood,Hail",-26.771751275789697,1.7420627312393315,10.307061508791795,14,0.0,0.0,2.8722222222222222,9.008244493287275,2.391722312112671,3989826.988807656,2898689.3583596526,68.03920888181818,2023
32027,2024,10,bottom,Heavy Rain,-5.8521512490937795,0.506106288825817,4.988819250512468,2,0.0,0.0,2.0,0.7127935907708182,2.184294899519457,5114604.76032589,3155780.164528647,73.93005744220052,2023
32027,2024,10,mid,Heavy Rain,-5.837841342935235,0.3010787114693965,4.68237415253014,2,0.0,0.0,2.0,0.7127935907708182,2.184294899519457,5114604.76032589,3155780.164528647,73.93005744220052,2023
32027,2024,10,top,Heavy Rain,-5.778966019401139,0.594638071044887,1.9211445444926862,2,0.0,0.0,2.0,0.7127935907708182,2.184294899519457,5114604.76032589,3155780.164528647,73.93005744220052,2023
32510,2020,11,bottom,Heavy Rain,9.964971786399914,0.5687256651014931,-2.4864997308973926,1,0.0,0.0,0.375,51.3274,2.56637,20550343.394207437,13508406.8755,45.9203783997,2020
32510,2020,11,mid,Heavy Rain,2.3330083133598123,0.10418851724921246,-0.6649684996046403,1,0.0,0.0,0.375,51.3274,2.56637,20550343.394207437,13508406.8755,45.9203783997,2020
32510,2020,11,top,Heavy Rain,2.2886222760295425,0.06808965713799997,-1.0029122133319248,1,0.0,0.0,0.375,51.3274,2.56637,20550343.394207437,13508406.8755,45.9203783997,2020
32510,2023,9,bottom,Heavy Rain,7.675807967966108,0.2993339813874499,-4.596003958932106,2,0.0,0.0,2.0,22.602883821832013,2.4691733506637963,45666383.84219909,36136933.060886495,73.25618395452237,2023
32510,2023,9,mid,Heavy Rain,6.37392194612228,0.3996220687851848,-3.560656766142813,2,0.0,0.0,2.0,22.602883821832013,2.4691733506637963,45666383.84219909,36136933.060886495,73.25618395452237,2023
32510,2023,9,top,Heavy Rain,5.079240775329652,0.2128415319206809,-3.7750676449744986,2,0.0,0.0,2.0,22.602883821832013,2.4691733506637963,45666383.84219909,36136933.060886495,73.25618395452237,2023
34007,2024,8,bottom,"Flash Flood,Thunderstorm Wind",1.8580099083299615,0.06726617970272547,1.3059533843510422,11,100000.0,11.51293546492023,0.3833333333333333,67.57730594575888,2.5980256820913827,97595550.97858454,83416988.37290424,65.1552953784375,2023
34007,2024,8,mid,"Flash Flood,Thunderstorm Wind",0.19778622631918097,0.13424189960799648,1.253894246406934,11,100000.0,11.51293546492023,0.3833333333333333,67.57730594575888,2.5980256820913827,97595550.97858454,83416988.37290424,65.1552953784375,2023
34007,2024,8,top,"Flash Flood,Thunderstorm Wind",-4.5427798825448775,0.41032622183128775,0.8204606151299837,11,100000.0,11.51293546492023,0.3833333333333333,67.57730594575888,2.5980256820913827,97595550.97858454,83416988.37290424,65.1552953784375,2023
34009,2023,7,bottom,Thunderstorm Wind,-7.1571940258035625,0.6576600689764296,2.328510640699131,2,0.0,0.0,0.0,95.74462460651644,2.7992034892167523,96583652.65576369,97384974.48063399,41.14742187922911,2023
34009,2023,7,mid,Thunderstorm Wind,-5.787899331706939,0.3768248374981545,2.3604588796120773,2,0.0,0.0,0.0,95.74462460651644,2.7992034892167523,96583652.65576369,97384974.48063399,41.14742187922911,2023
34009,2023,7,top,Thunderstorm Wind,-14.342518942580796,1.1491293978939774,2.672146445495263,2,0.0,0.0,0.0,95.74462460651644,2.7992034892167523,96583652.65576369,97384974.48063399,41.14742187922911,2023
34015,2024,7,bottom,Thunderstorm Wind,-4.5230969256945315,0.22213181894365594,1.8534956057091752,2,0.0,0.0,0.0,86.45616499987368,2.67718230688009,45214742.399659716,51642492.78532645,17.61177442681774,2023
34015,2024,7,mid,Thunderstorm Wind,-3.207253810428824,0.19667593439000872,1.1106037251535572,2,0.0,0.0,0.0,86.45616499987368,2.67718230688009,45214742.399659716,51642492.78532645,17.61177442681774,2023
34015,2024,7,top,Thunderstorm Wind,-4.534466550243181,0.32147713069139944,0.46611652447538177,2,0.0,0.0,0.0,86.45616499987368,2.67718230688009,45214742.399659716,51642492.78532645,17.61177442681774,2023
34033,2023,7,bottom,"Flash Flood,Thunderstorm Wind",3.915947850077771,0.25888001735852695,-1.5037710057044602,9,0.0,0.0,0.25,87.79946735872412,2.736441992036499,22300088.46648089,20542101.313781504,63.64824330213601,2023
34033,2023,7,mid,"Flash Flood,Thunderstorm Wind",1.4971569521242003,0.2367541914413168,-0.550064436037232,9,0.0,0.0,0.25,87.79946735872412,2.736441992036499,22300088.46648089,20542101.313781504,63.64824330213601,2023
34033,2023,7,top,"Flash Flood,Thunderstorm Wind",-0.6892771252811087,0.05165187284897954,-0.5538669530451207,9,0.0,0.0,0.25,87.79946735872412,2.736441992036499,22300088.46648089,20542101.313781504,63.64824330213601,2023
34039,2024,7,bottom,Thunderstorm Wind,7.5234140756019485,0.6638663045583989,-1.9685146122145813,3,2500.0,7.824445930877619,0.0,34.42173614901983,2.483888474897435,125625192.84949079,103189510.75568272,68.00366257939393,2023
34039,2024,7,mid,Thunderstorm Wind,2.307728513953279,0.16382055799207185,-1.1878005890677248,3,2500.0,7.824445930877619,0.0,34.42173614901983,2.483888474897435,125625192.84949079,103189510.75568272,68.00366257939393,2023
34039,2024,7,top,Thunderstorm Wind,5.618229661010091,0.4487406014537725,-2.8296332194004967,3,2500.0,7.824445930877619,0.0,34.42173614901983,2.483888474897435,125625192.84949079,103189510.75568272,68.00366257939393,2023
34041,2022,7,bottom,Thunderstorm Wind,-8.109071017836001,0.6777469301887841,1.9957579229419384,6,0.0,0.0,0.0,70.63590137329102,2.79520501701355,11063420.355469719,11652365.111280758,25.868739125481447,2021
34041,2022,7,mid,Thunderstorm Wind,-6.447539120959277,0.6417473277746861,2.1293336591703707,6,0.0,0.0,0.0,70.63590137329102,2.79520501701355,11063420.355469719,11652365.111280758,25.868739125481447,2021
34041,2022,7,top,Thunderstorm Wind,-2.991249154428729,0.4510216603620033,1.1547545396247756,6,0.0,0.0,0.0,70.63590137329102,2.79520501701355,11063420.355469719,11652365.111280758,25.868739125481447,2021
34041,2025,5,bottom,Thunderstorm Wind,2.132607010065712,0.08685068769934792,-2.2299128575289493,1,0.0,0.0,0.003472222222222222,80.26749383575041,2.6090733412784757,39155358.5843117,48397106.282463245,14.828401768748225,2023
34041,2025,5,mid,Thunderstorm Wind,-0.49428311240924927,0.06731211669215251,-1.0130005855769657,1,0.0,0.0,0.003472222222222222,80.26749383575041,2.6090733412784757,39155358.5843117,48397106.282463245,14.828401768748225,2023
34041,2025,5,top,Thunderstorm Wind,-2.5988798115750456,0.22824728563797497,-1.1516232232616186,1,0.0,0.0,0.003472222222222222,80.26749383575041,2.6090733412784757,39155358.5843117,48397106.282463245,14.828401768748225,2023
35007,2023,4,bottom,Thunderstorm Wind,6.71089676904144,1.5287340876296844,4.691253586753011,1,0.0,0.0,0.003472222222222222,27.40869729374946,2.5034905195553976,11143152.31381984,6923011.635732395,93.12090595227274,2023
35007,2023,4,mid,Thunderstorm Wind,13.128795944300975,2.536701545157111,3.515006639557569,1,0.0,0.0,0.003472222222222222,27.40869729374946,2.5034905195553976,11143152.31381984,6923011.635732395,93.12090595227274,2023
35007,2023,4,top,Thunderstorm Wind,4.792177608154049,1.5258260300656157,-0.8025002891303359,1,0.0,0.0,0.003472222222222222,27.40869729374946,2.5034905195553976,11143152.31381984,6923011.635732395,93.12090595227274,2023
35009,2023,12,bottom,Thunderstorm Wind,-13.319287432084181,0.7889960206965205,14.57424469817955,1,0.0,0.0,0.003472222222222222,12.865509785024098,2.4049763379656426,13993699.075566787,11215602.090041569,78.9225381280682,2023
35009,2023,12,mid,Thunderstorm Wind,1.3189926612296006,0.44488172935814246,9.033791636640538,1,0.0,0.0,0.003472222222222222,12.865509785024098,2.4049763379656426,13993699.075566787,11215602.090041569,78.9225381280682,2023
35009,2023,12,top,Thunderstorm Wind,0.6725435846848029,0.3339737051258457,4.047351397145742,1,0.0,0.0,0.003472222222222222,12.865509785024098,2.4049763379656426,13993699.075566787,11215602.090041569,78.9225381280682,2023
35013,2023,10,bottom,Thunderstorm Wind,-0.6802219375363023,0.15310557107602185,-7.48202801366008,2,0.0,0.0,0.0,8.615103738899357,2.3834940720054005,74208320.0722505,52219218.75419896,92.29433065758404,2023
35013,2023,10,mid,Thunderstorm Wind,-10.059950010450677,1.3073147292174454,-8.410381620421859,2,0.0,0.0,0.0,8.615103738899357,2.3834940720054005,74208320.0722505,52219218.75419896,92.29433065758404,2023
35013,2023,10,top,Thunderstorm Wind,-10.90731672662848,1.2482956163298167,-4.20129505542729,2,0.0,0.0,0.0,8.615103738899357,2.3834940720054005,74208320.0722505,52219218.75419896,92.29433065758404,2023
35017,2024,7,bottom,Thunderstorm Wind,-32.82468019355571,4.359215759678866,-2.6651935081411486,2,0.0,0.0,0.0,7.827231850764903,2.351240354670588,21173807.00117557,13611924.925920341,89.31739117224136,2023
35017,2024,7,mid,Thunderstorm Wind,-2.946822513187172,0.38174430076448107,-1.7738086768032417,2,0.0,0.0,0.0,7.827231850764903,2.351240354670588,21173807.00117557,13611924.925920341,89.31739117224136,2023
35017,2024,7,top,Thunderstorm Wind,12.739953758254941,1.2342818812740795,-0.4068130379465013,2,0.0,0.0,0.0,7.827231850764903,2.351240354670588,21173807.00117557,13611924.925920341,89.31739117224136,2023
35025,2020,7,bottom,Thunderstorm Wind,18.479591415605967,3.1845665730335337,1.7921482982805277,1,0.0,0.0,0.0,49.714598,2.4857299,10790244.68412651,9767566.43834,33.9377217186,2020
35025,2020,7,mid,Thunderstorm Wind,7.480252749168926,1.2944692811279055,3.381655396969947,1,0.0,0.0,0.0,49.714598,2.4857299,10790244.68412651,9767566.43834,33.9377217186,2020
35025,2020,7,top,Thunderstorm Wind,-2.561990693442013,0.21695266424473994,4.4047986675498265,1,0.0,0.0,0.0,49.714598,2.4857299,10790244.68412651,9767566.43834,33.9377217186,2020
35027,2023,12,bottom,Thunderstorm Wind,3.0446517262392376,0.7684769383958676,-6.550380120882816,1,10000.0,9.210440366976517,0.0020833333333333333,6.753171519716939,2.362114361292614,25692218.494147595,18809551.311743688,74.18033288078125,2023
35027,2023,12,mid,Thunderstorm Wind,-3.8242606869904137,0.8996256236300176,-6.767806633309296,1,10000.0,9.210440366976517,0.0020833333333333333,6.753171519716939,2.362114361292614,25692218.494147595,18809551.311743688,74.18033288078125,2023
35027,2023,12,top,Thunderstorm Wind,1.9695619353315692,0.2617787508630918,-5.707261636257793,1,10000.0,9.210440366976517,0.0020833333333333333,6.753171519716939,2.362114361292614,25692218.494147595,18809551.311743688,74.18033288078125,2023
35039,2020,5,bottom,Thunderstorm Wind,36.22085314484197,2.5426523519768938,2.680816321851983,1,0.0,0.0,0.001388888888888889,53.1854,2.65927,6165202.9325850615,3392705.74437,64.5644461963,2020
35039,2020,5,mid,Thunderstorm Wind,31.6839029649271,2.27883146659797,7.187437941210234,1,0.0,0.0,0.001388888888888889,53.1854,2.65927,6165202.9325850615,3392705.74437,64.5644461963,2020
35039,2020,5,top,Thunderstorm Wind,23.546333265247753,1.5945660175094136,7.056040459037139,1,0.0,0.0,0.001388888888888889,53.1854,2.65927,6165202.9325850615,3392705.74437,64.5644461963,2020
35039,2024,9,bottom,Hail,40.66815064228591,4.230290593807291,0.9351687032615624,2,0.0,0.0,0.0062499999999999995,12.636988167957993,2.378429515964511,28951706.903603896,17508495.00928555,87.05371422406073,2023
35039,2024,9,mid,Hail,33.011265856206805,3.2076609397544233,0.11741287512079168,2,0.0,0.0,0.0062499999999999995,12.636988167957993,2.378429515964511,28951706.903603896,17508495.00928555,87.05371422406073,2023
35039,2024,9,top,Hail,24.697724986253192,2.4775823407659714,0.5117832661944277,2,0.0,0.0,0.0062499999999999995,12.636988167957993,2.378429515964511,28951706.903603896,17508495.00928555,87.05371422406073,2023
35043,2023,4,bottom,Flood,6.7737385548646785,0.6242276693474584,-1.3886783248506778,4,4000000.0,15.201805169084134,3.5,53.42841017146055,2.6076547367444367,19505415.09438791,15207706.554891583,47.58766861307765,2023
35043,2023,4,mid,Flood,2.900954966012435,0.3181824104605937,1.2397490956886845,4,4000000.0,15.201805169084134,3.5,53.42841017146055,2.6076547367444367,19505415.09438791,15207706.554891583,47.58766861307765,2023
35043,2023,4,top,Flood,4.637586438953022,0.24680485887697717,-0.04755141717627964,4,4000000.0,15.201805169084134,3.5,53.42841017146055,2.6076547367444367,19505415.09438791,15207706.554891583,47.58766861307765,2023
35061,2024,7,bottom,Thunderstorm Wind,7.635529956333784,0.3190177584952671,-1.7495792997496977,1,0.0,0.0,0.0020833333333333333,6.260230412212239,2.3318830302016673,31482821.683398664,23570821.383434452,75.83033188836114,2023
35061,2024,7,mid,Thunderstorm Wind,2.9842798443222875,0.3917622980934454,-0.7457169723187036,1,0.0,0.0,0.0020833333333333333,6.260230412212239,2.3318830302016673,31482821.683398664,23570821.383434452,75.83033188836114,2023
35061,2024,7,top,Thunderstorm Wind,-0.6018203600147558,0.1024642556872522,0.38429016746945877,1,0.0,0.0,0.0020833333333333333,6.260230412212239,2.3318830302016673,31482821.683398664,23570821.383434452,75.83033188836114,2023
36031,2023,9,bottom,"Hail,Thunderstorm Wind",4.365586152789561,0.19730163065249814,-3.5974940394665915,4,22000.0,9.99884318585288,0.0,76.81839644718633,2.675091960370561,9600747.304792473,8887618.918785533,37.17177629394709,2023
36031,2023,9,mid,"Hail,Thunderstorm Wind",4.219465965649519,1.0373299571929995,-10.740542821651426,4,22000.0,9.99884318585288,0.0,76.81839644718633,2.675091960370561,9600747.304792473,8887618.918785533,37.17177629394709,2023
36031,2023,9,top,"Hail,Thunderstorm Wind",1.8294784362392136,0.3104315577317452,-2.8377020379078743,4,22000.0,9.99884318585288,0.0,76.81839644718633,2.675091960370561,9600747.304792473,8887618.918785533,37.17177629394709,2023
36033,2020,3,bottom,Thunderstorm Wind,8.36845799927579,0.3520857333308243,-0.2189206834193745,3,12000.0,9.392745258631441,0.0,55.609198,2.7804599,2620300.064925173,2522264.61106,35.9873866772,2020
36033,2020,3,mid,Thunderstorm Wind,8.750390346094846,0.3621786897732109,-0.6461553775513096,3,12000.0,9.392745258631441,0.0,55.609198,2.7804599,2620300.064925173,2522264.61106,35.9873866772,2020
36033,2020,3,top,Thunderstorm Wind,6.378308432841308,0.308377632333766,-1.4134674847788393,3,12000.0,9.392745258631441,0.0,55.609198,2.7804599,2620300.064925173,2522264.61106,35.9873866772,2020
36059,2024,7,bottom,Thunderstorm Wind,4.041993532394116,0.6480549113174382,-1.794332501980629,2,11000.0,9.305741456739435,0.0,95.97463181432647,2.7446844669631054,211384066.57360882,225683555.78958604,26.88452601975793,2023
36059,2024,7,mid,Thunderstorm Wind,3.374435270675562,0.18543807908120413,-2.1907332228343486,2,11000.0,9.305741456739435,0.0,95.97463181432647,2.7446844669631054,211384066.57360882,225683555.78958604,26.88452601975793,2023
36059,2024,7,top,Thunderstorm Wind,4.731570040312903,0.29462083709422676,-3.2466484833096794,2,11000.0,9.305741456739435,0.0,95.97463181432647,2.7446844669631054,211384066.57360882,225683555.78958604,26.88452601975793,2023
36061,2024,5,bottom,Lightning,3.6678788664211055,0.34995647263132024,2.1063139388204015,1,0.0,0.0,0.0,57.35029679350684,2.570846068252397,284227640.70759237,190919991.11547956,79.25048672055576,2023
36061,2024,5,mid,Lightning,-0.5409338088149127,0.17950189193992727,4.95747682103521,1,0.0,0.0,0.0,57.35029679350684,2.570846068252397,284227640.70759237,190919991.11547956,79.25048672055576,2023
36061,2024,5,top,Lightning,-4.528244080252634,0.2501813222167199,6.452907552503234,1,0.0,0.0,0.0,57.35029679350684,2.570846068252397,284227640.70759237,190919991.11547956,79.25048672055576,2023
36081,2022,9,bottom,Flash Flood,-3.535766318154174,0.39136214048242834,1.0081197965574848,17,0.0,0.0,2.0208333333333335,34.76597555926514,2.5229424876228332,135093426.99692923,95909003.32398507,71.0340444168614,2021
36081,2022,9,mid,Flash Flood,22.096584864648335,2.3617415403356756,-6.818295661870256,17,0.0,0.0,2.0208333333333335,34.76597555926514,2.5229424876228332,135093426.99692923,95909003.32398507,71.0340444168614,2021
36081,2022,9,top,Flash Flood,12.079530346008,1.6246190998208518,-3.6432153066195574,17,0.0,0.0,2.0208333333333335,34.76597555926514,2.5229424876228332,135093426.99692923,95909003.32398507,71.0340444168614,2021
36089,2023,7,bottom,Thunderstorm Wind,28.089937814465955,2.3889787876534236,-0.6539066501664715,1,10000.0,9.210440366976517,0.002777777777777778,64.46287820112899,2.638107353841164,9590732.175760906,7710614.029617077,68.64125667517519,2023
36089,2023,7,mid,Thunderstorm Wind,24.106579785853,2.1301501894084227,0.3296946871117162,1,10000.0,9.210440366976517,0.002777777777777778,64.46287820112899,2.638107353841164,9590732.175760906,7710614.029617077,68.64125667517519,2023
36089,2023,7,top,Thunderstorm Wind,16.051194684438542,1.586021106035637,0.7147997858079265,1,10000.0,9.210440366976517,0.002777777777777778,64.46287820112899,2.638107353841164,9590732.175760906,7710614.029617077,68.64125667517519,2023
36121,2025,5,bottom,Thunderstorm Wind,-3.2933465034366947,0.6605953468461663,0.8294387114713307,2,10000.0,9.210440366976517,0.0,82.91963200565844,2.6179516968051613,11266989.98349142,12515757.613039095,19.848825677395684,2023
36121,2025,5,mid,Thunderstorm Wind,-5.552452140607002,0.8166656471183013,0.7426984302325602,2,10000.0,9.210440366976517,0.0,82.91963200565844,2.6179516968051613,11266989.98349142,12515757.613039095,19.848825677395684,2023
36121,2025,5,top,Thunderstorm Wind,-6.708765797833081,0.81785585834373,1.3165677917754834,2,10000.0,9.210440366976517,0.0,82.91963200565844,2.6179516968051613,11266989.98349142,12515757.613039095,19.848825677395684,2023
37011,2020,1,bottom,Thunderstorm Wind,21.576069733079677,1.946115107504222,-1.3689896640071832,1,0.0,0.0,0.0,53.757802,2.6878901,3161205.317269225,3038570.69181,34.8048876626,2020
37011,2020,1,mid,Thunderstorm Wind,11.352784249120063,1.1335786065242652,1.6974550195442315,1,0.0,0.0,0.0,53.757802,2.6878901,3161205.317269225,3038570.69181,34.8048876626,2020
37011,2020,1,top,Thunderstorm Wind,5.8989059160848,0.4531070108299891,1.2966627080852362,1,0.0,0.0,0.0,53.757802,2.6878901,3161205.317269225,3038570.69181,34.8048876626,2020
37011,2021,3,bottom,Hail,14.484559410534771,0.7786186057628406,-7.332634103030756,1,0.0,0.0,0.0,53.757802,2.6878901,3022434.266766271,2905183.0739205643,34.80488766259787,2020
37011,2021,3,mid,Hail,9.034014414277351,0.3271267156749315,-5.824589118369256,1,0.0,0.0,0.0,53.757802,2.6878901,3022434.266766271,2905183.0739205643,34.80488766259787,2020
37011,2021,3,top,Hail,15.394705856228882,0.998117278836308,-5.730399938466438,1,0.0,0.0,0.0,53.757802,2.6878901,3022434.266766271,2905183.0739205643,34.80488766259787,2020
37021,2021,3,bottom,Hail,-5.03821014766973,0.41589870511513005,3.300021774723381,1,0.0,0.0,0.0,55.4076,2.77038,16133781.72065872,13647567.568410918,40.126133228207436,2020
37021,2021,3,mid,Hail,-8.834621442869917,0.7652541839990452,3.046525163827795,1,0.0,0.0,0.0,55.4076,2.77038,16133781.72065872,13647567.568410918,40.126133228207436,2020
37021,2021,3,top,Hail,-8.510874835202657,0.6759844964101978,2.9824668257907,1,0.0,0.0,0.0,55.4076,2.77038,16133781.72065872,13647567.568410918,40.126133228207436,2020
37029,2024,7,bottom,"Flash Flood,Thunderstorm Wind",13.331727535200002,2.184928711105608,-0.30096004086510675,9,2000.0,7.601402334583733,0.9194444444444444,71.16048486047633,2.6144676318219253,4334690.466264987,4137844.772268625,29.77498611363725,2023
37029,2024,7,mid,"Flash Flood,Thunderstorm Wind",10.506654712086203,1.319380029830524,-0.6872728942433403,9,2000.0,7.601402334583733,0.9194444444444444,71.16048486047633,2.6144676318219253,4334690.466264987,4137844.772268625,29.77498611363725,2023
37029,2024,7,top,"Flash Flood,Thunderstorm Wind",4.015069402442194,0.4187125821800716,-1.7052717648483195,9,2000.0,7.601402334583733,0.9194444444444444,71.16048486047633,2.6144676318219253,4334690.466264987,4137844.772268625,29.77498611363725,2023
37039,2021,5,bottom,Flash Flood,3.3235459888162637,0.6162237033560546,2.2823627793056667,4,0.0,0.0,0.26944444444444443,50.8704,2.54352,3376935.124488353,2065352.551647672,49.74379188018672,2020
37039,2021,5,mid,Flash Flood,11.267425763657783,1.2221584665422913,0.4120669695251043,4,0.0,0.0,0.26944444444444443,50.8704,2.54352,3376935.124488353,2065352.551647672,49.74379188018672,2020
37039,2021,5,top,Flash Flood,5.3953878030376075,0.6041140403951432,1.1792104140029995,4,0.0,0.0,0.26944444444444443,50.8704,2.54352,3376935.124488353,2065352.551647672,49.74379188018672,2020
37041,2025,5,bottom,Thunderstorm Wind,-20.65798961160631,1.3615432737874564,5.875103669086599,2,6250.0,8.740496729931813,0.0,45.67313462397911,2.4864278847157832,11400352.967383634,9028788.901821757,66.64573868355706,2023
37041,2025,5,mid,Thunderstorm Wind,-3.785772827914812,0.27976427763836414,4.061637425557805,2,6250.0,8.740496729931813,0.0,45.67313462397911,2.4864278847157832,11400352.967383634,9028788.901821757,66.64573868355706,2023
37041,2025,5,top,Thunderstorm Wind,-7.272544976937155,0.31505759889515106,4.465405993356067,2,6250.0,8.740496729931813,0.0,45.67313462397911,2.4864278847157832,11400352.967383634,9028788.901821757,66.64573868355706,2023
37043,2022,6,bottom,Thunderstorm Wind,13.853423129473114,0.5935282234584762,-10.175677273977337,1,0.0,0.0,0.0,29.642161358310698,2.427965142772293,1282186.003623311,892512.0331117956,51.204147410289394,2021
37043,2022,6,mid,Thunderstorm Wind,11.02553097543985,0.5363704802093673,-6.555470284866587,1,0.0,0.0,0.0,29.642161358310698,2.427965142772293,1282186.003623311,892512.0331117956,51.204147410289394,2021
37043,2022,6,top,Thunderstorm Wind,9.910088662900392,0.6974507380374233,-5.2015293791900445,1,0.0,0.0,0.0,29.642161358310698,2.427965142772293,1282186.003623311,892512.0331117956,51.204147410289394,2021
37043,2023,1,bottom,Thunderstorm Wind,4.818352867552193,0.4976540971903388,-2.9218515502397366,1,0.0,0.0,0.0,9.534924716621399,2.3684603855445863,1331675.7936617169,1070925.0505431765,49.077589262833406,2021
37043,2023,1,mid,Thunderstorm Wind,-2.6567910460691024,0.293794979370701,-0.9758062203830917,1,0.0,0.0,0.0,9.534924716621399,2.3684603855445863,1331675.7936617169,1070925.0505431765,49.077589262833406,2021
37043,2023,1,top,Thunderstorm Wind,0.15301117008100107,0.13996738173141374,-1.9479042491269734,1,0.0,0.0,0.0,9.534924716621399,2.3684603855445863,1331675.7936617169,1070925.0505431765,49.077589262833406,2021
37043,2023,8,bottom,Thunderstorm Wind,-1.5208210059061003,0.3883419436445302,-0.24828750141287514,2,0.0,0.0,0.0,3.938635174665025,2.33890654689172,2551027.7564308024,1725644.3416270656,55.54506079332386,2023
37043,2023,8,mid,Thunderstorm Wind,3.9531619490413874,0.4326755984095391,0.732973644871682,2,0.0,0.0,0.0,3.938635174665025,2.33890654689172,2551027.7564308024,1725644.3416270656,55.54506079332386,2023
37043,2023,8,top,Thunderstorm Wind,4.611937192486252,0.3082950498301094,-0.14237415803926012,2,0.0,0.0,0.0,3.938635174665025,2.33890654689172,2551027.7564308024,1725644.3416270656,55.54506079332386,2023
37053,2023,7,bottom,Thunderstorm Wind,9.612239698415408,0.5211946609507839,-4.442116732561175,2,17000.0,9.741027444837728,0.0,82.8203107075129,2.7089144863831933,9306043.620347273,10474585.731124416,9.37253433783906,2023
37053,2023,7,mid,Thunderstorm Wind,14.055576749319783,0.9196827309877408,-1.8051779492674218,2,17000.0,9.741027444837728,0.0,82.8203107075129,2.7089144863831933,9306043.620347273,10474585.731124416,9.37253433783906,2023
37053,2023,7,top,Thunderstorm Wind,10.30244066744001,0.9969187778542143,-0.5531277376429813,2,17000.0,9.741027444837728,0.0,82.8203107075129,2.7089144863831933,9306043.620347273,10474585.731124416,9.37253433783906,2023
37073,2023,7,bottom,Thunderstorm Wind,13.315123527977036,0.6762720705177259,3.890274482029563,1,2000.0,7.601402334583733,0.0,15.524050327336028,2.438128218320671,3813019.214332752,3026332.7696499215,57.82483748880267,2023
37073,2023,7,mid,Thunderstorm Wind,20.1623681248967,0.7903709440377229,-0.581092479156311,1,2000.0,7.601402334583733,0.0,15.524050327336028,2.438128218320671,3813019.214332752,3026332.7696499215,57.82483748880267,2023
37073,2023,7,top,Thunderstorm Wind,3.1917387438827376,0.8743225104070497,-0.7860667020145323,1,2000.0,7.601402334583733,0.0,15.524050327336028,2.438128218320671,3813019.214332752,3026332.7696499215,57.82483748880267,2023
37075,2025,5,bottom,Thunderstorm Wind,-13.879594676353477,2.0965214735292625,5.354203028141437,1,0.0,0.0,0.0,20.681030294468485,2.3977130082749616,6285132.689727519,4612042.741485019,67.2652360072378,2023
37075,2025,5,mid,Thunderstorm Wind,-6.6329720452077225,0.8506734075704047,4.257418671554807,1,0.0,0.0,0.0,20.681030294468485,2.3977130082749616,6285132.689727519,4612042.741485019,67.2652360072378,2023
37075,2025,5,top,Thunderstorm Wind,-10.897287465411623,0.9636310961175738,5.406203207694024,1,0.0,0.0,0.0,20.681030294468485,2.3977130082749616,6285132.689727519,4612042.741485019,67.2652360072378,2023
37095,2022,12,bottom,Thunderstorm Wind,-8.10938702437356,0.9985242692597823,3.3725656026359494,1,0.0,0.0,0.0,39.10475012397766,2.563769109416008,20073578.63994776,15227998.009000305,71.81616673396242,2021
37095,2022,12,mid,Thunderstorm Wind,0.9054624905756583,1.3591934902283018,4.601538572988834,1,0.0,0.0,0.0,39.10475012397766,2.563769109416008,20073578.63994776,15227998.009000305,71.81616673396242,2021
37095,2022,12,top,Thunderstorm Wind,6.665776068457916,1.5586538154180145,8.965178862993795,1,0.0,0.0,0.0,39.10475012397766,2.563769109416008,20073578.63994776,15227998.009000305,71.81616673396242,2021
37095,2023,8,bottom,Flash Flood,-3.4180545096683517,1.4756302985472969,-4.951577818486068,8,0.0,0.0,0.0,37.60473912245178,2.530012879180353,23971966.108458012,17252802.951537814,83.23129951045217,2023
37095,2023,8,mid,Flash Flood,2.956417185573997,1.1949862607308774,-6.357019290514415,8,0.0,0.0,0.0,37.60473912245178,2.530012879180353,23971966.108458012,17252802.951537814,83.23129951045217,2023
37095,2023,8,top,Flash Flood,9.059806238820727,0.8973527195082551,-4.569442310196611,8,0.0,0.0,0.0,37.60473912245178,2.530012879180353,23971966.108458012,17252802.951537814,83.23129951045217,2023
37115,2022,6,bottom,Thunderstorm Wind,2.366666758904003,0.718653118847905,8.273467523118294,1,0.0,0.0,0.0,48.99446309094238,2.6672752591394424,3379178.6777103334,2889740.9259773022,38.59657540817546,2021
37115,2022,6,mid,Thunderstorm Wind,3.045837967665946,0.8121713432698084,8.10195177957793,1,0.0,0.0,0.0,48.99446309094238,2.6672752591394424,3379178.6777103334,2889740.9259773022,38.59657540817546,2021
37115,2022,6,top,Thunderstorm Wind,4.226208123646259,0.8842575619364176,7.714903205881399,1,0.0,0.0,0.0,48.99446309094238,2.6672752591394424,3379178.6777103334,2889740.9259773022,38.59657540817546,2021
37121,2024,8,bottom,Thunderstorm Wind,-0.6413880101252118,0.2713630939200787,-0.6238963076579201,2,0.0,0.0,0.006944444444444444,49.32590867412495,2.5334044456860796,5205677.105311314,4243980.140931473,53.478117924161936,2023
37121,2024,8,mid,Thunderstorm Wind,1.291904852253083,0.7195829735815076,-0.45751633145593945,2,0.0,0.0,0.006944444444444444,49.32590867412495,2.5334044456860796,5205677.105311314,4243980.140931473,53.478117924161936,2023
37121,2024,8,top,Thunderstorm Wind,-6.712511656683958,0.30830925136793924,0.6265862805674468,2,0.0,0.0,0.006944444444444444,49.32590867412495,2.5334044456860796,5205677.105311314,4243980.140931473,53.478117924161936,2023
37121,2025,5,bottom,Thunderstorm Wind,-13.108698772251458,1.5022685700426845,0.74092010695396,2,0.0,0.0,0.0,50.080800693784624,2.50334204511266,7067855.3267265735,5736924.98520083,57.99829872869584,2023
37121,2025,5,mid,Thunderstorm Wind,-6.439117655982685,0.8824385023222632,-1.4689976537811162,2,0.0,0.0,0.0,50.080800693784624,2.50334204511266,7067855.3267265735,5736924.98520083,57.99829872869584,2023
37121,2025,5,top,Thunderstorm Wind,-15.523156430477059,1.475973578461411,0.9725250708722039,2,0.0,0.0,0.0,50.080800693784624,2.50334204511266,7067855.3267265735,5736924.98520083,57.99829872869584,2023
37127,2022,6,bottom,Lightning,34.00584364897122,2.096631169518638,-5.112463766072575,1,0.0,0.0,0.0,54.712575590942386,2.71206238152256,25295174.05872313,20894450.385944583,62.05827803662502,2021
37127,2022,6,mid,Lightning,8.967883792973325,0.6419799560485269,-2.9177440147765785,1,0.0,0.0,0.0,54.712575590942386,2.71206238152256,25295174.05872313,20894450.385944583,62.05827803662502,2021
37127,2022,6,top,Lightning,10.372664920353571,0.7237795498118033,-3.1195499681905545,1,0.0,0.0,0.0,54.712575590942386,2.71206238152256,25295174.05872313,20894450.385944583,62.05827803662502,2021
37131,2023,7,bottom,Thunderstorm Wind,-8.314819416177329,1.3727251795903652,-1.3290302205991036,1,3000.0,8.006700845440367,0.0,13.373861616491876,2.426252260334913,7751949.813158709,5297891.6171573885,93.23185777485145,2023
37131,2023,7,mid,Thunderstorm Wind,-15.202353001955075,1.9374466082519803,-0.0848060508328435,1,3000.0,8.006700845440367,0.0,13.373861616491876,2.426252260334913,7751949.813158709,5297891.6171573885,93.23185777485145,2023
37131,2023,7,top,Thunderstorm Wind,-1.4961739873105415,0.8187484655211086,-4.809974988183214,1,3000.0,8.006700845440367,0.0,13.373861616491876,2.426252260334913,7751949.813158709,5297891.6171573885,93.23185777485145,2023
37137,2022,3,bottom,Thunderstorm Wind,14.879214010647004,2.827036257935795,-0.031673090439620445,1,0.0,0.0,0.0,56.53200138555907,2.721689063780975,14379338.833878404,12509193.933939809,45.880537655581904,2021
37137,2022,3,mid,Thunderstorm Wind,-0.02716827944141187,1.315606145432075,5.7086773306332645,1,0.0,0.0,0.0,56.53200138555907,2.721689063780975,14379338.833878404,12509193.933939809,45.880537655581904,2021
37137,2022,3,top,Thunderstorm Wind,1.9765269216582055,1.694760649511258,3.6655517890409186,1,0.0,0.0,0.0,56.53200138555907,2.721689063780975,14379338.833878404,12509193.933939809,45.880537655581904,2021
37139,2021,6,bottom,Heavy Rain,-0.6873067890427365,0.5810688368205776,-0.9227310288060929,1,0.0,0.0,0.625,55.342202,2.7671101,3511651.4039112744,2937602.3098035906,40.52029956640993,2020
37139,2021,6,mid,Heavy Rain,9.34827929348927,0.5015498719583317,-1.4493731929526632,1,0.0,0.0,0.625,55.342202,2.7671101,3511651.4039112744,2937602.3098035906,40.52029956640993,2020
37139,2021,6,top,Heavy Rain,12.127708334972269,1.1930861384414377,-1.5739480126888215,1,0.0,0.0,0.625,55.342202,2.7671101,3511651.4039112744,2937602.3098035906,40.52029956640993,2020
37143,2023,6,bottom,Thunderstorm Wind,15.557173967671261,1.0290609465522496,-3.65853499428124,2,4000.0,8.294299608857235,0.0,42.164999630725305,2.5546634182412995,9606199.386901183,7544493.471406664,51.36757020534446,2023
37143,2023,6,mid,Thunderstorm Wind,12.821684907874953,1.1383103123968088,-0.3835837358936279,2,4000.0,8.294299608857235,0.0,42.164999630725305,2.5546634182412995,9606199.386901183,7544493.471406664,51.36757020534446,2023
37143,2023,6,top,Thunderstorm Wind,4.584455650954112,0.6867302339340919,0.8036046059809886,2,4000.0,8.294299608857235,0.0,42.164999630725305,2.5546634182412995,9606199.386901183,7544493.471406664,51.36757020534446,2023
37153,2021,8,bottom,Thunderstorm Wind,14.748116752016713,1.3718947072532608,-0.4747916242267725,2,10000.0,9.210440366976517,0.0,54.204798,2.7102399,13560736.124853007,9987602.039313255,43.59479700432687,2020
37153,2021,8,mid,Thunderstorm Wind,25.57015511382781,1.2661169070696563,-4.91961752674698,2,10000.0,9.210440366976517,0.0,54.204798,2.7102399,13560736.124853007,9987602.039313255,43.59479700432687,2020
37153,2021,8,top,Thunderstorm Wind,14.703765924803307,0.8725843568913882,-3.7966279135709633,2,10000.0,9.210440366976517,0.0,54.204798,2.7102399,13560736.124853007,9987602.039313255,43.59479700432687,2020
37173,2021,6,bottom,Thunderstorm Wind,-7.966517665416859,1.1793544782073617,-0.6560770123324554,2,0.0,0.0,0.03333333333333333,52.89859800000001,2.6449299,3011657.113471691,1671152.4143532666,62.357114702402576,2020
37173,2021,6,mid,Thunderstorm Wind,-8.429671288117078,1.2600710241693467,0.7474483424042356,2,0.0,0.0,0.03333333333333333,52.89859800000001,2.6449299,3011657.113471691,1671152.4143532666,62.357114702402576,2020
37173,2021,6,top,Thunderstorm Wind,-9.15548253151779,1.186087667325732,1.9615711218300145,2,0.0,0.0,0.03333333333333333,52.89859800000001,2.6449299,3011657.113471691,1671152.4143532666,62.357114702402576,2020
37181,2022,5,bottom,Thunderstorm Wind,7.875583320568069,0.9458245294515318,12.00864137840413,4,25000.0,10.12667110305036,0.0,47.351249313354494,2.6299151587486267,8451789.299259748,5339324.474887591,68.67523331467355,2021
37181,2022,5,mid,Thunderstorm Wind,-9.755790142922152,1.16497447213108,7.070272616811138,4,25000.0,10.12667110305036,0.0,47.351249313354494,2.6299151587486267,8451789.299259748,5339324.474887591,68.67523331467355,2021
37181,2022,5,top,Thunderstorm Wind,2.468155463860711,0.4608120912828418,1.072834018541523,4,25000.0,10.12667110305036,0.0,47.351249313354494,2.6299151587486267,8451789.299259748,5339324.474887591,68.67523331467355,2021
38033,2024,5,bottom,"Hail,Thunderstorm Wind",5.2036569745889665,0.9112848276285873,-1.0744519156233423,3,1600000.0,14.285514812209815,0.018055555555555554,38.06951911620953,2.506637688703221,3031284.0224732645,2564851.6538082194,31.298902680631215,2023
38033,2024,5,mid,"Hail,Thunderstorm Wind",-10.675276754057833,2.324941857252791,10.206188131113896,3,1600000.0,14.285514812209815,0.018055555555555554,38.06951911620953,2.506637688703221,3031284.0224732645,2564851.6538082194,31.298902680631215,2023
38033,2024,5,top,"Hail,Thunderstorm Wind",-6.572907616511742,2.4326043093090517,-5.048460038414755,3,1600000.0,14.285514812209815,0.018055555555555554,38.06951911620953,2.506637688703221,3031284.0224732645,2564851.6538082194,31.298902680631215,2023
38039,2024,6,bottom,"Hail,Thunderstorm Wind",17.703109532670112,1.8652507245765182,-9.215121815022988,2,0.0,0.0,0.004861111111111111,93.8053846498234,2.729608003601629,2667157.055769235,2672848.925219553,21.105963444798142,2023
38039,2024,6,mid,"Hail,Thunderstorm Wind",30.799257531640478,2.142717120912386,-11.609938497956543,2,0.0,0.0,0.004861111111111111,93.8053846498234,2.729608003601629,2667157.055769235,2672848.925219553,21.105963444798142,2023
38039,2024,6,top,"Hail,Thunderstorm Wind",-2.540446944322156,0.7810434070417668,0.3731590786034597,2,0.0,0.0,0.004861111111111111,93.8053846498234,2.729608003601629,2667157.055769235,2672848.925219553,21.105963444798142,2023
38057,2024,9,bottom,Hail,-23.694305071171556,1.7614724221662315,1.4308353143961483,3,0.0,0.0,0.004861111111111111,83.84476155394238,2.6608616641809193,5124192.077802593,5959516.651971543,16.365510132994494,2023
38057,2024,9,mid,Hail,-3.437574740251037,0.5316127547951572,-1.472505918886469,3,0.0,0.0,0.004861111111111111,83.84476155394238,2.6608616641809193,5124192.077802593,5959516.651971543,16.365510132994494,2023
38057,2024,9,top,Hail,-2.8515753861451145,0.47669048533183067,-2.78172123256851,3,0.0,0.0,0.004861111111111111,83.84476155394238,2.6608616641809193,5124192.077802593,5959516.651971543,16.365510132994494,2023
39003,2021,8,bottom,"Thunderstorm Wind,Tornado",-21.382425990979996,1.4074562710600624,2.9459251693350694,4,0.0,0.0,0.011111111111111112,58.815397999999995,2.9407699,4148451.9836310884,4020055.1274823677,37.7217185652259,2020
39003,2021,8,mid,"Thunderstorm Wind,Tornado",-18.74877713585566,1.083199976202881,3.7999063939844433,4,0.0,0.0,0.011111111111111112,58.815397999999995,2.9407699,4148451.9836310884,4020055.1274823677,37.7217185652259,2020
39003,2021,8,top,"Thunderstorm Wind,Tornado",-14.091927474495137,0.9008507363891547,1.650546139494305,4,0.0,0.0,0.011111111111111112,58.815397999999995,2.9407699,4148451.9836310884,4020055.1274823677,37.7217185652259,2020
39005,2024,4,bottom,Hail,-4.056919841112034,0.38073429078236654,-4.624067982125145,1,0.0,0.0,0.0,85.73738089320341,2.6870607225291785,9203390.132434407,8716254.982399818,35.12744970190815,2023
39005,2024,4,mid,Hail,-0.9856798480360567,0.19230252059912334,-4.132578058178993,1,0.0,0.0,0.0,85.73738089320341,2.6870607225291785,9203390.132434407,8716254.982399818,35.12744970190815,2023
39005,2024,4,top,Hail,1.6432312150076598,0.2648908121660014,-4.4101111319401225,1,0.0,0.0,0.0,85.73738089320341,2.6870607225291785,9203390.132434407,8716254.982399818,35.12744970190815,2023
39007,2021,9,bottom,Thunderstorm Wind,5.747203220173631,0.7949112950901963,-0.3226481112640774,1,0.0,0.0,0.0,56.074200000000005,2.80371,2970154.9037424526,2528611.562013165,40.40204966496551,2020
39007,2021,9,mid,Thunderstorm Wind,4.504563844421227,0.5588826335188295,-0.5693912107628213,1,0.0,0.0,0.0,56.074200000000005,2.80371,2970154.9037424526,2528611.562013165,40.40204966496551,2020
39007,2021,9,top,Thunderstorm Wind,-2.0194655090962925,0.06693629081311632,-0.4422389483704497,1,0.0,0.0,0.0,56.074200000000005,2.80371,2970154.9037424526,2528611.562013165,40.40204966496551,2020
39011,2024,5,bottom,Tornado,2.05139209470002,0.8916556431426083,2.4317795107965785,2,600000.0,13.304686600863562,0.011111111111111112,96.54068358720833,2.76508046091033,7488742.694363717,8165802.2779724505,12.573351001382502,2023
39011,2024,5,mid,Tornado,1.0876204936889735,0.3327478109224286,-0.039387874568314864,2,600000.0,13.304686600863562,0.011111111111111112,96.54068358720833,2.76508046091033,7488742.694363717,8165802.2779724505,12.573351001382502,2023
39011,2024,5,top,Tornado,-0.010431488323149551,0.1700210681131087,-1.3712573944186772,2,600000.0,13.304686600863562,0.011111111111111112,96.54068358720833,2.76508046091033,7488742.694363717,8165802.2779724505,12.573351001382502,2023
39019,2025,6,bottom,"Flash Flood,Heavy Rain,Thunderstorm Wind",-3.729690850052279,0.7608827799272597,2.12582756338891,9,27000.0,10.203629181337648,0.25,45.17929193627743,2.4831963721763137,6465159.694371848,5497368.091409955,50.272296975657845,2023
39019,2025,6,mid,"Flash Flood,Heavy Rain,Thunderstorm Wind",6.204895190720407,1.3136835668289573,2.067736168336092,9,27000.0,10.203629181337648,0.25,45.17929193627743,2.4831963721763137,6465159.694371848,5497368.091409955,50.272296975657845,2023
39019,2025,6,top,"Flash Flood,Heavy Rain,Thunderstorm Wind",3.24737026587853,0.899327440759661,3.149150252883269,9,27000.0,10.203629181337648,0.25,45.17929193627743,2.4831963721763137,6465159.694371848,5497368.091409955,50.272296975657845,2023
39031,2025,6,bottom,Thunderstorm Wind,-2.091879809104725,1.1038784346134956,-2.0438621037132427,1,1000.0,6.90875477931522,0.0,53.20985440658579,2.5100501959298205,14106145.771628413,9219307.536160594,84.1388062217223,2023
39031,2025,6,mid,Thunderstorm Wind,1.0739590627158293,0.1696210334432754,-1.2235265107175384,1,1000.0,6.90875477931522,0.0,53.20985440658579,2.5100501959298205,14106145.771628413,9219307.536160594,84.1388062217223,2023
39031,2025,6,top,Thunderstorm Wind,6.610058264635384,0.2938342465625902,-1.1440323987802496,1,1000.0,6.90875477931522,0.0,53.20985440658579,2.5100501959298205,14106145.771628413,9219307.536160594,84.1388062217223,2023
39033,2021,5,bottom,Flood,0.017164209906965766,0.2663540320469545,-6.738071133184889,6,120000.0,11.695255355062795,4.75,59.029002,2.9514501,3720517.420885341,3293730.019300026,41.19038234132403,2020
39033,2021,5,mid,Flood,2.2619540352621783,0.07524171773134819,-3.779222317831625,6,120000.0,11.695255355062795,4.75,59.029002,2.9514501,3720517.420885341,3293730.019300026,41.19038234132403,2020
39033,2021,5,top,Flood,-0.23714176715046165,0.443399332552354,-0.45695814230222237,6,120000.0,11.695255355062795,4.75,59.029002,2.9514501,3720517.420885341,3293730.019300026,41.19038234132403,2020
39035,2024,5,bottom,"Hail,Thunderstorm Wind",-0.8681157769528483,0.3164950265102133,-2.125810080059125,5,20000.0,9.90353755128617,0.012499999999999999,97.80386894344319,2.7870136899130675,174282161.03803623,147999008.117886,69.42363510272845,2023
39035,2024,5,mid,"Hail,Thunderstorm Wind",-0.08200425195646233,0.2393576448476045,-1.3603349153615483,5,20000.0,9.90353755128617,0.012499999999999999,97.80386894344319,2.7870136899130675,174282161.03803623,147999008.117886,69.42363510272845,2023
39035,2024,5,top,"Hail,Thunderstorm Wind",-0.9795905921148034,0.1886581882083739,-0.5842223530934282,5,20000.0,9.90353755128617,0.012499999999999999,97.80386894344319,2.7870136899130675,174282161.03803623,147999008.117886,69.42363510272845,2023
39035,2025,4,bottom,Flash Flood,-3.135276130410702,0.5544276030322063,-0.3736393380242333,4,0.0,0.0,0.4305555555555556,98.30191026626294,2.7497100777528702,270547967.7146409,225827626.36251274,66.35434695904355,2023
39035,2025,4,mid,Flash Flood,3.6005808318355434,0.19237598399935532,-0.344132261185095,4,0.0,0.0,0.4305555555555556,98.30191026626294,2.7497100777528702,270547967.7146409,225827626.36251274,66.35434695904355,2023
39035,2025,4,top,Flash Flood,4.012542439879326,0.23385117824316407,-0.4773320868935163,4,0.0,0.0,0.4305555555555556,98.30191026626294,2.7497100777528702,270547967.7146409,225827626.36251274,66.35434695904355,2023
39039,2025,4,bottom,Hail,-6.1771931789408825,0.7631609970449413,-0.985187337433274,1,1000.0,6.90875477931522,0.0006944444444444445,89.9867152127941,2.657391410802113,11408744.885544803,12872633.56949434,19.52547165553977,2023
39039,2025,4,mid,Hail,-4.397021172659947,0.3208003783539009,-0.38461486524127037,1,1000.0,6.90875477931522,0.0006944444444444445,89.9867152127941,2.657391410802113,11408744.885544803,12872633.56949434,19.52547165553977,2023
39039,2025,4,top,Hail,-2.5482454900164413,0.18823676553377405,-0.34565883501034494,1,1000.0,6.90875477931522,0.0006944444444444445,89.9867152127941,2.657391410802113,11408744.885544803,12872633.56949434,19.52547165553977,2023
39043,2021,5,bottom,Flood,0.6846408820811689,0.317541219446153,-1.162609142733345,5,0.0,0.0,2.0833333333333335,58.242798,2.9121399,8426262.946366314,6918219.94347886,43.24004729998029,2020
39043,2021,5,mid,Flood,0.3890310586496497,0.3165979723198995,-0.6905623047934076,5,0.0,0.0,2.0833333333333335,58.242798,2.9121399,8426262.946366314,6918219.94347886,43.24004729998029,2020
39043,2021,5,top,Flood,-0.39035891515362664,0.5322169948257597,-0.29919493767248656,5,0.0,0.0,2.0833333333333335,58.242798,2.9121399,8426262.946366314,6918219.94347886,43.24004729998029,2020
39043,2024,4,bottom,Hail,4.213964608739886,0.7926135451483495,-0.37563144955768263,1,0.0,0.0,0.0,99.06291741947595,2.830316695372248,14572207.954402504,13635018.816934498,37.39353030930575,2023
39043,2024,4,mid,Hail,2.4759557093627222,0.3839594125633368,-0.47319864456159166,1,0.0,0.0,0.0,99.06291741947595,2.830316695372248,14572207.954402504,13635018.816934498,37.39353030930575,2023
39043,2024,4,top,Hail,0.8368695179362504,0.16286959602278395,-0.7772477372416707,1,0.0,0.0,0.0,99.06291741947595,2.830316695372248,14572207.954402504,13635018.816934498,37.39353030930575,2023
39051,2023,6,bottom,Thunderstorm Wind,11.243984385509592,0.9056793025019748,-1.5020390786274287,1,20000.0,9.90353755128617,0.0006944444444444445,86.41619329123813,2.733013132121005,5399141.154995792,5358018.034014347,11.058362282860884,2023
39051,2023,6,mid,Thunderstorm Wind,8.482622699567187,0.9155534362141333,-0.9466426645718826,1,20000.0,9.90353755128617,0.0006944444444444445,86.41619329123813,2.733013132121005,5399141.154995792,5358018.034014347,11.058362282860884,2023
39051,2023,6,top,Thunderstorm Wind,7.939278258871937,1.0680145020623388,-1.36784248020228,1,20000.0,9.90353755128617,0.0006944444444444445,86.41619329123813,2.733013132121005,5399141.154995792,5358018.034014347,11.058362282860884,2023
39055,2024,4,bottom,Hail,-5.106047076865366,0.467101798978271,1.2118473129099385,1,0.0,0.0,0.0,85.17047722950521,2.683369551413811,10676651.404658092,9890423.551406164,26.944027860107422,2023
39055,2024,4,mid,Hail,-3.56545126667514,0.3822239748207786,0.6251893578621122,1,0.0,0.0,0.0,85.17047722950521,2.683369551413811,10676651.404658092,9890423.551406164,26.944027860107422,2023
39055,2024,4,top,Hail,-3.048149011532132,0.3720163393648678,0.013786890474586736,1,0.0,0.0,0.0,85.17047722950521,2.683369551413811,10676651.404658092,9890423.551406164,26.944027860107422,2023
39063,2023,2,bottom,Thunderstorm Wind,-8.213317099976564,0.6914996320400596,-1.171486590748368,1,0.0,0.0,0.0,94.32737855822754,2.8343589746509554,12224004.070858907,11835063.273217464,18.24255104298943,2021
39063,2023,2,mid,Thunderstorm Wind,-3.7574967373822687,0.4343148048016983,-0.1436097885838592,1,0.0,0.0,0.0,94.32737855822754,2.8343589746509554,12224004.070858907,11835063.273217464,18.24255104298943,2021
39063,2023,2,top,Thunderstorm Wind,-5.185850927272398,0.8293046402432509,-0.2939059454996074,1,0.0,0.0,0.0,94.32737855822754,2.8343589746509554,12224004.070858907,11835063.273217464,18.24255104298943,2021
39065,2024,5,bottom,Thunderstorm Wind,0.6080213320648511,0.2838197582622249,0.22637754080734376,1,5000.0,8.517393171418904,0.001388888888888889,63.60541493773727,2.5961182977562998,4863883.927960943,5552725.190688552,27.129069893610026,2023
39065,2024,5,mid,Thunderstorm Wind,-1.6609888766393652,0.12876332278311403,-1.2533461686031302,1,5000.0,8.517393171418904,0.001388888888888889,63.60541493773727,2.5961182977562998,4863883.927960943,5552725.190688552,27.129069893610026,2023
39065,2024,5,top,Thunderstorm Wind,2.540889839831152,0.10013816137631641,-1.6460393534133526,1,5000.0,8.517393171418904,0.001388888888888889,63.60541493773727,2.5961182977562998,4863883.927960943,5552725.190688552,27.129069893610026,2023
39069,2021,6,bottom,Thunderstorm Wind,-21.02324979936955,2.029300728263774,-0.07780244333014726,6,2000.0,7.601402334583733,0.008333333333333333,59.379,2.96895,1006764.384936716,1122472.4037470906,32.518722901079144,2020
39069,2021,6,mid,Thunderstorm Wind,-15.29229958599332,1.5114331226267306,-0.5649543962452933,6,2000.0,7.601402334583733,0.008333333333333333,59.379,2.96895,1006764.384936716,1122472.4037470906,32.518722901079144,2020
39069,2021,6,top,Thunderstorm Wind,-12.432732982447703,1.5016399039579875,-1.9515849373605316,6,2000.0,7.601402334583733,0.008333333333333333,59.379,2.96895,1006764.384936716,1122472.4037470906,32.518722901079144,2020
39069,2024,8,bottom,"Hail,Thunderstorm Wind",13.866096446620688,0.7781765061846755,-6.0229930963760365,2,1000.0,6.90875477931522,0.001388888888888889,90.8642370580055,2.697562821979226,7038258.1423993325,8083739.248202073,13.155296440584754,2023
39069,2024,8,mid,"Hail,Thunderstorm Wind",6.052838227997398,0.48415591792069324,-1.349164657924561,2,1000.0,6.90875477931522,0.001388888888888889,90.8642370580055,2.697562821979226,7038258.1423993325,8083739.248202073,13.155296440584754,2023
39069,2024,8,top,"Hail,Thunderstorm Wind",2.6603238841376395,0.18242775586297705,-1.8837440055661478,2,1000.0,6.90875477931522,0.001388888888888889,90.8642370580055,2.697562821979226,7038258.1423993325,8083739.248202073,13.155296440584754,2023
39069,2025,6,bottom,Thunderstorm Wind,8.949801099563516,0.7652286588782582,-3.6174559923394347,2,30000.0,10.308985993422082,0.001388888888888889,90.43143622499633,2.65090031386721,9709977.491304668,11412593.957992485,15.111353215219282,2023
39069,2025,6,mid,Thunderstorm Wind,4.037005285472574,0.39016204583809283,-2.0022041916862556,2,30000.0,10.308985993422082,0.001388888888888889,90.43143622499633,2.65090031386721,9709977.491304668,11412593.957992485,15.111353215219282,2023
39069,2025,6,top,Thunderstorm Wind,4.402884161429711,0.46974394802864755,-1.3463151278867542,2,30000.0,10.308985993422082,0.001388888888888889,90.43143622499633,2.65090031386721,9709977.491304668,11412593.957992485,15.111353215219282,2023
39075,2024,4,bottom,Thunderstorm Wind,-9.462850354077872,0.6353421869252137,0.4264321849164598,4,0.0,0.0,0.0,13.3835999071667,2.3856729882763226,12543733.773990398,7711254.062598494,65.33285591855469,2023
39075,2024,4,mid,Thunderstorm Wind,-2.287862277260203,0.4270723125375622,-0.33796470362429903,4,0.0,0.0,0.0,13.3835999071667,2.3856729882763226,12543733.773990398,7711254.062598494,65.33285591855469,2023
39075,2024,4,top,Thunderstorm Wind,-4.342385106932625,0.37380139333108797,3.6869319719996696,4,0.0,0.0,0.0,13.3835999071667,2.3856729882763226,12543733.773990398,7711254.062598494,65.33285591855469,2023
39083,2022,7,bottom,Thunderstorm Wind,-6.773143466124196,0.5608717806429527,-1.935870621065651,3,0.0,0.0,0.0,69.92639716894531,2.799392454043579,3633964.8494350933,3519706.3797546783,30.32840123588192,2021
39083,2022,7,mid,Thunderstorm Wind,-8.01708390152291,0.6339363520602721,-0.9686651687504716,3,0.0,0.0,0.0,69.92639716894531,2.799392454043579,3633964.8494350933,3519706.3797546783,30.32840123588192,2021
39083,2022,7,top,Thunderstorm Wind,-9.519322777404568,0.6263726531199094,-0.43346129338184863,3,0.0,0.0,0.0,69.92639716894531,2.799392454043579,3633964.8494350933,3519706.3797546783,30.32840123588192,2021
39093,2024,5,bottom,"Flash Flood,Hail",0.7927986130464859,0.08839846902373305,-1.202191017343689,7,0.0,0.0,0.17222222222222225,95.69143240313383,2.7521414733555907,35033252.80698267,36008899.01021636,39.70475262651574,2023
39093,2024,5,mid,"Flash Flood,Hail",0.6912564259871203,0.07014447789897355,-0.486619522209826,7,0.0,0.0,0.17222222222222225,95.69143240313383,2.7521414733555907,35033252.80698267,36008899.01021636,39.70475262651574,2023
39093,2024,5,top,"Flash Flood,Hail",-2.003532283143315,0.19723144140540746,0.16639091297966502,7,0.0,0.0,0.17222222222222225,95.69143240313383,2.7521414733555907,35033252.80698267,36008899.01021636,39.70475262651574,2023
39123,2021,9,bottom,Thunderstorm Wind,-1.430087259779583,0.35227203682221153,-1.5425482493145921,3,0.0,0.0,0.0,60.02819999999999,3.00141,3562939.6991479984,3760295.209061144,34.92313756406003,2020
39123,2021,9,mid,Thunderstorm Wind,2.868995143694548,0.33662980018672023,-2.2968971703127323,3,0.0,0.0,0.0,60.02819999999999,3.00141,3562939.6991479984,3760295.209061144,34.92313756406003,2020
39123,2021,9,top,Thunderstorm Wind,7.795068022617073,0.6000172533732164,-2.0186925832428577,3,0.0,0.0,0.0,60.02819999999999,3.00141,3562939.6991479984,3760295.209061144,34.92313756406003,2020
39127,2021,8,bottom,Thunderstorm Wind,2.780648116623837,1.3165520632246437,-5.006421028373197,1,5000.0,8.517393171418904,0.0,55.1086,2.75543,1447192.3314181715,1482475.320578373,33.14938904218185,2020
39127,2021,8,mid,Thunderstorm Wind,3.713984900355314,0.57652128690647,-0.031165148678582,1,5000.0,8.517393171418904,0.0,55.1086,2.75543,1447192.3314181715,1482475.320578373,33.14938904218185,2020
39127,2021,8,top,Thunderstorm Wind,15.730932833941935,1.1086448410234873,-1.5521261064622582,1,5000.0,8.517393171418904,0.0,55.1086,2.75543,1447192.3314181715,1482475.320578373,33.14938904218185,2020
39137,2023,4,bottom,Thunderstorm Wind,-7.135381720240204,0.4851165419523472,3.7859111848286724,1,10000.0,9.210440366976517,0.0006944444444444445,98.80467392721947,2.8742460370023672,3146971.429643237,3484517.3801082405,1.404680345579427,2023
39137,2023,4,mid,Thunderstorm Wind,-4.966929080582432,0.20276779451658772,1.840961998300486,1,10000.0,9.210440366976517,0.0006944444444444445,98.80467392721947,2.8742460370023672,3146971.429643237,3484517.3801082405,1.404680345579427,2023
39137,2023,4,top,Thunderstorm Wind,-4.2148788998328115,0.6637694964416955,2.1686282157644285,1,10000.0,9.210440366976517,0.0006944444444444445,98.80467392721947,2.8742460370023672,3146971.429643237,3484517.3801082405,1.404680345579427,2023
39139,2025,4,bottom,Hail,6.556184225848426,0.44140314007604153,1.1467919312181276,4,0.0,0.0,0.0,80.69536065419221,2.613501793976385,19608545.652191594,18616425.06680749,45.724230978693186,2023
39139,2025,4,mid,Hail,6.967274462518873,0.2826866490011319,-1.1581195149727013,4,0.0,0.0,0.0,80.69536065419221,2.613501793976385,19608545.652191594,18616425.06680749,45.724230978693186,2023
39139,2025,4,top,Hail,3.599826166244952,0.2287266850448434,-1.4239037722656935,4,0.0,0.0,0.0,80.69536065419221,2.613501793976385,19608545.652191594,18616425.06680749,45.724230978693186,2023
39143,2024,5,bottom,Thunderstorm Wind,6.871426083861564,0.7611982639680145,1.5966808062452884,3,12400.0,9.425532393502772,0.0,88.86508191417771,2.699689393502741,11956015.894437283,11701234.653403975,31.1093268112247,2023
39143,2024,5,mid,Thunderstorm Wind,-0.18058559129400464,0.09810701207626008,0.5083483910264827,3,12400.0,9.425532393502772,0.0,88.86508191417771,2.699689393502741,11956015.894437283,11701234.653403975,31.1093268112247,2023
39143,2024,5,top,Thunderstorm Wind,1.5332855414379338,0.15680828398237862,-0.3466231736010741,3,12400.0,9.425532393502772,0.0,88.86508191417771,2.699689393502741,11956015.894437283,11701234.653403975,31.1093268112247,2023
39147,2024,3,bottom,"Hail,Tornado",15.50325517914429,1.3891978800456697,-4.907648919553992,4,0.0,0.0,0.002777777777777778,86.92903984152771,2.6974702673228426,8335045.246369663,8487531.327900149,25.3518131679581,2023
39147,2024,3,mid,"Hail,Tornado",2.6217522169779954,0.3812757760242074,-2.902082148888932,4,0.0,0.0,0.002777777777777778,86.92903984152771,2.6974702673228426,8335045.246369663,8487531.327900149,25.3518131679581,2023
39147,2024,3,top,"Hail,Tornado",4.983977208304324,0.27937006440323026,-1.514830658426746,4,0.0,0.0,0.002777777777777778,86.92903984152771,2.6974702673228426,8335045.246369663,8487531.327900149,25.3518131679581,2023
39151,2021,5,bottom,Flood,-5.169837005671823,0.3314925928369932,6.763147149132877,4,0.0,0.0,2.0,57.7138,2.88569,19425204.575477626,17318281.88357323,39.968466692922206,2020
39151,2021,5,mid,Flood,-5.587660694934712,0.28689257758246195,3.865409686437071,4,0.0,0.0,2.0,57.7138,2.88569,19425204.575477626,17318281.88357323,39.968466692922206,2020
39151,2021,5,top,Flood,-4.869197834391031,0.3874442292426877,1.1514042692380049,4,0.0,0.0,2.0,57.7138,2.88569,19425204.575477626,17318281.88357323,39.968466692922206,2020
39153,2024,5,bottom,Thunderstorm Wind,-3.963005397067562,0.36286929877429414,-2.271440488937278,2,20000.0,9.90353755128617,0.0,80.67630023295955,2.6583419306466323,60408822.54216525,58567231.689904705,42.54272685383878,2023
39153,2024,5,mid,Thunderstorm Wind,-4.139758850904627,0.43353664027099165,-1.893118087314922,2,20000.0,9.90353755128617,0.0,80.67630023295955,2.6583419306466323,60408822.54216525,58567231.689904705,42.54272685383878,2023
39153,2024,5,top,Thunderstorm Wind,-4.851287172204522,0.34552201959221734,-1.0931782392918308,2,20000.0,9.90353755128617,0.0,80.67630023295955,2.6583419306466323,60408822.54216525,58567231.689904705,42.54272685383878,2023
39161,2021,8,bottom,Tornado,-5.4358970524669985,1.2126380194802655,-0.3422458879885492,4,0.0,0.0,0.006944444444444445,59.6038,2.98019,1814829.317417511,1979390.0973706224,33.425305478909074,2020
39161,2021,8,mid,Tornado,-10.628802903539452,0.6220510029907451,1.0073939907214633,4,0.0,0.0,0.006944444444444445,59.6038,2.98019,1814829.317417511,1979390.0973706224,33.425305478909074,2020
39161,2021,8,top,Tornado,-14.39461369484954,0.7885446964884267,0.6650758216872296,4,0.0,0.0,0.006944444444444445,59.6038,2.98019,1814829.317417511,1979390.0973706224,33.425305478909074,2020
39169,2022,7,bottom,Tornado,70.57148384502686,5.644201464685141,-19.910337392487335,2,234000.0,12.36308066783498,0.004166666666666667,64.39170191552734,2.764122496975708,5410461.716506476,5314714.583141384,38.29944506469654,2021
39169,2022,7,mid,Tornado,70.35289519457706,5.508633115730124,-20.356657282149012,2,234000.0,12.36308066783498,0.004166666666666667,64.39170191552734,2.764122496975708,5410461.716506476,5314714.583141384,38.29944506469654,2021
39169,2022,7,top,Tornado,67.05089554112766,5.741949769833078,-17.831551345037454,2,234000.0,12.36308066783498,0.004166666666666667,64.39170191552734,2.764122496975708,5410461.716506476,5314714.583141384,38.29944506469654,2021
39171,2023,6,bottom,Thunderstorm Wind,8.143027592604867,0.2909653284797584,-6.33283475512754,2,3000.0,8.006700845440367,0.001388888888888889,85.02877797734095,2.726947829941029,5577434.573684077,5260106.722980047,17.351838654118428,2023
39171,2023,6,mid,Thunderstorm Wind,9.67788054571102,0.5822504526462574,-2.984474721010983,2,3000.0,8.006700845440367,0.001388888888888889,85.02877797734095,2.726947829941029,5577434.573684077,5260106.722980047,17.351838654118428,2023
39171,2023,6,top,Thunderstorm Wind,13.32866538528421,1.043653697913722,-3.898678460836313,2,3000.0,8.006700845440367,0.001388888888888889,85.02877797734095,2.726947829941029,5577434.573684077,5260106.722980047,17.351838654118428,2023
39175,2025,4,bottom,Hail,8.763734333597867,1.7984979676880233,0.9375505830057828,1,0.0,0.0,0.0,90.21107629627019,2.657972688355232,5860520.873828793,7070279.717270013,12.713054112067946,2023
39175,2025,4,mid,Hail,6.136860937624121,1.2102233297616996,1.4015186851916752,1,0.0,0.0,0.0,90.21107629627019,2.657972688355232,5860520.873828793,7070279.717270013,12.713054112067946,2023
39175,2025,4,top,Hail,-1.9421233352546494,0.9432638638695334,3.8463882078355547,1,0.0,0.0,0.0,90.21107629627019,2.657972688355232,5860520.873828793,7070279.717270013,12.713054112067946,2023
40005,2021,5,bottom,Thunderstorm Wind,21.48007936024065,1.0733879880276913,-4.99027010999193,1,10000.0,9.210440366976517,0.0,50.844402,2.5422201,4140011.2604018757,3108374.5966127357,40.36263303111957,2020
40005,2021,5,mid,Thunderstorm Wind,6.5651220857323835,0.4119313183306494,-0.5020887217346038,1,10000.0,9.210440366976517,0.0,50.844402,2.5422201,4140011.2604018757,3108374.5966127357,40.36263303111957,2020
40005,2021,5,top,Thunderstorm Wind,-3.682667212243331,0.48869447294962887,2.7103159561387713,1,10000.0,9.210440366976517,0.0,50.844402,2.5422201,4140011.2604018757,3108374.5966127357,40.36263303111957,2020
40007,2024,6,bottom,"Flash Flood,Hail,Thunderstorm Wind",2.3163391501684174,1.0748412555468727,2.9318938111314927,7,0.0,0.0,0.8333333333333334,5.669275882534757,2.3303778978068403,7396267.387781301,7063859.090502604,38.392482905024856,2023
40007,2024,6,mid,"Flash Flood,Hail,Thunderstorm Wind",1.6118738643928907,0.7915507254615001,2.2664028297712804,7,0.0,0.0,0.8333333333333334,5.669275882534757,2.3303778978068403,7396267.387781301,7063859.090502604,38.392482905024856,2023
40007,2024,6,top,"Flash Flood,Hail,Thunderstorm Wind",-0.49551167132356966,0.6338807303598231,0.18935728694661216,7,0.0,0.0,0.8333333333333334,5.669275882534757,2.3303778978068403,7396267.387781301,7063859.090502604,38.392482905024856,2023
40009,2023,8,bottom,Thunderstorm Wind,37.57215694624354,3.1012594045504853,-1.826504461597248,3,10000.0,9.210440366976517,0.0,22.12271487662305,2.4695393665036844,13347713.537129022,8954036.865579458,81.43156268744082,2023
40009,2023,8,mid,Thunderstorm Wind,14.231534374909387,1.2040562677758229,-3.4886741698086894,3,10000.0,9.210440366976517,0.0,22.12271487662305,2.4695393665036844,13347713.537129022,8954036.865579458,81.43156268744082,2023
40009,2023,8,top,Thunderstorm Wind,13.329669886083124,0.8927094849960548,-7.359067608797872,3,10000.0,9.210440366976517,0.0,22.12271487662305,2.4695393665036844,13347713.537129022,8954036.865579458,81.43156268744082,2023
40011,2022,8,bottom,Thunderstorm Wind,-2.3258092380496294,1.5211693785204807,-1.637216734272575,1,5000.0,8.517393171418904,0.0,40.29358713998413,2.5921389754484174,4106635.843475788,3285112.3290971164,57.67178653665166,2021
40011,2022,8,mid,Thunderstorm Wind,7.236612810358054,0.4565896757244281,-1.858322652404406,1,5000.0,8.517393171418904,0.0,40.29358713998413,2.5921389754484174,4106635.843475788,3285112.3290971164,57.67178653665166,2021
40011,2022,8,top,Thunderstorm Wind,7.6586276868607825,0.4047489234349883,1.2102260442818722,1,5000.0,8.517393171418904,0.0,40.29358713998413,2.5921389754484174,4106635.843475788,3285112.3290971164,57.67178653665166,2021
40019,2022,4,bottom,Hail,11.438514851048353,0.7447406583119163,-8.426970314997794,1,0.0,0.0,0.0,49.4903122138977,2.6816921917200087,12136715.5162283,9431280.525383508,53.35178427025235,2021
40019,2022,4,mid,Hail,7.97044118591775,0.8298111362778359,-2.3300362392869736,1,0.0,0.0,0.0,49.4903122138977,2.6816921917200087,12136715.5162283,9431280.525383508,53.35178427025235,2021
40019,2022,4,top,Hail,1.1966304175272597,0.47239705766934076,-1.6276206176654664,1,0.0,0.0,0.0,49.4903122138977,2.6816921917200087,12136715.5162283,9431280.525383508,53.35178427025235,2021
40029,2023,8,bottom,Thunderstorm Wind,-14.852547768794253,1.0281763099342565,7.175033669180597,1,0.0,0.0,0.0,10.621541880009694,2.4067463333318537,4345965.125717471,2638172.7973851925,84.50274630226089,2023
40029,2023,8,mid,Thunderstorm Wind,-9.00246025831008,0.4725725184492635,5.927601266639901,1,0.0,0.0,0.0,10.621541880009694,2.4067463333318537,4345965.125717471,2638172.7973851925,84.50274630226089,2023
40029,2023,8,top,Thunderstorm Wind,-8.347031869646273,0.5466790219407354,6.919983407699699,1,0.0,0.0,0.0,10.621541880009694,2.4067463333318537,4345965.125717471,2638172.7973851925,84.50274630226089,2023
40045,2022,9,bottom,Hail,2.1937373184298394,2.106168604556664,-9.48293823295083,2,0.0,0.0,0.0,38.25379961853027,2.587821927728653,1815342.1303314278,1559435.8314755354,39.67155293587582,2021
40045,2022,9,mid,Hail,1.878982052202403,1.3336131482821647,-9.1495388046747,2,0.0,0.0,0.0,38.25379961853027,2.587821927728653,1815342.1303314278,1559435.8314755354,39.67155293587582,2021
40045,2022,9,top,Hail,10.504836258047504,1.0479932864370674,-5.407312960824579,2,0.0,0.0,0.0,38.25379961853027,2.587821927728653,1815342.1303314278,1559435.8314755354,39.67155293587582,2021
40047,2023,8,bottom,Thunderstorm Wind,7.045848666250251,1.4692937297905782,-10.0997877324666,3,0.0,0.0,0.0,46.72259543133054,2.567942856368519,22142026.53269834,18481530.166163404,68.72647210983665,2023
40047,2023,8,mid,Thunderstorm Wind,6.672296815416075,0.7202630942375426,-7.314762460846755,3,0.0,0.0,0.0,46.72259543133054,2.567942856368519,22142026.53269834,18481530.166163404,68.72647210983665,2023
40047,2023,8,top,Thunderstorm Wind,0.48053947297751165,0.4938156254780271,-5.063892248269099,3,0.0,0.0,0.0,46.72259543133054,2.567942856368519,22142026.53269834,18481530.166163404,68.72647210983665,2023
40055,2022,9,bottom,Thunderstorm Wind,38.25282943334743,3.3671438320520513,-8.141875598273566,1,0.0,0.0,0.0,28.32045096457672,2.529328861981964,2124198.436568974,1652014.1051525637,57.2858657355754,2021
40055,2022,9,mid,Thunderstorm Wind,33.36753938750087,3.1763381728295927,-5.98681445484371,1,0.0,0.0,0.0,28.32045096457672,2.529328861981964,2124198.436568974,1652014.1051525637,57.2858657355754,2021
40055,2022,9,top,Thunderstorm Wind,14.575289349362777,1.3793351737820287,-2.972660202465088,1,0.0,0.0,0.0,28.32045096457672,2.529328861981964,2124198.436568974,1652014.1051525637,57.2858657355754,2021
40063,2022,6,bottom,Thunderstorm Wind,-14.631600105567657,3.521616847687827,3.1724691454197966,1,0.0,0.0,0.0,31.83033745827675,2.478853113622665,6421997.068165969,4377832.00450231,61.731902335824394,2021
40063,2022,6,mid,Thunderstorm Wind,-11.302553679104491,2.1430994067961135,-0.6520251778372975,1,0.0,0.0,0.0,31.83033745827675,2.478853113622665,6421997.068165969,4377832.00450231,61.731902335824394,2021
40063,2022,6,top,Thunderstorm Wind,-18.664233917471677,2.6565972023236473,-3.1072569122644467,1,0.0,0.0,0.0,31.83033745827675,2.478853113622665,6421997.068165969,4377832.00450231,61.731902335824394,2021
40067,2022,7,bottom,Thunderstorm Wind,30.664269302993887,2.4287310550759544,-11.889202674382915,1,0.0,0.0,0.0006944444444444445,29.459200999999997,2.49364400614624,2497837.845717816,1598213.714072011,65.78026985135378,2021
40067,2022,7,mid,Thunderstorm Wind,21.33294546226402,1.8807453301498382,-9.32437538115955,1,0.0,0.0,0.0006944444444444445,29.459200999999997,2.49364400614624,2497837.845717816,1598213.714072011,65.78026985135378,2021
40067,2022,7,top,Thunderstorm Wind,11.667188473626325,1.3518089506696007,-4.898119136456273,1,0.0,0.0,0.0006944444444444445,29.459200999999997,2.49364400614624,2497837.845717816,1598213.714072011,65.78026985135378,2021
40069,2022,4,bottom,Hail,13.230484198167659,3.497286458866717,4.985940085083854,1,0.0,0.0,0.0,41.025662499999996,2.5714456030893325,3088694.9500501496,2258709.070597206,54.49068526935991,2021
40069,2022,4,mid,Hail,19.467781833283794,4.377409387273756,6.561872907831538,1,0.0,0.0,0.0,41.025662499999996,2.5714456030893325,3088694.9500501496,2258709.070597206,54.49068526935991,2021
40069,2022,4,top,Hail,7.770896313313912,2.1458771928506475,-0.11427577933978246,1,0.0,0.0,0.0,41.025662499999996,2.5714456030893325,3088694.9500501496,2258709.070597206,54.49068526935991,2021
40071,2021,6,bottom,Thunderstorm Wind,4.569689714983895,0.2734702821203918,-1.3828977338402997,3,0.0,0.0,0.0,55.099802,2.7549901,10633743.33149217,7582403.985011136,45.526212061494135,2020
40071,2021,6,mid,Thunderstorm Wind,1.768337738229576,0.10768279716456265,-0.379286612010759,3,0.0,0.0,0.0,55.099802,2.7549901,10633743.33149217,7582403.985011136,45.526212061494135,2020
40071,2021,6,top,Thunderstorm Wind,10.267110937124428,0.9141235670020056,2.8970648552918354,3,0.0,0.0,0.0,55.099802,2.7549901,10633743.33149217,7582403.985011136,45.526212061494135,2020
40071,2024,9,bottom,Thunderstorm Wind,-1.9866161685742014,1.6945365985809997,2.4677319836286054,1,15000.0,9.61587214452889,0.0,48.50208154078741,2.526453977949041,32204680.548455965,24366189.79326816,75.31721013219283,2023
40071,2024,9,mid,Thunderstorm Wind,2.133215546833398,0.15431254509873252,1.351096252681458,1,15000.0,9.61587214452889,0.0,48.50208154078741,2.526453977949041,32204680.548455965,24366189.79326816,75.31721013219283,2023
40071,2024,9,top,Thunderstorm Wind,3.285303105297146,0.2565787515397146,2.406341143116388,1,15000.0,9.61587214452889,0.0,48.50208154078741,2.526453977949041,32204680.548455965,24366189.79326816,75.31721013219283,2023
40073,2022,8,bottom,Thunderstorm Wind,1.1924670920713538,1.0777288076421174,-2.909387901254007,3,5000.0,8.517393171418904,0.0,50.92217457084656,2.658554789319038,7450224.59666056,6683077.677445846,30.709535708613505,2021
40073,2022,8,mid,Thunderstorm Wind,-1.5147911292378495,0.16137901923028553,-0.3699368318917209,3,5000.0,8.517393171418904,0.0,50.92217457084656,2.658554789319038,7450224.59666056,6683077.677445846,30.709535708613505,2021
40073,2022,8,top,Thunderstorm Wind,0.6772377263595502,0.3991104201431392,-0.6265771405343324,3,5000.0,8.517393171418904,0.0,50.92217457084656,2.658554789319038,7450224.59666056,6683077.677445846,30.709535708613505,2021
40123,2024,9,bottom,Thunderstorm Wind,-6.262540473802602,0.8773648622824952,5.925190199493144,1,0.0,0.0,0.0,60.15100541336515,2.566959734799916,20919047.759274658,17637302.75560894,57.311971823741125,2023
40123,2024,9,mid,Thunderstorm Wind,-1.2419441333318275,0.24221425677632305,1.053107849435823,1,0.0,0.0,0.0,60.15100541336515,2.566959734799916,20919047.759274658,17637302.75560894,57.311971823741125,2023
40123,2024,9,top,Thunderstorm Wind,5.585676599361349,0.6343101436416619,2.2719932039935458,1,0.0,0.0,0.0,60.15100541336515,2.566959734799916,20919047.759274658,17637302.75560894,57.311971823741125,2023
40127,2024,5,bottom,Hail,9.501931960597929,0.644342662913382,5.951618737051153,3,65000.0,11.082157933374816,0.0,10.15755720798158,2.3763348713124226,7618074.933212518,4590315.680253101,90.62389179090673,2023
40127,2024,5,mid,Hail,8.564016407205983,0.5366322019428279,3.316534245719884,3,65000.0,11.082157933374816,0.0,10.15755720798158,2.3763348713124226,7618074.933212518,4590315.680253101,90.62389179090673,2023
40127,2024,5,top,Hail,2.1189257919246813,0.49011217603699114,1.645017928976235,3,65000.0,11.082157933374816,0.0,10.15755720798158,2.3763348713124226,7618074.933212518,4590315.680253101,90.62389179090673,2023
40137,2022,12,bottom,"Hail,Tornado",17.678817611834546,2.0118291803664485,3.8896873586984007,3,6000.0,8.699681400989514,0.002777777777777778,34.52179968698883,2.546315226129723,12051774.98586007,9215681.96728007,63.59574275078809,2021
40137,2022,12,mid,"Hail,Tornado",3.4555234652306694,0.6288192989886675,1.1509685105736243,3,6000.0,8.699681400989514,0.002777777777777778,34.52179968698883,2.546315226129723,12051774.98586007,9215681.96728007,63.59574275078809,2021
40137,2022,12,top,"Hail,Tornado",4.526106388727555,0.1988829154399811,-0.8845093208131326,3,6000.0,8.699681400989514,0.002777777777777778,34.52179968698883,2.546315226129723,12051774.98586007,9215681.96728007,63.59574275078809,2021
40151,2022,6,bottom,Hail,20.520603985724634,1.7799980922550886,4.667603263081806,2,0.0,0.0,0.0,60.659261965942385,2.7266794484949113,1682189.9754188368,1631236.3179221936,38.107422706880676,2021
40151,2022,6,mid,Hail,9.36576181843158,1.2967896325515156,7.381992178969052,2,0.0,0.0,0.0,60.659261965942385,2.7266794484949113,1682189.9754188368,1631236.3179221936,38.107422706880676,2021
40151,2022,6,top,Hail,3.9200300837024287,0.7345354920849062,6.075650910978889,2,0.0,0.0,0.0,60.659261965942385,2.7266794484949113,1682189.9754188368,1631236.3179221936,38.107422706880676,2021
40151,2023,8,bottom,Thunderstorm Wind,2.049156725947313,0.07876429553073722,-6.368673663285506,3,0.0,0.0,0.0,67.31236846074353,2.644353430414373,3139339.7279022997,3302161.687507751,39.791606149076706,2023
40151,2023,8,mid,Thunderstorm Wind,-5.097275112477263,0.5880013470586918,-4.370215909042386,3,0.0,0.0,0.0,67.31236846074353,2.644353430414373,3139339.7279022997,3302161.687507751,39.791606149076706,2023
40151,2023,8,top,Thunderstorm Wind,-3.176595164788395,0.3807149198347783,-2.9106307516723007,3,0.0,0.0,0.0,67.31236846074353,2.644353430414373,3139339.7279022997,3302161.687507751,39.791606149076706,2023
40151,2024,9,bottom,Thunderstorm Wind,12.400467281894791,1.2641047438707171,1.3096014962940596,1,0.0,0.0,0.0,67.39652963250482,2.593472484150557,6184535.934328529,7211882.457604906,27.99177737593395,2023
40151,2024,9,mid,Thunderstorm Wind,4.777030664969445,0.5463245077414266,4.159456600650581,1,0.0,0.0,0.0,67.39652963250482,2.593472484150557,6184535.934328529,7211882.457604906,27.99177737593395,2023
40151,2024,9,top,Thunderstorm Wind,3.8110854839997614,0.4897520790556786,3.061638191583915,1,0.0,0.0,0.0,67.39652963250482,2.593472484150557,6184535.934328529,7211882.457604906,27.99177737593395,2023
41001,2022,8,bottom,Hail,22.904387727061845,1.9385653659467,0.17055634783169657,2,0.0,0.0,2.0,45.51708828916931,2.5918370631887435,4479765.23047627,3582197.0291113267,52.63606838471409,2021
41001,2022,8,mid,Hail,24.378007043955037,2.027069204570379,0.24744456534747883,2,0.0,0.0,2.0,45.51708828916931,2.5918370631887435,4479765.23047627,3582197.0291113267,52.63606838471409,2021
41001,2022,8,top,Hail,17.70579531015848,1.7802297239991771,1.9401971585279416,2,0.0,0.0,2.0,45.51708828916931,2.5918370631887435,4479765.23047627,3582197.0291113267,52.63606838471409,2021
41001,2023,5,bottom,Hail,3.7004246452185328,0.8550001727122756,-1.8556286773977746,2,0.0,0.0,0.08333333333333333,40.278628124066756,2.5515575405104944,6773501.386332854,5503461.939500663,60.77456048066051,2023
41001,2023,5,mid,Hail,3.6921940250300054,0.32521428547956516,-3.133892322298763,2,0.0,0.0,0.08333333333333333,40.278628124066756,2.5515575405104944,6773501.386332854,5503461.939500663,60.77456048066051,2023
41001,2023,5,top,Hail,4.731066365124633,0.49086962527267053,-5.2116003395413815,2,0.0,0.0,0.08333333333333333,40.278628124066756,2.5515575405104944,6773501.386332854,5503461.939500663,60.77456048066051,2023
41001,2025,7,bottom,Debris Flow,5.929449505561379,0.3061415417965124,-1.5538320428578771,8,0.0,0.0,0.6666666666666666,45.07079572057713,2.4775955623404022,14548573.421308743,11108228.32782474,67.98383086010654,2023
41001,2025,7,mid,Debris Flow,2.8892492169607493,0.3461281424691075,-1.8146732444711045,8,0.0,0.0,0.6666666666666666,45.07079572057713,2.4775955623404022,14548573.421308743,11108228.32782474,67.98383086010654,2023
41001,2025,7,top,Debris Flow,1.445155314799905,0.44038130729574404,-2.5617037689719715,8,0.0,0.0,0.6666666666666666,45.07079572057713,2.4775955623404022,14548573.421308743,11108228.32782474,67.98383086010654,2023
41003,2025,8,bottom,Tornado,-1.0678029170445882,0.0946743645855499,-1.1521559641184307,2,0.0,0.0,0.002777777777777778,95.45856919098547,2.6883089776456703,54605418.77356071,61570379.69824029,21.59719025971828,2023
41003,2025,8,mid,Tornado,-1.4807830418176735,0.08899493408774854,-0.226604706635437,2,0.0,0.0,0.002777777777777778,95.45856919098547,2.6883089776456703,54605418.77356071,61570379.69824029,21.59719025971828,2023
41003,2025,8,top,Tornado,-0.9888898075505494,0.05303111244053075,-0.6220712969415985,2,0.0,0.0,0.002777777777777778,95.45856919098547,2.6883089776456703,54605418.77356071,61570379.69824029,21.59719025971828,2023
41011,2021,2,bottom,Flood,11.715803186342171,1.1029153185832414,0.634361243204277,5,0.0,0.0,1.875,52.730798,2.6365399,45173178.6335024,28094104.02316542,50.33504138749137,2020
41011,2021,2,mid,Flood,11.171581407265322,0.9982778980897551,-0.16087694507280523,5,0.0,0.0,1.875,52.730798,2.6365399,45173178.6335024,28094104.02316542,50.33504138749137,2020
41011,2021,2,top,Flood,9.797725247326795,0.8596227189281529,-0.10429496662142697,5,0.0,0.0,1.875,52.730798,2.6365399,45173178.6335024,28094104.02316542,50.33504138749137,2020
41011,2023,1,bottom,Flood,2.566465932196806,0.4002583088163551,-1.2401433649709048,5,0.0,0.0,10.885416666666666,44.15510001702881,2.5771074547985076,89178896.50550415,68868855.36129114,72.71313337777889,2021
41011,2023,1,mid,Flood,3.017935492250203,0.40387968514948985,-0.3732967986002554,5,0.0,0.0,10.885416666666666,44.15510001702881,2.5771074547985076,89178896.50550415,68868855.36129114,72.71313337777889,2021
41011,2023,1,top,Flood,6.528511567636528,0.42038667689527787,-1.1785309311315189,5,0.0,0.0,10.885416666666666,44.15510001702881,2.5771074547985076,89178896.50550415,68868855.36129114,72.71313337777889,2021
41011,2024,12,bottom,Flood,-2.224618188935139,0.07946465456816684,1.9424339596677764,9,0.0,0.0,27.690972222222225,46.25513774687401,2.506101078176003,108865314.34552397,84549762.3879444,70.3922104453125,2023
41011,2024,12,mid,Flood,-3.245041669643342,0.14137677715378386,2.1038594979649807,9,0.0,0.0,27.690972222222225,46.25513774687401,2.506101078176003,108865314.34552397,84549762.3879444,70.3922104453125,2023
41011,2024,12,top,Flood,-4.105936481121603,0.1964664517525005,2.0285234738123563,9,0.0,0.0,27.690972222222225,46.25513774687401,2.506101078176003,108865314.34552397,84549762.3879444,70.3922104453125,2023
41013,2020,5,bottom,Thunderstorm Wind,-17.263168514479162,2.1742169014086334,0.35752278805211307,1,0.0,0.0,0.002777777777777778,53.259602,2.6629801,3225045.277230526,2133772.03441,47.378793851,2020
41013,2020,5,mid,Thunderstorm Wind,-9.676338605204805,0.9840040390329884,0.6331184518463431,1,0.0,0.0,0.002777777777777778,53.259602,2.6629801,3225045.277230526,2133772.03441,47.378793851,2020
41013,2020,5,top,Thunderstorm Wind,-3.836293336507225,0.3027849769683132,-1.342223555224128,1,0.0,0.0,0.002777777777777778,53.259602,2.6629801,3225045.277230526,2133772.03441,47.378793851,2020
41013,2021,8,bottom,Hail,8.475565328676524,0.18529883516372747,-4.087221348434373,2,0.0,0.0,0.0625,53.259601999999994,2.6629801,2383075.424238335,1576703.3511219863,47.37879385100384,2020
41013,2021,8,mid,Hail,3.6076279518477605,0.19874416012526702,-3.084361745591792,2,0.0,0.0,0.0625,53.259601999999994,2.6629801,2383075.424238335,1576703.3511219863,47.37879385100384,2020
41013,2021,8,top,Hail,11.302968984811812,0.9500535155005891,-2.807316577819312,2,0.0,0.0,0.0625,53.259601999999994,2.6629801,2383075.424238335,1576703.3511219863,47.37879385100384,2020
41013,2023,5,bottom,"Flash Flood,Hail",-23.305221948151228,3.089201619700878,2.6094625318267837,5,0.0,0.0,0.1875,59.0526127244248,2.6252407981200543,5947450.440379468,5247032.637776739,46.873583411756925,2023
41013,2023,5,mid,"Flash Flood,Hail",-12.064185362643272,0.894385959041575,1.0593872436600502,5,0.0,0.0,0.1875,59.0526127244248,2.6252407981200543,5947450.440379468,5247032.637776739,46.873583411756925,2023
41013,2023,5,top,"Flash Flood,Hail",-7.873361022985506,0.6380662035255532,-8.717447705624474,5,0.0,0.0,0.1875,59.0526127244248,2.6252407981200543,5947450.440379468,5247032.637776739,46.873583411756925,2023
41013,2024,7,bottom,Thunderstorm Wind,-1.1352738627010694,0.14991879941865377,1.0075342965242886,2,0.0,0.0,0.11805555555555557,59.560904999744075,2.5731384382593845,8334265.437199786,7261255.339058541,49.908676907092506,2023
41013,2024,7,mid,Thunderstorm Wind,-0.571687806658332,0.2220088685315358,1.1867039078831045,2,0.0,0.0,0.11805555555555557,59.560904999744075,2.5731384382593845,8334265.437199786,7261255.339058541,49.908676907092506,2023
41013,2024,7,top,Thunderstorm Wind,-11.245000985099267,0.774122098450496,0.8326466487110858,2,0.0,0.0,0.11805555555555557,59.560904999744075,2.5731384382593845,8334265.437199786,7261255.339058541,49.908676907092506,2023
41015,2024,12,bottom,Flood,-3.2863316360780885,0.2783159796142473,0.37846244195962697,6,0.0,0.0,6.875,29.934638149341776,2.4490608433584873,54357338.68628237,38557619.520323984,74.55356906169034,2023
41015,2024,12,mid,Flood,-7.971947754973343,0.6220773734451422,0.531595975407337,6,0.0,0.0,6.875,29.934638149341776,2.4490608433584873,54357338.68628237,38557619.520323984,74.55356906169034,2023
41015,2024,12,top,Flood,-9.75280591647288,0.6616523887536296,1.2321056264094399,6,0.0,0.0,6.875,29.934638149341776,2.4490608433584873,54357338.68628237,38557619.520323984,74.55356906169034,2023
41017,2023,5,bottom,Hail,11.881485400583642,1.319419160578897,5.713288790851166,6,0.0,0.0,0.20833333333333334,68.05076574119222,2.6583710145419923,22232762.27674928,22913075.38028506,30.463277942242097,2023
41017,2023,5,mid,Hail,12.700693225619133,1.421398042271387,5.134526146266197,6,0.0,0.0,0.20833333333333334,68.05076574119222,2.6583710145419923,22232762.27674928,22913075.38028506,30.463277942242097,2023
41017,2023,5,top,Hail,9.91237911385197,0.9446023273252756,4.402830597985759,6,0.0,0.0,0.20833333333333334,68.05076574119222,2.6583710145419923,22232762.27674928,22913075.38028506,30.463277942242097,2023
41017,2024,7,bottom,Hail,-0.8473800154018107,0.166088472226592,0.9475006073937825,2,0.0,0.0,0.041666666666666664,68.54610243100265,2.605059012942383,38257302.1195824,42413784.014952965,25.166228344455345,2023
41017,2024,7,mid,Hail,-1.9342699346408665,0.41831427372519414,0.4313683843128189,2,0.0,0.0,0.041666666666666664,68.54610243100265,2.605059012942383,38257302.1195824,42413784.014952965,25.166228344455345,2023
41017,2024,7,top,Hail,-2.9192987718591183,0.5863113384934843,0.48677906125508724,2,0.0,0.0,0.041666666666666664,68.54610243100265,2.605059012942383,38257302.1195824,42413784.014952965,25.166228344455345,2023
41017,2025,8,bottom,"Hail,Thunderstorm Wind",9.593210771216107,0.8881626740474978,3.4186558274827,6,0.0,0.0,0.25,69.00605792868376,2.5555550114570313,53137231.97364172,60521584.89000174,20.247539432224787,2023
41017,2025,8,mid,"Hail,Thunderstorm Wind",3.386229619572461,0.2843903767660691,4.319110970995543,6,0.0,0.0,0.25,69.00605792868376,2.5555550114570313,53137231.97364172,60521584.89000174,20.247539432224787,2023
41017,2025,8,top,"Hail,Thunderstorm Wind",0.08278638669246163,0.0589350619000889,2.861099672500506,6,0.0,0.0,0.25,69.00605792868376,2.5555550114570313,53137231.97364172,60521584.89000174,20.247539432224787,2023
41019,2020,7,bottom,Hail,3.1231910610558486,0.33305998743338705,-2.239762743611086,1,0.0,0.0,0.003472222222222222,53.464398,2.6732199,40086513.143309265,28101793.2968,45.0532124557,2020
41019,2020,7,mid,Hail,-0.19835114535719356,0.02295676994096925,-1.380532725441327,1,0.0,0.0,0.003472222222222222,53.464398,2.6732199,40086513.143309265,28101793.2968,45.0532124557,2020
41019,2020,7,top,Hail,-3.6243319804001004,0.37633511082964455,-1.288411685711348,1,0.0,0.0,0.003472222222222222,53.464398,2.6732199,40086513.143309265,28101793.2968,45.0532124557,2020
41021,2024,8,bottom,Thunderstorm Wind,9.784126521745222,0.977041813033904,-8.71217901538248,2,0.0,0.0,0.08333333333333333,36.697217179021244,2.488671858881392,2027038.7370277245,1616972.7546202126,52.22663957341383,2023
41021,2024,8,mid,Thunderstorm Wind,12.663617214396751,1.3557906255646635,-5.483426987204022,2,0.0,0.0,0.08333333333333333,36.697217179021244,2.488671858881392,2027038.7370277245,1616972.7546202126,52.22663957341383,2023
41021,2024,8,top,Thunderstorm Wind,19.07622833725361,2.057868922441006,-2.776844207612271,2,0.0,0.0,0.08333333333333333,36.697217179021244,2.488671858881392,2027038.7370277245,1616972.7546202126,52.22663957341383,2023
41023,2020,5,bottom,"Flood,Hail",-3.0828256620740433,0.728884465708517,3.2509486537358137,11,0.0,0.0,4.3388888888888895,54.319,2.71595,6499434.072997762,4474801.92022,46.4327946393,2020
41023,2020,5,mid,"Flood,Hail",-3.6944770988596787,0.6015942325144504,3.0849087347515174,11,0.0,0.0,4.3388888888888895,54.319,2.71595,6499434.072997762,4474801.92022,46.4327946393,2020
41023,2020,5,top,"Flood,Hail",0.597448318602332,0.1598860221440749,0.854129584500574,11,0.0,0.0,4.3388888888888895,54.319,2.71595,6499434.072997762,4474801.92022,46.4327946393,2020
41023,2022,7,bottom,Hail,5.302608205074435,0.20228024895028485,-1.1900591806448706,2,0.0,0.0,0.06944444444444445,42.4695004196167,2.617896550750732,4974021.6050721025,3607441.752296465,49.64639762484468,2021
41023,2022,7,mid,Hail,8.048343642252831,0.5048159570437566,-2.1326079237571114,2,0.0,0.0,0.06944444444444445,42.4695004196167,2.617896550750732,4974021.6050721025,3607441.752296465,49.64639762484468,2021
41023,2022,7,top,Hail,2.8174366622103264,0.09548990446930213,-2.4199037503992287,2,0.0,0.0,0.06944444444444445,42.4695004196167,2.617896550750732,4974021.6050721025,3607441.752296465,49.64639762484468,2021
41023,2024,7,bottom,Thunderstorm Wind,4.314638546386519,0.3321172878469756,2.600542718057104,4,0.0,0.0,0.08333333333333333,30.455102599037577,2.4677044995613606,6997258.310341112,5008778.194017004,66.00028252533262,2023
41023,2024,7,mid,Thunderstorm Wind,6.115206510253316,0.7089782914722287,1.9376891529648788,4,0.0,0.0,0.08333333333333333,30.455102599037577,2.4677044995613606,6997258.310341112,5008778.194017004,66.00028252533262,2023
41023,2024,7,top,Thunderstorm Wind,-5.190608095376163,0.5970531269680186,2.159174371867872,4,0.0,0.0,0.08333333333333333,30.455102599037577,2.4677044995613606,6997258.310341112,5008778.194017004,66.00028252533262,2023
41025,2021,8,bottom,Thunderstorm Wind,-14.3531832490916,1.7556767631752452,4.532940243512205,2,2000000.0,14.508658238524095,0.020833333333333332,51.9208,2.59604,1177677.6663348104,961584.8634407585,38.707134410715994,2020
41025,2021,8,mid,Thunderstorm Wind,-9.974185099090164,1.087172867579381,2.915026349985704,2,2000000.0,14.508658238524095,0.020833333333333332,51.9208,2.59604,1177677.6663348104,961584.8634407585,38.707134410715994,2020
41025,2021,8,top,Thunderstorm Wind,-3.509467771575544,0.40312278287380726,0.04159383554851104,2,2000000.0,14.508658238524095,0.020833333333333332,51.9208,2.59604,1177677.6663348104,961584.8634407585,38.707134410715994,2020
41025,2025,7,bottom,Thunderstorm Wind,-5.924986807611901,0.6305964401361263,0.7922952048563824,2,0.0,0.0,0.0,22.791456642712685,2.4011328838259685,7627185.971519444,5928743.074094672,63.31771155914418,2023
41025,2025,7,mid,Thunderstorm Wind,-2.6282948459311086,0.3374704552763352,-0.32744147119473627,2,0.0,0.0,0.0,22.791456642712685,2.4011328838259685,7627185.971519444,5928743.074094672,63.31771155914418,2023
41025,2025,7,top,Thunderstorm Wind,4.804318018748916,0.24371299554402484,-2.801053425072439,2,0.0,0.0,0.0,22.791456642712685,2.4011328838259685,7627185.971519444,5928743.074094672,63.31771155914418,2023
41029,2021,6,bottom,Hail,-2.1256171523346126,0.08110074693795613,0.1510546758620516,1,0.0,0.0,0.006944444444444444,53.411998,2.6705999,28682276.064186253,19983706.133785833,45.21087899091993,2020
41029,2021,6,mid,Hail,-8.697225622246563,0.6500598081049828,0.02227708190682165,1,0.0,0.0,0.006944444444444444,53.411998,2.6705999,28682276.064186253,19983706.133785833,45.21087899091993,2020
41029,2021,6,top,Hail,-11.490077785565191,0.9142835995699328,0.01498753367576929,1,0.0,0.0,0.006944444444444444,53.411998,2.6705999,28682276.064186253,19983706.133785833,45.21087899091993,2020
41029,2025,7,bottom,Thunderstorm Wind,5.775892999549157,0.76302486276444,0.30078611443909625,2,300000.0,12.611541086966115,0.08333333333333333,47.871948446320424,2.487807170659705,119884136.06029972,111597997.84068415,44.49289877336825,2023
41029,2025,7,mid,Thunderstorm Wind,6.385782143666205,0.7161514293181348,0.2899791445815841,2,300000.0,12.611541086966115,0.08333333333333333,47.871948446320424,2.487807170659705,119884136.06029972,111597997.84068415,44.49289877336825,2023
41029,2025,7,top,Thunderstorm Wind,4.077815552730016,0.5102160112685273,-0.1468433503036645,2,300000.0,12.611541086966115,0.08333333333333333,47.871948446320424,2.487807170659705,119884136.06029972,111597997.84068415,44.49289877336825,2023
41031,2022,7,bottom,Thunderstorm Wind,6.372096761396065,0.3116545139076466,-2.9956564547551303,2,0.0,0.0,0.10277777777777779,42.11450011444092,2.5741989408493042,4774312.97422717,3677899.304694183,68.75664807305733,2021
41031,2022,7,mid,Thunderstorm Wind,6.752419700304571,0.3328263580019396,-1.6747461738926717,2,0.0,0.0,0.10277777777777779,42.11450011444092,2.5741989408493042,4774312.97422717,3677899.304694183,68.75664807305733,2021
41031,2022,7,top,Thunderstorm Wind,7.149105627059413,0.3561823933418291,-1.635348950193934,2,0.0,0.0,0.10277777777777779,42.11450011444092,2.5741989408493042,4774312.97422717,3677899.304694183,68.75664807305733,2021
41031,2023,5,bottom,"Flash Flood,Hail",-19.78718433021602,2.7040351832271807,3.9092381849001137,5,0.0,0.0,1.5416666666666667,31.720416592525822,2.518301605413844,6476683.257804477,5443368.617704995,87.96573221943478,2023
41031,2023,5,mid,"Flash Flood,Hail",-7.724084681930492,0.4304161526298877,2.039499279003138,5,0.0,0.0,1.5416666666666667,31.720416592525822,2.518301605413844,6476683.257804477,5443368.617704995,87.96573221943478,2023
41031,2023,5,top,"Flash Flood,Hail",-2.8799034747037524,0.37234471027388466,-7.792371637788913,5,0.0,0.0,1.5416666666666667,31.720416592525822,2.518301605413844,6476683.257804477,5443368.617704995,87.96573221943478,2023
41031,2025,7,bottom,Funnel Cloud,-6.927098880848689,0.3807567829378934,-2.1010054632267505,2,0.0,0.0,0.001388888888888889,31.205829319897664,2.4319000137119104,9514222.798713319,9568803.899588762,38.25023917023141,2023
41031,2025,7,mid,Funnel Cloud,-3.7292331502466283,0.3157504458659178,-2.0594431922153924,2,0.0,0.0,0.001388888888888889,31.205829319897664,2.4319000137119104,9514222.798713319,9568803.899588762,38.25023917023141,2023
41031,2025,7,top,Funnel Cloud,-5.238714937972659,0.40863232350013695,-0.8398363426994422,2,0.0,0.0,0.001388888888888889,31.205829319897664,2.4319000137119104,9514222.798713319,9568803.899588762,38.25023917023141,2023
41035,2025,6,bottom,Thunderstorm Wind,10.166197355888883,1.3448017085667363,-0.24910380268212862,2,0.0,0.0,0.041666666666666664,26.141609840472483,2.4171386141377837,38514724.27587733,30803415.141713105,63.73057660307884,2023
41035,2025,6,mid,Thunderstorm Wind,7.5299648337309435,0.8230452580798778,-1.0365262200874905,2,0.0,0.0,0.041666666666666664,26.141609840472483,2.4171386141377837,38514724.27587733,30803415.141713105,63.73057660307884,2023
41035,2025,6,top,Thunderstorm Wind,4.813461287131602,0.3970769710617129,-0.9244004847114932,2,0.0,0.0,0.041666666666666664,26.141609840472483,2.4171386141377837,38514724.27587733,30803415.141713105,63.73057660307884,2023
41037,2024,9,bottom,Thunderstorm Wind,4.012721781769201,0.4593041880466423,1.8716060708419822,2,50000.0,10.819798284210286,0.04861111111111111,17.358535704391024,2.4075014342121914,6269734.106057758,4762109.459737156,69.20666093208807,2023
41037,2024,9,mid,Thunderstorm Wind,8.416596718080683,0.6716832296220134,1.1409835572142224,2,50000.0,10.819798284210286,0.04861111111111111,17.358535704391024,2.4075014342121914,6269734.106057758,4762109.459737156,69.20666093208807,2023
41037,2024,9,top,Thunderstorm Wind,8.22624282058581,0.7055890626343078,0.23162768182900115,2,50000.0,10.819798284210286,0.04861111111111111,17.358535704391024,2.4075014342121914,6269734.106057758,4762109.459737156,69.20666093208807,2023
41039,2021,12,bottom,"Debris Flow,Flood",1.425010489665496,0.2283139067177181,1.3775528730726592,8,0.0,0.0,6.0,54.45206063453674,2.688824030490875,55002231.82358084,44563607.188767366,42.2771561280169,2021
41039,2021,12,mid,"Debris Flow,Flood",0.8547809347673478,0.3580379360787962,3.00863471104239,8,0.0,0.0,6.0,54.45206063453674,2.688824030490875,55002231.82358084,44563607.188767366,42.2771561280169,2021
41039,2021,12,top,"Debris Flow,Flood",2.7069922705739486,0.4934577583057927,3.297831516753424,8,0.0,0.0,6.0,54.45206063453674,2.688824030490875,55002231.82358084,44563607.188767366,42.2771561280169,2021
41039,2022,8,bottom,Hail,-6.14337114633453,0.38739794851374615,-0.015718985749335463,1,0.0,0.0,0.010416666666666666,59.458961710830685,2.6689370744178773,106929005.9834576,85306920.45227733,58.85467318526205,2021
41039,2022,8,mid,Hail,-4.146014840011489,0.2581510715162823,0.07513437587983181,1,0.0,0.0,0.010416666666666666,59.458961710830685,2.6689370744178773,106929005.9834576,85306920.45227733,58.85467318526205,2021
41039,2022,8,top,Hail,-2.1527618467427203,0.1800882833553143,-0.4532501710025845,1,0.0,0.0,0.010416666666666666,59.458961710830685,2.6689370744178773,106929005.9834576,85306920.45227733,58.85467318526205,2021
41043,2023,4,bottom,Debris Flow,-1.230388826601967,0.05745043226586964,0.7950899822102713,4,0.0,0.0,1.0,67.33209962217596,2.660369586298177,56378471.598265976,44888078.71790595,66.59116704907197,2023
41043,2023,4,mid,Debris Flow,-0.608151709983531,0.060526739015196895,0.8973468999482416,4,0.0,0.0,1.0,67.33209962217596,2.660369586298177,56378471.598265976,44888078.71790595,66.59116704907197,2023
41043,2023,4,top,Debris Flow,-3.548342340099353,0.267786273070138,1.8488600161876765,4,0.0,0.0,1.0,67.33209962217596,2.660369586298177,56378471.598265976,44888078.71790595,66.59116704907197,2023
41045,2020,6,bottom,Hail,1.7467149860342062,0.2653631462736227,-0.9801774575057939,2,0.0,0.0,0.012499999999999999,51.856598,2.5928299,6196457.491901429,4162844.90405,45.3685455262,2020
41045,2020,6,mid,Hail,-2.244752828386112,0.558579229195229,0.3345631357397186,2,0.0,0.0,0.012499999999999999,51.856598,2.5928299,6196457.491901429,4162844.90405,45.3685455262,2020
41045,2020,6,top,Hail,-3.038466073253545,0.3641269270089299,0.043908031944496884,2,0.0,0.0,0.012499999999999999,51.856598,2.5928299,6196457.491901429,4162844.90405,45.3685455262,2020
41045,2021,6,bottom,Thunderstorm Wind,2.8378936136949733,0.8683917875449049,-5.1322436562095675,2,0.0,0.0,0.006944444444444444,51.856598,2.5928299,5357593.031618591,3599286.9924140247,45.368545526207036,2020
41045,2021,6,mid,Thunderstorm Wind,3.907157267998926,0.3396488177155861,-2.6579943420986374,2,0.0,0.0,0.006944444444444444,51.856598,2.5928299,5357593.031618591,3599286.9924140247,45.368545526207036,2020
41045,2021,6,top,Thunderstorm Wind,11.840865684612794,0.9455334884586776,-0.3782093130456919,2,0.0,0.0,0.006944444444444444,51.856598,2.5928299,5357593.031618591,3599286.9924140247,45.368545526207036,2020
41045,2023,5,bottom,Hail,6.964226189315497,0.3137240191575792,-3.5381745471357724,4,0.0,0.0,0.16666666666666666,5.88500571135098,2.373625105464851,6331847.986935396,4181636.727989443,95.96389033213482,2023
41045,2023,5,mid,Hail,5.0268085108281895,0.3441608082330771,-4.35499763332669,4,0.0,0.0,0.16666666666666666,5.88500571135098,2.373625105464851,6331847.986935396,4181636.727989443,95.96389033213482,2023
41045,2023,5,top,Hail,7.357089614086576,0.4886083203758507,-2.7661099518669565,4,0.0,0.0,0.16666666666666666,5.88500571135098,2.373625105464851,6331847.986935396,4181636.727989443,95.96389033213482,2023
41045,2024,6,bottom,Thunderstorm Wind,7.603381810445612,0.44515842580140097,1.136707748966553,2,0.0,0.0,0.020833333333333332,4.617543331042997,2.317666663560236,8532416.792651031,6810897.090307844,73.43417550736861,2023
41045,2024,6,mid,Thunderstorm Wind,4.3744524014923485,0.16806870063605708,1.7745981502968817,2,0.0,0.0,0.020833333333333332,4.617543331042997,2.317666663560236,8532416.792651031,6810897.090307844,73.43417550736861,2023
41045,2024,6,top,Thunderstorm Wind,8.0449325976968,0.292651304184321,-0.13185547770407405,2,0.0,0.0,0.020833333333333332,4.617543331042997,2.317666663560236,8532416.792651031,6810897.090307844,73.43417550736861,2023
41047,2022,3,bottom,Funnel Cloud,-2.0546053227640613,0.07827795750892769,1.1588226471797753,2,0.0,0.0,0.4166666666666667,53.09420184332275,2.67841657600708,76977352.84572756,55807477.61285516,55.28203480742698,2021
41047,2022,3,mid,Funnel Cloud,-0.390591662095531,0.12827670426546595,0.6295407608472156,2,0.0,0.0,0.4166666666666667,53.09420184332275,2.67841657600708,76977352.84572756,55807477.61285516,55.28203480742698,2021
41047,2022,3,top,Funnel Cloud,0.04165917779791073,0.2865065446336655,0.5938821399906592,2,0.0,0.0,0.4166666666666667,53.09420184332275,2.67841657600708,76977352.84572756,55807477.61285516,55.28203480742698,2021
41047,2023,9,bottom,Hail,1.516798276064975,0.1243061123733866,0.8138957611453842,1,0.0,0.0,0.003472222222222222,48.52237447544074,2.5707061131140803,160178459.206802,121859409.54305898,81.73654613031073,2023
41047,2023,9,mid,Hail,0.7077212202856913,0.12014407415011999,0.9798354912284282,1,0.0,0.0,0.003472222222222222,48.52237447544074,2.5707061131140803,160178459.206802,121859409.54305898,81.73654613031073,2023
41047,2023,9,top,Hail,0.6015528564502404,0.11071332965780864,1.4644562112457749,1,0.0,0.0,0.003472222222222222,48.52237447544074,2.5707061131140803,160178459.206802,121859409.54305898,81.73654613031073,2023
41049,2023,8,bottom,Flash Flood,-1.4414453288992064,0.21614874284890948,0.5618636918507036,4,0.0,0.0,0.16666666666666666,8.150119839439656,2.384489914103782,5917592.532923625,4842657.13154851,65.33668748484848,2023
41049,2023,8,mid,Flash Flood,7.5350812752097625,0.7912276930275773,-0.9417331713542628,4,0.0,0.0,0.16666666666666666,8.150119839439656,2.384489914103782,5917592.532923625,4842657.13154851,65.33668748484848,2023
41049,2023,8,top,Flash Flood,4.513558288784807,0.8600654220492013,-0.7251515335512124,4,0.0,0.0,0.16666666666666666,8.150119839439656,2.384489914103782,5917592.532923625,4842657.13154851,65.33668748484848,2023
41051,2023,10,bottom,Funnel Cloud,-3.0561849159539207,0.22237308017202392,1.5200618753711694,1,0.0,0.0,0.0006944444444444445,86.58445085344175,2.7194083631643586,330301993.2752345,300200453.67989177,51.77566564928563,2023
41051,2023,10,mid,Funnel Cloud,-2.180273266444061,0.21794179158872992,1.068388190829604,1,0.0,0.0,0.0006944444444444445,86.58445085344175,2.7194083631643586,330301993.2752345,300200453.67989177,51.77566564928563,2023
41051,2023,10,top,Funnel Cloud,-2.632016427603503,0.2505342831663314,0.6677930025538027,1,0.0,0.0,0.0006944444444444445,86.58445085344175,2.7194083631643586,330301993.2752345,300200453.67989177,51.77566564928563,2023
41051,2025,2,bottom,Thunderstorm Wind,-3.8096387928818416,0.2330212218762865,0.37525453169635625,1,1000.0,6.90875477931522,0.006944444444444444,92.08033782090683,2.6877405858324455,386525414.25700366,386495956.1224864,38.23432824664832,2023
41051,2025,2,mid,Thunderstorm Wind,-4.930641125810354,0.32220039609015017,0.6373097711650407,1,1000.0,6.90875477931522,0.006944444444444444,92.08033782090683,2.6877405858324455,386525414.25700366,386495956.1224864,38.23432824664832,2023
41051,2025,2,top,Thunderstorm Wind,-2.9085383990697977,0.23967520038751858,0.8140552102876484,1,1000.0,6.90875477931522,0.006944444444444444,92.08033782090683,2.6877405858324455,386525414.25700366,386495956.1224864,38.23432824664832,2023
41057,2024,11,bottom,Tornado,-6.667537982435292,0.4797637307234381,0.3434604772399865,2,20800.0,9.942756341456828,0.002777777777777778,59.479431191170185,2.556866188012085,40395842.939154625,33879883.71570274,58.4204735565844,2023
41057,2024,11,mid,Tornado,-7.240504170937811,0.5324594999087187,-0.18219823725976406,2,20800.0,9.942756341456828,0.002777777777777778,59.479431191170185,2.556866188012085,40395842.939154625,33879883.71570274,58.4204735565844,2023
41057,2024,11,top,Tornado,-10.154074455789583,0.7593147883461455,-0.3135711057343826,2,20800.0,9.942756341456828,0.002777777777777778,59.479431191170185,2.556866188012085,40395842.939154625,33879883.71570274,58.4204735565844,2023
41059,2021,6,bottom,Hail,-5.395786430195045,0.40890779915397096,-0.4590729777187856,2,0.0,0.0,0.08333333333333333,52.389202,2.6194601,8610796.764500739,6762271.339362512,40.126133228213014,2020
41059,2021,6,mid,Hail,-4.904930959916555,0.34499432659857016,0.401949672235034,2,0.0,0.0,0.08333333333333333,52.389202,2.6194601,8610796.764500739,6762271.339362512,40.126133228213014,2020
41059,2021,6,top,Hail,4.2288193043138875,0.5541437455207476,1.323350211342022,2,0.0,0.0,0.08333333333333333,52.389202,2.6194601,8610796.764500739,6762271.339362512,40.126133228213014,2020
41059,2024,8,bottom,"Hail,Thunderstorm Wind",1.5696744521439001,0.16004592370815,-0.5469664734060302,4,0.0,0.0,0.13888888888888887,19.596249740027602,2.4216617325088188,33851487.808326356,26297397.04845773,76.66169326848485,2023
41059,2024,8,mid,"Hail,Thunderstorm Wind",0.11185530409888145,0.08917121503910103,-0.5795648618873201,4,0.0,0.0,0.13888888888888887,19.596249740027602,2.4216617325088188,33851487.808326356,26297397.04845773,76.66169326848485,2023
41059,2024,8,top,"Hail,Thunderstorm Wind",-0.5117239689922002,0.1942175834848268,-0.346021057193596,4,0.0,0.0,0.13888888888888887,19.596249740027602,2.4216617325088188,33851487.808326356,26297397.04845773,76.66169326848485,2023
41059,2025,5,bottom,Funnel Cloud,-2.401064702172363,0.2531642132671464,-1.2750270947012818,2,0.0,0.0,0.013888888888888888,17.518969948284976,2.384762676660108,42859276.16901328,34024496.39384002,67.08553088121212,2023
41059,2025,5,mid,Funnel Cloud,-1.8143572260482443,0.18146088546915956,-0.848096066268558,2,0.0,0.0,0.013888888888888888,17.518969948284976,2.384762676660108,42859276.16901328,34024496.39384002,67.08553088121212,2023
41059,2025,5,top,Funnel Cloud,-4.457717095531322,0.5411527149404908,-0.9361638802393865,2,0.0,0.0,0.013888888888888888,17.518969948284976,2.384762676660108,42859276.16901328,34024496.39384002,67.08553088121212,2023
41061,2023,5,bottom,Hail,6.55112776517133,0.41325028234748545,-1.2361311648604338,3,0.0,0.0,0.051388888888888894,43.27406796483253,2.5634957481110137,4385648.63251083,3613267.1970807123,66.5454159921212,2023
41061,2023,5,mid,Hail,3.68637094775508,0.5184013635624324,-2.8055104305717293,3,0.0,0.0,0.051388888888888894,43.27406796483253,2.5634957481110137,4385648.63251083,3613267.1970807123,66.5454159921212,2023
41061,2023,5,top,Hail,8.425477475702195,0.3515143652542017,-5.557438634382478,3,0.0,0.0,0.051388888888888894,43.27406796483253,2.5634957481110137,4385648.63251083,3613267.1970807123,66.5454159921212,2023
41063,2022,8,bottom,Hail,-7.0489636673978,2.6298980351883054,-3.7861543160413524,2,0.0,0.0,0.09722222222222222,56.724951647476196,2.6687985610343934,4132229.6430620863,3133779.846624628,40.107939334943815,2021
41063,2022,8,mid,Hail,-9.904605264069048,1.711096221932632,-4.877449798903807,2,0.0,0.0,0.09722222222222222,56.724951647476196,2.6687985610343934,4132229.6430620863,3133779.846624628,40.107939334943815,2021
41063,2022,8,top,Hail,-16.63147136637751,1.8233238871518838,-4.864675005990179,2,0.0,0.0,0.09722222222222222,56.724951647476196,2.6687985610343934,4132229.6430620863,3133779.846624628,40.107939334943815,2021
41065,2023,5,bottom,Thunderstorm Wind,-6.598436217616225,0.6844661713265112,1.4826440788527389,2,0.0,0.0,0.03819444444444445,46.84881906261587,2.5792055431734062,22468733.939071402,17351550.30913659,84.18719447388494,2023
41065,2023,5,mid,Thunderstorm Wind,-0.5745872244530688,0.10183316674629223,0.7298495493319308,2,0.0,0.0,0.03819444444444445,46.84881906261587,2.5792055431734062,22468733.939071402,17351550.30913659,84.18719447388494,2023
41065,2023,5,top,Thunderstorm Wind,-2.9720389477136706,0.3173743640039985,-1.896267168310781,2,0.0,0.0,0.03819444444444445,46.84881906261587,2.5792055431734062,22468733.939071402,17351550.30913659,84.18719447388494,2023
41067,2022,4,bottom,Thunderstorm Wind,0.759204794690362,0.2531074496783403,-1.5671426458676099,1,5000.0,8.517393171418904,0.006944444444444444,56.969736832427984,2.666422472300529,98460670.71808356,99548136.09475426,28.915568577007466,2021
41067,2022,4,mid,Thunderstorm Wind,2.288747404733016,0.25355398077749935,-3.6043928621573165,1,5000.0,8.517393171418904,0.006944444444444444,56.969736832427984,2.666422472300529,98460670.71808356,99548136.09475426,28.915568577007466,2021
41067,2022,4,top,Thunderstorm Wind,3.2515825827193794,0.044775183104303846,-3.640589906362654,1,5000.0,8.517393171418904,0.006944444444444444,56.969736832427984,2.666422472300529,98460670.71808356,99548136.09475426,28.915568577007466,2021
41067,2023,3,bottom,"Funnel Cloud,Hail",-4.1043878567146805,0.16782173749682155,0.3331702131652416,4,0.0,0.0,0.0,64.73999786376953,2.6543939113616943,187444472.73739013,162908960.53734562,34.95000076293945,2023
41067,2023,3,mid,"Funnel Cloud,Hail",-1.4328408571829812,0.0985302670212811,-0.28857109698177413,4,0.0,0.0,0.0,64.73999786376953,2.6543939113616943,187444472.73739013,162908960.53734562,34.95000076293945,2023
41067,2023,3,top,"Funnel Cloud,Hail",-1.174589924748787,0.11449332231022452,-1.7431010525282697,4,0.0,0.0,0.0,64.73999786376953,2.6543939113616943,187444472.73739013,162908960.53734562,34.95000076293945,2023
41067,2024,11,bottom,Heavy Rain,-0.2873646212680967,0.21291265967312295,0.41280585032876144,2,150000.0,11.918397239722838,2.0,70.53409276628874,2.5952259869000613,206286474.62291786,227988638.7406834,21.613814009642816,2023
41067,2024,11,mid,Heavy Rain,-1.0712554020312126,0.286011188314899,0.30544165413685676,2,150000.0,11.918397239722838,2.0,70.53409276628874,2.5952259869000613,206286474.62291786,227988638.7406834,21.613814009642816,2023
41067,2024,11,top,Heavy Rain,0.13525771805709041,0.1919558737903474,0.7182988489084607,2,150000.0,11.918397239722838,2.0,70.53409276628874,2.5952259869000613,206286474.62291786,227988638.7406834,21.613814009642816,2023
41069,2022,7,bottom,Hail,10.7304031289178,1.3643736025756164,-5.850208298058372,2,0.0,0.0,0.075,33.803301190734864,2.520167605847168,9250381.428575912,6160119.132035149,42.42656370876434,2021
41069,2022,7,mid,Hail,-6.682413517344301,0.4606635878720401,-3.7166928362785776,2,0.0,0.0,0.075,33.803301190734864,2.520167605847168,9250381.428575912,6160119.132035149,42.42656370876434,2021
41069,2022,7,top,Hail,-24.418977167708718,1.9720015142344898,1.216820253372281,2,0.0,0.0,0.075,33.803301190734864,2.520167605847168,9250381.428575912,6160119.132035149,42.42656370876434,2021
41071,2024,4,bottom,Dust Devil,-0.39894413663223816,0.13399542606694528,-1.131649992086172,1,0.0,0.0,0.001388888888888889,62.32232943212842,2.595335294532153,47101941.040665016,41930668.407281496,45.93040428543442,2023
41071,2024,4,mid,Dust Devil,0.7835110738980973,0.06484785681991603,-0.7668525640954348,1,0.0,0.0,0.001388888888888889,62.32232943212842,2.595335294532153,47101941.040665016,41930668.407281496,45.93040428543442,2023
41071,2024,4,top,Dust Devil,3.4340678195959953,0.19345949148944228,-0.9509459196950966,1,0.0,0.0,0.001388888888888889,62.32232943212842,2.595335294532153,47101941.040665016,41930668.407281496,45.93040428543442,2023
42015,2024,7,bottom,"Flash Flood,Thunderstorm Wind",-11.225426944173009,0.47847476307077386,4.829853439173206,20,44500.0,10.703266939811954,0.36111111111111116,65.95710955997855,2.5963726721112765,22654492.599993657,21433053.70258251,38.65367414787879,2023
42015,2024,7,mid,"Flash Flood,Thunderstorm Wind",2.2375898870204054,0.9654163745227322,0.5829360660406925,20,44500.0,10.703266939811954,0.36111111111111116,65.95710955997855,2.5963726721112765,22654492.599993657,21433053.70258251,38.65367414787879,2023
42015,2024,7,top,"Flash Flood,Thunderstorm Wind",8.39614414316189,1.0390264220902068,-2.4677031206401807,20,44500.0,10.703266939811954,0.36111111111111116,65.95710955997855,2.5963726721112765,22654492.599993657,21433053.70258251,38.65367414787879,2023
42017,2022,5,bottom,Thunderstorm Wind,-5.255076829537231,0.49188903599757355,0.393864345422287,1,0.0,0.0,0.0,66.6348769366455,2.8432092115268706,31959797.04504183,38794713.74682242,16.94535484984018,2021
42017,2022,5,mid,Thunderstorm Wind,-3.296592965966852,0.2955209978551286,-0.610360229441099,1,0.0,0.0,0.0,66.6348769366455,2.8432092115268706,31959797.04504183,38794713.74682242,16.94535484984018,2021
42017,2022,5,top,Thunderstorm Wind,-0.6411988966366238,0.06390739636784294,-0.7672936107081748,1,0.0,0.0,0.0,66.6348769366455,2.8432092115268706,31959797.04504183,38794713.74682242,16.94535484984018,2021
42017,2025,5,bottom,Flash Flood,9.43719918380151,0.9939617692176275,0.8857214170764678,13,100000.0,11.51293546492023,0.8333333333333334,78.26068586916736,2.599497621833381,151085908.92265865,172670044.0093734,17.545201688763687,2023
42017,2025,5,mid,Flash Flood,9.81341307317669,0.9140922876968385,-0.3109677439044513,13,100000.0,11.51293546492023,0.8333333333333334,78.26068586916736,2.599497621833381,151085908.92265865,172670044.0093734,17.545201688763687,2023
42017,2025,5,top,Flash Flood,10.328100637158599,0.9767521679203865,-0.036373397320048184,13,100000.0,11.51293546492023,0.8333333333333334,78.26068586916736,2.599497621833381,151085908.92265865,172670044.0093734,17.545201688763687,2023
42025,2025,5,bottom,Thunderstorm Wind,10.351833416094053,0.604647476785385,-2.6504277807540197,1,0.0,0.0,0.003472222222222222,61.65112633829781,2.5421823992097687,18307819.67678475,18008049.045671076,33.241702392349666,2023
42025,2025,5,mid,Thunderstorm Wind,4.478466293496268,0.30861127908783836,-1.6313994206507754,1,0.0,0.0,0.003472222222222222,61.65112633829781,2.5421823992097687,18307819.67678475,18008049.045671076,33.241702392349666,2023
42025,2025,5,top,Thunderstorm Wind,-0.6470700668273963,0.16049788167651977,-0.13968006153874057,1,0.0,0.0,0.003472222222222222,61.65112633829781,2.5421823992097687,18307819.67678475,18008049.045671076,33.241702392349666,2023
42039,2024,5,bottom,Thunderstorm Wind,-1.6384855531020293,0.6073552456619318,8.464477523474704,7,0.0,0.0,0.0,57.970468039170335,2.5743736256217598,23135170.5442995,17333755.6353262,61.66001385780214,2023
42039,2024,5,mid,Thunderstorm Wind,-9.100288759629194,0.5776029348257061,8.18920051321381,7,0.0,0.0,0.0,57.970468039170335,2.5743736256217598,23135170.5442995,17333755.6353262,61.66001385780214,2023
42039,2024,5,top,Thunderstorm Wind,-16.141350845211235,1.0702569329983351,8.617657454677817,7,0.0,0.0,0.0,57.970468039170335,2.5743736256217598,23135170.5442995,17333755.6353262,61.66001385780214,2023
42049,2024,5,bottom,Thunderstorm Wind,-10.307526954774374,0.8528020742729899,0.8568368980088982,2,0.0,0.0,0.0,83.59731363318129,2.6708907127566586,29527970.90994834,25951598.548460282,59.88641186070667,2023
42049,2024,5,mid,Thunderstorm Wind,-6.835626396251229,0.7616801862995857,-0.4963429181601005,2,0.0,0.0,0.0,83.59731363318129,2.6708907127566586,29527970.90994834,25951598.548460282,59.88641186070667,2023
42049,2024,5,top,Thunderstorm Wind,-8.935258675739249,0.7868587789227919,-0.10229531485150763,2,0.0,0.0,0.0,83.59731363318129,2.6708907127566586,29527970.90994834,25951598.548460282,59.88641186070667,2023
42061,2022,7,bottom,Thunderstorm Wind,-26.953599945026653,2.2528461677304894,8.891007041568955,2,4000.0,8.294299608857235,0.0,60.401199762939456,2.7137534591018677,2090357.0216703392,2001208.0698967983,32.36752842447163,2021
42061,2022,7,mid,Thunderstorm Wind,-11.92452677414957,1.3238541833672415,3.6152583414818715,2,4000.0,8.294299608857235,0.0,60.401199762939456,2.7137534591018677,2090357.0216703392,2001208.0698967983,32.36752842447163,2021
42061,2022,7,top,Thunderstorm Wind,-9.625493695048846,1.1356513562515211,2.2367574292299772,2,4000.0,8.294299608857235,0.0,60.401199762939456,2.7137534591018677,2090357.0216703392,2001208.0698967983,32.36752842447163,2021
42067,2022,6,bottom,"Hail,Thunderstorm Wind",-20.290706413197157,1.772746647517029,12.3994134584401,6,110000.0,11.608244735642321,0.002777777777777778,57.542911441757205,2.7116196081853867,1722253.8039095034,1515564.4210712002,38.54685800630933,2021
42067,2022,6,mid,"Hail,Thunderstorm Wind",-6.292517957731107,0.7973371542718907,6.209520489893127,6,110000.0,11.608244735642321,0.002777777777777778,57.542911441757205,2.7116196081853867,1722253.8039095034,1515564.4210712002,38.54685800630933,2021
42067,2022,6,top,"Hail,Thunderstorm Wind",-5.617006383508766,0.8584756221641525,2.214409174636368,6,110000.0,11.608244735642321,0.002777777777777778,57.542911441757205,2.7116196081853867,1722253.8039095034,1515564.4210712002,38.54685800630933,2021
42075,2022,5,bottom,Thunderstorm Wind,3.7784482143348868,0.19465230040837675,1.482091047030939,8,24000.0,10.085850775128717,0.0,68.02275022888185,2.832708774518967,7702316.634695398,6981272.933016894,47.565135987386675,2021
42075,2022,5,mid,Thunderstorm Wind,0.17961510603876718,0.12811061333562745,1.0717862533148026,8,24000.0,10.085850775128717,0.0,68.02275022888185,2.832708774518967,7702316.634695398,6981272.933016894,47.565135987386675,2021
42075,2022,5,top,Thunderstorm Wind,-1.5979966825274943,0.12405314859794939,1.179786499778037,8,24000.0,10.085850775128717,0.0,68.02275022888185,2.832708774518967,7702316.634695398,6981272.933016894,47.565135987386675,2021
42081,2022,7,bottom,"Hail,Thunderstorm Wind",-3.4349272308462417,0.29794607947458523,-3.5096643185951755,6,30000.0,10.308985993422082,0.0,74.5123001525879,2.8331074545288084,8184079.672282051,7754194.443184988,42.32294184136306,2021
42081,2022,7,mid,"Hail,Thunderstorm Wind",-1.5669264028262546,0.22423829517657398,-1.663261942733006,6,30000.0,10.308985993422082,0.0,74.5123001525879,2.8331074545288084,8184079.672282051,7754194.443184988,42.32294184136306,2021
42081,2022,7,top,"Hail,Thunderstorm Wind",-5.581858776915638,0.3801577134986854,0.032342821999004435,6,30000.0,10.308985993422082,0.0,74.5123001525879,2.8331074545288084,8184079.672282051,7754194.443184988,42.32294184136306,2021
42083,2024,6,bottom,"Flash Flood,Hail,Thunderstorm Wind",-3.538198671833527,1.2485392871305434,-0.8840248183760527,9,7000.0,8.853808274977197,0.2222222222222222,62.50839223691829,2.5879966186816405,10771006.644530753,8989080.207081934,52.087799974449574,2023
42083,2024,6,mid,"Flash Flood,Hail,Thunderstorm Wind",-1.8431029469152236,0.3818347733228374,-10.307221820707113,9,7000.0,8.853808274977197,0.2222222222222222,62.50839223691829,2.5879966186816405,10771006.644530753,8989080.207081934,52.087799974449574,2023
42083,2024,6,top,"Flash Flood,Hail,Thunderstorm Wind",3.814721236114366,0.7501343995676163,-11.091195788618299,9,7000.0,8.853808274977197,0.2222222222222222,62.50839223691829,2.5879966186816405,10771006.644530753,8989080.207081934,52.087799974449574,2023
42095,2025,5,bottom,"Hail,Thunderstorm Wind,Tornado",11.184088775611642,0.691966348181674,-3.737245397908685,4,40000.0,10.596659732783579,0.011111111111111112,75.33821568050439,2.589877452490534,74254153.27208877,75816040.9423688,31.542729967958095,2023
42095,2025,5,mid,"Hail,Thunderstorm Wind,Tornado",6.205011918809305,0.35041846371414365,-1.9293691212183386,4,40000.0,10.596659732783579,0.011111111111111112,75.33821568050439,2.589877452490534,74254153.27208877,75816040.9423688,31.542729967958095,2023
42095,2025,5,top,"Hail,Thunderstorm Wind,Tornado",4.177904295691249,0.23938490928778336,-1.597397274140827,4,40000.0,10.596659732783579,0.011111111111111112,75.33821568050439,2.589877452490534,74254153.27208877,75816040.9423688,31.542729967958095,2023
42097,2022,5,bottom,Thunderstorm Wind,-34.5837831503238,2.440488667303397,11.474233882944253,2,9000.0,9.105090961257085,0.0,67.72899908447266,2.8022172126293183,3860710.823513874,3410976.639074096,41.997477920308185,2021
42097,2022,5,mid,Thunderstorm Wind,-20.82299392735655,1.2258279395596547,9.278909467442526,2,9000.0,9.105090961257085,0.0,67.72899908447266,2.8022172126293183,3860710.823513874,3410976.639074096,41.997477920308185,2021
42097,2022,5,top,Thunderstorm Wind,-13.809579995281638,0.5989668255517199,7.568534044129535,2,9000.0,9.105090961257085,0.0,67.72899908447266,2.8022172126293183,3860710.823513874,3410976.639074096,41.997477920308185,2021
42107,2022,7,bottom,Thunderstorm Wind,-30.51416660853542,1.9355462762623266,3.40957527967637,1,3000.0,8.006700845440367,0.0,67.38550038964843,2.782144091442871,6259223.20978421,5886394.368477577,40.73648395996936,2021
42107,2022,7,mid,Thunderstorm Wind,-15.39762742289443,0.8915398502900874,2.917886451263636,1,3000.0,8.006700845440367,0.0,67.38550038964843,2.782144091442871,6259223.20978421,5886394.368477577,40.73648395996936,2021
42107,2022,7,top,Thunderstorm Wind,-2.8039656317906463,0.22506377166135666,2.146363139566882,1,3000.0,8.006700845440367,0.0,67.38550038964843,2.782144091442871,6259223.20978421,5886394.368477577,40.73648395996936,2021
42109,2022,5,bottom,Thunderstorm Wind,-14.571199423426592,1.3874313747256026,12.092567488057474,1,3000.0,8.006700845440367,0.0,65.03299840667725,2.7867800933017732,2210193.813245071,2105945.229989671,30.4767527400766,2021
42109,2022,5,mid,Thunderstorm Wind,-2.249900630926831,0.22563209903460305,8.995867609387991,1,3000.0,8.006700845440367,0.0,65.03299840667725,2.7867800933017732,2210193.813245071,2105945.229989671,30.4767527400766,2021
42109,2022,5,top,Thunderstorm Wind,-0.5237223442831151,0.2598593931950725,8.720843311405474,1,3000.0,8.006700845440367,0.0,65.03299840667725,2.7867800933017732,2210193.813245071,2105945.229989671,30.4767527400766,2021
42111,2024,4,bottom,Flood,-5.197215633012547,0.16478133086018024,5.377492679970274,5,0.0,0.0,3.3333333333333335,77.75166807072469,2.650836117841294,12634698.25282677,11256822.768791787,40.87783974106889,2023
42111,2024,4,mid,Flood,-7.551116735195734,0.5117821976289583,3.0041485469626394,5,0.0,0.0,3.3333333333333335,77.75166807072469,2.650836117841294,12634698.25282677,11256822.768791787,40.87783974106889,2023
42111,2024,4,top,Flood,-12.224060818291221,0.8929309666846941,1.4961073713902853,5,0.0,0.0,3.3333333333333335,77.75166807072469,2.650836117841294,12634698.25282677,11256822.768791787,40.87783974106889,2023
44003,2025,7,bottom,Thunderstorm Wind,-1.314507126112062,0.19315078453313103,0.9277988727712151,2,100.0,4.61512051684126,0.0,85.17396493170953,2.619669218438406,27349883.050731532,29675916.850404818,23.11635051692516,2023
44003,2025,7,mid,Thunderstorm Wind,-2.955064055949677,0.4456861859762271,1.3930860743487254,2,100.0,4.61512051684126,0.0,85.17396493170953,2.619669218438406,27349883.050731532,29675916.850404818,23.11635051692516,2023
44003,2025,7,top,Thunderstorm Wind,-3.379621314450972,0.6733526610167788,1.5620755784698208,2,100.0,4.61512051684126,0.0,85.17396493170953,2.619669218438406,27349883.050731532,29675916.850404818,23.11635051692516,2023
44005,2023,6,bottom,Lightning,-3.545358166430617,0.40110999877226006,1.061045956923247,1,5000.0,8.517393171418904,0.0,98.39715225675053,2.8500349618689187,8793865.964951115,9459176.593720494,29.27622063342152,2023
44005,2023,6,mid,Lightning,-1.8200820006993723,0.24254058751500812,1.2883921084401824,1,5000.0,8.517393171418904,0.0,98.39715225675053,2.8500349618689187,8793865.964951115,9459176.593720494,29.27622063342152,2023
44005,2023,6,top,Lightning,-2.982679912786452,0.29106885724973475,2.7472212624178716,1,5000.0,8.517393171418904,0.0,98.39715225675053,2.8500349618689187,8793865.964951115,9459176.593720494,29.27622063342152,2023
44007,2023,6,bottom,"Hail,Thunderstorm Wind",1.0834529655189016,0.13289392158467594,0.32973447528663274,4,2000.0,7.601402334583733,0.0,66.74827582742945,2.6503947308674762,52905153.027351975,44997883.43226649,76.56891075652344,2023
44007,2023,6,mid,"Hail,Thunderstorm Wind",-1.660310249177087,0.1615932383453123,0.08790932212916402,4,2000.0,7.601402334583733,0.0,66.74827582742945,2.6503947308674762,52905153.027351975,44997883.43226649,76.56891075652344,2023
44007,2023,6,top,"Hail,Thunderstorm Wind",-3.7760194464378145,0.4044453455627913,-0.16085125522890564,4,2000.0,7.601402334583733,0.0,66.74827582742945,2.6503947308674762,52905153.027351975,44997883.43226649,76.56891075652344,2023
45005,2021,5,bottom,Thunderstorm Wind,24.825156119652988,3.479616513781425,11.142244966902666,2,0.0,0.0,0.001388888888888889,50.753002,2.5376501,2286089.637320177,1428194.6990193925,48.12770989358754,2020
45005,2021,5,mid,Thunderstorm Wind,-1.6863357665320962,1.0758642762100616,10.348900534548028,2,0.0,0.0,0.001388888888888889,50.753002,2.5376501,2286089.637320177,1428194.6990193925,48.12770989358754,2020
45005,2021,5,top,Thunderstorm Wind,9.234126717440887,1.988959000906503,4.162661831349567,2,0.0,0.0,0.001388888888888889,50.753002,2.5376501,2286089.637320177,1428194.6990193925,48.12770989358754,2020
45009,2021,5,bottom,Thunderstorm Wind,7.327596489633933,0.24902415392305038,8.095790222983462,1,0.0,0.0,0.003472222222222222,52.915802,2.6457901,2756592.531865959,1909260.4429172538,44.97437918800867,2020
45009,2021,5,mid,Thunderstorm Wind,9.795756631752283,0.584213534820663,8.173847502443593,1,0.0,0.0,0.003472222222222222,52.915802,2.6457901,2756592.531865959,1909260.4429172538,44.97437918800867,2020
45009,2021,5,top,Thunderstorm Wind,14.948464946486382,0.9952012058393058,4.934706806905202,1,0.0,0.0,0.003472222222222222,52.915802,2.6457901,2756592.531865959,1909260.4429172538,44.97437918800867,2020
45069,2022,5,bottom,"Hail,Thunderstorm Wind",-6.5189368836096975,0.7951342786993686,-13.172542433944065,2,0.0,0.0,0.0,38.603124093322755,2.5200409686222076,7078934.396014052,4785173.321767638,63.43023778398911,2021
45069,2022,5,mid,"Hail,Thunderstorm Wind",11.346694733749672,1.1603378144916638,-13.361517481150614,2,0.0,0.0,0.0,38.603124093322755,2.5200409686222076,7078934.396014052,4785173.321767638,63.43023778398911,2021
45069,2022,5,top,"Hail,Thunderstorm Wind",8.090560493040613,0.7287135859109483,-7.271193171856116,2,0.0,0.0,0.0,38.603124093322755,2.5200409686222076,7078934.396014052,4785173.321767638,63.43023778398911,2021
45073,2021,4,bottom,Tornado,-17.899574698956485,1.6542048842173056,0.8766230909166998,2,60000.0,11.002116507732017,0.002777777777777778,51.781002,2.5890501,8693009.281709947,6519821.806096292,41.15096570751191,2020
45073,2021,4,mid,Tornado,-12.515315435204784,0.9766703085509861,2.723025257190107,2,60000.0,11.002116507732017,0.002777777777777778,51.781002,2.5890501,8693009.281709947,6519821.806096292,41.15096570751191,2020
45073,2021,4,top,Tornado,-24.971986848139395,1.9852970896496964,3.1027978482319774,2,60000.0,11.002116507732017,0.002777777777777778,51.781002,2.5890501,8693009.281709947,6519821.806096292,41.15096570751191,2020
46009,2023,10,bottom,Flood,9.681571204926101,1.1776593276281448,-9.961067492787109,7,0.0,0.0,25.083333333333332,58.76273042748103,2.6043574195801815,2982074.8293451965,3186330.248016039,16.348601570329073,2023
46009,2023,10,mid,Flood,-9.409514548557766,0.4143261927388179,0.5509145351930395,7,0.0,0.0,25.083333333333332,58.76273042748103,2.6043574195801815,2982074.8293451965,3186330.248016039,16.348601570329073,2023
46009,2023,10,top,Flood,-2.702832462284249,0.41737326835989125,-4.051432690075785,7,0.0,0.0,25.083333333333332,58.76273042748103,2.6043574195801815,2982074.8293451965,3186330.248016039,16.348601570329073,2023
46011,2022,9,bottom,Thunderstorm Wind,3.974288831557047,0.9032489032893247,-0.822408816630381,1,0.0,0.0,0.002777777777777778,67.54827575,2.745025076524353,13146001.087219656,14607770.45424557,16.713618351617196,2021
46011,2022,9,mid,Thunderstorm Wind,1.4672756201513835,0.5417471504041248,0.8318429411131424,1,0.0,0.0,0.002777777777777778,67.54827575,2.745025076524353,13146001.087219656,14607770.45424557,16.713618351617196,2021
46011,2022,9,top,Thunderstorm Wind,3.8698863813042976,0.4743402716623232,-3.1985893771132274,1,0.0,0.0,0.002777777777777778,67.54827575,2.745025076524353,13146001.087219656,14607770.45424557,16.713618351617196,2021
46051,2021,8,bottom,"Hail,Thunderstorm Wind",-3.634303131127467,0.21059965484363247,15.561561355791374,7,0.0,0.0,0.0,58.146,2.9073,2956115.1496213092,3608284.5347880623,28.458809617668987,2020
46051,2021,8,mid,"Hail,Thunderstorm Wind",9.42142573915443,0.6282391498386856,7.811526556141383,7,0.0,0.0,0.0,58.146,2.9073,2956115.1496213092,3608284.5347880623,28.458809617668987,2020
46051,2021,8,top,"Hail,Thunderstorm Wind",18.297371539031374,0.632762434510331,-5.217482612299553,7,0.0,0.0,0.0,58.146,2.9073,2956115.1496213092,3608284.5347880623,28.458809617668987,2020
46051,2023,5,bottom,Tornado,-30.428557732615758,1.084717277214242,16.547135195443715,2,0.0,0.0,0.006944444444444444,79.88517332257187,2.704459922084835,5056363.448310317,5278894.918560772,9.370812671437692,2023
46051,2023,5,mid,Tornado,-42.76858556328129,1.8400104612410686,15.676618053971396,2,0.0,0.0,0.006944444444444444,79.88517332257187,2.704459922084835,5056363.448310317,5278894.918560772,9.370812671437692,2023
46051,2023,5,top,Tornado,-25.64154538902544,0.9834973316108472,5.935908061341223,2,0.0,0.0,0.006944444444444444,79.88517332257187,2.704459922084835,5056363.448310317,5278894.918560772,9.370812671437692,2023
46077,2023,10,bottom,Thunderstorm Wind,0.551139961010918,1.04802639212541,-9.910654810682416,1,0.0,0.0,0.001388888888888889,91.03726246292806,2.7429241374691866,4060005.534085968,4668228.086776085,5.885571853374985,2023
46077,2023,10,mid,Thunderstorm Wind,14.037510631427992,1.2454936737148317,-5.011778926537882,1,0.0,0.0,0.001388888888888889,91.03726246292806,2.7429241374691866,4060005.534085968,4668228.086776085,5.885571853374985,2023
46077,2023,10,top,Thunderstorm Wind,3.147996888097367,0.1978304158095121,-0.48570595586592447,1,0.0,0.0,0.001388888888888889,91.03726246292806,2.7429241374691866,4060005.534085968,4668228.086776085,5.885571853374985,2023
46099,2021,4,bottom,Hail,2.4523434718012567,0.26687592994367104,0.2705812647195766,1,0.0,0.0,0.0006944444444444445,59.192,2.9596,24860732.615827702,28974331.550709307,30.58730784390422,2020
46099,2021,4,mid,Hail,-1.282366478717961,0.32021982282864786,-0.44622539941380523,1,0.0,0.0,0.0006944444444444445,59.192,2.9596,24860732.615827702,28974331.550709307,30.58730784390422,2020
46099,2021,4,top,Hail,0.8181089060540785,1.0185389411530488,-0.6416302717747632,1,0.0,0.0,0.0006944444444444445,59.192,2.9596,24860732.615827702,28974331.550709307,30.58730784390422,2020
46101,2021,4,bottom,Hail,5.124822440879072,0.7722286556566286,-5.174501208556417,1,0.0,0.0,0.001388888888888889,59.180998,2.9590499,3629394.0284456476,3698050.3990183035,35.82972014189995,2020
46101,2021,4,mid,Hail,11.210922180719649,1.6102923612751634,-4.07764848067562,1,0.0,0.0,0.001388888888888889,59.180998,2.9590499,3629394.0284456476,3698050.3990183035,35.82972014189995,2020
46101,2021,4,top,Hail,6.796184749201231,0.3417210570298298,-3.6950331567918036,1,0.0,0.0,0.001388888888888889,59.180998,2.9590499,3629394.0284456476,3698050.3990183035,35.82972014189995,2020
46125,2021,4,bottom,Hail,1.3429153788044061,0.8292657367205525,-1.3137735650463942,1,0.0,0.0,0.0006944444444444445,61.563402,3.0781701,3538017.244436815,3699956.7960968297,36.14505321248152,2020
46125,2021,4,mid,Hail,-3.2106583142607548,0.7812286839164845,-1.245752375033258,1,0.0,0.0,0.0006944444444444445,61.563402,3.0781701,3538017.244436815,3699956.7960968297,36.14505321248152,2020
46125,2021,4,top,Hail,7.757102761901891,0.7378933163874533,-0.9349455010596301,1,0.0,0.0,0.0006944444444444445,61.563402,3.0781701,3538017.244436815,3699956.7960968297,36.14505321248152,2020
46127,2021,10,bottom,Hail,10.340611699175867,0.8484496602479203,-2.0610452809336643,1,0.0,0.0,0.0006944444444444445,58.818002,2.9409001,2524599.47845923,4029923.1752147777,16.515569570362135,2020
46127,2021,10,mid,Hail,5.828941343923702,0.5614363416756092,0.5360250851062366,1,0.0,0.0,0.0006944444444444445,58.818002,2.9409001,2524599.47845923,4029923.1752147777,16.515569570362135,2020
46127,2021,10,top,Hail,4.316159850157675,0.3568582296927724,-3.908719810748631,1,0.0,0.0,0.0006944444444444445,58.818002,2.9409001,2524599.47845923,4029923.1752147777,16.515569570362135,2020
47001,2025,4,bottom,Hail,-10.357604945282105,0.8812154240768845,-3.579822294083428,3,0.0,0.0,0.0,55.142766560279405,2.524883121690045,27182529.162334263,23897279.536336366,53.052707634173764,2023
47001,2025,4,mid,Hail,-6.950144176535559,0.5248270657049782,-1.3626853990291703,3,0.0,0.0,0.0,55.142766560279405,2.524883121690045,27182529.162334263,23897279.536336366,53.052707634173764,2023
47001,2025,4,top,Hail,-3.967562799963318,0.24228639918827563,-1.0892941563365497,3,0.0,0.0,0.0,55.142766560279405,2.524883121690045,27182529.162334263,23897279.536336366,53.052707634173764,2023
47005,2023,8,bottom,Thunderstorm Wind,-1.166347378401582,0.32620697700027296,0.6006727946535998,2,50000.0,10.819798284210286,0.013888888888888888,13.002758627638656,2.4231408937983843,5618634.316478997,4502890.892254792,47.394303598330964,2023
47005,2023,8,mid,Thunderstorm Wind,-2.294847214869378,0.2144744018144406,0.7985565764097373,2,50000.0,10.819798284210286,0.013888888888888888,13.002758627638656,2.4231408937983843,5618634.316478997,4502890.892254792,47.394303598330964,2023
47005,2023,8,top,Thunderstorm Wind,0.45592570935610865,0.13806443222851333,-0.6621962633463786,2,50000.0,10.819798284210286,0.013888888888888888,13.002758627638656,2.4231408937983843,5618634.316478997,4502890.892254792,47.394303598330964,2023
47015,2024,7,bottom,Thunderstorm Wind,9.840780017591044,2.0849347503839577,-1.0846026840821519,1,5000.0,8.517393171418904,0.0,27.741712584603274,2.4565576872085884,5332353.01974638,4584256.02580343,41.333228745423625,2023
47015,2024,7,mid,Thunderstorm Wind,5.541891204420153,1.0736887950084435,-1.0557472197236137,1,5000.0,8.517393171418904,0.0,27.741712584603274,2.4565576872085884,5332353.01974638,4584256.02580343,41.333228745423625,2023
47015,2024,7,top,Thunderstorm Wind,7.96979999559035,1.3053846591764247,-1.3040417244871538,1,5000.0,8.517393171418904,0.0,27.741712584603274,2.4565576872085884,5332353.01974638,4584256.02580343,41.333228745423625,2023
47017,2021,7,bottom,Thunderstorm Wind,20.48418867370593,1.3906869031437972,-3.41493070356808,1,0.0,0.0,0.003472222222222222,54.19340199999999,2.7096701,8348588.169558766,6308586.413466954,42.76704769411795,2020
47017,2021,7,mid,Thunderstorm Wind,10.393475443475424,0.675811769248443,-2.166380645314083,1,0.0,0.0,0.003472222222222222,54.19340199999999,2.7096701,8348588.169558766,6308586.413466954,42.76704769411795,2020
47017,2021,7,top,Thunderstorm Wind,5.463541167897191,0.1973232349338032,-1.9404520688464828,1,0.0,0.0,0.003472222222222222,54.19340199999999,2.7096701,8348588.169558766,6308586.413466954,42.76704769411795,2020
47017,2023,8,bottom,Thunderstorm Wind,-4.0089513769524245,0.3103755060692142,-1.0182942953350202,2,100000.0,11.51293546492023,0.034722222222222224,32.77709203233733,2.5119072940806255,15920751.947494566,12308787.21239168,57.10345619227036,2023
47017,2023,8,mid,Thunderstorm Wind,-5.761853853945453,0.42226279843579845,0.13395125923057094,2,100000.0,11.51293546492023,0.034722222222222224,32.77709203233733,2.5119072940806255,15920751.947494566,12308787.21239168,57.10345619227036,2023
47017,2023,8,top,Thunderstorm Wind,-0.7939905770615638,0.07220978320542402,-0.8172023327176277,2,100000.0,11.51293546492023,0.034722222222222224,32.77709203233733,2.5119072940806255,15920751.947494566,12308787.21239168,57.10345619227036,2023
47019,2024,9,bottom,Flash Flood,5.827273479206838,1.0803639553359377,-1.4143947762995879,14,437500000.0,19.896587266047657,12.322916666666666,17.7804650936087,2.4081164265981445,16157904.48526879,11107521.332754053,74.66946606342152,2023
47019,2024,9,mid,Flash Flood,4.652405909713707,0.9918665711954177,-0.8923440306249878,14,437500000.0,19.896587266047657,12.322916666666666,17.7804650936087,2.4081164265981445,16157904.48526879,11107521.332754053,74.66946606342152,2023
47019,2024,9,top,Flash Flood,-2.4500397923801813,0.620028288392054,-0.186593975070276,14,437500000.0,19.896587266047657,12.322916666666666,17.7804650936087,2.4081164265981445,16157904.48526879,11107521.332754053,74.66946606342152,2023
47023,2022,5,bottom,Hail,4.373773804050458,0.9832611554326266,6.921126425419355,2,0.0,0.0,0.006944444444444444,51.833375228881835,2.669895226430893,4222816.972702385,3772820.023428357,40.52133599500465,2021
47023,2022,5,mid,Hail,-1.0875946067403248,0.1371608332571905,4.034508031250169,2,0.0,0.0,0.006944444444444444,51.833375228881835,2.669895226430893,4222816.972702385,3772820.023428357,40.52133599500465,2021
47023,2022,5,top,Hail,4.584224931163135,0.5828892668328739,0.3006043245585535,2,0.0,0.0,0.006944444444444444,51.833375228881835,2.669895226430893,4222816.972702385,3772820.023428357,40.52133599500465,2021
47023,2025,5,bottom,Hail,-22.70257534968505,4.168575087501042,-13.837511003425803,5,0.0,0.0,0.01736111111111111,45.95960457082868,2.489045039880101,12935429.346724413,11200047.037964683,51.338625826895125,2023
47023,2025,5,mid,Hail,-14.714572908087789,2.3742108335974534,-5.901261614295753,5,0.0,0.0,0.01736111111111111,45.95960457082868,2.489045039880101,12935429.346724413,11200047.037964683,51.338625826895125,2023
47023,2025,5,top,Hail,-7.343394484309101,1.3688608039168324,-3.823355046095434,5,0.0,0.0,0.01736111111111111,45.95960457082868,2.489045039880101,12935429.346724413,11200047.037964683,51.338625826895125,2023
47041,2024,7,bottom,Thunderstorm Wind,0.788126154834714,0.35409307205602336,-4.057473773794025,1,5000.0,8.517393171418904,0.0,26.704334991882167,2.45262580869259,6305012.139786877,5131483.760482716,58.53174938400213,2023
47041,2024,7,mid,Thunderstorm Wind,-2.451752494506138,0.2661253059544911,-1.1141811226073532,1,5000.0,8.517393171418904,0.0,26.704334991882167,2.45262580869259,6305012.139786877,5131483.760482716,58.53174938400213,2023
47041,2024,7,top,Thunderstorm Wind,1.409808436622086,0.2652660063010102,-0.49624546308719647,1,5000.0,8.517393171418904,0.0,26.704334991882167,2.45262580869259,6305012.139786877,5131483.760482716,58.53174938400213,2023
47045,2022,5,bottom,Thunderstorm Wind,-2.4266984556796416,0.10696093064389849,6.264491348442552,2,34000.0,10.434145214930487,0.006944444444444444,54.92325153610229,2.744519670139313,20320976.357661463,16757716.41999244,49.77409615439601,2021
47045,2022,5,mid,Thunderstorm Wind,-0.24529487966063357,0.22634727044864003,5.241811833083399,2,34000.0,10.434145214930487,0.006944444444444444,54.92325153610229,2.744519670139313,20320976.357661463,16757716.41999244,49.77409615439601,2021
47045,2022,5,top,Thunderstorm Wind,-1.2043468981486711,0.24929780255781,2.8118864292424726,2,34000.0,10.434145214930487,0.006944444444444444,54.92325153610229,2.744519670139313,20320976.357661463,16757716.41999244,49.77409615439601,2021
47047,2023,8,bottom,Thunderstorm Wind,-14.928463694757681,1.1319227154034188,3.8485895142751096,2,22000.0,9.99884318585288,0.006944444444444444,54.266314282175735,2.596632528776116,18535147.26852552,15291606.573462289,49.00406778491359,2023
47047,2023,8,mid,Thunderstorm Wind,-9.633077784176109,0.6759797720494992,4.2853363645382245,2,22000.0,9.99884318585288,0.006944444444444444,54.266314282175735,2.596632528776116,18535147.26852552,15291606.573462289,49.00406778491359,2023
47047,2023,8,top,Thunderstorm Wind,-7.057255145281275,0.6043910252291842,1.7323374065219685,2,22000.0,9.99884318585288,0.006944444444444444,54.266314282175735,2.596632528776116,18535147.26852552,15291606.573462289,49.00406778491359,2023
47047,2024,4,bottom,"Hail,Thunderstorm Wind",-10.091323747124065,0.9651780122602577,2.2188252258994083,4,3000.0,8.006700845440367,0.013888888888888888,53.15641859850066,2.56294234398294,23816978.383241486,19419121.06783915,52.9145740435097,2023
47047,2024,4,mid,"Hail,Thunderstorm Wind",-6.987841604817973,0.5173902058844538,1.2334703294051792,4,3000.0,8.006700845440367,0.013888888888888888,53.15641859850066,2.56294234398294,23816978.383241486,19419121.06783915,52.9145740435097,2023
47047,2024,4,top,"Hail,Thunderstorm Wind",-5.467131429885839,0.6233434098668647,-0.4508309869022232,4,3000.0,8.006700845440367,0.013888888888888888,53.15641859850066,2.56294234398294,23816978.383241486,19419121.06783915,52.9145740435097,2023
47049,2021,3,bottom,"Flash Flood,Hail",8.535025465993087,0.4967239714892316,-1.5179438102631622,6,381250.0,12.851213229851139,0.0,53.088998,2.6544499,3305684.5768314754,2273884.172963229,45.407962160010506,2020
47049,2021,3,mid,"Flash Flood,Hail",5.357059009718384,0.21571509206336875,-1.9802894726633251,6,381250.0,12.851213229851139,0.0,53.088998,2.6544499,3305684.5768314754,2273884.172963229,45.407962160010506,2020
47049,2021,3,top,"Flash Flood,Hail",4.026931332399329,0.22283232123746774,-2.2562470932452166,6,381250.0,12.851213229851139,0.0,53.088998,2.6544499,3305684.5768314754,2273884.172963229,45.407962160010506,2020
47049,2021,10,bottom,Flash Flood,19.670684744909792,1.6468816979885432,-1.4028557440954,4,20000.0,9.90353755128617,0.0,53.088998,2.6544499,2281637.4751279964,1569471.9875863788,45.4079621600289,2020
47049,2021,10,mid,Flash Flood,16.896945444369905,1.3749251372873026,-1.1454640201503328,4,20000.0,9.90353755128617,0.0,53.088998,2.6544499,2281637.4751279964,1569471.9875863788,45.4079621600289,2020
47049,2021,10,top,Flash Flood,15.698971084047187,1.041266396080782,-1.9936997114005663,4,20000.0,9.90353755128617,0.0,53.088998,2.6544499,2281637.4751279964,1569471.9875863788,45.4079621600289,2020
47051,2023,7,bottom,Thunderstorm Wind,-16.30963478233791,1.1149816416539409,3.7105589702367276,1,3000.0,8.006700845440367,0.0,33.74009316531389,2.5184093680254165,8890258.243773539,7585542.018664096,51.01099478044715,2023
47051,2023,7,mid,Thunderstorm Wind,-7.582076734834885,0.4042913947833314,4.353275211114749,1,3000.0,8.006700845440367,0.0,33.74009316531389,2.5184093680254165,8890258.243773539,7585542.018664096,51.01099478044715,2023
47051,2023,7,top,Thunderstorm Wind,-5.814778756495542,0.4149270930378742,1.8744910405395814,1,3000.0,8.006700845440367,0.0,33.74009316531389,2.5184093680254165,8890258.243773539,7585542.018664096,51.01099478044715,2023
47053,2023,8,bottom,"Flash Flood,Thunderstorm Wind",1.262265150484339,0.5198279016830383,8.313521892483692,14,15000.0,9.61587214452889,1.2680555555555555,52.50741293244837,2.5883891608934806,35022674.65059769,27106496.576128967,76.34094148135654,2023
47053,2023,8,mid,"Flash Flood,Thunderstorm Wind",-1.3227181459615736,0.25446978626132627,3.8371656141285135,14,15000.0,9.61587214452889,1.2680555555555555,52.50741293244837,2.5883891608934806,35022674.65059769,27106496.576128967,76.34094148135654,2023
47053,2023,8,top,"Flash Flood,Thunderstorm Wind",-5.245395907756247,0.4048901751483941,2.359248388280079,14,15000.0,9.61587214452889,1.2680555555555555,52.50741293244837,2.5883891608934806,35022674.65059769,27106496.576128967,76.34094148135654,2023
47055,2024,3,bottom,Hail,14.616069819385586,1.4896290447947311,-0.8938693844809175,1,0.0,0.0,0.0,36.293093342265955,2.502409370968517,13077231.57331715,10275132.309908837,55.33389688245117,2023
47055,2024,3,mid,Hail,9.249976549159655,0.8185552805300887,0.36324710269726285,1,0.0,0.0,0.0,36.293093342265955,2.502409370968517,13077231.57331715,10275132.309908837,55.33389688245117,2023
47055,2024,3,top,Hail,7.077766283625607,0.7694234425050595,3.1070732337144213,1,0.0,0.0,0.0,36.293093342265955,2.502409370968517,13077231.57331715,10275132.309908837,55.33389688245117,2023
47059,2021,5,bottom,Thunderstorm Wind,4.754454118091317,0.30247111296101664,-6.477083416089381,1,0.0,0.0,0.0,53.611002,2.6805501,5027998.72609795,4139528.0000224845,39.731966890013794,2020
47059,2021,5,mid,Thunderstorm Wind,4.441821381746976,0.32657951514974703,-3.7683089653978876,1,0.0,0.0,0.0,53.611002,2.6805501,5027998.72609795,4139528.0000224845,39.731966890013794,2020
47059,2021,5,top,Thunderstorm Wind,0.7097392661739832,0.18146880036739185,-3.0268040596440264,1,0.0,0.0,0.0,53.611002,2.6805501,5027998.72609795,4139528.0000224845,39.731966890013794,2020
47061,2022,4,bottom,Thunderstorm Wind,-30.558461273089662,1.0213600223451071,2.5446063250533464,1,1000.0,6.90875477931522,0.0,38.62446114884186,2.5178758876852037,2831565.1797166886,1855366.64873931,58.452259256560644,2021
47061,2022,4,mid,Thunderstorm Wind,-21.495799511651484,0.6774206944848972,2.4058195194120437,1,1000.0,6.90875477931522,0.0,38.62446114884186,2.5178758876852037,2831565.1797166886,1855366.64873931,58.452259256560644,2021
47061,2022,4,top,Thunderstorm Wind,-7.379227678498623,0.3433806720629927,-0.7428159148219559,1,1000.0,6.90875477931522,0.0,38.62446114884186,2.5178758876852037,2831565.1797166886,1855366.64873931,58.452259256560644,2021
47061,2024,7,bottom,Thunderstorm Wind,-0.3015886135580388,0.4957229283297785,-8.971042634242243,1,25000.0,10.12667110305036,0.0,14.554439086261072,2.395950410123487,7255246.889223507,4252317.152739832,89.85323957745383,2023
47061,2024,7,mid,Thunderstorm Wind,4.001885042071393,0.5033010964067451,-4.816136359077447,1,25000.0,10.12667110305036,0.0,14.554439086261072,2.395950410123487,7255246.889223507,4252317.152739832,89.85323957745383,2023
47061,2024,7,top,Thunderstorm Wind,1.3135390504366597,0.3151993868714992,-2.1014196724072747,1,25000.0,10.12667110305036,0.0,14.554439086261072,2.395950410123487,7255246.889223507,4252317.152739832,89.85323957745383,2023
47069,2021,3,bottom,"Flash Flood,Thunderstorm Wind",29.097575718714396,2.123823527803977,-5.190584174161117,11,0.0,0.0,0.4368055555555556,52.5108,2.62554,4836718.958232564,4560923.307235361,34.607804493498755,2020
47069,2021,3,mid,"Flash Flood,Thunderstorm Wind",32.78105040008039,2.4965740312061806,-6.314874919984898,11,0.0,0.0,0.4368055555555556,52.5108,2.62554,4836718.958232564,4560923.307235361,34.607804493498755,2020
47069,2021,3,top,"Flash Flood,Thunderstorm Wind",17.805493475181194,1.8783106698057974,-4.610257294077404,11,0.0,0.0,0.4368055555555556,52.5108,2.62554,4836718.958232564,4560923.307235361,34.607804493498755,2020
47069,2022,2,bottom,Thunderstorm Wind,-19.305774858490338,1.4463729059820396,-9.477252782134508,1,6000.0,8.699681400989514,0.003472222222222222,47.89814997138977,2.603763371915817,5535801.577676332,4743230.151553639,44.785716036524796,2021
47069,2022,2,mid,Thunderstorm Wind,-10.993160078050494,0.6521971168070302,-5.7259617614642195,1,6000.0,8.699681400989514,0.003472222222222222,47.89814997138977,2.603763371915817,5535801.577676332,4743230.151553639,44.785716036524796,2021
47069,2022,2,top,Thunderstorm Wind,-0.09852889004203291,0.07657207378026784,-4.091954526930995,1,6000.0,8.699681400989514,0.003472222222222222,47.89814997138977,2.603763371915817,5535801.577676332,4743230.151553639,44.785716036524796,2021
47069,2023,8,bottom,Thunderstorm Wind,20.15538473701389,1.8444156163408179,-1.0261140272870033,7,57000.0,10.950824090522445,0.02361111111111111,29.695553883948097,2.4993293771039005,11939979.467826286,7893854.027376967,89.5757616836411,2023
47069,2023,8,mid,Thunderstorm Wind,9.488747073509202,0.767095453631283,-1.7417176892699662,7,57000.0,10.950824090522445,0.02361111111111111,29.695553883948097,2.4993293771039005,11939979.467826286,7893854.027376967,89.5757616836411,2023
47069,2023,8,top,Thunderstorm Wind,5.326525346215291,0.32457645384788125,-1.2849560354120133,7,57000.0,10.950824090522445,0.02361111111111111,29.695553883948097,2.4993293771039005,11939979.467826286,7893854.027376967,89.5757616836411,2023
47069,2024,4,bottom,Hail,24.138532945303695,1.4222007404051646,1.5721589025557041,2,0.0,0.0,0.006944444444444444,32.552440342405674,2.4832196067885,15412233.327919465,9853306.189121904,90.67298135402936,2023
47069,2024,4,mid,Hail,25.161747703817326,1.3867909312640123,-0.21510353081164624,2,0.0,0.0,0.006944444444444444,32.552440342405674,2.4832196067885,15412233.327919465,9853306.189121904,90.67298135402936,2023
47069,2024,4,top,Hail,20.581876088004265,1.0959304029492387,1.0160698288106336,2,0.0,0.0,0.006944444444444444,32.552440342405674,2.4832196067885,15412233.327919465,9853306.189121904,90.67298135402936,2023
47071,2022,5,bottom,"Hail,Thunderstorm Wind",3.191969157618786,0.4838277603980203,-5.172699831669391,3,5000.0,8.517393171418904,0.010416666666666666,45.60312505722046,2.591341028690338,5261215.136337275,4066607.9693694757,46.95456044731245,2021
47071,2022,5,mid,"Hail,Thunderstorm Wind",6.079480160089076,0.7121006863390449,-5.276664075729182,3,5000.0,8.517393171418904,0.010416666666666666,45.60312505722046,2.591341028690338,5261215.136337275,4066607.9693694757,46.95456044731245,2021
47071,2022,5,top,"Hail,Thunderstorm Wind",5.8313151449416125,0.6367617712543812,-4.069731597126325,3,5000.0,8.517393171418904,0.010416666666666666,45.60312505722046,2.591341028690338,5261215.136337275,4066607.9693694757,46.95456044731245,2021
47071,2023,8,bottom,Thunderstorm Wind,9.845547178259082,2.1819241791411343,1.4640325969565662,1,5000.0,8.517393171418904,0.003472222222222222,35.21870319061432,2.5213122061276336,10290092.126178114,7760289.154669956,57.70731269325876,2023
47071,2023,8,mid,Thunderstorm Wind,7.184712168995048,1.0781147599703176,0.10324599679832147,1,5000.0,8.517393171418904,0.003472222222222222,35.21870319061432,2.5213122061276336,10290092.126178114,7760289.154669956,57.70731269325876,2023
47071,2023,8,top,Thunderstorm Wind,0.9425125922691251,0.30787202706327566,0.6910221442590748,1,5000.0,8.517393171418904,0.003472222222222222,35.21870319061432,2.5213122061276336,10290092.126178114,7760289.154669956,57.70731269325876,2023
47075,2020,5,bottom,Thunderstorm Wind,22.357893198739973,2.8899379601287327,0.5317326645677364,2,2000.0,7.601402334583733,0.006944444444444444,54.787202,2.7393601,5375626.18642419,3569273.53131,48.4036263303,2020
47075,2020,5,mid,Thunderstorm Wind,8.619597283947556,1.1993275482767518,0.9339427394759904,2,2000.0,7.601402334583733,0.006944444444444444,54.787202,2.7393601,5375626.18642419,3569273.53131,48.4036263303,2020
47075,2020,5,top,Thunderstorm Wind,1.5631729050084857,0.17492189523165075,0.1218589033549146,2,2000.0,7.601402334583733,0.006944444444444444,54.787202,2.7393601,5375626.18642419,3569273.53131,48.4036263303,2020
47075,2022,2,bottom,Thunderstorm Wind,-4.331969557236491,0.5523149741060426,5.142081317837518,1,10000.0,9.210440366976517,0.003472222222222222,55.721476710830686,2.719858561803627,6174660.699977857,4160205.423155031,55.85794708002352,2021
47075,2022,2,mid,Thunderstorm Wind,-3.1095920605648644,0.5191256001375979,2.998078231634357,1,10000.0,9.210440366976517,0.003472222222222222,55.721476710830686,2.719858561803627,6174660.699977857,4160205.423155031,55.85794708002352,2021
47075,2022,2,top,Thunderstorm Wind,1.6251349608873937,0.33237319379241087,1.2446521820438552,1,10000.0,9.210440366976517,0.003472222222222222,55.721476710830686,2.719858561803627,6174660.699977857,4160205.423155031,55.85794708002352,2021
47077,2022,5,bottom,Hail,13.036228891714472,1.57530286959564,3.7483117484795088,3,0.0,0.0,0.010416666666666666,50.06574948501587,2.652675519323349,6866972.255112852,5916525.294789959,45.08227295381232,2021
47077,2022,5,mid,Hail,3.0316165311571837,0.6620152700341976,2.6145402339927934,3,0.0,0.0,0.010416666666666666,50.06574948501587,2.652675519323349,6866972.255112852,5916525.294789959,45.08227295381232,2021
47077,2022,5,top,Hail,1.562696166503656,0.557990968917779,4.519341619520195,3,0.0,0.0,0.010416666666666666,50.06574948501587,2.652675519323349,6866972.255112852,5916525.294789959,45.08227295381232,2021
47077,2023,9,bottom,Thunderstorm Wind,7.707132310964539,1.0090901746432497,2.4430986155070733,1,5000.0,8.517393171418904,0.003472222222222222,44.01972591780469,2.551201059796398,12457517.284095785,9832061.86109945,61.67012172608754,2023
47077,2023,9,mid,Thunderstorm Wind,3.270086270271122,0.3272752314009552,-0.48613463152943365,1,5000.0,8.517393171418904,0.003472222222222222,44.01972591780469,2.551201059796398,12457517.284095785,9832061.86109945,61.67012172608754,2023
47077,2023,9,top,Thunderstorm Wind,-2.6835740795024776,0.5392178098756953,-0.37238953751869036,1,5000.0,8.517393171418904,0.003472222222222222,44.01972591780469,2.551201059796398,12457517.284095785,9832061.86109945,61.67012172608754,2023
47077,2024,4,bottom,Hail,11.493978555390498,0.4875973454987824,-0.03213972312256885,1,0.0,0.0,0.003472222222222222,44.696074424083015,2.528839569441776,15490996.720731938,12329316.066662623,61.7285983193241,2023
47077,2024,4,mid,Hail,9.712089946712808,0.46324299700882204,0.07810993159610291,1,0.0,0.0,0.003472222222222222,44.696074424083015,2.528839569441776,15490996.720731938,12329316.066662623,61.7285983193241,2023
47077,2024,4,top,Hail,10.746935593173475,0.4932255297013566,1.3573025797131208,1,0.0,0.0,0.003472222222222222,44.696074424083015,2.528839569441776,15490996.720731938,12329316.066662623,61.7285983193241,2023
47079,2021,4,bottom,"Thunderstorm Wind,Tornado",3.8711523475675733,1.3512246798137801,3.556511003039328,4,1200000.0,13.997832948091215,0.04722222222222222,53.3034,2.66517,9707074.627128828,7229544.65094263,42.56996452501232,2020
47079,2021,4,mid,"Thunderstorm Wind,Tornado",3.4874370766324887,0.7882189060955676,2.463125067639704,4,1200000.0,13.997832948091215,0.04722222222222222,53.3034,2.66517,9707074.627128828,7229544.65094263,42.56996452501232,2020
47079,2021,4,top,"Thunderstorm Wind,Tornado",5.921750918237748,0.8323561700036296,1.609809760322051,4,1200000.0,13.997832948091215,0.04722222222222222,53.3034,2.66517,9707074.627128828,7229544.65094263,42.56996452501232,2020
47079,2022,5,bottom,"Hail,Thunderstorm Wind",10.449824834724907,0.8900965248222845,-2.651733920333631,3,5000.0,8.517393171418904,0.010416666666666666,42.43462488555908,2.601310877752304,9680628.160642494,7549217.72945326,49.60497851478898,2021
47079,2022,5,mid,"Hail,Thunderstorm Wind",6.14186739800148,0.3345750964218549,-2.228267357953726,3,5000.0,8.517393171418904,0.010416666666666666,42.43462488555908,2.601310877752304,9680628.160642494,7549217.72945326,49.60497851478898,2021
47079,2022,5,top,"Hail,Thunderstorm Wind",0.8185360549501723,0.08552225145410607,-0.49309983470848334,3,5000.0,8.517393171418904,0.010416666666666666,42.43462488555908,2.601310877752304,9680628.160642494,7549217.72945326,49.60497851478898,2021
47085,2022,5,bottom,Thunderstorm Wind,-1.7057278255243062,0.34678189160942785,1.7947506749321889,1,5000.0,8.517393171418904,0.0,52.756374150543216,2.641970695556641,3910946.2386532794,3569026.6284944527,32.863888565367205,2021
47085,2022,5,mid,Thunderstorm Wind,2.113424105460666,0.1030146875666601,-1.1609861009645925,1,5000.0,8.517393171418904,0.0,52.756374150543216,2.641970695556641,3910946.2386532794,3569026.6284944527,32.863888565367205,2021
47085,2022,5,top,Thunderstorm Wind,-4.580132192381555,0.5752770008922732,-0.44187826378004996,1,5000.0,8.517393171418904,0.0,52.756374150543216,2.641970695556641,3910946.2386532794,3569026.6284944527,32.863888565367205,2021
47085,2023,12,bottom,Thunderstorm Wind,6.992193773675567,0.6833406401051979,-0.2927919209771659,1,10000.0,9.210440366976517,0.0,51.06366489894848,2.5691509355340907,8161694.286586195,6660938.2709384365,40.32972957740057,2023
47085,2023,12,mid,Thunderstorm Wind,7.718753721932487,0.4754032861254451,-1.3991762193017223,1,10000.0,9.210440366976517,0.0,51.06366489894848,2.5691509355340907,8161694.286586195,6660938.2709384365,40.32972957740057,2023
47085,2023,12,top,Thunderstorm Wind,5.541324914771735,0.38523584204766453,-0.1239486568677061,1,10000.0,9.210440366976517,0.0,51.06366489894848,2.5691509355340907,8161694.286586195,6660938.2709384365,40.32972957740057,2023
47091,2024,9,bottom,Flash Flood,2.636265145966277,0.6199173392794359,-3.863881309741018,10,26000000.0,17.073607134447293,4.766666666666667,5.953226873727411,2.327727182879195,5993108.323050813,3708599.606444087,77.26047834722034,2023
47091,2024,9,mid,Flash Flood,1.8061043429726311,0.5400920913105136,-3.1341284243820646,10,26000000.0,17.073607134447293,4.766666666666667,5.953226873727411,2.327727182879195,5993108.323050813,3708599.606444087,77.26047834722034,2023
47091,2024,9,top,Flash Flood,-6.72944253945316,0.3699031626391736,-1.2862178077080557,10,26000000.0,17.073607134447293,4.766666666666667,5.953226873727411,2.327727182879195,5993108.323050813,3708599.606444087,77.26047834722034,2023
47091,2025,5,bottom,Thunderstorm Wind,5.184755974679462,0.3106683445404465,-2.0657632669650448,1,0.0,0.0,0.0,6.323549979580002,2.3082961146769576,7973854.6048037745,4864715.724767429,83.43402475403616,2023
47091,2025,5,mid,Thunderstorm Wind,5.306121046993326,0.5270073411298011,-2.1355530207767734,1,0.0,0.0,0.0,6.323549979580002,2.3082961146769576,7973854.6048037745,4864715.724767429,83.43402475403616,2023
47091,2025,5,top,Thunderstorm Wind,-4.551122716903549,0.5344545913159924,-0.47249810418290394,1,0.0,0.0,0.0,6.323549979580002,2.3082961146769576,7973854.6048037745,4864715.724767429,83.43402475403616,2023
47097,2023,8,bottom,Thunderstorm Wind,-15.050502261728184,2.5105889779282817,1.0248218952278403,1,15000.0,9.61587214452889,0.003472222222222222,36.41765633720652,2.5260131627439186,16920828.710396286,11277960.064909114,95.79776901972066,2023
47097,2023,8,mid,Thunderstorm Wind,-13.612601048335648,1.922798908692739,1.671164885187461,1,15000.0,9.61587214452889,0.003472222222222222,36.41765633720652,2.5260131627439186,16920828.710396286,11277960.064909114,95.79776901972066,2023
47097,2023,8,top,Thunderstorm Wind,-10.86766167585668,1.2568747536490368,0.6928660316264654,1,15000.0,9.61587214452889,0.003472222222222222,36.41765633720652,2.5260131627439186,16920828.710396286,11277960.064909114,95.79776901972066,2023
47097,2024,4,bottom,"Hail,Thunderstorm Wind",-6.534493108313313,2.423559733991764,3.9311876303195277,2,5000.0,8.517393171418904,0.006944444444444444,37.453905744315094,2.502525351674228,21079074.318290923,13862548.108358175,93.55420433408618,2023
47097,2024,4,mid,"Hail,Thunderstorm Wind",-3.9740188369822533,1.6950276916147478,3.1545744325550564,2,5000.0,8.517393171418904,0.006944444444444444,37.453905744315094,2.502525351674228,21079074.318290923,13862548.108358175,93.55420433408618,2023
47097,2024,4,top,"Hail,Thunderstorm Wind",-3.7331102899157287,0.9209625597122558,0.9269199591913662,2,5000.0,8.517393171418904,0.006944444444444444,37.453905744315094,2.502525351674228,21079074.318290923,13862548.108358175,93.55420433408618,2023
47109,2024,4,bottom,Hail,-6.712459012916227,1.4125665924102044,1.639340942442426,1,0.0,0.0,0.003472222222222222,26.876960629091037,2.46304865067806,10750461.161940241,8977399.211826717,46.16534730406605,2023
47109,2024,4,mid,Hail,-2.8623796618736463,0.7650701967211355,1.4698590191867755,1,0.0,0.0,0.003472222222222222,26.876960629091037,2.46304865067806,10750461.161940241,8977399.211826717,46.16534730406605,2023
47109,2024,4,top,Hail,2.2772026291091123,0.5303907403512967,1.1159203443215233,1,0.0,0.0,0.003472222222222222,26.876960629091037,2.46304865067806,10750461.161940241,8977399.211826717,46.16534730406605,2023
47109,2025,5,bottom,Hail,9.791728757851828,0.7629186808554692,-11.384066387356535,1,0.0,0.0,0.003472222222222222,28.323920953006294,2.427466300837321,14909718.387864692,12627569.381248241,50.890695981423114,2023
47109,2025,5,mid,Hail,2.573882719225253,0.7531872285604401,-5.158485973215723,1,0.0,0.0,0.003472222222222222,28.323920953006294,2.427466300837321,14909718.387864692,12627569.381248241,50.890695981423114,2023
47109,2025,5,top,Hail,-2.173680831435874,0.7797872395080135,-0.9328330687173766,1,0.0,0.0,0.003472222222222222,28.323920953006294,2.427466300837321,14909718.387864692,12627569.381248241,50.890695981423114,2023
47113,2022,5,bottom,Hail,4.187684459528171,0.22444618826702634,-4.539194628738083,3,0.0,0.0,0.010416666666666666,65.88212465667725,2.8033613321304323,32110767.675889727,27250562.331845462,57.08883349652078,2021
47113,2022,5,mid,Hail,8.855944610905311,0.30834882718221973,-5.390964639381575,3,0.0,0.0,0.010416666666666666,65.88212465667725,2.8033613321304323,32110767.675889727,27250562.331845462,57.08883349652078,2021
47113,2022,5,top,Hail,9.131465609235775,0.3849873810640226,-3.4724349839106594,3,0.0,0.0,0.010416666666666666,65.88212465667725,2.8033613321304323,32110767.675889727,27250562.331845462,57.08883349652078,2021
47113,2023,8,bottom,"Flash Flood,Thunderstorm Wind",-27.54970258199789,1.297453759811533,7.069700880612227,5,10000.0,9.210440366976517,0.18402777777777776,80.62065925865812,2.6946372702749173,58871848.35177974,47389142.09381017,83.46741820575284,2023
47113,2023,8,mid,"Flash Flood,Thunderstorm Wind",-6.060742313337812,0.3326975026974563,2.1825615774589266,5,10000.0,9.210440366976517,0.18402777777777776,80.62065925865812,2.6946372702749173,58871848.35177974,47389142.09381017,83.46741820575284,2023
47113,2023,8,top,"Flash Flood,Thunderstorm Wind",-2.8495768406648807,0.2754636589649546,0.15356066465511256,5,10000.0,9.210440366976517,0.18402777777777776,80.62065925865812,2.6946372702749173,58871848.35177974,47389142.09381017,83.46741820575284,2023
47113,2024,4,bottom,"Hail,Thunderstorm Wind",-11.735450324170102,1.1019689183413295,-0.806001893048176,5,25000.0,10.12667110305036,0.01736111111111111,80.87771553735486,2.6631018856249407,76299153.67767237,59793402.697742134,80.43928635839488,2023
47113,2024,4,mid,"Hail,Thunderstorm Wind",-2.2229644485633457,0.14797535287997302,-1.5968265869678409,5,25000.0,10.12667110305036,0.01736111111111111,80.87771553735486,2.6631018856249407,76299153.67767237,59793402.697742134,80.43928635839488,2023
47113,2024,4,top,"Hail,Thunderstorm Wind",-2.433785075514564,0.15770893786883994,-1.404774695412641,5,25000.0,10.12667110305036,0.01736111111111111,80.87771553735486,2.6631018856249407,76299153.67767237,59793402.697742134,80.43928635839488,2023
47119,2024,9,bottom,Thunderstorm Wind,5.66582228764365,0.19876868442573242,-0.01786936911467289,1,5000.0,8.517393171418904,0.0,61.45801561396623,2.5725120381944913,31961166.068087723,33068601.71336281,28.067938374225854,2023
47119,2024,9,mid,Thunderstorm Wind,0.2943476556684459,0.2368577367685204,0.17555755910433865,1,5000.0,8.517393171418904,0.0,61.45801561396623,2.5725120381944913,31961166.068087723,33068601.71336281,28.067938374225854,2023
47119,2024,9,top,Thunderstorm Wind,4.157892462557271,0.17353363435685196,-0.7630869730240116,1,5000.0,8.517393171418904,0.0,61.45801561396623,2.5725120381944913,31961166.068087723,33068601.71336281,28.067938374225854,2023
47131,2023,8,bottom,"Flash Flood,Thunderstorm Wind",-22.284952595834085,2.065618092038745,0.96143637010753,13,4010000.0,15.20430204865928,1.1145833333333333,37.55162476136567,2.530463783022387,22103746.98647701,16936606.312722106,75.51488653831676,2023
47131,2023,8,mid,"Flash Flood,Thunderstorm Wind",-10.532671398484723,0.876753701753202,0.0013820611252934138,13,4010000.0,15.20430204865928,1.1145833333333333,37.55162476136567,2.530463783022387,22103746.98647701,16936606.312722106,75.51488653831676,2023
47131,2023,8,top,"Flash Flood,Thunderstorm Wind",-3.701170918267195,0.7453383402314564,-0.8038865875435732,13,4010000.0,15.20430204865928,1.1145833333333333,37.55162476136567,2.530463783022387,22103746.98647701,16936606.312722106,75.51488653831676,2023
47135,2023,3,bottom,Thunderstorm Wind,0.9811446645896638,0.542613843559822,2.2704991372892778,1,50000.0,10.819798284210286,0.006944444444444444,5.46999979019165,2.37454605102539,2919349.244745514,2300090.8282139674,54.869998931884766,2023
47135,2023,3,mid,Thunderstorm Wind,-6.230585066128086,0.602419931475944,-0.30498418728598625,1,50000.0,10.819798284210286,0.006944444444444444,5.46999979019165,2.37454605102539,2919349.244745514,2300090.8282139674,54.869998931884766,2023
47135,2023,3,top,Thunderstorm Wind,-6.979889705973704,0.3374176743715234,1.346958137469187,1,50000.0,10.819798284210286,0.006944444444444444,5.46999979019165,2.37454605102539,2919349.244745514,2300090.8282139674,54.869998931884766,2023
47137,2022,5,bottom,Thunderstorm Wind,-4.5541313050507455,0.8116197283419634,2.8742246045010567,1,1000.0,6.90875477931522,0.0,39.9803747138977,2.5843348393917083,733766.921789644,547678.6005270379,40.28632952624717,2021
47137,2022,5,mid,Thunderstorm Wind,0.223655936647134,0.7570601826206538,2.9728343832734367,1,1000.0,6.90875477931522,0.0,39.9803747138977,2.5843348393917083,733766.921789644,547678.6005270379,40.28632952624717,2021
47137,2022,5,top,Thunderstorm Wind,3.7576974313279408,0.9390212974942175,3.3706472726631156,1,1000.0,6.90875477931522,0.0,39.9803747138977,2.5843348393917083,733766.921789644,547678.6005270379,40.28632952624717,2021
47159,2022,4,bottom,Thunderstorm Wind,-0.8701729405306793,0.722116489364622,-5.64051864379869,1,10000.0,9.210440366976517,0.0,50.50674957084656,2.6785959512233735,2497441.758174592,2523877.3194065215,31.468463188369864,2021
47159,2022,4,mid,Thunderstorm Wind,-0.5970435610113327,0.2946995107222626,-2.0577036217999356,1,10000.0,9.210440366976517,0.0,50.50674957084656,2.6785959512233735,2497441.758174592,2523877.3194065215,31.468463188369864,2021
47159,2022,4,top,Thunderstorm Wind,6.851799642336914,0.42103608781588037,-1.7838699008308037,1,10000.0,9.210440366976517,0.0,50.50674957084656,2.6785959512233735,2497441.758174592,2523877.3194065215,31.468463188369864,2021
47165,2022,3,bottom,Thunderstorm Wind,38.39369481607399,2.6284689875880316,-1.457378778585858,1,3000.0,8.006700845440367,0.0,55.96380022888184,2.7356274980926516,15025974.562241856,16627218.13996645,27.63454578051569,2021
47165,2022,3,mid,Thunderstorm Wind,26.73263631773169,1.787227273097115,-1.7820978358742963,1,3000.0,8.006700845440367,0.0,55.96380022888184,2.7356274980926516,15025974.562241856,16627218.13996645,27.63454578051569,2021
47165,2022,3,top,Thunderstorm Wind,36.83069965530578,2.609928304697016,-2.308728632044032,1,3000.0,8.006700845440367,0.0,55.96380022888184,2.7356274980926516,15025974.562241856,16627218.13996645,27.63454578051569,2021
47169,2022,5,bottom,Hail,-0.23474170122740645,0.1849466300066082,-5.363345987673786,2,0.0,0.0,0.0,45.26562389305115,2.6216514451160426,1357317.0084221426,1200220.8159929616,33.9013356739581,2021
47169,2022,5,mid,Hail,1.3526216290559034,0.16893048218440587,-3.276095782342599,2,0.0,0.0,0.0,45.26562389305115,2.6216514451160426,1357317.0084221426,1200220.8159929616,33.9013356739581,2021
47169,2022,5,top,Hail,4.701510455011032,0.2746506528854094,-4.170660876603307,2,0.0,0.0,0.0,45.26562389305115,2.6216514451160426,1357317.0084221426,1200220.8159929616,33.9013356739581,2021
47171,2022,6,bottom,Thunderstorm Wind,-4.284417496475925,0.11670709859721673,17.415851762097628,1,0.0,0.0,0.0,41.41033667540741,2.5703264624954225,947742.6100438788,713495.8184678571,50.582152907943275,2021
47171,2022,6,mid,Thunderstorm Wind,1.590900230672446,0.5200693989798371,12.968591416387559,1,0.0,0.0,0.0,41.41033667540741,2.5703264624954225,947742.6100438788,713495.8184678571,50.582152907943275,2021
47171,2022,6,top,Thunderstorm Wind,4.523060186625429,0.6781767581822523,9.02556360885201,1,0.0,0.0,0.0,41.41033667540741,2.5703264624954225,947742.6100438788,713495.8184678571,50.582152907943275,2021
47175,2024,7,bottom,Flash Flood,-4.602636546720845,0.9604677942238111,-10.552827099936493,5,0.0,0.0,0.3993055555555556,12.42156691142722,2.3867070239218156,1706986.939656118,1658961.742945246,42.1230054567294,2023
47175,2024,7,mid,Flash Flood,-0.9085606591907123,0.7603811869593536,-5.304872063764047,5,0.0,0.0,0.3993055555555556,12.42156691142722,2.3867070239218156,1706986.939656118,1658961.742945246,42.1230054567294,2023
47175,2024,7,top,Flash Flood,0.5547889544154145,0.260514397684155,-1.6626136680139325,5,0.0,0.0,0.3993055555555556,12.42156691142722,2.3867070239218156,1706986.939656118,1658961.742945246,42.1230054567294,2023
47183,2022,5,bottom,Hail,14.916846813950045,1.0996502031631512,-3.491962948401531,2,0.0,0.0,0.006944444444444444,46.413500200271606,2.681821382570267,12840129.72013631,10999823.198897924,47.270814296811125,2021
47183,2022,5,mid,Hail,8.129363612893727,0.4378200508861327,-2.0661096420259355,2,0.0,0.0,0.006944444444444444,46.413500200271606,2.681821382570267,12840129.72013631,10999823.198897924,47.270814296811125,2021
47183,2022,5,top,Hail,-0.14775785390769158,0.11404642710402609,-0.47028521560025166,2,0.0,0.0,0.006944444444444444,46.413500200271606,2.681821382570267,12840129.72013631,10999823.198897924,47.270814296811125,2021
47185,2024,7,bottom,"Flash Flood,Thunderstorm Wind",1.5265645338147067,0.855310266582712,-6.938262589433431,8,38000.0,10.545367754151743,0.3333333333333333,34.768756264939476,2.4842704743001893,7766367.834250521,6203345.175563881,54.684687252303206,2023
47185,2024,7,mid,"Flash Flood,Thunderstorm Wind",-0.057457898326191525,0.3338784300945579,-3.3954743698467618,8,38000.0,10.545367754151743,0.3333333333333333,34.768756264939476,2.4842704743001893,7766367.834250521,6203345.175563881,54.684687252303206,2023
47185,2024,7,top,"Flash Flood,Thunderstorm Wind",0.592059985044628,0.16774223373566355,-1.9990832241179721,8,38000.0,10.545367754151743,0.3333333333333333,34.768756264939476,2.4842704743001893,7766367.834250521,6203345.175563881,54.684687252303206,2023
48007,2022,9,bottom,"Flood,Thunderstorm Wind",4.341085772523627,0.3980894983293381,-4.420406710165793,5,0.0,0.0,4.334027777777778,49.13562509536743,2.6237469182014466,26635694.072577212,20210026.673958894,78.081672600418,2021
48007,2022,9,mid,"Flood,Thunderstorm Wind",6.855216630754626,0.44093981351017547,-1.5268465583889537,5,0.0,0.0,4.334027777777778,49.13562509536743,2.6237469182014466,26635694.072577212,20210026.673958894,78.081672600418,2021
48007,2022,9,top,"Flood,Thunderstorm Wind",11.553972844471886,1.0485269229162717,0.2055830171268127,5,0.0,0.0,4.334027777777778,49.13562509536743,2.6237469182014466,26635694.072577212,20210026.673958894,78.081672600418,2021
48015,2023,4,bottom,Flood,14.018683349007361,2.1444948238131336,-2.6905198140308264,4,0.0,0.0,0.3333333333333333,43.46526955127973,2.567328991307055,10001303.601673974,7191530.357743643,75.73913528089015,2023
48015,2023,4,mid,Flood,3.977495279671814,0.8810116038881651,-1.9958365312510864,4,0.0,0.0,0.3333333333333333,43.46526955127973,2.567328991307055,10001303.601673974,7191530.357743643,75.73913528089015,2023
48015,2023,4,top,Flood,-4.0516456537657035,0.1502350240398447,1.6227935796745356,4,0.0,0.0,0.3333333333333333,43.46526955127973,2.567328991307055,10001303.601673974,7191530.357743643,75.73913528089015,2023
48035,2022,8,bottom,Thunderstorm Wind,1.116230903498419,1.2071895072941339,-5.179231735019111,1,200000.0,12.206077645517674,0.0,42.91196243086243,2.581914859075737,3805583.5464518666,2805063.7518107416,57.02228010288129,2021
48035,2022,8,mid,Thunderstorm Wind,-4.538223087614654,1.2938455605527344,0.5682844802368029,1,200000.0,12.206077645517674,0.0,42.91196243086243,2.581914859075737,3805583.5464518666,2805063.7518107416,57.02228010288129,2021
48035,2022,8,top,Thunderstorm Wind,-10.305198231839341,1.3372193779003714,3.696949582489893,1,200000.0,12.206077645517674,0.0,42.91196243086243,2.581914859075737,3805583.5464518666,2805063.7518107416,57.02228010288129,2021
48039,2023,6,bottom,Thunderstorm Wind,9.687245972727894,1.4957079880350186,-2.9128184966420654,1,0.0,0.0,0.0,72.64522239231495,2.671469651969016,355067716.7794998,305301596.8555203,58.30747318951527,2023
48039,2023,6,mid,Thunderstorm Wind,6.701632613508707,0.9990601783470535,-0.42217495671330596,1,0.0,0.0,0.0,72.64522239231495,2.671469651969016,355067716.7794998,305301596.8555203,58.30747318951527,2023
48039,2023,6,top,Thunderstorm Wind,3.5130895811210223,0.6564062416239177,0.513164716604166,1,0.0,0.0,0.0,72.64522239231495,2.671469651969016,355067716.7794998,305301596.8555203,58.30747318951527,2023
48039,2024,3,bottom,"Hail,Thunderstorm Wind",-18.64516755344951,1.646116842530138,-4.532293885921135,10,0.0,0.0,0.0,75.45089231584184,2.6457317801783113,293078126.5108716,262151025.19673732,48.00988772266069,2023
48039,2024,3,mid,"Hail,Thunderstorm Wind",-8.277085956883028,0.5357916115057678,-2.3934589380865483,10,0.0,0.0,0.0,75.45089231584184,2.6457317801783113,293078126.5108716,262151025.19673732,48.00988772266069,2023
48039,2024,3,top,"Hail,Thunderstorm Wind",-5.841588591926197,0.3962309244864851,-0.7017858320125848,10,0.0,0.0,0.0,75.45089231584184,2.6457317801783113,293078126.5108716,262151025.19673732,48.00988772266069,2023
48041,2022,3,bottom,"Hail,Tornado",1.3611749005220588,0.33706342230116726,-0.4424632045423114,4,200000.0,12.206077645517674,0.001388888888888889,50.31469880517578,2.6006164247673036,16078800.259000309,15611793.80768159,43.6547929863785,2021
48041,2022,3,mid,"Hail,Tornado",-4.910088935510473,0.44563592437901817,0.9653894984545511,4,200000.0,12.206077645517674,0.001388888888888889,50.31469880517578,2.6006164247673036,16078800.259000309,15611793.80768159,43.6547929863785,2021
48041,2022,3,top,"Hail,Tornado",-7.477258028071816,0.7626641259940552,1.3722374618855138,4,200000.0,12.206077645517674,0.001388888888888889,50.31469880517578,2.6006164247673036,16078800.259000309,15611793.80768159,43.6547929863785,2021
48041,2024,2,bottom,Hail,-6.126021656911746,1.0020864305867412,-6.171507690682574,1,0.0,0.0,0.0,46.09832142448911,2.541463874712809,43763806.14268586,37123435.16802286,74.17728563321614,2023
48041,2024,2,mid,Hail,-1.989779785593214,0.27153494150704416,-3.3351607740737896,1,0.0,0.0,0.0,46.09832142448911,2.541463874712809,43763806.14268586,37123435.16802286,74.17728563321614,2023
48041,2024,2,top,Hail,-0.8597210323149653,0.4308228563126118,-3.424862197520705,1,0.0,0.0,0.0,46.09832142448911,2.541463874712809,43763806.14268586,37123435.16802286,74.17728563321614,2023
48043,2023,6,bottom,Thunderstorm Wind,11.322754703186192,1.6316137176527352,-4.443598124283369,1,0.0,0.0,0.003472222222222222,22.574416400380855,2.477500808333363,10526799.728659833,7121142.933801714,76.09372926342685,2023
48043,2023,6,mid,Thunderstorm Wind,12.515564564544874,1.4572701132717398,-0.9857477768777491,1,0.0,0.0,0.003472222222222222,22.574416400380855,2.477500808333363,10526799.728659833,7121142.933801714,76.09372926342685,2023
48043,2023,6,top,Thunderstorm Wind,12.841457591683337,1.3722736071605401,-0.06345180443844829,1,0.0,0.0,0.003472222222222222,22.574416400380855,2.477500808333363,10526799.728659833,7121142.933801714,76.09372926342685,2023
48043,2024,5,bottom,Hail,-0.011571740832010846,0.6845824898366176,-0.630649488814124,3,0.0,0.0,0.010416666666666666,23.067274576899393,2.44534728571113,9547805.838111823,6977188.675880861,67.30741106217033,2023
48043,2024,5,mid,Hail,-3.201970837465055,0.3386189229165726,-0.398901877459006,3,0.0,0.0,0.010416666666666666,23.067274576899393,2.44534728571113,9547805.838111823,6977188.675880861,67.30741106217033,2023
48043,2024,5,top,Hail,-4.13424456249092,1.068129467865607,3.693176140917411,3,0.0,0.0,0.010416666666666666,23.067274576899393,2.44534728571113,9547805.838111823,6977188.675880861,67.30741106217033,2023
48047,2022,4,bottom,Thunderstorm Wind,20.888843062014274,1.0814671802552935,-3.4813919810961664,2,30000.0,10.308985993422082,0.013888888888888888,35.56630137798023,2.4692253598257063,3810834.9586450285,2049083.3788418502,87.63705637213465,2021
48047,2022,4,mid,Thunderstorm Wind,10.42593537797164,0.9195065916831138,-2.498951428450212,2,30000.0,10.308985993422082,0.013888888888888888,35.56630137798023,2.4692253598257063,3810834.9586450285,2049083.3788418502,87.63705637213465,2021
48047,2022,4,top,Thunderstorm Wind,-2.743376346536138,1.2009611857559792,1.2006443533149707,2,30000.0,10.308985993422082,0.013888888888888888,35.56630137798023,2.4692253598257063,3810834.9586450285,2049083.3788418502,87.63705637213465,2021
48051,2022,3,bottom,Tornado,-28.503343894141878,2.7193135917844424,4.682037257858198,4,200000.0,12.206077645517674,0.002777777777777778,45.671848309265144,2.534468401085663,3355406.810961029,2621828.7321770634,42.893537223268595,2021
48051,2022,3,mid,Tornado,-27.367039503170716,2.3513588231938627,5.506212114890933,4,200000.0,12.206077645517674,0.002777777777777778,45.671848309265144,2.534468401085663,3355406.810961029,2621828.7321770634,42.893537223268595,2021
48051,2022,3,top,Tornado,-6.770243086666838,0.8423818964639332,-1.01108158390583,4,200000.0,12.206077645517674,0.002777777777777778,45.671848309265144,2.534468401085663,3355406.810961029,2621828.7321770634,42.893537223268595,2021
48057,2020,4,bottom,Thunderstorm Wind,-7.180404718613701,0.39233503588748797,3.809205299194384,1,0.0,0.0,0.0,55.849,2.79245,3698205.837489965,3060734.41076,41.2297989752,2020
48057,2020,4,mid,Thunderstorm Wind,-6.566859348037042,0.5717707141918353,1.5601364804466205,1,0.0,0.0,0.0,55.849,2.79245,3698205.837489965,3060734.41076,41.2297989752,2020
48057,2020,4,top,Thunderstorm Wind,-5.516712532059373,0.534774962686605,0.18296965386094635,1,0.0,0.0,0.0,55.849,2.79245,3698205.837489965,3060734.41076,41.2297989752,2020
48057,2023,9,bottom,Thunderstorm Wind,-7.66925005659742,0.5897043185763,1.9506876194468294,1,0.0,0.0,0.001388888888888889,75.14941269475058,2.6697855762462717,27073929.426187612,20966103.119623266,71.98482791514382,2023
48057,2023,9,mid,Thunderstorm Wind,-2.7985909220663814,0.3911856717614018,2.6204820630686263,1,0.0,0.0,0.001388888888888889,75.14941269475058,2.6697855762462717,27073929.426187612,20966103.119623266,71.98482791514382,2023
48057,2023,9,top,Thunderstorm Wind,-1.284424223913561,0.20343206713072168,1.1003118787844481,1,0.0,0.0,0.001388888888888889,75.14941269475058,2.6697855762462717,27073929.426187612,20966103.119623266,71.98482791514382,2023
48067,2021,5,bottom,Hail,72.09876665015345,5.354283319152963,-7.666183154210127,4,0.0,0.0,0.0,52.473798,2.6236899,6919782.537401037,4391398.056623989,48.79779266850306,2020
48067,2021,5,mid,Hail,53.5305556588562,4.448732216723056,-6.961720337924504,4,0.0,0.0,0.0,52.473798,2.6236899,6919782.537401037,4391398.056623989,48.79779266850306,2020
48067,2021,5,top,Hail,35.29731510042687,3.166690991345014,-4.056371185949739,4,0.0,0.0,0.0,52.473798,2.6236899,6919782.537401037,4391398.056623989,48.79779266850306,2020
48075,2024,6,bottom,Thunderstorm Wind,5.528272313620789,0.7152386830312264,-13.440974579265054,1,0.0,0.0,0.0,19.278889618343484,2.4209909042775655,17716962.6173546,15142616.214282574,63.59690196459517,2023
48075,2024,6,mid,Thunderstorm Wind,18.91723319676929,2.604931633150163,-10.40769129812349,1,0.0,0.0,0.0,19.278889618343484,2.4209909042775655,17716962.6173546,15142616.214282574,63.59690196459517,2023
48075,2024,6,top,Thunderstorm Wind,13.41915281300669,2.10923342362556,-5.692280324428286,1,0.0,0.0,0.0,19.278889618343484,2.4209909042775655,17716962.6173546,15142616.214282574,63.59690196459517,2023
48089,2023,4,bottom,Hail,0.7860104125630301,0.7044559681838916,-6.975714434458264,1,0.0,0.0,0.0,44.93313410148117,2.57271852772384,12136883.716137892,8510463.817534145,73.70866160268939,2023
48089,2023,4,mid,Hail,0.4129444044281456,0.5781831623255446,-2.4087574154590548,1,0.0,0.0,0.0,44.93313410148117,2.57271852772384,12136883.716137892,8510463.817534145,73.70866160268939,2023
48089,2023,4,top,Hail,-1.838472481511758,0.45792977165430104,-0.9567627605632509,1,0.0,0.0,0.0,44.93313410148117,2.57271852772384,12136883.716137892,8510463.817534145,73.70866160268939,2023
48103,2024,5,bottom,Hail,-28.198780298118095,2.3371167132478865,4.01984164601851,1,0.0,0.0,0.003472222222222222,4.642093492056136,2.3172961846219815,855950.4620714198,563169.5814082636,70.85102690649059,2023
48103,2024,5,mid,Hail,-13.477070919932245,1.008123268403089,4.470561298864827,1,0.0,0.0,0.003472222222222222,4.642093492056136,2.3172961846219815,855950.4620714198,563169.5814082636,70.85102690649059,2023
48103,2024,5,top,Hail,-3.9954979334368375,0.2902901302016949,-0.5660762258558615,1,0.0,0.0,0.003472222222222222,4.642093492056136,2.3172961846219815,855950.4620714198,563169.5814082636,70.85102690649059,2023
48117,2023,5,bottom,"Flash Flood,Hail,Thunderstorm Wind",17.358473703764773,2.088452541281926,7.461093840314656,16,0.0,0.0,0.8333333333333334,13.208939528628886,2.4301536779269317,11214245.365805123,7538700.38027029,74.97199715882871,2023
48117,2023,5,mid,"Flash Flood,Hail,Thunderstorm Wind",14.826999431899253,1.8079877709294188,4.5557150951397505,16,0.0,0.0,0.8333333333333334,13.208939528628886,2.4301536779269317,11214245.365805123,7538700.38027029,74.97199715882871,2023
48117,2023,5,top,"Flash Flood,Hail,Thunderstorm Wind",19.484277111167344,1.7983294395115035,2.9718411611293476,16,0.0,0.0,0.8333333333333334,13.208939528628886,2.4301536779269317,11214245.365805123,7538700.38027029,74.97199715882871,2023
48127,2020,3,bottom,Hail,-31.058793747138978,1.5525855933421087,2.308161531042643,1,0.0,0.0,0.0,52.3002,2.61501,2811226.710101442,1514079.83512,68.8608592826,2020
48127,2020,3,mid,Hail,-11.227783284023587,0.5053749839264008,-5.341082367245065,1,0.0,0.0,0.0,52.3002,2.61501,2811226.710101442,1514079.83512,68.8608592826,2020
48127,2020,3,top,Hail,-7.020210873957467,0.27165276155570905,-3.9139439216767187,1,0.0,0.0,0.0,52.3002,2.61501,2811226.710101442,1514079.83512,68.8608592826,2020
48127,2024,2,bottom,Thunderstorm Wind,-5.307848878959078,1.059951931412663,5.347888909463161,1,5000.0,8.517393171418904,0.0,4.994741433348263,2.336855222486979,6471406.280797361,3456723.6251325696,99.85156912666666,2023
48127,2024,2,mid,Thunderstorm Wind,-2.699885828755626,0.5304048629998714,5.075486115570271,1,5000.0,8.517393171418904,0.0,4.994741433348263,2.336855222486979,6471406.280797361,3456723.6251325696,99.85156912666666,2023
48127,2024,2,top,Thunderstorm Wind,-6.098573883434,0.37509242021459616,2.7603681347941347,1,5000.0,8.517393171418904,0.0,4.994741433348263,2.336855222486979,6471406.280797361,3456723.6251325696,99.85156912666666,2023
48127,2024,9,bottom,Flash Flood,-55.9378726186506,5.815314409183723,-0.6707185043769215,4,0.0,0.0,0.5,5.277758587738609,2.318645254650213,8190776.949809562,4350504.998037574,99.75711311636364,2023
48127,2024,9,mid,Flash Flood,-42.15054814244682,4.852556463140722,0.4888026780675337,4,0.0,0.0,0.5,5.277758587738609,2.318645254650213,8190776.949809562,4350504.998037574,99.75711311636364,2023
48127,2024,9,top,Flash Flood,-21.29484756366196,2.2381040726292847,2.2497653672726017,4,0.0,0.0,0.5,5.277758587738609,2.318645254650213,8190776.949809562,4350504.998037574,99.75711311636364,2023
48127,2025,5,bottom,"Hail,Thunderstorm Wind",-30.12529988099132,2.4879445976715715,10.06758750029428,4,37000.0,10.518700218288165,0.0,5.6012067641847185,2.297833862836766,10155772.00010922,5371969.424214722,99.64916339030303,2023
48127,2025,5,mid,"Hail,Thunderstorm Wind",-14.636623965544402,1.6547651927286902,3.4153595076805865,4,37000.0,10.518700218288165,0.0,5.6012067641847185,2.297833862836766,10155772.00010922,5371969.424214722,99.64916339030303,2023
48127,2025,5,top,"Hail,Thunderstorm Wind",1.99616220384938,0.352144603515204,-2.2110118255088715,4,37000.0,10.518700218288165,0.0,5.6012067641847185,2.297833862836766,10155772.00010922,5371969.424214722,99.64916339030303,2023
48131,2022,3,bottom,Hail,13.966858148872774,1.0030188089005925,1.5986655060395094,1,0.0,0.0,0.004166666666666667,39.74190003814697,2.4990199839782714,1575627.1931582275,872866.8865948217,73.37014682696098,2021
48131,2022,3,mid,Hail,10.766439353172672,1.0410001150956512,1.7958801603247423,1,0.0,0.0,0.004166666666666667,39.74190003814697,2.4990199839782714,1575627.1931582275,872866.8865948217,73.37014682696098,2021
48131,2022,3,top,Hail,-12.146451326639692,0.8809245229328724,3.029077923415381,1,0.0,0.0,0.004166666666666667,39.74190003814697,2.4990199839782714,1575627.1931582275,872866.8865948217,73.37014682696098,2021
48133,2022,5,bottom,Thunderstorm Wind,-19.597474419972272,2.078356524286366,4.569599198399369,1,0.0,0.0,0.0,42.152999685287476,2.5554138444900514,4701529.894715848,3205961.016317612,62.05252714348817,2021
48133,2022,5,mid,Thunderstorm Wind,-8.237165208743448,0.9331001298091259,5.444734518636433,1,0.0,0.0,0.0,42.152999685287476,2.5554138444900514,4701529.894715848,3205961.016317612,62.05252714348817,2021
48133,2022,5,top,Thunderstorm Wind,-6.785909374194034,0.48371692159332075,9.441295935173693,1,0.0,0.0,0.0,42.152999685287476,2.5554138444900514,4701529.894715848,3205961.016317612,62.05252714348817,2021
48149,2020,1,bottom,Thunderstorm Wind,-1.5260848689201083,0.34392699078831623,0.19773173661043586,3,100000.0,11.51293546492023,0.0,54.502,2.7251,4242095.435290195,3315961.07128,41.9787150177,2020
48149,2020,1,mid,Thunderstorm Wind,-0.02197365736836332,0.1714258771355172,0.13884847923230836,3,100000.0,11.51293546492023,0.0,54.502,2.7251,4242095.435290195,3315961.07128,41.9787150177,2020
48149,2020,1,top,Thunderstorm Wind,1.0916801487829275,0.4559414317776836,1.2399549875852263,3,100000.0,11.51293546492023,0.0,54.502,2.7251,4242095.435290195,3315961.07128,41.9787150177,2020
48149,2020,8,bottom,Thunderstorm Wind,14.725721154945575,2.581023204943389,-1.1579446199451315,1,5000.0,8.517393171418904,0.0,54.502,2.7251,4242095.435290195,3315961.07128,41.9787150177,2020
48149,2020,8,mid,Thunderstorm Wind,23.12993380496097,2.7054581382101697,-1.4720526631785826,1,5000.0,8.517393171418904,0.0,54.502,2.7251,4242095.435290195,3315961.07128,41.9787150177,2020
48149,2020,8,top,Thunderstorm Wind,28.614644979659033,3.1503102085152896,-2.7303200163994603,1,5000.0,8.517393171418904,0.0,54.502,2.7251,4242095.435290195,3315961.07128,41.9787150177,2020
48163,2022,4,bottom,Hail,-18.557188664383588,1.5193776081125343,2.4264284364627855,3,0.0,0.0,0.0,36.28550135711861,2.4967419547935488,3051689.3548219716,1956606.3537126482,61.31134866869351,2021
48163,2022,4,mid,Hail,-15.607393743629416,1.1503574598007333,9.227731813567388,3,0.0,0.0,0.0,36.28550135711861,2.4967419547935488,3051689.3548219716,1956606.3537126482,61.31134866869351,2021
48163,2022,4,top,Hail,-14.058131212855088,0.7660377488901472,5.859625003185826,3,0.0,0.0,0.0,36.28550135711861,2.4967419547935488,3051689.3548219716,1956606.3537126482,61.31134866869351,2021
48175,2024,4,bottom,Hail,8.25253085671828,0.8910337484648517,-1.7752554377637229,2,0.0,0.0,0.0,29.187616208109052,2.4723626953323716,7090915.2166135395,5240667.100880356,59.13412707276397,2023
48175,2024,4,mid,Hail,19.905914833206694,1.8396267717895662,-1.6547823741347212,2,0.0,0.0,0.0,29.187616208109052,2.4723626953323716,7090915.2166135395,5240667.100880356,59.13412707276397,2023
48175,2024,4,top,Hail,24.627767467909123,2.040754521518849,-2.3029328973337235,2,0.0,0.0,0.0,29.187616208109052,2.4723626953323716,7090915.2166135395,5240667.100880356,59.13412707276397,2023
48177,2020,5,bottom,Thunderstorm Wind,-5.808073174631161,0.7660587238989642,0.36458656978489995,1,10000.0,9.210440366976517,0.0,51.890002,2.5945001,16001294.90535144,9618299.05688,52.3847063461,2020
48177,2020,5,mid,Thunderstorm Wind,-4.067250924438682,0.43002217505982526,0.24215178634107795,1,10000.0,9.210440366976517,0.0,51.890002,2.5945001,16001294.90535144,9618299.05688,52.3847063461,2020
48177,2020,5,top,Thunderstorm Wind,-1.9534211471784744,0.290490167663038,0.7943933230531334,1,10000.0,9.210440366976517,0.0,51.890002,2.5945001,16001294.90535144,9618299.05688,52.3847063461,2020
48185,2024,2,bottom,Funnel Cloud,3.861456368914716,1.0184496933504363,-1.619078860723273,1,0.0,0.0,0.0,23.240967175432743,2.455238992486491,14245751.202233871,10596866.397211855,83.02980349584635,2023
48185,2024,2,mid,Funnel Cloud,2.386562460873037,0.7683984857702838,0.022963422422857132,1,0.0,0.0,0.0,23.240967175432743,2.455238992486491,14245751.202233871,10596866.397211855,83.02980349584635,2023
48185,2024,2,top,Funnel Cloud,0.43865169778663926,0.35421354080115464,0.5663558030955377,1,0.0,0.0,0.0,23.240967175432743,2.455238992486491,14245751.202233871,10596866.397211855,83.02980349584635,2023
48193,2020,1,bottom,Hail,-26.96984359625226,2.0024232304222154,2.17801689940192,2,1000.0,6.90875477931522,0.0,52.624202,2.6312101,4907731.698916985,2971185.77872,52.5029562475,2020
48193,2020,1,mid,Hail,-20.422176392034174,1.0714706550463737,1.6025264705778521,2,1000.0,6.90875477931522,0.0,52.624202,2.6312101,4907731.698916985,2971185.77872,52.5029562475,2020
48193,2020,1,top,Hail,-10.449216576759994,0.47166848111014215,1.833858870486741,2,1000.0,6.90875477931522,0.0,52.624202,2.6312101,4907731.698916985,2971185.77872,52.5029562475,2020
48197,2025,7,bottom,Thunderstorm Wind,1.7822335022043063,3.2481489934914234,-0.919416253027966,3,0.0,0.0,0.001388888888888889,14.015290377014853,2.361174733651404,4049080.5401598774,2280479.157316565,91.99585503943064,2023
48197,2025,7,mid,Thunderstorm Wind,-3.415170055870348,2.4122684663596727,-6.125963141932464,3,0.0,0.0,0.001388888888888889,14.015290377014853,2.361174733651404,4049080.5401598774,2280479.157316565,91.99585503943064,2023
48197,2025,7,top,Thunderstorm Wind,-19.959661564013985,1.310734032190767,-3.0448419034459655,3,0.0,0.0,0.001388888888888889,14.015290377014853,2.361174733651404,4049080.5401598774,2280479.157316565,91.99585503943064,2023
48199,2022,1,bottom,Flash Flood,-12.315604760137134,0.43930623089849513,4.564747922440968,4,0.0,0.0,0.16666666666666666,53.597826749999996,2.7124114588359833,12315420.91422615,14271557.952293748,28.357012635570463,2021
48199,2022,1,mid,Flash Flood,-7.657670599592208,0.45355101062325925,4.766505038900149,4,0.0,0.0,0.16666666666666666,53.597826749999996,2.7124114588359833,12315420.91422615,14271557.952293748,28.357012635570463,2021
48199,2022,1,top,Flash Flood,-12.630648019587866,0.9425550433904348,4.554849592952489,4,0.0,0.0,0.16666666666666666,53.597826749999996,2.7124114588359833,12315420.91422615,14271557.952293748,28.357012635570463,2021
48223,2024,6,bottom,"Flash Flood,Thunderstorm Wind",-12.819019417754788,1.9942796883269085,2.2130455203692634,5,30000.0,10.308985993422082,0.5555555555555556,35.76101814462387,2.4912715792572575,21494572.41474613,18242392.75173463,58.103188765216615,2023
48223,2024,6,mid,"Flash Flood,Thunderstorm Wind",-12.911636283645862,1.7554104645244717,2.3753589350166684,5,30000.0,10.308985993422082,0.5555555555555556,35.76101814462387,2.4912715792572575,21494572.41474613,18242392.75173463,58.103188765216615,2023
48223,2024,6,top,"Flash Flood,Thunderstorm Wind",-10.647849904106067,1.8970618982034773,0.49589320103187146,5,30000.0,10.308985993422082,0.5555555555555556,35.76101814462387,2.4912715792572575,21494572.41474613,18242392.75173463,58.103188765216615,2023
48231,2024,6,bottom,Flash Flood,1.8176715947283526,0.7607343214220501,-1.0832545436727041,5,25000.0,10.12667110305036,0.3923611111111111,40.344613203427706,2.5069429092530404,38089139.77728886,31101221.552594792,70.81178711033381,2023
48231,2024,6,mid,Flash Flood,-3.4603027466790905,0.4757196165535869,1.1117155758355988,5,25000.0,10.12667110305036,0.3923611111111111,40.344613203427706,2.5069429092530404,38089139.77728886,31101221.552594792,70.81178711033381,2023
48231,2024,6,top,Flash Flood,-0.8740168592290871,0.29325316960493064,-0.26800474919559275,5,25000.0,10.12667110305036,0.3923611111111111,40.344613203427706,2.5069429092530404,38089139.77728886,31101221.552594792,70.81178711033381,2023
48231,2025,1,bottom,Flash Flood,-0.6205945689590919,0.30150296148292705,4.332767717064532,13,50000.0,10.819798284210286,1.201388888888889,40.63609879536584,2.483728500765747,42442079.93034857,35837678.01711394,62.594621949648435,2023
48231,2025,1,mid,Flash Flood,1.776325423744808,0.2680183119264134,1.8114858229789899,13,50000.0,10.819798284210286,1.201388888888889,40.63609879536584,2.483728500765747,42442079.93034857,35837678.01711394,62.594621949648435,2023
48231,2025,1,top,Flash Flood,4.372519436008616,0.358528860138723,1.0236654155033638,13,50000.0,10.819798284210286,1.201388888888889,40.63609879536584,2.483728500765747,42442079.93034857,35837678.01711394,62.594621949648435,2023
48239,2025,6,bottom,"Flash Flood,Funnel Cloud",-27.55257239681721,1.8342044764528014,5.659609695564143,6,0.0,0.0,0.5,32.91211636375835,2.442281143471591,32288396.201194204,24200148.006497305,69.64253934604403,2023
48239,2025,6,mid,"Flash Flood,Funnel Cloud",-11.376866961620692,0.8486692659160016,1.5623020799459226,6,0.0,0.0,0.5,32.91211636375835,2.442281143471591,32288396.201194204,24200148.006497305,69.64253934604403,2023
48239,2025,6,top,"Flash Flood,Funnel Cloud",-17.34873651071767,1.1282007811545254,0.3553923198547532,6,0.0,0.0,0.5,32.91211636375835,2.442281143471591,32288396.201194204,24200148.006497305,69.64253934604403,2023
48247,2025,5,bottom,Hail,60.71714792849569,5.645915288128953,-3.071865575595846,1,0.0,0.0,0.0,2.008976012659069,2.237314740665387,12029831.321998231,6282104.495997941,98.36682030329368,2023
48247,2025,5,mid,Hail,33.40591212610367,4.5254308098685945,8.262448399517572,1,0.0,0.0,0.0,2.008976012659069,2.237314740665387,12029831.321998231,6282104.495997941,98.36682030329368,2023
48247,2025,5,top,Hail,29.01685813191375,3.4365295957549233,0.49794872655598493,1,0.0,0.0,0.0,2.008976012659069,2.237314740665387,12029831.321998231,6282104.495997941,98.36682030329368,2023
48249,2024,5,bottom,Hail,-16.65316808766424,1.4961936061144454,1.7871740283206445,1,0.0,0.0,0.0,19.562095171466385,2.4294504397018337,45123934.38383526,28528125.081513833,89.26692504444365,2023
48249,2024,5,mid,Hail,-25.453294606671363,1.376415655833499,-0.18758686320067378,1,0.0,0.0,0.0,19.562095171466385,2.4294504397018337,45123934.38383526,28528125.081513833,89.26692504444365,2023
48249,2024,5,top,Hail,-20.353780848317044,1.4137619446477434,0.5358406794303932,1,0.0,0.0,0.0,19.562095171466385,2.4294504397018337,45123934.38383526,28528125.081513833,89.26692504444365,2023
48255,2022,5,bottom,Thunderstorm Wind,-16.697332018780756,1.3321244199661635,19.351380988327374,2,10000.0,9.210440366976517,0.0,46.67162693664551,2.6188756531105044,6335023.475927996,5591865.973812975,50.580193564325135,2021
48255,2022,5,mid,Thunderstorm Wind,-7.005082622631804,0.3588058658108439,15.230554762849897,2,10000.0,9.210440366976517,0.0,46.67162693664551,2.6188756531105044,6335023.475927996,5591865.973812975,50.580193564325135,2021
48255,2022,5,top,Thunderstorm Wind,-7.166622968850788,0.203044086658742,9.968287155432582,2,10000.0,9.210440366976517,0.0,46.67162693664551,2.6188756531105044,6335023.475927996,5591865.973812975,50.580193564325135,2021
48255,2024,4,bottom,Hail,49.989037985139746,4.370405710111455,6.11654236774343,1,0.0,0.0,0.0,33.62991089460173,2.4900820148755622,14551314.559012612,9456725.896911303,90.11977941054924,2023
48255,2024,4,mid,Hail,17.08069280556252,1.5457660734268845,6.697550368251531,1,0.0,0.0,0.0,33.62991089460173,2.4900820148755622,14551314.559012612,9456725.896911303,90.11977941054924,2023
48255,2024,4,top,Hail,4.352514206497176,0.34956878858581053,4.118059925907275,1,0.0,0.0,0.0,33.62991089460173,2.4900820148755622,14551314.559012612,9456725.896911303,90.11977941054924,2023
48255,2024,12,bottom,Hail,19.279787977926816,1.6145946781364775,-0.6701794415138144,1,0.0,0.0,0.0,32.4298549337076,2.459495618925337,17143745.897480175,10473543.274937943,93.46118062232955,2023
48255,2024,12,mid,Hail,2.3428344529903313,0.8901910552468766,8.879536193862,1,0.0,0.0,0.0,32.4298549337076,2.459495618925337,17143745.897480175,10473543.274937943,93.46118062232955,2023
48255,2024,12,top,Hail,-0.49704237253803285,0.2989982154720243,2.8297836320054492,1,0.0,0.0,0.0,32.4298549337076,2.459495618925337,17143745.897480175,10473543.274937943,93.46118062232955,2023
48273,2024,5,bottom,Hail,-12.879007357668186,1.1673281273546015,-3.2008837270762407,2,0.0,0.0,0.0,40.67634352031693,2.5118150692885557,39371276.645268366,25907901.412065882,94.33386814328422,2023
48273,2024,5,mid,Hail,-22.53378876300191,0.8883892279432531,-4.672506244913289,2,0.0,0.0,0.0,40.67634352031693,2.5118150692885557,39371276.645268366,25907901.412065882,94.33386814328422,2023
48273,2024,5,top,Hail,-14.738980492247379,0.6343555191713411,-1.5656854685695454,2,0.0,0.0,0.0,40.67634352031693,2.5118150692885557,39371276.645268366,25907901.412065882,94.33386814328422,2023
48277,2021,4,bottom,"Hail,Thunderstorm Wind",-15.635384663892538,1.0955017842459565,3.169642929534381,4,4000.0,8.294299608857235,0.0,54.4598,2.72299,11733306.340742152,7892437.665947333,47.57587702010103,2020
48277,2021,4,mid,"Hail,Thunderstorm Wind",-8.853177380512676,0.4982408995728722,3.2579271269151397,4,4000.0,8.294299608857235,0.0,54.4598,2.72299,11733306.340742152,7892437.665947333,47.57587702010103,2020
48277,2021,4,top,"Hail,Thunderstorm Wind",-3.539247010106749,0.7692951518535888,3.422298733975874,4,4000.0,8.294299608857235,0.0,54.4598,2.72299,11733306.340742152,7892437.665947333,47.57587702010103,2020
48283,2025,5,bottom,"Heavy Rain,Thunderstorm Wind",-35.069586471287394,3.6703540765100713,-5.694860464429747,2,24000.0,10.085850775128717,0.0,4.171763415656118,2.2803943080429465,6827050.312414288,3633661.147232314,96.82198261117246,2023
48283,2025,5,mid,"Heavy Rain,Thunderstorm Wind",-31.694924094294024,3.732648265929937,-8.84590909245298,2,24000.0,10.085850775128717,0.0,4.171763415656118,2.2803943080429465,6827050.312414288,3633661.147232314,96.82198261117246,2023
48283,2025,5,top,"Heavy Rain,Thunderstorm Wind",-16.641458902539327,2.418086747957601,-2.142409044086577,2,24000.0,10.085850775128717,0.0,4.171763415656118,2.2803943080429465,6827050.312414288,3633661.147232314,96.82198261117246,2023
48287,2022,3,bottom,Tornado,-12.169562808064697,1.7014532769663342,-0.3161755236357872,4,0.0,0.0,0.016666666666666666,50.01934954223633,2.63252751663208,3199317.4287846806,2680340.2926130844,45.6618509860221,2021
48287,2022,3,mid,Tornado,-9.761306840358927,1.438011040392352,-0.7740775095339055,4,0.0,0.0,0.016666666666666666,50.01934954223633,2.63252751663208,3199317.4287846806,2680340.2926130844,45.6618509860221,2021
48287,2022,3,top,Tornado,-0.9866592300634949,1.3613065959983606,-7.138870387638609,4,0.0,0.0,0.016666666666666666,50.01934954223633,2.63252751663208,3199317.4287846806,2680340.2926130844,45.6618509860221,2021
48289,2020,4,bottom,Thunderstorm Wind,-14.650710299776023,0.8862864622146268,1.5779870922301693,3,50000.0,10.819798284210286,0.013888888888888888,50.989398,2.5494699,4527230.808756274,3170939.83024,43.003547497,2020
48289,2020,4,mid,Thunderstorm Wind,-3.915558634295806,0.47847307461672994,1.001872710526854,3,50000.0,10.819798284210286,0.013888888888888888,50.989398,2.5494699,4527230.808756274,3170939.83024,43.003547497,2020
48289,2020,4,top,Thunderstorm Wind,-1.4584870110899288,0.2043066938579258,3.355275517825769,3,50000.0,10.819798284210286,0.013888888888888888,50.989398,2.5494699,4527230.808756274,3170939.83024,43.003547497,2020
48291,2021,5,bottom,"Flash Flood,Thunderstorm Wind,Tornado",-1.4015974056391656,1.0656588146729515,-8.385712276766062,11,600000.0,13.304686600863562,0.001388888888888889,50.7474,2.53737,23651919.715944048,26001330.09471198,28.261726448580646,2020
48291,2021,5,mid,"Flash Flood,Thunderstorm Wind,Tornado",0.35296656640902313,0.4422272530491205,-5.505288444197319,11,600000.0,13.304686600863562,0.001388888888888889,50.7474,2.53737,23651919.715944048,26001330.09471198,28.261726448580646,2020
48291,2021,5,top,"Flash Flood,Thunderstorm Wind,Tornado",-1.9130513131614322,0.4884937043383555,-4.235085304869652,11,600000.0,13.304686600863562,0.001388888888888889,50.7474,2.53737,23651919.715944048,26001330.09471198,28.261726448580646,2020
48291,2022,1,bottom,"Flash Flood,Tornado",-5.843930453794613,0.5820169618907106,3.262384133389451,9,0.0,0.0,0.3111111111111111,47.59522508583069,2.5325673813629153,31066380.715424106,31197885.389682557,36.96276098581389,2021
48291,2022,1,mid,"Flash Flood,Tornado",-6.6590263818886655,0.49262211143575957,2.5774509382044357,9,0.0,0.0,0.3111111111111111,47.59522508583069,2.5325673813629153,31066380.715424106,31197885.389682557,36.96276098581389,2021
48291,2022,1,top,"Flash Flood,Tornado",-12.64988203361473,1.0922953555830426,2.930158013140153,9,0.0,0.0,0.3111111111111111,47.59522508583069,2.5325673813629153,31066380.715424106,31197885.389682557,36.96276098581389,2021
48293,2024,6,bottom,Flash Flood,-4.142315595710372,0.7994487370940022,-1.8883265769676,4,20000.0,9.90353755128617,0.125,15.609632366320724,2.4060196965241034,12511803.190738413,7670038.153937237,93.21816298071732,2023
48293,2024,6,mid,Flash Flood,-7.0702917363893505,0.8102105372510234,-0.9486853156910561,4,20000.0,9.90353755128617,0.125,15.609632366320724,2.4060196965241034,12511803.190738413,7670038.153937237,93.21816298071732,2023
48293,2024,6,top,Flash Flood,-3.642719314994281,0.30040184509162476,1.2369447198737287,4,20000.0,9.90353755128617,0.125,15.609632366320724,2.4060196965241034,12511803.190738413,7670038.153937237,93.21816298071732,2023
48295,2023,8,bottom,Hail,-34.65036168904547,2.4216669070806307,10.142951736919315,2,0.0,0.0,0.001388888888888889,4.368799250627209,2.3460902546951203,4766536.960220117,3537016.738642545,61.550445954521784,2023
48295,2023,8,mid,Hail,-21.364296423016413,1.0019110216585594,3.270054148557719,2,0.0,0.0,0.001388888888888889,4.368799250627209,2.3460902546951203,4766536.960220117,3537016.738642545,61.550445954521784,2023
48295,2023,8,top,Hail,-15.307342511080975,0.7876767672888983,-5.021911886760397,2,0.0,0.0,0.001388888888888889,4.368799250627209,2.3460902546951203,4766536.960220117,3537016.738642545,61.550445954521784,2023
48297,2022,4,bottom,Thunderstorm Wind,-2.054119577983272,0.3065076459319321,7.661376218432167,1,0.0,0.0,0.001388888888888889,36.97839998211861,2.513680015010834,2074258.6450714355,1533980.6897121896,52.59818957647941,2021
48297,2022,4,mid,Thunderstorm Wind,-3.918946475009463,0.2490387230943119,5.846028111094185,1,0.0,0.0,0.001388888888888889,36.97839998211861,2.513680015010834,2074258.6450714355,1533980.6897121896,52.59818957647941,2021
48297,2022,4,top,Thunderstorm Wind,-4.998030851484657,0.26708409193996185,6.654587116451509,1,0.0,0.0,0.001388888888888889,36.97839998211861,2.513680015010834,2074258.6450714355,1533980.6897121896,52.59818957647941,2021
48321,2023,10,bottom,Thunderstorm Wind,8.644062877893731,1.2705707500653347,1.6195928506392694,1,0.0,0.0,0.0,47.285139368736566,2.5596413530639945,44120928.42662287,32746647.28291995,89.01907760105587,2023
48321,2023,10,mid,Thunderstorm Wind,10.849235948283706,1.0451297440392895,0.836427920759121,1,0.0,0.0,0.0,47.285139368736566,2.5596413530639945,44120928.42662287,32746647.28291995,89.01907760105587,2023
48321,2023,10,top,Thunderstorm Wind,8.088456447445068,0.6289299495866112,0.6321839732777145,1,0.0,0.0,0.0,47.285139368736566,2.5596413530639945,44120928.42662287,32746647.28291995,89.01907760105587,2023
48321,2025,6,bottom,"Flash Flood,Flood,Thunderstorm Wind",15.623215635584089,0.8762723944021105,-7.055920493589397,12,45000.0,10.714439990727769,4.604166666666667,53.899819791689254,2.5116197407070757,44541755.892405,33177840.91136003,76.47357456947444,2023
48321,2025,6,mid,"Flash Flood,Flood,Thunderstorm Wind",10.339452521596215,0.5613410348196326,-5.9154318145674365,12,45000.0,10.714439990727769,4.604166666666667,53.899819791689254,2.5116197407070757,44541755.892405,33177840.91136003,76.47357456947444,2023
48321,2025,6,top,"Flash Flood,Flood,Thunderstorm Wind",3.339081459464083,0.3491573295877314,-4.0007818873694845,12,45000.0,10.714439990727769,4.604166666666667,53.899819791689254,2.5116197407070757,44541755.892405,33177840.91136003,76.47357456947444,2023
48323,2023,4,bottom,Hail,46.04711769429237,4.069836652925629,-3.929300351119295,2,0.0,0.0,0.0,0.8032986537025341,2.2378740798611507,9051192.992459273,4799844.168757464,98.1534609725,2023
48323,2023,4,mid,Hail,32.18196574341299,3.188887987393908,0.9071146396294409,2,0.0,0.0,0.0,0.8032986537025341,2.2378740798611507,9051192.992459273,4799844.168757464,98.1534609725,2023
48323,2023,4,top,Hail,19.38825970162719,1.7669500179024376,-1.7509140511986818,2,0.0,0.0,0.0,0.8032986537025341,2.2378740798611507,9051192.992459273,4799844.168757464,98.1534609725,2023
48331,2024,6,bottom,Flash Flood,2.0539565840662704,0.6061945586210331,4.523440560970935,4,20000.0,9.90353755128617,0.036111111111111115,33.154859468282275,2.48067364386519,13756470.833754618,8677385.205888243,90.66804863196023,2023
48331,2024,6,mid,Flash Flood,1.657775476824682,0.49604911260883694,3.5138780664011384,4,20000.0,9.90353755128617,0.036111111111111115,33.154859468282275,2.48067364386519,13756470.833754618,8677385.205888243,90.66804863196023,2023
48331,2024,6,top,Flash Flood,0.8643303890814593,0.6160332178246714,1.3756882453574661,4,20000.0,9.90353755128617,0.036111111111111115,33.154859468282275,2.48067364386519,13756470.833754618,8677385.205888243,90.66804863196023,2023
48337,2024,3,bottom,Thunderstorm Wind,-9.06644819520615,1.4158506649743285,2.355427042078541,1,0.0,0.0,0.0,26.63275970619585,2.4663238475772817,12555704.57148763,10256857.263408348,64.01983943578303,2023
48337,2024,3,mid,Thunderstorm Wind,-15.457639878602535,1.7635356012552994,1.9606057915831627,1,0.0,0.0,0.0,26.63275970619585,2.4663238475772817,12555704.57148763,10256857.263408348,64.01983943578303,2023
48337,2024,3,top,Thunderstorm Wind,-4.810113620283403,0.33858683509584886,0.3235775288248135,1,0.0,0.0,0.0,26.63275970619585,2.4663238475772817,12555704.57148763,10256857.263408348,64.01983943578303,2023
48361,2022,7,bottom,Flash Flood,11.819880750566426,1.6643095762534381,4.270653611324074,4,0.0,0.0,0.5861111111111111,60.107999,2.7372769193374635,98800626.17422414,88382931.53672764,45.75211341821823,2021
48361,2022,7,mid,Flash Flood,17.3926913290548,1.8243665825095254,3.309167257088532,4,0.0,0.0,0.5861111111111111,60.107999,2.7372769193374635,98800626.17422414,88382931.53672764,45.75211341821823,2021
48361,2022,7,top,Flash Flood,17.32907513340004,1.8981390769096091,5.046764717010144,4,0.0,0.0,0.5861111111111111,60.107999,2.7372769193374635,98800626.17422414,88382931.53672764,45.75211341821823,2021
48373,2021,5,bottom,"Hail,Thunderstorm Wind",-5.189066572592566,1.8217659893996003,-0.7237704204312886,4,354000.0,12.777055016970678,0.005555555555555556,50.334802,2.5167401,20352418.503399044,14408844.532181699,41.86046511628954,2020
48373,2021,5,mid,"Hail,Thunderstorm Wind",-0.9876285293809559,0.912129295726628,-1.185411777983025,4,354000.0,12.777055016970678,0.005555555555555556,50.334802,2.5167401,20352418.503399044,14408844.532181699,41.86046511628954,2020
48373,2021,5,top,"Hail,Thunderstorm Wind",8.035281820159199,0.3830265592255799,-3.07549848420841,4,354000.0,12.777055016970678,0.005555555555555556,50.334802,2.5167401,20352418.503399044,14408844.532181699,41.86046511628954,2020
48373,2024,2,bottom,"Funnel Cloud,Hail",5.339837468714975,0.47429464726166803,-6.829066889671324,2,0.0,0.0,0.0,17.524071195956708,2.428446775366211,27486712.966932487,18500268.267914288,89.89658951619792,2023
48373,2024,2,mid,"Funnel Cloud,Hail",5.401515239062931,0.5956877083510194,-6.096272267502087,2,0.0,0.0,0.0,17.524071195956708,2.428446775366211,27486712.966932487,18500268.267914288,89.89658951619792,2023
48373,2024,2,top,"Funnel Cloud,Hail",6.2776533492548765,0.4605609077243306,-5.6702576234337885,2,0.0,0.0,0.0,17.524071195956708,2.428446775366211,27486712.966932487,18500268.267914288,89.89658951619792,2023
48373,2025,6,bottom,"Hail,Thunderstorm Wind",-4.133906270258052,0.895909395008451,5.356250355974339,2,35000.0,10.463131911491967,0.0,16.71544759195766,2.377279902372603,33948237.94576973,22830920.92318733,83.15708513350852,2023
48373,2025,6,mid,"Hail,Thunderstorm Wind",3.8912530196454895,0.42122926015087697,2.5205258815178695,2,35000.0,10.463131911491967,0.0,16.71544759195766,2.377279902372603,33948237.94576973,22830920.92318733,83.15708513350852,2023
48373,2025,6,top,"Hail,Thunderstorm Wind",3.0374080211989707,0.2992370839442434,-0.1907780406033576,2,35000.0,10.463131911491967,0.0,16.71544759195766,2.377279902372603,33948237.94576973,22830920.92318733,83.15708513350852,2023
48377,2023,8,bottom,Thunderstorm Wind,29.735598258045584,1.244562594709781,-8.437259399465058,1,0.0,0.0,0.003472222222222222,0.03991209751108353,1.949744546163367,2918971.456394851,1470359.8810977903,99.87198603361742,2023
48377,2023,8,mid,Thunderstorm Wind,31.222420168785774,1.6010886114350402,-9.170622498065802,1,0.0,0.0,0.003472222222222222,0.03991209751108353,1.949744546163367,2918971.456394851,1470359.8810977903,99.87198603361742,2023
48377,2023,8,top,Thunderstorm Wind,36.32841104470501,2.0747690664027187,-9.034360212092698,1,0.0,0.0,0.003472222222222222,0.03991209751108353,1.949744546163367,2918971.456394851,1470359.8810977903,99.87198603361742,2023
48389,2024,5,bottom,Hail,-26.137741931870934,3.631122406540673,-0.2578140091455812,1,0.0,0.0,0.003472222222222222,2.1977330832025834,2.276832227807336,5853783.258747219,4011406.8357900865,80.07295291242306,2023
48389,2024,5,mid,Hail,-15.84092157659201,2.420218705370778,0.4824242873115452,1,0.0,0.0,0.003472222222222222,2.1977330832025834,2.276832227807336,5853783.258747219,4011406.8357900865,80.07295291242306,2023
48389,2024,5,top,Hail,-4.618013963506485,1.3108279585056473,0.2143238315746411,1,0.0,0.0,0.003472222222222222,2.1977330832025834,2.276832227807336,5853783.258747219,4011406.8357900865,80.07295291242306,2023
48391,2022,9,bottom,Thunderstorm Wind,-25.982048198978987,2.8924133656258406,3.586432913721206,1,5000.0,8.517393171418904,0.006944444444444444,41.401799726837154,2.6069186830696105,9256574.015899934,5909528.042125544,79.89438901043427,2021
48391,2022,9,mid,Thunderstorm Wind,-23.286975825514887,2.758767710293734,2.4081246264478486,1,5000.0,8.517393171418904,0.006944444444444444,41.401799726837154,2.6069186830696105,9256574.015899934,5909528.042125544,79.89438901043427,2021
48391,2022,9,top,Thunderstorm Wind,-14.709315777660905,1.3927336387059694,3.4160301627031657,1,5000.0,8.517393171418904,0.006944444444444444,41.401799726837154,2.6069186830696105,9256574.015899934,5909528.042125544,79.89438901043427,2021
48407,2022,9,bottom,Thunderstorm Wind,-3.8308974060688286,0.8253169226372881,8.572999578325655,1,0.0,0.0,0.0,23.706824321525573,2.4130449066051485,15843348.710242324,12257846.577386241,59.30983046071944,2021
48407,2022,9,mid,Thunderstorm Wind,-4.6119089680853165,0.44569130649013966,6.7348920602414495,1,0.0,0.0,0.0,23.706824321525573,2.4130449066051485,15843348.710242324,12257846.577386241,59.30983046071944,2021
48407,2022,9,top,Thunderstorm Wind,-4.122911604248614,0.13266551313065017,5.141855864245879,1,0.0,0.0,0.0,23.706824321525573,2.4130449066051485,15843348.710242324,12257846.577386241,59.30983046071944,2021
48409,2023,8,bottom,Thunderstorm Wind,-14.278946781545983,0.4206995399829691,3.636861982125661,1,10000.0,9.210440366976517,0.0006944444444444445,48.579979575271366,2.57382880550833,43255222.02676984,30571325.749837037,91.1772737686198,2023
48409,2023,8,mid,Thunderstorm Wind,0.3651668594530406,0.6944996043944299,1.8017903955617385,1,10000.0,9.210440366976517,0.0006944444444444445,48.579979575271366,2.57382880550833,43255222.02676984,30571325.749837037,91.1772737686198,2023
48409,2023,8,top,Thunderstorm Wind,5.273334549420383,0.8520929308549835,1.0852678380794127,1,10000.0,9.210440366976517,0.0006944444444444445,48.579979575271366,2.57382880550833,43255222.02676984,30571325.749837037,91.1772737686198,2023
48417,2024,4,bottom,Thunderstorm Wind,12.353168581272556,1.0218236054942609,-3.0352512893319576,2,0.0,0.0,0.0,50.04212463505974,2.5460350808065075,2566239.0148838605,2196533.2287803865,49.13043633188447,2023
48417,2024,4,mid,Thunderstorm Wind,7.919694336859919,1.005658253731311,-3.344891115278093,2,0.0,0.0,0.0,50.04212463505974,2.5460350808065075,2566239.0148838605,2196533.2287803865,49.13043633188447,2023
48417,2024,4,top,Thunderstorm Wind,3.983920541938218,0.6614214209604921,-3.879212289428068,2,0.0,0.0,0.0,50.04212463505974,2.5460350808065075,2566239.0148838605,2196533.2287803865,49.13043633188447,2023
48427,2025,5,bottom,Hail,40.85919054639484,4.27103709227726,-12.4753885074051,4,0.0,0.0,0.0,0.3435361230876177,2.115115575229122,50064424.31964391,25843970.16332908,97.34741274057114,2023
48427,2025,5,mid,Hail,13.983050017466184,2.366337049667347,0.6726776352007704,4,0.0,0.0,0.0,0.3435361230876177,2.115115575229122,50064424.31964391,25843970.16332908,97.34741274057114,2023
48427,2025,5,top,Hail,1.5243952577531985,0.7083299030833624,3.3567848256168986,4,0.0,0.0,0.0,0.3435361230876177,2.115115575229122,50064424.31964391,25843970.16332908,97.34741274057114,2023
48445,2020,6,bottom,Thunderstorm Wind,21.2657561793159,1.4081891756808658,-6.610359005899184,1,0.0,0.0,0.006944444444444444,52.1168,2.60584,13957943.655716052,8902016.18457,48.0882932598,2020
48445,2020,6,mid,Thunderstorm Wind,11.238061185136687,0.8079277990918727,-3.7936381752328336,1,0.0,0.0,0.006944444444444444,52.1168,2.60584,13957943.655716052,8902016.18457,48.0882932598,2020
48445,2020,6,top,Thunderstorm Wind,5.089270776885527,0.8354025232606094,1.2570564097981958,1,0.0,0.0,0.006944444444444444,52.1168,2.60584,13957943.655716052,8902016.18457,48.0882932598,2020
48447,2024,4,bottom,Hail,-28.523543646122704,2.8479809232059403,10.102400471050464,2,0.0,0.0,0.0,61.086931389679165,2.588263620031531,1761539.9391926615,1513505.6210901043,46.92994879966027,2023
48447,2024,4,mid,Hail,-48.724710390787166,4.364610145710607,8.968568150830274,2,0.0,0.0,0.0,61.086931389679165,2.588263620031531,1761539.9391926615,1513505.6210901043,46.92994879966027,2023
48447,2024,4,top,Hail,-15.509603576305892,1.8098266007937753,5.717906919047716,2,0.0,0.0,0.0,61.086931389679165,2.588263620031531,1761539.9391926615,1513505.6210901043,46.92994879966027,2023
48455,2022,3,bottom,Hail,-18.76199379967686,1.1557331672267763,4.483106984201484,3,15000.0,9.61587214452889,0.0,38.854249966621396,2.446567720794678,4097332.690161853,2463604.9751827037,65.80146516717978,2021
48455,2022,3,mid,Hail,-16.434096465254626,1.19348565777196,0.263188095614737,3,15000.0,9.61587214452889,0.0,38.854249966621396,2.446567720794678,4097332.690161853,2463604.9751827037,65.80146516717978,2021
48455,2022,3,top,Hail,-14.290091399999199,1.0625735755123906,-0.062298390419561166,3,15000.0,9.61587214452889,0.0,38.854249966621396,2.446567720794678,4097332.690161853,2463604.9751827037,65.80146516717978,2021
48457,2021,5,bottom,"Hail,Thunderstorm Wind",24.622918536045333,2.0851922311055713,-0.7526811202087913,2,0.0,0.0,0.0,50.064802,2.5032401,6825190.280635411,6402164.659398263,33.10997240837816,2020
48457,2021,5,mid,"Hail,Thunderstorm Wind",20.55660131046139,2.105930622360811,-1.541809491015087,2,0.0,0.0,0.0,50.064802,2.5032401,6825190.280635411,6402164.659398263,33.10997240837816,2020
48457,2021,5,top,"Hail,Thunderstorm Wind",18.03350246033949,1.7821940344350062,-2.7228915488596925,2,0.0,0.0,0.0,50.064802,2.5032401,6825190.280635411,6402164.659398263,33.10997240837816,2020
48471,2024,2,bottom,"Flood,Hail,Thunderstorm Wind",-6.4098667276986845,0.5112270328594399,-1.319968537784182,10,0.0,0.0,0.6666666666666666,20.355759728248085,2.441538123626953,25071155.569945227,18722466.758565105,79.75472617438803,2023
48471,2024,2,mid,"Flood,Hail,Thunderstorm Wind",-3.909554965081952,0.2773266781226861,-1.5409610130433673,10,0.0,0.0,0.6666666666666666,20.355759728248085,2.441538123626953,25071155.569945227,18722466.758565105,79.75472617438803,2023
48471,2024,2,top,"Flood,Hail,Thunderstorm Wind",2.427063289487947,0.21416091721461844,-1.037725440020651,10,0.0,0.0,0.6666666666666666,20.355759728248085,2.441538123626953,25071155.569945227,18722466.758565105,79.75472617438803,2023
48473,2022,8,bottom,Thunderstorm Wind,11.78264149044432,1.1352300189590745,0.61586787841622,1,0.0,0.0,0.0,42.849536281677246,2.536654840998459,16939791.29369701,14492110.3403391,61.61661482007662,2021
48473,2022,8,mid,Thunderstorm Wind,9.271514254788443,0.8424045841202091,0.29007377462915923,1,0.0,0.0,0.0,42.849536281677246,2.536654840998459,16939791.29369701,14492110.3403391,61.61661482007662,2021
48473,2022,8,top,Thunderstorm Wind,13.566561037953335,1.1402325135577047,1.0116263722559609,1,0.0,0.0,0.0,42.849536281677246,2.536654840998459,16939791.29369701,14492110.3403391,61.61661482007662,2021
48477,2021,6,bottom,Thunderstorm Wind,-2.017595974196567,0.10474976839309075,2.0096116120303265,1,0.0,0.0,0.0,52.9742,2.64871,8453873.809482455,6742015.538946588,40.047299960590294,2020
48477,2021,6,mid,Thunderstorm Wind,-5.9125929987787345,0.3526041946926032,2.099977852327219,1,0.0,0.0,0.0,52.9742,2.64871,8453873.809482455,6742015.538946588,40.047299960590294,2020
48477,2021,6,top,Thunderstorm Wind,7.4137648935096365,1.0230710685256452,4.677273009022116,1,0.0,0.0,0.0,52.9742,2.64871,8453873.809482455,6742015.538946588,40.047299960590294,2020
48479,2021,5,bottom,"Flash Flood,Thunderstorm Wind",67.96876774700422,5.510058318721596,-1.8759643276904445,8,250000.0,12.429220196836383,0.0,50.0664,2.50332,6776799.1166133955,3584181.457247342,72.60543949548355,2020
48479,2021,5,mid,"Flash Flood,Thunderstorm Wind",60.2484823684664,5.11501340938205,-2.0692534774783318,8,250000.0,12.429220196836383,0.0,50.0664,2.50332,6776799.1166133955,3584181.457247342,72.60543949548355,2020
48479,2021,5,top,"Flash Flood,Thunderstorm Wind",20.641752371172373,2.1543291380848935,4.816285126942058,8,250000.0,12.429220196836383,0.0,50.0664,2.50332,6776799.1166133955,3584181.457247342,72.60543949548355,2020
48483,2024,6,bottom,Flood,-29.008175258543318,1.6450111125128888,3.4347369973214605,4,0.0,0.0,0.06944444444444445,19.961711482926706,2.428379380983221,9878653.570052797,6565584.805752649,81.48716944731889,2023
48483,2024,6,mid,Flood,-41.41646921463615,3.567292298458502,0.839016069673832,4,0.0,0.0,0.06944444444444445,19.961711482926706,2.428379380983221,9878653.570052797,6565584.805752649,81.48716944731889,2023
48483,2024,6,top,Flood,-27.340207462396748,2.0079282559820406,0.8359329327363506,4,0.0,0.0,0.06944444444444445,19.961711482926706,2.428379380983221,9878653.570052797,6565584.805752649,81.48716944731889,2023
48485,2022,6,bottom,Thunderstorm Wind,14.411439397827195,1.1580736645356116,-8.290593879448261,6,0.0,0.0,0.0,47.66047560081482,2.676073064856529,17239096.517374802,14460548.196194012,57.97529372541182,2021
48485,2022,6,mid,Thunderstorm Wind,9.561555899205956,1.3289224074135013,-1.5008546271789243,6,0.0,0.0,0.0,47.66047560081482,2.676073064856529,17239096.517374802,14460548.196194012,57.97529372541182,2021
48485,2022,6,top,Thunderstorm Wind,10.452479421712866,1.516822761785881,0.1706118656843311,6,0.0,0.0,0.0,47.66047560081482,2.676073064856529,17239096.517374802,14460548.196194012,57.97529372541182,2021
48501,2020,7,bottom,Thunderstorm Wind,22.94763094748798,2.5652907641412,-0.7476146739723077,1,0.0,0.0,0.003472222222222222,49.254198,2.4627099,7681557.835889124,5666826.4754,39.5743003547,2020
48501,2020,7,mid,Thunderstorm Wind,16.817671292935785,1.4005588802532623,-2.692751968234172,1,0.0,0.0,0.003472222222222222,49.254198,2.4627099,7681557.835889124,5666826.4754,39.5743003547,2020
48501,2020,7,top,Thunderstorm Wind,0.733128675811642,0.2939723550846997,-1.603303127506886,1,0.0,0.0,0.003472222222222222,49.254198,2.4627099,7681557.835889124,5666826.4754,39.5743003547,2020
48507,2022,5,bottom,Hail,30.723140103653776,3.913940468040113,-9.40651491925459,2,0.0,0.0,0.0,32.33812371066094,2.4438730806961058,5339402.064552557,2852096.258309018,83.52193869123508,2021
48507,2022,5,mid,Hail,24.29736506633033,2.950759168980597,-7.055760038899597,2,0.0,0.0,0.0,32.33812371066094,2.4438730806961058,5339402.064552557,2852096.258309018,83.52193869123508,2021
48507,2022,5,top,Hail,8.011470351637215,1.1407090841790801,-2.1738858534501353,2,0.0,0.0,0.0,32.33812371066094,2.4438730806961058,5339402.064552557,2852096.258309018,83.52193869123508,2021
48507,2024,5,bottom,Hail,14.987787803223313,1.1335969924966525,10.964448928210421,2,0.0,0.0,0.0,3.2614017439031944,2.29847677648291,10814298.00426659,5786522.461931682,95.6906614018685,2023
48507,2024,5,mid,Hail,10.566446044240138,0.9203009035840105,10.51176880650913,2,0.0,0.0,0.0,3.2614017439031944,2.29847677648291,10814298.00426659,5786522.461931682,95.6906614018685,2023
48507,2024,5,top,Hail,4.686387474390287,0.5660390159276663,6.151473127998855,2,0.0,0.0,0.0,3.2614017439031944,2.29847677648291,10814298.00426659,5786522.461931682,95.6906614018685,2023
49001,2020,7,bottom,Thunderstorm Wind,-16.86711888787545,1.444287841903273,1.4970135226035097,1,0.0,0.0,0.0,55.194802,2.7597401,1517428.5565882723,1726163.96473,29.4442254631,2020
49001,2020,7,mid,Thunderstorm Wind,-12.162875982103486,1.0888746962288411,-0.11477429566196899,1,0.0,0.0,0.0,55.194802,2.7597401,1517428.5565882723,1726163.96473,29.4442254631,2020
49001,2020,7,top,Thunderstorm Wind,-4.681389243068367,0.4710737266227501,-0.14664803620762257,1,0.0,0.0,0.0,55.194802,2.7597401,1517428.5565882723,1726163.96473,29.4442254631,2020
49005,2021,5,bottom,Hail,-4.055374401010312,0.3183709219053615,4.174717636189745,1,0.0,0.0,0.0,55.581198,2.7790599,7906910.085508563,11055629.21773191,22.388648009479997,2020
49005,2021,5,mid,Hail,-6.038782384139225,0.3267736657026577,4.6986060184764495,1,0.0,0.0,0.0,55.581198,2.7790599,7906910.085508563,11055629.21773191,22.388648009479997,2020
49005,2021,5,top,Hail,-7.00143832068774,0.30492501206276,4.964171962805244,1,0.0,0.0,0.0,55.581198,2.7790599,7906910.085508563,11055629.21773191,22.388648009479997,2020
49007,2022,6,bottom,"Flash Flood,Hail",10.597754960667345,0.7577841514600993,-1.449834103867687,5,0.0,0.0,0.25,56.42536110797119,2.7048886811328887,2358567.174098686,2062325.740392247,46.49617076145649,2021
49007,2022,6,mid,"Flash Flood,Hail",3.1232470574111346,0.26048647000126585,-0.7430147448769636,5,0.0,0.0,0.25,56.42536110797119,2.7048886811328887,2358567.174098686,2062325.740392247,46.49617076145649,2021
49007,2022,6,top,"Flash Flood,Hail",3.8481318852812905,0.2735968065385943,-0.43135427676068144,5,0.0,0.0,0.25,56.42536110797119,2.7048886811328887,2358567.174098686,2062325.740392247,46.49617076145649,2021
49011,2020,5,bottom,Thunderstorm Wind,-6.409383063608487,0.7297635089080785,0.4007385631296927,2,0.0,0.0,0.0,56.300002,2.8150001,15122364.10235672,24777160.6078,14.1505715412,2020
49011,2020,5,mid,Thunderstorm Wind,-6.889508059156881,0.8632313316649912,-0.2557880867403431,2,0.0,0.0,0.0,56.300002,2.8150001,15122364.10235672,24777160.6078,14.1505715412,2020
49011,2020,5,top,Thunderstorm Wind,-9.330374831533007,1.093730930421761,0.03131103656204459,2,0.0,0.0,0.0,56.300002,2.8150001,15122364.10235672,24777160.6078,14.1505715412,2020
49011,2022,7,bottom,Thunderstorm Wind,-8.738031719915554,0.45892945314128075,0.5869772720390785,1,0.0,0.0,0.0,77.30499977929688,2.8386910175598143,44734172.61406018,53374265.35138596,10.370285846889137,2021
49011,2022,7,mid,Thunderstorm Wind,-5.0082818230790025,0.24093097038416256,0.5188559944986982,1,0.0,0.0,0.0,77.30499977929688,2.8386910175598143,44734172.61406018,53374265.35138596,10.370285846889137,2021
49011,2022,7,top,Thunderstorm Wind,-2.3505061722814276,0.4547864389495806,0.13418747031899633,1,0.0,0.0,0.0,77.30499977929688,2.8386910175598143,44734172.61406018,53374265.35138596,10.370285846889137,2021
49013,2025,6,bottom,Thunderstorm Wind,-3.5064066249076973,0.32728599048799495,-3.029543775142988,1,0.0,0.0,0.0,33.474837002036146,2.444093706801602,3906746.352745802,4835970.5367897125,19.40824402576527,2023
49013,2025,6,mid,Thunderstorm Wind,-4.490614890187345,0.2593415553580594,-0.9291352162927069,1,0.0,0.0,0.0,33.474837002036146,2.444093706801602,3906746.352745802,4835970.5367897125,19.40824402576527,2023
49013,2025,6,top,Thunderstorm Wind,-9.979933533883866,0.5378813589997294,1.2185480799067865,1,0.0,0.0,0.0,33.474837002036146,2.444093706801602,3906746.352745802,4835970.5367897125,19.40824402576527,2023
49019,2023,6,bottom,Thunderstorm Wind,7.322055404020105,0.9767534548159623,-0.9210379481512803,1,0.0,0.0,0.0,41.399768817874254,2.551636531478227,2233483.228852531,1823727.3739794516,55.70020957625355,2023
49019,2023,6,mid,Thunderstorm Wind,-6.227151673366862,0.7168573911797856,3.0873674992296665,1,0.0,0.0,0.0,41.399768817874254,2.551636531478227,2233483.228852531,1823727.3739794516,55.70020957625355,2023
49019,2023,6,top,Thunderstorm Wind,-14.093080144141751,1.6652504743080627,4.238075217905821,1,0.0,0.0,0.0,41.399768817874254,2.551636531478227,2233483.228852531,1823727.3739794516,55.70020957625355,2023
49023,2022,7,bottom,"Hail,Thunderstorm Wind",-0.004439027135830997,0.24000546185219512,4.143619970215373,2,0.0,0.0,0.0,70.24190045776368,2.7995090491485595,4605850.974086866,4271450.016735926,23.528738972893557,2021
49023,2022,7,mid,"Hail,Thunderstorm Wind",-2.6073697208604756,0.11562442165527849,3.1825725993593132,2,0.0,0.0,0.0,70.24190045776368,2.7995090491485595,4605850.974086866,4271450.016735926,23.528738972893557,2021
49023,2022,7,top,"Hail,Thunderstorm Wind",-1.3185237761412623,0.4120504022361144,2.6026137866361885,2,0.0,0.0,0.0,70.24190045776368,2.7995090491485595,4605850.974086866,4271450.016735926,23.528738972893557,2021
49025,2020,7,bottom,Flash Flood,-8.941474232201458,1.1955221220747467,-2.3363324533772576,4,0.0,0.0,0.2777777777777778,53.689398,2.6844699,1136357.120684208,906945.460858,40.5597162002,2020
49025,2020,7,mid,Flash Flood,-8.468595814108042,0.9348326041394946,-1.7668503123685184,4,0.0,0.0,0.2777777777777778,53.689398,2.6844699,1136357.120684208,906945.460858,40.5597162002,2020
49025,2020,7,top,Flash Flood,-6.972432963660111,0.6946187941551326,-0.8935432411097016,4,0.0,0.0,0.2777777777777778,53.689398,2.6844699,1136357.120684208,906945.460858,40.5597162002,2020
49027,2020,5,bottom,Thunderstorm Wind,-26.768444549601284,2.393764690235774,3.6321243966426047,2,0.0,0.0,0.0,54.1712,2.70856,1507024.9367877338,1435111.87502,35.3961371699,2020
49027,2020,5,mid,Thunderstorm Wind,-11.458792199210805,1.0057683927533807,-0.38335644036347105,2,0.0,0.0,0.0,54.1712,2.70856,1507024.9367877338,1435111.87502,35.3961371699,2020
49027,2020,5,top,Thunderstorm Wind,-2.485818369206328,0.42367185795431983,-0.9982265120348947,2,0.0,0.0,0.0,54.1712,2.70856,1507024.9367877338,1435111.87502,35.3961371699,2020
49033,2025,5,bottom,Thunderstorm Wind,20.2338374095402,1.2484033342749903,-6.660936528222209,1,0.0,0.0,0.003472222222222222,40.103858140340535,2.470145538018858,1196999.7136999872,1490968.8460533991,11.259050018754955,2023
49033,2025,5,mid,Thunderstorm Wind,11.94864602862063,0.7557218877385496,-2.129621088634982,1,0.0,0.0,0.003472222222222222,40.103858140340535,2.470145538018858,1196999.7136999872,1490968.8460533991,11.259050018754955,2023
49033,2025,5,top,Thunderstorm Wind,10.831199787080337,0.6789103865434976,0.23265879618680194,1,0.0,0.0,0.003472222222222222,40.103858140340535,2.470145538018858,1196999.7136999872,1490968.8460533991,11.259050018754955,2023
49035,2023,9,bottom,Flash Flood,0.9650395264517329,0.11792532140716043,0.9279721583576664,4,60000.0,11.002116507732017,0.5,75.35890979577125,2.670648382482699,365170160.9230848,371764279.900777,37.628802632094285,2023
49035,2023,9,mid,Flash Flood,-0.7069468580250486,0.13569507594555294,0.846053445441863,4,60000.0,11.002116507732017,0.5,75.35890979577125,2.670648382482699,365170160.9230848,371764279.900777,37.628802632094285,2023
49035,2023,9,top,Flash Flood,-3.4908842396587687,0.24338833052087863,-0.5263344929991453,4,60000.0,11.002116507732017,0.5,75.35890979577125,2.670648382482699,365170160.9230848,371764279.900777,37.628802632094285,2023
49039,2020,6,bottom,Thunderstorm Wind,-4.115687832466591,0.6529894439725227,-6.929263874271655,2,0.0,0.0,0.0,54.0482,2.70241,2771556.9101773305,3376860.34578,26.5273945605,2020
49039,2020,6,mid,Thunderstorm Wind,3.8518584552247006,0.8598142576987832,-6.482752847573849,2,0.0,0.0,0.0,54.0482,2.70241,2771556.9101773305,3376860.34578,26.5273945605,2020
49039,2020,6,top,Thunderstorm Wind,2.137106118374547,0.5590382595696062,-4.732323812422304,2,0.0,0.0,0.0,54.0482,2.70241,2771556.9101773305,3376860.34578,26.5273945605,2020
49043,2020,6,bottom,Thunderstorm Wind,-7.446952029151575,0.5599402389017848,0.17023408316043268,1,0.0,0.0,0.0,53.427,2.67135,4220571.296104954,7416294.48944,7.56799369334,2020
49043,2020,6,mid,Thunderstorm Wind,-8.759240178247126,0.6091171145358014,0.7571773017824484,1,0.0,0.0,0.0,53.427,2.67135,4220571.296104954,7416294.48944,7.56799369334,2020
49043,2020,6,top,Thunderstorm Wind,-5.851181647454197,0.4892789427516825,0.9066106982778118,1,0.0,0.0,0.0,53.427,2.67135,4220571.296104954,7416294.48944,7.56799369334,2020
49047,2025,7,bottom,Thunderstorm Wind,-5.729066246426413,0.32700613894088393,-0.4322508938485849,1,0.0,0.0,0.020833333333333332,30.633514719614592,2.429894325707923,2730209.919933591,3451696.3050674684,18.57137817925071,2023
49047,2025,7,mid,Thunderstorm Wind,-2.8021489216103106,0.3608295515832154,-0.6561224062308213,1,0.0,0.0,0.020833333333333332,30.633514719614592,2.429894325707923,2730209.919933591,3451696.3050674684,18.57137817925071,2023
49047,2025,7,top,Thunderstorm Wind,-0.13235064656218753,0.46110565514456336,-1.037952330532453,1,0.0,0.0,0.020833333333333332,30.633514719614592,2.429894325707923,2730209.919933591,3451696.3050674684,18.57137817925071,2023
49051,2025,5,bottom,Thunderstorm Wind,1.4119219517589698,0.3427841774356796,0.5496542514309463,1,1000.0,6.90875477931522,0.003472222222222222,82.39899851022261,2.6156497195472674,9983346.868941043,14554060.616236739,9.752989432923805,2023
49051,2025,5,mid,Thunderstorm Wind,-4.458783288198276,0.3269182240278967,0.4897362495580211,1,1000.0,6.90875477931522,0.003472222222222222,82.39899851022261,2.6156497195472674,9983346.868941043,14554060.616236739,9.752989432923805,2023
49051,2025,5,top,Thunderstorm Wind,-5.6556953031477235,0.3954591560540467,0.7252955179103395,1,1000.0,6.90875477931522,0.003472222222222222,82.39899851022261,2.6156497195472674,9983346.868941043,14554060.616236739,9.752989432923805,2023
49053,2023,9,bottom,Flash Flood,6.534574185098762,0.3936306790115461,-1.4891249035699066,6,0.0,0.0,0.75,48.828835391402656,2.5716888665833295,117315345.85554518,115971938.34574617,41.69085832484464,2023
49053,2023,9,mid,Flash Flood,1.1813491670430523,0.08525476498338543,-1.370731008513393,6,0.0,0.0,0.75,48.828835391402656,2.5716888665833295,117315345.85554518,115971938.34574617,41.69085832484464,2023
49053,2023,9,top,Flash Flood,-0.7539364961959336,0.26594176931793917,-3.2022723916855256,6,0.0,0.0,0.75,48.828835391402656,2.5716888665833295,117315345.85554518,115971938.34574617,41.69085832484464,2023
50007,2023,9,bottom,Thunderstorm Wind,-3.4038111471291472,0.2514962202497509,1.9184750511267339,2,2000.0,7.601402334583733,0.0,91.96698788694283,2.753636883232178,8261367.589300763,11328166.955216562,19.37516514485618,2023
50007,2023,9,mid,Thunderstorm Wind,-4.580548753735201,0.3267202085964408,1.2744015076196433,2,2000.0,7.601402334583733,0.0,91.96698788694283,2.753636883232178,8261367.589300763,11328166.955216562,19.37516514485618,2023
50007,2023,9,top,Thunderstorm Wind,-3.112528742065848,0.2882079709915488,-0.041063009552180084,2,2000.0,7.601402334583733,0.0,91.96698788694283,2.753636883232178,8261367.589300763,11328166.955216562,19.37516514485618,2023
50011,2021,10,bottom,Thunderstorm Wind,1.0740035704632334,0.21867332897627387,0.6835751438836676,2,7000.0,8.853808274977197,0.001388888888888889,58.137998,2.9068999,1628157.2610491826,2166522.4109203205,25.344895545918682,2020
50011,2021,10,mid,Thunderstorm Wind,1.1441828790650561,0.062483478107460244,1.8106750998469987,2,7000.0,8.853808274977197,0.001388888888888889,58.137998,2.9068999,1628157.2610491826,2166522.4109203205,25.344895545918682,2020
50011,2021,10,top,Thunderstorm Wind,1.610659245246282,0.14341144722623705,2.6300283151606294,2,7000.0,8.853808274977197,0.001388888888888889,58.137998,2.9068999,1628157.2610491826,2166522.4109203205,25.344895545918682,2020
50017,2023,9,bottom,Thunderstorm Wind,-1.2453596844915467,0.16269001074364425,0.9125505979639049,1,10000.0,9.210440366976517,0.0,59.58692268373347,2.611719296077914,3828552.4216379933,4180611.9952946384,13.283314858483887,2023
50017,2023,9,mid,Thunderstorm Wind,-1.9288072782317585,0.10687655914493291,0.5120210033684174,1,10000.0,9.210440366976517,0.0,59.58692268373347,2.611719296077914,3828552.4216379933,4180611.9952946384,13.283314858483887,2023
50017,2023,9,top,Thunderstorm Wind,-1.6582316220774658,0.11003687820603175,0.7624617161355616,1,10000.0,9.210440366976517,0.0,59.58692268373347,2.611719296077914,3828552.4216379933,4180611.9952946384,13.283314858483887,2023
50023,2023,9,bottom,Thunderstorm Wind,-5.3124228461807945,0.20953051188446997,1.2139673448730595,2,10000.0,9.210440366976517,0.0,91.43122824766613,2.7493719249934303,9447451.85516533,10309135.50998376,18.496416465466087,2023
50023,2023,9,mid,Thunderstorm Wind,-4.253543156488973,0.2831111252456914,0.42631061447081703,2,10000.0,9.210440366976517,0.0,91.43122824766613,2.7493719249934303,9447451.85516533,10309135.50998376,18.496416465466087,2023
50023,2023,9,top,Thunderstorm Wind,0.8567177140402293,0.5070637041178159,-1.0975093871331676,2,10000.0,9.210440366976517,0.0,91.43122824766613,2.7493719249934303,9447451.85516533,10309135.50998376,18.496416465466087,2023
50027,2023,9,bottom,Thunderstorm Wind,-4.4184852381536075,0.2574413374462083,1.4654639871548436,1,10000.0,9.210440366976517,0.0,67.91672449687717,2.6424962706031825,10480202.379571663,10760312.810460817,15.488785596665705,2023
50027,2023,9,mid,Thunderstorm Wind,-1.1176042875889465,0.21513639884753924,-0.41014395639927176,1,10000.0,9.210440366976517,0.0,67.91672449687717,2.6424962706031825,10480202.379571663,10760312.810460817,15.488785596665705,2023
50027,2023,9,top,Thunderstorm Wind,0.3309787132164388,0.25815903781494665,-0.9255068686331782,1,10000.0,9.210440366976517,0.0,67.91672449687717,2.6424962706031825,10480202.379571663,10760312.810460817,15.488785596665705,2023
51023,2023,7,bottom,"Lightning,Thunderstorm Wind",2.1804765240145656,1.2536868011261213,4.048787627993112,4,21500.0,9.975854724662028,0.0,80.20174275125514,2.696877238853042,2137414.719791231,2489733.88357483,2.5135676920875594,2023
51023,2023,7,mid,"Lightning,Thunderstorm Wind",10.678132614704666,0.5221749011985188,0.4771917474672496,4,21500.0,9.975854724662028,0.0,80.20174275125514,2.696877238853042,2137414.719791231,2489733.88357483,2.5135676920875594,2023
51023,2023,7,top,"Lightning,Thunderstorm Wind",-2.169159004144575,0.8225295631039563,-0.21115530000974067,4,21500.0,9.975854724662028,0.0,80.20174275125514,2.696877238853042,2137414.719791231,2489733.88357483,2.5135676920875594,2023
51053,2023,6,bottom,"Hail,Thunderstorm Wind",-0.23341070719317258,2.4457180046430054,9.604918954057956,5,6000.0,8.699681400989514,0.0,46.55866130093803,2.574816496933616,3447437.721736082,3138052.4719406078,44.98269664604403,2023
51053,2023,6,mid,"Hail,Thunderstorm Wind",-6.877989600116237,0.7391174499826574,7.5970190745372435,5,6000.0,8.699681400989514,0.0,46.55866130093803,2.574816496933616,3447437.721736082,3138052.4719406078,44.98269664604403,2023
51053,2023,6,top,"Hail,Thunderstorm Wind",4.57082967492201,0.3742728200742455,4.558314885601807,5,6000.0,8.699681400989514,0.0,46.55866130093803,2.574816496933616,3447437.721736082,3138052.4719406078,44.98269664604403,2023
51073,2023,6,bottom,Hail,-0.25677581054912935,0.29074226563376704,-0.332845043167912,1,0.0,0.0,0.0,72.48752875485796,2.6710132323984155,10196038.675795086,10726689.936374461,7.864122033235529,2023
51073,2023,6,mid,Hail,2.0247237559634357,0.14180444776234488,-0.14625598187454614,1,0.0,0.0,0.0,72.48752875485796,2.6710132323984155,10196038.675795086,10726689.936374461,7.864122033235529,2023
51073,2023,6,top,Hail,4.3425149784035995,0.32152278052438643,-0.3654155431935493,1,0.0,0.0,0.0,72.48752875485796,2.6710132323984155,10196038.675795086,10726689.936374461,7.864122033235529,2023
51077,2025,6,bottom,Thunderstorm Wind,8.767352173378697,0.6309998247068127,0.9373654635168313,3,7000.0,8.853808274977197,0.0,18.433240735638396,2.3843844261734732,7308994.427691191,4987541.7761920635,75.82695372558238,2023
51077,2025,6,mid,Thunderstorm Wind,13.547455946777589,0.6350053355902078,-1.0259723004404389,3,7000.0,8.853808274977197,0.0,18.433240735638396,2.3843844261734732,7308994.427691191,4987541.7761920635,75.82695372558238,2023
51077,2025,6,top,Thunderstorm Wind,18.238318054121223,1.1082191939807045,0.4178553034708064,3,7000.0,8.853808274977197,0.0,18.433240735638396,2.3843844261734732,7308994.427691191,4987541.7761920635,75.82695372558238,2023
51081,2023,6,bottom,Hail,22.171176123180174,3.408435530456473,4.725116520673623,1,0.0,0.0,0.0,31.398912792042562,2.513725479673873,2910651.3061559713,1918399.9048007277,77.79271228390625,2023
51081,2023,6,mid,Hail,4.078624973945907,1.243172825688282,4.964869672162081,1,0.0,0.0,0.0,31.398912792042562,2.513725479673873,2910651.3061559713,1918399.9048007277,77.79271228390625,2023
51081,2023,6,top,Hail,3.63220811681299,0.7413278824488121,3.3391317817334993,1,0.0,0.0,0.0,31.398912792042562,2.513725479673873,2910651.3061559713,1918399.9048007277,77.79271228390625,2023
51097,2023,6,bottom,Hail,-20.543922411278828,2.4121171150079177,-4.57784076265941,1,0.0,0.0,0.0,52.0838316441575,2.594367700035733,4463515.219396477,4577015.826494022,11.768702272660468,2023
51097,2023,6,mid,Hail,-9.823015596784344,1.1004874272815053,-4.110179192559495,1,0.0,0.0,0.0,52.0838316441575,2.594367700035733,4463515.219396477,4577015.826494022,11.768702272660468,2023
51097,2023,6,top,Hail,0.42101853452450655,0.3413815250075258,2.823259297930278,1,0.0,0.0,0.0,52.0838316441575,2.594367700035733,4463515.219396477,4577015.826494022,11.768702272660468,2023
51115,2021,8,bottom,"Flash Flood,Thunderstorm Wind",10.478013420110457,1.0539164934144223,-1.6931256902316107,9,2000.0,7.601402334583733,0.7527777777777778,58.8064,2.94032,3259156.661977616,2644428.591188186,43.98896334252291,2020
51115,2021,8,mid,"Flash Flood,Thunderstorm Wind",-2.3240176710632454,0.6809925173520432,5.470415448682014,9,2000.0,7.601402334583733,0.7527777777777778,58.8064,2.94032,3259156.661977616,2644428.591188186,43.98896334252291,2020
51115,2021,8,top,"Flash Flood,Thunderstorm Wind",-18.799571795405257,1.1248313533041157,6.6418869821135855,9,2000.0,7.601402334583733,0.7527777777777778,58.8064,2.94032,3259156.661977616,2644428.591188186,43.98896334252291,2020
51115,2023,6,bottom,Hail,8.979263149450887,0.9826620563157045,2.6484952581660033,2,0.0,0.0,0.0,84.58528882674588,2.7240201403629705,8554962.478436617,8103363.233551242,18.796483888957297,2023
51115,2023,6,mid,Hail,11.201361772253165,1.30392087699882,1.3881539417022282,2,0.0,0.0,0.0,84.58528882674588,2.7240201403629705,8554962.478436617,8103363.233551242,18.796483888957297,2023
51115,2023,6,top,Hail,17.066899406505854,2.2085250009064072,1.3096895768466748,2,0.0,0.0,0.0,84.58528882674588,2.7240201403629705,8554962.478436617,8103363.233551242,18.796483888957297,2023
51127,2023,6,bottom,Thunderstorm Wind,-9.576007607799824,0.6028706243567514,0.2990118802279416,1,2000.0,7.601402334583733,0.0,84.91841369388888,2.725976415494629,4247269.187668068,5111863.336798067,2.1780245351720913,2023
51127,2023,6,mid,Thunderstorm Wind,2.2844653255603617,0.3241895370858138,1.9213327001558678,1,2000.0,7.601402334583733,0.0,84.91841369388888,2.725976415494629,4247269.187668068,5111863.336798067,2.1780245351720913,2023
51127,2023,6,top,Thunderstorm Wind,6.046091532201643,0.6163404649772013,2.268222689896286,1,2000.0,7.601402334583733,0.0,84.91841369388888,2.725976415494629,4247269.187668068,5111863.336798067,2.1780245351720913,2023
51149,2023,6,bottom,"Hail,Thunderstorm Wind",-13.091136480409773,0.41495985670359253,3.9234191781558394,8,44000.0,10.691967639914864,0.0,72.27339699343898,2.6704685551968663,6445919.942387094,6071345.716115528,36.58394661106889,2023
51149,2023,6,mid,"Hail,Thunderstorm Wind",-4.078878739236771,0.05971865269650642,4.21909562391031,8,44000.0,10.691967639914864,0.0,72.27339699343898,2.6704685551968663,6445919.942387094,6071345.716115528,36.58394661106889,2023
51149,2023,6,top,"Hail,Thunderstorm Wind",3.4388002495508374,0.2879045832345088,4.110215260187142,8,44000.0,10.691967639914864,0.0,72.27339699343898,2.6704685551968663,6445919.942387094,6071345.716115528,36.58394661106889,2023
51153,2024,8,bottom,"Flash Flood,Thunderstorm Wind",-1.0860334420376887,0.31427885044790704,-0.2942936318990898,14,7000.0,8.853808274977197,0.44999999999999996,46.17332833700646,2.5233101742568063,40562870.28389023,48836235.570359,26.9514530964536,2023
51153,2024,8,mid,"Flash Flood,Thunderstorm Wind",-0.021310026841192098,0.16334576192340303,-0.3049024914714333,14,7000.0,8.853808274977197,0.44999999999999996,46.17332833700646,2.5233101742568063,40562870.28389023,48836235.570359,26.9514530964536,2023
51153,2024,8,top,"Flash Flood,Thunderstorm Wind",0.0425859451213455,0.1631601047845972,-0.4771488688167267,14,7000.0,8.853808274977197,0.44999999999999996,46.17332833700646,2.5233101742568063,40562870.28389023,48836235.570359,26.9514530964536,2023
51159,2023,7,bottom,"Flash Flood,Thunderstorm Wind",-15.355443001473304,1.0313587538102882,0.31311385863118346,7,42000.0,10.645448706505872,0.4861111111111111,46.59087757766821,2.5671108705485692,5117410.872757435,3736030.285307867,62.35633990107096,2023
51159,2023,7,mid,"Flash Flood,Thunderstorm Wind",-6.958625008550371,0.37565735886232826,0.42582681002437067,7,42000.0,10.645448706505872,0.4861111111111111,46.59087757766821,2.5671108705485692,5117410.872757435,3736030.285307867,62.35633990107096,2023
51159,2023,7,top,"Flash Flood,Thunderstorm Wind",0.8461604710326469,0.41969045695648144,-0.5560073948134298,7,42000.0,10.645448706505872,0.4861111111111111,46.59087757766821,2.5671108705485692,5117410.872757435,3736030.285307867,62.35633990107096,2023
51191,2021,6,bottom,Thunderstorm Wind,-17.63874464144736,1.9034958064016692,-1.2633320651510853,1,0.0,0.0,0.0,55.145602,2.7572801,3071109.421211837,3093674.094583058,33.93772171857972,2020
51191,2021,6,mid,Thunderstorm Wind,-10.250696887125002,1.1630275633436027,-0.06723635155426184,1,0.0,0.0,0.0,55.145602,2.7572801,3071109.421211837,3093674.094583058,33.93772171857972,2020
51191,2021,6,top,Thunderstorm Wind,-15.787789174435844,1.5758615410094305,0.824522689061638,1,0.0,0.0,0.0,55.145602,2.7572801,3071109.421211837,3093674.094583058,33.93772171857972,2020
51195,2020,2,bottom,Flood,-9.666599041194502,2.0010659006852025,6.772381383966045,4,784000.0,13.572165574841936,0.5083333333333333,52.0194,2.60097,4148375.5290713534,4315938.93931,30.7055577454,2020
51195,2020,2,mid,Flood,0.6842896788960928,0.7283727545914198,4.940704226111279,4,784000.0,13.572165574841936,0.5083333333333333,52.0194,2.60097,4148375.5290713534,4315938.93931,30.7055577454,2020
51195,2020,2,top,Flood,7.008098397471002,0.28337921810157035,2.833190922511027,4,784000.0,13.572165574841936,0.5083333333333333,52.0194,2.60097,4148375.5290713534,4315938.93931,30.7055577454,2020
51195,2021,6,bottom,Thunderstorm Wind,-9.802335422240859,0.9400299430040313,1.3575155242965025,3,0.0,0.0,0.0,52.0194,2.60097,3360427.1426865025,3496163.318917663,30.705557745381654,2020
51195,2021,6,mid,Thunderstorm Wind,-6.073838344124738,0.7492353331022538,2.6640519186270617,3,0.0,0.0,0.0,52.0194,2.60097,3360427.1426865025,3496163.318917663,30.705557745381654,2020
51195,2021,6,top,Thunderstorm Wind,-0.3981755863629104,0.3140492033439854,2.098591475890975,3,0.0,0.0,0.0,52.0194,2.60097,3360427.1426865025,3496163.318917663,30.705557745381654,2020
51650,2024,7,bottom,Flash Flood,-1.393740027399346,0.0946959981125804,-1.1159508104908298,12,0.0,0.0,0.13055555555555556,90.74386337248507,2.703126501896022,29249850.823791094,27018932.152104203,53.127528864486266,2023
51650,2024,7,mid,Flash Flood,-2.664798584565631,0.4782761225957341,-0.4968703110566442,12,0.0,0.0,0.13055555555555556,90.74386337248507,2.703126501896022,29249850.823791094,27018932.152104203,53.127528864486266,2023
51650,2024,7,top,Flash Flood,-3.59715290992078,0.5578180534491045,0.5731789944881598,12,0.0,0.0,0.13055555555555556,90.74386337248507,2.703126501896022,29249850.823791094,27018932.152104203,53.127528864486266,2023
51683,2023,8,bottom,Thunderstorm Wind,-4.59380656594881,0.23235757983793243,0.26005975633628015,1,0.0,0.0,0.0,20.095657725131577,2.457805582437559,5212789.483249077,4409079.5965147205,60.640545422703596,2023
51683,2023,8,mid,Thunderstorm Wind,-2.0363915255689164,0.07985169661862457,0.22031764065164813,1,0.0,0.0,0.0,20.095657725131577,2.457805582437559,5212789.483249077,4409079.5965147205,60.640545422703596,2023
51683,2023,8,top,Thunderstorm Wind,-1.610874866704151,0.1221573218034206,-0.057202752757324525,1,0.0,0.0,0.0,20.095657725131577,2.457805582437559,5212789.483249077,4409079.5965147205,60.640545422703596,2023
51683,2025,7,bottom,Thunderstorm Wind,-8.394622126829049,0.8316688355592106,0.49207253560221886,1,5000.0,8.517393171418904,0.0,11.24368115502395,2.339468669792421,6443268.609550173,6932100.29617719,26.557040329054217,2023
51683,2025,7,mid,Thunderstorm Wind,-3.7557727708393713,0.44680624707870475,0.11528311076752591,1,5000.0,8.517393171418904,0.0,11.24368115502395,2.339468669792421,6443268.609550173,6932100.29617719,26.557040329054217,2023
51683,2025,7,top,Thunderstorm Wind,-2.043400200585708,0.369494759334883,0.3411451106305539,1,5000.0,8.517393171418904,0.0,11.24368115502395,2.339468669792421,6443268.609550173,6932100.29617719,26.557040329054217,2023
51700,2023,6,bottom,"Flash Flood,Hail,Thunderstorm Wind",5.4226764703010275,0.6868741552184238,-0.7995302581955125,8,7000.0,8.853808274977197,0.3611111111111111,75.4668269266609,2.6838430054088245,44086610.80488556,36110618.636123024,82.42690538796165,2023
51700,2023,6,mid,"Flash Flood,Hail,Thunderstorm Wind",2.8917775638530543,0.27662287310139944,-0.4579201538520484,8,7000.0,8.853808274977197,0.3611111111111111,75.4668269266609,2.6838430054088245,44086610.80488556,36110618.636123024,82.42690538796165,2023
51700,2023,6,top,"Flash Flood,Hail,Thunderstorm Wind",1.958340670814323,0.15001998710695305,-0.45394874160948007,8,7000.0,8.853808274977197,0.3611111111111111,75.4668269266609,2.6838430054088245,44086610.80488556,36110618.636123024,82.42690538796165,2023
51775,2024,5,bottom,Tornado,3.5123423277663335,0.7488699341647203,2.6910716237037775,2,2340000.0,14.66566191468422,0.004166666666666667,76.64192013869594,2.6426874052503586,4395566.739771939,4957917.226933378,28.354918546312145,2023
51775,2024,5,mid,Tornado,5.360704945721878,0.7072269949236571,2.2785090011416713,2,2340000.0,14.66566191468422,0.004166666666666667,76.64192013869594,2.6426874052503586,4395566.739771939,4957917.226933378,28.354918546312145,2023
51775,2024,5,top,Tornado,2.7102566520097042,0.2230016401535808,1.017536212676139,2,2340000.0,14.66566191468422,0.004166666666666667,76.64192013869594,2.6426874052503586,4395566.739771939,4957917.226933378,28.354918546312145,2023
53001,2024,6,bottom,Thunderstorm Wind,-1.4724053572569602,0.3295165036935247,-1.7162986111034684,1,2000.0,7.601402334583733,0.003472222222222222,2.1754290429414653,2.269464116381503,6381510.2894115085,5094336.089615155,72.62051220014206,2023
53001,2024,6,mid,Thunderstorm Wind,0.837318343906972,0.15773680998140485,-0.8959898514079612,1,2000.0,7.601402334583733,0.003472222222222222,2.1754290429414653,2.269464116381503,6381510.2894115085,5094336.089615155,72.62051220014206,2023
53001,2024,6,top,Thunderstorm Wind,-0.7130266988822882,0.23361568516279918,-1.0035385584467587,1,2000.0,7.601402334583733,0.003472222222222222,2.1754290429414653,2.269464116381503,6381510.2894115085,5094336.089615155,72.62051220014206,2023
53003,2020,6,bottom,Hail,-14.459677958960256,1.3178555654103914,0.9298463111634637,2,0.0,0.0,0.006944444444444444,53.2438,2.66219,1704325.93408652,1161041.41049,46.0386283011,2020
53003,2020,6,mid,Hail,-6.519127361112311,0.46479984783610695,0.31442122119068,2,0.0,0.0,0.006944444444444444,53.2438,2.66219,1704325.93408652,1161041.41049,46.0386283011,2020
53003,2020,6,top,Hail,-8.507051973348766,0.5834072715228334,2.4233383834336024,2,0.0,0.0,0.006944444444444444,53.2438,2.66219,1704325.93408652,1161041.41049,46.0386283011,2020
53003,2022,6,bottom,"Flash Flood,Hail,Thunderstorm Wind",-5.621990687304006,1.1200924191273265,0.1135129751708585,12,540000.0,13.199326270390594,0.49583333333333335,41.63088783378601,2.592548347887993,1177177.8630086714,975348.6424419152,42.176103018849766,2021
53003,2022,6,mid,"Flash Flood,Hail,Thunderstorm Wind",0.930597660064322,0.5599243489819448,-1.2688896476458542,12,540000.0,13.199326270390594,0.49583333333333335,41.63088783378601,2.592548347887993,1177177.8630086714,975348.6424419152,42.176103018849766,2021
53003,2022,6,top,"Flash Flood,Hail,Thunderstorm Wind",0.9848334820463691,0.1449605010067779,-3.2994403139106274,12,540000.0,13.199326270390594,0.49583333333333335,41.63088783378601,2.592548347887993,1177177.8630086714,975348.6424419152,42.176103018849766,2021
53003,2024,9,bottom,Thunderstorm Wind,-4.967117403061607,0.622460058261149,1.4123462279361831,1,10000.0,9.210440366976517,0.006944444444444444,23.066273768025916,2.4326109827667457,4532352.947311408,3580895.356683517,53.121130740214845,2023
53003,2024,9,mid,Thunderstorm Wind,-9.131696449152344,0.6660114169365816,0.1732400046353888,1,10000.0,9.210440366976517,0.006944444444444444,23.066273768025916,2.4326109827667457,4532352.947311408,3580895.356683517,53.121130740214845,2023
53003,2024,9,top,Thunderstorm Wind,3.419320527996348,0.28731074774355697,-1.573056262057212,1,10000.0,9.210440366976517,0.006944444444444444,23.066273768025916,2.4326109827667457,4532352.947311408,3580895.356683517,53.121130740214845,2023
53007,2021,1,bottom,Debris Flow,-5.04115173162522,0.5826279016490503,0.6146182094343354,4,80000.0,11.289794413577894,0.013888888888888888,54.1926,2.70963,6883277.9978060825,5102889.8714807425,43.39771383520641,2020
53007,2021,1,mid,Debris Flow,-1.708154962557387,0.34645031336709564,0.5854991467599291,4,80000.0,11.289794413577894,0.013888888888888888,54.1926,2.70963,6883277.9978060825,5102889.8714807425,43.39771383520641,2020
53007,2021,1,top,Debris Flow,1.0197681866789736,0.2734044744909692,-1.090910215875373,4,80000.0,11.289794413577894,0.013888888888888888,54.1926,2.70963,6883277.9978060825,5102889.8714807425,43.39771383520641,2020
53007,2022,6,bottom,"Flash Flood,Flood,Thunderstorm Wind",3.6869369057011454,0.3596918248995055,5.538828944058054,34,1001000.0,13.816511057297857,1.8444444444444443,54.545837500000005,2.669418074603081,19342184.200801242,15580320.643284716,58.483712830692,2021
53007,2022,6,mid,"Flash Flood,Flood,Thunderstorm Wind",12.574469713754283,0.982462289159424,4.880333372698307,34,1001000.0,13.816511057297857,1.8444444444444443,54.545837500000005,2.669418074603081,19342184.200801242,15580320.643284716,58.483712830692,2021
53007,2022,6,top,"Flash Flood,Flood,Thunderstorm Wind",13.749757638067052,1.0726159563992308,6.32226739290429,34,1001000.0,13.816511057297857,1.8444444444444443,54.545837500000005,2.669418074603081,19342184.200801242,15580320.643284716,58.483712830692,2021
53007,2023,1,bottom,Debris Flow,-4.33279346394032,0.6379595264747205,1.202105719386959,8,6000.0,8.699681400989514,27.333333333333332,54.899075,2.629206149206162,29121464.90635775,24071222.05878497,73.56971182614554,2021
53007,2023,1,mid,Debris Flow,2.785819898411802,0.20077194537644136,-1.2779342318241238,8,6000.0,8.699681400989514,27.333333333333332,54.899075,2.629206149206162,29121464.90635775,24071222.05878497,73.56971182614554,2021
53007,2023,1,top,Debris Flow,1.1702490122899292,0.11244605112644146,-1.1689907251262923,8,6000.0,8.699681400989514,27.333333333333332,54.899075,2.629206149206162,29121464.90635775,24071222.05878497,73.56971182614554,2021
53009,2021,1,bottom,Flood,-8.946292212991082,0.662557025825494,6.307157507765368,4,484000.0,13.089842251812337,1.0833333333333333,51.767402,2.5883701,15680687.569353754,9922703.424406048,48.324793062695406,2020
53009,2021,1,mid,Flood,-13.545690465210825,1.2296159706661993,6.8491731874313,4,484000.0,13.089842251812337,1.0833333333333333,51.767402,2.5883701,15680687.569353754,9922703.424406048,48.324793062695406,2020
53009,2021,1,top,Flood,-11.549294214135259,1.2539936044281552,7.260359562165529,4,484000.0,13.089842251812337,1.0833333333333333,51.767402,2.5883701,15680687.569353754,9922703.424406048,48.324793062695406,2020
53009,2021,11,bottom,"Flood,Heavy Rain",-6.453584005139675,0.6874784721208095,-2.4617528964162765,11,25300000.0,17.04631499322344,8.020833333333334,51.767402,2.5883701,19096968.268198945,12084518.079486284,48.32479306267244,2021
53009,2021,11,mid,"Flood,Heavy Rain",-6.429990828117155,0.6024383789870172,-0.9017139489765356,11,25300000.0,17.04631499322344,8.020833333333334,51.767402,2.5883701,19096968.268198945,12084518.079486284,48.32479306267244,2021
53009,2021,11,top,"Flood,Heavy Rain",-7.670515708114564,0.669219724033534,0.24101491926451027,11,25300000.0,17.04631499322344,8.020833333333334,51.767402,2.5883701,19096968.268198945,12084518.079486284,48.32479306267244,2021
53009,2025,2,bottom,Heavy Rain,3.86090945219145,0.3903118117824317,-3.1929517831511354,1,0.0,0.0,1.0,61.19663010273013,2.5514510110660953,70059627.83335091,52066497.733451664,71.59185007622041,2023
53009,2025,2,mid,Heavy Rain,7.05097980840813,0.44343478961420374,-4.604143117014483,1,0.0,0.0,1.0,61.19663010273013,2.5514510110660953,70059627.83335091,52066497.733451664,71.59185007622041,2023
53009,2025,2,top,Heavy Rain,7.082504565098716,0.17969318111919586,-7.214790045279282,1,0.0,0.0,1.0,61.19663010273013,2.5514510110660953,70059627.83335091,52066497.733451664,71.59185007622041,2023
53011,2022,11,bottom,Flood,5.971491192282883,0.3819486804945069,0.0371436342470588,12,0.0,0.0,11.991666666666667,58.22079904223633,2.6505979216819764,100187138.10460316,92456340.0689006,36.24070374590701,2021
53011,2022,11,mid,Flood,5.117762375164148,0.37568388048328905,-0.48928568855030125,12,0.0,0.0,11.991666666666667,58.22079904223633,2.6505979216819764,100187138.10460316,92456340.0689006,36.24070374590701,2021
53011,2022,11,top,Flood,5.022366453366345,0.3274666631780216,-1.4617322702654576,12,0.0,0.0,11.991666666666667,58.22079904223633,2.6505979216819764,100187138.10460316,92456340.0689006,36.24070374590701,2021
53011,2023,10,bottom,Tornado,1.8394925509604292,0.15272421705065456,-0.7927119613208996,2,2000.0,7.601402334583733,0.001388888888888889,61.90639322719005,2.6155138456255105,120499619.34501332,117158126.62000376,33.42950231978338,2023
53011,2023,10,mid,Tornado,0.5871129571475677,0.022511584977396845,-0.8471470070384205,2,2000.0,7.601402334583733,0.001388888888888889,61.90639322719005,2.6155138456255105,120499619.34501332,117158126.62000376,33.42950231978338,2023
53011,2023,10,top,Tornado,1.5577471580617015,0.09787868889313293,-1.4865714061478315,2,2000.0,7.601402334583733,0.001388888888888889,61.90639322719005,2.6155138456255105,120499619.34501332,117158126.62000376,33.42950231978338,2023
53013,2021,6,bottom,Hail,-4.926255733156097,0.05607708008114496,4.840347519737165,2,0.0,0.0,0.041666666666666664,55.90419800000001,2.7952099,534462.7486899622,315338.1650589625,58.25778478518795,2020
53013,2021,6,mid,Hail,-0.3094211439874073,0.19689181095052494,1.061171731532724,2,0.0,0.0,0.041666666666666664,55.90419800000001,2.7952099,534462.7486899622,315338.1650589625,58.25778478518795,2020
53013,2021,6,top,Hail,-0.8249073348626723,0.31315605108367,1.8327865157281735,2,0.0,0.0,0.041666666666666664,55.90419800000001,2.7952099,534462.7486899622,315338.1650589625,58.25778478518795,2020
53013,2022,6,bottom,Flash Flood,-14.710737799703807,1.5784934640676715,-0.5294315681009323,4,0.0,0.0,0.34722222222222227,55.451735907699586,2.71744255095253,612589.2833794266,440292.32055235753,44.60437860787737,2021
53013,2022,6,mid,Flash Flood,-8.85944055785339,0.6814603227224016,0.5145844950701578,4,0.0,0.0,0.34722222222222227,55.451735907699586,2.71744255095253,612589.2833794266,440292.32055235753,44.60437860787737,2021
53013,2022,6,top,Flash Flood,-9.582686198789162,0.6953533918262677,0.5547697587832516,4,0.0,0.0,0.34722222222222227,55.451735907699586,2.71744255095253,612589.2833794266,440292.32055235753,44.60437860787737,2021
53015,2023,4,bottom,Debris Flow,4.862291629299847,0.39165169726430354,-0.5259280454961726,4,400000.0,12.899222326086994,0.5833333333333334,64.91994710041735,2.651581921865767,58248309.74247248,47982277.557356514,69.61563775568182,2023
53015,2023,4,mid,Debris Flow,3.3707120422060797,0.16315333664718198,-0.29645082858403765,4,400000.0,12.899222326086994,0.5833333333333334,64.91994710041735,2.651581921865767,58248309.74247248,47982277.557356514,69.61563775568182,2023
53015,2023,4,top,Debris Flow,3.4943798074395716,0.18325547608045314,-1.158479949873931,4,400000.0,12.899222326086994,0.5833333333333334,64.91994710041735,2.651581921865767,58248309.74247248,47982277.557356514,69.61563775568182,2023
53015,2024,10,bottom,Tornado,-12.069312348512781,0.8835862067253607,1.1855416541463437,2,0.0,0.0,0.002777777777777778,61.85906082589823,2.570672169441273,76140971.96374294,70632622.00270681,50.817051439985796,2023
53015,2024,10,mid,Tornado,-8.158600651304994,0.5610376874430534,1.1208479076570796,2,0.0,0.0,0.002777777777777778,61.85906082589823,2.570672169441273,76140971.96374294,70632622.00270681,50.817051439985796,2023
53015,2024,10,top,Tornado,-5.422711764587831,0.523530329741404,0.6537719232885261,2,0.0,0.0,0.002777777777777778,61.85906082589823,2.570672169441273,76140971.96374294,70632622.00270681,50.817051439985796,2023
53017,2020,5,bottom,Debris Flow,-1.8434010471250843,1.1596942097203236,1.6166568619277608,4,0.0,0.0,0.013888888888888888,51.262002,2.5631001,6016548.141506676,4995621.76007,37.7611351991,2020
53017,2020,5,mid,Debris Flow,-8.679060966647242,1.4818646953972263,-0.3956400504325425,4,0.0,0.0,0.013888888888888888,51.262002,2.5631001,6016548.141506676,4995621.76007,37.7611351991,2020
53017,2020,5,top,Debris Flow,-9.137658437400319,1.467805295610813,-0.3869036134964479,4,0.0,0.0,0.013888888888888888,51.262002,2.5631001,6016548.141506676,4995621.76007,37.7611351991,2020
53017,2022,6,bottom,"Flash Flood,Hail,Thunderstorm Wind",-1.0038827142181077,0.17607967233745905,1.0224075289463457,10,80000.0,11.289794413577894,0.2736111111111111,36.10175139202882,2.516235500819588,5944604.857524213,4178923.207056197,57.24688988461192,2021
53017,2022,6,mid,"Flash Flood,Hail,Thunderstorm Wind",-1.367233857748559,0.14541115160981877,2.9039040775561915,10,80000.0,11.289794413577894,0.2736111111111111,36.10175139202882,2.516235500819588,5944604.857524213,4178923.207056197,57.24688988461192,2021
53017,2022,6,top,"Flash Flood,Hail,Thunderstorm Wind",0.24997180215656556,0.18846537570006505,4.743364917195535,10,80000.0,11.289794413577894,0.2736111111111111,36.10175139202882,2.516235500819588,5944604.857524213,4178923.207056197,57.24688988461192,2021
53023,2021,6,bottom,Hail,-15.270364908391471,1.3867595673782642,7.3774879043448225,2,0.0,0.0,0.0625,53.744401999999994,2.6872201,374598.3068591264,272947.40091783484,43.5947970043209,2020
53023,2021,6,mid,Hail,10.430299515816543,0.6751464561931639,2.8575740185305705,2,0.0,0.0,0.0625,53.744401999999994,2.6872201,374598.3068591264,272947.40091783484,43.5947970043209,2020
53023,2021,6,top,Hail,13.105042362068076,0.8860383190542022,3.438187570357608,2,0.0,0.0,0.0625,53.744401999999994,2.6872201,374598.3068591264,272947.40091783484,43.5947970043209,2020
53025,2020,5,bottom,Thunderstorm Wind,-1.5463656095906657,0.768604200577987,-2.9239290978058485,1,0.0,0.0,0.003472222222222222,50.239602,2.5119801,4425835.671444,3286425.29882,40.2049664959,2020
53025,2020,5,mid,Thunderstorm Wind,-0.41746134800288814,0.4536909488366252,-1.8824200952339585,1,0.0,0.0,0.003472222222222222,50.239602,2.5119801,4425835.671444,3286425.29882,40.2049664959,2020
53025,2020,5,top,Thunderstorm Wind,2.135205699849564,0.4404882168240089,-1.184024236034811,1,0.0,0.0,0.003472222222222222,50.239602,2.5119801,4425835.671444,3286425.29882,40.2049664959,2020
53025,2022,6,bottom,Thunderstorm Wind,5.511532464445224,0.6063218719413622,3.3960818729556053,1,6000.0,8.699681400989514,0.017361111111111112,34.314776191757204,2.4810347800277714,13967835.462212525,9774625.739484545,62.11716905446517,2021
53025,2022,6,mid,Thunderstorm Wind,3.5290186181666883,0.25203311095003356,1.5458920282344575,1,6000.0,8.699681400989514,0.017361111111111112,34.314776191757204,2.4810347800277714,13967835.462212525,9774625.739484545,62.11716905446517,2021
53025,2022,6,top,Thunderstorm Wind,3.2501387754929993,0.2324506607221996,1.7781737637978239,1,6000.0,8.699681400989514,0.017361111111111112,34.314776191757204,2.4810347800277714,13967835.462212525,9774625.739484545,62.11716905446517,2021
53027,2024,7,bottom,Heavy Rain,-7.524967510458836,0.7012738362888234,-3.2037250261104666,1,0.0,0.0,0.5416666666666666,60.58416599476932,2.5767469791983753,180413232.2330743,140777610.70724878,74.41058124460464,2023
53027,2024,7,mid,Heavy Rain,-6.9817250205254595,0.6840083282127694,-0.23001777745500837,1,0.0,0.0,0.5416666666666666,60.58416599476932,2.5767469791983753,180413232.2330743,140777610.70724878,74.41058124460464,2023
53027,2024,7,top,Heavy Rain,-4.570217868732598,0.37783687693757134,1.1957262918686524,1,0.0,0.0,0.5416666666666666,60.58416599476932,2.5767469791983753,180413232.2330743,140777610.70724878,74.41058124460464,2023
53027,2025,2,bottom,Heavy Rain,-5.3581790973421874,0.39349750654939947,2.74543387380146,1,0.0,0.0,1.0,61.16348935181012,2.551763113175515,217699169.79016304,170077389.07947487,71.43146000506155,2023
53027,2025,2,mid,Heavy Rain,-3.701766187912284,0.3740823986849701,2.6225956137566726,1,0.0,0.0,1.0,61.16348935181012,2.551763113175515,217699169.79016304,170077389.07947487,71.43146000506155,2023
53027,2025,2,top,Heavy Rain,-3.2226200747723937,0.34560884456085283,1.738525133839455,1,0.0,0.0,1.0,61.16348935181012,2.551763113175515,217699169.79016304,170077389.07947487,71.43146000506155,2023
53031,2021,1,bottom,Flood,4.981253972287419,0.2775637273802447,-1.641410870454095,4,2216000.0,14.611214778112748,1.1666666666666667,52.2578,2.61289,6557158.215524268,4331364.581260351,46.511627906996125,2020
53031,2021,1,mid,Flood,5.270684747891266,0.378080993695924,-1.3697904652804265,4,2216000.0,14.611214778112748,1.1666666666666667,52.2578,2.61289,6557158.215524268,4331364.581260351,46.511627906996125,2020
53031,2021,1,top,Flood,2.766916991616526,0.1540546900768875,-0.6065191655848281,4,2216000.0,14.611214778112748,1.1666666666666667,52.2578,2.61289,6557158.215524268,4331364.581260351,46.511627906996125,2020
53031,2025,2,bottom,Heavy Rain,4.858428641750649,0.6270234628231405,0.0074731115663648024,1,0.0,0.0,1.0,61.271709183589905,2.551791481483539,20034211.501087137,14209494.920567764,70.76305058179983,2023
53031,2025,2,mid,Heavy Rain,5.213764761237599,0.6552136657516459,0.006276402120074446,1,0.0,0.0,1.0,61.271709183589905,2.551791481483539,20034211.501087137,14209494.920567764,70.76305058179983,2023
53031,2025,2,top,Heavy Rain,5.32480512222007,0.5582326300234135,-0.7332718669448468,1,0.0,0.0,1.0,61.271709183589905,2.551791481483539,20034211.501087137,14209494.920567764,70.76305058179983,2023
53033,2021,1,bottom,Flood,-8.699655520887902,0.5144173201244215,2.4775150339997984,6,2844000.0,14.860722421522647,12.3125,53.5602,2.67801,223110962.7163408,313677448.20601875,21.403232163995533,2020
53033,2021,1,mid,Flood,-7.078530166454243,0.3320701954710567,2.2462704851358333,6,2844000.0,14.860722421522647,12.3125,53.5602,2.67801,223110962.7163408,313677448.20601875,21.403232163995533,2020
53033,2021,1,top,Flood,-3.901156604434675,0.24477704654262308,2.2207943650984467,6,2844000.0,14.860722421522647,12.3125,53.5602,2.67801,223110962.7163408,313677448.20601875,21.403232163995533,2020
53039,2020,5,bottom,Thunderstorm Wind,18.54742824641383,1.4053327795967405,-8.456074890854799,2,0.0,0.0,0.005555555555555556,52.079602,2.6039801,3580496.5865487815,2944119.12629,38.6283011431,2020
53039,2020,5,mid,Thunderstorm Wind,13.873267087454465,0.9610942079795054,-4.050593674501869,2,0.0,0.0,0.005555555555555556,52.079602,2.6039801,3580496.5865487815,2944119.12629,38.6283011431,2020
53039,2020,5,top,Thunderstorm Wind,5.742017098320304,0.38370336883143646,-2.406068605026732,2,0.0,0.0,0.005555555555555556,52.079602,2.6039801,3580496.5865487815,2944119.12629,38.6283011431,2020
53039,2022,7,bottom,Hail,-16.801791705198966,1.5060024936451806,-1.04006093410662,2,0.0,0.0,0.06666666666666667,40.02980077111816,2.556738990467834,6639547.525527012,5133802.149904657,48.13415026636541,2021
53039,2022,7,mid,Hail,-13.771340565284532,0.9165634773521107,-1.7347350222760223,2,0.0,0.0,0.06666666666666667,40.02980077111816,2.556738990467834,6639547.525527012,5133802.149904657,48.13415026636541,2021
53039,2022,7,top,Hail,-10.18599553594035,0.5054002831030128,-1.39070874609943,2,0.0,0.0,0.06666666666666667,40.02980077111816,2.556738990467834,6639547.525527012,5133802.149904657,48.13415026636541,2021
53041,2021,1,bottom,Flood,9.271848029543762,0.9544496736370078,-0.20409375605673574,8,11600000.0,16.266515742283485,6.541666666666667,52.694602,2.6347301,21859370.721658826,17215436.183064796,40.244383129696786,2020
53041,2021,1,mid,Flood,9.692970020543385,0.9314881940090599,-1.0346871111036364,8,11600000.0,16.266515742283485,6.541666666666667,52.694602,2.6347301,21859370.721658826,17215436.183064796,40.244383129696786,2020
53041,2021,1,top,Flood,11.502549299835835,1.121429215791428,-2.0731217758939287,8,11600000.0,16.266515742283485,6.541666666666667,52.694602,2.6347301,21859370.721658826,17215436.183064796,40.244383129696786,2020
53041,2021,11,bottom,Flood,2.5427290450685405,0.5375872775996464,-8.481467224375757,6,3156000.0,14.964816277804632,18.25,52.694602,2.6347301,20415802.563034303,16078548.217388766,40.24438312968073,2021
53041,2021,11,mid,Flood,1.415297028386746,0.28440922252724365,-4.663745580875168,6,3156000.0,14.964816277804632,18.25,52.694602,2.6347301,20415802.563034303,16078548.217388766,40.24438312968073,2021
53041,2021,11,top,Flood,-0.587409341031119,0.24914124868873924,-3.5957364185449685,6,3156000.0,14.964816277804632,18.25,52.694602,2.6347301,20415802.563034303,16078548.217388766,40.24438312968073,2021
53043,2020,5,bottom,Thunderstorm Wind,-13.05157266675495,2.0766015692524236,-3.4165379780683103,2,105000.0,11.561725152903833,0.03125,54.077402,2.7038701,1027484.1883157594,990224.93765,34.9231375641,2020
53043,2020,5,mid,Thunderstorm Wind,-3.864793350758191,0.8000541871763934,-4.765164346809807,2,105000.0,11.561725152903833,0.03125,54.077402,2.7038701,1027484.1883157594,990224.93765,34.9231375641,2020
53043,2020,5,top,Thunderstorm Wind,0.3563916498298596,0.22988796939209682,-3.2056034601704844,2,105000.0,11.561725152903833,0.03125,54.077402,2.7038701,1027484.1883157594,990224.93765,34.9231375641,2020
53043,2022,6,bottom,Funnel Cloud,-3.2825143771790266,0.9129579943386442,-1.088154617379833,2,0.0,0.0,0.020833333333333332,54.0741634914856,2.664346793043518,2658853.1142500164,2493456.33527464,26.381764712886262,2021
53043,2022,6,mid,Funnel Cloud,-8.047993838441897,1.0814772452525157,-1.8245165346024284,2,0.0,0.0,0.020833333333333332,54.0741634914856,2.664346793043518,2658853.1142500164,2493456.33527464,26.381764712886262,2021
53043,2022,6,top,Funnel Cloud,-10.429950688133957,1.56831981404308,-2.4044269562577276,2,0.0,0.0,0.020833333333333332,54.0741634914856,2.664346793043518,2658853.1142500164,2493456.33527464,26.381764712886262,2021
53045,2021,1,bottom,Flood,13.312843400397313,1.2582025548110993,-2.490552611752326,11,73440.0,11.204237641759402,35.041666666666664,51.9246,2.59623,11775066.647999408,9163842.70056226,40.12613322820371,2020
53045,2021,1,mid,Flood,7.521293213077627,0.9941005273888609,-1.4001165334796184,11,73440.0,11.204237641759402,35.041666666666664,51.9246,2.59623,11775066.647999408,9163842.70056226,40.12613322820371,2020
53045,2021,1,top,Flood,4.011337758418506,0.7325163738346301,-1.2483572248644919,11,73440.0,11.204237641759402,35.041666666666664,51.9246,2.59623,11775066.647999408,9163842.70056226,40.12613322820371,2020
53045,2025,2,bottom,Heavy Rain,2.484040695827673,0.19257407783275166,-0.11985761519405003,1,0.0,0.0,1.0,38.83519936769762,2.4742444665434573,49226044.99875484,37585973.146339394,67.1793821572893,2023
53045,2025,2,mid,Heavy Rain,1.1046819911534698,0.20650956348985505,-0.5658939737122731,1,0.0,0.0,1.0,38.83519936769762,2.4742444665434573,49226044.99875484,37585973.146339394,67.1793821572893,2023
53045,2025,2,top,Heavy Rain,-5.1765178633337,0.45692043869232996,1.0442389333538482,1,0.0,0.0,1.0,38.83519936769762,2.4742444665434573,49226044.99875484,37585973.146339394,67.1793821572893,2023
53047,2022,6,bottom,"Flash Flood,Thunderstorm Wind",7.614771113488288,0.9232356939759485,2.330496846972134,10,1650000.0,14.316286451937186,0.35000000000000003,37.535750333786005,2.527101069903374,16463914.012054818,10900940.504139122,70.43722592088055,2021
53047,2022,6,mid,"Flash Flood,Thunderstorm Wind",9.536654496151044,0.9081437794836821,1.356739467797027,10,1650000.0,14.316286451937186,0.35000000000000003,37.535750333786005,2.527101069903374,16463914.012054818,10900940.504139122,70.43722592088055,2021
53047,2022,6,top,"Flash Flood,Thunderstorm Wind",5.697987928113292,0.5580748694812128,-0.049445562504521,10,1650000.0,14.316286451937186,0.35000000000000003,37.535750333786005,2.527101069903374,16463914.012054818,10900940.504139122,70.43722592088055,2021
53047,2023,1,bottom,"Debris Flow,Flood",-1.8047868672915826,0.2981235873469761,-1.4927271071330779,8,6000.0,8.699681400989514,17.5,23.66350066757202,2.4838021398067474,24720846.263063952,16825069.81508507,89.79049441172563,2021
53047,2023,1,mid,"Debris Flow,Flood",-3.0760462725503146,0.23153641948623496,-1.3163766031929356,8,6000.0,8.699681400989514,17.5,23.66350066757202,2.4838021398067474,24720846.263063952,16825069.81508507,89.79049441172563,2021
53047,2023,1,top,"Debris Flow,Flood",-3.6362068419455653,0.3056279019227235,-0.316192181483719,8,6000.0,8.699681400989514,17.5,23.66350066757202,2.4838021398067474,24720846.263063952,16825069.81508507,89.79049441172563,2021
53047,2024,9,bottom,Thunderstorm Wind,-1.6817010684931546,0.3024872821650165,-0.626713670591125,4,6000.0,8.699681400989514,0.043750000000000004,17.924011450191077,2.409613598964544,56911848.42908729,36112271.46342727,91.85260222310191,2023
53047,2024,9,mid,Thunderstorm Wind,-1.9228948529363663,0.2736616064690817,-0.39491818483204594,4,6000.0,8.699681400989514,0.043750000000000004,17.924011450191077,2.409613598964544,56911848.42908729,36112271.46342727,91.85260222310191,2023
53047,2024,9,top,Thunderstorm Wind,-2.0329670429859306,0.27427548690613124,0.09397021885382155,4,6000.0,8.699681400989514,0.043750000000000004,17.924011450191077,2.409613598964544,56911848.42908729,36112271.46342727,91.85260222310191,2023
53049,2022,1,bottom,Flood,7.139645396843818,0.3232366935569794,-6.3351790094477325,9,3960000.0,15.191754835755884,9.215277777777777,51.926798040191656,2.5652041700740815,26150655.2692619,16017235.81855943,55.120794397759354,2021
53049,2022,1,mid,Flood,4.3031818055550275,0.3744142983227881,-4.219815920864899,9,3960000.0,15.191754835755884,9.215277777777777,51.926798040191656,2.5652041700740815,26150655.2692619,16017235.81855943,55.120794397759354,2021
53049,2022,1,top,Flood,3.5088508142332984,0.33786389880460677,-3.4975901467818176,9,3960000.0,15.191754835755884,9.215277777777777,51.926798040191656,2.5652041700740815,26150655.2692619,16017235.81855943,55.120794397759354,2021
53051,2022,6,bottom,Heavy Rain,2.669676147886932,0.8724953453271226,1.0918465118288008,1,0.0,0.0,0.9006944444444445,42.18434874148559,2.527953030631638,969786.7487085916,781063.113075636,41.0737152434166,2021
53051,2022,6,mid,Heavy Rain,4.565564282337107,0.8842181906863948,0.9469154122859417,1,0.0,0.0,0.9006944444444445,42.18434874148559,2.527953030631638,969786.7487085916,781063.113075636,41.0737152434166,2021
53051,2022,6,top,Heavy Rain,4.868986605770516,1.0532861124639439,0.9403331233110682,1,0.0,0.0,0.9006944444444445,42.18434874148559,2.527953030631638,969786.7487085916,781063.113075636,41.0737152434166,2021
53055,2021,11,bottom,Flood,-0.3540332244853772,0.4962611012185212,-5.9449085425796016,5,2375000.0,14.680508416503422,2.5,56.6606,2.83303,6150479.290170653,4492662.1767290225,45.880961765865194,2021
53055,2021,11,mid,Flood,-0.5673576246663146,0.3882897355733947,-6.470801345944618,5,2375000.0,14.680508416503422,2.5,56.6606,2.83303,6150479.290170653,4492662.1767290225,45.880961765865194,2021
53055,2021,11,top,Flood,3.095644303325386,0.15952206129898383,-6.3492327648890905,5,2375000.0,14.680508416503422,2.5,56.6606,2.83303,6150479.290170653,4492662.1767290225,45.880961765865194,2021
53057,2021,11,bottom,Flood,7.983745214482639,0.9064785441973854,-1.566016533491478,10,75000000.0,18.132998684833918,44.895833333333336,54.913002000000006,2.7456501,36049901.9329315,31513398.921293564,38.70713441072132,2021
53057,2021,11,mid,Flood,3.325453213544563,0.35590564452427226,-0.3661481146295671,10,75000000.0,18.132998684833918,44.895833333333336,54.913002000000006,2.7456501,36049901.9329315,31513398.921293564,38.70713441072132,2021
53057,2021,11,top,Flood,3.7568371459070704,0.2707057209832726,0.024955883867699907,10,75000000.0,18.132998684833918,44.895833333333336,54.913002000000006,2.7456501,36049901.9329315,31513398.921293564,38.70713441072132,2021
53057,2024,8,bottom,Flash Flood,3.5504460657500942,0.4049392866170229,-0.5802744276377609,6,620400.0,13.338121322146536,3.5,75.17651622265414,2.6248833511920573,60681635.64302044,58323300.1922364,42.94154683701231,2023
53057,2024,8,mid,Flash Flood,1.6961058919418264,0.2570559085473026,-0.21967501187279956,6,620400.0,13.338121322146536,3.5,75.17651622265414,2.6248833511920573,60681635.64302044,58323300.1922364,42.94154683701231,2023
53057,2024,8,top,Flash Flood,1.3048450665942113,0.26649073445112226,-0.1924056281236138,6,620400.0,13.338121322146536,3.5,75.17651622265414,2.6248833511920573,60681635.64302044,58323300.1922364,42.94154683701231,2023
53061,2021,1,bottom,Flood,5.218033321362455,0.7618632643399069,0.8622503293287451,7,2303000.0,14.649723613018967,17.71875,54.2984,2.71492,56608372.45561189,75711849.77146268,23.531730390204114,2020
53061,2021,1,mid,Flood,6.584684063465588,0.9375983790683853,0.503530530460921,7,2303000.0,14.649723613018967,17.71875,54.2984,2.71492,56608372.45561189,75711849.77146268,23.531730390204114,2020
53061,2021,1,top,Flood,6.2421268555294915,0.9254287030762143,1.2404293692873978,7,2303000.0,14.649723613018967,17.71875,54.2984,2.71492,56608372.45561189,75711849.77146268,23.531730390204114,2020
53061,2021,11,bottom,Flood,18.718869246141068,2.057713328564966,-1.3959732556715494,5,12100000.0,16.308716093211594,21.770833333333332,54.2984,2.71492,62217399.27944808,83213740.00127602,23.531730390224677,2021
53061,2021,11,mid,Flood,21.390869079514474,2.3751755440944136,-0.33921997103792023,5,12100000.0,16.308716093211594,21.770833333333332,54.2984,2.71492,62217399.27944808,83213740.00127602,23.531730390224677,2021
53061,2021,11,top,Flood,25.657101847535472,2.7358837617299425,-0.15150103324322592,5,12100000.0,16.308716093211594,21.770833333333332,54.2984,2.71492,62217399.27944808,83213740.00127602,23.531730390224677,2021
53067,2021,1,bottom,Flood,-0.4265950023096252,0.14347838218726505,-0.5150778453128643,9,567000.0,13.248116346376765,15.666666666666666,54.5676,2.72838,34112047.999705195,37357514.58000616,30.508474576295196,2020
53067,2021,1,mid,Flood,-1.3141737117318968,0.13547728742966186,-0.0647531142579254,9,567000.0,13.248116346376765,15.666666666666666,54.5676,2.72838,34112047.999705195,37357514.58000616,30.508474576295196,2020
53067,2021,1,top,Flood,-2.27380124361585,0.2570255853721782,-0.20806051117666868,9,567000.0,13.248116346376765,15.666666666666666,54.5676,2.72838,34112047.999705195,37357514.58000616,30.508474576295196,2020
53071,2021,6,bottom,Thunderstorm Wind,1.283363576493926,0.0756650244802507,-1.2659221298059293,2,0.0,0.0,0.08333333333333333,53.875398,2.6937699,2534057.9876946127,2010107.1511884483,40.91446590460685,2020
53071,2021,6,mid,Thunderstorm Wind,1.1918450089538482,0.06777582726030373,-1.923881975630626,2,0.0,0.0,0.08333333333333333,53.875398,2.6937699,2534057.9876946127,2010107.1511884483,40.91446590460685,2020
53071,2021,6,top,Thunderstorm Wind,3.03774217164829,0.21482260899777336,-2.8923227596435908,2,0.0,0.0,0.08333333333333333,53.875398,2.6937699,2534057.9876946127,2010107.1511884483,40.91446590460685,2020
53071,2022,6,bottom,Flood,-3.3453911666517087,0.22508421791999295,-0.4710544083535808,9,0.0,0.0,13.6875,55.898661374999996,2.6659759700275423,6707008.335676154,5091509.931750019,56.36501354000255,2021
53071,2022,6,mid,Flood,-1.19781812223124,0.15083880616810805,-0.31148670382336263,9,0.0,0.0,13.6875,55.898661374999996,2.6659759700275423,6707008.335676154,5091509.931750019,56.36501354000255,2021
53071,2022,6,top,Flood,0.17290616209410814,0.13602313642170175,-0.956646751712474,9,0.0,0.0,13.6875,55.898661374999996,2.6659759700275423,6707008.335676154,5091509.931750019,56.36501354000255,2021
53073,2023,10,bottom,Heavy Rain,2.283685725400403,0.2752822984095922,-1.1261855346906675,2,0.0,0.0,0.75,79.3213432030226,2.6818604550450256,59787038.45968734,57003643.68260087,46.1439867897532,2023
53073,2023,10,mid,Heavy Rain,2.406438575058246,0.27288109417769657,-0.6167763534157066,2,0.0,0.0,0.75,79.3213432030226,2.6818604550450256,59787038.45968734,57003643.68260087,46.1439867897532,2023
53073,2023,10,top,Heavy Rain,0.8343313739098335,0.2858697332457348,-0.5503179153277197,2,0.0,0.0,0.75,79.3213432030226,2.6818604550450256,59787038.45968734,57003643.68260087,46.1439867897532,2023
53073,2024,7,bottom,Heavy Rain,5.25836803792977,0.7084328286693263,-0.5214155420222776,1,0.0,0.0,0.5416666666666666,79.09164160690878,2.6442384224140554,73797960.9692615,75856321.97656357,37.62482635945401,2023
53073,2024,7,mid,Heavy Rain,7.524923687875031,0.9939379663206713,-1.0732918228046249,1,0.0,0.0,0.5416666666666666,79.09164160690878,2.6442384224140554,73797960.9692615,75856321.97656357,37.62482635945401,2023
53073,2024,7,top,Heavy Rain,7.63423485964627,1.3233605506080595,-1.7341574943930784,1,0.0,0.0,0.5416666666666666,79.09164160690878,2.6442384224140554,73797960.9692615,75856321.97656357,37.62482635945401,2023
53075,2020,5,bottom,"Funnel Cloud,Thunderstorm Wind",-11.700001357924307,0.7740101128598145,-2.3568355501117915,5,30000.0,10.308985993422082,0.020138888888888887,51.489,2.57445,1770467.4368305358,2092350.42772,26.1726448561,2020
53075,2020,5,mid,"Funnel Cloud,Thunderstorm Wind",-11.453701832126697,0.9564799053004517,-0.4001985620858335,5,30000.0,10.308985993422082,0.020138888888888887,51.489,2.57445,1770467.4368305358,2092350.42772,26.1726448561,2020
53075,2020,5,top,"Funnel Cloud,Thunderstorm Wind",-18.437235876840248,1.2915273144865174,3.6215000358255387,5,30000.0,10.308985993422082,0.020138888888888887,51.489,2.57445,1770467.4368305358,2092350.42772,26.1726448561,2020
54019,2024,5,bottom,Thunderstorm Wind,0.443196637163922,0.7333964573713218,-0.4988935733194637,4,23000.0,10.043292972227004,0.0,26.87153015324968,2.4600032043673874,9607600.112217592,7493567.303442221,62.79090756644028,2023
54019,2024,5,mid,Thunderstorm Wind,-1.079987247720382,0.3930971028958371,-0.5238508760373008,4,23000.0,10.043292972227004,0.0,26.87153015324968,2.4600032043673874,9607600.112217592,7493567.303442221,62.79090756644028,2023
54019,2024,5,top,Thunderstorm Wind,-2.4428095417148796,0.21602310515846804,-1.012321354381503,4,23000.0,10.043292972227004,0.0,26.87153015324968,2.4600032043673874,9607600.112217592,7493567.303442221,62.79090756644028,2023
54023,2024,8,bottom,Thunderstorm Wind,7.582441955412861,1.5104866587652857,-3.9814931223583394,1,1000.0,6.90875477931522,0.0,33.157549763159686,2.4761943674654354,6714482.5395344,5067641.808046512,54.414096764285034,2023
54023,2024,8,mid,Thunderstorm Wind,6.416833567668817,1.1011420473856306,-2.07320615315534,1,1000.0,6.90875477931522,0.0,33.157549763159686,2.4761943674654354,6714482.5395344,5067641.808046512,54.414096764285034,2023
54023,2024,8,top,Thunderstorm Wind,0.16692321844796254,0.543923046588009,-2.4130439738955167,1,1000.0,6.90875477931522,0.0,33.157549763159686,2.4761943674654354,6714482.5395344,5067641.808046512,54.414096764285034,2023
54029,2022,7,bottom,Hail,2.593553857829505,0.7116301695831649,-4.8360127373830295,1,0.0,0.0,0.0,53.28740115258789,2.686177012966919,2452053.749638563,2013248.9922615706,40.67906590207242,2021
54029,2022,7,mid,Hail,1.9542844468786598,0.4644822249221696,-3.2103765329848577,1,0.0,0.0,0.0,53.28740115258789,2.686177012966919,2452053.749638563,2013248.9922615706,40.67906590207242,2021
54029,2022,7,top,Hail,-2.6923324663618757,0.367410584584111,-1.6588585340564397,1,0.0,0.0,0.0,53.28740115258789,2.686177012966919,2452053.749638563,2013248.9922615706,40.67906590207242,2021
54035,2023,8,bottom,"Hail,Thunderstorm Wind",7.871963127818688,1.4078183910085214,-2.683764466634296,2,250.0,5.5254529391317835,0.0,34.50200233221219,2.5191073904573567,4811764.966124145,4044490.9351263223,26.73777321624941,2023
54035,2023,8,mid,"Hail,Thunderstorm Wind",12.608008366864226,0.9533742178462337,-1.5690119523325923,2,250.0,5.5254529391317835,0.0,34.50200233221219,2.5191073904573567,4811764.966124145,4044490.9351263223,26.73777321624941,2023
54035,2023,8,top,"Hail,Thunderstorm Wind",13.217708834933944,0.5076148419116835,0.8303989838671839,2,250.0,5.5254529391317835,0.0,34.50200233221219,2.5191073904573567,4811764.966124145,4044490.9351263223,26.73777321624941,2023
55007,2024,3,bottom,Hail,8.326872889052567,0.559353051237619,-0.8069294901730663,1,0.0,0.0,0.0006944444444444445,74.68274595537258,2.6425362981123826,4842755.547776885,3996631.196032581,30.16250966279985,2023
55007,2024,3,mid,Hail,9.990704603150647,1.1113093301981387,2.678545862999395,1,0.0,0.0,0.0006944444444444445,74.68274595537258,2.6425362981123826,4842755.547776885,3996631.196032581,30.16250966279985,2023
55007,2024,3,top,Hail,-2.041532510474866,0.5101400990373808,2.400421910529355,1,0.0,0.0,0.0006944444444444445,74.68274595537258,2.6425362981123826,4842755.547776885,3996631.196032581,30.16250966279985,2023
55013,2021,6,bottom,Hail,3.8189211286304072,0.5862592323125214,-2.3296275141733296,1,0.0,0.0,0.001388888888888889,52.280002,2.6140001,2142292.9275518456,1352705.2068334608,48.994875837602024,2020
55013,2021,6,mid,Hail,9.938130546581263,0.3810175362087282,-1.2617090979725798,1,0.0,0.0,0.001388888888888889,52.280002,2.6140001,2142292.9275518456,1352705.2068334608,48.994875837602024,2020
55013,2021,6,top,Hail,14.094259914684287,0.9141226047218082,-0.28010847632444796,1,0.0,0.0,0.001388888888888889,52.280002,2.6140001,2142292.9275518456,1352705.2068334608,48.994875837602024,2020
55017,2023,8,bottom,"Hail,Thunderstorm Wind",0.01335779217239974,0.40293230405073927,-1.618954571960818,4,0.0,0.0,0.011111111111111112,87.97661605224327,2.734123549375518,9607020.493286554,10077947.042430865,12.774257106609552,2023
55017,2023,8,mid,"Hail,Thunderstorm Wind",4.970008465457894,0.5818523091756973,-0.6797549709767594,4,0.0,0.0,0.011111111111111112,87.97661605224327,2.734123549375518,9607020.493286554,10077947.042430865,12.774257106609552,2023
55017,2023,8,top,"Hail,Thunderstorm Wind",7.435731353613704,0.9063050361190443,-1.3936677284988406,4,0.0,0.0,0.011111111111111112,87.97661605224327,2.734123549375518,9607020.493286554,10077947.042430865,12.774257106609552,2023
55029,2024,6,bottom,Flash Flood,-0.344149051712634,0.6070387631957702,-2.364119108094338,4,80000.0,11.289794413577894,0.6666666666666666,99.76243349525792,2.8883557266154343,8387610.240230314,8051924.815396007,25.32946116837935,2023
55029,2024,6,mid,Flash Flood,6.083479695642424,0.47674632587417104,-1.4168530798621835,4,80000.0,11.289794413577894,0.6666666666666666,99.76243349525792,2.8883557266154343,8387610.240230314,8051924.815396007,25.32946116837935,2023
55029,2024,6,top,Flash Flood,4.6307223212450594,0.2644000766950751,1.2843220712374357,4,80000.0,11.289794413577894,0.6666666666666666,99.76243349525792,2.8883557266154343,8387610.240230314,8051924.815396007,25.32946116837935,2023
55033,2023,8,bottom,Hail,-1.7713218242262059,0.21455160556475394,0.8239134802214162,3,0.0,0.0,0.002777777777777778,68.27502657893041,2.6488933093900924,9992864.993802134,10181361.379316892,21.837486443104876,2023
55033,2023,8,mid,Hail,-2.399298383896962,0.20837071731338994,2.104921407902945,3,0.0,0.0,0.002777777777777778,68.27502657893041,2.6488933093900924,9992864.993802134,10181361.379316892,21.837486443104876,2023
55033,2023,8,top,Hail,-0.7201546707471493,0.19534150330092076,2.216403480200313,3,0.0,0.0,0.002777777777777778,68.27502657893041,2.6488933093900924,9992864.993802134,10181361.379316892,21.837486443104876,2023
55033,2024,8,bottom,Thunderstorm Wind,-2.7442782270622814,0.768934611966514,1.456350714258799,4,0.0,0.0,0.018055555555555557,63.31909915742588,2.585339577365767,12690257.25605858,15337703.00404898,17.031453540345645,2023
55033,2024,8,mid,Thunderstorm Wind,-5.352134888754975,0.8253097874106184,0.8258486669666875,4,0.0,0.0,0.018055555555555557,63.31909915742588,2.585339577365767,12690257.25605858,15337703.00404898,17.031453540345645,2023
55033,2024,8,top,Thunderstorm Wind,-9.874993681193914,0.9319954492279721,1.004258875145581,4,0.0,0.0,0.018055555555555557,63.31909915742588,2.585339577365767,12690257.25605858,15337703.00404898,17.031453540345645,2023
55035,2024,8,bottom,Thunderstorm Wind,-1.266440291374309,0.37528751702060026,3.7095049424653816,2,0.0,0.0,0.008333333333333333,88.28740792910921,2.684704746140625,26052198.933706608,29537195.062870093,20.93880145982955,2023
55035,2024,8,mid,Thunderstorm Wind,-3.4126733263726976,0.5923446249900883,3.098819451620576,2,0.0,0.0,0.008333333333333333,88.28740792910921,2.684704746140625,26052198.933706608,29537195.062870093,20.93880145982955,2023
55035,2024,8,top,Thunderstorm Wind,-9.577741297758934,0.9896494100462911,3.15851956974061,2,0.0,0.0,0.008333333333333333,88.28740792910921,2.684704746140625,26052198.933706608,29537195.062870093,20.93880145982955,2023
55037,2025,7,bottom,Thunderstorm Wind,-21.47813363371887,2.6354628014696195,-0.528597876880113,2,0.0,0.0,0.0020833333333333333,45.835534921634796,2.4799242414106004,15942675.475412963,14958238.045445781,37.321451129607894,2023
55037,2025,7,mid,Thunderstorm Wind,-16.085183658817854,1.9418244721008358,0.7385887841214659,2,0.0,0.0,0.0020833333333333333,45.835534921634796,2.4799242414106004,15942675.475412963,14958238.045445781,37.321451129607894,2023
55037,2025,7,top,Thunderstorm Wind,-14.048721086411462,1.5185874187544506,1.6284671774079318,2,0.0,0.0,0.0020833333333333333,45.835534921634796,2.4799242414106004,15942675.475412963,14958238.045445781,37.321451129607894,2023
55039,2023,8,bottom,Thunderstorm Wind,12.421692902907452,1.2208120645636453,-1.3704491109544392,3,11000.0,9.305741456739435,0.010416666666666666,97.19569253550156,2.8197177563958187,16003813.610964276,17407343.136882693,15.280492104259883,2023
55039,2023,8,mid,Thunderstorm Wind,6.985988628134194,1.045970507570771,-1.0130904617941923,3,11000.0,9.305741456739435,0.010416666666666666,97.19569253550156,2.8197177563958187,16003813.610964276,17407343.136882693,15.280492104259883,2023
55039,2023,8,top,Thunderstorm Wind,5.232513888630393,0.7723668235782679,0.2379473282073358,3,11000.0,9.305741456739435,0.010416666666666666,97.19569253550156,2.8197177563958187,16003813.610964276,17407343.136882693,15.280492104259883,2023
55041,2024,6,bottom,Thunderstorm Wind,-12.818923628020684,0.6319837948173364,3.0548577620255863,1,0.0,0.0,0.001388888888888889,48.36610637085046,2.534602165414928,7527825.376789878,5668247.28218876,56.14688485815874,2023
55041,2024,6,mid,Thunderstorm Wind,-9.992101321487993,0.6091510864229847,5.048996531895587,1,0.0,0.0,0.001388888888888889,48.36610637085046,2.534602165414928,7527825.376789878,5668247.28218876,56.14688485815874,2023
55041,2024,6,top,Thunderstorm Wind,0.8689616210639457,0.3406671733077988,4.058190632758117,1,0.0,0.0,0.001388888888888889,48.36610637085046,2.534602165414928,7527825.376789878,5668247.28218876,56.14688485815874,2023
55051,2024,5,bottom,Hail,11.126799006664584,0.4704850062753917,3.4107925326847615,1,0.0,0.0,0.0006944444444444445,31.944410761335284,2.4800831264347996,2671259.9546247306,1996739.5641357873,44.394686384292726,2023
55051,2024,5,mid,Hail,9.494412095116488,0.47479694478146434,-0.7177506860314603,1,0.0,0.0,0.0006944444444444445,31.944410761335284,2.4800831264347996,2671259.9546247306,1996739.5641357873,44.394686384292726,2023
55051,2024,5,top,Hail,7.580812523195576,0.7795315745179873,-0.26497723528748907,1,0.0,0.0,0.0006944444444444445,31.944410761335284,2.4800831264347996,2671259.9546247306,1996739.5641357873,44.394686384292726,2023
55067,2023,6,bottom,Hail,10.614302174169225,0.7615266339131638,-1.9008507115077482,2,0.0,0.0,0.001388888888888889,76.12570279730488,2.685916205878218,3587500.86731845,3354037.3301274995,21.54552380310192,2023
55067,2023,6,mid,Hail,-1.6569686965360972,0.11338305804051872,0.8162085156826938,2,0.0,0.0,0.001388888888888889,76.12570279730488,2.685916205878218,3587500.86731845,3354037.3301274995,21.54552380310192,2023
55067,2023,6,top,Hail,-5.436548399451951,0.17798483796856382,2.198240063346011,2,0.0,0.0,0.001388888888888889,76.12570279730488,2.685916205878218,3587500.86731845,3354037.3301274995,21.54552380310192,2023
55073,2023,5,bottom,Hail,12.17224964849099,1.1121936243131532,-2.671965533655969,1,0.0,0.0,0.0006944444444444445,94.62130900905166,2.7934193515142045,12659215.490112351,13137312.199255656,18.08171625726592,2023
55073,2023,5,mid,Hail,8.085559833994665,0.7178551288831319,-2.197117028136413,1,0.0,0.0,0.0006944444444444445,94.62130900905166,2.7934193515142045,12659215.490112351,13137312.199255656,18.08171625726592,2023
55073,2023,5,top,Hail,7.445350047451029,0.7952344340038123,0.3553345267840484,1,0.0,0.0,0.0006944444444444445,94.62130900905166,2.7934193515142045,12659215.490112351,13137312.199255656,18.08171625726592,2023
55075,2024,6,bottom,Thunderstorm Wind,16.136816630503517,1.1301812584130961,-3.3163594702989485,2,0.0,0.0,0.002777777777777778,64.56905702603737,2.5954714201260654,21513884.16239216,20161288.54944793,33.32605164584961,2023
55075,2024,6,mid,Thunderstorm Wind,2.228786356568804,0.48421802691615823,0.4537816164847233,2,0.0,0.0,0.002777777777777778,64.56905702603737,2.5954714201260654,21513884.16239216,20161288.54944793,33.32605164584961,2023
55075,2024,6,top,Thunderstorm Wind,-4.833033507350706,0.30832827083271197,0.44284173400709886,2,0.0,0.0,0.002777777777777778,64.56905702603737,2.5954714201260654,21513884.16239216,20161288.54944793,33.32605164584961,2023
55085,2025,5,bottom,Thunderstorm Wind,-22.54478084381303,1.3170914350767888,8.284369281335984,1,0.0,0.0,0.0006944444444444445,83.33163575628268,2.6194725325609722,19269115.306463405,19396853.358804595,27.175978869893505,2023
55085,2025,5,mid,Thunderstorm Wind,-18.51820031963662,1.2331049357950659,4.564374066338871,1,0.0,0.0,0.0006944444444444445,83.33163575628268,2.6194725325609722,19269115.306463405,19396853.358804595,27.175978869893505,2023
55085,2025,5,top,Thunderstorm Wind,-6.740818450490778,0.18549857888793492,3.1116443999841628,1,0.0,0.0,0.0006944444444444445,83.33163575628268,2.6194725325609722,19269115.306463405,19396853.358804595,27.175978869893505,2023
55087,2023,5,bottom,Hail,1.7578621835338595,0.13394066980299899,-0.7976036505300547,1,0.0,0.0,0.0006944444444444445,98.10114887374911,2.8476557325590304,13949304.257402932,16161774.44619416,7.951622348220548,2023
55087,2023,5,mid,Hail,3.6360473273435474,0.23458984357576732,1.0171853154434227,1,0.0,0.0,0.0006944444444444445,98.10114887374911,2.8476557325590304,13949304.257402932,16161774.44619416,7.951622348220548,2023
55087,2023,5,top,Hail,2.2610757199584555,0.2922774913807169,1.388813021539401,1,0.0,0.0,0.0006944444444444445,98.10114887374911,2.8476557325590304,13949304.257402932,16161774.44619416,7.951622348220548,2023
55091,2023,8,bottom,Hail,3.1904102154472582,0.4731921096920238,3.027514128288056,1,0.0,0.0,0.0020833333333333333,58.73252500507144,2.6132353001951647,2351535.1354761077,2178424.5354903117,12.175342838010476,2023
55091,2023,8,mid,Hail,2.759443020816832,0.29611760835904855,2.5173567064929947,1,0.0,0.0,0.0020833333333333333,58.73252500507144,2.6132353001951647,2351535.1354761077,2178424.5354903117,12.175342838010476,2023
55091,2023,8,top,Hail,3.640983624519322,0.43342889860527056,1.8575536944180584,1,0.0,0.0,0.0020833333333333333,58.73252500507144,2.6132353001951647,2351535.1354761077,2178424.5354903117,12.175342838010476,2023
55093,2024,8,bottom,"Thunderstorm Wind,Tornado",-2.0424622267065757,0.863746194317307,2.970538087647872,6,0.0,0.0,0.020833333333333332,59.66561976478465,2.5722236267352034,12751885.327740958,15604522.850758165,6.830241322032137,2023
55093,2024,8,mid,"Thunderstorm Wind,Tornado",-1.885337646094797,0.6747197950079973,2.7081599974009314,6,0.0,0.0,0.020833333333333332,59.66561976478465,2.5722236267352034,12751885.327740958,15604522.850758165,6.830241322032137,2023
55093,2024,8,top,"Thunderstorm Wind,Tornado",-6.868752859012162,0.7894548443276803,1.5554434553423657,6,0.0,0.0,0.020833333333333332,59.66561976478465,2.5722236267352034,12751885.327740958,15604522.850758165,6.830241322032137,2023
55095,2023,8,bottom,Thunderstorm Wind,5.1657064147132274,0.4258257185749351,2.7877710908448328,1,0.0,0.0,0.003472222222222222,61.96909488816518,2.6261931232798443,10187032.447405256,9780758.658335004,13.566805782762193,2023
55095,2023,8,mid,Thunderstorm Wind,2.4667447401942297,0.2561980758925226,3.5437152313379365,1,0.0,0.0,0.003472222222222222,61.96909488816518,2.6261931232798443,10187032.447405256,9780758.658335004,13.566805782762193,2023
55095,2023,8,top,Thunderstorm Wind,5.000925776466659,0.482127126868462,4.201607489499627,1,0.0,0.0,0.003472222222222222,61.96909488816518,2.6261931232798443,10187032.447405256,9780758.658335004,13.566805782762193,2023
55099,2023,4,bottom,Flood,-3.4817340446419394,0.6693734143961314,2.4938631116090684,4,480000.0,13.081543466215237,28.166666666666668,59.821858573358824,2.6326641813933476,1723739.353473291,1630990.6278039005,21.250203963423296,2023
55099,2023,4,mid,Flood,-4.727330578577579,0.3285786163938568,0.33137517948989154,4,480000.0,13.081543466215237,28.166666666666668,59.821858573358824,2.6326641813933476,1723739.353473291,1630990.6278039005,21.250203963423296,2023
55099,2023,4,top,Flood,-1.7257589069325405,0.11207053817960556,-1.7741129334999595,4,480000.0,13.081543466215237,28.166666666666668,59.821858573358824,2.6326641813933476,1723739.353473291,1630990.6278039005,21.250203963423296,2023
55099,2025,7,bottom,Thunderstorm Wind,21.304897445154282,1.0759466993444133,-19.33232594733586,3,0.0,0.0,0.0020833333333333333,56.902031814301054,2.5201073615302105,9444776.772934029,7991683.0892547015,50.95572127553489,2023
55099,2025,7,mid,Thunderstorm Wind,6.164354138802992,0.5702968327000919,-4.96330704846515,3,0.0,0.0,0.0020833333333333333,56.902031814301054,2.5201073615302105,9444776.772934029,7991683.0892547015,50.95572127553489,2023
55099,2025,7,top,Thunderstorm Wind,0.6655945180150411,0.3818787328571666,0.23196608048614564,3,0.0,0.0,0.0020833333333333333,56.902031814301054,2.5201073615302105,9444776.772934029,7991683.0892547015,50.95572127553489,2023
55109,2023,8,bottom,Hail,7.803241027608863,0.7319181631716285,3.0858961745032616,2,0.0,0.0,0.004166666666666667,84.17719587352082,2.71460318273001,17679931.650377613,21578791.54955364,2.772031772227709,2023
55109,2023,8,mid,Hail,6.181546871854309,0.8532109022750959,3.027171754737869,2,0.0,0.0,0.004166666666666667,84.17719587352082,2.71460318273001,17679931.650377613,21578791.54955364,2.772031772227709,2023
55109,2023,8,top,Hail,4.155982932001592,0.7663971265438692,3.8432620433454048,2,0.0,0.0,0.004166666666666667,84.17719587352082,2.71460318273001,17679931.650377613,21578791.54955364,2.772031772227709,2023
55115,2023,6,bottom,Thunderstorm Wind,24.79451878787353,2.138905024186293,-5.38482267203958,1,0.0,0.0,0.001388888888888889,83.95856932746628,2.720489577419744,6307185.255015701,6262251.007567179,20.11202889171076,2023
55115,2023,6,mid,Thunderstorm Wind,10.321821313337395,0.9304785874588449,-1.664771535308849,1,0.0,0.0,0.001388888888888889,83.95856932746628,2.720489577419744,6307185.255015701,6262251.007567179,20.11202889171076,2023
55115,2023,6,top,Thunderstorm Wind,6.237593291375944,0.7734389965239805,0.19265725167638928,1,0.0,0.0,0.001388888888888889,83.95856932746628,2.720489577419744,6307185.255015701,6262251.007567179,20.11202889171076,2023
55117,2023,8,bottom,Thunderstorm Wind,5.981032142500524,0.5127917670117983,-2.480008183268571,1,10000.0,9.210440366976517,0.002777777777777778,99.80295398437727,2.934860244373964,13421770.776174055,14913424.781195227,17.69562360329368,2023
55117,2023,8,mid,Thunderstorm Wind,6.438654863227512,0.4752329063748665,-2.2481177149408373,1,10000.0,9.210440366976517,0.002777777777777778,99.80295398437727,2.934860244373964,13421770.776174055,14913424.781195227,17.69562360329368,2023
55117,2023,8,top,Thunderstorm Wind,3.889015100134685,0.31137244937149533,-1.3063920818224328,1,10000.0,9.210440366976517,0.002777777777777778,99.80295398437727,2.934860244373964,13421770.776174055,14913424.781195227,17.69562360329368,2023
55137,2023,6,bottom,Hail,-2.8479252469739436,0.25469519196200957,-0.7872151977344449,1,0.0,0.0,0.0006944444444444445,50.42933217634792,2.5882853165222612,5989782.613635539,5344695.883159758,36.645592922033025,2023
55137,2023,6,mid,Hail,-6.129421887483517,0.5797262431132942,-1.3369256058567534,1,0.0,0.0,0.0006944444444444445,50.42933217634792,2.5882853165222612,5989782.613635539,5344695.883159758,36.645592922033025,2023
55137,2023,6,top,Hail,-2.3683359685833807,0.28090619339904443,1.2980140480684337,1,0.0,0.0,0.0006944444444444445,50.42933217634792,2.5882853165222612,5989782.613635539,5344695.883159758,36.645592922033025,2023
55139,2023,4,bottom,Hail,-3.403074549775411,0.192210047940169,1.5668387657354685,2,0.0,0.0,0.001388888888888889,98.47509445601048,2.8622857466956675,19832236.8035336,21102879.90325481,20.59544621160038,2023
55139,2023,4,mid,Hail,-1.0671547127517016,0.18062901869074785,1.6486937178065422,2,0.0,0.0,0.001388888888888889,98.47509445601048,2.8622857466956675,19832236.8035336,21102879.90325481,20.59544621160038,2023
55139,2023,4,top,Hail,-1.6278880689735047,0.1171736184466392,1.1311707148941157,2,0.0,0.0,0.001388888888888889,98.47509445601048,2.8622857466956675,19832236.8035336,21102879.90325481,20.59544621160038,2023
56001,2022,7,bottom,Flash Flood,-1.208117389723327,0.12389979421643033,-3.2202631570275977,4,0.0,0.0,0.0,64.49920130517577,2.694135547055054,3760271.841913608,4375077.41672711,23.640449006302788,2021
56001,2022,7,mid,Flash Flood,0.4289415818551987,0.13070227513768526,-2.778319403047808,4,0.0,0.0,0.0,64.49920130517577,2.694135547055054,3760271.841913608,4375077.41672711,23.640449006302788,2021
56001,2022,7,top,Flash Flood,-0.6056587990493512,0.3342578501821575,-0.743165789822721,4,0.0,0.0,0.0,64.49920130517577,2.694135547055054,3760271.841913608,4375077.41672711,23.640449006302788,2021
56003,2021,6,bottom,"Flood,Thunderstorm Wind",-13.521518662998417,0.9477977547641373,-3.185245217120477,6,50000.0,10.819798284210286,16.0125,51.005002000000005,2.5502501,2054152.3404070484,1752659.5524125334,36.69688608591649,2020
56003,2021,6,mid,"Flood,Thunderstorm Wind",-6.257863206663515,0.593964974947461,-2.6857290805558023,6,50000.0,10.819798284210286,16.0125,51.005002000000005,2.5502501,2054152.3404070484,1752659.5524125334,36.69688608591649,2020
56003,2021,6,top,"Flood,Thunderstorm Wind",-7.865615717702823,0.7698754836459238,-4.402579855674129,6,50000.0,10.819798284210286,16.0125,51.005002000000005,2.5502501,2054152.3404070484,1752659.5524125334,36.69688608591649,2020
56013,2022,7,bottom,Thunderstorm Wind,-7.747431843820706,1.028978691631168,-2.241545617735236,2,0.0,0.0,0.005555555555555556,36.402599076293946,2.509721981478882,6544553.5589551665,4970132.750928722,58.39860784269761,2021
56013,2022,7,mid,Thunderstorm Wind,-0.6953010140051958,0.4912151836552116,-3.3317499794650445,2,0.0,0.0,0.005555555555555556,36.402599076293946,2.509721981478882,6544553.5589551665,4970132.750928722,58.39860784269761,2021
56013,2022,7,top,Thunderstorm Wind,-3.2772295057453533,0.47774776321633566,-3.225763423646171,2,0.0,0.0,0.005555555555555556,36.402599076293946,2.509721981478882,6544553.5589551665,4970132.750928722,58.39860784269761,2021
56023,2023,5,bottom,Flood,-1.4309849475248058,0.6350262901116474,2.1722671396632287,12,0.0,0.0,72.16388888888889,29.104929662153395,2.506999382254916,11931753.228718853,11357135.599538527,15.424536936892238,2023
56023,2023,5,mid,Flood,-0.6983354790889535,0.13394242940666787,0.43493191685745575,12,0.0,0.0,72.16388888888889,29.104929662153395,2.506999382254916,11931753.228718853,11357135.599538527,15.424536936892238,2023
56023,2023,5,top,Flood,4.007370673284143,0.5788682546929051,-0.4178725031336323,12,0.0,0.0,72.16388888888889,29.104929662153395,2.506999382254916,11931753.228718853,11357135.599538527,15.424536936892238,2023
56035,2023,8,bottom,Thunderstorm Wind,7.3565842296058435,0.4545272866954848,-2.5231758525455255,1,0.0,0.0,0.0,5.184703539971057,2.3536847370552203,5840449.50411133,5532512.305513672,12.463110882344933,2023
56035,2023,8,mid,Thunderstorm Wind,-5.822980351303599,0.45346844130014324,0.5708129455564072,1,0.0,0.0,0.0,5.184703539971057,2.3536847370552203,5840449.50411133,5532512.305513672,12.463110882344933,2023
56035,2023,8,top,Thunderstorm Wind,2.9995122812965604,0.09037324237452331,-0.5134158446578047,1,0.0,0.0,0.0,5.184703539971057,2.3536847370552203,5840449.50411133,5532512.305513672,12.463110882344933,2023
56039,2020,8,bottom,Thunderstorm Wind,5.218131864253152,1.3088422702901308,4.845617589652723,2,0.0,0.0,0.003472222222222222,51.918402,2.5959201,3837481.5702241384,5498958.19137,19.5112337406,2020
56039,2020,8,mid,Thunderstorm Wind,12.14092033420772,1.7014740487372124,4.640174695898414,2,0.0,0.0,0.003472222222222222,51.918402,2.5959201,3837481.5702241384,5498958.19137,19.5112337406,2020
56039,2020,8,top,Thunderstorm Wind,7.136107455461087,1.3362184918074922,5.647260143175411,2,0.0,0.0,0.003472222222222222,51.918402,2.5959201,3837481.5702241384,5498958.19137,19.5112337406,2020
56039,2021,8,bottom,Hail,31.782647863093374,2.7569782637823907,-2.3850763072977657,1,0.0,0.0,0.002777777777777778,51.91840199999999,2.5959201,4343778.246473577,6224461.155795349,19.511233740628914,2020
56039,2021,8,mid,Hail,38.08382110152988,3.5665176398688283,-5.808182092564768,1,0.0,0.0,0.002777777777777778,51.91840199999999,2.5959201,4343778.246473577,6224461.155795349,19.511233740628914,2020
56039,2021,8,top,Hail,45.702792303021894,4.249197749835098,-2.783083546717213,1,0.0,0.0,0.002777777777777778,51.91840199999999,2.5959201,4343778.246473577,6224461.155795349,19.511233740628914,2020
56041,2020,6,bottom,"Hail,Thunderstorm Wind",-9.629711653466913,1.7061321185009348,-0.24373600268729945,7,0.0,0.0,0.021527777777777774,52.554202,2.6277101,1592283.5449068733,2052056.63267,24.0441466299,2020
56041,2020,6,mid,"Hail,Thunderstorm Wind",-9.864030401926186,1.6641798933513352,0.12888399961262564,7,0.0,0.0,0.021527777777777774,52.554202,2.6277101,1592283.5449068733,2052056.63267,24.0441466299,2020
56041,2020,6,top,"Hail,Thunderstorm Wind",-6.853923611497322,1.5239159910031341,-0.13067912312627547,7,0.0,0.0,0.021527777777777774,52.554202,2.6277101,1592283.5449068733,2052056.63267,24.0441466299,2020
56043,2020,8,bottom,Thunderstorm Wind,-4.9828014620012056,0.5916927026471156,1.6177850591698615,1,0.0,0.0,0.0,51.484398,2.5742199,934296.7777241736,690754.390151,41.3086322428,2020
56043,2020,8,mid,Thunderstorm Wind,-2.6618675369229408,0.4927947514707094,1.3070116388232407,1,0.0,0.0,0.0,51.484398,2.5742199,934296.7777241736,690754.390151,41.3086322428,2020
56043,2020,8,top,Thunderstorm Wind,-5.175333486994347,0.7071988728652877,1.3834403471083145,1,0.0,0.0,0.0,51.484398,2.5742199,934296.7777241736,690754.390151,41.3086322428,2020
