target_fips,storm_year,storm_month,n_clean_neighbors,neighbor_fips,target_zhvi_t0,baseline_mean_zhvi_t0
42037,2022,7,1,42093,225197.4973764844,246747.9302344947
17039,2023,4,1,17147,117755.1747276914,190181.58526281745
48451,2022,7,1,48081,217643.2453124003,174377.91150388404
08099,2021,3,1,08011,135298.1436510767,130557.6748229841
16085,2023,5,2,"16045,16003",629144.2517631134,461196.06330062327
40121,2023,2,1,40005,133737.14677901403,179627.04138553483
47151,2025,5,3,"21231,47137,21147",183779.8432266677,177065.90525205605
40015,2022,6,1,40075,102802.61834295244,78686.784819249
01125,2024,2,1,01063,225188.9630523308,135404.33909986276
37009,2021,7,1,47091,303992.0625263704,192690.7077932528
23013,2021,6,1,23015,331106.7700447249,341972.6272747615
48309,2022,4,1,48217,250236.90984937423,220963.11664481813
13273,2021,5,1,13037,87569.54424632453,103695.53803513742
16017,2020,5,2,"30089,16079",383137.5892487211,209403.04600853543
45073,2022,9,2,"13147,13137",260306.66088335335,287672.95735183323
16053,2020,5,2,"16083,16067",245902.549740647,213638.91253291705
27127,2022,10,3,"27101,27083,27033",157261.71560947198,178341.34513719648
40113,2023,1,1,40103,198466.07313618783,134530.5169824836
32031,2023,9,4,"06049,32019,41037,32029",538874.4924340071,307547.6125628511
28127,2025,7,2,"28065,28129",152154.1057984298,130121.5960675456
16083,2021,8,2,"16053,16047",319638.4917561928,312835.05623279413
23029,2025,8,1,23009,191596.0346657517,397631.7623054714
19147,2024,7,1,19151,150947.30055617026,107278.6836802712
18135,2023,1,1,18075,128056.89619908798,136247.61063745522
27083,2024,9,2,"27173,27127",193645.80585651452,157150.34095676345
30047,2020,6,1,30089,328645.82942116214,242258.9944973639
01085,2022,6,1,01131,147480.3782213175,147095.30019130008
08027,2023,10,2,"08109,08043",392488.7228729609,274891.87250105885
41053,2021,12,1,41071,427210.10026074457,475047.661121183
20145,2024,8,1,20083,98521.28275290177,149071.16132588088
31071,2025,7,2,"31175,31183",224058.17468029368,215885.04563386767
18095,2021,8,1,18159,139338.70495250318,177373.87076155096
18057,2025,4,1,18023,448540.41969936737,212410.4305185832
40143,2021,12,1,40147,203344.17908642723,147545.77679268937
04019,2022,10,4,"04003,04023,04009,04027",351992.23475903255,266087.6660546916
17151,2023,7,1,17069,161499.1460635329,109698.34910782348
41005,2024,8,2,"41065,41027",609014.5616886105,537180.703930499
21075,2025,9,1,29143,89929.6827272167,97169.89799700146
35053,2020,6,2,"35006,35003",160288.99528379753,144749.1506678261
17149,2022,5,1,17013,88941.00311369407,182671.28605271663
13137,2021,10,1,13281,238177.8736800402,327622.38489950105
22071,2023,4,2,"22075,22087",276511.19730821217,262858.50347719394
40011,2023,8,2,"40043,40093",100989.85533085064,140948.2537376297
20125,2025,5,1,20133,92923.98099729155,103946.12498064309
27149,2025,8,1,27155,191932.5614456785,133272.73018834932
18019,2020,4,1,21223,179068.51843804956,147138.48887789637
05021,2025,8,1,05121,113839.7975946475,141698.03287135914
08085,2023,6,4,"08091,08113,08077,49037",417612.0967833667,713160.1982516549
13163,2021,5,1,13301,124347.13150187347,107516.84603918124
28035,2021,3,1,28109,160634.14625786498,149668.0065406008
17191,2023,5,1,17159,118748.8396748016,123574.58741898832
48229,2024,6,2,"48377,48109",,181257.06881532678
13213,2021,12,1,13111,206637.89984939728,470336.7748153351
21209,2025,6,3,"21239,21017,21097",328304.7605007026,282597.9138327691
17015,2025,8,3,"17085,19097,19045",142616.67932449238,207974.52732392398
18087,2023,6,2,"26149,26023",290243.33301269595,188880.4764254341
34023,2025,5,1,34021,562669.8072320479,440038.2029883475
16019,2021,8,2,"16065,16081",371126.2111264142,526342.2503546264
18105,2021,6,1,18093,252585.04834918663,162302.79955075638
01113,2024,5,1,13053,180968.51172790863,135153.0249611521
19047,2021,6,2,"19093,19193",124770.3497629935,137143.32088923972
26119,2021,6,4,"26135,26137,26039,26031",157494.1292434243,158737.99933953115
13139,2022,6,4,"13157,13011,13013,13137",370830.50569019496,323333.74467431894
39009,2023,3,1,39115,160393.34365911083,139859.36659120143
39023,2024,5,1,39021,179980.01982223304,224221.6750917146
17161,2025,4,2,"19115,19045",143420.03715817464,163758.12244031363
55031,2024,5,1,27075,228378.45997653189,248482.6320406703
51041,2025,7,1,51670,401443.103249395,209242.85432038005
47041,2024,7,1,47177,300049.3926257439,253108.86840535552
13105,2023,7,3,"13221,13195,13317",156092.58939869897,237211.80056464832
21185,2023,6,1,21223,410893.5365507288,202552.34804090377
26041,2020,6,1,26089,119809.47891642462,396801.8840839057
01041,2021,12,1,01039,127159.88474369516,149756.8840138791
01035,2022,1,1,01039,126659.09735955537,151113.88010559275
12099,2024,3,1,12093,497972.8396065117,279042.3943910052
39075,2024,4,2,"39169,39151",320231.57516591897,212909.25617973186
46085,2021,8,1,46023,,198110.7478932469
04005,2023,5,2,"49037,49025",572339.2680745166,371610.71827274933
26165,2022,9,4,"26085,26019,26133,26079",193191.02978141373,216284.3190563348
18073,2023,2,1,18181,244902.342062559,182992.00192996403
18057,2022,3,1,18159,402004.56206534855,190091.0079245974
29127,2025,6,2,"29137,29111",185337.95615259712,192017.31692328554
51550,2022,4,1,51740,362290.5075909873,224424.4756349868
27129,2024,9,3,"27127,27173,27023",169627.4582225827,171025.47792929207
51093,2023,12,1,51620,359445.74257492414,207496.4919679972
21083,2021,7,1,47183,119565.61402305803,132551.6791452221
34037,2024,7,1,34031,414442.89290524385,546709.0540610488
53065,2023,9,2,"53051,53063",345768.6403789786,381367.458077717
22111,2022,7,1,22067,152482.07316497463,112665.32694275254
49015,2020,7,1,49007,,157878.7703819972
01077,2022,3,1,28141,195260.8049071085,174965.50986026254
51153,2020,7,1,51685,420223.0127716069,329982.5064627005
21211,2020,7,1,21005,237292.72190913247,150675.98791885655
16001,2025,7,2,"16027,16045",513787.6683340176,435239.6650024514
21151,2025,9,4,"21109,21049,21065,21203",278184.11170614866,167035.36610209814
08055,2024,9,3,"08109,08003,08023",281806.835412252,247689.6587244233
48335,2022,6,1,48081,126542.77051741426,174961.26896156368
12123,2025,6,1,12067,185308.96763921715,245889.88904520776
28083,2021,6,1,28135,103388.9723958635,143926.18596402413
27051,2023,5,1,27041,202726.82960599015,303056.6377533371
42099,2022,5,1,42043,259570.4980893172,227961.74583100257
51650,2021,2,1,51735,201861.6598819146,362666.7158398316
30037,2022,7,1,30027,243805.7331420546,264977.4305964736
01005,2021,5,1,13259,139059.8506715428,89447.03371552513
22111,2025,8,1,05003,151601.12803284108,83326.56930740713
41039,2024,9,2,"41019,41035",448200.905081792,315970.8531620733
21035,2023,4,1,47079,213696.27344959768,188350.04556951657
08027,2020,7,1,08109,267101.1678389483,163397.74464081696
13279,2020,4,1,13283,110350.11910354008,107489.43016745133
46115,2021,10,1,46005,127099.9556222398,170848.078382498
44009,2022,9,1,44005,557073.5924296331,650556.6619247104
13311,2021,3,1,13281,216912.30164404967,287987.0296816512
05139,2023,7,2,"05011,05003",133062.48736819552,110560.53875555962
05103,2023,7,1,05039,110125.35872640548,125210.01284611052
39093,2022,4,1,39005,208419.4604871125,187850.3214453335
28067,2024,7,1,28111,163902.06145247363,154164.5991244235
08009,2021,6,1,08011,,142378.53338207796
45003,2021,7,1,45011,200687.81311458207,161049.84910247856
39171,2023,6,1,26059,157404.90242815987,181644.3799415274
01053,2023,4,2,"01035,01099",142282.6004899833,138461.16002562834
27013,2024,8,2,"27079,27091",277181.5687939427,263458.2373674609
54079,2020,1,1,54035,168883.06970603252,133443.8556343819
35049,2022,7,1,35028,542527.8466953099,503867.686007733
12097,2024,6,1,12055,389006.1204788899,241756.8157461524
48371,2023,10,1,48243,173168.6970835699,238027.605805732
22097,2021,3,1,22077,154380.61258802252,179932.8127316871
21185,2020,5,1,21223,312636.0769430204,147890.17443935075
51199,2020,9,1,51735,339753.3819862435,342858.6153644685
13217,2022,6,2,"13247,13159",296972.08491520066,296752.5439467594
05135,2021,6,1,05065,149808.69332232763,140923.2197432732
17189,2025,5,1,17081,143859.4650605221,125261.25956149794
17077,2025,9,2,"29157,17199",118911.80204484984,181433.34777756827
35023,2024,7,1,04011,131986.64702381464,215671.5258496181
48503,2024,2,1,48237,175630.7964966003,194965.03938695465
47001,2025,4,1,47173,301393.5258668649,281595.08291391225
13239,2022,6,1,13259,115275.73734383022,98050.90185867004
06023,2020,4,3,"06015,06093,06045",414745.2893747519,335778.27742055495
41051,2021,11,2,"53059,41027",512716.5037558352,557546.807086401
13091,2024,6,3,"13315,13175,13271",155197.4298639299,147721.69322091326
39167,2023,8,1,39115,167008.25225997777,146043.69830230475
16027,2021,6,1,16075,398189.1545248952,344206.45871691895
51089,2021,4,1,51690,108597.32610603988,72109.75662448425
32033,2023,9,3,"49027,49023,49045",187002.11363378295,394235.5947305115
37047,2025,9,1,37141,172264.10634326332,436026.61894243915
28145,2022,5,1,28139,186892.97560923747,142959.90850608973
16057,2024,9,1,16035,451095.65534628375,297470.7771085962
08055,2021,8,1,08003,238353.9004974227,244143.809815978
35061,2020,6,1,35006,195416.50993657336,105712.39629739964
32023,2025,9,3,"32011,32033,32015",352285.8001873135,197955.4669610475
29093,2021,9,1,29179,123503.95513844928,143931.0975370915
39019,2024,3,1,39151,172368.11861187615,188191.9019844824
51003,2021,8,1,51540,440659.1376121392,421169.08803131495
37017,2025,8,1,37141,153732.92781370674,437025.26868330705
08059,2022,8,3,"08019,08047,08093",662360.3043515561,561456.6908505118
29175,2020,11,1,29041,120199.97189346304,265698.2832390286
51005,2024,5,1,51580,166561.96713514757,95018.54386796668
18071,2025,7,1,18143,220863.25398751456,193050.2156602594
37131,2022,6,1,37185,115298.76775833777,230231.3238355672
06077,2021,10,1,06013,518951.5641903681,813921.4334756774
06025,2024,8,1,04027,341470.7269970028,275388.9668369426
08099,2021,7,1,08011,144544.2321082198,144886.12221254598
55133,2020,7,1,55055,342678.94381607254,238295.3321556314
26085,2020,11,3,"26101,26165,26133",127489.21577994087,154726.41564988802
19083,2023,3,1,19079,129875.09592087287,139622.63261503764
55105,2020,8,1,55055,177649.1583558964,239839.67444381965
17135,2023,4,2,"17051,17173",108776.96605333504,141487.41366317644
22105,2021,9,2,"28113,28005",224239.12664731423,142663.07766473055
54063,2023,2,2,"54089,51045",154370.57199433853,166314.75986589617
21181,2023,8,1,21201,176613.97785594742,169134.52704915672
19193,2024,7,2,"19093,31173",194878.73004253337,139988.50349936163
39089,2025,7,1,39083,323860.77771819575,270393.3097935884
55029,2022,6,1,26019,353409.28209745185,346894.6048891653
48133,2024,11,1,48093,150838.94165670715,216563.3879750813
04013,2021,10,2,"04012,04027",435952.335898608,225321.23025483443
54107,2025,6,1,54073,167255.43848728362,162037.77063468416
56007,2025,7,1,08107,205184.93807498735,1090211.016662088
19039,2025,6,2,"19185,19117",189237.6383109688,150309.43090596114
27059,2021,9,2,"27115,27025",291392.437639517,269422.84089240857
13161,2023,7,4,"13309,13279,13271,13209",136569.5708794721,141780.01185475546
47161,2023,7,1,47079,235239.4815797274,192935.1970107484
17167,2024,5,1,17017,170491.97706738827,98020.52170938176
53065,2020,6,1,53019,244994.1874285048,235966.27659709277
55053,2023,10,2,"55035,55141",193678.36919588156,239394.3537142313
53007,2022,6,4,"53057,53061,53037,53033",543097.9393753461,692242.5623095147
26037,2023,8,1,26155,279792.17414227355,186351.65527039368
35023,2021,6,1,04011,,212937.77530327495
29131,2024,11,1,29151,254600.90837324373,252991.92461818413
40113,2023,5,1,40103,196436.4931430656,138014.5805952194
18077,2020,3,1,21223,145736.70535031558,146513.4268722038
39091,2021,4,1,39021,193352.38356477197,178760.92634098316
49027,2022,6,1,49039,298986.6613240321,354434.3030636506
47177,2022,9,1,47175,233746.27979290704,208332.39301280235
30013,2021,7,2,"30059,30045",233282.75560429855,227148.09283618093
20143,2025,9,1,20123,164611.59280452432,139452.77081498472
39117,2021,5,1,39083,232143.70169100352,204279.181281946
05089,2025,8,1,05129,217948.8549386935,167735.29836663225
48497,2024,3,1,48237,378124.0855461077,198329.14331663027
13291,2025,6,1,13281,378415.1064196876,392290.7329619198
48485,2021,7,1,40033,133886.21193006236,85439.01219946537
01085,2022,10,2,"01131,01013",148007.42136830257,132172.56225567427
17117,2020,7,1,17083,118661.48242737608,143490.09811046594
53059,2021,1,4,"53039,41027,53077,53011",443304.7894723927,403594.26891212544
35007,2023,4,3,"35055,08023,35059",243095.5418657224,275753.5660728572
18095,2021,12,1,18159,142829.27403830594,182563.36226994972
13267,2024,6,1,13279,180022.0587755438,161070.1456609218
18057,2025,8,1,18023,450221.87028041383,211648.35782810743
48451,2024,4,1,48431,225559.0828838377,217633.0354774196
51005,2021,4,1,51580,136017.2589320933,70935.51252214656
06001,2021,12,3,"06013,06075,06085",1089112.6758456344,1245321.5378941987
16039,2020,4,2,"16083,16025",210968.8438212228,261814.5229939847
21191,2025,4,2,"21097,21081",230993.50902116665,253340.93302334478
17005,2023,3,1,17051,137327.18496158902,142769.52666862882
13175,2020,4,1,13283,136427.59675816275,107489.43016745133
05013,2024,5,1,05011,130406.98894294816,126832.17843511143
01111,2023,8,1,13045,192259.18590210963,279336.721110492
48499,2025,4,1,48379,272808.6554981416,288524.3946638816
21053,2024,8,1,47137,157326.62832272763,222910.3151673624
37029,2023,6,1,37177,334985.8054241045,168712.30640109535
46031,2023,6,1,38029,154074.90126274235,121669.94834862724
27015,2021,12,3,"27127,27165,27033",184108.38036239147,133071.52322291982
27161,2024,8,1,27079,235888.063094929,332227.0104103831
37061,2025,4,1,37141,181071.03366875404,439610.15239154286
28163,2025,8,1,28051,106638.58669573926,77057.142924437
38077,2023,5,1,38081,197834.6479465141,181487.3905300916
12057,2020,2,1,12049,246576.11048790367,135400.53159428312
42071,2022,7,1,42043,321536.37638283917,231610.10356529255
13091,2021,3,3,"13023,13309,13235",129948.96402579456,119112.28084940149
49033,2021,8,2,"16041,16007",421693.99446499656,359346.4905849076
46115,2023,6,1,46005,141220.37794120956,185222.7462640476
34023,2025,9,1,34021,563966.6345693631,438574.3379538224
48075,2025,7,1,40057,104337.964805193,76699.64888368572
46039,2024,8,2,"27173,27073",280993.2138537226,169727.88543968723
39009,2023,7,1,39115,166017.5701563386,145557.17978757943
39023,2024,9,1,39021,184420.6453829198,226920.58410277357
01071,2023,7,1,13083,188692.3171848974,231817.5316792708
22017,2021,3,1,48315,132492.7370788223,135771.4946853254
47155,2021,5,1,37087,336801.20698770444,270483.0337657018
46091,2023,6,1,38081,220681.3016762218,179733.20003500534
06001,2020,4,1,06099,880449.398360432,338557.8081334559
13289,2021,3,2,"13023,13021",100826.37696065196,122629.50236586135
27097,2023,4,3,"27009,27153,27095",267654.4272172084,260998.72514988834
53009,2025,2,1,53055,489885.2812757117,886068.8155460694
23005,2024,8,1,23023,547991.8159224187,419844.7663666191
22097,2024,8,1,22039,139640.54175132734,110641.14089295916
30097,2023,8,1,30107,394327.39940904774,171167.16895532797
48049,2022,4,2,"48093,48333",180345.4183057832,308768.0702387034
46015,2021,10,1,46023,187622.38444246785,198485.85871445583
48383,2024,5,1,48431,189148.6283239699,222103.1985637149
19177,2022,9,2,"19101,19087",162043.2324290033,171624.00429910317
21161,2025,2,1,21201,165114.0043427034,186275.49874809323
04001,2022,8,2,"04011,04009",309433.54762624466,253857.18942249316
16021,2023,5,1,53051,453470.6542492311,346748.12798612425
18057,2022,7,1,18159,424897.8854941022,197958.2038530611
29095,2020,3,1,29177,162757.33059728306,161571.80589478862
51550,2022,8,1,51740,370990.7460681127,230722.61723764695
06067,2023,10,1,06005,533127.7218142991,433176.5206897619
12105,2024,7,2,"12049,12055",316231.6874559625,237162.41425169315
22037,2021,3,2,"28005,22121",212705.4850823578,180339.84663025
13033,2025,2,1,13163,171796.54419948565,133232.66970483703
48479,2020,4,1,48247,173517.22938373932,113808.28769259126
32005,2021,8,1,32510,651759.5136735972,440863.59267847706
45067,2020,4,1,45089,108879.03179031696,101659.16880165992
12119,2021,2,1,12017,301050.9167031343,197996.91971128748
22111,2022,11,1,22067,151188.19485144631,112932.06848209372
29153,2025,6,1,05049,213924.88634003303,185154.87882110872
29111,2021,7,1,29103,159334.7626179397,139394.6790260649
23001,2023,5,1,23023,286523.9377242664,382996.8681499967
37061,2022,3,1,37141,146307.02245943982,384920.2732299276
19147,2021,8,3,"19041,19021,19059",128083.99889270724,196718.62613234296
51161,2024,5,2,"51770,51063",312322.1383807342,231096.35562382868
20143,2022,6,1,20123,143537.38130009893,121018.86858779684
28117,2022,5,3,"28141,28139,28057",155294.05729869686,156364.5522960043
48123,2020,5,1,48285,202309.80349380072,225444.7835001156
51650,2021,6,2,"51131,51735",213707.43685079025,303430.834270679
32019,2024,9,1,32029,403209.0454595045,484471.8866888911
41053,2022,1,1,41071,432518.0148437624,480156.4416808602
48129,2024,6,1,48191,123348.42132679957,79641.17921863297
16019,2023,5,1,56039,379113.7509086873,2000289.2443967965
05023,2025,6,1,05137,246441.80538232884,193612.4951584892
37021,2022,5,1,37199,432245.3834558379,314359.0937566648
29131,2023,3,1,29135,231133.98315169176,196514.3628938951
17023,2020,1,1,17079,107807.25790286012,108127.18335877312
39023,2021,8,1,39021,145135.83065684268,187358.8839016466
36055,2025,5,2,"36037,36073",270603.8895849329,194946.44786360709
27005,2023,5,1,27159,318185.535433671,197945.057763198
29023,2025,9,1,29223,157140.36173359037,127835.5016082516
26005,2024,7,1,55101,314391.1009076294,281124.1320479093
38003,2024,6,2,"38045,38093",175783.87672450938,182671.28647262417
12085,2022,9,2,"12043,12051",467490.70263140014,252248.81136647507
27127,2023,4,1,27173,159613.3472764426,153285.48490912048
51057,2023,7,1,51119,283216.59506520635,349214.8034933543
27035,2024,8,1,27095,347274.74315189786,290036.3739244505
12021,2022,7,1,12051,620207.4307952753,254849.9341098553
28071,2023,9,2,"28161,28107",334246.04355959897,171697.11011596158
47069,2023,8,3,"47109,47023,47075",144412.68830954123,165037.01279943503
38035,2024,5,1,38099,255011.5336332978,151226.74661710614
49045,2025,5,2,"32033,32007",475562.42646444665,276358.24489778205
13241,2022,9,2,"13281,13137",372052.3986901127,328105.4492748155
13069,2020,4,1,13017,129950.20612824382,79955.43438821142
28143,2022,5,3,"28137,28027,05077",149633.32997346154,133654.68043555334
48167,2022,6,1,48071,332077.8171149826,341503.21702651685
21195,2020,2,1,21159,86585.13580449938,73040.12339546054
47047,2020,4,2,"47069,28009",266222.4214141203,118412.13056279512
18073,2020,5,1,18131,187577.97871803865,107988.58199139273
48013,2025,4,2,"48163,48493",239903.4846337596,280244.57012327865
06019,2024,12,2,"06069,06031",406196.9011340938,568047.0659939513
32017,2023,9,3,"49001,49027,49021",232923.01969667137,327013.71246502874
42105,2024,9,1,42023,155360.62502019896,81765.06747923995
42073,2021,6,1,39099,128978.59096698818,117794.00989374323
51089,2021,8,1,51690,117578.91457251276,76932.67723634171
12017,2025,7,1,12075,273810.09240016266,290935.08358360804
01101,2025,8,1,01085,161796.6768655691,142506.7738240823
39097,2021,7,1,39021,258075.5555655668,187401.50757853632
25005,2025,7,1,44005,522928.736103689,738476.0366944579
28127,2024,1,1,28077,139449.5008914714,126808.45524237303
49013,2025,6,2,"49043,49009",351684.3942793435,810684.3534382818
53013,2020,5,1,53023,193913.7995646774,139244.45247861536
20097,2020,6,1,20033,133118.04633595663,70525.4477191561
55093,2021,5,1,27163,291430.7105708108,380422.82797190855
30095,2024,8,1,30037,442198.99542823754,222755.50865691516
54083,2024,6,1,54093,153714.84939934922,210472.49564700248
38073,2024,6,1,38045,175743.45706785723,167551.40954194704
39029,2024,3,1,39151,148248.4445962289,188191.9019844824
32007,2021,7,1,32013,309474.573465337,273850.2101146932
49049,2021,7,1,49039,474303.9866285235,289861.665034928
13031,2025,4,1,13109,279737.2532404494,172642.06986982943
55013,2023,6,1,55005,260201.44657746283,246503.20181385204
37043,2023,8,2,"13291,13281",324727.23813877936,366991.0330277
08033,2025,6,1,08083,301278.8799861733,399484.96553301945
29087,2022,6,1,31147,,111921.2247189607
22115,2022,3,1,22003,155446.14048586387,128258.14989198136
29205,2021,6,1,29103,130216.97942738236,138257.99558311733
13189,2024,5,3,"13317,13163,13301",200830.43308483565,138685.41230863627
51119,2021,9,1,51131,304360.69823795237,232389.03121984145
55133,2020,11,1,55055,353604.0286921023,250105.5305726896
45019,2022,7,1,45043,535464.9978319524,357143.5582890595
06029,2024,7,4,"06111,06031,06037,06079",357693.6139377132,752741.5992861697
30075,2020,7,1,56033,135635.7940370252,303772.23880600295
36119,2024,5,1,36005,772761.5336033005,458568.1070839842
40071,2024,9,2,"40053,40103",107891.91316934592,129525.72980731085
22033,2021,3,2,"22047,22121",203725.19119655984,179126.2248233125
08015,2020,7,2,"08109,08065",455843.0965919325,238621.83792204072
13119,2024,8,1,13195,276197.311670795,301984.7756643154
50005,2020,10,1,50017,210754.19466737515,258237.9155741532
12105,2021,4,1,12055,231452.14051537475,164269.6682121956
01043,2022,11,1,01133,239716.54606340223,189574.90643276088
30063,2020,5,5,"30061,16035,30089,30039,30077",340029.5814895465,210555.2589524141
13153,2020,11,1,13235,168764.62261460573,117741.7705983178
47109,2020,4,1,47069,117001.32198013148,102888.25196671949
21163,2025,5,2,"18025,18123",274669.5203838829,174225.57349259147
47189,2024,7,1,47169,495616.05094996816,345300.0594498512
48323,2022,6,1,48127,197266.42856561244,150541.38734190213
48159,2021,4,1,48119,251740.86765270456,150220.9887454011
30027,2023,5,2,"30015,30107",252371.1348053176,204600.9784293348
35045,2024,7,1,35031,250715.1133901029,214297.85269419965
08089,2023,10,1,08011,160204.2181222368,148549.66783547858
47079,2022,5,2,"47017,47005",186837.75138275957,165708.68013524922
39167,2025,5,1,54073,175835.84792670744,163001.62803837485
05031,2023,8,3,"29069,05055,05111",205319.6699891472,137174.56701365052
22117,2022,2,1,28091,145847.63883303385,142554.35857041113
55059,2024,4,1,55101,289227.4613781927,277059.0271810175
35001,2020,6,1,35006,222906.4757328196,105712.39629739964
26017,2021,6,1,26011,130674.10564409006,120504.3780888593
48187,2025,5,1,48493,303980.777165526,395797.6430578183
26025,2023,6,3,"26149,26023,26059",161308.0533222682,186468.44426413186
05139,2025,9,2,"05011,05003",126306.5057242209,93067.9086878119
08045,2022,6,2,"49047,08107",602358.5990171694,650500.5173061625
30067,2020,5,1,56029,386580.9397415435,284765.63222978025
46049,2023,5,1,46045,,222036.73498924493
21087,2021,2,1,21001,125464.3400484536,128526.92507131113
19027,2025,7,1,19047,191370.50557958637,167028.36306446636
21055,2025,9,4,"21139,21033,21143,21225",130317.45948611014,157046.5228053001
21027,2025,6,1,18123,172759.57565853433,182125.6385979564
08053,2022,7,2,"08051,08111",449204.2988858493,592152.49271058
51069,2020,6,1,51840,300148.0773343596,238819.06814348497
01031,2022,6,1,01039,159547.6406933013,153013.68531595383
46023,2020,6,1,31107,167344.5884242383,140834.02694803887
31015,2022,8,2,"31103,46023",200923.49451553775,247349.8883272768
28009,2025,5,2,"28139,47069",144701.67246682977,145732.38668872704
56039,2022,8,2,"56023,30031",1928278.774830591,575429.6830336548
04015,2021,9,1,04012,324282.0220074584,221207.79194462567
28147,2023,4,4,"28085,28113,28077,28091",152285.10985942607,136537.2942921886
51005,2021,8,1,51580,142812.5022204575,75300.76607936952
24003,2025,7,2,"24029,24035",503003.47300601535,445068.0312322716
13175,2020,8,1,13283,138805.7273471721,111079.93027160731
28031,2022,7,1,28065,167480.0910756098,109523.23463572472
42085,2025,7,2,"39099,42039",168929.95895268998,154534.2728127651
51163,2025,7,2,"51678,51530",317967.36023217806,256998.88543799182
26115,2025,6,1,39095,247259.9174516235,165364.107734713
18079,2025,4,1,18143,209118.3438746758,191038.5388801516
29223,2021,3,1,29179,120754.53979913105,137499.4426475894
54069,2022,5,1,54009,141217.66140552863,118931.3017984845
22061,2021,3,1,22027,200997.23669848996,205985.77966726865
12057,2020,6,1,12049,250507.4826282036,137023.67860463122
30029,2022,6,5,"30073,30049,30035,30099,30077",668480.5614207376,272996.86073541315
23011,2023,5,1,23023,278086.29698760185,382996.8681499967
42069,2024,7,1,42131,198406.0839391904,218752.8008073143
26037,2025,5,1,26117,298986.87312549766,215792.00738459325
51175,2021,7,1,37073,215553.95515481057,175745.9551943771
05031,2025,1,1,05067,206977.17529908143,100576.16791183912
18163,2025,9,1,18129,192782.86710746124,233347.02079359093
47147,2024,7,2,"21213,21219",375638.3978911688,230953.3525265369
30001,2024,9,1,30023,383566.576623749,278442.6207895411
19151,2023,6,1,19021,96914.05166888036,173331.1390717771
51169,2025,7,1,47067,162450.19346018764,159741.6865488858
16039,2025,7,1,16047,349713.76417482155,346637.1758731152
48215,2024,8,2,"48427,48047",193265.94248700415,117639.36198550099
47025,2025,9,4,"21013,47173,21235,47067",220489.48774341293,179022.04937829892
16003,2024,9,1,16087,495475.3835241928,368954.70425877935
39083,2022,7,1,39005,236577.44110889416,193944.4059864992
33007,2023,9,1,50009,234881.61268460497,227544.24280335865
54099,2025,1,1,21159,135262.65508491528,111943.31865725444
27097,2023,8,3,"27009,27153,27095",275615.93446367345,266809.5526842769
16001,2021,5,1,16015,489819.6472730459,392850.2458348805
35051,2020,2,2,"35017,35003",123172.36425531452,166792.9506278999
13299,2022,5,1,13005,138958.82710709568,128635.59599528978
31029,2024,8,1,31085,208750.50040040477,290488.14660477504
48307,2020,7,1,48095,141860.49978100296,173513.31413621816
29045,2021,8,1,29103,164770.18989502842,140041.92013509836
16071,2022,8,1,16041,329451.5078011386,447205.2978232033
49017,2020,6,1,49021,166263.32033610964,260451.02089143984
29187,2022,5,1,29093,170103.77684102274,139890.35638683185
13043,2025,7,1,13109,206680.11878791815,166247.5587872614
13033,2025,6,1,13163,167875.85933903945,127563.30518323054
20157,2024,6,1,31095,118776.10860139578,130186.37522249468
12081,2020,9,2,"12027,12049",291886.94971803494,154769.66778201202
32005,2021,12,1,32510,672623.2324594386,451226.7377853973
46057,2021,9,2,"46011,46077",249895.3046454232,218864.21462352097
16043,2025,7,1,30057,438813.98746910086,737703.1752187614
42033,2025,3,1,42023,130384.22584053752,88361.09198341251
40039,2023,8,2,"40043,40129",154894.28507731154,153715.03838701663
33011,2023,9,1,33013,463605.5205857163,426560.41502735607
29095,2023,8,1,20209,231089.77765952193,187025.86544822785
16031,2023,5,2,"16053,49003",311724.6397357642,397194.4484257625
20031,2022,6,1,20207,159659.29945144805,98314.73938575789
31057,2024,9,1,31085,193524.19390901705,297969.00574304117
29187,2025,6,1,29157,187710.68129576603,213045.99307282
04017,2024,6,1,04009,394014.3376847251,282774.87730202364
37171,2024,12,1,37005,230974.43288262756,270948.1907289171
16033,2022,7,1,30001,246936.25217351876,369798.08470099815
55011,2024,7,1,55091,223652.7015793137,235553.62067357745
16047,2020,4,2,"16083,16025",202302.1902219192,261814.5229939847
17113,2022,4,1,17039,202936.4031298299,115591.725053659
48017,2023,5,2,"35009,35041",134390.66963960347,155081.19208767894
48081,2024,4,1,48431,149023.96019003724,217633.0354774196
48213,2024,6,1,48161,271039.43646934134,248068.41432882825
56027,2022,7,1,56009,185710.0899103751,268939.820238726
18153,2024,3,1,17033,136867.36049893708,124806.80770312628
06071,2024,6,1,06059,551616.8843070638,1140138.1546451517
47045,2024,6,1,47095,175663.98109971956,115285.79924496652
31163,2020,5,1,31077,129381.3695964672,160317.90439784268
39003,2025,4,1,39063,173992.98814278128,231257.91766820717
35043,2025,9,1,35028,372702.1472958873,587577.6202934602
28021,2024,8,2,"28063,22107",105672.20653718169,183645.07690471623
17077,2021,7,1,17181,89827.50576826422,132722.6181491182
48087,2024,7,2,"40009,48191",96974.28680876872,107242.54387485172
17161,2022,11,1,19115,132944.8701736948,146040.98348407718
51015,2024,9,1,51790,333000.2914693904,267340.0561145213
48045,2024,6,2,"48153,48191",178837.94179735557,87626.07354575896
40141,2022,6,1,40075,63288.662374883344,78686.784819249
47163,2020,1,2,"47091,51520",166538.73468760177,133415.60534251743
29183,2022,6,1,17013,339799.7007305012,183803.8567548949
21231,2020,3,1,21207,97483.63474970662,91202.99273165692
48463,2020,5,1,48507,169524.33163938383,76069.39063441468
46085,2023,9,2,"46015,46023",,221811.26476489007
53011,2024,10,2,"53059,41009",551382.8791437646,498991.11178826157
42133,2022,8,1,42043,258466.40426550843,232229.6019787686
17183,2021,7,1,18165,80858.03158236721,112016.810233789
49045,2025,9,2,"32033,32007",473535.1585062417,277329.3125683557
06041,2021,12,2,"06013,06075",1391458.5798747798,1136701.0155576938
49003,2025,7,1,32007,444476.42989510624,367680.9212424233
12095,2025,7,1,12105,407666.69071942585,302798.0446859141
13057,2024,2,1,13117,472280.49940711394,623253.8795366359
48163,2023,5,1,48127,192612.4340675133,144935.44451797978
39063,2021,5,1,39137,184810.48736725535,177242.07585753573
46101,2021,4,4,"27081,46011,27133,46079",199348.0145419465,194237.70218148822
46025,2022,7,2,"46005,46077",194381.714329473,197244.75781450103
08043,2020,5,2,"08109,08119",235604.1621772882,253270.54146662634
12055,2022,5,2,"12027,12043",213934.13998762175,243798.59607370544
31043,2025,4,1,31173,225579.4260588652,149187.30052772842
41017,2021,8,4,"41035,41043,41037,41031",626779.2739887431,283693.13391387777
56013,2022,7,3,"56017,56043,56007",289056.76141821785,202326.77440673078
01019,2020,8,1,01029,168297.81065931253,158997.11233672468
29069,2025,5,1,29143,92541.68193034329,96816.04834540786
51155,2023,3,2,"51021,51750",205241.5172169883,195092.3806176681
27119,2024,5,3,"27087,27029,27125",222075.49438443835,183874.71942954767
40117,2023,6,1,40103,151892.58232231278,139464.13096824856
30057,2021,7,1,30043,606938.3624246278,379361.90959015506
13031,2025,8,1,13109,279817.6072468532,164469.84341544495
55079,2024,3,1,55101,258796.5514110967,274320.40263017546
27031,2025,8,1,26083,409978.9142014356,188933.17824481623
06071,2021,5,1,04012,440726.9300683704,201145.19263447385
05093,2021,10,1,05035,117699.88946910165,147065.64913897787
26063,2021,7,2,"26011,26069",156366.41487281097,128708.42067403365
08097,2024,7,2,"08015,08065",2406952.736423626,576925.2217308459
47151,2024,8,1,47137,188896.1400364661,222910.3151673624
13215,2022,8,1,13053,163305.31379733203,138888.22181872363
06029,2024,11,4,"06111,06031,06037,06079",361379.106872232,759832.8518365853
35019,2025,7,1,35057,,209968.6970468271
01119,2024,5,1,01063,126919.48544078968,140363.9962721361
22033,2021,7,2,"22047,22121",207737.9912435659,181597.02010373966
19177,2021,5,1,19087,134224.57740867237,156067.33143581697
35055,2021,7,1,08021,444292.1173721768,187788.22629598132
13297,2021,12,1,13013,326170.7502310939,283449.6383121338
21023,2025,4,2,"21201,21097",195073.81247440295,208239.5557869655
13177,2023,3,1,13261,238478.07714066905,120717.46090779938
31017,2023,4,1,31103,130491.0766074896,241168.66269853117
48009,2022,9,1,48077,234996.74240301535,215709.97650223225
29117,2024,10,4,"29033,29061,29041,29079",172852.13205786006,163291.9684838684
36115,2023,8,2,"50021,50001",224007.22857701033,364787.0425275122
30027,2023,9,2,"30015,30107",261250.3652713267,209862.27801243658
44007,2020,11,1,44001,296998.42193972465,426267.1241956251
49041,2021,7,1,49039,249905.6185002557,289861.665034928
01093,2022,2,1,28057,144956.8920713675,153506.09431702146
17075,2024,6,1,18111,134322.45591326265,206431.89069751732
29055,2022,5,2,"29073,29093",201295.39836741076,172765.33391914662
08045,2022,10,2,"08037,49047",601465.4911640426,718183.3384254503
27143,2022,9,1,27103,259826.9996858203,273032.03111687885
29031,2021,4,1,17181,188724.61033140487,133235.27083950394
19131,2020,7,1,19067,131179.61716018865,115779.56084022851
16007,2020,6,4,"49005,49033,16029,16041",228949.4623483494,275678.55796164914
20167,2025,6,1,20141,104468.5704005111,90226.19122863858
36013,2025,5,1,42049,163874.6185929095,206328.6260075668
28047,2023,3,1,22087,211496.9340344378,230767.1331049447
13137,2024,1,2,"13311,13281",297734.5258046492,340806.93803592067
04001,2024,8,5,"35031,04011,35006,35003,04009",317604.7794452622,214517.10618318175
12086,2025,8,1,12087,521595.128633682,952136.4860137268
26041,2024,5,1,26089,165362.1051509277,603475.1956183844
37191,2020,12,1,37079,147933.4696945929,139536.86199532295
37129,2022,3,1,37141,376302.99926247913,384920.2732299276
19063,2022,5,3,"19041,19059,27063",131754.77202017696,226070.81356942272
29145,2024,10,1,29119,228791.5623217875,225458.1277410142
17137,2020,7,1,17017,103887.96488654136,77085.09140947538
27089,2024,6,1,38099,189292.08104989515,153174.4616142517
48285,2024,1,2,"48089,48123",282558.80781742156,257030.32202450314
48105,2022,5,1,48435,241763.27197313347,172435.3500224855
19017,2022,8,1,19023,219405.7169445487,165784.87558622143
13189,2021,8,2,"13317,13301",158481.02630361827,117706.43463989208
18007,2023,6,1,18181,164766.6526340973,189646.46394025275
19109,2024,7,2,"19151,27091",159979.46857795634,151082.54171211494
08049,2022,7,3,"08019,08047,08107",805344.5502556032,726006.5146835842
01097,2023,8,1,28041,190124.12993195775,128616.71370844136
28011,2021,3,1,28027,160686.91712399162,68148.11321336526
13209,2024,8,2,"13279,13283",179199.06089406204,153516.0469234741
51117,2022,7,1,37185,177821.76793934897,232483.04467499573
54069,2022,9,1,54009,142535.54266125718,117773.87067034436
18157,2024,7,2,"18181,18045",279629.69598842785,188616.49643187973
19169,2023,3,1,19079,254903.31484449696,139622.63261503764
39153,2024,5,3,"39103,39169,39151",207324.98398362496,248533.20853928532
19015,2023,3,1,19079,199838.33403550345,139622.63261503764
21035,2024,2,2,"21157,21221",197282.39720207368,179050.10534216726
13161,2025,8,3,"13309,13271,13209",142564.83725757885,142483.94142535457
28077,2025,6,2,"28065,28147",119701.79507716437,126427.756404507
13297,2023,5,5,"13247,13211,13135,13217,13013",360911.0723112886,351158.5429844487
31173,2022,5,3,"31051,31043,19193",138326.2682486562,178791.3412024393
47003,2024,8,1,47117,324953.3454382851,314934.9400318911
17055,2024,2,2,"17199,17145",95707.74833176064,125111.56541203213
05075,2024,12,1,05067,127407.40211905797,99762.47174130556
05031,2025,5,1,05067,206046.18286452128,97132.81936443584
08119,2023,5,2,"08043,08093",469421.14997538255,417733.3501330564
13245,2023,6,1,13163,179116.58328907276,125877.99086299136
13251,2024,5,2,"45005,45049",181829.43969670325,123578.06346404288
13019,2025,6,1,13173,194025.71782817369,208769.21644465733
32023,2021,8,1,32001,300143.4943098395,333835.8094623653
39043,2024,4,1,39123,211369.08795015825,257261.9081666167
27061,2020,9,1,27071,170356.53031463802,113779.95783039888
55019,2023,7,2,"55035,55141",181011.596983902,236349.12877715938
08033,2022,7,1,08111,322908.53921238024,492131.7072014402
48267,2020,5,1,48435,255898.86676144713,142840.5366061218
48191,2023,9,1,48045,93958.97475136058,188517.37288963003
27157,2024,6,1,55091,284549.1642818983,234453.7927626724
12075,2024,4,1,12041,294582.3428055242,290603.9408721484
28115,2024,6,1,28017,180506.0258733685,134044.45872621893
18049,2024,6,1,18149,181804.72447063716,198936.27864187863
54099,2025,5,1,21159,133618.63212933202,127530.08779279742
30101,2021,7,1,30073,131676.22503959414,176115.24686859408
29003,2020,7,1,20043,193869.8355897312,104928.843683136
31031,2023,9,2,"31091,31103",198523.48198273743,191761.06726671
47139,2023,7,1,13213,224714.9291991043,226369.34807418415
56019,2022,9,2,"56043,56009",375717.6471362836,246500.72399928974
51001,2023,6,1,51119,237069.53999929852,346508.12879216025
18083,2024,5,1,17033,143807.5936973821,125892.45452054408
13171,2024,7,1,13293,274368.06232185685,175461.47891305655
42083,2024,6,1,42023,107883.32690397784,81972.34478556023
51025,2022,7,1,37185,163887.14090067102,232483.04467499573
32021,2021,6,1,32001,150623.55622207685,319727.19970560994
37111,2022,6,1,37199,250705.54281548937,320451.33595322754
28037,2021,3,1,28005,154430.56018624353,152738.23186381476
05091,2022,9,1,05081,174065.6191976352,135430.43029721177
31101,2021,8,1,31117,173550.44760098748,258005.69813715748
04025,2021,6,1,04012,424820.1063012229,205986.7125716207
21097,2024,2,1,21201,197218.1014991264,170784.0997130466
55025,2020,5,1,55055,317102.23423570645,236809.04458410433
16005,2024,6,1,16071,342929.8386126233,325032.26957819326
28137,2024,8,1,28107,227386.68555379516,187328.55493889275
16031,2023,9,2,"16053,49003",316583.08779313596,402185.4962258432
56003,2020,5,2,"56029,56033",170839.24383578845,293240.6262932772
13079,2021,5,1,13021,157217.47014823704,125594.70729823994
23011,2020,8,1,23023,183853.5445613856,263612.9234492629
40013,2023,5,1,40005,218611.57585336576,186590.50237447597
37095,2023,8,1,37177,215441.6495825542,168172.68233923882
54085,2024,8,1,54073,125240.62353197194,159089.81679513716
39149,2021,6,1,39021,174161.28383977784,185085.74757451625
37099,2025,5,1,37113,441974.17976580706,354883.58163524326
29049,2025,7,2,"29063,29025",273150.33484460326,227673.0340346023
17049,2023,4,3,"17051,17173,17035",194643.3986219228,143411.26318319605
05145,2025,6,1,05067,195693.8853081196,95966.0906992684
31179,2021,8,1,31051,181179.22870790405,154772.21189021878
53047,2021,11,4,"53019,53007,53025,53043",285689.9999732525,351516.0168141569
31023,2024,7,1,31053,207829.85802693883,221695.95832987232
49035,2025,8,1,49043,561018.77242446,1290579.5077131386
01001,2021,3,1,01085,199142.6420641405,130367.73759960284
05133,2022,9,1,05081,154462.3361133247,135430.43029721177
26009,2022,5,3,"26029,26039,26079",317090.33390189003,239717.9864935358
40113,2024,3,1,40103,202047.97373517565,139126.7212685965
29171,2022,5,2,"29197,19185",172633.2393905651,139375.04245753837
22099,2020,1,2,"22007,22077",152351.84720012956,162162.73608206658
13287,2025,7,1,13315,142955.04252475986,124908.2989542961
48131,2021,7,1,48247,,120693.55644309534
21017,2021,6,1,21173,204581.62863777045,168849.34307768193
37133,2025,3,1,37141,280422.7075606202,439481.2920089603
06023,2024,1,1,06105,458571.0407822493,276198.6892635789
31113,2024,4,1,31117,183292.6951158253,321196.59430020355
20089,2024,4,2,"20123,20141",102213.71567749484,103773.35764082623
13267,2023,6,2,"13279,13107",168379.12954063038,131873.42002078387
56037,2025,8,2,"49043,49009",292291.5851240125,814432.018895123
16053,2024,8,1,16083,379202.53461767035,358665.9738611919
22111,2023,3,2,"22067,05003",142898.61647977147,103847.99331797811
13167,2020,7,1,13283,97798.23016353576,110469.15067117706
31089,2021,6,1,31015,155685.24329419405,195168.7158673013
05129,2024,3,3,"05101,05141,05137",173172.93059015603,193161.606919185
20033,2024,9,2,"20097,40059",96258.2404433001,123624.29325884228
45075,2023,1,1,45009,151849.50565391776,121472.66139224
29171,2025,6,2,"19007,19185",198942.87807025437,120506.56200074086
51041,2020,1,4,"51570,51760,51053,51730",268879.09879179543,168264.88451265005
37027,2022,11,1,37003,218568.121087051,217790.4297732238
06077,2024,1,2,"06009,06005",545131.6098159155,439443.8985172763
22077,2022,5,3,"22125,22047,22121",186424.1432699036,235776.32298759616
16077,2024,8,1,16071,276833.4551973725,325648.06000303506
10003,2025,5,1,24029,356280.74860446574,375374.3813225599
16073,2022,5,1,16083,455110.6405341285,373277.0730028364
50023,2023,9,3,"50015,50005,50001",385116.2194884885,410987.1388717373
23005,2020,7,1,23023,349696.2035788154,260831.5273210222
31021,2025,7,1,31173,177042.43131713555,147393.93427097585
06071,2021,9,1,04012,468693.50767315406,221207.79194462567
13231,2024,7,1,13293,369877.6188356101,175461.47891305655
45075,2021,8,1,45011,149500.5864716162,160998.88183275776
12093,2021,4,1,12055,190360.1339687784,164269.6682121956
21003,2024,9,1,21213,208153.070533006,247255.34637342664
06113,2023,9,1,06011,620680.5849833717,362511.76359877945
21071,2020,8,1,21159,99861.2040447874,77649.25587633299
30051,2020,6,1,30101,141118.76451088372,122985.6607758844
06103,2020,5,2,"06021,06045",250247.67927074397,390108.22218454164
51199,2021,5,1,51735,360315.4235818104,374454.6582440568
13257,2023,5,1,13011,215038.5007093956,313783.3536791594
27059,2025,6,1,27065,326471.00188966014,251892.82339071637
13153,2024,4,2,"13193,13225",238916.25355732057,166485.52868477098
06073,2022,6,1,06025,911560.9013163452,311489.46849553386
31051,2020,10,1,31027,142558.72853469083,166077.67413339825
26165,2020,4,4,"26019,26133,26113,26079",148978.8009856652,169916.301456084
40121,2024,4,2,"40005,40029",139087.99316052627,155936.028160534
28013,2023,9,1,28161,133207.72230325406,152998.05950043266
17189,2021,7,1,17027,124134.16540929904,168019.43323569748
40069,2021,5,1,40029,99693.50124983728,96918.30267802866
47031,2022,10,2,"47127,47051",275543.18532468355,296346.46845426445
16043,2022,8,3,"30001,30057,30031",480717.3651655962,603838.9165409757
40089,2024,6,1,40023,215009.47009904624,136735.94159425845
28035,2025,6,1,28111,185414.2134879972,144217.3814928165
54001,2023,7,1,54093,122437.32679180717,204597.7475292514
13177,2023,7,1,13261,245903.91314757225,126886.01469249294
55121,2023,4,1,55035,224899.4265815412,282342.9232183354
01059,2022,3,2,"28141,28057",155213.48627501036,163770.0505887464
51181,2023,6,3,"51095,51183,51036",263794.9400478597,294437.2541756271
37117,2025,5,1,37187,126944.77060687492,109236.99868483456
51051,2022,5,1,51167,94759.13204602653,128644.3683793703
40045,2023,5,3,"40043,40129,48211",113573.28593824524,159321.2622538791
12115,2023,9,2,"12027,12081",471404.4037437367,366748.1478814998
27151,2021,9,4,"27073,27149,27067,27023",141469.67544933487,182259.05895651848
13009,2021,8,1,13141,190171.36761735255,180298.40539148697
35037,2025,7,1,35009,114072.78212414644,157671.3265800899
12045,2021,6,1,12037,313347.36547331355,365081.7547220911
29031,2021,8,1,17181,197109.30707367128,131738.25178859808
27145,2021,6,4,"27009,27153,27067,27041",242797.9156904904,228853.03110534645
41045,2023,5,1,16075,292597.2782648164,383929.6787656324
39089,2023,2,1,39083,293082.00489926053,233226.16988418796
48399,2022,5,1,48081,147028.5688723783,173309.49115794618
51003,2022,4,1,51540,474115.61545785214,446595.5698893075
13137,2024,5,1,13281,304975.7101057281,390407.3845603244
28095,2023,8,1,28087,150421.67771693552,165017.68244538017
20001,2024,10,1,20107,111759.64581644592,156382.52906258346
32007,2023,8,2,"49045,49003",341641.26503899135,444664.63364477723
35053,2024,7,2,"35006,35003",188049.43916659657,179829.76481581852
53023,2021,6,2,"53003,41063",159995.23636165386,320568.84996452
17011,2021,8,1,17175,111952.86925823468,127439.69674237027
42097,2025,7,1,42093,154788.46500636896,266640.3337434122
48285,2024,5,3,"48239,48089,48123",284769.95874283795,252002.96264343243
31145,2025,2,1,31065,167866.04744377898,150194.22412056153
17119,2020,3,1,17083,131443.98764882723,150953.21538374873
01127,2021,12,1,01043,130504.42454216206,222871.01002192017
34015,2023,7,1,34011,329191.9131849734,242133.00700999363
26111,2025,8,3,"26051,26035,26073",224346.96851346095,172173.9093439658
13153,2021,3,3,"13023,13235,13021",174777.42387865137,123053.83322669344
13273,2022,5,2,"13037,13307",98851.41269430802,135591.26026191574
13307,2021,6,2,"13197,13259",137466.13238824604,127552.72564423922
27035,2023,8,1,27095,344462.63050821255,282891.12876463844
38049,2021,8,1,38083,180427.88939494852,219533.9833031866
53073,2024,7,1,53055,597436.7859618432,891899.3073902122
28081,2022,7,1,28057,176179.20542144708,154839.72470593703
12101,2021,10,1,12119,292633.4528761418,336092.0743093333
48271,2020,4,1,48507,114934.061909126,75553.02256865353
19169,2023,7,1,19079,261423.55596874433,143258.9349899698
29021,2020,5,1,20043,127736.36240945345,102490.91861250736
38035,2023,5,1,38063,249867.6805475311,175917.69775036254
19015,2023,7,1,19079,203866.09910717813,143258.9349899698
13219,2024,2,2,"13133,13013",527542.0490235266,462937.49225987535
25007,2021,11,1,25019,1202099.1834521226,2477240.053240785
32031,2024,9,1,32029,558997.1437601947,484471.8866888911
25005,2021,6,1,44001,418329.2015540283,484601.1517097824
48291,2024,12,1,48407,238481.53455623836,239547.492761438
49023,2020,7,1,32033,299358.1554679471,153450.24632451046
21091,2025,5,1,18123,201471.92880693707,182799.5542384527
45013,2024,7,1,45049,541035.3711219094,170337.15886056333
30047,2021,6,1,30089,439427.44930907903,321326.53879880643
26105,2020,11,1,26101,186712.78979395237,171876.78263884407
55003,2023,4,1,55051,187304.06526623724,197028.295161949
05005,2020,1,1,05137,156845.947520797,138047.31229479864
13311,2025,6,1,13281,313636.99963173136,392290.7329619198
37089,2021,9,1,37087,347218.92518371594,288455.96347524965
27165,2022,9,2,"27063,27033",129255.39463157626,166870.40455627715
08009,2025,9,2,"08099,08011",,146896.85369142084
28153,2023,4,6,"28061,28041,28111,01023,28023,28067",129542.84899650628,140440.33197394855
54099,2025,9,1,21159,134103.912748779,120840.6246002092
41013,2021,8,3,"41069,41023,41031",419752.8998024412,289024.7670473939
18095,2022,8,1,18159,160067.944201063,197800.42311375905
37039,2022,6,2,"13111,13291",247122.5045292356,439842.0065633663
08053,2024,8,2,"08109,08111",449074.1522960425,389916.7512958178
04019,2023,10,1,04023,349128.75270055566,273840.25096388627
40031,2021,7,1,40033,120402.55737112176,85439.01219946537
28003,2020,1,1,47069,134262.05530645946,100452.13801719015
29143,2021,5,2,"29069,47095",79386.08653962122,97912.48067717916
48451,2020,6,1,48095,175550.00369462007,171098.17811179173
26041,2021,8,1,26089,140234.2683862618,504556.7265757101
22005,2020,12,2,"22093,22047",231375.10619427945,169126.13868117565
30081,2020,8,3,"30039,30023,16059",350355.89739865455,202660.3729863586
18053,2021,9,1,18159,114918.63435631494,178415.6374791332
48075,2023,2,1,48197,121623.61889437896,95108.14606493874
28029,2024,1,2,"28063,28077",124753.72078952764,127985.42220550294
48331,2021,3,1,48287,226607.7007245735,294590.28586213087
08061,2020,6,1,08025,135138.4008567291,126350.3041839276
28037,2021,7,1,28005,160430.0899374189,156697.64502178333
05077,2024,4,4,"05107,28143,05123,05035",114547.4832377708,112195.3223993968
20069,2024,9,1,20083,215591.9944681304,149760.4742430238
31175,2020,8,1,31077,129276.84953372167,167329.0355624569
13229,2022,6,1,13005,184281.43968263417,128794.29886469584
45015,2020,6,1,45089,249629.9091292897,103044.57162153863
36027,2022,9,1,36079,410691.31303853827,464019.3103905916
22029,2020,6,1,22077,123432.2946563295,169975.44875377466
54107,2023,1,1,54105,154524.4146294671,111754.45813888228
53061,2021,11,4,"53035,53007,53033,53029",653341.6695591029,606711.0128697547
45027,2022,4,1,45089,204732.85578690865,131602.66147424345
05037,2025,5,1,05067,139328.26598396982,97132.81936443584
13197,2024,3,3,"13261,13053,13307",182550.3431026865,145176.93849094879
18175,2025,7,2,"18025,18143",211977.6671239298,178522.74422675336
48177,2024,1,1,48123,288729.0104921002,232503.202059468
27065,2021,4,2,"27115,27025",204678.1588199087,252166.7137491429
17107,2022,5,1,17039,117030.33887865256,115972.88420102932
17021,2023,5,1,17173,103774.03226765974,141387.81145001974
01113,2025,5,2,"13053,13259",188434.1614566075,117793.5158570591
29131,2022,6,3,"29135,29151,29051",239170.9110648271,217374.3213975052
23011,2020,12,1,23023,201085.6897569392,284983.4545723985
50027,2020,7,1,50017,275947.2078448774,247767.11967514895
08041,2023,8,1,08043,463616.7458455833,328679.66568859835
05053,2023,7,1,05039,189736.57587206224,125210.01284611052
12083,2021,2,1,12017,195854.81588038575,197996.91971128748
18011,2021,3,1,18107,304882.97716144676,155916.37507717172
48323,2021,6,1,48507,181958.9577435997,84841.35274325173
48349,2022,4,1,48217,202224.0594809661,220963.11664481813
51191,2022,5,2,"51520,51167",205764.08034471705,137376.25802687655
53033,2021,1,4,"53035,53037,53053,53077",709233.2158411742,397500.97310992243
55001,2023,7,3,"55097,55141,55077",200236.58652819367,221593.77134931766
06013,2020,1,1,06095,646073.1010180349,460925.3607411205
29001,2022,3,2,"29197,29103",168105.68346967697,151390.98648981727
13059,2025,5,2,"13219,13221",324378.7963845381,425438.1452537641
55117,2023,8,3,"26105,55071,55015",263840.58937434625,258671.52487114654
38105,2023,5,1,30091,304138.80968734535,172806.65424125956
26109,2023,7,2,"55075,55029",158670.76951821122,276742.1987189633
16027,2022,6,1,16045,458050.6393024097,495756.1413599395
45007,2022,4,1,13147,241366.20466050165,289272.57039959775
46085,2022,8,2,"46015,46023",,221134.5231791077
21007,2024,9,1,17003,133261.48620722402,67973.29477869572
05147,2023,7,1,05123,98632.66219262284,89784.64973078981
04001,2023,4,4,"49037,35006,35003,35045",307379.01724379096,231421.18450775798
48287,2024,5,2,"48051,48477",347457.1834543271,323434.7320971263
46009,2020,2,1,31107,133590.43373174907,135368.2769455453
51149,2025,7,1,51670,342606.8304813009,209242.85432038005
48109,2023,6,1,48243,135617.26614884354,252066.42572919975
17151,2021,6,2,"17069,17165",159159.1184715402,96963.49471607708
28133,2021,6,2,"28027,28135",127691.5252932242,108176.000024004
22099,2020,5,1,22077,156515.08907534453,169700.3258492131
28139,2021,3,1,28009,130162.21867463551,148524.73849616005
47113,2022,5,3,"47033,47053,47017",216456.9300632176,163008.04704476378
51027,2025,5,1,21195,86314.15503987267,116182.7903934786
35035,2020,6,1,48141,147906.48915437446,148898.58512172932
08113,2021,8,2,"08091,08033",1170214.204882609,454846.2492635021
22111,2023,7,1,05003,147526.79555364314,98284.21711610636
49015,2021,7,1,49039,,289861.665034928
30025,2024,5,1,30109,172783.68709370174,198787.91380894443
06029,2025,3,2,"06031,06037",364498.524878442,624893.0410746691
39139,2022,5,1,39005,152397.54649806817,190181.49222536315
29023,2023,4,2,"29069,05021",144452.01082720776,103141.93037992937
17127,2024,8,2,"17151,21139",109030.49281513334,152387.20646478544
35035,2023,7,2,"35051,35005",212006.2823402897,170939.08128799676
31027,2022,10,3,"31051,46135,46027",203972.0238303616,220004.00934800765
01005,2022,5,1,13259,153450.57148578612,98368.4060259321
17109,2022,6,1,17071,89430.62682720086,121537.66151568809
16039,2021,6,3,"16025,16015,16047",293866.3825739039,351859.7828221266
39043,2021,5,2,"39077,39143",172432.42401181135,142682.98785866302
47069,2021,3,1,28009,108772.35036767776,148524.73849616005
48291,2023,4,1,48071,239226.06282829004,334269.7439102858
21127,2025,5,4,"21115,21175,21159,21063",161686.90906322756,152080.15428933076
13007,2022,11,1,13037,145954.05118744905,110163.77034815509
05061,2025,6,2,"05113,05109",152358.46090782937,180370.91743610162
55133,2024,8,1,55101,459525.6536287923,282438.6676019291
08041,2020,7,1,08119,355934.3018770221,346318.15109462646
51059,2022,12,2,"51600,51610",701539.5386855598,826114.1899167686
28067,2025,7,3,"28061,28111,28129",158096.2501195606,149383.3712091836
51013,2022,8,1,51610,783433.4085694436,994934.7165031144
13285,2024,4,1,01017,225151.4413867586,138029.26635582352
48089,2022,8,3,"48015,48149,48239",296776.0000239175,382726.5485573013
26021,2023,6,1,18141,244437.83954230868,194871.7876301142
51041,2023,6,1,51036,376971.3880125389,263301.9467588589
21171,2020,1,1,21169,75265.40183170701,91649.2854986548
33009,2020,5,1,50017,229771.66117256848,244755.82438280652
51005,2025,7,1,51580,174291.68205185444,102691.38531996692
28073,2021,3,1,28109,200164.77691627215,149668.0065406008
51199,2021,9,2,"51131,51735",369619.2563778511,307424.738347305
16039,2024,7,1,16083,342513.3300991821,357771.65262241283
27173,2022,9,2,"27081,27083",154597.96139147718,180099.12467065698
26113,2022,8,3,"26133,26039,26079",207202.37809218583,177889.59986626633
47069,2024,4,5,"28003,47023,28009,47075,28139",148984.57960110682,153214.35392928234
06073,2022,10,1,06025,878171.4561249111,309900.45956362865
48437,2024,6,1,48153,109492.38317498028,95610.96787288494
04012,2024,8,1,04027,262600.56812724104,275388.9668369426
47065,2024,5,1,13047,350420.4940087637,286899.618829649
28145,2020,4,1,28009,149961.17762946224,133936.00915887076
27111,2021,8,3,"27041,27153,27159",257020.8838867027,220869.57465361085
16001,2020,5,1,16045,356688.37168838433,291877.99872181617
35051,2025,9,1,35003,166929.14784298162,210297.1432680334
37133,2022,6,1,37141,240855.7524815992,407434.8058897462
51163,2024,5,2,"51678,51530",309093.89475105685,240286.34555845015
39167,2024,8,1,54073,169724.71584552107,159089.81679513716
20007,2024,9,2,"20097,40003",89376.0534784139,143204.72536625585
16013,2021,8,1,16025,756439.7817050861,378406.7638602319
17101,2025,4,2,"17159,17185",112595.36997074269,119024.39791424334
31089,2023,3,3,"31103,31003,31015",165781.64464077714,204257.52224248662
06065,2023,1,2,"04012,06025",585259.4126555437,279039.48255285213
47065,2022,12,2,"13047,13295",324195.17523068376,238435.7396664208
48469,2024,1,2,"48391,48123",215109.34922852207,189434.35223434996
18169,2023,8,1,18103,163039.58937941477,132747.5893427301
41059,2022,7,2,"53005,41049",296784.48477585235,361968.00307228416
29141,2020,1,1,29135,191045.96759905203,148187.17821461448
29161,2021,8,1,29073,177660.3602582894,178563.43809773374
55113,2023,4,2,"55107,55005",310070.7792303161,212174.87109903106
17025,2021,5,1,17079,93751.33015075258,129644.42531129476
48339,2025,5,1,48407,346433.6859122923,240953.15833457696
22045,2022,8,3,"22047,22101,22007",159196.76513215524,144871.04790294313
13289,2025,6,3,"13023,13175,13319",110097.66858312752,162711.90146940728
20057,2024,7,2,"20097,20083",203192.44859915783,153308.6294135123
51003,2022,8,1,51540,490966.086100511,458250.1652059711
54095,2025,5,1,54073,117956.1403829038,163001.62803837485
31137,2022,7,1,31061,196928.35490164612,117242.88923032615
12081,2021,7,1,12027,348235.1288216947,199783.734956827
40107,2022,6,1,40133,125530.34525067724,107564.33840956078
42085,2023,4,3,"39099,42039,39155",162211.4798855109,140255.50780045168
31125,2024,4,2,"31011,31121",154946.87571564052,227520.83834471833
39121,2021,9,1,39115,158357.42783418563,131829.4191994636
48201,2024,2,1,48339,289140.57198092766,345219.3748515424
17189,2020,3,1,17121,112211.81309087887,83781.71292430758
31145,2025,6,1,31065,169012.42411710485,139005.98679885862
17119,2020,7,1,17083,132041.03230355534,143490.09811046594
06031,2021,10,1,06079,301353.936302678,751989.0073506254
18045,2021,7,1,18165,146833.6640541477,112016.810233789
05031,2021,3,1,29069,166465.6410395028,99423.74154945336
12057,2024,3,1,12049,400902.7314794762,226866.69035476717
28103,2022,5,1,01107,131417.77610341436,142136.62005325136
22017,2022,3,1,22081,137750.9871676619,154106.10707910638
39103,2022,8,1,39005,294009.66452082276,194976.8242350501
13153,2021,7,2,"13023,13021",183636.1659973641,130564.50109647257
19021,2024,7,2,"19151,19093",180495.1189755638,120671.13378255672
30029,2021,9,2,"30089,30073",528999.1298968795,264128.94965622283
21059,2025,8,1,21149,211638.92130069225,170292.887723253
21103,2020,9,1,21223,166879.75622146227,151394.65716472224
01081,2024,5,1,01017,323242.0745906823,139702.23866507687
35013,2020,3,1,48141,186110.33570805076,146682.49199817973
39133,2024,4,1,39151,249203.12437641868,189746.38191151177
38035,2023,9,1,38063,253072.1477471008,154641.18614002553
48225,2021,5,1,48455,217922.5487010548,165960.20476320162
49003,2024,7,1,16071,434664.52649276215,325078.87339872075
06089,2024,1,2,"06049,06105",369897.92846392695,228259.80143212885
42115,2024,7,1,42131,214509.80557161468,218752.8008073143
27005,2024,7,2,"27087,27029",327839.0035389622,186647.19483232952
49023,2025,5,1,32033,430664.4427077519,185732.70296938936
48465,2020,4,1,48435,164663.28511360692,143849.02939548728
28103,2025,6,1,28069,112583.90385805792,125660.57288565655
39157,2025,6,2,"39075,39151",197013.5778593661,272210.1776157021
48103,2021,5,1,48461,193066.8881185017,138954.6458710021
29019,2024,6,3,"29053,29175,29089",307611.69595802185,198390.17457122527
29123,2022,4,1,29093,148526.29572597996,138590.60847885124
44005,2021,9,1,44001,570954.881136113,492137.2909305824
16007,2022,7,3,"56023,49033,16041",397439.46514058224,482289.45666367677
39137,2025,4,2,"39173,39063",233477.8494175137,233036.19262744678
22051,2023,9,1,22075,263605.8532808292,286853.3099389241
17081,2020,3,1,17121,109141.09392107674,83781.71292430758
37013,2021,8,1,37137,176503.074285545,206419.00930893584
40131,2022,11,1,40105,259296.1808718182,156436.7910959576
20029,2025,5,2,"20089,20123",111376.3717340568,123021.17747630396
29207,2025,9,3,"29223,29017,29143",144697.07645035928,137683.29828893035
16087,2023,8,3,"16045,16075,16003",356045.5352075457,438586.8144105672
17027,2023,3,1,17051,180466.43640106928,142769.52666862882
13259,2024,8,2,"13053,13307",105338.10481303243,158494.3589424241
46039,2022,7,1,27081,290819.70833238016,173183.04556713512
29095,2021,5,1,29107,193744.90393450088,173124.23413568834
13099,2022,11,1,13037,126037.62267672952,110163.77034815509
27047,2023,8,3,"19189,27161,19195",173458.95099625742,176336.19063005605
28081,2024,4,2,"28117,28017",183626.0354873025,136241.2873714487
13061,2021,4,1,13037,142386.19166840462,102095.47242944824
38017,2023,7,1,38003,303902.36103580747,176520.9183733064
28085,2021,3,2,"28147,28005",161467.26008107804,148447.15205921483
13001,2023,1,1,13279,144854.61098366915,141159.51749376394
48177,2024,5,1,48123,296108.47698600596,236306.46493349984
30097,2021,7,1,30059,317815.4961135204,234622.6380555172
19169,2020,10,1,19079,211850.32509074904,111480.66032427346
47181,2023,7,1,47039,164048.82735994764,166317.5752245702
32031,2021,12,4,"32029,41037,32510,32001",537805.6145453319,359795.67891597655
22029,2023,11,2,"22025,22107",132246.1458694743,183890.26019264077
13095,2021,5,1,13037,95368.85858123245,103695.53803513742
04001,2020,7,3,"35031,35006,35003",202481.83990012656,157647.95972721468
51650,2022,8,2,"51740,51735",243613.53185148895,322561.0080356208
47125,2024,7,1,21219,319459.5894648513,213804.7707041693
20131,2022,4,1,31147,190334.14650342436,107654.8872196162
18183,2021,8,1,18169,209148.50481541755,141152.4388759331
34003,2024,7,2,"34031,36005",703306.8977891556,503211.1474366018
27131,2024,9,1,27079,323987.19416444126,333281.06494024704
55003,2020,7,1,27075,141501.69451262886,173649.08335431968
05147,2023,11,1,05123,93628.20727829575,88996.73112515897
26035,2024,6,1,26143,140588.8746319282,177938.60314531528
04001,2023,8,5,"35031,35045,35006,35003,49037",313105.80550148175,231420.94604665856
46009,2020,6,1,31107,132847.25027130466,140834.02694803887
54039,2024,6,1,54067,145309.55013829164,141898.81361892336
08077,2025,6,5,"08045,08085,08051,49019,08029",421891.44724559464,559602.4993168121
21101,2024,6,1,21233,194854.49631587075,133096.82022795724
05001,2024,4,1,05107,115789.21225545152,53781.70679127332
47115,2023,5,1,47061,236589.0633401662,181906.001181872
40123,2021,5,1,40029,144661.23360300556,96918.30267802866
21053,2022,7,1,47027,147291.01318199237,184840.9317858925
30025,2024,9,1,30109,169526.4450005251,199270.7879978253
42027,2022,7,1,42087,309521.4620533232,152368.4642822907
21041,2020,4,1,21223,108041.48994609878,147138.48887789637
35015,2023,8,1,35005,240260.73543123237,170361.3298547949
42035,2024,9,1,42023,181072.64117581132,81765.06747923995
37171,2025,8,1,37005,227103.7673661387,268883.95769103715
46027,2020,4,1,31027,177786.39429826077,155608.5786288861
06047,2025,2,1,06069,426418.1164262938,780086.2741664434
08103,2022,6,3,"08081,49047,08107",295430.1531981362,518420.84349044337
41023,2024,7,2,"41069,41049",266185.13635812094,299921.26514933776
35001,2024,9,1,35006,338329.82350971666,145340.89979133185
17099,2025,7,2,"17155,17123",177386.953592257,151385.4890347466
16039,2021,10,3,"16025,16015,16047",316140.72371752805,376184.66140617855
21087,2025,5,1,21169,186999.31859341924,179985.0805499615
54055,2023,2,1,54089,130111.39940980804,133518.7935608518
31033,2025,7,1,08115,160281.40471336784,166058.66847741176
30063,2021,5,2,"30089,16049",434844.0973134765,288365.1978055686
49019,2023,6,6,"49007,08045,49055,49037,08077,49047",595546.2974612215,389566.9890945244
39009,2021,6,1,39115,149081.11972015057,131605.52686912543
05095,2022,3,2,"05123,05077",110377.74817153317,109782.47386645884
21043,2025,7,2,"21205,21063",169420.26306903272,179172.01308319822
48423,2021,5,1,48459,207023.63449548403,191301.9009340322
16081,2020,5,1,16065,474983.6491062622,255209.2017002787
19053,2024,6,1,29129,147586.30628608484,133456.4124044032
48007,2022,9,1,48057,324252.301196489,210624.7446151903
22013,2021,5,1,22027,130743.97353837037,186173.89927582024
22033,2025,4,1,22091,232938.50149062937,172156.9298101803
18029,2024,5,1,18115,301146.0610979892,257110.85837278748
45025,2021,7,2,"37179,37007",155174.1676001878,238775.7063204308
12099,2022,6,2,"12043,12051",467230.4178634102,243884.92780208663
39075,2022,7,1,39005,306985.18448955414,193944.4059864992
29167,2022,5,1,29185,237465.96566088623,187990.29837204015
13069,2021,4,1,13161,145029.63824977167,112513.70132978824
27001,2024,5,2,"27065,27095",246110.80353563675,270456.4349385979
13303,2021,8,1,13141,140313.0164291824,180298.40539148697
40121,2024,12,1,40127,143333.72623735128,154215.133589205
26067,2025,5,1,26117,241802.4303126215,215792.00738459325
47047,2021,4,1,28009,297955.3604680148,147570.71571001233
20077,2023,8,2,"40053,40003",81934.42418994606,115021.45614186191
13033,2023,1,2,"13163,13107",167755.85988343763,120377.77163859231
05135,2024,5,1,05065,153398.06739273202,167289.29802547884
38047,2023,6,1,38029,,121669.94834862724
46011,2022,9,5,"46101,46077,27117,27081,46079",272296.8090278401,212012.42619398533
17197,2022,7,1,17063,319192.781200592,268551.3280825545
19057,2025,4,2,"19115,19087",142072.48563469018,171977.73379748795
29087,2020,5,3,"31127,20043,31147",,100055.988960286
22117,2021,9,2,"28113,28147",140675.96725700164,138853.2283593134
19023,2024,7,1,19069,170954.65998746714,141709.94266474663
17101,2025,8,2,"17159,17185",103928.70603210464,118926.75094436796
22095,2022,2,2,"22093,22057",221214.7374413812,210468.79667694285
28145,2023,9,1,28117,177731.47304953812,141884.04013592406
45003,2021,3,1,45011,192098.35836587555,151736.9025523651
48469,2024,5,3,"48391,48239,48123",218912.68330901265,204637.98823001434
45009,2021,5,1,45011,114923.41434618628,156743.66559287926
06029,2022,6,2,"06031,06079",336869.74838589336,593371.768037428
19033,2020,5,1,19067,135608.73731330296,115072.17891348856
40071,2022,8,1,40053,109222.02833070366,122686.9689046711
27051,2021,8,2,"27041,27149",175208.22779613888,226085.15203985432
19007,2021,8,1,29197,114248.05301978377,147453.78837469142
38039,2024,6,2,"38093,38031",135662.92000578824,178934.12307837186
18015,2025,4,1,18023,223057.1499644324,212410.4305185832
30067,2021,7,2,"56029,30059",520875.8910004825,284462.74349724554
26031,2024,7,5,"26141,26119,26097,26029,26047",240564.9940949441,267485.3414634516
42085,2023,8,3,"39099,42039,39155",164806.00364280844,143060.0215412009
17123,2021,7,1,17175,98501.81500238711,126907.82990417907
28131,2021,3,2,"28045,28109",159628.89926536495,171404.86750301882
08059,2025,7,3,"08019,08014,08047",633542.2780749748,584895.0726129222
08015,2021,7,1,08065,566994.5961839175,398595.0886258576
29095,2024,10,2,"29107,29101",240008.5977957854,240711.23375394882
39167,2023,4,1,39115,162821.54236821586,140914.79216351022
16031,2024,7,2,"16071,16083",321322.21763073356,341425.2630105668
05031,2021,7,1,29069,174292.73572851744,105059.45450166166
12057,2024,7,1,12049,400270.90757810185,232395.82222568485
31119,2023,9,2,"31139,31003",222709.52117602844,211845.24335605948
28103,2022,9,1,01107,129469.40923370274,144471.3188691986
27111,2023,5,3,"27041,27153,27159",283433.2563100565,247685.71006932374
49013,2020,4,1,49007,211408.52459173417,157275.6725434202
45087,2025,6,1,45023,126812.54120595031,215500.49668135587
20105,2022,7,1,20123,109888.3051085496,122528.695537925
29223,2022,5,1,29093,133861.9684249255,139890.35638683185
56035,2023,8,1,56039,402444.85596747993,2084901.049880923
32023,2025,5,3,"32011,32033,32015",353279.53684621304,198709.60305866288
12131,2021,12,1,01039,648511.5307719796,149756.8840138791
49037,2024,8,1,08033,343209.8994680103,315144.47471113823
34005,2024,7,1,34001,398020.8068526117,350029.11183479434
48135,2021,8,1,48461,220505.1389574383,142373.54778649972
55083,2025,4,1,55041,277028.44966067176,189328.91590979823
27097,2021,9,2,"27009,27153",232983.5871056701,226937.6410181239
48207,2022,10,2,"48275,48433",101109.04393197798,116531.43432892457
16049,2024,7,1,16035,336927.1030688729,296861.6912554735
17045,2023,2,1,17023,105008.16796859702,127807.39406972268
16057,2022,12,2,"16009,16079",433320.3907064472,305581.7561293417
01089,2022,4,1,47051,303397.74591285817,281913.71992624854
35007,2024,8,2,"35055,08023",248334.32228296847,333559.49533021665
48157,2023,4,1,48481,380172.9195211238,243591.5128235214
18083,2023,8,1,17033,134501.61783940412,123903.06961930012
04015,2022,9,1,04012,365376.8475332836,256900.29466175137
31133,2024,9,1,31097,169090.61706471676,194934.9485185138
13155,2020,3,1,13017,105560.40753392749,78808.00046883363
56023,2020,5,2,"49033,16029",260223.65890571033,255836.47374369937
08097,2022,2,1,08065,2065300.471567198,443602.2336521863
30029,2020,5,2,"30089,30077",358686.81730295974,207310.91486012953
38071,2023,5,3,"38063,38095,38019",200751.9651047353,155324.8039113
40069,2023,11,1,40005,137935.12181114094,192680.3616025048
37095,2024,4,1,37177,212411.92711319713,167344.93169485897
39037,2020,3,1,18075,126221.5831169613,98138.55028161065
16067,2023,5,2,"16053,16063",300216.0585546806,325444.36005760095
29095,2021,9,1,29107,198435.80374214987,179173.48855841244
22061,2022,3,1,22027,213275.50161271228,165496.38424009926
18097,2022,3,1,18109,205481.63729313877,254646.04756799364
48123,2023,4,1,48175,228075.1504278104,251237.6373979463
47065,2023,1,3,"13047,13295,13313",323384.5883026744,230563.4946139392
16047,2024,5,1,16083,346322.85588754877,357566.78006870084
47019,2025,9,1,37011,239972.0221853544,387898.91006132285
47085,2022,5,2,"47083,47005",213091.68445494457,179352.7941276842
41039,2021,2,1,41019,364913.2211553007,265191.9240750714
06105,2022,8,1,06089,321251.545942445,385661.6991855958
16003,2022,8,2,"16045,16087",541338.5272157543,434018.0305967481
40013,2022,8,1,40095,215546.6536992872,192143.70201428668
08083,2024,8,2,"08033,08111",393547.4413020811,431949.62173743325
39015,2024,9,1,21023,246210.7983466374,187880.6758025038
08037,2020,6,1,08065,699373.9293097098,312106.3885073737
30001,2025,9,2,"30057,30023",389319.2109175823,508378.4164394863
48005,2023,6,1,48405,200445.21207041424,220518.6141885009
12083,2021,10,1,12119,228315.1423318145,336092.0743093333
27005,2021,10,2,"27029,27159",278011.3006341884,179475.19591219566
51199,2022,3,1,51735,388766.1628858841,398328.46791586606
17187,2022,6,1,17071,97105.76126248592,121537.66151568809
17009,2020,7,2,"17017,17169",148086.3798666238,93949.2591586521
30021,2024,8,1,30109,187507.42890857605,196585.37082906067
13095,2021,9,1,13037,98939.85676621478,107081.10892709148
48215,2025,8,2,"48489,48047",191718.1039792859,130826.50658037934
05043,2023,12,1,05011,150492.16784720504,121057.00454628948
17049,2022,7,1,17079,196890.0274638176,136125.03589009566
32011,2024,7,1,32015,167229.15468062894,248777.3814674761
37111,2020,1,2,"37199,37121",182886.0681612557,172905.93264596272
26071,2025,4,1,55041,126277.55269302412,189328.91590979823
53017,2021,2,2,"53025,53037",389210.7067549207,332539.31805422716
49007,2021,9,1,49039,200260.5391280006,303663.88597087265
20043,2024,10,1,29003,143483.78630784302,261464.89438673187
08077,2022,9,2,"08051,08029",389788.1683422883,536356.6982507047
01033,2022,3,1,28141,170843.4985559302,174965.50986026254
13001,2021,12,1,13005,149280.0033652436,124375.79287322768
18049,2020,8,1,18131,128087.73713742678,109721.58620695028
30035,2023,8,1,30101,170583.91080744998,161394.5525270759
16021,2024,9,1,30053,440712.0792784826,414404.1352230123
13195,2025,4,1,13221,309657.41632097866,304049.6729910961
53045,2021,1,2,"53035,53053",350591.8885273316,462031.985532018
17079,2023,2,3,"17159,17023,17035",134575.98815962288,131892.8919294791
40053,2021,7,1,40003,108284.78785539618,114598.89310950512
47045,2022,5,3,"47097,47033,47053",158704.37306002708,150419.3106054319
31003,2024,7,2,"31011,31183",203834.15819202724,251134.8241904106
06045,2024,1,1,06105,510167.09659608937,276198.6892635789
49055,2025,6,1,49019,436982.0740895627,585973.4911829005
49053,2020,8,2,"32017,49021",358197.21780216997,220561.0521699888
18147,2020,1,1,21091,148691.09570741,130605.847481662
13061,2023,1,1,13037,158906.29194136144,108698.62298736729
48387,2021,12,1,48449,193375.31041223623,217972.94816777087
17113,2023,4,1,17147,214462.19606237425,190181.58526281745
37187,2024,5,1,37177,110436.6681382068,169313.6266955074
26095,2024,6,1,26097,131574.89756776908,189279.98436575217
06085,2020,4,2,"06069,06099",1208205.3096819238,484078.2775518449
54085,2025,4,1,54073,123386.0237793839,164206.8643625162
49053,2023,9,2,"49025,49021",524317.5527171389,396985.2357578089
31107,2022,5,3,"46009,46135,46023",178467.36853883855,213707.76692991387
51185,2022,5,1,51167,118873.1973442305,128644.3683793703
48035,2020,7,1,48425,174119.71984734794,268821.01604734757
54055,2023,6,2,"54089,51021",135086.23947687782,147855.50072763994
48087,2025,7,1,40057,89431.96910649567,76699.64888368572
18017,2025,5,2,"18131,18103",167936.17344516577,161181.10052497088
01099,2022,8,1,01131,148963.97034423146,147321.71235483917
29207,2021,4,1,29069,134356.26551351635,100994.9664770591
40047,2024,11,1,40003,133755.57106099126,123007.4471662574
29041,2021,8,1,29089,248256.2513700132,167913.20177439455
26103,2024,8,3,"26013,26071,26083",218699.58921101,147835.91734615254
48463,2021,5,2,"48163,48507",188897.6318129936,141722.19246971392
12099,2022,10,1,12051,478053.86388987134,259948.3143217996
21011,2021,9,1,21173,129101.36469503284,170708.80732366967
28123,2025,7,2,"28061,28129",115626.48642294564,152559.23196725888
48295,2024,6,1,40045,150321.04556099247,106406.79441872612
13199,2024,7,1,13293,217660.91654101663,175461.47891305655
22051,2022,5,1,22057,298665.14463793027,220725.39647537644
46013,2023,8,2,"38081,46045",212757.22799124956,194217.28812617518
26035,2021,9,1,26113,126114.8476267929,191481.09143071473
40137,2021,4,1,40033,100081.12155571056,87251.03988396109
56013,2020,6,2,"56017,56029",210126.47830102767,218839.555089296
19091,2024,7,1,19151,144909.3205886823,107278.6836802712
51173,2023,3,1,51021,135571.010395801,160730.54885849947
37055,2023,6,1,37177,585726.051256166,168712.30640109535
41071,2024,4,4,"41067,41047,41053,41057",501106.62500539,498090.98893416167
21057,2021,5,1,21001,130323.4803168384,136245.75415825145
29089,2020,11,2,"29195,29041",148127.8176808759,211090.5486710891
47131,2021,4,2,"47183,47095",113496.0236075355,107926.93425380447
27079,2022,9,1,27103,318270.8778245687,273032.03111687885
40117,2021,5,1,40103,126938.59039430828,117131.2920080026
05135,2024,9,1,05065,159307.7982322656,171527.0036546528
19187,2023,7,1,19079,130634.85326510105,143258.9349899698
21175,2021,6,1,21115,113419.04457230888,117941.0831123675
46025,2023,7,1,46005,181488.60354938277,182735.88504080733
08083,2021,5,1,08033,323757.7619569025,277131.84461130766
19067,2024,6,1,19069,143442.11618835654,141861.9179876591
35043,2020,7,2,"35031,35006",243306.42160743743,143694.7004993293
37143,2021,8,1,37073,217727.31416119073,176598.99768683346
19033,2020,9,1,19067,138291.74100910663,117986.97614774852
40117,2024,6,2,"40119,40103",162130.33372126435,183616.67232893023
16033,2020,6,1,16059,148815.2198223117,210207.62505635488
19007,2021,12,1,29197,114143.50760295076,157034.2471507129
22011,2021,10,1,22003,206029.80961652767,121320.6674231165
20013,2023,5,1,31147,122147.62002600529,115677.02606930152
48127,2025,5,2,"48163,48507",128537.72126470106,122088.5381741653
47181,2022,3,1,47039,152765.8606657683,166860.21743899383
08097,2025,7,5,"08037,08015,08045,08051,08065",2449182.381106436,767020.5512344912
04007,2022,8,1,04009,395389.78029821854,274491.58917501644
28021,2022,7,1,28063,145417.54702327747,177338.73613649874
01075,2023,6,1,28087,155748.045327852,164223.41400379152
06103,2021,1,2,"06021,06045",278018.017997544,426889.54461977584
49045,2020,7,1,32033,324902.66572193056,153450.24632451046
13099,2023,5,1,13037,127932.87044358818,113025.7327094589
26123,2022,9,4,"26105,26085,26127,26133",214414.667696737,196164.1141508915
54019,2024,5,1,54067,136397.86461339085,140725.05963244406
39155,2025,8,5,"39055,39099,42039,39007,39133",156465.434675982,221833.94928675628
01119,2025,5,2,"28069,01023",119697.9272064593,133385.39899621782
28131,2021,7,1,28045,166329.83860946892,204303.9822182235
22033,2022,7,3,"22037,22047,22121",228203.74302723433,205589.20030943223
45041,2022,5,2,"45089,45033",175776.49177924046,128892.95496518177
18067,2023,4,1,18103,153696.69576101776,127731.99319712832
55061,2020,3,1,26019,188299.67944085097,234942.8182763077
13013,2020,7,1,13059,209815.6934138959,203004.72577796932
08091,2024,8,1,08111,767772.6680620151,548754.7687637283
44007,2021,11,1,44001,342858.3461298635,492501.3659223596
13105,2025,5,1,13221,167742.29326733737,303109.4281479583
26053,2023,7,2,"55051,55125",108613.34504425328,282256.851292322
34025,2024,7,2,"36085,36081",717126.2603562431,674706.4670193654
08013,2025,7,3,"08049,08014,08047",727830.8843384747,646567.3622275962
48323,2025,5,1,48507,228486.72443360183,82073.61062298903
08093,2021,8,2,"08019,08065",463700.4576136892,460511.87954079104
42075,2022,5,1,42043,256219.11064049543,227961.74583100257
48105,2020,4,1,48435,,143849.02939548728
41059,2024,8,4,"53005,53071,53013,41049",295049.4370906911,348617.4288223761
17115,2021,5,1,17139,93178.25281275994,130664.97109921556
48043,2022,6,1,48377,264117.1848371847,248242.3252509944
26041,2025,5,2,"26089,26153",181392.71877317465,396258.9889409237
48245,2021,5,1,48199,159719.30975086297,209331.44895240737
17029,2021,3,1,17139,105092.15064181278,130955.40347780092
39005,2021,5,2,"39077,39083",171280.7956418453,176592.3786298284
49047,2020,6,1,49007,221321.88935620096,157318.54920463328
39159,2025,6,1,39101,399341.9820821441,168711.46545802592
22101,2021,4,1,22007,123549.40175399516,158365.516591922
31135,2024,9,1,31085,224119.2449832039,297969.00574304117
13285,2023,4,2,"13199,13145",204685.87627854943,262353.4989586636
18007,2024,6,2,"18181,18111",182502.07909538315,204245.51638293045
44007,2020,3,1,44001,279095.6837719846,399716.49274560384
39037,2020,7,1,18075,129902.03958662134,101142.62868944852
08049,2023,7,3,"08019,08117,08047",752075.8712491024,708247.8767219419
12027,2025,7,2,"12049,12015",251719.2019291641,274912.4589627943
54081,2023,6,1,54089,139612.9189427938,133226.8806525637
28031,2025,6,2,"28065,28129",165077.87580834853,129647.33436297471
34011,2024,8,1,34001,261695.75014315124,351832.9594223898
51153,2025,6,1,51685,581371.452125786,455379.9850377945
06053,2020,1,3,"06069,06031,06079",602089.9266396506,494362.3788416844
05139,2025,5,2,"05011,05003",123769.21929868478,97520.75942746157
45043,2020,6,1,45089,248113.40651615805,103044.57162153863
18035,2020,7,2,"18009,18075",100029.5278796606,91200.70058458246
18151,2025,7,1,39171,297459.9779671762,174805.01976668995
48465,2022,5,1,48435,203609.9038571141,172435.3500224855
56045,2022,9,1,56009,223227.85548223497,270996.60064614034
48265,2022,5,1,48267,392156.7604743288,355324.15125455667
51199,2022,7,1,51735,403854.6840695115,413210.3583303173
17101,2024,4,1,17033,107740.57673885644,126408.21034391456
48471,2025,5,2,"48407,48455",265485.44349737786,213579.49080039898
08013,2022,6,1,08047,794624.6328584763,564363.3714513368
05141,2024,10,1,05137,167299.95887688,199446.21979651903
26047,2020,7,1,26097,275832.56128651276,135637.429241976
18049,2025,6,2,"18131,18103",193007.55652238755,161417.1228968767
37111,2020,5,2,"37199,37121",183115.3842786076,177444.35076278803
36013,2023,4,1,42049,145167.00168229218,177791.88911164572
01033,2022,7,1,28141,176581.85605197388,177222.1792467921
56029,2022,8,3,"56017,56043,30031",388113.7401086127,376317.2646910112
22039,2022,3,1,22003,118293.35642385592,128258.14989198136
51199,2025,8,1,51830,454801.2054023081,401516.32766210806
47049,2025,2,1,47137,243683.14982704024,239538.80840952985
35033,2024,8,1,35055,,463026.4817448249
47087,2025,9,1,47159,221760.6723452287,296827.71109433175
29229,2024,11,1,29105,210165.25219619507,221487.68709272455
17125,2020,4,3,"17017,17129,17169",78298.78712095186,113916.79408638428
16031,2021,8,1,16053,267829.0927138692,330487.4100106565
31089,2025,7,1,31183,170889.4014542857,243087.65495693265
29131,2020,1,1,29135,158404.00819601063,148187.17821461448
17059,2023,5,1,17069,79630.22310755077,107215.55167697702
40053,2021,11,1,40003,106941.7067066266,111491.74481816776
04025,2022,6,1,04012,516807.02980886586,249786.99719731495
22029,2021,2,1,22077,124354.47840105968,179806.94640870843
48409,2023,8,2,"48391,48007",213314.0349026015,239572.04281810235
08089,2020,5,1,08025,112714.86793047546,126283.8381318584
01049,2023,7,3,"13055,13295,13083",195662.02456239323,209011.90785794248
37095,2021,7,1,37137,187914.42909271864,203955.14058563116
48085,2024,6,1,48397,527644.5226376645,435069.9347375301
08049,2020,6,2,"08019,08047",504643.99680674734,401750.87685472757
22079,2024,8,1,22039,166584.40076010776,110641.14089295916
55071,2025,7,2,"26105,26101",243997.22114667748,241404.8972556441
35053,2025,9,2,"35057,35003",186715.8242985037,211306.83382194547
12097,2021,8,1,12055,299347.8013853773,180390.06869029804
46123,2022,5,1,31103,199151.8779609398,255444.9934728735
23015,2020,7,1,23023,270005.41380899906,260831.5273210222
47025,2025,5,4,"21013,47173,21235,47067",217385.14821086812,180205.0595036517
36051,2025,7,1,36037,231715.57324711033,209261.90816513528
51191,2023,1,1,51520,214060.57275303596,156845.69273472854
31021,2023,8,2,"19133,31173",157474.46076847133,143099.74314567322
13193,2020,1,1,13093,69954.5482842362,87850.64466795884
45053,2024,5,1,45049,430748.2337270782,167111.77044731122
18149,2025,9,1,18131,209268.7415958912,175489.9244891334
29217,2022,3,1,29185,125667.33852488003,180563.0415573108
06021,2024,2,1,06011,341754.6807603781,366073.37337914185
40063,2021,6,1,40029,95851.28379470784,98202.5530297435
18099,2023,6,2,"18131,18141",220121.0071406084,176082.12104831368
55129,2023,6,2,"55107,55005",282360.7031119161,216422.91252775598
31023,2025,7,2,"31185,31143",223459.81497603937,215254.29606900402
29113,2020,7,1,17013,207299.9545037574,158263.77891122634
05147,2024,3,2,"05037,05123",93993.9484778238,114302.14264823642
56043,2021,6,2,"56017,56029",186752.2384167068,248181.99679503345
30079,2024,6,1,30109,141368.93925319563,197347.30846496052
16043,2020,9,1,16065,288264.4494508275,266112.858275625
56019,2020,8,1,56033,274094.6828581484,305594.8045970769
48289,2020,4,1,48313,248230.56662464677,176722.07166458396
45045,2021,10,1,45059,266336.2239859806,222405.23998325304
17159,2024,3,1,17033,120238.58967201626,124806.80770312628
48111,2023,5,1,35059,137873.19191156112,119408.72057693214
16017,2025,8,1,53051,635091.3986428259,361685.9496808294
51173,2023,7,1,51021,140203.44415316163,163681.1017034823
20015,2021,3,1,20049,176187.58527814146,69462.8571591411
20187,2025,7,1,08099,149046.5446118241,175860.26206012463
51155,2021,6,1,51021,182329.0048036193,156670.47619937852
16073,2020,4,1,16083,260766.84143507804,231765.07523644043
51059,2020,7,2,"51600,51610",596044.2832224636,708450.9552354836
17091,2024,4,1,18111,196761.81774667295,203965.78824351312
29161,2025,5,1,29073,223099.75067943917,231091.41775757232
54023,2023,8,1,54093,169983.7718282,204907.79713085713
17077,2021,3,1,17181,88021.7871787963,132191.31792249877
05067,2022,10,1,05037,99451.69579305804,139387.3484831492
26065,2023,7,2,"26093,26155",192067.7213002088,271240.99806784245
55071,2022,6,1,26105,195226.7340381764,247717.20103565187
51005,2023,2,1,51045,152208.13363804374,199110.72617094053
27007,2020,9,1,27071,178703.97480338402,113779.95783039888
22127,2022,3,1,22021,120363.50829218712,138100.3875890957
20059,2024,7,1,20107,228075.88622593973,152971.29602274593
23005,2021,7,1,23023,437708.7194470291,324876.2809079451
48025,2023,7,2,"48175,48391",185216.0304481469,199867.6438239306
49035,2020,6,1,49029,391283.3310757253,487545.26480184606
42081,2023,7,1,42093,208296.5122842123,253497.52949051737
41065,2020,8,1,41027,283980.474464742,497405.0636124895
06071,2022,9,1,04012,533623.4396219273,256900.29466175137
31111,2025,7,1,31047,206007.2473674963,199536.551333318
17199,2021,6,2,"17181,17165",127987.12793508136,107834.37646577682
22053,2024,8,2,"22011,22039",149909.15286458025,147106.05316678013
48089,2023,4,1,48481,282260.4993337987,243591.5128235214
35027,2023,12,4,"35011,35053,35057,35005",353589.5221960617,166739.18723184822
51165,2024,9,1,51660,344793.1347713533,302448.0797272771
29071,2021,4,1,29073,204975.10057637029,167626.19385414405
26033,2023,7,2,"26097,26141",182262.22755796913,183745.40770872333
32007,2024,10,2,"16083,32015",357767.4521509516,306584.8723341824
06107,2024,12,1,06031,354066.10196471313,353520.616447024
12001,2024,2,1,12041,311862.7354884356,286548.0167081067
40067,2021,4,1,40033,71824.61524795483,87251.03988396109
56005,2022,5,1,56009,289863.2407276789,265102.4667946548
01119,2025,9,2,"28069,01023",110782.86005500238,127397.36349554511
55127,2024,3,1,55101,371110.72035236587,274320.40263017546
39125,2021,8,1,39137,127348.09298974456,186181.0676143747
48231,2024,6,2,"48397,48379",288988.837446013,362333.07568311086
37053,2024,7,1,37177,529628.4445710048,171369.92720595092
18019,2025,7,2,"21223,18143",258752.20268142436,216496.43259244488
27033,2024,7,1,27127,161557.10256893767,161686.13841174
27085,2021,5,1,27019,219519.99722207664,417701.9342957425
31025,2023,6,1,19129,277926.52067973337,252989.3769293748
13139,2024,8,2,"13013,13117",397606.3542395136,491087.3548329042
32013,2020,7,3,"41025,32031,32027",232216.85635848608,229578.97978848894
55061,2020,7,1,26019,191591.87956761345,243234.40699029109
40089,2025,6,1,05113,201947.77034710444,182315.6568940809
56035,2022,7,1,56023,365433.9041807035,445381.8552861274
47157,2024,7,1,05035,223958.26743501404,158267.84388058292
48137,2020,9,1,48435,,146980.12741953623
27083,2023,10,3,"27081,27117,27173",191798.9767176366,160311.1727277187
49005,2022,9,2,"49033,16041",458826.2459927804,492150.3462754927
06099,2021,1,1,06077,373057.10876234126,447446.9836889301
38069,2023,6,2,"38083,38095",,162055.80757192598
48029,2021,12,1,48013,249439.93507147825,250024.16749431015
19135,2022,11,1,19185,154902.7753185242,125858.3069402938
42015,2024,7,1,42131,188500.5777616806,218752.8008073143
12083,2025,5,1,12075,279860.0634847773,294205.1663063721
28089,2025,8,1,28051,331650.4874348595,77057.142924437
48323,2025,9,1,48507,229861.0253118632,85446.18932771943
42097,2023,6,1,42093,141005.32228596671,253262.33963263105
39097,2024,8,1,39021,305167.9655843689,226811.8688694005
19197,2024,7,1,19069,126046.25106759235,141709.94266474663
06113,2023,1,1,06055,616066.1707398002,892735.8310203144
30093,2024,9,1,30023,269659.99928109295,278442.6207895411
31159,2020,3,3,"31151,31109,31023",208192.77996413107,158446.99861630143
39105,2020,1,1,54035,92435.03593204594,133443.8556343819
13137,2025,5,1,13281,310784.10357265157,391799.347140472
32003,2020,3,1,32017,301046.6253433556,171122.5526117396
06099,2024,2,2,"06109,06009",458545.204884481,423954.6606357305
37013,2025,5,1,37187,229497.0177886208,109236.99868483456
06083,2024,9,2,"06111,06079",986105.8701169848,892740.575563208
05115,2024,3,2,"05101,05141",195263.4328710471,193569.03603507864
20029,2024,8,1,20123,105147.51278856256,130908.47942036232
53007,2021,1,2,"53057,53037",434641.2029927617,416149.8705101586
12071,2025,6,1,12015,359756.3313427087,322681.31479710614
08109,2025,9,6,"08105,08015,08043,08051,08053,08079",239720.78031952697,487757.0814603255
08085,2022,7,2,"08051,08029",421230.771355201,539502.6642227317
01061,2022,3,1,01039,157558.1050214792,150557.2658357259
13099,2025,2,1,13061,130516.66485741935,163545.68134193076
05095,2021,3,1,05123,106521.47652306104,87022.31228905183
27053,2021,6,1,27019,351872.8488701749,424521.788311918
19043,2025,7,1,19055,236615.14060580544,222160.35537635515
22103,2021,12,1,28045,279072.70936619665,217487.04108873464
19147,2023,6,2,"19021,19059",141853.6163099711,260661.52410954973
34015,2024,7,1,34001,354215.191496518,350029.11183479434
26051,2024,6,1,26143,162611.8564921594,177938.60314531528
12111,2024,1,1,12093,391396.14598365733,275860.1447124681
01097,2024,12,1,28039,196122.4562086512,200162.4221300181
51077,2021,6,1,47091,152936.68413807845,189909.33431606457
48271,2021,4,1,48507,126015.9878360806,82036.27313885868
27137,2024,9,1,27071,225298.91698248623,145366.14290248524
47007,2022,9,1,47175,222705.3154772031,208332.39301280235
13219,2020,8,1,13059,364292.6502476984,204706.6987897535
12131,2022,4,1,01039,711305.0432297905,150673.85654835007
18011,2025,4,1,18023,397816.7437907776,212410.4305185832
08009,2023,8,2,"35059,08011",,133469.08257818513
51800,2022,4,1,51740,331709.93806035875,224424.4756349868
47023,2020,5,1,47069,135947.14552236194,103258.49236269546
49023,2021,7,1,49039,375232.1175088846,289861.665034928
51041,2024,8,2,"51670,51570",399057.33991386415,244549.83930199503
39025,2021,6,1,21023,255570.77314221,157769.6133185712
34027,2025,5,1,34037,678913.0101006391,426306.6121250712
05063,2021,4,1,05065,144808.45956130236,136463.58055485293
05099,2024,12,1,05109,,180759.15923732845
17001,2020,4,1,17169,144641.22499320624,111499.36086931427
48035,2024,2,2,"48099,48425",234525.4480197706,309961.0343701734
08013,2022,10,1,08047,766989.5924996207,553086.3859091586
18081,2022,6,1,18109,297281.0270597706,267895.42119768256
30093,2021,8,2,"30043,30023",203312.32004039257,288517.2537443131
48391,2022,9,1,48057,162919.92600740932,210624.7446151903
41005,2025,2,3,"41065,41071,41027",618447.5999916004,531257.2235244852
04015,2023,1,1,04012,348530.47240420856,248867.4644829245
18133,2022,6,1,18109,233435.53972122,267895.42119768256
26131,2024,5,4,"55003,27031,26071,26083",124601.88750216176,222187.6993659289
39025,2024,7,1,21023,308347.5191972282,186363.12840496915
18007,2023,2,1,18181,157169.75431525847,182992.00192996403
01033,2022,11,1,28141,175643.04082319533,174497.40546427065
41029,2024,7,3,"41019,41035,41033",428065.3495196968,340964.2502787974
48053,2024,4,1,48281,453920.27409125253,301893.0851300784
32001,2024,7,1,32015,370509.15123005625,248777.3814674761
01097,2023,4,1,28041,185802.58769712097,129451.57646211969
28073,2025,6,1,28065,255822.1035889785,96227.85151281748
26041,2022,8,1,26153,150111.4423307382,174535.33438006305
24025,2025,5,1,24029,412992.0116610732,375374.3813225599
35035,2024,7,1,48109,221257.1088630428,135705.00373141505
42073,2023,4,1,39099,141987.06889805567,136763.9878657221
06051,2024,11,1,06109,736041.9644216597,400938.7838112025
55037,2025,7,1,55041,187848.16568985823,193418.21474724813
17125,2020,8,3,"17017,17129,17169",80283.29709470256,115677.53640119235
47027,2025,9,2,"47137,21053",202550.20908149355,203153.5124266814
17107,2020,4,1,17129,112353.0645545079,153778.52280381037
28145,2024,7,3,"28117,28139,28009",176988.0081012725,138682.480000545
22103,2023,5,1,22087,285181.0961833435,227946.5964883324
19019,2025,8,1,19055,208319.86659765383,222839.4784133249
16019,2020,7,2,"16065,16029",267849.52661700634,235828.40910730115
08061,2021,6,1,08011,173782.4636120625,142378.53338207796
39127,2023,6,1,39115,197155.89898515944,144332.8621111369
13081,2025,2,2,"13315,13093",138961.02753401015,130466.3603544324
37163,2022,8,1,37141,146020.69014912585,413419.8162545772
30009,2020,8,1,56029,290891.126585471,289690.62733963365
47135,2021,10,1,47039,158972.88560195325,154166.0924990475
39155,2024,4,1,39007,142775.64133559968,155675.75852024005
06003,2024,7,3,"06109,06009,06005",508046.3578564118,429601.2417337631
48039,2022,3,1,48321,312438.8931514879,191543.00274521337
48227,2024,5,1,48431,159597.4988434784,222103.1985637149
37083,2022,5,1,37185,97649.466522805,226574.07632013355
48251,2022,5,2,"48217,48425",347270.2910125439,302963.9980751478
18141,2024,6,1,18149,208301.2310391407,198936.27864187863
18167,2021,10,1,17023,123469.47738436978,121418.86067004775
13311,2020,4,1,13281,184181.43997660952,246330.3431419537
39093,2021,5,1,39077,189494.8560258168,148905.5759777108
55007,2020,7,1,27075,192185.3642563192,173649.08335431968
35061,2025,9,1,35057,307509.59380086465,212316.52437585755
45075,2024,7,1,45011,164571.494272462,160658.7789640981
22119,2021,5,1,22027,150322.08853917776,186173.89927582024
16023,2022,5,2,"16037,16059",,344787.71946847753
48027,2024,6,4,"48145,48099,48309,48281",260803.66509738792,238524.88218792604
27167,2025,8,1,27155,203810.06792652045,133272.73018834932
48277,2021,4,1,48119,160984.9246311145,150220.9887454011
08015,2022,5,3,"08051,08093,08065",666379.496723425,562617.2289013393
13105,2024,1,2,"13317,13195",161857.718557194,222520.41407346068
31119,2024,7,2,"31011,31167",230693.99807443432,251680.9390950483
40149,2022,6,1,40075,94508.58213339462,78686.784819249
40041,2021,10,1,40035,236820.90572782775,144895.05118138014
08101,2020,5,1,08025,205482.31980021147,126283.8381318584
06093,2021,7,3,"06023,41035,41033",274011.02922097023,358795.3533866822
27011,2025,8,1,27155,175737.157259368,133272.73018834932
13169,2021,10,1,13021,196023.02837350112,131464.86272698388
19129,2024,7,1,19145,258820.46830654005,138838.1120945598
16029,2022,7,2,"56023,16041",304914.08499054634,448173.1428734247
28107,2022,5,1,28137,181540.8255247617,207592.003448738
37119,2021,6,1,37179,329765.53289430484,347825.1940416566
35023,2023,8,1,35029,,146950.74180587777
41029,2021,6,3,"41019,41035,41033",399240.4231976965,297696.94975725
04019,2021,9,1,04027,307801.17353706766,223975.10131146864
13319,2024,8,1,13175,141439.55080446484,185320.08513700683
51035,2024,4,1,51063,192711.2079483049,249548.4421993092
19139,2025,8,1,19115,187537.45660589813,161949.31355169122
51163,2022,6,1,51678,293061.6685304724,298643.45882572705
49037,2025,6,3,"08085,08083,49019",350919.69127718004,476906.4936986128
37043,2025,4,2,"37113,13281",343546.5588044477,373111.86979951616
12043,2025,7,2,"12093,12015",268825.93508326804,301973.8047592279
48173,2024,5,1,48431,306468.38035531755,222103.1985637149
23011,2020,4,1,23023,176605.6616041163,256528.5712866264
13007,2025,4,1,13087,153175.23708070352,169652.44745066154
41009,2020,11,1,53011,357633.69760678214,415165.3135349588
05009,2024,3,1,05101,214136.28451646352,222377.38619393168
51059,2025,5,1,51610,780565.3258135711,1112427.0031789527
01085,2024,12,1,01041,142405.85928704063,135791.15302472873
51059,2020,11,2,"51600,51610",620820.6874808933,740675.1739866757
28105,2025,6,1,28019,271238.9201985052,152346.4507348306
18077,2025,6,2,"21223,18143",222927.86103537283,216265.2405702346
30001,2021,8,1,30023,312576.81313564075,190554.61437278925
31059,2020,6,2,"31151,31095",108649.44010185328,111661.77004597714
17143,2023,7,1,17175,126824.07275103002,132643.2287820735
35049,2021,6,1,35028,469881.8232884393,459581.2885220714
06113,2021,12,2,"06033,06055",598681.2543654465,597799.8653968273
53047,2021,7,3,"53019,53025,53043",275997.9745155899,284696.83698830317
16039,2022,6,3,"16083,16037,16025",346107.9577391211,379200.2837708536
13175,2022,6,1,13309,174011.40225161248,125602.43134393673
12099,2020,1,1,12051,304738.7109218294,158553.5522026948
51191,2020,4,2,"47091,51520",156981.6655974054,135526.83840955916
08107,2023,4,1,08103,979467.6424398534,293946.0794478473
13011,2024,7,1,13195,333420.97297251626,301426.3489009111
47169,2025,4,1,47159,340062.7591008814,302454.3196995138
22105,2025,4,2,"22091,22095",222125.39597635425,190200.7232392786
01125,2023,7,1,01007,225654.5258764517,221824.45426606736
13059,2023,4,4,"13221,13157,13013,13195",295327.0533629535,311435.5774033676
01133,2025,4,1,01043,193531.06908903335,244896.99733644645
47125,2022,2,1,47083,283095.8780002441,189657.7469565925
29071,2021,8,1,29073,213245.678699374,178563.43809773374
35045,2020,3,1,35031,193777.77620528708,176522.07415572464
40009,2021,6,1,48483,115793.98140558478,121741.5565821997
33009,2021,5,1,50009,282789.70494567923,185350.59959718
55029,2021,7,1,26089,309935.98505537485,494241.53907200973
13287,2020,9,1,13017,111857.00762499396,83831.05918940353
46017,2023,7,2,"46073,46015",,233931.54213738278
40151,2024,9,4,"40153,40093,40059,40003",117717.0271963289,124055.67318477722
16027,2020,5,2,"16045,16075",277013.86258196324,266202.563297278
12001,2024,6,1,12041,314666.4467367855,293116.2027183378
30071,2022,2,2,"30027,30005",191007.5077950928,207935.7965033225
55127,2024,7,1,55101,379867.5428993338,281124.1320479093
20191,2024,6,1,40053,140263.27544755596,115119.80692447968
05147,2021,6,1,05123,85705.33070329986,88147.48503909733
05133,2025,6,1,05113,160905.8952722778,182315.6568940809
19025,2023,7,1,19021,133964.5252924261,173846.99799573675
29179,2022,4,1,29093,163033.02261563242,138590.60847885124
19117,2022,9,1,19185,167668.9148863478,125391.3040057526
51149,2023,6,2,"51183,51036",322213.8972222625,221946.89707384966
17119,2021,9,1,17027,149148.47566224626,167063.4447309378
13319,2021,7,1,13023,119834.01038554015,130660.20742799058
42089,2022,7,2,"42025,42095",295275.81639797805,274997.0155202816
48061,2024,10,1,48489,200777.29218552567,193388.54299095937
50001,2020,8,1,50017,329180.1681415075,250155.6542228776
47113,2020,4,1,47069,154042.61768758544,102888.25196671949
49027,2021,7,1,49039,266475.28739465773,289861.665034928
37177,2025,7,2,"37143,37187",165298.18027176117,186415.27969400253
19029,2023,6,1,19165,136879.8054605615,181948.24754800947
19051,2021,6,1,29197,162641.64636717533,138849.250566735
47091,2024,9,1,37011,245669.90841887423,397352.0282256897
01017,2023,6,1,13145,143393.5549905547,336035.9337349126
12023,2024,5,1,12041,268564.72954364837,292297.7639320083
13181,2024,7,1,13317,238718.32160002072,168493.076138329
08037,2024,5,1,08065,1254931.384456175,490673.84051157866
22025,2024,6,1,22107,104392.29488178212,230360.27295496175
48255,2023,5,1,48175,235014.68317664147,251532.58165170628
01013,2022,2,1,01039,126339.77196691126,151261.14357023864
21043,2020,1,1,21063,94460.62568281752,92571.72795386887
12083,2025,9,1,12075,275855.11754135,287474.1395718458
35043,2022,8,1,35028,347749.1544462316,503240.02446207026
48281,2020,1,1,48333,202346.35592156305,295998.2181407953
29033,2025,7,1,29025,162214.6277297725,227995.58134142516
21071,2020,4,1,21159,95113.29842965509,74109.67510621667
19093,2025,6,1,19047,140772.43154467893,165724.73839512377
06077,2022,4,1,06013,565883.3580773341,884966.0556518221
13257,2023,1,1,13011,210591.95768643252,308707.0505255217
48329,2021,7,1,48461,283072.3277819988,141457.36365809862
51015,2021,8,1,51820,295741.41801114957,233093.14030887824
06073,2022,2,1,06025,829365.0879366974,302958.3461404489
29047,2023,4,1,20209,290356.929794706,179865.7925639029
49007,2025,8,1,49019,272388.6454723966,584386.2903736866
17133,2023,6,1,29186,274090.0152855352,217997.8812614945
13161,2022,6,2,"13309,13005",133869.87090873296,127198.36510431628
21181,2024,2,1,21201,175520.1075989471,170784.0997130466
28093,2020,6,1,28009,167712.87008375992,137742.83319713396
19083,2020,9,1,19079,105688.53154427028,109837.52095968164
37015,2025,7,1,37187,67734.75706898009,108015.1876093758
48273,2022,11,1,48249,147063.86972984902,163383.2046739339
20037,2025,6,1,20133,137597.19486854345,103358.8703218723
26033,2020,10,2,"26097,26095",151581.49234852378,128289.42310769035
35017,2021,8,1,04011,190011.15696790977,219652.36467003523
13099,2025,6,1,13061,124887.17114108316,158294.2693002923
28029,2023,12,2,"28063,28077",125173.87773862596,129089.96283218032
49029,2025,5,1,49043,731943.5125490405,1286742.2766529482
30005,2023,6,1,30015,185555.1976471836,245406.1620025948
48237,2022,10,1,48077,240058.95507756624,214956.37450024855
16067,2022,8,1,16053,302771.6612811201,383337.0374059213
19185,2024,6,1,29129,127045.7784783324,133456.4124044032
13185,2025,7,1,13173,221993.2803433085,209837.47498409636
20143,2024,8,1,20123,160307.34074709227,130908.47942036232
39065,2021,12,1,39101,147302.88612413086,134945.2727149576
05107,2021,3,1,28027,64380.9323771492,68148.11321336526
55057,2023,10,1,55141,212494.42848247837,186878.65028748277
46073,2021,10,2,"46005,46111",247010.57102289287,203112.52206885532
40089,2022,9,1,05081,228331.98229166088,135430.43029721177
45015,2021,12,2,"45043,45089",315197.9829677287,218141.7520661827
05041,2024,3,1,05107,104681.10918243736,52895.2988602373
48325,2025,6,2,"48163,48507",327004.9287407059,120515.67857874409
51800,2022,8,1,51740,342138.6771862513,230722.61723764695
20001,2024,6,1,20107,110822.38056154003,151447.89762949865
04015,2020,4,1,32017,238340.88720640843,172018.17811183428
18159,2025,6,1,18023,233636.97358139337,211897.980897372
19111,2025,8,1,19087,119185.8661540664,181681.6314639073
31133,2022,4,1,31147,158396.22496309952,107654.8872196162
18099,2025,6,1,18131,241527.58659743323,177643.86945899486
39029,2021,6,1,39099,128181.0914386837,117794.00989374323
18179,2020,6,2,"18009,18075",155232.64057426652,91196.40626578845
06085,2024,3,1,06047,1586337.4849627456,416945.41178155976
19157,2025,7,1,19107,202286.0835983148,131452.18655869082
30063,2025,8,2,"16035,30047",561777.571606655,437330.85286445334
28121,2025,6,1,28129,258679.0715404513,163066.81721313193
55065,2025,7,1,17085,216760.7122588596,235409.4794484486
19193,2020,5,1,19133,144767.8807278563,109731.01254851138
38085,2023,9,1,38029,,121914.80787858945
28047,2021,10,1,28045,193880.07463298776,211247.74737804328
41005,2020,12,1,41027,492264.9598075935,533628.8067048715
27003,2021,4,2,"27025,27163",313307.3846159055,346324.2174681342
08075,2025,7,1,08115,250486.60452428673,166058.66847741176
48053,2024,8,1,48281,449791.4017506348,302702.94523415546
23003,2020,9,1,23029,106090.65171438114,127087.12889238202
56007,2021,5,1,08107,170498.69202869976,755335.1923292374
29049,2020,7,1,29177,179171.1234313699,164100.74466946066
24025,2025,9,1,24029,414857.930074524,374953.8093173788
05037,2023,8,3,"05111,05123,05035",142289.34682325984,128287.15053204662
42073,2023,8,1,39099,146014.72902803848,141899.57245241865
17167,2020,3,2,"17017,17129",138679.236865335,114450.2328308869
48317,2020,4,1,48165,,191703.91624897148
13133,2025,2,2,"13219,13221",610617.0480326148,427088.0952007576
51179,2025,7,1,51630,536604.2821080129,462768.13854633254
29025,2020,7,3,"29033,29117,29177",151186.40934839044,130186.4486172379
13081,2025,6,2,"13315,13093",132898.68915081944,126064.22771334095
55095,2021,5,2,"27025,27163",259106.10208405097,351822.51063116756
22029,2021,10,2,"22125,22077",121002.01565467434,233065.9294707281
27119,2021,9,1,27029,196622.03561609017,175775.85491922346
01005,2025,4,2,"13061,13259",149826.6793036712,127694.05452035318
39161,2024,5,1,39003,164835.85178895548,168112.50337107226
21227,2024,7,2,"21213,21061",285169.0783023166,216364.36707591434
20003,2024,5,1,20107,173338.74700104617,150184.90806689576
48227,2024,9,1,48431,154828.925288049,219934.70846043745
30097,2022,7,1,30059,394342.2882608723,285876.3214359228
48251,2022,9,2,"48217,48425",358143.8287573764,310757.83432324976
29181,2023,6,1,05021,147060.03553210062,113076.80221106664
42013,2024,6,1,42009,152480.16141486124,189095.27401373768
22121,2020,6,2,"22037,22077",201429.31149608525,188463.35239246528
12015,2023,9,2,"12027,12055",376008.17447170295,249116.35003285954
05003,2024,6,1,05011,93953.86148134209,128285.0503201551
46059,2021,6,1,46005,214957.73251286,159144.23867778035
27021,2023,6,2,"27153,27159",291676.64285380417,221827.9424114218
31107,2021,8,4,"46009,31015,46135,46023",164143.40589591887,197300.41087534593
51185,2021,8,1,51021,112159.99923128662,156130.27610519223
16023,2022,9,1,16037,,354506.29262032843
48325,2022,5,1,48013,341411.44147826865,263852.83569154586
13085,2021,6,1,13227,346606.025939017,299029.66616998444
13095,2022,5,1,13037,113612.2286723856,108159.22744330391
01117,2023,7,1,01007,349255.9670283241,221824.45426606736
18057,2021,6,1,18159,357140.2229614327,172379.37002716487
13105,2024,5,2,"13317,13195",166342.2666500792,231253.65108092478
13157,2020,7,1,13059,255595.3761104363,203004.72577796932
08013,2024,7,1,08047,747154.758871802,548934.4300989979
37023,2024,5,1,37011,251008.25210946728,395219.34840723267
51770,2022,6,1,51775,177691.74580332215,239019.26411659064
44003,2025,7,2,"44009,44005",420621.7473309729,692102.8008161504
13241,2021,10,3,"37113,13281,37043",322836.30986746866,291906.811717843
20047,2024,9,2,"20097,20083",79425.21832774457,155855.49690042023
05147,2024,11,2,"05067,05095",89921.7714134538,97422.79928942205
48041,2020,1,1,48313,233719.59578705792,171382.64782731366
55061,2022,7,1,26019,251850.83121070173,348344.9577274224
28131,2025,6,2,"28039,28111",198331.08709176828,173011.30763977475
54025,2023,2,1,54089,174508.94245126625,133518.7935608518
47153,2023,7,1,47061,263315.3237107269,186532.53327518617
13263,2021,12,1,13053,164013.02179991707,136037.66381770963
48179,2023,5,1,48211,100138.57575369305,168531.65313848708
13179,2025,7,1,13109,243824.86968911564,166247.5587872614
18117,2025,6,1,18025,172535.8357708736,163755.0199715628
36071,2025,7,1,34037,443696.2031741552,428605.575739011
12015,2022,1,1,12027,330333.80299222394,224165.72355102887
30067,2022,7,2,"30059,30031",631059.0551418604,497406.25544797233
16049,2025,9,4,"16035,16069,16061,41063",347950.6662022828,344320.7965794807
21175,2020,9,1,21063,100002.4898324572,100965.2074290404
55001,2023,3,1,55097,193491.10897256096,254357.6737146049
21127,2023,8,1,21063,142412.9781139435,150998.37362971238
06065,2022,12,2,"04012,06025",590601.5387105738,279431.79326767917
32027,2021,6,2,"32013,32001",182266.51343845003,294891.07861467195
55031,2020,7,1,27075,161283.61123622427,173649.08335431968
31059,2020,10,3,"31151,31095,31159",112514.98618901876,150878.35088551714
39019,2023,8,1,39151,169626.6718483606,183861.2993605103
35001,2025,9,1,35057,344345.5727742521,212316.52437585755
13197,2022,6,3,"13053,13307,13259",179434.4563719963,134663.78919472592
46123,2024,6,1,31103,185026.7458255523,275503.9623603276
17067,2025,4,2,"29111,17169",103622.92494065128,161946.8129549045
54077,2023,6,1,54093,119927.53850121037,201724.3260542336
26113,2020,11,3,"26133,26165,26035",182441.04169031425,134103.02777331628
13189,2023,6,3,"13317,13163,13301",185272.81588407877,133018.3078960983
42079,2022,7,1,42025,185538.10694499756,235000.04651609057
19161,2021,9,3,"19021,19093,19035",122384.9210004118,132355.6984789911
51191,2020,8,1,51520,160037.0924166187,109009.14131968528
06029,2023,8,1,06079,340051.58650904207,856674.9648123682
19053,2025,6,2,"19185,19117",147385.9477447979,150309.43090596114
40071,2023,10,2,"40053,40103",108336.35981362085,127258.6730278964
29217,2024,4,1,20107,154672.3729055179,148984.67045634784
17151,2021,2,1,17069,155589.9976318214,110773.90057330864
48313,2022,3,2,"48185,48471",251179.81645380976,298482.5796322859
06067,2024,2,1,06005,535624.5430391947,428215.3314896296
35045,2020,7,1,35031,193501.05790194703,180959.8162548238
29223,2023,5,1,29123,126932.52418295707,151267.4622931657
13221,2020,6,1,13059,186647.9475183084,201895.97266192897
23019,2020,8,1,23029,167380.90910564907,124047.39536128665
39147,2024,3,1,39173,159896.3535622916,224792.3374981795
26103,2025,4,1,26083,227453.23989883973,189520.64881320985
08007,2023,4,5,"35045,08021,35039,08053,08079",535399.9541320661,317480.8181131368
28003,2024,12,2,"28139,47069",167715.54210414176,149228.3500321897
06017,2020,11,2,"32005,06005",526710.1162969447,450648.2915863558
13241,2023,3,1,13281,359845.3622478335,364856.1914922236
28091,2021,2,2,"28109,28147",121687.00088215696,145762.72025883175
44003,2022,6,1,44005,360937.1940821744,655407.0194562125
30071,2022,6,2,"30027,30005",201091.68837473783,223138.5190014269
27001,2025,5,1,27065,257899.15403911952,251068.49292481065
05147,2021,10,2,"05037,05123",90393.33722026656,107558.89216419525
37139,2025,6,1,37143,262895.8077159328,263795.5318631656
42103,2025,7,1,34037,292573.1596536114,428605.575739011
19139,2022,11,1,19115,174093.19785059974,146040.98348407718
42105,2025,3,1,42023,155193.13983948444,88361.09198341251
13033,2024,1,2,"13163,13107",168466.32158714108,126664.86970660929
41039,2025,5,2,"41041,41019",451193.8301559088,402393.45199794916
21127,2025,1,1,21159,153929.46691376367,111943.31865725444
18023,2022,3,1,18159,173813.8411479198,190091.0079245974
29047,2020,7,1,29177,217296.95282638425,164100.74466946066
19173,2023,6,1,19145,115090.92503070612,132515.4279625323
51059,2022,8,2,"51600,51610",718187.3539784123,844125.2690512086
31031,2025,7,1,31171,236408.4511384541,193939.2106974571
36029,2025,6,2,"36063,36037",278615.2826522251,219935.72401316446
48303,2024,6,1,48153,215498.81446887887,95610.96787288494
29023,2021,7,1,29069,128217.43455966386,105059.45450166166
19003,2024,9,1,19145,144797.1222195115,138615.9031291176
06047,2023,1,2,"06069,06085",405144.2552029213,1139729.0456041142
22033,2020,2,1,22037,197067.2806080668,209199.3700109256
42127,2025,4,1,42089,291812.51781314466,308852.3358719815
19193,2023,10,7,"19133,46127,31043,31173,19035,19149,19093",188327.65501461507,195111.02687671356
37111,2024,4,1,37011,263293.79874226876,392376.471446039
08017,2025,7,1,08061,201164.8524304276,196699.9854152659
21191,2024,9,2,"21023,21097",224172.07088925692,195135.38571507938
01029,2023,8,1,13045,205322.49768704115,279336.721110492
49035,2022,7,1,49029,579973.0561668363,724628.6404995857
51013,2025,5,1,51610,823956.6599582034,1112427.0031789527
21043,2023,6,1,21063,147649.94073348204,152391.02280017114
39095,2024,4,2,"39173,39123",156496.28971046617,241993.9995479342
35051,2025,5,1,35003,171048.29218874007,214832.06991846385
26055,2023,8,1,26079,377076.013630487,208344.79067039024
48281,2023,6,1,48193,299929.49256300787,251998.51239536036
48389,2023,5,1,48243,222049.0258824923,252496.3209488526
51117,2021,4,1,37181,149410.86128384084,150792.5728785556
04013,2022,8,2,"04012,04027",509388.3038992169,262178.2755354341
47079,2021,4,1,47183,148420.74342407018,124310.17028497752
16031,2025,7,1,32007,328685.05395182007,367680.9212424233
56037,2022,7,4,"08081,56041,56007,56023",252119.2272564061,293675.4143842795
48413,2020,4,2,"48435,48095",,155794.21220883966
48505,2022,5,1,48247,171252.71945930147,105795.81459403744
34005,2022,6,1,34021,342427.02903308556,363458.2818381977
13241,2020,2,1,13281,226113.3871500501,244059.6986199777
31149,2023,9,2,"31103,31015",138677.59389413378,218729.24687822443
17073,2023,7,1,17175,140391.11438366797,132643.2287820735
26139,2024,4,1,55101,356371.24457873474,277059.0271810175
13057,2021,5,1,13227,351818.52103351307,292497.40753096103
16049,2022,6,1,16059,340393.9232745222,342963.1167233971
48507,2022,5,1,48127,92844.04074275005,149356.30741964866
29161,2021,4,1,29073,167030.72078602202,167626.19385414405
26075,2023,6,3,"26161,26093,26059",197400.47442157732,306185.6386600473
47177,2023,7,1,47061,237887.66424611924,186532.53327518617
38031,2023,4,1,38027,165303.54889464684,125316.79186596506
17131,2023,5,1,19115,158598.76415175098,146464.1065465059
06089,2020,11,1,06049,304592.13968605263,139715.70173710052
04015,2020,8,1,32017,247250.44484304904,177118.78903351232
29021,2023,8,1,29003,161495.93680305834,250167.49395200808
18137,2024,5,1,18115,248819.97945243484,257110.85837278748
17117,2021,5,1,17083,124887.93852113084,165918.19418870888
05069,2025,7,3,"05053,05025,05079",87359.82631222946,155435.42166833623
53009,2024,7,2,"53055,53031",478821.9265000839,734181.529352756
29199,2021,6,2,"29197,29103",122767.24115282772,138553.62307492614
47171,2022,6,1,37199,205731.69595861933,320451.33595322754
35041,2025,9,1,35009,140440.68165652567,154267.27340773004
13103,2021,6,1,13031,239900.226114079,186902.24771265595
22083,2024,6,1,22065,180334.42693157817,84888.76139059348
35007,2025,8,1,08023,252401.20093906217,194940.2131644952
04015,2023,9,1,49025,346132.991932468,407452.2465889093
19165,2022,7,1,19027,182076.6322371269,173776.26324670995
39159,2021,8,1,39021,328953.604631378,187358.8839016466
16085,2021,6,3,"16049,16015,16003",536754.4269110551,366254.76849150815
21103,2020,5,1,21223,158827.1817565301,147890.17443935075
53045,2025,2,3,"53035,53053,53067",449979.5534121893,558264.2214648244
56007,2021,9,1,08107,175310.29977569866,829694.9740717234
48127,2024,9,1,48323,143859.6003006692,217486.70756136696
17139,2023,7,2,"17147,17173",142509.16733428676,167916.2989625422
38015,2023,9,2,"38083,38029",327741.1915559206,139560.04765867116
31049,2025,6,1,08115,163495.51227892595,167415.76796570953
39161,2021,8,1,39137,133926.69740244755,186181.0676143747
42085,2021,7,1,39099,152920.42096256893,119654.77333785384
06105,2020,7,1,06045,263712.3676086343,502178.7795225934
17167,2020,7,2,"17017,17129",138902.34741080424,116263.36898183529
19081,2023,4,2,"19189,19195",157852.1367979648,149246.50516682255
08085,2024,8,1,08029,435118.3334047881,391834.68923693505
08043,2022,7,1,08093,330934.73399947386,543428.7416142247
35017,2023,5,3,"35029,35003,35051",222182.4718309451,183164.0482379773
26055,2020,7,3,"26089,26019,26009",245958.00324800264,283461.66551244754
27057,2024,6,1,27029,295303.692056857,198866.34965334748
05075,2023,7,1,05055,124545.39195862964,183612.05493347548
45039,2025,8,1,45023,184181.77103290372,212132.34659127565
48005,2021,5,1,48455,170875.46161281908,165960.20476320162
20007,2021,4,1,40003,71815.91099234343,111897.40906653908
27007,2021,7,2,"27135,27029",202407.98453576013,180871.444991
16055,2020,5,2,"16009,16079",371949.92491965945,195449.40612792186
37049,2021,7,1,37137,197323.3971694382,203955.14058563116
19165,2025,8,1,19047,207687.19514589317,168709.43166397905
47183,2023,9,1,47079,161367.0737367492,194920.34900783675
20039,2025,9,1,31065,105533.09921843246,133085.67809576626
51650,2020,11,1,51735,194413.51145999643,351215.4690559691
31041,2025,5,4,"31163,31175,31047,31019",161432.55301475973,214611.80752725806
48223,2024,6,1,48379,278509.0784808159,289596.2166286916
55083,2020,2,1,55078,166580.56407880192,177750.979208576
20003,2024,9,1,20107,179107.81827332606,155706.27211051638
40123,2022,11,2,"40069,40029",175504.45234353805,123903.49695174242
19197,2020,6,1,19079,104531.22502669484,106790.68801748689
30035,2021,7,1,30073,124990.33441376196,176115.24686859408
46121,2024,4,1,31103,,270273.84001849213
05141,2025,6,2,"05129,05137",165519.53608820957,179334.58920203504
22051,2023,5,1,22075,279894.6110344935,295891.8181529014
13095,2022,9,1,13037,120951.04275323918,111066.74058467984
51650,2023,12,2,"51199,51735",263414.97419468866,430001.44092488656
23005,2025,6,2,"23023,23001",549675.1509778762,372178.43301333813
08067,2022,9,1,08111,618849.0900677787,496821.0335191285
16071,2021,7,1,16041,257133.12838475872,383608.1895883989
30107,2022,9,3,"30027,30059,30045",162779.29209306548,268425.22304026125
26061,2020,8,1,26083,131177.63761150354,132614.91554011902
24011,2025,5,1,24035,326761.4946217392,515613.3387400822
56029,2023,4,2,"56017,56039",396614.9160392591,1100425.717398427
31095,2025,5,2,"31059,31169",134359.72521342253,156734.49464843416
47031,2024,8,1,47177,298087.2222589229,254137.5447265424
34033,2023,7,1,34011,258448.82908021,242133.00700999363
48041,2020,5,1,48313,235565.64802959035,177795.58190307007
29143,2024,6,1,47095,97161.28747028888,115285.79924496652
46135,2020,3,2,"31107,31027",204024.80268484785,145368.61780147097
46057,2022,3,1,46077,275072.9739024137,205235.7516171233
32013,2024,6,1,32015,321856.2954880151,247001.1600301098
27137,2020,8,2,"27075,27071",164841.6781457326,143022.40161051264
48243,2022,10,1,48377,266420.42989451,238981.8906795167
47181,2023,3,1,47039,156033.82658186016,163765.61732981305
16019,2022,8,1,56023,417770.63306423783,445557.53625061415
22095,2020,7,1,22093,199990.27668976272,177120.8348193688
01047,2023,6,1,01131,96707.14380684312,143402.84435548345
31003,2025,7,1,31183,206421.68929515523,243087.65495693265
47145,2024,8,1,47121,286683.18388766266,288100.0401775256
47043,2022,4,1,47083,331187.6423938899,194091.16952729516
18149,2023,4,2,"18131,18141",178148.87372772838,171856.9252465236
30001,2020,7,3,"30093,30023,16059",245240.66103093987,172182.23441412507
40079,2025,9,1,05113,164167.30920459793,184057.59331085524
51650,2022,4,2,"51740,51735",234362.33041105708,313244.709847708
39029,2023,8,2,"39099,39151",146140.28411297058,162880.43590646447
01031,2024,12,1,01041,176585.62818071723,135791.15302472873
48245,2022,7,1,48071,169008.84882932788,342155.0077409152
48223,2021,5,2,"48119,48379",244233.1016670759,194519.0907475949
13001,2021,4,2,"13161,13279",138152.22775289975,118007.63718015887
29183,2021,5,1,17083,293053.2784701853,165918.19418870888
08083,2022,7,1,08111,399009.69678454805,492131.7072014402
48355,2024,1,1,48007,231163.48482187223,321931.3856238452
49057,2022,7,2,"49029,49033",467703.6309593294,637575.3623718834
28005,2022,4,2,"22037,28037",163614.22815303432,200867.99583637487
08069,2025,9,1,08049,553132.5629236568,749564.4786220464
06029,2023,12,1,06079,345585.84436502965,876719.8745518298
54039,2024,2,1,54067,140869.36808393066,136399.35858801278
23019,2025,6,2,"23027,23009",269676.2468401051,364920.0733063085
45073,2025,7,1,37113,280314.7523634568,355214.6991070186
20131,2020,7,2,"31133,31147",154225.05974258136,103217.56134951042
06015,2024,1,2,"41015,41033",362475.6100916968,422343.9471461198
13093,2023,4,5,"13193,13315,13153,13261,13235",122827.501962733,144905.6302193561
20091,2023,4,1,20209,410192.6132704552,179865.7925639029
26103,2025,8,1,26083,232952.3664002556,188933.17824481623
13241,2023,7,1,13281,372961.21753992065,375970.4218899016
29139,2025,4,2,"29073,29151",204673.24586777925,247440.203497273
28005,2025,5,1,22091,156529.91574180673,169838.44246583406
53041,2021,1,2,"53077,53053",317023.06834248017,363885.083709981
48167,2023,4,1,48071,326030.0778457085,334269.7439102858
30045,2023,6,2,"30015,30107",254892.32700804563,207527.5054363356
26035,2022,9,1,26133,136235.58293208896,167344.82597416858
56041,2020,6,1,49033,203338.0941391842,302962.3024348945
40125,2022,8,1,40133,165130.2798655874,109322.84090883928
48241,2021,5,1,48199,185514.259319602,209331.44895240737
48387,2021,4,1,48119,174920.93109965962,150220.9887454011
37055,2024,6,1,37177,604712.5460629929,170412.1418184896
37171,2025,4,1,37005,227233.40349812247,270799.3367376775
48005,2024,12,1,48455,195418.06591373065,186555.51431456767
54083,2023,9,1,54093,145088.00876945656,204729.8873119816
42105,2025,7,1,42023,150752.60259408792,89928.80459402612
37189,2024,7,1,37011,508476.04408892983,396221.0776627806
26017,2025,5,2,"26051,26011",168155.78629027898,159239.61796771683
51730,2024,10,1,51570,195564.15372223652,279143.9290600682
06047,2020,4,2,"06069,06099",300146.6953073944,484078.2775518449
19187,2024,7,1,19151,131630.4341399724,107278.6836802712
30111,2022,8,1,30103,361580.3190863966,222008.6711013723
35043,2021,7,1,35028,291919.59585453477,462065.41051848535
20167,2024,7,1,20141,103523.56049131569,82901.55220605498
47141,2024,2,1,47087,300801.2828984425,208683.49606926087
01077,2021,10,3,"47071,28141,01079",183595.67705037535,175638.5478976782
32007,2022,5,1,16083,337005.4136342896,373277.0730028364
49049,2022,5,1,49039,556006.7728821049,349027.95475595817
51081,2022,4,1,51595,138745.34251840113,120679.67988894742
13215,2021,7,1,13053,145105.16392275572,129185.71769068232
48469,2025,9,2,"48285,48057",215679.7676286272,243465.50677858116
29185,2024,3,1,29083,193049.08763454316,199926.0251656026
30081,2022,6,4,"30001,30039,30023,16059",617751.778362359,347840.1666856062
21167,2020,8,1,21005,154926.1266765533,152994.10473789758
40073,2024,9,3,"40093,40017,40083",216705.98081706313,241734.7551116804
22033,2020,6,1,22037,197422.61929081703,206951.2560311559
45041,2020,4,1,45089,136320.9008838357,101659.16880165992
49047,2024,7,1,49009,323941.7442669758,312026.94789416395
47151,2025,2,1,47137,189479.1318144177,239538.80840952985
53011,2025,2,2,"53059,41009",555060.7336437973,507263.876232615
37111,2024,8,1,37011,266285.0816233654,396383.13083166425
39109,2024,7,1,39021,246952.5131279072,226286.3715247824
27077,2020,6,1,27071,174189.9819879979,111961.95949721664
37031,2021,5,1,37137,341783.10639304086,197097.76312882453
51013,2025,9,1,51610,815767.862908766,1120349.8413441794
45015,2022,4,2,"45043,45089",339497.28774044925,235828.12299638052
12029,2025,6,3,"12075,12067,12041",207290.87501767225,277335.6265059884
08089,2021,7,1,08011,146477.3270208975,144886.12221254598
22063,2025,4,2,"22091,22095",244846.5186779697,190200.7232392786
36059,2024,7,2,"36081,36005",772873.6458753588,570976.3891958194
45073,2022,6,3,"13147,13257,13137",256310.6873557637,260912.9963254541
08091,2022,7,2,"08051,08111",776803.4634432414,592152.49271058
18165,2024,3,1,18045,121269.305304587,168945.51180394186
41001,2023,5,2,"41063,16003",275703.9947095146,439526.12487746985
47189,2025,5,1,47159,500573.6721366488,301218.91807547497
48323,2023,4,1,48127,193836.02522513937,144789.2581608586
29079,2020,8,3,"29117,29129,29211",84738.48377999943,109862.38932072335
55117,2025,6,1,26105,299030.9902869628,248408.2198999561
17061,2021,8,1,17083,94753.98465424844,162030.93760459244
13179,2024,3,1,13029,233646.50765217657,390495.8091196814
17033,2021,8,1,17079,124101.96010989673,132032.37975393815
17099,2022,2,1,17123,150084.06905558423,102779.21132577292
31179,2023,10,2,"31139,31173",209291.0465083608,181432.19445199554
01057,2022,2,1,01107,136244.77813384132,144912.1790609852
20029,2022,3,1,20123,92091.22468932223,117049.61006483738
41039,2022,8,4,"41041,41019,41035,41003",450058.7534332739,403955.26814279903
06065,2021,8,2,"04012,06025",516871.6760069679,251952.0001706211
48043,2023,6,1,48243,244039.96500252947,252066.42572919975
04003,2021,10,1,04011,229346.5327177864,217062.23312109572
38099,2025,7,1,38063,150800.50461113325,145463.90791595986
51053,2023,6,1,51183,267281.5347351629,180591.8473888404
19109,2023,6,1,19189,152147.98229155198,140210.45800911184
40011,2023,5,2,"40043,40093",100961.19257177024,141562.3188676389
13211,2025,2,1,13219,446516.5446542387,549002.2392785583
18061,2021,6,1,21163,200623.26825966456,190198.6904613499
08097,2023,6,3,"08045,08077,08015",2202835.7737528915,553053.1853140689
29123,2025,7,3,"29157,29223,29017",165027.7650473275,176577.13732529207
31135,2025,9,1,08115,220946.6047636216,166060.4571056657
13161,2024,7,2,"13279,13271",147314.18948113418,140586.45692844762
21215,2020,7,1,21005,242305.23707905467,150675.98791885655
19081,2023,8,2,"19189,19195",162332.9565435181,150641.03191590525
19049,2022,8,1,19073,338226.6421078798,145012.38508603908
29037,2024,10,2,"29101,29083",313487.4353223991,236071.76029521984
28003,2023,8,2,"28117,47109",161147.78764812116,152218.32650095248
13091,2022,5,1,13309,152089.59677515863,125503.558210233
01073,2023,9,1,01007,218443.6022002492,218937.9596965209
39167,2021,7,1,39115,156762.6751612335,132851.85288868702
05027,2021,4,1,22027,158314.12390319773,196783.438898804
16073,2024,7,1,16083,420697.3502505027,357771.65262241283
28087,2022,5,1,01107,171187.32338729626,142136.62005325136
31041,2025,9,4,"31163,31175,31047,31019",163216.86078883996,214553.08227292466
42079,2024,7,1,42131,203870.3692186038,218752.8008073143
55083,2020,6,1,55078,169283.0596220295,185522.7135523292
46121,2024,8,1,31103,,281810.1546621543
34025,2022,6,1,34021,634262.0006484153,363458.2818381977
06081,2021,12,2,"06075,06085",1553128.6062557856,1456631.9341360573
22087,2021,9,1,28045,217691.4726791792,208926.29138853005
19065,2025,7,1,19055,143716.66723925472,222160.35537635515
13181,2023,7,1,13317,222647.24455876465,153642.07012745363
26091,2025,6,1,39095,224839.77689812545,165364.107734713
17157,2022,4,1,17133,124939.97241790564,266658.8897660762
48217,2024,6,1,48309,234972.01155792383,264926.74092763645
53017,2022,6,1,53037,468667.03894333896,508241.31430617947
41061,2021,6,3,"41063,41023,41001",248019.178037783,263609.2381086413
29115,2020,5,3,"29117,29041,29211",80546.92956919853,153875.96989337206
48131,2020,8,1,48247,,118739.30427464946
48149,2020,1,1,48285,315163.74832638697,222724.8051388179
21107,2024,11,2,"21233,21033",150675.9137597691,141960.75629894447
48369,2023,5,1,35009,144812.11589049254,167588.68683928516
51023,2023,7,1,51045,282163.055823113,204325.02103984135
46135,2020,7,2,"31107,31027",206265.10618047937,150458.06150546402
51161,2022,6,1,51775,283535.06056701526,239019.26411659064
18107,2024,3,1,18045,196758.89246899312,168945.51180394186
28033,2024,7,1,05035,294002.99689789634,158267.84388058292
51153,2020,4,1,51685,418203.443918275,329035.17901316145
20157,2020,10,1,31095,87367.08379396211,97196.75545686128
21211,2020,4,1,21005,232167.8443064111,146514.79191761315
21151,2025,6,4,"21109,21049,21065,21203",277144.46263201063,172360.23238276393
20133,2022,5,1,20207,97884.93376772814,98214.508335887
48193,2022,4,3,"48093,48143,48333",261937.72714811136,306797.7339851786
32013,2024,10,1,32015,325903.18181753403,252130.4437946626
19155,2023,8,2,"19165,19129",212674.4542373932,217754.18617187307
29171,2024,7,2,"29129,29211",192998.2451503467,122590.01230665875
39015,2024,5,1,21023,241385.6861766051,184971.9761812316
29055,2024,11,1,29073,203964.17772072472,225569.01744797
18153,2023,6,2,"17023,17033",142067.4753211739,125603.71074043846
22073,2023,1,2,"22083,22067",173814.30028181066,141348.13359255824
54085,2023,7,1,54105,116710.4019185386,111946.44737681311
27057,2021,9,2,"27029,27159",251288.86635895565,178773.5827951969
41045,2025,7,5,"16087,16027,16075,32013,41023",301524.185106637,358476.9930443033
27005,2021,6,2,"27029,27159",271659.53357573773,172026.8511046412
21035,2023,1,1,47079,222693.12148877885,188455.46029641945
46115,2021,7,1,46005,124595.01726422468,162113.59136620452
56003,2022,5,1,56043,235566.97975434145,216126.2523404894
05139,2023,4,3,"22067,05011,05003",130173.44751460392,108783.40877718548
31179,2020,7,5,"31039,31167,31139,31027,31119",157655.02867612822,166638.68567317622
05103,2023,4,1,05039,106498.27649053471,123822.24097999536
28065,2024,6,1,28077,93107.76527755584,129899.72705885624
48077,2021,11,1,40033,196437.1812778397,82732.5352480405
29201,2024,6,1,17003,154600.74455224766,69788.47070765863
31021,2024,8,3,"31173,31039,31053",165766.0142993187,200803.19872570437
40107,2024,4,1,40133,133706.8038706714,114280.5456451999
40141,2021,9,1,40033,52995.91990972508,82453.11677150932
48181,2022,4,1,40095,287670.2622857133,186655.43815231696
21145,2021,1,1,21039,137777.9647202325,87246.67985831613
24005,2025,6,1,24029,357039.3880140407,374943.2577257298
46059,2023,7,2,"46073,46005",251452.95422364635,221186.40236487178
17023,2021,3,1,17079,121519.7925885482,130155.04887356763
18151,2023,6,2,"26023,26059",278326.91050587915,184207.2242553634
26009,2021,4,3,"26089,26137,26039",247232.46036348143,255286.61507044974
29071,2025,5,1,29073,257133.79586381817,231091.41775757232
29125,2022,6,2,"29073,29151",211201.6155644176,216745.52231523395
32023,2020,7,5,"32017,32021,32001,32011,32033",245850.75120176948,184034.24849600712
51800,2021,8,1,37073,307755.49009449506,176598.99768683346
29129,2025,9,1,19185,138788.2403436276,132869.78976612716
27025,2024,8,1,27065,365705.0806578643,253394.4283528251
29195,2024,8,5,"29033,29041,29107,29053,29089",164384.48599782982,188060.1415463441
39041,2025,8,3,"39101,39117,39083",510051.14126897574,235017.4779206031
18099,2024,6,1,18149,237707.55709823585,198936.27864187863
05135,2021,3,1,05065,146053.15269912637,134452.48079230895
21067,2025,5,3,"21049,21239,21017",320618.258649829,288208.0083034107
26071,2023,7,3,"55041,55037,55125",110856.51248393992,245010.10313600686
38035,2025,7,1,38063,269888.13592945953,145463.90791595986
31089,2020,5,2,"31107,31003",133684.21068071292,143252.30872000582
38053,2024,8,1,30109,328626.6541284237,196585.37082906067
12125,2025,6,1,12007,258850.00512283412,242939.0827616721
31127,2024,8,1,31097,158142.30167075503,193964.1654016309
17051,2020,8,1,17121,116659.82758104132,88607.31140228959
40113,2021,9,1,40103,179456.38481986022,121190.75263737612
31017,2022,9,1,31103,133375.39839519022,257922.20040397788
26141,2020,7,1,26097,146420.37613377275,135637.429241976
19135,2025,6,4,"19007,19185,19051,19117",163751.75354994636,158081.39161504142
48271,2025,7,1,48507,119399.64619859873,81830.94708956151
47019,2022,4,1,37121,200712.32283789513,211554.615011742
13033,2024,9,3,"45005,13163,45011",176667.14096473312,126583.22320662155
13069,2024,7,1,13271,188965.0490032466,119032.86468042244
06035,2020,11,2,"06049,32031",204794.67243614685,280731.4079534037
24015,2025,5,1,24029,376903.8717406234,375374.3813225599
51165,2022,8,1,51660,308524.5004232445,292685.47755752417
48219,2020,5,1,48017,148569.50302806325,113327.05988080316
21225,2023,6,1,17069,120155.24103696602,108071.14575248925
51003,2021,5,1,51540,430185.8246494664,409604.060788841
37017,2025,5,1,37141,157759.27442064468,439656.4734618741
31109,2024,9,1,31097,281579.80038676516,194934.9485185138
18071,2025,4,1,18143,219400.7709176505,191038.5388801516
18017,2020,7,1,18131,104817.90909531608,108930.09255105518
51700,2022,6,1,51740,247139.5802992822,228518.16214611885
39005,2024,4,2,"39103,39169",211753.27830362937,274664.01729607204
17149,2025,7,1,17009,107535.79115702029,143780.78838689093
12121,2024,5,1,12041,261164.75290874447,292297.7639320083
32510,2023,9,2,"32029,32019",462287.5402734503,431147.5006810509
48221,2020,5,1,48425,266921.08596178703,266948.52755863284
13291,2020,4,1,13281,228487.97098762085,246330.3431419537
18019,2023,6,1,21223,240265.14917571057,202552.34804090377
05057,2025,6,1,05109,114665.87958051974,178426.17797812234
12107,2025,8,1,12007,211644.8990502107,241925.94181965388
21161,2023,1,1,21069,144235.67365191,143023.8127844541
47187,2024,6,2,"47081,47117",888735.7731004109,250357.83245752097
45015,2022,8,2,"45043,45089",354258.2569426833,247042.260766046
41047,2025,4,1,41065,441361.2138496021,390156.03055748786
48061,2022,5,1,48489,182006.7089461287,237652.10145130393
48309,2022,5,1,48217,255674.36430473745,223940.77348029963
13135,2024,2,2,"13013,13117",419550.5533582604,481408.32677450706
40115,2024,10,1,29119,143301.2187355217,225458.1277410142
29121,2022,6,2,"29103,29041",158067.22795285846,179016.63899944592
16017,2020,6,2,"30089,16079",386766.2472486496,210011.03014468815
46087,2024,7,1,46097,261429.82891161137,190413.84072959225
40151,2020,11,1,20033,99637.54524113664,73278.30683621462
01129,2024,12,1,01023,167462.06626701856,145857.17024490735
21069,2024,2,1,21201,156259.12710120517,170784.0997130466
13241,2020,10,1,13281,247215.74833770416,260358.33227494903
47189,2025,9,1,47159,499558.333503302,296827.71109433175
48473,2022,8,2,"48015,48185",379072.4609385105,392708.3691055868
40049,2022,12,1,40019,133084.29582162076,167762.2332184155
29019,2021,8,1,29089,256394.6739572334,167913.20177439455
05041,2023,6,2,"05107,28011",110949.70417933386,100776.79199803034
27061,2024,8,1,27071,229633.07551949672,144711.06725329705
26001,2021,7,3,"26129,26135,26069",155510.8250235569,127895.5165153485
55075,2025,4,1,55041,188800.8607330291,189328.91590979823
29013,2024,8,2,"29083,20107",206266.83049604087,179734.04475557664
47133,2021,5,1,47137,186907.1484967244,181704.16868690975
01085,2022,7,1,01131,149009.64981429608,147305.16860823374
48483,2023,2,1,48211,113165.3108975294,178094.9819286318
13249,2025,6,2,"13193,13197",187212.33553587287,142479.9982584307
35043,2023,4,5,"35045,35006,35028,35039,35001",343397.0617750624,298658.2219048016
19037,2020,9,1,19067,148433.4779626693,117986.97614774852
46025,2021,10,2,"46005,46077",172643.6717829063,181706.11595653702
28047,2024,1,1,28131,218103.13631998777,185448.39396207596
29075,2025,6,2,"29063,29061",126282.31458961972,242835.7769227837
04001,2025,6,2,"35003,08083",313257.3002223899,307003.3852172514
06065,2021,12,2,"04012,06025",543552.960023201,264576.057136097
13099,2023,1,1,13037,124799.941307337,108698.62298736729
18057,2025,5,1,18023,447927.1536377536,212220.68458559224
21157,2021,8,1,21143,152048.97291344556,149624.2879009395
04019,2022,11,2,"04023,04027",349832.53254658775,267771.86420313397
17115,2022,9,1,17039,96795.53835465969,115943.96101916987
22125,2023,7,2,"22037,22121",327092.3177124683,228663.1516233614
39155,2025,4,5,"39055,39099,42039,39007,39133",152156.3652434339,220056.27122635808
45041,2022,1,1,45089,165558.56384944182,124589.02580479038
48101,2022,8,2,"48155,48197",63879.41522158629,128919.86990937404
40011,2023,9,2,"40043,40093",101373.40680485604,140261.29283080934
13211,2025,6,2,"13219,13237",442994.4648281955,474049.4548439195
18121,2022,8,1,18021,171882.7194577959,155167.0030997183
18019,2020,5,1,21223,179768.7593703596,147890.17443935075
46077,2024,7,1,46097,226861.40462296412,190413.84072959225
51153,2023,9,1,51685,543322.2366487655,423566.1367271261
41047,2022,3,2,"41065,41071",429042.42854761536,435895.2178846905
12019,2025,5,1,12007,337300.6232390445,243930.1058117612
01009,2022,2,1,01043,215196.06557874344,227824.40686154805
29117,2025,6,2,"29025,29061",182457.64574330187,242979.85731326032
44007,2021,7,1,44001,339644.81593502243,490195.80102368584
18157,2025,5,1,18023,289675.8223740543,212220.68458559224
37189,2020,2,1,47091,298124.9068690325,162399.6311165431
18075,2021,6,1,18009,118239.5669477547,94546.92076531764
28087,2022,9,2,"01075,01107",169783.6248531242,152469.32065614715
39009,2023,4,1,39115,161654.702410377,140914.79216351022
51191,2021,6,3,"47091,51520,47163",180941.25990713816,167477.08491316848
48467,2021,1,1,48379,225956.75992641295,222921.32300352497
17161,2025,5,2,"19115,19045",143438.47148501195,163715.27848345425
32027,2025,5,2,"32013,32015",246569.44558163607,293755.0964879587
44001,2025,9,1,44005,633010.804585579,742909.4237030637
39107,2020,7,1,18075,172954.51640674096,101142.62868944852
13245,2024,4,1,13163,184717.46614014948,130439.66382373
01013,2024,12,1,01041,127314.33120044542,135791.15302472873
37039,2021,5,3,"37075,37113,37043",196282.4460369777,226393.88521159312
06043,2025,2,1,06109,402640.1197480022,405059.5361032929
35049,2025,9,2,"35028,35057",550861.2574485636,399947.0723346589
29173,2025,6,1,29137,243694.5196334871,202653.4324066115
13105,2023,8,2,"13317,13195",157387.3084398593,218775.2061231878
21185,2023,7,1,21223,412309.8275617478,202839.7738622908
26041,2020,7,1,26089,119492.70440722664,397518.522841394
55125,2024,8,1,26071,377042.43513047794,119087.6391675147
30077,2025,9,1,30023,309292.4613495877,278422.5017195092
01035,2022,2,1,01039,127345.94604608968,151261.14357023864
19069,2023,6,1,19079,138997.94888241158,142337.8133422708
29159,2021,6,1,29107,139442.7119196757,175859.8770819887
19177,2022,6,1,19101,159521.05149404102,168586.1653516893
40085,2022,8,1,40095,186523.1981763571,192143.70201428668
38059,2023,7,1,38029,281771.6793279782,122314.41267315188
05147,2022,8,2,"05037,05123",100749.12842471198,114075.90025784684
38027,2024,7,1,38031,122883.03171405572,161958.41646396543
04019,2024,4,1,04023,352946.17003312224,275866.4776406786
36089,2020,3,1,36041,92789.09930954369,169550.90007845018
48117,2025,4,1,35009,178006.19712099605,162546.1512523206
29127,2025,7,2,"29137,29111",186266.69060272057,195136.5204694155
31153,2023,8,1,19129,336177.65065891785,252133.1159131576
06033,2024,2,1,06011,317485.0520988903,366073.37337914185
54081,2023,2,1,54089,136002.20370707175,133518.7935608518
29053,2023,8,1,29135,226021.3550799023,204118.7929534199
20157,2025,8,3,"31169,20089,31129",117338.0687854133,122122.70768544967
29111,2021,4,1,29103,152174.62387879603,134849.51200770607
51153,2020,8,1,51685,422384.00559343427,331606.966660862
16001,2025,8,2,"16027,16045",514041.2851728353,434231.17626892356
28127,2022,5,2,"28065,28077",159790.01972143925,127168.58691604008
18035,2020,3,2,"18009,18075",96804.8110752701,89073.16400815769
06027,2020,6,1,06051,378845.3013298798,510821.89257879887
42099,2022,6,1,42043,261335.80133321727,230234.07073560217
21047,2025,1,2,"21033,21219",199321.55727817453,187913.77507858654
37185,2021,4,1,37181,183569.2609744826,150792.5728785556
51650,2021,3,1,51735,204762.9213806414,366249.6760679286
21171,2022,1,1,47027,110109.686351648,173867.33177560355
16055,2022,6,1,16009,595699.0795182292,354208.34363989654
13035,2022,6,1,13159,256541.95616314467,282406.93617224717
54059,2020,4,1,21159,65663.49931091457,74109.67510621667
13107,2024,8,4,"13163,13279,13283,13175",133509.6864838679,157144.7665348502
05111,2021,4,1,05035,113617.88840722576,141855.32097176058
21035,2023,5,1,47079,216783.9627822045,190251.4918996739
08027,2020,8,1,08109,268990.3019621097,165196.3861813295
39093,2022,5,1,39005,211466.21581474497,190181.49222536315
28067,2024,8,1,28111,163009.81646915947,153690.27185436655
29035,2021,5,1,29179,147891.23088452118,142925.14066502068
37075,2025,5,1,37113,222216.85215628947,354883.58163524326
13045,2021,12,1,13149,239382.65149713904,210772.47354957295
17123,2023,5,1,17175,115085.25566232752,129875.1456830015
35049,2022,8,1,35028,541216.372397218,503240.02446207026
55029,2025,8,2,"26089,26019",413435.31740309234,493186.34999618854
40029,2023,8,1,40005,111754.0504700999,188264.63692499627
51199,2020,10,1,51735,342759.2827377918,346908.0567322717
31119,2025,7,2,"31179,31167",242641.65078973153,242180.4680134228
29177,2025,9,1,29025,253510.21138310965,232772.48203464385
13241,2022,6,2,"13281,13137",377486.1017158867,326452.5205432152
13017,2023,7,2,"13315,13271",124142.00034953209,125022.30081243976
21053,2021,2,1,47137,115649.6354811604,172611.62794687806
48283,2022,9,1,48127,174673.54050755515,150902.11604702612
47047,2020,1,2,"47069,28009",260895.4842647845,116706.58774283547
30083,2024,8,1,30109,259068.15867985637,196585.37082906067
20105,2024,5,2,"20123,20141",112831.17482753338,104898.3527613232
17183,2022,9,1,18171,86067.40951805736,198668.77744189397
35023,2024,8,1,04011,131932.35081713143,216404.64314727735
51163,2023,6,1,51530,289009.97841323976,154230.719903036
13261,2021,6,1,13197,107455.08618638031,165218.30048837513
17163,2021,7,1,17027,146023.03055595254,168019.43323569748
39091,2024,6,1,39021,232467.27311861995,225687.5212611448
16005,2020,8,2,"16029,16041",226394.47450343487,253940.0262125015
22009,2022,3,1,22125,154006.68643223567,313601.16451097815
42105,2024,6,1,42023,157559.64543539574,81972.34478556023
13165,2021,5,1,13031,109780.7876407153,184121.8410230988
48485,2024,9,2,"48009,48487",164428.77155652503,174750.68178667873
06053,2024,12,3,"06069,06031,06079",867909.8962244485,676354.9966019193
35061,2020,7,1,35006,197247.3610205819,106429.58474383484
50007,2023,9,5,"50001,50011,50015,50013,36019",497915.4674051115,387302.49995697814
21115,2020,5,1,21159,98932.7175854242,74807.51365910364
48455,2022,3,2,"48373,48471",192307.10176383503,225071.2844324798
24015,2025,9,1,24029,377275.7217273423,374953.8093173788
39019,2024,4,1,39151,173178.69016982373,189746.38191151177
29175,2025,6,1,29137,164603.390840232,202653.4324066115
51003,2021,9,1,51540,440239.1527407418,420494.69418646145
18063,2021,3,1,18107,260513.44925411016,155916.37507717172
39119,2023,4,1,39115,175848.16451750547,140914.79216351022
51700,2022,10,1,51740,250090.6363179192,230104.46486123593
13189,2024,2,3,"13317,13163,13301",195920.8449975755,133397.34175256712
21007,2025,1,2,"17003,29133",138215.1558720928,83066.62739286176
29113,2020,3,1,17013,204016.95905798208,155587.30711456187
51119,2021,6,1,51131,297752.43150692363,228336.84384495983
08099,2021,8,1,08011,145480.73943104467,146018.35938590238
06073,2021,9,1,06025,775810.1483543068,289447.00273797085
19083,2023,4,1,19079,130510.5428586104,140472.220006829
17077,2024,2,3,"17199,29157,17145",104513.30361320364,150113.55088107256
17025,2023,7,2,"17159,17051",97451.00526040346,134628.6749617009
06019,2023,1,2,"06069,06053",382750.5239606046,793680.739161843
17165,2023,5,1,17069,94012.96643884956,107215.55167697702
19193,2024,8,2,"19093,31173",194854.03063730185,139929.88533380887
50005,2020,7,1,50017,203187.6891928427,247767.11967514895
13153,2025,2,3,"13193,13235,13093",246323.6128874369,139609.50750221964
19149,2021,10,4,"19167,19193,19141,19035",225497.02789706897,168570.2694235201
54107,2025,7,1,54073,168023.27183543352,162321.4576383982
20007,2023,8,1,40003,81348.98025864287,112118.19291933364
56007,2025,8,1,08107,206054.02908163553,1090866.378315594
28011,2025,6,1,05017,135094.90597941526,101298.00353567768
13111,2023,4,4,"13291,13213,13187,13123",479520.0193176411,326826.6549099768
12001,2025,6,3,"12075,12041,12007",308379.2988833626,276352.0244114765
31023,2023,10,1,31159,196833.3547829728,273663.34778525936
13167,2021,3,1,13283,106888.61845046958,125981.82827312902
47161,2023,8,1,47079,236281.9573862484,193647.5467516186
01081,2023,6,2,"13215,13145",311335.590406696,251568.0192694267
21069,2024,6,1,21201,164306.04302481728,182094.2917390739
19025,2024,7,1,19151,141188.32777727043,107278.6836802712
51095,2025,7,1,51830,478682.834245201,402084.25805827696
40113,2023,6,1,40103,196897.3588988507,139464.13096824856
19139,2023,7,1,19115,174169.23442950437,147603.180190058
29025,2024,10,2,"29033,29061",219929.1076364688,206550.06954733084
17159,2022,6,1,17079,120454.36600675622,137640.05552216616
29007,2025,7,1,29137,167592.37145331354,205862.90687588375
21015,2021,2,1,18115,263795.3511921435,195402.65060814205
41045,2022,8,1,16087,301287.4838110054,378350.5867443459
01059,2023,1,2,"28141,28057",169566.51208178847,158746.18177083408
47167,2024,4,2,"47075,05035",266122.30875032215,165374.84407261666
16061,2024,7,1,16035,267126.6952464586,296861.6912554735
37015,2023,6,1,37091,74308.4585527092,124585.27522536227
21031,2024,7,1,21061,191091.7814341692,184626.79980292416
28095,2024,6,1,28017,146882.7017221324,134044.45872621893
32007,2024,6,2,"16083,32015",351990.6904749863,302244.6876345462
04015,2021,6,1,04012,306048.7200853414,205986.7125716207
47141,2021,9,1,47159,251901.8602844514,264479.9349779689
05055,2021,4,1,29069,155480.10673450108,100994.9664770591
06073,2023,2,1,06025,849719.6347006453,310141.75176607195
30081,2024,7,2,"30039,30023",584384.8149119258,349665.4599096924
19063,2023,7,2,"19059,27063",133468.5256100719,268423.727316528
41065,2023,5,5,"41055,41027,41021,41069,53039",378208.2684328179,372939.96477322094
19103,2023,5,1,19115,277633.53988384653,146464.1065465059
53073,2023,10,3,"53055,53047,53057",584011.437936735,578975.8782781735
01111,2023,9,1,13045,191017.59803832448,281267.1657757678
48499,2025,5,1,48379,272580.08768896974,286897.970156682
26055,2024,4,1,26089,387054.95977705455,601704.2989502327
46039,2021,8,3,"27081,27073,46011",252191.06305142815,186705.32168044886
21053,2024,9,1,47137,156348.33218928077,224606.27316521545
48225,2020,4,1,48313,194903.7465251052,176722.07166458396
28037,2020,12,1,28005,152029.2489210875,147997.7060443446
55027,2020,6,1,55055,198590.1748189391,237685.82911153432
37061,2025,5,1,37141,181807.33952823348,439656.4734618741
48137,2020,5,1,48435,,142840.5366061218
06097,2020,1,4,"06033,06095,06055,06045",666425.355235607,489781.8764302858
54001,2024,3,1,54093,124312.47199213567,204578.340350469
46061,2024,7,1,46097,,190413.84072959225
20007,2020,7,1,20033,65172.496420193405,70488.67822979645
28011,2022,5,1,28027,156240.1590657557,67880.74886334014
39063,2024,5,2,"39003,39173",224410.90282379347,198113.55187312432
21059,2021,8,1,21091,167004.69356725307,152924.65514204022
23017,2025,7,1,23001,315236.84094201174,321428.4932025003
38043,2023,5,2,"38083,38029",234526.74414134267,152572.8328819975
12083,2025,1,2,"12075,12119",284189.8487396539,346129.83216091455
05027,2021,12,1,22027,164176.8437072923,159580.19959953675
39009,2023,8,1,39115,165140.25163616476,146043.69830230475
32027,2025,9,2,"32013,32015",253398.97702177303,293564.25109976507
13245,2024,8,1,13163,186896.3670075499,136226.8871554458
54059,2025,4,2,"21159,21195",83258.46131656384,120301.59795273715
45091,2025,8,1,45023,390230.7361198114,212132.34659127565
13031,2023,7,1,13107,246415.44626225313,118652.69660317658
13279,2025,5,2,"13283,13209",161702.89819150604,150905.73653336588
13157,2024,8,2,"13195,13013",398813.3115032776,323542.16960830026
48049,2022,5,2,"48093,48333",181559.37041019625,311645.4349119315
26061,2024,5,3,"26013,26071,26083",166008.80006128558,146779.07048016394
29159,2021,10,1,29107,142370.08279806553,179730.26409566647
51195,2025,2,1,21133,133514.09973309698,91707.625643833
05147,2022,12,2,"05037,05123",97238.43396827478,112326.83751287335
06011,2021,10,2,"06033,06021",339498.97176471824,329603.80379981664
13137,2023,8,3,"13011,13311,13281",290700.88259324856,329184.67008097144
37189,2025,5,1,37011,507219.08253577,392767.3466573667
01103,2021,10,1,01079,203203.7537585137,198966.95821719535
47011,2023,1,2,"13213,13313",279165.14857313706,216816.17132000206
18053,2022,7,1,18159,126967.55607424316,197958.2038530611
48479,2020,5,1,48247,174318.59547656216,114979.61227036228
48231,2021,1,2,"48119,48379",219759.9323643374,182054.80280232453
27137,2024,5,2,"27075,27071",223483.5771477023,195371.6318665645
37009,2020,4,1,47091,246033.15364509923,164359.19327711247
27115,2025,7,1,27065,248367.41303469305,253259.27761768387
08083,2023,3,2,"49037,08111",384634.6692209451,412856.04221657274
22111,2022,12,1,22067,149841.72044144702,112761.2648744296
13219,2020,4,1,13059,360927.7744127984,199432.67992372517
36091,2023,4,1,36041,393341.2932975013,232190.5434508389
51153,2020,12,1,51685,444587.5522766528,348544.9723476865
49003,2020,5,1,49005,295236.9815659012,299224.10020720813
31121,2020,7,1,31141,145413.69256569617,185976.57803878657
21229,2020,6,1,21005,148568.58267905164,148931.90271169943
28133,2023,12,4,"28027,28135,28083,28011",107998.55909311096,98872.66543160612
29001,2021,6,2,"29197,29103",157835.26245201044,138553.62307492614
20143,2022,7,1,20123,144588.24404042686,122528.695537925
41023,2023,8,1,41069,267193.0441870643,296102.1233931361
51650,2021,7,2,"51131,51735",215898.1964266247,306569.72061105
16019,2023,6,1,56039,380275.2407990151,2023950.2295566748
42061,2024,6,2,"42057,42009",165973.26341321412,203200.82084759627
19047,2023,4,3,"19133,19165,19093",153121.8275939141,152024.29732149144
29131,2023,4,1,29135,234680.52488959077,197723.00811923097
28149,2024,8,2,"22065,22107",147904.68765628926,157169.08321708423
48211,2021,6,1,48483,183333.01228272935,121741.5565821997
49019,2022,7,1,49047,623257.0054951356,285452.4782655147
13311,2021,8,1,13281,242205.56322864557,320115.7177051359
31173,2021,12,3,"31051,31043,19193",125935.1930500245,170097.05610260702
29133,2024,6,1,17003,98810.6715758626,69788.47070765863
36055,2025,6,2,"36037,36073",271640.3718454197,195245.49727572122
29125,2021,5,1,29073,178100.96909301114,170993.81285081894
20001,2022,5,1,20207,97022.89473413676,98214.508335887
38003,2024,7,2,"38045,38093",176578.10861164346,183472.85956305894
21075,2021,5,1,47095,69755.93784075188,92774.20029037888
26041,2022,4,1,26153,149904.7939122143,174651.51926617487
29183,2022,3,1,17013,325195.60986906476,177847.00055363108
40047,2023,8,4,"40093,40053,40103,40003",129749.162154501,130064.08806811411
18089,2024,6,1,18111,240266.5029847925,206431.89069751732
08077,2024,5,1,08029,405879.4998697015,386259.3707347773
13115,2023,4,2,"13055,13295",211738.55815764095,192559.34928082227
06051,2024,7,2,"06039,06109",732700.6295458702,406277.2286150327
46085,2023,6,2,"46015,46023",,222849.34760209598
51105,2025,5,3,"21013,21095,47067",106767.2310263506,120811.62864938557
38091,2025,8,1,38063,,142951.83709564668
37023,2025,5,1,37011,251729.78861504,392767.3466573667
28043,2024,8,1,28135,123716.05872042233,117303.2580229214
47115,2022,4,1,47051,221316.19581472027,281913.71992624854
48057,2023,9,2,"48391,48007",208023.54617745383,239987.68408525214
49045,2025,6,2,"32033,32007",474907.68562012166,276721.9506884444
49013,2022,6,1,49047,293763.43629590323,282119.05115549336
21195,2020,3,1,21159,87934.30274492917,73193.60215931077
08051,2023,4,4,"08091,08015,08053,08109",654679.4572335839,510303.0904661702
40009,2022,12,1,40075,128160.88041471802,76450.20743595972
13101,2025,6,1,13173,168055.81709403454,208769.21644465733
47153,2024,7,1,47177,272508.7227336533,253108.86840535552
21083,2023,5,1,47079,145264.36075635,190251.4918996739
17191,2020,7,1,17121,115247.69631765327,88143.81604753943
42073,2021,7,1,39099,129742.94699850644,119654.77333785384
17143,2021,10,1,17175,113645.2946535455,124025.72417950882
18167,2021,6,1,18165,119696.36591601164,110824.0338306207
13069,2023,6,1,13271,183392.01124110128,117115.72207368024
19131,2023,5,1,19195,176695.303031035,159753.88700975664
20097,2020,7,1,20033,133178.11728580133,70488.67822979645
29199,2022,8,2,"29197,29103",141047.87892315703,158026.3163499317
05009,2025,7,1,05129,223728.38276782332,165528.75294003982
48395,2020,3,1,48313,253509.47651684977,175087.63670945982
55093,2021,6,1,27163,295601.3416025957,385689.3473469372
18023,2021,10,1,18159,161009.66103976048,179531.8764892038
48335,2024,4,1,48431,98554.78455210084,217633.0354774196
30095,2024,9,1,30037,444760.62336002296,226490.0667743072
49049,2021,8,1,49039,482440.5768064014,296721.3113041705
41037,2024,9,1,41035,186658.9958634606,297614.61791882507
01041,2022,2,1,01039,129480.3835719762,151261.14357023864
22083,2025,8,1,22041,162395.3102935482,107335.81372168363
08071,2024,8,1,08023,256109.85115539937,204092.5089156084
48389,2024,5,2,"48475,48109",189385.7290847494,166143.45239798236
27031,2025,5,1,26083,410609.4598097705,189087.45702921657
53015,2020,9,1,53011,310129.74322377174,403095.2829695115
13147,2024,8,1,13195,309482.0220210462,301984.7756643154
12079,2025,4,1,12067,206678.1352628701,245017.76869114503
38071,2025,7,1,38063,206657.16407950723,145463.90791595986
17077,2024,6,3,"17199,29157,17145",105476.53290389676,153795.39001242563
16023,2020,8,1,16059,,214475.70711812552
35017,2024,7,2,"04011,35003",220682.8920878219,214607.7641701121
31145,2024,11,1,31065,166055.20370075476,153606.36248192991
54063,2023,7,2,"54089,51045",154186.83973056125,168778.74214942986
35045,2021,7,1,08007,203443.5132219029,461724.4381568251
18061,2025,5,2,"18043,18025",253113.73471028844,220566.4391680314
30029,2025,8,1,30047,631788.2593206719,579871.2587079491
53003,2024,9,1,53023,337489.0720922193,200067.4449583704
29099,2022,4,1,17133,249336.8211442063,266658.8897660762
29139,2021,6,1,29073,194343.6802949369,174368.37989064612
48187,2022,5,1,48177,331210.9034807422,307187.9486233278
21163,2025,6,2,"18025,18123",275536.5284834383,172940.3292847596
08055,2020,5,2,"08109,08003",178568.43703455533,185025.62475078917
48159,2021,5,1,48119,258279.64470590596,154188.09703435889
48009,2022,6,1,48077,233649.26246151875,215933.73668307764
51149,2024,10,1,51670,339725.9724415647,211452.70638157244
35045,2024,8,1,35031,252056.816969928,213115.81547203552
48405,2022,1,1,48241,265720.03532096616,208861.16504978016
39167,2025,6,1,54073,176881.05520446715,162037.77063468416
40083,2023,8,1,40103,300721.1764298508,139616.39926346214
16005,2022,5,1,16041,333130.909875067,445931.2460104989
17033,2025,5,1,17159,130874.96103857891,121307.09789643792
35001,2020,7,1,35006,224501.9656685422,106429.58474383484
31143,2020,8,2,"31141,31023",139519.42077996975,166376.99150552385
35009,2020,6,2,"48017,48369",150727.4839673928,118850.93643918779
48187,2025,6,1,48493,303012.33295261377,396644.09423876787
53063,2022,12,1,16009,417377.1047612042,332668.1757138115
08045,2022,7,2,"49047,08107",604976.5222399073,657081.7404712522
41059,2023,5,4,"53005,53071,53013,41063",289888.4590692609,369034.0055832721
21135,2023,7,1,21069,127818.35021574248,147988.83353788167
01025,2025,5,2,"01131,01023",137959.21749233827,138535.61813781294
05005,2024,4,2,"05065,05137",218879.91839939888,179625.54748783057
39077,2022,7,1,39005,164697.02827469824,193944.4059864992
47167,2024,8,2,"47075,05035",270243.3147165041,165297.7328068596
48493,2021,12,1,48013,371268.10863458406,250024.16749431015
28157,2022,4,3,"22125,22037,28037",134513.91820186414,240520.06390661816
51069,2020,7,1,51840,300350.2008850082,239715.50721753764
46023,2020,7,1,31107,167169.06731024288,142514.73139831529
26055,2021,7,2,"26089,26113",314556.49789401,345510.8413189498
08059,2024,6,2,"08019,08047",645735.5543586843,557011.8834842683
04015,2021,10,1,04012,327664.1400316854,224478.58875043297
48451,2024,9,1,48431,226351.7191708691,219934.70846043745
48505,2020,4,1,48247,153341.01690084484,113808.28769259126
05147,2021,2,1,05123,81602.90616838414,87011.1683048834
28043,2021,5,1,28135,118015.9247174757,142815.47983721035
48147,2025,8,1,48231,282421.13291453244,277939.0171508113
17079,2025,4,1,17159,146018.05878168097,121589.82576683362
17025,2025,4,1,17159,101164.47624295265,121589.82576683362
17119,2021,5,2,"17027,17083",149044.7474137471,165685.6135108876
51131,2020,9,1,51735,181393.19177398528,342858.6153644685
29223,2021,4,1,29179,123079.4345091065,140302.6693584358
22061,2021,4,1,22027,202346.15561928824,196783.438898804
20007,2020,11,1,20033,68981.26075402951,73278.30683621462
19023,2020,5,1,19067,126827.59696770809,115072.17891348856
38043,2023,9,2,"38083,38029",219023.47891914053,139560.04765867116
26037,2025,6,1,26117,298377.5413022628,216099.2136107801
48469,2020,3,1,48285,167316.77681768677,223575.6645441737
47147,2024,8,2,"21213,21219",374963.1931247213,231346.68402805948
29161,2022,4,1,29073,194240.9785914813,202447.48836256805
32023,2021,5,1,32001,277867.2693800358,312419.5459150251
30007,2021,7,2,"30043,30059",387944.53642633714,306992.2738228361
30013,2023,5,1,30015,283514.1724470108,242165.3164590615
27025,2025,6,1,27065,369156.7954026824,251892.82339071637
27153,2024,8,1,27041,249670.88698494327,322128.545591817
01071,2023,12,1,13083,188583.67829378744,238632.5026811073
48157,2022,3,1,48015,360639.42762532533,411043.48674921255
17195,2023,7,1,17015,124705.28039367798,121259.65299640376
19093,2020,8,1,19133,103122.57998428404,111874.89060770327
48215,2024,9,2,"48427,48047",193366.8148853564,117493.37813233817
13289,2021,8,2,"13023,13021",104991.05404742528,131657.38973533871
31133,2023,8,1,31147,163614.84741107028,115101.41968792156
18171,2024,6,1,18045,219603.32917341136,174507.9371395722
05013,2023,2,2,"05039,05011",132726.12154944846,120639.81175446554
17133,2023,2,1,29186,267048.30934498383,206238.558031506
56043,2023,4,1,56017,223957.45672133123,206789.2477835489
13123,2022,6,1,13111,414577.4626589562,527629.7167641943
27037,2021,6,1,27163,351174.8238242427,385689.3473469372
20065,2025,4,2,"20147,20163",112654.72402214068,117409.8021602478
31125,2020,6,3,"31011,31077,31141",117389.9017527562,180214.87513153147
13299,2022,6,1,13005,140866.15183973036,128794.29886469584
28135,2022,7,1,28027,153926.0246518275,69519.4037922142
29095,2020,8,1,29177,166096.02762842455,165304.75104451377
35029,2020,6,1,35017,125478.71867491172,162405.66859512395
16071,2022,9,1,16041,325914.9038158147,440394.3061950772
16031,2020,5,2,"16083,16067",200350.99496724387,213638.91253291705
17203,2025,7,1,17123,207312.4501591345,128329.80079328026
23009,2020,8,1,23029,273160.13617947086,124047.39536128665
48073,2025,7,1,48225,237961.4353349916,208407.9643276231
47011,2023,5,2,"13213,13313",285534.68176136335,220170.21980090166
51153,2024,1,1,51685,548797.1825930012,429755.5363480383
48231,2021,5,2,"48119,48379",235070.8232515226,194519.0907475949
31101,2021,5,1,31117,166194.98176085445,259914.1036975605
51121,2023,7,2,"51045,51750",320005.7997178124,220878.38457404805
31091,2021,7,1,31117,111271.44321217912,261819.68249419317
46039,2023,5,3,"27081,27173,46011",292698.1518444493,200769.95833238206
06105,2021,7,2,"06023,06045",316144.7706185615,523697.7806525371
27015,2023,10,1,27013,200790.0628382323,272275.7804536956
36091,2023,8,1,36093,404001.45491402,263030.4063302837
53047,2023,1,5,"53057,53073,53043,53025,53017",305512.6525473213,442379.19801297074
55011,2024,8,1,55091,223896.73171522692,236532.3765152231
16047,2020,5,2,"16083,16025",203077.30954937145,265362.84018728
27069,2021,8,1,27135,157604.19455707647,187530.50104429908
48367,2024,3,1,48237,441839.9265777141,198329.14331663027
23005,2023,5,1,23023,508611.3680927589,382996.8681499967
06071,2024,7,2,"06037,06059",553379.9438961238,1013895.1014608361
26095,2023,7,1,26097,132393.4196439887,183963.89732303828
48397,2025,8,1,48231,420892.2332011053,277939.0171508113
19047,2023,8,3,"19133,19165,19093",156572.33426398897,155279.53055840763
39003,2025,5,1,39063,174151.2802821632,231129.8816629426
48355,2023,8,1,48007,233928.0684886865,328210.33186805784
19045,2023,7,1,17015,161266.16382559857,121259.65299640376
41031,2023,5,1,41069,404093.2619315097,288125.44246961334
41035,2023,4,5,"06049,41029,41019,41037,41039",281413.88376893493,308693.4741809529
23003,2020,5,1,23029,101544.16806272436,120562.40860157654
46099,2021,4,3,"46087,27133,46079",245255.3664239936,199670.7365990992
39039,2021,6,1,39137,142295.0617067076,180174.5125932855
20135,2024,4,1,20083,89940.127544561,144534.36990172983
19119,2021,4,3,"19143,27133,19141",179720.15810330227,148987.47839500077
18067,2025,6,2,"18103,18023",180933.85929275016,178544.1786160653
12071,2022,5,2,"12043,12051",392452.6471689359,238108.6550816825
08109,2022,8,1,08051,251854.51909065127,691828.1201623451
08117,2020,6,2,"08019,08065",725938.044485665,357544.50539465976
21195,2020,7,1,21159,90604.26877347352,76224.14711031261
47099,2024,9,1,47101,227595.1814168392,241207.18449162005
12095,2025,8,1,12105,405401.3357782189,301154.0451723275
49005,2024,7,1,16071,445938.08144994633,325078.87339872075
13093,2024,6,3,"13193,13261,13315",138078.98686629173,129813.17190874764
48387,2020,11,1,48119,161338.60133412818,137280.25375610543
20163,2024,4,1,20141,108316.3366519281,80502.97869613994
01111,2022,5,1,13149,204541.33470321572,235702.4686522338
37187,2023,4,1,37177,108671.4418098477,168156.2329931218
12049,2022,6,1,12027,204753.12964375355,262568.9344192368
42081,2025,3,1,42093,220286.44466090956,263877.39350591716
47181,2024,3,3,"47071,47101,47135",166032.32339390766,197654.10839199528
46025,2022,8,2,"46005,46077",194502.99674262377,197825.95543762963
22095,2021,7,1,22093,221373.743336815,200040.4747659602
12055,2022,6,2,"12027,12043",218577.87985658596,250032.42783615558
29031,2024,6,2,"17003,29157",227713.9119712248,137551.04793813927
49057,2020,6,3,"49029,49033,49005",301751.26308599894,363837.5941929414
28127,2024,6,1,28077,147468.65730870512,129899.72705885624
31103,2021,6,1,31015,235232.56729435347,195168.7158673013
27119,2024,6,3,"27087,27029,27125",222463.0624937984,186597.63419938972
13095,2022,1,1,13037,106140.00483305736,113057.70858478767
01053,2022,5,1,01039,137801.36833285025,151236.5047708864
55039,2023,8,2,"55015,55047",243302.16958422225,284061.064807554
47119,2024,9,2,"47101,47117",401028.13273365,277863.24644515547
17029,2023,5,3,"17023,17173,17035",113738.09198538068,139869.07608293902
27031,2025,9,1,26083,411514.6194964167,190804.49676335385
26063,2021,8,2,"26011,26069",157611.04207501162,130470.71727302865
08097,2024,8,2,"08015,08065",2431585.1813266887,578241.729219751
53025,2022,6,5,"53005,53037,53077,53001,53021",345654.44271149434,395243.8825450267
28005,2023,4,5,"28085,22037,28113,28037,22091",153825.3847788079,167238.64030552353
12015,2021,12,1,12027,322562.3004146243,217369.54511292477
19113,2021,4,2,"19031,19103",181353.44491108667,210800.61913048706
20137,2025,8,3,"20147,31065,31083",119913.42673716102,135853.37830950032
06029,2024,12,4,"06111,06031,06037,06079",362732.7177517917,761752.8456491501
06059,2021,3,1,06037,820264.4128573382,725111.4527071123
35019,2025,8,1,35057,,210456.5284312598
21073,2025,5,2,"21103,21239",243198.44318722808,299935.4202180162
22063,2023,5,1,22091,238942.63745825647,184697.11653581067
31051,2020,7,1,31027,134711.22645077985,158401.39161261276
08067,2020,8,1,08053,428797.39570140635,352193.7817447845
37177,2022,5,1,37095,166831.62492601693,212883.62762708377
12011,2022,7,1,12051,408760.6912875516,254849.9341098553
18099,2020,8,1,18131,161252.69797199938,109721.58620695028
13241,2024,7,1,13281,390369.2537190525,391293.8014915358
01101,2024,5,1,01085,162449.49704489575,143857.27626060016
21175,2020,5,1,21063,93435.11061071746,96623.36348064306
37123,2021,8,1,37007,153502.18249769058,122151.28120042216
20077,2024,6,2,"40053,40003",87819.07331005379,117824.33560931962
51103,2023,6,1,51119,354813.19458209135,346508.12879216025
06065,2022,8,2,"04012,06025",609425.6188906799,284866.726062885
31079,2024,4,1,31121,237411.9728775,199991.83492302184
08051,2020,7,2,"08109,08053",465895.36136149097,256411.94055717962
13157,2025,2,1,13219,405088.00378507,549002.2392785583
16005,2022,9,1,16041,335138.0012534962,440394.3061950772
37055,2020,12,1,37095,396436.19486775744,172895.6807504597
13309,2024,7,3,"13283,13175,13271",141831.68379965087,149684.42012095018
48179,2021,8,1,48483,95783.50443414308,123960.81778103478
40073,2022,8,1,40093,210033.738210747,149594.7985975689
13165,2023,6,1,13107,137670.07007227952,117176.14996434112
29219,2021,8,1,29073,268838.9020879057,178563.43809773374
20167,2025,7,1,20141,104861.2750750702,91874.70679133746
36013,2025,6,1,42049,164617.55111152973,207268.21100466585
06041,2020,3,1,06095,1144522.5123626518,465840.9156475354
32007,2023,5,2,"49045,49003",336823.71000302775,441266.43204870867
23019,2020,4,1,23029,162268.79618779727,118564.63420386058
21153,2021,7,1,21115,90136.09261743628,118942.52791337104
48143,2023,5,1,48193,322208.2558392762,249938.71249100528
27089,2024,7,1,38099,189977.12258244137,155458.79029539533
26103,2020,6,1,26083,152474.71018494794,131229.53594992336
13215,2024,2,1,13053,174076.76619665473,130855.8953267588
19161,2024,6,2,"19151,19093",150359.00321872518,120756.16564962224
37111,2025,8,1,37011,265680.4262694735,388280.37561575166
35023,2020,7,1,35017,,163003.4790985301
48005,2024,4,2,"48225,48455",195773.8486713656,202997.25553142247
08049,2022,8,3,"08019,08047,08107",800323.4857390458,724061.2770668921
13251,2021,5,1,13031,143889.3518352922,184121.8410230988
28151,2025,8,1,05017,68629.1443571614,100185.6722955496
29223,2021,8,1,29179,125055.61611773857,144466.74510788708
33019,2023,8,1,33013,337295.42918616714,421942.62926473655
21035,2024,3,1,21157,198334.00608258543,181900.21529474363
35025,2023,7,2,"35041,35005",198088.00004157276,158262.16431328678
48491,2021,4,1,48287,,299032.66973965947
13079,2024,7,3,"13193,13225,13293",211857.6068131252,172789.17822740294
05139,2024,6,1,05011,130783.4433114428,128285.0503201551
19133,2021,7,2,"19093,19193",129381.31197541486,138363.31310456878
25017,2024,7,1,25025,793185.9959499832,750680.1141752793
19023,2020,9,1,19067,131003.09995868354,117986.97614774852
13271,2020,2,1,13017,81855.3654397408,77862.82329131482
01033,2023,1,1,28141,174219.3403744638,172942.25677054984
45069,2022,5,1,45033,123636.66666262592,125106.62006534883
53055,2021,11,2,"53031,53029",864728.6278940068,572040.1934809894
13251,2024,6,2,"45005,45049",184103.43878263285,125126.6470491955
41005,2022,4,3,"41065,41071,41027",610793.3027741578,519486.45614425436
39149,2024,8,1,39021,208706.1086460459,226811.8688694005
32023,2021,9,1,32001,307066.7253906434,338277.7688244135
17121,2021,8,1,17027,98756.06256450368,168062.62577993338
18147,2025,8,1,18123,223514.28237078633,182254.78808776592
18097,2024,9,1,18059,224650.6169465523,314236.7953450661
05049,2024,11,1,05065,184035.80244624935,169912.3757631922
22017,2021,12,1,22081,132950.92607770933,153206.13375839218
17049,2021,12,1,17079,182118.68606878872,132799.90997607354
47159,2022,4,2,"47087,47111",297270.69005180034,217260.93625440294
21135,2025,4,2,"21205,21069",125995.92623804948,180115.12621731564
27157,2024,7,1,55091,284477.572685244,235553.62067357745
12075,2024,5,2,"12017,12041",296108.37620214786,289168.51889868104
29017,2023,1,1,29123,186932.28795792416,148257.75928703096
54099,2025,6,1,21159,132760.16871176768,128684.61102527204
18049,2024,7,1,18149,182793.0884536202,200213.6135815376
01025,2022,8,1,01131,161296.33306862006,147321.71235483917
28157,2024,1,1,28005,112468.57938881514,149394.77714053498
47093,2025,8,1,47173,371737.772969957,286272.854746314
42121,2023,4,1,42039,121780.87379115264,152228.9665447476
51013,2020,7,1,51610,710728.2999691396,840076.640219167
47139,2023,8,1,13213,225712.0669020168,227781.13059458605
18083,2024,6,1,17033,144340.47490304997,123880.63329636032
17163,2022,5,1,17133,156806.70675002746,270076.2172823842
53075,2024,9,3,"53023,53021,53013",323164.46199379914,290704.47415378847
48149,2024,2,2,"48477,48089",444979.38283019536,323267.6022160414
35051,2020,7,2,"35017,35003",128452.03146876348,174278.9786407578
48143,2020,4,1,48425,215188.47271431464,265727.7309825356
08059,2021,9,2,"08019,08047",586206.6855119985,503524.05657182855
51025,2022,8,1,37185,163588.80493422286,233833.5371871405
32021,2021,7,1,32001,156894.5148480389,327189.14112549135
29189,2022,6,1,17133,253923.41206190488,272224.0968827756
05063,2024,11,3,"05065,05137,05067",163764.68179472612,155827.77604079517
16031,2020,9,2,"16083,16067",207998.21870823504,220657.6324298964
26047,2022,9,2,"26029,26031",397785.41493687057,290817.5801948847
31089,2024,8,4,"31071,31103,31183,31115",168722.25026483877,255777.83579422865
46115,2022,7,1,46005,148908.65458366385,182275.18994570876
31175,2020,5,1,31077,125038.22780463765,160317.90439784268
05059,2023,6,1,05039,162010.25323889975,124478.70845903152
31101,2021,9,1,31117,176361.79921505367,252612.4758194545
37095,2025,2,1,37187,216833.8612184558,110162.60901612738
46039,2023,9,3,"27081,27173,46011",280395.432719496,199726.89090239062
13261,2025,5,4,"13193,13197,13307,13093",127301.01896012422,145871.4863514351
55025,2020,6,1,55055,317689.86762533727,237685.82911153432
55043,2025,7,1,17085,208180.4313536234,235409.4794484486
13239,2021,5,1,13259,97314.08450164004,89447.03371552513
48371,2024,7,1,48475,176108.3895759697,199388.4313943503
17057,2020,5,1,17169,82641.68492954821,112174.32686075396
54107,2024,7,1,54073,165919.5832333003,157740.96924157187
46121,2022,7,1,31103,,261707.34612513136
29021,2023,4,1,29003,159979.82784001,242088.01594205957
08013,2021,5,1,08047,648212.7742940387,478421.3508959817
17113,2022,9,1,17039,216084.0817172916,115943.96101916987
23005,2023,9,1,23023,529311.1682638804,399970.63241675653
30049,2020,7,2,"30077,30043",282066.2632538379,234164.3950903843
48051,2021,5,1,48287,272055.32362536434,303842.06440874696
01091,2025,9,4,"01131,01065,01105,01023",139063.8488147892,141605.829640946
22083,2024,2,1,22065,172037.11581459022,81494.20624368971
51199,2024,7,1,51735,443375.2725032652,443338.1906605699
17193,2024,9,1,17059,101092.56554713944,78138.56537854405
39159,2021,4,1,39021,318750.4777161936,178760.92634098316
21191,2021,4,1,21023,174405.42747114776,152179.7413655354
47163,2020,6,1,51520,170127.54084681164,107382.31593638836
46003,2021,4,3,"46035,46111,46023",,197988.65050059676
48463,2025,4,2,"48163,48507",204183.66538794895,124212.22383968384
38015,2023,5,2,"38083,38029",320673.54997142445,152572.8328819975
27111,2024,6,1,27041,296907.51714571693,319816.06836930936
28045,2023,3,1,22087,226654.4112350907,230767.1331049447
51149,2025,4,1,51670,343764.47783002496,211758.7321085216
40113,2024,4,1,40103,203885.6619075643,140803.68246738907
37133,2025,4,1,37141,280691.6663837552,439610.15239154286
06023,2024,2,1,06105,458183.303174926,273385.8393259626
48411,2020,5,1,48333,189218.72472829107,311608.3665502993
21009,2025,5,1,21169,213899.67240461512,179985.0805499615
51683,2020,6,1,51685,348426.3792157253,330028.76533421216
38103,2021,8,1,38083,211948.05456824275,219533.9833031866
55011,2023,4,1,55035,211810.7268735148,282342.9232183354
51109,2020,1,1,51065,265717.0898321616,244035.03217716256
19181,2025,5,1,19117,311929.465801306,173178.869188405
51051,2025,7,1,21195,105179.29320549149,113759.00178362166
06071,2023,3,1,04012,517483.4784986255,246485.6959996756
05139,2021,3,1,22027,126937.90511390733,205985.77966726865
38005,2024,9,1,38095,149936.5198236163,152457.76093794673
40123,2022,7,1,40133,174279.12459004825,108564.81773808756
13207,2021,10,1,13021,272095.86679531547,131464.86272698388
29171,2025,7,2,"19007,19185",199044.1096892443,121481.301502986
42081,2025,7,1,42093,223830.40759124,266640.3337434122
29071,2023,4,1,29221,235434.76426017503,169310.51996125677
06077,2024,2,2,"06009,06005",546312.5809745194,439199.18554318324
19193,2025,4,2,"19047,31173",198195.97698031444,158167.77130966683
13227,2023,4,1,13123,359116.0658534191,402585.9018446461
30039,2025,7,1,30023,443061.1192504354,278875.8711895817
05043,2024,8,1,05011,153409.68263363396,128011.87566884924
05017,2023,12,1,28011,115046.00632180808,137297.05284910204
23005,2020,8,1,23023,353070.2168042347,263612.9234492629
31021,2025,8,1,31173,177081.49138278698,147296.16504854258
06071,2021,10,1,04012,474685.8685066423,224478.58875043297
20071,2025,7,2,"08099,08061",161496.427403949,186280.12373769528
06087,2024,12,1,06069,1141197.8160754,782573.5155408786
17017,2025,4,2,"17009,17169",102932.1713296732,142623.84200405353
49039,2020,6,1,49007,224079.07304223604,157318.54920463328
22033,2021,12,3,"22037,22047,22121",214421.02391155265,196263.19324066513
51173,2022,6,1,51167,132977.68830701278,129880.86315950686
47027,2021,3,1,47137,143174.33531647205,175809.04142611916
28145,2020,1,1,28009,148289.05406157367,132961.0374684808
48125,2024,7,1,48153,103221.0731376064,95699.65667442724
22001,2020,12,1,22039,166733.55823040413,121561.9016884652
35055,2021,12,1,08021,473634.3678626587,193012.3967084523
51195,2024,2,1,51720,123231.1282285066,119855.31150652244
41017,2020,5,2,"41037,41025",455748.6636131543,123934.02882170865
16043,2022,9,3,"30001,30057,30031",474787.9022979143,596521.4536382497
49051,2025,5,1,49043,938671.4305396996,1286742.2766529482
21199,2020,5,1,21207,138684.54608870475,92820.06510928646
40079,2025,5,1,05113,164544.57549261718,182783.04021191373
20073,2022,5,1,20207,90389.7210302395,98214.508335887
13177,2023,8,1,13261,247096.5082161322,127940.09748614144
13243,2021,6,2,"13037,13259",88432.96407967713,97588.94470950257
32007,2020,8,3,"16083,32011,32033",280401.0966845422,193306.6318867226
39029,2023,4,2,"39099,39151",141776.7754896305,156063.20495151298
13157,2025,6,1,13219,403533.1244449615,546624.0959394239
20201,2024,8,1,31095,142586.1921087565,131627.09605479133
51181,2023,7,3,"51095,51183,51036",265117.2934217616,296857.0847892994
37117,2025,6,1,37187,125323.9438155086,108387.51689008858
51051,2022,6,1,51167,96224.22407753406,129880.86315950686
47097,2023,8,4,"47033,47167,47045,47075",134431.14011890572,186816.70775062538
01093,2022,7,1,28057,156640.84745015623,154839.72470593703
12115,2023,10,2,"12027,12081",471229.7211935209,367146.01600503334
08093,2025,7,5,"08015,08043,08117,08019,08065",527488.3814818045,612097.7644974467
08083,2022,3,1,08111,378021.4516814819,464213.01184603054
08035,2020,7,1,08119,541765.6767311824,346318.15109462646
06055,2020,8,3,"06033,06095,06113",728405.8329962465,412356.774867746
37027,2024,5,1,37011,232684.885977846,395219.34840723267
48467,2025,4,1,48379,276732.72158097953,288524.3946638816
01125,2022,2,1,01107,207925.68635438196,144912.1790609852
21117,2025,4,1,21081,278127.58500614745,277583.11456986517
51003,2022,5,1,51540,482417.5478660936,453076.7253517656
32007,2023,9,2,"49045,49003",343702.45744468895,445922.58369841846
38039,2025,8,1,38063,142553.22582525035,142951.83709564668
51700,2023,6,2,"51199,51095",260667.3669284921,428431.38890663465
01055,2025,4,1,01095,174443.4361297449,238698.56897780192
20131,2020,3,2,"31133,31147",148208.39280888037,99724.10721723596
26081,2025,5,1,26117,336735.74096122873,215792.00738459325
17137,2025,6,1,17009,122882.91986146984,143719.29540050993
05093,2023,8,6,"29069,29155,47167,47045,05035,05111",94417.16947211468,150520.95224449082
32510,2024,9,1,32029,480792.2592157337,484471.8866888911
16015,2022,8,2,"16045,16037",488717.7678118645,423840.2602859702
05001,2025,9,2,"05079,05041",117902.37178879105,106725.22370502363
06011,2025,9,1,06033,370836.0324729448,307870.9466007108
48105,2022,10,1,48435,227462.0115148426,169597.8576476062
31155,2024,7,1,31053,320469.17476335604,221695.95832987232
29003,2025,8,2,"29063,20043",278699.2343520384,187764.82117505427
20055,2024,9,1,20083,229804.14839217803,149760.4742430238
47111,2025,2,1,47159,254613.02957263775,303047.4390848702
13223,2024,2,1,13143,350576.07054286107,263154.3719642292
22033,2023,5,3,"22037,22091,22121",229181.74313794167,214483.59597882492
39103,2022,5,1,39005,286759.69482719083,190181.49222536315
48073,2024,1,1,48225,239707.6738384012,219981.2991523809
28081,2022,8,1,28057,176963.69450298243,154766.7830078752
48271,2020,5,1,48507,115236.40858963598,76069.39063441468
37073,2025,7,1,37143,229610.55999090525,264815.37177862925
45051,2022,1,1,45043,283128.65032064315,320884.2679079809
05125,2025,6,1,05053,246936.04536298555,196417.84780583007
13311,2022,6,3,"13281,13291,13137",289524.3197040079,334986.44581632287
05067,2023,2,1,05111,96387.23742124658,124586.82330865617
25005,2021,7,1,44001,421300.53135768906,490195.80102368584
55099,2024,7,1,55003,173287.14069246943,194392.7114769043
08073,2020,6,1,08025,183584.2291026388,126350.3041839276
13085,2023,4,3,"13139,13187,13123",418813.2452121738,371174.2991643416
29075,2023,5,1,29003,116559.26530023932,244249.83753313843
21167,2025,5,1,21239,241856.85717499955,353286.7186219602
06099,2023,1,1,06085,444107.57799483655,1496416.8468309203
13141,2020,11,1,13301,157289.2901039742,97394.6500169454
41067,2022,4,1,41071,585749.8712016436,500872.71218873776
06087,2020,3,1,06069,831944.6651346142,625255.3884582017
37089,2021,10,2,"37021,37087",349841.3971933488,337511.4007369074
29035,2025,8,1,29223,159993.52694614473,127659.1911162463
29017,2023,5,1,29123,189808.47713617503,151267.4622931657
08085,2021,6,2,"08091,08029",350008.2637737221,463081.92568079964
29005,2020,10,4,"19145,31127,31131,19071",110594.8387255136,130029.07008454234
28007,2023,12,2,"28019,28015",125401.6840895537,175325.27985060937
37039,2022,7,2,"13111,13291",250075.6528331506,439970.379177136
42121,2023,8,1,42039,121629.74838409228,150894.67266393793
22005,2025,7,3,"22093,22007,22095",297693.93852801464,185074.81490189294
45073,2022,2,2,"13147,13257",236490.94164488884,237271.79062778672
08071,2023,8,3,"08023,35059,08011",249649.19826453752,157541.36430204907
19085,2025,9,1,19047,212538.85169980445,169823.17869035943
17125,2024,3,1,17017,82015.7132167452,95672.21126935678
17019,2023,2,1,17147,191859.0327476803,190737.50806384973
17175,2025,4,1,17123,123786.20212513643,127143.78238474758
26033,2022,6,1,26095,173366.6046763004,134223.78985078706
31001,2021,4,1,31099,163116.2758799531,183432.68735959055
13131,2024,8,1,13087,196841.46675146968,178570.2885420822
48373,2024,2,2,"48407,48455",179303.7349228376,204298.1418680898
51087,2023,6,1,51036,365917.78074412514,263301.9467588589
45015,2020,7,1,45089,251020.19833264197,103090.20827299256
37095,2025,6,1,37187,217722.327375849,108387.51689008858
45027,2022,5,1,45089,205811.4655048858,132679.2898650147
17147,2022,4,1,17039,187768.10986693716,115591.725053659
53019,2023,11,1,53047,267688.9118136223,303689.5678336173
05111,2025,5,1,05067,123797.996079438,97132.81936443584
13079,2021,10,2,"13269,13021",161000.3589950781,134047.1646163704
17101,2023,7,2,"17159,17033",104146.21526632168,124158.69391836997
08041,2023,9,1,08043,465036.1918593905,328134.34652405133
05053,2023,8,1,05039,190006.8107469861,124843.70944878676
51191,2022,6,2,"51520,51167",209096.01886422583,139088.7313465933
48349,2022,5,1,48217,205007.8137046115,223940.77348029963
26091,2023,9,2,"39095,26059",216947.8518698915,166313.38314897442
13059,2025,6,2,"13219,13221",324420.56780011364,424421.17488049564
08095,2025,7,1,08115,250420.4917782334,166058.66847741176
12093,2024,10,1,12055,285908.9502064699,239520.79027084648
17055,2021,6,1,17165,113629.29200118256,82842.04362315286
13137,2021,3,1,13281,217602.63165853373,287987.0296816512
42125,2022,7,1,54009,220070.5030696212,119238.61418013027
26109,2023,8,2,"55075,55029",159644.48657564563,278061.71113365155
21183,2025,6,1,21149,153850.00761061063,177546.54675253667
30031,2023,8,1,56039,670924.1655307086,2084901.049880923
31135,2025,5,1,08115,229054.7575267054,169608.8932748068
05147,2023,8,1,05123,96900.42435142733,89469.11454503464
48285,2021,3,1,48123,245133.95221652053,212907.1737819094
22103,2022,4,1,28045,291814.44718245947,231025.28252227267
12091,2022,5,1,01039,361158.3933704288,151236.5047708864
20195,2025,7,1,20163,139230.43870381007,116827.35433617502
48109,2023,7,1,48243,134352.98707036072,250787.960090711
40113,2024,8,1,40103,205518.0337377817,143771.10421374964
37133,2025,8,1,37141,281784.774755296,437025.26868330705
48201,2022,5,1,48071,284144.5523049196,339418.0221702175
13103,2024,7,2,"13029,45049",335665.43859025865,285168.6863879915
48149,2021,5,1,48287,388460.9353438846,303842.06440874696
37043,2024,5,1,13281,334972.68215561454,390407.3845603244
01073,2023,5,1,01007,215944.4850119165,221110.1129595851
13167,2025,6,4,"13163,13283,13175,13319",132933.82958483478,143494.25908288237
30025,2024,6,1,30109,171465.92610993687,197347.30846496052
51153,2021,8,1,51685,489995.2803007045,381382.70005173766
05139,2021,7,1,22027,131198.1812538549,170359.7651167156
45075,2023,6,1,45009,155231.2387467553,127456.1450333277
19033,2023,3,2,"19189,19195",176605.31185322988,149028.34810846063
28133,2024,8,2,"28027,28135",107991.91943409583,83731.28668188828
42035,2024,6,1,42023,182682.7502318766,81972.34478556023
55067,2020,7,1,55078,133429.64579865747,187804.7213577115
27051,2024,6,3,"27041,27149,27121",206219.472978883,269400.0310862253
01091,2024,5,1,01063,157182.407478958,140363.9962721361
27007,2024,8,2,"27029,27071",245978.80060451943,174151.5583577368
42037,2025,7,1,42093,230050.50140864545,266640.3337434122
48305,2022,8,1,48115,219857.0576431068,116985.23895978316
40047,2021,3,2,"40103,40003",114529.1265880883,111923.08941951691
48017,2025,7,1,35009,147394.12840861897,157671.3265800899
48471,2021,7,1,48455,238363.83435862316,169963.7261506137
27011,2024,7,2,"27073,27149",167862.7963886344,187098.16151508217
23005,2020,12,1,23023,378867.0511885406,284983.4545723985
18049,2021,8,1,18169,154591.19711270474,141152.4388759331
29147,2020,3,2,"19145,29005",152259.14635028728,101556.71122758064
22031,2022,3,1,22081,200212.59077247707,154106.10707910638
06073,2022,11,1,06025,868994.7179249242,308141.4966545409
22051,2021,12,1,22057,295388.1048137156,220701.76996116023
17041,2023,2,1,17147,122431.92019894166,190737.50806384973
50011,2021,10,2,"50019,50015",295827.2050472363,343294.82896377903
13069,2021,1,1,13161,141394.15577359972,108713.42601905232
48055,2022,6,2,"48177,48149",340905.11474789033,384814.8076102223
20157,2020,6,1,31095,87550.91810946848,90162.3246868312
45029,2024,9,2,"45005,45049",258894.5847466456,127584.18196789679
47047,2021,1,1,28009,287409.84245701885,149839.29331689666
47019,2020,7,1,37121,152004.5043022756,152787.4600095769
29147,2023,4,2,"19145,29003",202164.25467489104,187043.70546545082
20105,2025,5,2,"20123,20141",116731.93177952008,114617.47634414026
08117,2022,7,3,"08019,08065,08093",1130872.3260485146,540647.7993997856
48037,2022,8,1,05081,205802.1836793759,136134.09950270457
28059,2025,7,1,28039,211696.44779600165,200419.6483935737
40089,2024,11,1,05113,209331.40636175335,180230.27999761657
13261,2022,6,1,13307,124032.28011129628,164631.85527020236
16005,2021,8,1,16041,291773.92229639547,390688.48214554024
38041,2024,5,1,38089,103881.786522119,272112.2770925257
30057,2020,8,2,"30043,30093",459026.8078968785,229055.46973544458
13007,2021,4,1,13037,,102095.47242944824
18037,2021,6,1,18101,197828.5581367909,142873.79784586807
06029,2022,3,1,06079,320950.40742546733,813998.3128239196
51069,2024,4,1,51840,410971.7308713665,331757.0966948667
01125,2022,6,1,01107,216377.0738646339,143575.80204579802
06061,2023,1,2,"32005,32510",681788.2739630227,564335.4613123076
39089,2023,7,1,39083,306024.79334219295,242504.90608862735
16041,2023,4,2,"49033,49005",406382.94872486166,481652.7581730789
39041,2025,4,3,"39101,39117,39083",509828.602322281,232450.28973313878
54095,2025,6,1,54073,116467.54825576492,162037.77063468416
27067,2024,8,2,"27121,27023",261433.06935699668,250760.79704307477
16075,2024,5,1,16087,391593.8505459025,368918.8636577556
26081,2025,9,1,26117,339307.0087110889,217249.4541991742
45029,2023,1,1,45009,225831.7567978892,121472.66139224
27015,2024,8,1,27127,209694.50827454784,161776.60394551457
51131,2024,6,1,51735,285354.6856184149,443257.5859067444
47111,2025,6,1,47159,255940.43858246665,299700.7656398353
31145,2025,7,1,31065,169231.56284088234,136524.94524353778
21221,2021,5,1,21143,232985.09366839935,143720.91234057758
17119,2020,8,1,17083,132958.9586915287,142481.17086736587
29095,2024,7,2,"29107,29101",239307.30689236455,239383.9472970728
39167,2023,1,1,39115,165098.64241927295,141314.23404865435
40113,2021,5,1,40103,173252.6023141485,117131.2920080026
01003,2023,4,1,01099,364299.9293559372,141613.008226738
45057,2025,8,1,45023,393772.1772824612,212132.34659127565
13153,2021,8,2,"13023,13021",185472.94991693532,131657.38973533871
21059,2025,9,1,21149,210603.42535068735,166054.0580348022
19047,2024,6,1,19093,161966.09436072755,134317.66899398752
12115,2022,6,1,12027,473132.6785070413,262568.9344192368
39069,2023,6,2,"39173,39095",174978.60095719004,182797.51365148753
16059,2021,8,1,16049,287370.3239141234,293498.30043995025
48225,2021,6,1,48455,224435.98527265215,167702.30223983005
45051,2022,5,2,"45043,45033",310300.4530280581,236011.54040894372
32023,2025,2,1,32015,349891.5909327034,253347.66577612923
49003,2024,8,1,16071,434773.3420695847,325648.06000303506
06097,2021,3,4,"06013,06033,06095,06045",719449.6988323204,530453.832336906
54015,2024,5,1,54067,124133.24645299876,140725.05963244406
05067,2023,6,1,05111,99545.7784270028,132824.5740378256
25005,2021,11,1,44001,418094.83078791434,492501.3659223596
22079,2022,3,1,22003,163079.29371468688,128258.14989198136
48135,2021,5,1,48461,223032.43275087303,138954.6458710021
39157,2025,7,2,"39075,39151",198596.42761595757,273164.9760182819
20103,2023,6,1,20209,306807.8275724898,183717.1650356
27101,2023,10,3,"27117,27105,27133",198031.68108874865,198375.91227949466
23001,2024,6,1,23023,316820.42739249207,417802.6507342071
56041,2025,5,1,49043,315863.81930300064,1286742.2766529482
54007,2024,5,1,54067,140007.23916223706,140725.05963244406
30081,2025,7,1,30023,590857.5908464241,278875.8711895817
19063,2024,7,1,27091,138056.34375657525,194886.3997439587
48015,2020,4,1,48481,321004.1602737159,209948.07805912392
40151,2020,7,1,20033,95912.18672671932,70488.67822979645
26061,2025,7,1,26083,169530.69021535167,188454.46591769453
20029,2025,6,2,"20089,20123",110959.759708979,122182.96896782077
39121,2023,3,1,39115,166334.89320056015,139859.36659120143
30053,2020,6,1,30089,219344.66095559552,242258.9944973639
18167,2022,8,1,18021,133724.67198537462,155167.0030997183
48231,2020,8,1,48119,205586.44399892024,129239.9957996962
28029,2024,6,2,"28063,28077",131751.11489322732,133394.40703553022
46039,2022,8,1,27081,292053.0187262514,173195.17939095854
12129,2021,6,1,12037,223602.0732363977,365081.7547220911
40039,2022,12,1,40043,146898.59196385133,131762.7605186941
48099,2023,6,1,48193,228298.00799035488,251998.51239536036
54101,2024,5,1,54067,89727.4763427928,140725.05963244406
38049,2023,6,1,38083,169081.48301311347,176643.72406319226
37047,2022,1,1,37141,160699.06662435897,370101.7381690286
40151,2023,8,2,"40093,40003",118474.4674919502,131357.61682230205
51141,2024,7,1,51063,200596.62788377423,252499.1648752579
38017,2023,8,1,38003,304730.93354015314,175448.2848474843
28085,2021,4,2,"28147,28005",162012.077087442,149053.58637787378
13197,2024,8,2,"13053,13307",193209.87757928073,158494.3589424241
22101,2025,7,1,22007,112652.4236123499,164764.29477334677
25005,2023,4,2,"25007,44001",459674.7902128964,962783.4519706552
48035,2023,5,1,48193,239686.7644743156,249938.71249100528
45003,2024,7,1,45011,228569.87039226232,160658.7789640981
18039,2023,6,2,"26149,18141",229845.6435135468,192931.33595589153
41013,2020,5,1,41025,321948.3844832185,125523.31163092224
29163,2024,6,2,"17013,29173",185951.8893759693,211660.09085928637
19003,2020,3,2,"19137,19145",101730.19618019824,100057.72059592474
17151,2023,4,1,17069,159048.60922415936,106459.72590117287
47125,2024,8,1,21219,319318.01868495386,214952.32312998804
48215,2025,5,2,"48489,48047",191527.91662461223,135273.95471499386
06067,2021,10,1,06013,513910.326464029,813921.4334756774
13043,2023,3,2,"13279,13107",172430.68745070687,127102.32207660619
18053,2020,6,1,18009,96374.99204159708,81473.33017389942
42125,2022,11,1,54009,218496.83360640833,117396.298435854
08007,2025,6,4,"08021,08105,08079,08053",573946.8055858432,358428.2775748873
51177,2025,6,1,51630,452573.24013872776,462485.2840295431
18091,2024,8,1,18149,235665.35890039685,200945.62815701333
18019,2020,1,1,21223,175859.12572397114,145502.62959664644
05035,2022,5,3,"05037,05123,05077",155788.4140712444,117098.91005872023
01127,2022,2,1,01043,132579.82567839627,227824.40686154805
06031,2023,2,2,"06053,06079",326700.35803139413,813194.9056236165
47005,2023,8,2,"47039,47079",169329.11121695605,180381.8081135817
35047,2025,9,1,35057,233582.5485677296,212316.52437585755
13099,2021,4,1,13037,108283.23276410246,102095.47242944824
48427,2020,5,1,48247,140894.61315792118,114979.61227036228
29143,2023,3,1,47095,92174.8636729081,105016.19392789126
32015,2022,5,2,"32001,32027",223032.79175514771,296662.988597036
42047,2024,6,1,42023,128924.39012976328,81972.34478556023
48003,2020,4,1,48165,216026.67189577263,191703.91624897148
28137,2023,9,3,"28107,28033,28143",221707.1330102187,208835.6575885516
19063,2021,6,3,"19041,19059,27063",123044.5887321119,195872.47241951196
13209,2020,8,1,13283,130416.37248118162,111079.93027160731
47039,2024,8,2,"47071,47135",180541.69283878175,190825.7663626169
05001,2024,5,1,05107,117095.71406498009,54918.04377784582
13293,2021,10,2,"13269,13231",127291.14249836474,216465.72827827325
40123,2021,6,1,40029,146652.23145555923,98202.5530297435
01113,2024,2,1,13053,176149.2453515626,130855.8953267588
25009,2024,7,1,25025,688580.4871398311,750680.1141752793
28077,2021,6,1,28147,132160.74431558567,147594.74767506777
48323,2020,3,1,48507,159823.96285677064,74308.73154286029
21041,2020,5,1,21223,109063.39881567734,147890.17443935075
47123,2021,6,2,"47105,37075",211801.15371267137,245201.66547390533
48373,2021,5,2,"48199,48455",164308.74946959942,187645.8268578045
49019,2020,6,1,49007,403997.0396329265,157318.54920463328
27095,2021,5,1,27009,251091.1546124599,227641.95269751188
35015,2023,9,1,35005,241005.82499385416,168496.66707074628
51041,2025,4,1,51670,402528.29233748815,211758.7321085216
48325,2021,4,2,"48163,48507",289825.22803704947,140012.69161696697
06047,2025,3,1,06069,425398.8076629815,778656.649407199
23005,2024,1,1,23023,535812.2703785857,406497.64743771544
06043,2020,4,1,06099,331319.86870436114,338557.8081334559
46123,2023,7,1,31103,184691.1117900686,249918.7545007619
05149,2024,11,1,05105,165987.04841799333,169364.11573630964
06085,2020,1,2,"06069,06099",1181445.3843698658,474783.43465139816
40047,2021,7,2,"40103,40003",116348.96368569168,117091.6498285563
13145,2024,7,1,01017,347834.10080310114,140522.30146862674
19161,2025,4,1,19047,154807.83116059945,167148.24209160524
08041,2025,6,1,08043,457319.4072218838,338955.84976824006
46085,2021,5,1,46023,,186909.1506123946
48393,2021,7,1,48483,,123411.62559769487
22119,2022,3,1,22027,138971.23899223158,165496.38424009926
31009,2025,6,1,31171,,195924.49798647183
30063,2021,6,2,"30089,16049",448617.3550506602,298950.3540704901
05147,2022,4,2,"05037,05123",97888.07754420322,112802.98891058122
48183,2021,7,1,48459,171058.7423797037,198582.83507138243
05103,2024,12,1,05039,104236.85962622298,120783.26627451614
05095,2022,4,2,"05123,05077",108324.75455856824,108331.22492320204
19053,2024,7,1,29129,146403.1497281597,134761.3323787049
48043,2020,5,1,48243,192297.262660194,208893.51993392743
29091,2025,6,1,05049,205006.2964907155,185154.87882110872
06067,2023,3,1,06013,520041.85783761647,803642.7740643774
22033,2025,5,1,22091,232727.75783518117,169838.44246583406
29147,2020,7,1,19145,154336.93990408888,106722.09984585538
48117,2020,6,1,48369,129084.31345124934,124143.24094454618
33009,2020,10,1,50017,244369.69536914895,258237.9155741532
06019,2022,12,2,"06069,06053",386185.6102901537,800514.0377375307
48505,2024,7,2,"48427,48247",144914.15410898117,120060.1444453074
48127,2020,3,1,48507,137226.49345132822,74308.73154286029
12099,2022,7,2,"12043,12051",474846.9998368577,248575.01307462357
30063,2024,7,2,"16035,30039",555383.4705967781,359866.9668973436
29055,2023,2,1,29221,195457.05114104645,165169.28010046878
47163,2022,7,1,51520,223264.5624972347,150439.5688828925
29167,2022,6,1,29185,241230.90453319484,191578.14884066515
12043,2024,10,1,12055,267086.66064456076,239520.79027084648
13069,2021,5,1,13161,147578.57975587147,113752.83796078064
05147,2020,11,1,05123,79395.22137363104,91172.28582714702
26009,2024,7,2,"26089,26029",329439.84497812804,492065.3823438416
37139,2024,7,1,37177,253682.27205956692,171369.92720595092
48225,2024,11,1,48455,220701.09692665795,185912.02197019703
20105,2025,9,2,"20123,20141",119829.32544734848,118904.78395331887
13263,2022,6,1,13053,184725.21080216332,141308.61045530532
55013,2021,6,2,"27115,27025",213434.72901075016,261542.1079205578
06061,2020,4,5,"06057,32510,06101,32031,32005",528719.5328189881,415277.4059788779
22111,2025,5,1,05003,151552.42924759563,83348.31545903061
38103,2023,9,2,"38027,38083",179221.43899159657,141709.6995562795
16063,2021,9,3,"16053,16025,16047",265381.5387448513,338070.4217973856
38041,2024,9,1,38089,105256.85936784893,278035.5298343809
31063,2024,8,2,"31073,31085",165387.76345429744,293088.10917022626
08093,2024,6,3,"08019,08015,08065",532447.9202891634,572571.4573704711
39119,2021,7,1,39115,160253.59959977746,132851.85288868702
29165,2023,4,1,20209,357873.64865790005,179865.7925639029
08009,2021,3,1,08011,,130557.6748229841
26073,2020,6,1,26133,160633.70600057347,121415.08251057735
06029,2022,7,1,06079,339379.2989096991,854151.5790720796
17121,2025,7,1,17081,109553.14080277302,124118.971827261
36119,2022,5,1,36087,705145.3302621264,598118.4634159204
51069,2024,8,1,51840,414482.64751937863,337910.8021329296
27063,2024,7,1,27091,195355.31530929217,194886.3997439587
32001,2025,8,1,32015,383359.9436789939,246382.91567801777
13119,2022,8,3,"13195,13011,13147",253724.31113069548,296957.7010645024
18063,2022,7,1,18109,323585.8758639801,269225.54500810994
33007,2021,6,1,50009,177676.13986130364,190594.99721916096
56005,2020,6,1,56033,258494.3973481748,302737.0230205245
12081,2021,12,1,12027,388609.6918931703,217369.54511292477
27011,2021,10,2,"27073,27149",146676.2054098949,168192.81899205508
18155,2024,8,1,18115,221625.40329808043,260762.50169378487
26059,2025,6,1,39171,193012.1170892293,174025.74641472893
12093,2023,6,1,12055,265380.6532347824,229636.39074410585
35051,2024,6,1,35003,170777.19449740043,214915.41090171985
35017,2025,7,1,35003,196081.66963927317,212483.67282267532
17189,2020,8,1,17121,110777.38878285945,88607.31140228959
28059,2024,3,1,28131,204720.42163363693,187305.8370335036
28131,2021,4,1,28045,160606.53343651412,196451.55859953992
06003,2025,8,1,06109,517605.04133854975,392852.5835298856
13091,2024,3,3,"13315,13175,13271",150771.14810901778,143494.36340862224
40083,2021,7,1,40103,265055.4325312545,119584.40654760748
31055,2024,7,1,31053,287828.5280122966,221695.95832987232
49037,2021,8,1,08033,298725.4561442907,284664.035854935
32033,2023,6,3,"49027,49023,49045",189235.8346319752,393604.46980419423
26159,2023,3,1,26149,242947.3630012369,186124.58651039415
38091,2023,7,2,"38063,38003",,169101.03538014338
29099,2023,4,2,"29221,29186",253817.30403211524,191779.6906737649
51027,2022,7,1,51167,92028.44609616004,131231.49220243032
28043,2022,7,1,28013,129835.0677964542,130404.61554189544
48327,2023,3,1,48435,203025.1329306933,149846.1461644297
19041,2024,7,1,19151,174312.90126638618,107278.6836802712
40037,2024,4,1,40119,197928.639004583,223704.23539720665
35013,2020,8,1,48141,191219.69746791504,150697.4640093815
06039,2025,2,1,06109,419905.39451616374,405059.5361032929
17061,2020,5,2,"17013,17083",89641.73465987486,153789.86732506895
20105,2022,8,1,20123,110320.45001857838,123433.40994702972
48345,2024,8,2,"48153,48191",114057.6284791944,86752.58484017607
42033,2024,6,1,42023,130168.49793067569,81972.34478556023
32023,2025,6,3,"32011,32033,32015",353692.5271216277,198245.93231219167
37043,2023,1,2,"13291,13281",314267.24359484966,352407.6044867473
31015,2020,8,1,31107,181816.6048168547,144904.80670893996
30073,2023,8,2,"30015,30101",227240.41209182012,205486.64598334453
55083,2025,5,1,55041,279014.2346706407,190423.35341840168
55133,2020,4,1,55055,340637.9400037976,235641.78540854657
48375,2023,12,1,48011,141334.09354483456,217321.3099328912
55105,2020,5,1,55055,175942.5242321063,236809.04458410433
01089,2022,5,1,47051,308063.20352847927,285221.9656741889
26107,2020,6,1,26133,156097.80345471515,121415.08251057735
35007,2024,9,2,"35055,08023",247497.3979666458,332822.39004419564
39089,2025,4,1,39083,324683.58636048215,267278.13867973257
42011,2022,5,1,42077,254007.79563478936,299291.7347785327
06017,2021,3,3,"06061,06005,06067",571267.1966683135,482581.9470074848
28163,2023,12,1,28125,102965.29391670138,127283.98494109344
13155,2020,4,1,13017,106746.91633030272,79955.43438821142
56023,2020,6,2,"49033,16029",261571.37473038863,257029.29737295042
30029,2020,6,2,"30089,30077",359201.21272402024,207115.53846781078
17081,2020,8,1,17121,112310.476928541,88607.31140228959
13161,2023,4,3,"13309,13279,13209",132697.4127754817,144135.06264990315
13189,2022,5,2,"13317,13301",178200.32736138915,133674.28494311764
55053,2023,7,2,"55035,55141",196198.43974338204,236349.12877715938
17169,2024,5,1,17017,153942.9528146175,98020.52170938176
39121,2023,7,1,39115,172659.65291299054,145557.17978757943
31091,2025,8,1,31171,125671.75807145637,191878.21920956788
47071,2023,8,3,"47109,47023,47039",183586.25771264537,165511.8591354663
35017,2022,6,1,04011,211632.0638399202,233330.34301582072
37095,2024,5,1,37177,214221.49546723673,169313.6266955074
48041,2025,8,1,48051,312443.60753998574,265517.13403284625
06045,2022,9,1,06097,587692.0771884335,803096.2225647861
20143,2025,6,1,20123,164060.95529502185,139008.1795178321
28117,2025,5,1,28139,140901.87904225345,139491.02287669646
18097,2022,4,1,18109,209602.82094068057,260038.2708574292
48123,2023,5,1,48175,228003.67757333012,251532.58165170628
47091,2025,5,1,37011,246790.098673183,392767.3466573667
23015,2023,5,1,23023,405807.8851976336,382996.8681499967
37047,2022,5,2,"45033,37141",174399.1950227388,262973.44722394925
19179,2022,8,1,19101,115255.6792385031,169570.64319230695
48327,2020,2,2,"48435,48095",,153491.96301498724
48485,2021,4,1,40033,127104.9276672873,87251.03988396109
08083,2024,9,2,"08033,08111",394221.4718782301,434284.1523140017
48211,2024,5,2,"40045,40129",170809.13887078394,142045.18460523826
47181,2023,12,1,47135,167623.3631723392,171413.66029888
18151,2025,4,1,39171,297179.2444528385,173648.6518105841
08037,2020,7,1,08065,699114.6172495874,313845.9312032645
56045,2022,6,1,56009,219198.234845723,267071.7520216556
26131,2022,6,1,26083,135124.60570274622,159796.90442537176
30021,2024,9,1,30109,188078.50746578877,199270.7879978253
29033,2021,9,1,29107,128097.66389740982,179173.48855841244
35053,2020,7,2,"35006,35003",161360.9119294672,145992.03146341015
24043,2024,7,1,42057,314209.0706803477,216659.8765552972
22071,2023,5,2,"22075,22087",276398.49158557877,261919.20732061693
05013,2024,2,1,05011,126865.37308093804,121117.82406812072
16085,2020,5,2,"16045,16059",372982.00443064654,250394.4656529003
37111,2020,2,2,"37199,37121",182755.59789162013,174024.9136562682
49007,2021,10,1,49039,204315.54217664132,310067.68711882766
13043,2023,7,2,"13279,13107",178026.8990303391,133200.94515836245
48079,2023,5,1,35041,74168.11187894935,142573.6973360727
26057,2025,5,2,"26117,26073",165499.90385255413,212324.54663190385
56029,2022,5,3,"56017,56043,30031",380210.9858161101,369341.9077230312
20125,2025,6,1,20133,92302.0582345371,103358.8703218723
16043,2023,7,1,56039,432231.68506142386,2047717.640094065
27015,2021,9,3,"27127,27165,27033",181257.99084737388,130346.05933544593
26131,2025,7,1,26083,119896.18266409523,188454.46591769453
28047,2022,8,1,28045,212888.8720097712,239777.12473436317
48279,2020,6,2,"48017,48369",96826.69630746271,118850.93643918779
22051,2025,7,1,22095,249261.59288730987,197550.4578936388
56013,2023,8,2,"56017,56039",301412.5350944639,1148827.6502652941
29143,2023,7,3,"29069,47095,29155",95668.69560538088,101097.39356728205
16031,2021,5,1,16053,250529.11999545305,309986.5533996977
47131,2024,6,1,47095,154552.30319889996,115285.79924496652
29137,2024,4,2,"29173,29175",186756.82377109985,193728.2477153522
51121,2024,7,1,51063,330962.8490624633,252499.1648752579
19137,2024,7,1,19145,138521.4256959018,138838.1120945598
16019,2021,9,2,"16065,16081",376544.9530041692,532283.4019303916
56025,2022,5,3,"56043,56009,56007",261217.15344157917,221388.724738139
06045,2024,2,1,06105,507757.5639779679,273385.8393259626
49055,2025,7,1,49019,434615.5568674517,584534.4880319325
40119,2023,8,1,40103,219027.24283172097,139616.39926346214
13243,2025,5,3,"13307,13061,13259",94959.43109708796,141389.34427373877
16079,2022,3,2,"16009,30061",279602.99566036457,341139.20024943445
27095,2021,9,1,27009,265051.94366541685,241456.9944469758
06001,2020,1,1,06099,868295.1921417549,333241.12176574836
49023,2022,7,1,49039,429459.0415059374,356911.8336340397
28113,2024,3,1,28005,102212.30205902306,149352.9201815827
05093,2024,6,1,05035,108413.08535424327,159355.85836517316
30073,2020,5,1,30101,146096.8985876123,124813.8470373606
22021,2025,2,2,"22041,22025",120301.5016115759,109042.12601928436
29183,2020,6,2,"17013,17083",259852.3694959063,152232.57877339135
12015,2024,7,3,"12027,12115,12055",359427.4393115569,321906.82335389813
21187,2025,2,2,"21103,21081",177000.47327152322,259110.03193074052
51185,2022,6,1,51167,120738.7738932592,129880.86315950686
20051,2025,6,2,"20163,20141",231259.06856278516,102941.06667862408
54055,2023,7,2,"54089,51021",136225.92839284346,148456.78248125032
26153,2024,6,3,"26089,26097,26029",172823.195146063,390657.8718706344
48087,2025,8,1,40057,87007.47168201656,74897.1489921235
39157,2024,3,1,39151,183966.1099428779,188191.9019844824
34009,2023,7,1,34011,695503.9222844524,242133.00700999363
21141,2024,8,2,"21213,21219",189079.26741637045,231346.68402805948
12081,2020,2,2,"12027,12049",285721.681199053,148830.26522244394
29207,2021,5,1,29069,135791.73458778052,103050.76106397944
08079,2024,8,1,08109,411722.3008609749,231078.73382790727
22097,2022,12,1,22077,151281.45987590743,186111.29972928425
34037,2024,8,1,34031,416837.77659029095,550135.0970984297
41001,2025,7,4,"41061,41023,16087,41063",295665.2810647404,348357.5920177118
51195,2023,5,1,51720,122746.4451061966,109378.0984444794
37193,2025,5,1,37005,216014.38052017905,269891.71648804523
47131,2021,5,2,"47183,47095",115636.21003289592,109653.38986578642
13033,2023,6,2,"13163,13107",171822.52257812815,121527.07041366624
34017,2024,5,2,"36047,36085",609032.0601476183,766910.3504356006
22111,2025,9,1,05003,151937.55560561814,82492.97299716689
19187,2023,8,1,19079,130291.48737756148,144527.1688671145
21175,2021,7,1,21115,113511.44843318482,118942.52791337104
46025,2023,8,1,46005,181224.6518120879,178393.48505726355
01113,2021,5,2,"13053,13259",154386.69149913776,109316.90346001188
28021,2024,1,2,"28063,22107",102438.79989343924,188114.34976841416
13215,2025,2,1,13053,183221.54677491693,142814.86069199408
29165,2023,8,1,20209,364203.9186754709,187025.86544822785
01123,2024,5,1,01017,263899.39391554263,139702.23866507687
38055,2023,8,1,38083,186971.3050100384,162875.09371534834
47013,2025,7,3,"47173,21235,21147",234156.03279407488,185647.7233222997
08009,2021,7,1,08011,,144886.12221254598
44001,2022,8,1,44005,552246.2236318765,656575.6255340453
22125,2025,5,1,22029,374607.1862031726,113930.6076630851
36119,2022,9,3,"36087,36079,36005",720107.8760250075,527394.3849915381
37137,2022,3,1,37095,219913.94028375563,203992.72382282143
01119,2022,5,1,01107,122012.05067672343,142136.62005325136
22097,2021,4,1,22077,154359.92435374393,179887.61657515145
54077,2024,4,1,54093,127556.56205059327,206960.07580232096
16039,2023,8,1,16047,327399.8654379329,339772.35283181415
01075,2023,7,1,28087,154104.8066810836,164685.49180212172
53071,2022,6,2,"53005,53021",399674.1300470953,426118.68911847903
49045,2020,8,1,32033,328437.98995595815,156023.86599776242
37115,2020,7,1,37199,261328.1277448492,205048.5657184768
40009,2022,8,1,40075,126908.06504999008,79079.63088026938
22033,2022,8,4,"22037,22047,22091,22121",228280.3635017924,204004.5364705812
27129,2021,9,3,"27127,27067,27023",151606.69291055566,178381.0547843232
17191,2020,3,1,17121,111256.91554471148,83781.71292430758
40083,2021,11,1,40103,280218.8918795369,123779.37682634074
05037,2021,3,2,"05123,05035",116883.04005049416,114093.55719051458
26159,2023,7,1,26149,249563.43431686633,192554.53111753892
55061,2020,4,1,26019,189050.5315441844,238285.1656790461
53013,2020,2,1,53023,194559.68178068692,136794.14758589325
30027,2024,10,1,30037,282373.1116659303,231514.6780727548
06097,2021,11,4,"06013,06033,06055,06045",758903.8783258889,653122.8155904621
18083,2025,6,1,17185,150598.20653568767,116811.48423188226
20201,2025,4,1,31169,161187.81787136107,148689.39883305135
48227,2022,4,1,48115,167860.5004671321,120178.32753038696
34025,2024,8,2,"36085,36081",720647.23871591,677565.241785832
05093,2021,3,2,"29069,05035",125316.05428371816,120294.27182071534
21009,2024,9,1,21061,199872.19231639567,183832.0315890255
20201,2020,10,2,"31095,31067",110645.2535393188,115615.87190104673
40073,2023,8,1,40093,209817.38461255192,150597.0407252705
27031,2020,7,2,"27075,26083",266690.88786464377,152701.52215413254
48251,2020,4,1,48425,246107.57286237332,265727.7309825356
30111,2024,8,1,30037,380809.80867787165,222755.50865691516
48105,2020,5,1,48435,,142840.5366061218
55133,2020,8,1,55055,343462.0724435821,239839.67444381965
45019,2022,4,1,45043,502558.8598781363,340053.5845185176
40081,2024,9,2,"40119,40083",181632.34899181264,265086.43155464233
16023,2020,4,1,16059,,207481.84535369757
13317,2025,4,2,"13221,13301",156904.21493903597,208943.83387353003
29129,2021,3,1,29171,115225.88020196412,135681.7775639893
01079,2022,11,1,01133,209287.52919429916,189574.90643276088
18013,2022,6,1,18109,319986.8573411782,267895.42119768256
17029,2021,4,1,17139,105322.32736308489,131064.81054895835
06067,2020,4,3,"06095,06113,06101",411017.2301569888,428716.0108369305
49047,2020,7,1,49007,221918.82769559463,157878.7703819972
31149,2021,6,1,31015,,195168.7158673013
22101,2021,5,1,22007,122913.6929612986,157081.7111473567
08097,2022,7,2,"08051,08065",2310487.346998503,593478.1309653597
53025,2020,5,2,"53047,53037",237084.6266597592,281983.9907918663
48057,2020,4,1,48321,172323.90048856442,162502.27468669432
47109,2020,1,1,47069,114296.75624909531,100452.13801719015
21099,2025,5,1,21169,186582.94339849777,179985.0805499615
31037,2024,8,3,"31167,31039,31053",209526.87705063293,233504.41296716253
37025,2021,7,1,37179,306872.4449219846,355375.7278719204
35023,2021,7,1,04011,,217329.8226209325
35017,2022,10,1,04011,212726.72835751352,224301.2703720285
13051,2024,5,1,13029,351895.0925304669,396329.0065310784
30013,2021,8,2,"30059,30045",236313.44692609843,231412.93265542618
17033,2020,7,1,17079,115661.11925977327,114746.45254531056
26019,2021,9,1,26089,310232.37990150374,510787.8305387154
18097,2022,8,1,18109,216604.4112425,268738.3934852941
19133,2022,7,2,"19093,19193",146377.89001919402,153988.5885875182
26025,2023,3,3,"26149,26023,26059",157435.16277057325,183324.79056805125
47065,2023,6,4,"13047,13295,13313,13083",333181.65295618,236103.45400793955
05103,2025,6,2,"05039,05019",96401.5281878441,130256.71357708953
39077,2022,3,1,39005,159049.94497661153,184701.0107274755
51071,2023,7,3,"54089,51045,51021",183828.2823501293,167079.52866744736
29093,2023,3,2,"29123,29221",140568.43448667083,157512.99881200318
01031,2022,3,1,01039,155099.58980315385,150557.2658357259
51069,2020,3,1,51840,297837.4821343514,238037.3546621859
48465,2022,6,1,48435,206657.97342184745,174225.08973333603
32023,2022,9,1,32001,355072.19012112304,371683.27021930454
56039,2022,5,2,"56023,30031",1949180.2408707256,565967.0239583993
40023,2023,5,1,40005,139464.00107373376,186590.50237447597
48369,2025,5,1,35009,151507.98344385016,161684.55386369597
39031,2023,7,2,"39075,39083",161698.03108136446,280795.7595584217
51005,2021,5,1,51580,137900.1852991151,72350.56925826879
48353,2022,7,1,48081,135379.1553572752,174377.91150388404
21191,2025,5,2,"21097,21081",231462.98727724905,255073.59950449198
06109,2020,6,2,"06099,06051",313062.0318921584,425501.38126892585
22071,2023,9,1,22075,271918.7106452491,286853.3099389241
18049,2025,7,2,"18131,18103",193573.7139438816,161923.58069989385
37111,2020,6,2,"37199,37121",182984.5658799399,178089.68625557388
29123,2024,6,1,29157,159284.9519076077,205313.6251686199
38005,2025,9,1,38063,146761.70743956993,140544.31052743303
51163,2025,4,2,"51678,51530",317316.6053593975,251557.57180631172
16043,2023,11,1,56039,425636.13924551033,2178103.174291408
37029,2023,7,1,37177,337180.78819995513,168633.01518823873
46031,2023,7,1,38029,157286.40616136356,122314.41267315188
16031,2021,9,1,16053,270702.53028297314,334146.29198495386
31089,2025,8,1,31183,168783.94784162048,239879.8726651422
21045,2021,2,1,21001,105824.3198995796,128526.92507131113
38021,2024,5,1,38045,150356.4238993276,165666.87141369568
46115,2023,7,1,46005,140955.62436564406,182735.88504080733
56025,2022,9,3,"56043,56009,56007",268023.88517362793,226667.52458449805
30001,2024,6,1,30023,379695.0901214251,275478.8873246678
48005,2022,3,3,"48457,48373,48241",191781.8864307032,194609.9141281525
37095,2021,8,1,37137,188235.06957125777,206419.00930893584
22017,2021,4,1,48315,133385.7930188591,135976.5143086994
46091,2023,7,1,38081,215434.980425464,176254.63974162904
16013,2020,7,2,"16067,16025",541599.313957266,248241.2738199223
23015,2020,8,1,23023,273241.84167447075,263612.9234492629
48223,2025,4,1,48379,269071.9020183033,288524.3946638816
48193,2024,6,4,"48281,48093,48099,48333",257401.6804925406,273732.79462483514
30049,2021,7,2,"30043,30059",356203.28333245823,306992.2738228361
53067,2021,1,1,53053,412682.71717812255,450865.67406647577
45053,2024,6,1,45049,430412.18944938265,168756.13948530247
13287,2023,7,1,13315,139543.96240178493,131584.86698987722
48307,2020,4,1,48095,137551.00441964652,167739.39502219204
13267,2021,6,1,13279,139848.12438868269,127113.94119208984
18057,2022,8,1,18159,424871.8109972412,197800.42311375905
51710,2022,7,1,51740,278050.3840982109,230090.00865642456
29121,2024,8,2,"29175,29041",168351.94834786447,144852.58943786705
21093,2021,6,1,21163,195475.17570604951,190198.6904613499
12081,2020,6,2,"12027,12049",286868.28001785005,149905.62766173028
28045,2024,3,1,28131,233409.52627669476,187305.8370335036
46057,2021,6,2,"46011,46077",244859.50157163249,213365.24783729902
23025,2021,8,1,23007,164272.34859442877,227135.2263235136
45067,2020,5,1,45089,111577.22624337356,102564.82040192145
56043,2021,7,2,"56017,56029",189477.47294783057,252077.4505854969
48139,2022,4,1,48217,372098.66521572904,220963.11664481813
48203,2021,3,2,"48459,48315",185458.90322883613,161112.50222543237
55109,2023,8,1,55005,388643.71973583585,248558.61306938468
47179,2021,8,1,47171,233040.43041506852,183076.85517784752
37077,2021,7,1,37181,247107.99979074043,159128.17341075727
37061,2022,4,1,37141,149878.76069049785,393387.8650575943
01019,2023,6,2,"13055,13233",213095.6509527464,186522.84825744736
42037,2023,2,1,42093,225599.3029115717,247850.35156895232
54025,2024,4,1,54067,184398.28136848495,139523.51419255437
31057,2024,6,1,31085,192763.1538510012,283110.5257925563
41045,2024,6,1,16087,295713.9696368697,369465.5556586262
13133,2021,8,2,"13265,13141",510398.94979294593,156052.0306215164
51155,2021,7,1,51021,185714.40910351984,157253.06833322678
28139,2023,9,1,28117,135706.10929176057,141884.04013592406
51161,2024,6,2,"51770,51063",313657.52406835003,232294.84580933652
19075,2022,8,1,19023,180023.1443017739,165784.87558622143
48123,2020,6,1,48285,202171.62679657247,226227.8783929064
48081,2024,1,1,48431,148049.70181957757,221576.99015933197
16073,2020,5,1,16083,263364.7145523762,233689.64042028144
48213,2024,3,1,48161,266766.8847634255,245270.1727268789
56027,2022,4,1,56009,179659.0025444409,263745.9776527074
48177,2020,5,1,48285,244822.03601468517,225444.7835001156
37021,2022,6,1,37199,440060.662834243,320451.33595322754
21149,2021,3,1,21233,133008.86473379307,101519.21611648804
48223,2020,8,1,48119,216518.1605439638,129239.9957996962
47009,2021,5,2,"47105,37075",265655.5510520078,240212.4648071385
54023,2023,9,1,54093,171179.52235507872,204729.8873119816
17077,2021,4,1,17181,87484.55808942963,133235.27083950394
05121,2023,2,1,05021,145438.31923263814,107886.75955004968
26065,2023,8,2,"26093,26155",193345.47172378076,272431.5490036182
31109,2023,10,1,31159,277014.0646510041,273663.34778525936
26005,2024,8,1,55101,315588.5004705403,282438.6676019291
01119,2022,9,1,01107,125567.58550781052,144471.3188691986
48025,2023,8,2,"48175,48391",185427.84876769315,201625.6973356426
36031,2020,3,1,36041,169672.16734886155,169550.90007845018
40065,2022,6,1,40075,108319.94214101612,78686.784819249
54077,2024,8,1,54093,133329.95564371714,212131.70254262877
06071,2022,10,1,04012,531622.0135250917,255816.2026343844
31111,2025,8,1,31047,207192.74274383075,200365.64303847772
48481,2022,3,3,"48015,48321,48239",244309.1556506477,284767.72456173407
42133,2022,5,1,42043,253547.7634957716,227961.74583100257
36111,2022,12,1,36071,369199.6396535354,391382.47882037103
38035,2024,6,1,38099,256281.68170924307,153174.4616142517
48383,2021,5,1,48461,,138954.6458710021
26033,2023,8,2,"26097,26141",180877.75828266735,184574.38349778944
18073,2020,6,1,18131,188363.0587094529,108452.2447432063
21023,2023,8,1,21201,179258.17280524803,169134.52704915672
29121,2021,7,1,29103,134870.6075664582,139394.6790260649
48013,2025,5,2,"48163,48493",238878.63777973145,278950.55439157994
40067,2021,5,1,40033,72992.23234055209,87173.7786968732
12021,2025,9,1,12087,563335.2658202037,948007.909880138
22123,2022,7,2,"22083,22067",134432.47622959866,146120.54154177304
18075,2023,8,1,18009,144578.90326981668,115827.92080112507
48331,2025,7,1,48051,269800.11400252656,266527.46615261165
22001,2021,12,1,22097,166686.36962582127,153940.77561315882
22095,2021,3,1,22093,220823.02764026728,192157.17227842016
27113,2021,8,1,27029,196882.16206037623,176720.01429160117
32013,2020,8,3,"41025,32031,32027",235706.28607306848,231821.01792685152
39097,2021,8,1,39021,258868.1376149324,187358.8839016466
13013,2025,6,1,13219,348187.29166949826,546624.0959394239
29031,2024,2,2,"17003,29157",225399.8282910041,133841.95866499704
55061,2020,8,1,26019,193243.76591512983,245519.71853783447
40089,2025,7,1,05113,199308.06352345835,182779.88778519657
16007,2023,4,2,"49033,49005",374092.6029024069,481652.7581730789
50001,2020,5,1,50017,326167.3314549798,244755.82438280652
26035,2023,7,2,"26143,26111",136086.88358822317,188458.8137325962
28141,2024,10,2,"28117,47071",182963.11661960403,173309.5836690968
39029,2024,4,1,39151,149552.30917660947,189746.38191151177
32007,2021,8,1,32013,312022.95131747477,276387.4963685986
13031,2025,5,1,13109,279344.88617705676,170248.60282386787
20201,2025,8,1,31169,160154.64143874164,145699.2542664619
37013,2022,5,1,37095,197197.9074026784,212883.62762708377
48129,2021,6,1,48483,,121741.5565821997
20003,2022,4,1,20207,157086.05252634364,98285.50227706895
48227,2022,8,2,"48115,48431",166433.7615754219,190189.4059817149
42097,2023,7,1,42093,140709.07057072807,253497.52949051737
48251,2020,8,1,48425,248765.131181953,271456.0997942137
37027,2025,5,1,37011,234762.8997795184,392767.3466573667
47151,2024,5,1,47137,184096.7940852564,215156.51679445236
41043,2022,8,2,"41003,41053",392854.4910776214,498977.8688992729
45019,2022,8,1,45043,537935.7448002589,359240.8529549238
37143,2023,6,1,37177,246461.4387649506,168712.30640109535
29133,2021,5,1,21039,89793.98261997274,92088.70016855931
13137,2025,6,1,13281,311684.80724041216,392290.7329619198
48329,2021,4,1,48461,286015.5089010226,138343.7226599334
26153,2021,7,3,"26089,26097,26095",151869.12770921926,260597.15582437007
51015,2021,5,1,51820,288741.5877786228,225122.9272434832
32003,2020,4,1,32017,302286.1275761788,172018.17811183428
21073,2020,7,1,21005,157397.37451696492,150675.98791885655
22059,2022,8,1,22025,169523.41533175972,122675.07363033303
30099,2023,6,1,30015,296240.6645524578,245406.1620025948
54013,2023,7,1,54105,98033.96627526089,111946.44737681311
08081,2024,9,1,49009,288426.1642866542,314338.7476904722
22065,2025,8,1,22041,82164.0009996193,107335.81372168363
41001,2022,8,1,16087,278368.0955730208,378350.5867443459
05095,2021,4,1,05123,107383.59910575808,87326.10366857359
19043,2025,8,1,19055,238846.15667224093,222839.4784133249
47109,2020,5,1,47069,117425.49761579237,103258.49236269546
20099,2022,11,1,40105,96881.80548868534,156436.7910959576
13263,2024,12,1,13053,193033.8700176597,142087.44361163102
30027,2023,6,2,"30015,30107",256381.50048508475,207527.5054363356
44007,2020,8,1,44001,284448.4352468381,406806.56913656736
47057,2025,4,2,"47173,47067",271763.4384784729,218455.3331252603
06019,2021,12,1,06069,357831.6575323988,798953.0573370205
41063,2024,7,2,"53023,53013",417517.7112488384,227702.92215477995
26051,2024,7,1,26143,163222.23574178485,178732.3770048238
48267,2023,3,1,48435,318508.64180260646,149846.1461644297
26017,2021,7,1,26011,132566.1581025911,123238.66522019453
26025,2023,7,3,"26149,26023,26059",162309.75581450955,187467.36694207313
27095,2025,4,1,27065,298276.1900399705,250737.0670249645
18011,2025,5,1,18023,398620.96388302743,212220.68458559224
25005,2022,7,3,"25001,25007,44005",466594.38947172737,923260.9938575224
16049,2023,8,5,"16061,41063,16069,16003,16035",330192.8417097179,361943.33093100844
55099,2025,7,1,55051,187383.9360013451,197403.36801988483
17061,2022,6,1,17013,89504.35708610485,183803.8567548949
21075,2023,3,1,47095,87309.6145723447,105016.19392789126
01041,2025,8,2,"01013,01085",134242.20887053575,128664.78593068736
06083,2023,2,1,06079,886657.1418461399,826462.1818000813
08071,2021,7,1,08011,201681.9181025817,144886.12221254598
17137,2020,4,1,17017,105892.99554629232,76472.49858602817
29207,2023,5,1,29069,148761.58744698245,97138.05610788362
40011,2022,8,2,"40043,40093",101390.58160709018,142195.8337718359
28037,2024,1,2,"28063,28005",147132.86098372212,139278.5831545839
38025,2024,5,1,38089,328980.45470380894,272112.2770925257
47151,2021,4,1,47137,151098.1782702734,178383.05855598836
55065,2025,4,1,17085,211785.34102730945,234372.0877231676
18133,2022,7,3,"18119,18021,18109",234220.17285891488,208464.34062526756
37111,2020,10,2,"37199,37121",194532.94597027812,187294.67851527044
05019,2023,2,1,05039,149075.5600340499,125959.97222427667
37039,2023,7,1,13291,253839.2881746612,355257.06124375813
41029,2024,8,3,"41019,41035,41033",428071.3358986157,341383.0065006718
48053,2024,5,1,48281,454162.93193148426,302763.7113071584
51163,2025,8,2,"51678,51530",319431.9241718953,258835.56537908257
04009,2021,9,1,04011,251710.4669123542,219272.73430437513
18015,2024,5,1,18181,213391.6820660558,200792.8131373037
18079,2025,5,1,18143,208776.3160876316,191234.33452933872
42035,2025,6,1,42023,190350.99774711556,91500.0078864398
35035,2024,8,1,48109,223090.8999564393,135794.2667116035
16063,2022,7,2,"16053,16025",298065.9522441496,393183.0239388045
08123,2025,7,1,08014,500155.0648468088,628484.5964753056
08081,2021,8,1,08107,221640.8811498428,815941.2160045294
28145,2024,8,3,"28117,28139,28009",177842.97273736625,138905.83721049185
39127,2023,7,1,39115,200124.75844889053,145557.17978757943
51175,2021,8,1,37073,216876.4712173869,176598.99768683346
55113,2024,7,1,55003,307483.7091339025,194392.7114769043
06003,2024,8,1,06109,508521.8786468651,400282.4415275351
22077,2025,5,1,22029,181635.72482023295,113930.6076630851
19151,2023,7,1,19021,98023.28795897771,173846.99799573675
27061,2020,6,1,27071,168166.69389788242,111961.95949721664
55019,2023,4,2,"55035,55141",176916.1687913783,231039.4584866466
37083,2022,6,1,37185,99008.83560836456,230231.3238355672
29181,2023,3,1,05021,156351.64673192505,108011.14838072345
53047,2024,9,3,"53007,53025,53017",303909.72900474677,451565.78831359785
35009,2023,12,3,"35041,48017,35037",159888.97964945438,133824.28718832508
38019,2024,9,2,"38099,38095",146014.11091503396,154324.57118092623
17049,2021,8,1,17079,171078.43053902802,132032.37975393815
35003,2021,9,1,04011,224721.7208805124,219272.73430437513
13311,2020,5,1,13281,184966.87206601005,247313.87906086328
45075,2024,8,1,45011,164657.16769479218,161542.4728264781
47093,2025,4,1,47173,373029.21179828467,281595.08291391225
26165,2021,9,1,26113,177750.54708821783,191481.09143071473
47125,2025,4,1,21219,320261.9666341771,231414.5466301807
32023,2024,6,1,32015,339531.5841093045,247001.1600301098
16001,2021,6,1,16015,506298.126704769,408056.6382582979
18083,2024,2,1,17033,138481.27597217614,123392.5341599013
21161,2025,7,2,"21201,21069",172427.1589209892,183715.67530220243
39173,2021,5,2,"39137,39143",194384.06528882476,156851.2377985755
28009,2022,5,1,28139,157609.47404751755,142959.90850608973
40149,2022,7,1,40075,94904.6430834484,79143.72170757379
49017,2020,7,1,49021,167347.53529887597,261495.2816844741
37111,2022,3,2,"37199,37121",240472.64699960608,251302.13071745148
04011,2023,9,1,35003,212280.8289030376,228113.5529676705
05147,2024,8,2,"05037,05123",93931.04340480632,115630.08782837335
13303,2025,6,3,"13163,13125,13319",141971.48657446634,150822.72698229746
46057,2021,10,2,"46011,46077",251679.75656456745,219878.69876015262
30089,2024,9,1,30053,428657.58563035034,414404.1352230123
37119,2021,7,1,37179,336620.83706277324,355375.7278719204
42033,2025,4,1,42023,130595.26187146682,90290.12206762306
13213,2022,5,1,13111,218362.413128762,522317.6170630553
29125,2024,12,2,"29073,29151",230542.8074300877,242070.21580351226
48139,2022,8,1,48217,389916.7888183817,231374.03098017324
28133,2022,7,1,28027,126896.2379079449,69519.4037922142
53075,2022,12,4,"16009,53001,53021,53023",312933.3097261887,300779.938262294
19085,2023,8,2,"19133,19165",190199.8520086488,166044.21638702037
48179,2023,2,1,48211,95603.50500686248,178094.9819286318
13179,2025,4,1,13109,244256.16655188764,172642.06986982943
37061,2022,8,1,37141,162317.61157310216,413419.8162545772
47103,2024,6,1,47117,248674.8988593811,315209.69895596773
37043,2025,5,2,"37113,13281",343585.7877414736,373341.4643878576
16031,2023,6,2,"16053,49003",313021.9825061597,398830.83026762994
17109,2020,6,1,17169,81508.95931850566,111721.75010589253
04017,2024,7,1,04009,394301.4876342751,284170.97849873407
29065,2021,3,1,29179,126940.6160285129,137499.4426475894
51059,2025,6,1,51610,776078.1756554502,1113617.577332801
51175,2023,1,2,"37091,51620",239828.7649644099,161939.79968612123
08105,2024,8,3,"08021,08003,08109",298940.41765760415,247089.313553075
18153,2024,4,1,17033,138385.70031719102,126408.21034391456
31163,2020,6,1,31077,130484.89178503002,162178.83488090066
29141,2024,3,2,"29053,29159",281840.46869836515,200058.5555227999
39149,2021,3,1,39021,166487.1844883846,176118.75481475107
30001,2021,9,1,30023,317784.466375007,194937.37065822203
31059,2020,7,2,"31151,31095",109193.83960195525,112271.94928924463
05121,2023,6,2,"05055,05021",151479.70691480316,148068.60922453803
01091,2025,5,2,"01131,01023",144698.90436059926,138535.61813781294
35049,2021,7,1,35028,474057.4401020326,462065.41051848535
12097,2023,6,1,12055,383779.0944927206,229636.39074410585
19071,2023,6,2,"19129,19145",160138.48225616486,192752.40244595354
31185,2023,7,1,31159,201616.47659707136,272170.5744087502
28071,2022,5,2,"28137,28013",293686.7555829545,168011.73230073426
51169,2022,7,1,51167,141942.05806668574,131231.49220243032
53047,2021,8,4,"53019,53007,53025,53043",279276.8078572054,341775.40901397995
30077,2021,7,2,"30043,30023",219321.32027131252,282188.11974940344
40141,2022,7,1,40075,64588.56558178535,79143.72170757379
12099,2020,2,1,12051,306706.4878702143,159267.88756284956
49035,2025,5,1,49043,560736.0332399243,1286742.2766529482
47163,2020,2,2,"47091,51520",167318.98938270527,134093.46135307843
40065,2022,10,2,"40075,48197",106248.88611378855,90920.94104573104
49035,2020,11,1,49029,415301.46938226937,527826.2593900622
01125,2023,8,1,01007,225804.57873939705,220683.5234186035
21105,2021,5,2,"21039,47183",82773.91808100122,109310.63980487664
51001,2020,2,1,51131,169285.9946534687,172293.87987662802
12093,2022,9,2,"12043,12051",258943.70193902825,252248.81136647507
40009,2021,7,1,48483,116540.23183307333,123411.62559769487
49003,2025,8,1,32007,444667.4206238298,367697.30265220464
40019,2022,4,1,40095,158065.23305213044,186655.43815231696
48167,2022,11,1,48071,334657.23472348327,339065.96353719244
06103,2021,10,2,"06021,06045",309138.1343799131,464866.6559246986
56037,2025,5,2,"49043,49009",288694.8447185217,809910.0768049156
38049,2024,8,1,38083,155302.86192585065,148107.76929821237
12001,2024,7,1,12041,314038.5623195999,293574.8738666034
13167,2020,4,1,13283,96437.30079503282,107489.43016745133
30031,2021,7,3,"56029,30043,30059",617583.4836821709,316095.7988615487
04011,2020,8,2,"35017,35003",185928.9033375728,175704.98198006034
19025,2023,8,1,19021,134431.83925640926,174334.02946858964
17051,2021,6,1,17027,118788.26718367376,167017.53655639527
08043,2020,6,2,"08109,08119",236191.0058766132,254087.1456878464
17121,2023,2,1,17051,105717.52445770425,142602.55299452224
13023,2024,8,1,13175,169303.93657033023,185320.08513700683
31051,2023,10,4,"46027,31043,31173,46127",170753.83837279773,231282.77983695694
49027,2021,8,1,49039,270609.32409004244,296721.3113041705
19029,2023,7,1,19165,136917.84780414982,182542.9864463875
22035,2022,5,1,22083,,177017.93674592543
13243,2022,10,3,"13037,13307,13259",94653.79950800778,122643.94041464252
13107,2020,6,1,13283,82544.84072989346,110307.7062308453
39029,2024,8,1,39151,152699.7645664101,194713.50065420603
30057,2021,8,1,30043,619103.0266219919,386479.8931158369
13007,2022,4,1,13037,151435.06720647475,110757.14208648849
51059,2022,5,2,"51600,51610",718586.5034576036,847610.766146975
29157,2021,8,1,17181,176262.5730970929,131738.25178859808
19031,2025,8,2,"19105,19045",237849.10172130787,196245.31887487962
06071,2021,6,1,04012,449473.7500821846,205986.7125716207
48273,2024,5,1,48047,146016.4153049863,82427.86632509175
45075,2021,5,1,45011,145108.93995474966,156743.66559287926
30053,2021,6,3,"30089,16021,16017",295908.31566566735,418223.8197237665
51165,2023,6,1,51660,332078.5891412636,295046.3386656398
35043,2022,9,1,35028,346707.72904574475,501820.4243384567
26029,2021,4,5,"26031,26089,26097,26137,26047",290085.8209480968,259629.22720827218
17025,2022,6,1,17079,96788.83088609288,137640.05552216616
29203,2024,3,1,29149,170832.0437046632,162245.16665734872
51081,2023,6,2,"51183,51595",145621.67482590853,160009.0901096362
21071,2020,5,1,21159,96200.0641763208,74807.51365910364
48087,2021,7,1,48483,120313.31929324692,123411.62559769487
19093,2025,7,1,19047,141592.05568503312,167028.36306446636
12097,2020,5,1,12055,253559.82211292876,144661.67132613025
31185,2020,6,2,"31151,31023",154308.63589770554,137971.08636801128
06073,2022,3,1,06025,857229.5428755064,304648.052142504
32003,2020,8,1,32017,303547.7019528816,177118.78903351232
13255,2021,3,1,13171,176056.70696107604,191248.1116584041
47185,2024,7,1,47177,259463.81707161784,253108.86840535552
38079,2023,4,1,38095,,150705.87344603488
35055,2021,8,1,08021,453324.25544796995,189114.9131194628
41051,2022,4,2,"53059,41027",541472.9943951587,604264.9718179086
31087,2024,6,1,31085,144807.5239939397,283110.5257925563
13185,2025,8,1,13173,221994.55374283064,210578.49396934584
17181,2024,2,3,"17003,29157,17199",140536.88655678835,136765.23589613487
17159,2021,5,1,17079,113374.5958490126,129644.42531129476
29007,2024,6,2,"29173,29175",159022.48136776898,196341.67139807736
36115,2023,9,2,"50021,50001",225153.25312955552,367908.0932545117
44007,2020,12,1,44001,302486.87875538925,434351.64963583
37009,2025,7,1,37005,345790.780401951,269215.4161844302
48163,2020,5,1,48507,183723.1078393655,76069.39063441468
32013,2022,5,1,32027,304366.25987615396,220208.5119790677
27081,2024,7,1,27173,182761.5063588284,152550.978835274
29019,2022,6,2,"29135,29051",289706.1821333185,213816.18537312787
13139,2021,12,1,13013,326424.48129335156,283449.6383121338
37011,2020,1,2,"47091,37121",213821.9439136316,155222.5554942013
28047,2023,4,1,22087,212084.64288609856,229905.99793465596
19029,2020,6,4,"19155,19165,19137,19009",108693.12238361484,125865.0003872588
20001,2024,7,1,20107,111939.87937537748,152971.29602274593
04015,2020,5,1,32017,239431.8017145711,172477.80310983106
21075,2023,7,1,47095,87763.01984081777,110399.05311728822
48427,2021,5,1,48247,172688.12010989536,125718.82965680324
12086,2025,9,1,12087,520085.7635041941,948007.909880138
18099,2025,7,1,18131,242108.81834797995,177008.99157417627
26041,2024,6,1,26089,165645.4611085114,605053.7738727896
39029,2021,7,1,39099,129325.14925302225,119654.77333785384
50023,2020,5,1,50017,268512.4429348481,244755.82438280652
18071,2021,6,1,18093,174287.21822499522,162302.79955075638
48127,2021,5,2,"48163,48507",146645.94395211234,141722.19246971392
42097,2025,4,1,42093,153741.95671531907,264611.54964253394
48285,2024,2,2,"48089,48123",281850.49158862606,257192.76360043552
28029,2022,5,2,"28063,28077",131614.70327538022,160712.8828092104
46077,2023,10,5,"46005,46111,46097,46011,46079",222287.6382902657,233528.53315412803
05019,2023,6,1,05039,156176.42730057996,124478.70845903152
48239,2025,6,1,48057,214637.56101942292,201900.63364134025
29147,2024,10,2,"29075,29003",206877.7483241985,191795.7647587592
47113,2025,5,1,47069,231503.43481840493,151973.75050075763
26111,2025,5,3,"26051,26035,26073",225466.64170023776,173105.25065207147
28011,2021,4,1,28027,158592.73985468564,69633.787060577
40151,2021,7,1,40003,105429.31186551582,114598.89310950512
31111,2024,4,2,"31085,31117",195068.15464937343,298940.5895280547
19169,2023,4,1,19079,256185.09900944433,140472.220006829
19015,2023,4,1,19079,200543.0494952519,140472.220006829
48317,2020,5,1,48165,,193031.37553495413
18167,2023,8,1,17023,143499.8040450909,126076.3008431511
41001,2024,5,1,16087,287443.31381110643,368918.8636577556
48285,2022,9,3,"48177,48149,48239",299184.87884929084,336294.3013920427
05075,2023,4,1,05055,119900.4927469613,180810.55308130188
47047,2025,8,1,47069,373030.590796258,151895.85838088102
01005,2025,5,2,"13061,13259",148618.31786506003,127014.45577030309
13245,2023,7,1,13163,179367.27628670502,127048.84328841146
51650,2020,8,1,51735,186596.0135787853,339712.4373017782
27123,2021,7,1,27163,306960.81183890224,390063.6420166392
21227,2024,8,2,"21213,21061",285044.53868533816,216023.14972833733
19047,2022,5,2,"19093,19193",147318.7785410516,151293.67227598227
30097,2022,8,1,30059,394138.2734939165,285310.4701296458
22067,2025,6,2,"05003,05017",94153.22306178987,92251.23164791599
29181,2023,7,1,05021,144489.58906734842,113089.70416086764
08009,2025,6,2,"08099,08011",,149354.11565101368
28053,2025,8,2,"28051,28083",86669.66681474341,77186.94789673861
40031,2021,4,1,40033,117816.2944983326,87251.03988396109
04001,2021,8,1,04011,266050.3410555458,219652.36467003523
16001,2021,10,1,16015,525537.5862872478,443321.1001381176
48451,2020,3,1,48095,172774.58320730837,165509.28553460797
16037,2021,8,1,16015,307016.62154240464,431606.5669408248
26041,2021,5,1,26089,136062.81482848045,467281.1218368002
55125,2025,6,2,"55051,55041",372979.8982990219,194998.45647987194
39173,2021,9,1,39143,197220.077306368,140040.0754522567
13157,2020,8,1,13059,257578.8437674312,204706.6987897535
30081,2020,5,3,"30039,30023,16059",343861.14889026503,198619.55100873378
05135,2025,6,2,"05049,05065",145503.7974725341,176224.00529482018
37023,2024,6,1,37011,252491.12784658003,395943.4264366934
17157,2023,6,1,29186,130031.20941476578,217997.8812614945
08061,2020,3,1,08025,134880.87219260767,123457.5877230752
28037,2021,4,1,28005,155392.5946048637,153538.57951561874
48499,2021,3,2,"48459,48379",215132.45126308803,208040.51292293583
05147,2024,12,1,05067,89364.46673352935,99762.47174130556
13099,2022,4,1,13037,126752.99102908056,110757.14208648849
42047,2025,6,1,42023,124344.61436291914,91500.0078864398
22019,2025,1,1,48361,183549.49907399513,179891.5726591948
20205,2022,5,1,20207,95930.43321439472,98214.508335887
19007,2022,9,2,"29197,19185",119858.71461776884,143169.53562518005
17109,2025,4,1,17169,92047.65422365488,144850.91959889486
27137,2020,5,2,"27075,27071",162761.7602779778,142988.9685597515
16019,2022,5,1,56023,419240.4372510079,435838.5741838582
01113,2025,2,1,13053,189393.8663869748,142814.86069199408
56003,2020,6,2,"56029,56033",171285.53204958304,294383.54573590343
49013,2024,8,1,49009,336616.6034184454,311964.2533620643
08041,2023,5,1,08043,459061.314556549,324179.5686850599
05053,2023,4,1,05039,185849.2667952405,123822.24097999536
20183,2024,4,1,20141,97687.18199928552,80502.97869613994
26123,2023,6,1,26105,215682.57216110555,247404.71315913703
54085,2024,9,1,54073,125763.73709670984,160406.0349050078
21207,2021,2,1,21001,103145.63235672272,128526.92507131113
47041,2025,4,1,47159,297966.9470402833,302454.3196995138
37099,2025,6,1,37113,442153.06668522186,355015.0073613972
28057,2024,9,1,28117,138068.65347085812,142639.3287907437
46123,2024,7,1,31103,185392.2855303552,277345.35692129284
26089,2023,8,2,"26029,55029",597219.9885928227,373776.0319871792
40047,2022,7,3,"40093,40053,40003",125759.91714560625,133673.55359386562
13189,2023,7,3,"13317,13163,13301",186758.48970686688,134110.0344931103
21007,2024,6,1,17003,132976.44386710925,69788.47070765863
42079,2022,8,1,42025,185583.93007517277,235486.278653119
30063,2022,6,3,"30039,30061,30077",547218.6628176048,361989.82937630924
05147,2023,4,1,05123,98059.3919071738,85885.54190018479
05095,2023,4,3,"05107,05123,05077",99128.64388951006,85571.54825050676
31067,2024,7,2,"31097,31095",180095.6602355108,161901.8346434921
17151,2021,3,2,"17069,17165",155759.35345502515,98248.58826265624
21017,2021,7,1,21173,207047.40959699196,170012.78403480895
35035,2020,3,1,48141,144182.86157505927,146682.49199817973
26103,2025,5,1,26083,227959.7021435841,189087.45702921657
22111,2023,4,2,"22067,05003",143932.09045392394,104579.41487764555
27149,2023,4,3,"27041,27151,27011",194974.972809186,210875.11955013746
47163,2023,7,1,51520,237067.99875796563,164890.26460871208
30071,2022,7,2,"30027,30005",201431.18496818337,223949.39248089248
13057,2024,7,1,13117,479495.3932917007,637180.585085005
27093,2021,4,1,27067,216073.8750019764,208607.28927432917
21097,2021,2,1,21201,154081.48760086487,128742.0371711311
37139,2025,7,1,37143,263186.53828911786,264815.37177862925
29023,2023,1,1,05021,143297.34483728302,108871.39043904608
17121,2023,6,1,17051,107495.84954931104,143743.0185822359
31027,2022,7,3,"31051,46135,46027",202864.67922801577,220457.5757955747
51027,2023,9,1,54059,94543.67654023162,83724.91462091856
16073,2022,6,1,16083,459740.6616735502,377389.7368199872
13007,2022,8,1,13037,150239.7538959973,110829.73275577876
13147,2023,7,1,13195,292846.3185347417,281027.934710441
44009,2023,6,1,44003,573559.7043820141,372133.73594476795
06099,2021,10,1,06085,423025.34960592695,1423966.4175490225
22105,2024,1,1,28005,221282.78373542684,149394.77714053498
51013,2022,5,1,51610,791558.4345593587,1000571.9678310916
48469,2025,6,1,48057,217182.11689269697,201900.63364134025
21043,2020,6,1,21063,95607.24261959545,96751.17334961594
48389,2020,5,1,48243,232511.2843147297,208893.51993392743
08059,2023,7,3,"08019,08047,08093",628360.1920083388,543398.5183983776
01097,2025,5,2,"28039,28041",196064.76808873913,168666.0309474484
30051,2020,7,1,30101,141781.21503722956,121641.02574284008
29189,2024,4,1,29510,271553.60912245215,173630.75424544758
51199,2021,6,2,"51131,51735",364011.05841927073,303430.834270679
12097,2020,9,1,12055,257769.51613346688,148864.3977411013
26113,2022,5,3,"26133,26039,26079",209762.8751008052,178585.83717913972
13257,2023,6,1,13011,217762.3389825879,316611.3802777605
13119,2023,8,2,"13195,13011",262201.9749753233,301793.2842989706
16041,2024,8,1,16071,419656.06345931994,325648.06000303506
08017,2025,8,1,08061,201763.95537075985,193033.99886061583
13029,2025,3,1,13109,406991.4612993985,175286.39050779396
51013,2025,6,1,51610,821390.9774685929,1113617.577332801
45029,2024,5,2,"45005,45049",249154.61368611944,123578.06346404288
40121,2024,5,1,40005,139776.86033504448,198988.42232143303
27111,2021,5,3,"27041,27153,27159",246637.71830529676,209203.66281205005
26055,2023,9,1,26079,379550.7863211059,210020.49022994615
50005,2021,5,3,"50019,50015,50009",227774.0087442867,273892.98425907874
37133,2022,3,1,37141,229055.34453806156,384920.2732299276
30051,2023,8,2,"30015,30101",196890.5011899754,205486.64598334453
47157,2023,8,3,"47167,28033,05035",223654.74690643977,235544.48470331836
54001,2023,8,1,54093,122462.29112090611,204907.79713085713
21023,2025,9,2,"21201,21097",190230.5811849738,212979.62885104853
34005,2022,7,1,34021,344759.73011283687,365644.50262640696
53063,2020,5,1,16009,293966.3974070373,214266.300630705
17181,2024,6,3,"17003,29157,17199",143807.64060610044,139846.503341627
55121,2023,5,1,55035,227472.6170463816,284826.2101366079
18085,2021,7,1,18169,222003.0862972526,140578.65502125586
29161,2021,5,1,29073,169599.12578789602,170993.81285081894
19197,2023,8,1,19079,121561.13896917956,144527.1688671145
17057,2025,4,1,17169,94453.22136317725,144850.91959889486
47177,2023,8,1,47061,240947.8833937794,188898.5907596239
48447,2024,4,2,"48429,48009",222896.4043200626,201081.80151902564
27145,2021,7,4,"27009,27153,27067,27041",247669.38098947052,233240.38513780333
05041,2024,8,1,05107,105355.08204617996,54749.822544566036
53015,2021,1,1,53011,333279.23576890206,428137.86062082386
12081,2021,4,1,12027,321922.8581538397,188301.36372037895
17117,2021,6,1,17083,124305.37637650396,165533.48246755637
17001,2025,7,2,"29111,17009",166755.6993974362,164095.46122491907
21007,2021,3,1,21039,103401.72397400906,89554.4917080364
48127,2021,9,2,"48163,48507",148145.044543526,145581.49835088183
31111,2021,7,1,31117,162418.10754642996,261819.68249419317
29039,2022,4,1,29185,188733.18584983455,184534.53511415256
39011,2024,5,1,39003,211764.77988658668,168112.50337107226
35007,2025,9,1,08023,248759.79933301863,193374.9245968049
28103,2022,2,1,01107,136511.25272653965,144912.1790609852
19193,2020,10,1,19133,151589.20961704696,116934.15307001396
34015,2023,8,1,34011,332051.34145554324,244118.0587739617
48479,2024,4,2,"48323,48247",208134.23955260403,153923.5254542212
39041,2023,7,3,"39101,39117,39083",485214.854615765,217913.55750665502
30029,2021,6,2,"30089,30073",486381.3520310653,246918.60421166266
23025,2025,7,2,"23027,23011",223690.18777124013,317473.8136346652
27035,2023,9,1,27095,345054.12459944753,283250.60955099104
40121,2021,4,1,40029,115988.12458787474,95632.83550967996
47095,2025,5,1,29143,109878.26197215584,96816.04834540786
17167,2020,8,2,"17017,17129",139245.17034128692,117470.2624317357
17087,2021,5,2,"17181,17165",150319.7205150037,108522.45024839303
32031,2024,10,1,32029,560695.0794958442,484736.43225583783
05075,2023,8,1,05055,123366.47594873834,183821.8079160394
29151,2021,6,1,29073,201715.5585079393,174368.37989064612
20007,2021,5,1,40003,72507.61263382756,113654.68661274148
17049,2020,7,1,17079,157852.97620539824,114746.45254531056
17149,2020,5,1,17013,82398.00882911323,158502.4137058791
55083,2020,3,1,55078,167773.2353211716,179005.63435877053
23027,2021,6,1,23015,261405.8066253215,341972.6272747615
48465,2023,2,1,48435,202102.09161343143,153093.46803140358
04015,2022,2,1,04012,341172.7951688155,235854.85448552365
13031,2024,5,1,13029,270175.62846706004,396329.0065310784
20131,2023,9,1,31147,199752.52235870343,113633.42494465208
48451,2020,7,1,48095,176515.61097065549,173513.31413621816
21179,2020,6,1,21005,169570.27891965184,148931.90271169943
06007,2021,10,1,06021,400349.105512799,328936.9742271595
26061,2020,9,1,26083,131158.79219131128,133764.03275407292
28029,2024,2,2,"28063,28077",125461.90744453062,128010.65818049671
56029,2023,5,2,"56017,56039",399344.59313431714,1104191.467196251
08061,2020,7,1,08025,133587.90407399353,126326.48184617936
48499,2021,7,2,"48459,48379",235572.11544821807,221675.99741130444
20125,2021,12,1,40147,84557.02148002089,147545.77679268937
40119,2021,7,1,40103,191389.2734848838,119584.40654760748
40153,2022,7,2,"40043,40093",125734.21060564608,142363.85152223858
46135,2020,4,2,"31107,31027",204900.449790054,146645.1956627315
48387,2024,6,1,40023,183197.99847444156,136735.94159425845
13233,2024,2,1,13143,212741.65275931472,263154.3719642292
38017,2023,4,1,38003,300107.3459520124,174109.31843186438
42073,2025,6,1,39099,155888.4586583995,161413.9579256318
40013,2022,1,1,40095,196447.3549861159,177040.90005669426
37187,2022,5,1,37095,108751.2218526426,212883.62762708377
19169,2020,7,1,19079,208629.2534743769,107185.72194356762
19015,2020,7,1,19079,161898.47515156344,107185.72194356762
16019,2022,9,1,56023,410839.2364659737,446794.98895634915
27131,2021,5,1,27161,276096.1694227813,192635.38058189105
12015,2022,6,3,"12027,12043,12051",381979.9468529755,250112.93000780334
50027,2020,8,1,50017,278229.69462397124,250155.6542228776
01067,2024,9,1,13061,184589.48142417628,170132.41576432344
54055,2021,6,1,51021,107609.79911135545,156670.47619937852
06001,2021,1,1,06077,945210.0370836155,447446.9836889301
51650,2022,5,2,"51740,51735",237486.37187996323,316348.21075259545
40141,2021,6,1,40033,53754.291645710146,86776.40073457903
38105,2023,6,1,30091,304970.6147747216,175825.43510854524
29183,2021,6,1,17083,297079.4939471548,165533.48246755637
31107,2023,6,5,"31139,31015,46023,31003,46135",184575.29024871,220982.1701649109
51185,2023,6,1,51021,129420.2932512827,162484.12080271618
53011,2023,10,2,"53059,41009",542670.4251344235,487385.21363309235
08109,2021,7,4,"08079,08003,08053,08105",214197.3099783403,306788.1973600688
46009,2020,3,1,31107,133002.53984491355,135997.84851469542
54039,2024,3,1,54067,141954.15512793395,137868.40163702605
23019,2025,7,2,"23027,23009",268928.95254973805,362253.8936828957
47125,2022,11,1,47083,308721.7148271874,191948.6603029497
34009,2024,7,1,34001,723011.1974771334,350029.11183479434
51173,2021,3,1,51021,115875.36503962014,149763.4437536434
17083,2022,6,1,17013,164434.65510957906,183803.8567548949
47039,2024,4,2,"47071,47135",171824.9742075747,181497.7970801136
19107,2022,8,2,"19101,19183",130624.5691748372,183360.45483523508
37189,2021,7,1,47091,390545.3399737444,192690.7077932528
35035,2020,7,1,48141,148333.54698141082,149617.95671491054
13043,2021,6,2,"13279,13031",144799.47122920756,157008.0944523729
13033,2021,5,1,45011,147282.75176659494,156743.66559287926
13241,2023,8,1,13281,376323.36184222455,376899.92500736815
29139,2025,5,2,"29073,29151",204617.8000226235,244805.0127000893
47109,2024,4,3,"28003,47023,47071",161992.65316914828,172987.35156700437
37021,2020,1,1,37199,310556.6910207973,197008.82131697465
01107,2023,6,2,"28087,28103",150133.5938084519,139232.927848499
49015,2021,8,1,49039,,296721.3113041705
29111,2022,4,1,29103,172940.44549649578,149325.97553999454
21145,2025,8,6,"21139,21007,17153,21157,21039,17127",195450.1468875736,137987.68732578552
56013,2021,7,2,"56017,56029",239729.00337201945,252077.4505854969
48387,2021,5,1,48119,176961.8778317621,154188.09703435889
29023,2023,5,2,"29069,05021",145770.77418550462,104557.86007609637
37171,2025,5,1,37005,225357.16447939983,269891.71648804523
47131,2022,5,1,47053,138906.40273289682,163065.53128589792
35035,2023,8,2,"35051,35005",213245.28451989105,169127.0513144728
01005,2022,6,1,13259,154993.3429047859,98050.90185867004
39051,2025,4,2,"39171,39095",220419.97934013008,169288.84045527453
31093,2020,6,1,31077,189632.23171505416,162178.83488090066
01113,2022,5,2,"13053,13259",169068.67159992925,120385.76546447782
08041,2020,8,1,08119,357124.6541680766,348500.47279509436
38055,2024,8,2,"38083,38065",193489.0360336715,185636.7759493715
35039,2025,7,2,"08021,35028",334876.09086725564,398027.57826890296
21043,2025,4,2,"21205,21063",170822.2852544868,180632.2968105862
21225,2023,3,1,17069,121018.5201755535,106827.99040672806
42121,2025,6,1,42039,128941.5613279863,147513.54587253628
49049,2022,6,1,49039,561757.9988208887,354434.3030636506
13215,2021,8,1,13053,145511.38812586688,129116.72821307844
12067,2024,4,1,12041,241628.7747000458,290603.9408721484
51041,2023,7,1,51036,380258.01052666415,265421.77144692006
39019,2025,6,1,39151,186466.10846442624,204095.3660006822
35006,2025,8,1,35003,150962.49957062732,210384.75643727803
33009,2020,6,1,50017,231087.0295534246,246266.93735943627
17137,2024,3,1,17017,120507.86690795036,95672.21126935678
06017,2024,2,1,06005,654127.9563046227,428215.3314896296
13291,2020,1,1,13281,226237.09162452584,243052.134797144
49047,2024,8,1,49009,323831.5575878191,311964.2533620643
28071,2024,6,2,"28161,28107",355104.2227784984,169990.84750845394
16039,2024,8,1,16083,343287.7613803313,358665.9738611919
26113,2022,9,3,"26133,26039,26079",204965.9437481358,177076.97479808223
28109,2021,10,1,28045,158033.35088150552,211247.74737804328
37031,2021,6,1,37137,348684.77834058943,200587.21417699833
05059,2025,8,3,"05039,05053,05019",164207.13702795727,152373.8370247567
45015,2022,5,2,"45043,45089",345015.0606180912,239797.87530877668
31039,2023,10,1,31173,222061.8758510308,137563.2394084859
08089,2021,8,1,08011,146874.57555768418,146018.35938590238
40009,2023,8,1,40129,129350.06114795544,176130.6100240443
18035,2021,8,1,18009,121212.43759742632,97898.7601989595
48109,2020,6,1,48243,,209296.4381402916
22063,2025,5,2,"22091,22095",244400.81967521776,187129.42332637188
48389,2023,10,1,48243,195299.76173728277,238027.605805732
13239,2023,7,1,13259,118904.39171637404,88122.54848287538
50005,2021,9,3,"50019,50015,50009",244477.5057191636,294687.4830287706
20007,2024,10,2,"20097,40003",89856.48799030513,144338.66752231255
16013,2021,9,1,16025,769619.3161485768,379445.0310927437
45001,2021,10,1,45059,173874.16206390524,222405.23998325304
21045,2025,5,1,21199,155699.4431551244,181289.3231036001
55099,2023,4,5,"55107,55125,55085,55069,55051",175396.6927667613,245277.16409495156
06065,2023,2,2,"04012,06025",580345.5466741208,278519.2382017623
48469,2024,2,2,"48391,48123",214960.902690027,189193.47548496214
17045,2021,6,1,18165,111161.75238486976,110824.0338306207
41059,2022,8,2,"53005,41049",295917.6205071791,360960.8107043237
55117,2025,7,1,26105,300900.9417894532,247680.94877890465
46127,2021,10,5,"46027,31051,19167,31043,19193",293424.9963217255,190149.8813026397
48339,2025,6,1,48407,345930.9695608577,241657.3642053077
38031,2023,9,1,38027,161247.1414986296,126214.11167380614
22035,2024,6,1,22065,90793.9692624508,84888.76139059348
28119,2023,9,4,"28143,28027,28107,28135",,128729.21549018158
05041,2024,12,1,05001,101786.0391900004,120447.149396264
48105,2021,5,1,48461,,138954.6458710021
08097,2020,6,1,08065,1354124.1685445874,312106.3885073737
06085,2024,12,1,06069,1716449.980762758,782573.5155408786
34041,2022,7,1,42095,358008.0771876993,314993.9845244726
48469,2022,9,2,"48057,48239",212380.53259446248,228838.46541188116
38099,2025,8,1,38063,149768.92867046554,142951.83709564668
48201,2024,3,1,48339,290171.00338307815,346277.00543145207
48409,2024,9,2,"48391,48007",209229.16761406572,231861.34566359385
28109,2023,3,3,"28073,28091,28035",168355.41284085004,180878.51263730394
05031,2021,4,1,29069,167644.64230152892,100994.9664770591
12057,2024,4,1,12049,401732.8106585315,228160.92354577224
16067,2021,9,1,16053,263260.58426360745,334146.29198495386
31119,2023,6,2,"31139,31003",220249.8251547022,208492.97862001008
18061,2021,7,1,21163,203000.4114004124,195479.95955200295
19183,2023,7,1,19115,202336.26734821792,147603.180190058
21103,2020,10,1,21223,170461.02531815277,153984.55337202465
55127,2020,7,1,55055,266193.27901550295,238295.3321556314
13297,2022,5,3,"13219,13013,13247",358165.8832095769,374231.3528076162
40123,2024,9,1,40069,179104.8029242465,142055.75058598348
18035,2023,1,2,"18009,18075",136722.58876162535,124322.91170489903
39133,2024,5,1,39151,251265.59832559104,191306.87843724177
19049,2022,9,1,19073,338258.2019964484,144826.78970755546
16055,2025,4,1,16009,581565.5719613024,320629.05711804837
06089,2024,2,2,"06049,06105",370005.3388161462,226570.973201812
37173,2025,5,1,37113,327619.5849693253,354883.58163524326
28003,2023,9,2,"28117,47109",161065.09703142836,151993.17887776572
48465,2020,5,1,48435,164948.8251599065,142840.5366061218
39167,2021,8,1,39115,156863.1735875554,133064.91122116416
25021,2024,7,1,25025,750932.293738428,750680.1141752793
39031,2021,6,1,39083,137729.0833250348,207582.0622469833
16049,2024,4,1,16035,336341.3295773983,294248.1399525504
16035,2022,6,1,30061,299266.62100644765,374141.2544006892
55083,2020,7,1,55078,169054.6044980337,187804.7213577115
48103,2021,6,1,48461,195101.5528345676,139938.8348644846
23027,2021,10,1,23015,278317.19275622116,356339.61542058125
48339,2022,5,2,"48185,48471",343161.8407587574,308275.10281337705
04015,2022,6,1,04012,365761.2611742196,249786.99719731495
46053,2024,7,1,31103,,277345.35692129284
22069,2022,1,1,22081,190432.97850479992,155119.5774710856
38059,2023,4,1,38029,274601.03576199897,119834.17691519768
13181,2023,8,1,13317,224435.51346340976,154399.5697288815
48463,2024,5,1,48323,201925.88719570055,218065.6430896616
37111,2021,6,2,"37199,37121",227166.24477493868,222604.1976516546
17027,2023,4,1,17051,180682.06194510407,142684.14613732652
48249,2025,5,1,48047,146711.40428236537,87632.90826733988
41017,2022,7,3,"41037,41035,41013",717773.9494116424,317220.63474419824
40069,2023,8,1,40005,138935.74772016666,188264.63692499627
30043,2025,9,2,"30057,30023",508253.0946794825,508378.4164394863
37029,2024,7,1,37177,367292.69876581314,171369.92720595092
29095,2021,6,1,29107,196949.8275263685,175859.8770819887
40119,2021,11,1,40103,198408.2658213545,123779.37682634074
17065,2024,12,2,"17059,17165",113068.21798914135,85797.3737689027
54107,2023,6,1,54105,157647.99701597643,111387.82339254288
21143,2025,1,3,"21139,21033,21055",191026.3869195771,146830.20644152825
13061,2021,5,1,13037,144831.97350242527,103695.53803513742
48193,2022,5,3,"48093,48143,48333",267380.25345067336,310470.18339995656
27065,2021,9,2,"27115,27025",218163.27546245535,269422.84089240857
41017,2025,8,2,"41037,41013",667109.549625329,330028.2035826506
26011,2023,6,4,"26129,26063,26017,26069",139058.98780943258,158553.96327220096
18153,2023,7,2,"17023,17033",142376.0089668469,125297.28322919394
47147,2025,4,1,21219,372520.2935535291,231414.5466301807
30001,2025,6,2,"30057,30023",392784.22783885786,508699.5344329041
54085,2023,8,1,54105,116839.50551411322,111101.380101285
16055,2022,3,1,16009,573933.8749510014,336230.0039566982
27005,2021,7,2,"27029,27159",275893.1513714742,175485.64405931107
18147,2021,6,1,21091,175397.28591709383,151891.14110765266
05043,2023,9,2,"05011,05003",151267.11164417,107544.89075593124
16071,2020,4,2,"49005,16041",184810.67296259524,290329.9564878468
29197,2025,6,3,"29199,19007,19051",154220.29834530634,153442.14469055147
48245,2022,12,1,48071,168762.4282050306,337490.8924625471
26063,2025,7,2,"26011,26069",184332.4457961478,155163.76061270694
24005,2025,7,1,24029,357432.57656673994,374651.0231180377
46059,2023,8,2,"46073,46005",250640.149120694,218511.36672429432
26079,2020,11,1,26165,162516.25485705957,153019.91092352022
47093,2021,6,1,47105,255010.6318945849,322834.6834149103
17095,2023,7,1,17175,88974.77522286755,132643.2287820735
47087,2025,2,1,47159,224365.59732332928,303047.4390848702
48061,2025,7,1,48489,202529.32546600155,177277.6272379353
27025,2024,9,1,27065,366606.4717332256,253497.5205947292
26035,2024,7,1,26143,141462.94844634752,178732.3770048238
46009,2020,7,1,31107,131733.9260975397,142514.73139831529
08067,2024,7,2,"08033,08111",651385.8717625308,431970.7040278366
42021,2024,4,1,42009,97610.843097881,186275.94091862344
18099,2024,7,1,18149,238310.88008452847,200213.6135815376
29121,2025,8,1,29137,174049.6916001417,209109.8477398848
51173,2021,7,1,51021,120918.58206934389,157253.06833322678
12039,2024,8,1,13087,208477.15362228604,178570.2885420822
29187,2023,2,3,"29123,29221,29186",170141.29517809176,173144.64639205683
08077,2025,7,5,"08045,08085,08051,49019,08029",422316.93734574405,560007.2703617264
17005,2021,3,1,17027,133849.12061223495,162552.79553691097
29183,2024,11,1,17013,362967.85467175,191310.49248078073
13295,2024,2,1,13047,231102.7215266031,281355.7373280404
47115,2023,6,2,"47061,13083",238925.4017421652,207045.23976203665
26039,2023,6,5,"26143,26079,26135,26129,26119",149265.57871937894,165675.9499532461
21053,2022,8,1,47027,148549.2337738302,184387.44231653796
48041,2022,3,2,"48185,48477",277868.3768803347,344476.37093486346
13261,2021,3,1,13249,102911.08669252715,145513.47350825963
06113,2024,2,1,06011,625025.5098570954,366073.37337914185
06077,2023,1,1,06013,538977.3080462917,817595.7716397602
46027,2020,5,1,31027,178884.43365451312,156355.92147605127
08103,2022,7,3,"08081,49047,08107",297996.0862476525,523549.92842765694
22009,2023,9,1,22025,130377.58289232396,111143.7303992404
47133,2024,7,1,47137,243299.59645484644,221384.13366283823
31137,2024,4,1,31073,198396.43846746424,290777.76967572275
37189,2024,12,2,"37011,37009",510568.4159636325,376255.3984872009
55003,2025,7,1,55051,192418.06139171205,197403.36801988483
01047,2025,4,1,01131,89587.63557756519,137142.31264645045
22055,2021,12,2,"22097,22045",230104.96010006437,158324.01080250303
47061,2024,7,1,47177,199536.38105391283,253108.86840535552
47077,2024,4,2,"47023,47071",181464.82402525257,178277.8656553398
48219,2020,6,1,48017,149390.52531603683,113558.63193382938
34001,2023,7,1,34011,320825.618453858,242133.00700999363
28001,2024,8,3,"28063,28037,22107",119898.04245858028,173363.94092115804
39029,2025,6,2,"39099,39151",152180.80804625023,182754.661963157
13215,2021,12,1,13053,147586.69435393004,136037.66381770963
17011,2025,4,2,"17155,17123",135408.10922543716,151087.6770864181
05093,2022,9,1,47097,107229.41851442476,134943.0543727484
12121,2024,6,1,12041,263060.07151099923,293116.2027183378
48221,2020,6,1,48425,267213.95499379566,267376.135074187
13291,2020,5,1,13281,229213.27222194916,247313.87906086328
45041,2020,9,1,45089,140013.45186494442,104926.00592126092
22021,2023,5,3,"22041,22025,22083",136736.5341096381,139014.4427157106
18019,2023,7,1,21223,241805.72538339844,202839.7738622908
12107,2025,9,1,12007,211183.01189616823,241275.58260686375
36089,2023,7,1,36033,123371.7229654282,164821.40618182367
55027,2023,4,1,55047,258979.3476988698,244510.07059890716
17165,2023,2,1,17069,90193.63087697122,106457.90538320527
21161,2023,2,1,21069,144959.2710180588,143331.72965274463
35055,2020,11,1,08021,404127.952525012,162677.17337201312
16081,2023,7,1,56039,791388.2377339079,2047717.640094065
47187,2024,7,2,"47081,47117",890884.8286968699,251532.06823506387
22091,2024,3,1,28005,170529.47466966126,149352.9201815827
46013,2023,5,2,"38081,46045",211476.98512820047,201762.06275966828
26035,2021,6,1,26113,123243.79549700256,195162.2602013637
28035,2024,6,1,28111,183845.1919360723,154543.37974465845
01009,2025,4,2,"01043,01095",231388.51704867103,241797.78315712418
21057,2021,2,1,21001,124760.56680543254,128526.92507131113
36061,2024,5,3,"36047,36081,36005",1135693.8010982643,669320.9535352058
21101,2021,6,1,21233,157247.94510133646,106483.46133092306
22117,2021,10,2,"28113,28147",140130.6192349625,140138.47526822682
21045,2025,9,1,21199,151186.24171466706,175002.8643751037
55109,2021,7,1,27163,347930.4631303291,390063.6420166392
17045,2021,10,1,17023,104195.64356808172,121418.86067004775
19033,2020,6,1,19067,135747.60526301336,115358.54858704978
55075,2025,5,1,55041,190137.09449735936,190423.35341840168
42083,2025,5,1,42023,108727.61844655348,92026.82269402235
47133,2021,6,1,47137,190830.8808677399,186213.91655786836
17099,2022,7,1,17063,154126.9317988852,268551.3280825545
30065,2024,6,1,30037,244034.91524990893,219884.14220130217
30067,2021,8,2,"56029,30059",531896.908350235,288969.6684655104
06041,2021,1,1,06095,1248912.2003133197,504306.28577225265
37143,2024,6,1,37177,253148.719487163,170412.1418184896
22099,2022,8,3,"22047,22101,22007",173242.57738040955,144871.04790294313
37155,2022,5,1,45033,121467.58029050344,125106.62006534883
18053,2025,5,1,18103,145077.7516140847,143981.5469816063
01119,2025,2,2,"28069,01023",128257.76078230364,141105.20772839553
08015,2021,8,1,08065,574778.5717703825,407051.7206749238
41011,2021,2,2,"41019,41015",279124.23665086855,326967.83389445575
16031,2024,8,2,"16071,16083",320583.352001183,342157.01693211345
13211,2025,7,2,"13219,13237",444174.9308043718,473937.40299696365
26097,2022,5,4,"26029,26153,26095,26031",178323.39647563806,223889.5501334871
31175,2024,4,1,31183,178990.63554123635,240239.5268081147
48225,2020,1,1,48313,193024.3042900085,171382.64782731366
55127,2020,11,1,55055,280471.5430057401,250105.5305726896
13013,2020,4,1,13059,207449.43823952155,199432.67992372517
25005,2020,6,1,44001,352376.6531290651,404703.23281962
29117,2025,7,2,"29025,29061",183756.44354416124,244543.13685389078
29223,2022,6,1,29093,133048.73506510354,140772.92810099266
30027,2024,6,1,30037,274808.22819062654,219884.14220130217
16069,2020,2,2,"16035,16061",232416.13342112745,170284.27761130122
18157,2025,6,1,18023,289834.66203108727,211897.980897372
48175,2024,4,2,"48391,48123",255093.464979299,191659.7870020584
26053,2023,4,2,"55051,55125",106718.5749607297,276937.1730628273
34005,2024,8,1,34001,400247.45166449767,351832.9594223898
13079,2025,5,1,13193,203330.41750391189,102384.49307113804
20201,2020,6,2,"31095,31067",111833.48550570656,109134.80155085068
48293,2022,4,1,48217,160455.6880167002,220963.11664481813
08093,2021,5,2,"08019,08065",438304.31578799494,436433.19017865835
06093,2022,8,5,"06049,41029,41033,06089,41035",304205.37378289126,338672.3847299467
19061,2025,4,4,"17085,19055,19105,19097",257150.0746421774,225245.59626596884
16049,2024,8,1,16035,337201.69455945917,297423.1994631372
39107,2020,8,1,18075,174625.7269363043,101941.12876162544
45091,2025,5,1,45023,393758.7722673151,217083.91219179193
13137,2020,4,1,13281,184933.78400089848,246330.3431419537
29173,2025,7,1,29137,244353.0662347146,205862.90687588375
26041,2020,8,1,26089,120302.3451581556,400588.02843475033
19069,2023,7,1,19079,138881.34496093754,143258.9349899698
08097,2022,3,2,"08051,08065",2118148.9243748416,552909.6742417681
38059,2023,8,1,38029,283350.20026840345,122600.5819345911
29081,2024,7,4,"29075,29061,29129,29079",126092.3030405751,153111.73943432648
21231,2024,7,1,47137,162975.2286134386,221384.13366283823
37111,2021,10,4,"37199,37021,37121,37011",231327.93997732512,288321.6076624035
48117,2025,5,1,35009,176743.78665062904,161684.55386369597
39037,2020,4,1,18075,127150.88607378725,99531.60439401702
22009,2025,5,1,22029,126730.13222307344,113930.6076630851
06083,2022,9,1,06079,915049.0574168902,843649.2616824037
04017,2022,8,1,04009,400806.23551543825,274491.58917501644
23011,2024,6,1,23023,305047.03274457995,417802.6507342071
13297,2024,2,1,13013,375321.2122966221,339562.7740123782
20075,2025,7,1,08099,151336.73247109688,175860.26206012463
31179,2022,5,1,31051,199119.0622945058,163936.70959775164
48291,2025,5,1,48407,239283.49247494497,240953.15833457696
18035,2020,4,2,"18009,18075",97832.58132205496,90193.59980364234
37095,2022,12,1,37177,209500.30345881716,170295.7068678382
21171,2022,2,2,"47027,47111",113255.19192557724,203057.79998335085
37173,2022,8,1,37099,295681.86916268565,415052.295676647
31083,2022,7,1,31061,141341.81298048384,117242.88923032615
18147,2021,10,1,21091,182000.22544372425,152572.979302259
05103,2023,9,1,05039,108291.38926598396,123728.17227753326
48051,2022,3,1,48477,300974.12019494205,357593.82784432365
01033,2022,4,1,28141,172012.22208880287,174004.91273997934
21145,2021,6,1,21039,141863.54749171107,93673.34045169568
19027,2023,7,1,19165,175659.71641263567,182542.9864463875
16001,2022,6,1,16045,564919.17210597,495756.1413599395
17131,2022,6,1,17071,162149.11000317984,121537.66151568809
56039,2020,8,1,56029,1157820.915979172,289690.62733963365
48359,2023,5,1,35037,,113018.849002628
47027,2025,2,1,47137,202926.13258336543,239538.80840952985
16071,2023,9,2,"49003,49005",319256.4508144011,440177.802080006
29186,2024,8,1,29157,228735.68328686172,205986.74165445447
17157,2024,2,2,"29157,17145",136941.4685279579,153864.43114240357
12039,2024,12,1,13087,208185.2113276486,176073.13195917607
31089,2025,4,1,31183,174488.64827015984,256193.71968966775
13017,2023,8,2,"13315,13271",124585.8490130081,125190.49785572072
17059,2023,2,1,17069,76809.3774524209,106457.90538320527
17027,2020,7,1,17121,149346.70502809912,88143.81604753943
40033,2022,6,1,48077,93675.27066194592,215933.73668307764
20105,2024,6,2,"20123,20141",113477.092610291,105829.51334195648
31003,2024,8,2,"31011,31183",204191.7874328704,252908.45405444846
51163,2023,7,1,51530,291687.4245752113,155535.72718367027
39139,2021,5,2,"39077,39083",134456.22756784654,176592.3786298284
48085,2024,3,1,48397,524727.926648927,435229.9649758835
18167,2021,3,2,"18121,18165",115648.56367475072,123144.4733960451
19071,2021,5,1,19145,134912.1048541524,114419.84775610056
17113,2023,5,1,17147,215792.29466950556,190900.8282499987
37187,2024,6,1,37177,111622.04233179614,170412.1418184896
48193,2024,2,3,"48281,48099,48333",252143.83766382423,286012.9533641461
29031,2025,8,3,"17003,29157,29017",239187.78375898,155102.0160475827
54085,2025,5,1,54073,121386.44021504332,163001.62803837485
21139,2023,7,1,17069,139840.20697803597,109698.34910782348
21115,2020,6,1,21159,99537.02192528972,75353.02943802267
29175,2025,7,1,29137,165489.1135581053,205862.90687588375
06017,2023,1,1,32005,643319.8428504005,672701.1340738715
18017,2025,6,2,"18131,18103",167932.12121399865,161417.1228968767
51003,2021,10,1,51540,440302.71814353135,420186.80665450793
29101,2021,6,1,29107,229238.694055647,175859.8770819887
31023,2025,4,2,"31185,31143",221210.00790730183,212148.18513805856
48215,2022,8,1,48489,175446.44509132512,227626.32215708977
06095,2021,10,2,"06013,06055",568936.0934611118,835344.873753041
29113,2020,4,1,17013,205495.77128503376,157406.51837666988
06073,2021,10,1,06025,778200.0478819766,291487.7938934415
19083,2023,5,1,19079,131100.6865696167,141472.3481622089
48185,2020,4,1,48313,247022.33867305063,176722.07166458396
47185,2022,8,1,47175,247722.8123229728,208894.58880594245
20191,2022,6,1,40053,126648.4457683087,120249.88801732066
19025,2021,7,1,19021,116311.89962472928,148488.85541989352
19027,2020,6,2,"19165,19009",137561.9863507401,120721.42106324225
40121,2023,8,1,40005,135475.64782589755,188264.63692499627
06019,2023,2,2,"06069,06053",379699.2441849513,787692.7301770874
26107,2025,5,4,"26133,26035,26117,26073",211789.93207395033,186602.51441069273
16043,2020,6,1,16065,274175.0449283226,257082.82609555245
56019,2020,5,1,56033,271305.46657911624,301715.62035677413
22051,2022,6,1,22057,299757.5825435379,219484.9010986073
46013,2023,9,2,"38081,46045",212934.10168943307,191518.88845802686
48111,2023,2,1,35059,140147.826050856,117391.91516210392
54107,2025,8,1,54073,168940.28506863888,162227.9850312372
28011,2025,7,2,"05041,05017",131219.79906634043,96366.21530469903
13135,2024,7,2,"13013,13117",427091.74749946647,490750.69015897275
16053,2025,5,1,16047,390049.0312582671,349506.808812962
40117,2021,6,1,40103,128872.6290939578,118609.42494897312
05107,2025,5,1,05077,52492.47840255234,110596.7660277362
18069,2021,8,1,18169,154439.74125310488,141152.4388759331
50023,2021,5,1,50015,308177.7043837582,415879.38079734094
19125,2025,5,1,19117,259728.8926182382,173178.869188405
51059,2020,4,2,"51600,51610",594273.1839427404,706676.0437836983
51095,2025,8,1,51830,478153.5227069931,401516.32766210806
13207,2022,6,1,13159,299713.8207262026,282406.93617224717
40069,2022,4,1,40095,115982.3189864037,186655.43815231696
17091,2024,1,1,18111,192178.808107389,198983.6149017318
40045,2022,9,1,40043,117366.41185873782,133385.03874716777
48469,2023,1,1,48057,211996.97551317504,206879.50410882247
40113,2023,7,1,40103,197037.60804963228,140009.01859886592
35043,2020,8,2,"35031,35006",246044.4935261176,145122.33907940067
47103,2022,5,1,47051,231048.1980188977,285221.9656741889
17159,2022,7,1,17079,121547.41136309873,136125.03589009566
40031,2022,6,1,40075,133273.41420443077,78686.784819249
27007,2020,6,1,27071,174755.84139259337,111961.95949721664
41045,2022,9,1,16087,299428.2430615137,372149.5686142564
35009,2020,3,2,"48017,48369",148316.06874691174,116722.3387247445
17149,2024,4,2,"17013,29173",93992.9069072076,211215.53288518853
16033,2020,7,1,16059,150716.90053525675,211934.11701684888
47133,2021,10,2,"47087,47137",199900.5156233219,188361.37989221065
20013,2023,6,1,31147,122913.41243126168,116198.14771168742
41065,2020,5,1,41027,276777.16398466035,492029.2109746461
47181,2022,4,1,47039,153586.5909625777,167951.691719625
06071,2022,6,1,04012,536333.1360485698,249786.99719731495
17199,2021,3,2,"17181,17165",127650.33877533184,108650.076735098
48273,2025,5,1,48047,144174.84813572388,87632.90826733988
13287,2020,2,1,13017,103361.27077476894,77862.82329131482
28095,2024,7,1,28017,145902.6887785036,134288.80663903223
32007,2024,7,2,"16083,32015",353011.39103585476,303274.51704494446
06095,2023,3,4,"06013,06097,06041,06055",574494.9371630183,968067.4792578819
06073,2023,3,1,06025,847887.3125410369,312258.9582008343
22099,2022,12,4,"22047,22101,22007,22077",167730.63702120414,154081.41684963467
30081,2024,8,2,"30039,30023",586476.2288719885,350783.5956867724
01119,2025,6,2,"28069,01023",117334.10380955267,131367.20615300807
45041,2022,6,2,"45089,45033",178189.11298713033,129985.46174634295
01063,2022,4,1,01107,143526.83513833315,142743.77622500004
48075,2022,8,1,48197,122581.5939826053,108879.05196442555
48225,2020,5,1,48313,195738.2331085806,177795.58190307007
47031,2023,7,1,47061,284948.6207960465,186532.53327518617
55027,2020,7,1,55055,198845.84817241773,238295.3321556314
47157,2024,4,1,05035,222568.57330205143,159474.92881810572
13199,2021,7,1,13231,165250.07124792927,284437.4829500524
38077,2023,7,1,38081,199755.13844349087,176254.63974162904
13013,2020,8,1,13059,211731.90424602389,204706.6987897535
25005,2020,10,1,44001,366727.40035992133,418175.3932763602
13177,2024,4,1,13261,252751.55818247775,134082.5846768619
28139,2020,4,2,"47069,28009",118707.4329737862,118412.13056279512
16069,2020,6,2,"16035,16061",236946.0854968843,175931.9614729195
13105,2025,6,1,13221,166878.04626817995,302218.25382156746
21069,2021,6,1,21201,117626.5570199578,137976.29654645483
39069,2025,6,4,"39173,39171,39095,39063",197426.559365846,201109.95798608818
47171,2020,2,2,"37199,37121",151623.9803584426,174024.9136562682
48323,2025,6,1,48507,228404.23973062905,81069.12836644133
48293,2022,8,1,48217,168311.45212643352,231374.03098017324
19047,2021,12,2,"19093,19193",132859.34889348908,145277.39118464844
19061,2025,8,4,"17085,19055,19105,19097",262174.77016036137,226010.55908091753
34007,2024,8,1,34001,325123.8184975705,351832.9594223898
17045,2023,7,1,17023,107841.94484792287,127090.7753851518
21207,2025,5,3,"21231,21199,21053",157546.79466729285,175087.28973160379
54059,2025,5,2,"21159,21195",82349.41350071829,121856.439093138
48239,2023,5,1,48481,230066.61250507485,244563.85225397753
13137,2020,8,1,13281,189496.31880501844,251819.21453109852
37013,2025,2,1,37187,231829.3146599273,110162.60901612738
40041,2024,10,1,29119,272019.22806571133,225458.1277410142
13031,2023,8,1,13107,249310.10892193703,119953.77482886647
21205,2020,4,1,21063,116479.46538515508,96072.66456312896
48403,2022,1,1,48241,217717.58506328517,208861.16504978016
20013,2020,5,2,"20043,31147",86230.46964538553,91060.01033116596
51177,2024,7,1,51630,443551.6310828529,455919.8969398997
27037,2021,3,1,27163,336310.9249835377,369973.22265389137
26061,2024,6,3,"26013,26071,26083",167007.04237367978,147108.6758303844
20029,2024,5,1,20123,100700.78151700489,128202.28497795462
45007,2021,10,1,45059,219430.77098691603,222405.23998325304
32510,2020,11,4,"32029,32019,32031,32005",367330.8678651496,415434.61316290114
01001,2025,7,1,01085,252852.52189656827,143580.16568840132
19043,2025,4,1,19055,238673.4554167576,223583.02246301217
30043,2024,8,1,30023,498925.5607732104,277373.502030581
04019,2024,9,2,"04009,04027",355365.916802275,280832.16134452855
37163,2025,6,1,37141,148390.56202199924,439311.670110805
48117,2025,9,1,35009,175617.94125281658,154267.27340773004
05145,2020,1,1,05023,131781.22803550944,158876.87542818123
13173,2024,11,1,13101,204854.96188991072,172424.7833855392
22009,2025,9,1,22029,118281.35372772794,101532.90401726232
54081,2023,7,1,54089,141609.06937120322,133232.46325901835
49015,2025,7,1,49019,278122.4246137305,584534.4880319325
18121,2024,6,1,18045,190424.6870584617,174507.9371395722
13001,2022,1,1,13005,152254.28669885383,127431.5230581428
08083,2023,4,3,"49037,08111,35045",384513.9565552005,356419.9190018818
51153,2025,7,1,51685,580775.666302018,455289.9888847039
32031,2025,6,2,"41037,32013",564464.5563600302,266448.18128428195
12131,2022,1,1,01039,662143.349117968,151113.88010559275
17105,2022,9,2,"17091,17063",125988.61204487122,223268.87698161235
55093,2024,8,1,55091,346004.1628361054,236532.3765152231
49003,2020,6,1,49005,297433.3370171557,301005.2153420835
31121,2020,8,1,31141,146349.52538793825,187898.5864156535
21229,2020,7,1,21005,149990.85458661476,150675.98791885655
26073,2022,8,1,26133,201778.31014023817,167493.83359806868
06079,2021,1,1,06083,679776.344715331,682514.4739713253
18035,2020,8,2,"18009,18075",101045.15872317646,91557.51124138739
39025,2021,3,1,21023,243935.72584473816,148815.1203128616
19033,2022,8,2,"19023,19197",177266.71074535223,145537.73703301698
29001,2021,7,2,"29197,29103",159008.1122088897,141185.36942917033
37185,2021,9,1,37181,197447.47916572657,160878.54866240828
17101,2024,5,1,17033,110097.18388098064,125892.45452054408
48471,2025,6,2,"48407,48455",265624.6285953943,213329.03620804468
08013,2022,7,1,08047,794503.3100934811,565576.8684996307
26079,2024,4,1,26143,222376.7969611924,174370.95755615176
40007,2024,6,2,"40045,40059",147217.93662437564,94870.24839892273
21011,2023,6,1,21069,155312.5626442949,147068.92480688542
18081,2022,3,1,18109,283227.4246282078,254646.04756799364
28047,2021,3,2,"28045,28109",177133.90548056937,171404.86750301882
29001,2024,8,1,29211,175207.35830545015,111197.85623614345
29127,2024,4,1,29173,169664.5896207699,229196.7577877279
20001,2022,6,1,20207,98052.84939896362,98314.73938575789
21185,2025,5,2,"21223,21103",436393.74918697187,243010.6886294433
51199,2025,9,1,51830,455962.301933083,401971.18722323695
22047,2020,2,1,22077,145837.1953425809,171157.26338547494
35033,2024,9,1,35055,,460286.1155283423
13115,2023,5,2,"13055,13295",212617.919710376,194564.56623588182
06051,2024,8,1,06109,730308.5665990114,400282.4415275351
51105,2025,6,3,"21013,21095,47067",108118.74664970487,120848.07015121642
05001,2023,4,1,05107,121656.2209023508,55318.85107386078
17125,2020,5,3,"17017,17129,17169",78205.01994592119,114528.82685830258
28043,2024,9,1,28135,123035.54075527845,116766.76917416183
05057,2024,1,1,05061,118635.02005945957,139768.3532821868
47115,2022,5,1,47051,224131.6337841511,285221.9656741889
16019,2020,4,2,"16065,16029",261124.31279732147,229541.3410130958
13069,2020,6,1,13017,132366.67316038054,80796.0158068103
08061,2021,3,1,08011,168458.76096880177,130557.6748229841
17059,2023,6,1,17069,80595.90553113549,108071.14575248925
49013,2022,7,1,49047,297320.04040608864,285452.4782655147
48445,2020,6,1,48165,161826.7722461998,193933.33565378876
37163,2022,5,1,37141,141603.81199943103,400840.2743825496
47047,2020,6,2,"47069,28009",267531.7954120755,120560.51838848216
21193,2022,8,1,21189,110019.14288582651,135609.37828358976
31169,2020,6,2,"31151,31095",99447.25749230932,111661.77004597714
48503,2024,8,2,"48429,48009",181161.2883349283,199313.7819157591
08023,2020,7,2,"08021,08003",163581.6444349333,180610.64825923272
28059,2024,12,1,28039,209317.5259703768,200162.4221300181
21083,2023,6,1,47079,146015.83861934967,191833.0064502079
08049,2020,7,2,"08019,08047",505598.5707407464,402266.6655004602
53015,2022,3,1,53059,396968.0889491641,523205.7820269327
13209,2022,8,1,13309,171054.6166150643,126110.83154558776
51089,2021,10,1,51690,119128.16562313164,76723.40760887151
18167,2021,7,1,18165,121085.62464842029,112016.810233789
46123,2022,6,1,31103,202939.03337365075,259932.56888468505
18037,2025,5,2,"18025,18123",246008.71442488456,174225.57349259147
56003,2021,6,1,56029,204133.6457512642,328777.5126293199
13311,2020,1,1,13281,180192.39060360883,243052.134797144
51191,2023,2,1,51520,214542.4939081756,157082.08139318693
29065,2022,7,1,29093,166259.18169081165,141301.8834312487
29199,2022,9,2,"29197,29103",141524.64989141494,157841.90756430558
45075,2024,4,1,45011,161257.88688174696,161589.24287294247
55093,2021,7,1,27163,299811.98631742335,390063.6420166392
48335,2024,5,1,48431,99099.77486533056,222103.1985637149
13269,2025,4,2,"13193,13197",148771.4025570507,144990.54479644797
28157,2025,6,1,22029,116033.32585961178,109096.69735329688
54085,2025,9,1,54073,117473.05134513704,162472.80806516312
48363,2022,5,1,48143,284285.5388431074,308119.6803760066
29217,2022,4,1,29185,125995.46320962104,184534.53511415256
37091,2021,7,1,37073,116209.88204803824,175745.9551943771
12079,2025,5,1,12067,206700.70561759276,244840.91770691375
27011,2025,5,1,27155,173806.5095821972,132972.31425792785
29113,2020,8,1,17013,209027.593032036,160618.43489537292
13189,2024,7,3,"13317,13163,13301",200991.10816094597,142646.93234871558
05147,2024,4,2,"05037,05123",94730.76770877944,115250.18642043066
48181,2024,6,2,"40013,40095",304808.89772992954,214496.59575873282
13303,2025,2,2,"13163,13125",147844.91814656017,166764.12649736076
48185,2020,8,1,48313,250471.1732461373,181269.31689174593
26009,2023,6,2,"26029,26079",320330.3898118513,285196.23861442984
19027,2020,10,2,"19165,19009",140636.80189341356,125719.39860228825
06019,2023,6,2,"06069,06053",382221.0358202089,792973.1878558083
19139,2025,5,1,19115,183336.22787393452,161075.7418627816
51001,2021,6,1,51131,205728.5707588204,228336.84384495983
35045,2021,8,1,08007,204830.78081213092,469785.1426972241
28073,2022,2,2,"28065,28091",223568.6087307557,129739.2895348707
17033,2022,5,1,17079,127783.9174450524,138271.50716700996
27079,2021,5,1,27161,277441.53987345006,192635.38058189105
20187,2025,8,1,08099,150123.11041149776,175212.29653035477
29099,2022,5,1,17133,251745.42668670075,270076.2172823842
46109,2023,6,2,"38081,27011",239416.8870073779,176508.36169466365
21175,2020,2,1,21063,89577.78353102172,94079.3819579952
48249,2024,5,1,48047,152392.43448012925,82427.86632509175
31089,2022,7,1,31103,168008.40292874663,261707.34612513136
51059,2020,8,2,"51600,51610",598612.6399283541,712750.9760281839
17091,2024,5,1,18111,197667.21226016615,205554.1298329516
48345,2023,9,1,48045,115252.7542294752,188517.37288963003
29161,2025,6,1,29073,222506.4246243119,229644.2587492022
31059,2020,3,2,"31151,31095",107873.55668865448,109226.22405629259
12069,2025,7,1,12105,369646.4265596702,302798.0446859141
17143,2023,4,1,17175,123038.67294167924,128110.55653922784
40127,2023,1,1,40005,141802.61253883792,181072.5688091987
40031,2022,10,1,40075,135781.440172732,78344.96470757267
55071,2022,7,1,26105,195573.65134725437,247660.15689404184
48187,2025,7,1,48493,301770.91044508625,397167.2427930481
30067,2020,7,1,56029,388734.7773351791,287536.4521314844
51191,2020,1,2,"47091,51520",155210.65150829058,133415.60534251743
06029,2023,1,1,06079,331670.0955951119,831281.5445145002
05005,2024,5,2,"05065,05137",220348.75646628227,181488.99297221424
49035,2020,7,1,49029,392118.3483820956,490862.1596218107
42081,2023,8,1,42093,209221.26589923332,253150.54952162024
13313,2024,7,1,13047,238703.1165406654,288630.9641564758
18153,2022,7,1,18021,136797.46384184936,154415.05813991933
17199,2021,7,2,"17181,17165",127632.32944126918,107878.56291752087
29071,2021,5,1,29073,207897.80921603055,170993.81285081894
46023,2020,8,1,31107,167793.3162461808,144904.80670893996
21071,2021,9,1,21115,105634.5466031613,119283.96954423693
30051,2021,7,1,30073,168277.0680710006,176115.24686859408
06017,2020,4,1,32005,504475.4575861363,508939.55064102105
48505,2020,5,1,48247,153925.50703484818,114979.61227036228
56005,2022,6,1,56009,292712.3643149488,267071.7520216556
47161,2022,5,2,"47083,47005",228600.18174660308,179352.7941276842
05147,2021,3,1,05123,82623.96269333399,87022.31228905183
28043,2021,6,1,28135,119347.55828661357,143926.18596402413
48147,2025,9,1,48231,281448.8082128079,276316.33843137976
19103,2023,10,1,19115,283729.67478362034,149431.7156046921
48005,2024,1,2,"48225,48455",195234.6590267464,200617.45289886824
26107,2022,8,2,"26085,26133",203996.45814170144,153889.41672098698
29171,2020,5,2,"29129,29211",128191.437374346,103632.8300108329
56035,2022,8,1,56023,369525.0577272509,445557.53625061415
29223,2021,5,1,29179,123812.76441302046,142925.14066502068
47157,2024,8,1,05035,223106.77974688003,157180.04977306002
31167,2023,8,1,31139,230916.66309425328,226391.8530195109
27043,2023,8,3,"19189,27161,27013",137224.58001642564,213068.2026531968
51810,2021,6,1,51131,342066.8912691606,228336.84384495983
22111,2021,3,1,22027,140454.01356644506,205985.77966726865
18179,2023,4,1,18009,203609.32720063088,114349.68557683338
48049,2024,3,2,"48133,48333",181110.41229713435,247102.15308863233
12083,2025,6,1,12075,278727.6223468846,292737.7443719914
37139,2023,6,1,37177,234776.62406379133,168712.30640109535
29161,2022,5,1,29073,197049.34653958,205640.31145146143
05049,2024,8,1,05065,181908.79569143575,171779.99640729965
54059,2025,9,2,"21159,21195",79226.44313800137,114562.50397717848
18027,2021,7,1,18101,178604.43318188982,144836.8639916347
37013,2025,6,1,37187,228623.3949090268,108387.51689008858
17133,2023,3,1,29186,265562.9483807339,209704.6582556209
30003,2022,7,1,30103,200486.83883742115,223906.47507673255
19083,2020,6,1,19079,101826.98568295653,106790.68801748689
12071,2025,7,1,12015,355128.8310123437,317263.58011150785
55061,2025,7,2,"26101,26019",290322.565181131,308800.3042029559
01061,2022,4,1,01039,158472.28242797658,150673.85654835007
06019,2020,3,3,"06069,06031,06051",282149.5321110993,457034.1668239802
16067,2022,5,1,16053,297325.5687241854,378124.6891694097
29095,2020,9,1,29177,168384.80635397497,167722.42332252976
47107,2021,6,1,47105,189774.86602131615,322834.6834149103
19075,2024,6,1,19069,196005.2521150216,141861.9179876591
20143,2024,5,1,20123,156493.46225420202,128202.28497795462
46115,2022,4,1,46005,142982.22704369912,178772.05399166513
28081,2023,8,1,28117,182968.7088216575,142933.48190975547
55057,2023,7,1,55141,211535.64140901653,184525.94528513085
19039,2022,9,1,19185,169382.28028400743,125391.3040057526
17177,2025,8,1,17085,142085.33757772043,235390.97866723637
40039,2023,10,2,"40043,40129",156727.24191064658,152003.67143364184
39055,2024,4,2,"39085,39007",340021.990174402,189637.29204548904
47157,2021,7,1,05035,190915.73155086616,143439.41003612688
20007,2022,5,1,40003,77205.6724510347,127252.86837425453
26003,2024,10,1,26083,190944.30723736677,183870.83233164495
49023,2021,8,1,49039,382575.9945643589,296721.3113041705
39025,2021,7,1,21023,258463.6186083504,159006.4602363461
05063,2021,5,1,05065,146311.27211609134,138659.42970080764
13181,2021,3,1,13317,187684.96020354985,115065.79236610916
48035,2024,3,2,"48099,48425",236130.5610953199,311456.30380283704
29131,2023,9,1,29135,245974.25142154307,204446.37800571808
20051,2024,7,1,20141,218157.7842533073,82901.55220605498
13125,2021,6,2,"13141,13301",174815.97635210826,143590.07665000815
26131,2024,6,4,"55003,27031,26071,26083",126938.88939091116,222631.6412307913
39025,2024,8,1,21023,308527.7947230554,187267.94082114735
35041,2020,8,1,48017,139561.95232140992,116739.8244551057
38085,2023,6,1,38029,,121669.94834862724
28047,2021,7,1,28045,186464.0141094617,204303.9822182235
48399,2020,5,1,48095,121186.30017634363,169269.21057226165
21137,2025,5,2,"21203,21199",181689.26127674113,172236.40473093942
41005,2020,9,1,41027,469822.4706515486,503917.88962999376
23003,2020,6,1,23029,101954.99393350894,121527.60749257162
48127,2024,2,1,48323,140447.609829889,210884.25000507577
24025,2025,6,1,24029,413598.5811179165,374943.2577257298
13069,2025,4,1,13271,188813.1007060256,108756.13589129118
12071,2022,6,2,"12043,12051",403529.8767005229,243884.92780208663
19137,2023,6,2,"19129,19145",126360.20272855244,192752.40244595354
16019,2020,8,2,"16065,16029",270547.9543992823,238047.2640590981
39099,2024,4,1,39151,149170.11271925713,189746.38191151177
08061,2021,7,1,08011,174673.59986067403,144886.12221254598
06045,2023,1,1,06097,553773.7090119957,788185.2879166378
37163,2022,9,1,37141,144935.80290911745,413219.15231107495
40153,2023,7,2,"40043,40093",133092.30486308874,141690.77941039333
17065,2025,8,2,"17059,17081",110631.88223828176,100806.67871512074
22029,2021,7,2,"22125,22077",122946.80164819832,232153.09768718178
39155,2024,5,1,39007,144569.3788818755,157353.13789002004
27119,2021,6,1,27029,193480.54053875068,172325.39609294312
48479,2022,3,1,48247,201951.45294189244,110546.66691720315
31169,2020,10,2,"31151,31095",104703.33617911467,117589.56250500715
47113,2023,8,3,"47023,47033,47075",225144.20149913817,165496.28118016478
01111,2022,6,1,13149,206069.4067267948,238083.7289141229
37021,2021,3,2,"37199,37087",352802.03654078936,250184.8467304816
42081,2025,4,1,42093,220713.65365796068,264611.54964253394
18141,2024,7,1,18149,208802.77511284803,200213.6135815376
12015,2023,6,2,"12027,12055",376423.4244958541,245726.41806388984
01077,2024,6,1,47071,222573.8961835665,199008.9674589104
31065,2024,4,1,31073,153044.72467080803,290777.76967572275
49057,2020,7,3,"49029,49033,49005",303247.86037088063,365942.7926277187
47003,2022,12,1,47127,300675.6217625157,301475.93002405314
55007,2020,8,1,27075,194535.1248872901,173542.43029011262
48335,2024,9,1,48431,96891.78477986564,219934.70846043745
27119,2024,7,3,"27087,27029,27125",222607.21397128247,188144.88197749152
06029,2021,12,1,06079,306023.99785109825,768223.6651525671
18017,2024,5,1,18181,157652.1514493051,200792.8131373037
05043,2024,5,1,05011,153853.16262589212,126832.17843511143
01005,2023,8,1,13259,157676.58142470708,88459.46363069995
31177,2024,7,1,31053,368259.5406108501,221695.95832987232
01041,2022,7,1,01039,132410.9377124414,153780.805227711
34023,2024,7,1,36085,532520.6215510643,667173.3964592469
06017,2023,9,1,06005,655112.3696116704,433611.3334815718
20071,2025,4,2,"08099,08061",169312.61316141774,191674.005621807
08101,2020,6,1,08025,207178.2700624349,126350.3041839276
55009,2023,4,5,"55083,55071,55015,55061,55029",286850.07297048805,276094.1392605901
26079,2021,7,3,"26137,26113,26039",188534.3308262364,174838.04678526483
19129,2024,8,1,19145,258860.0637606813,138797.5962959242
21053,2020,3,1,21207,100906.66722376535,91202.99273165692
55061,2022,4,1,26019,243127.5667760597,337715.1284131631
47005,2024,4,1,47135,175120.2518074934,172262.49202466026
05021,2021,7,1,29069,96005.1777258308,105059.45450166166
47059,2023,1,1,47171,208634.1933632301,201940.33928897532
21073,2025,6,2,"21103,21239",242493.2142362864,299426.376389532
35023,2023,9,1,35029,,146110.1438805945
51035,2024,5,1,51063,194601.8642924009,251867.2727697924
49037,2025,7,3,"08085,08083,49019",349256.1738691363,476381.5752143368
48029,2022,3,1,48013,264145.5959958296,259003.63330573577
35045,2021,12,1,08007,212794.4028775657,496045.8579697699
22009,2021,4,2,"22125,22077",160370.31571463047,229159.7713876528
45067,2022,1,2,"45043,45089",128711.54428922397,222736.64685638563
51115,2021,8,1,51131,297493.5594747413,232582.9589997333
22109,2022,6,3,"22101,22007,22057",194384.3721929891,167186.0186369225
05009,2024,4,1,05101,216567.72211443892,226070.48685313517
21175,2020,6,1,21063,94177.593528012,96751.17334961594
40129,2022,6,1,40043,183419.2994431445,135311.6902762334
17061,2024,4,1,17013,101439.71401058842,193234.30798264916
20077,2024,7,2,"40053,40003",89105.57495379464,118688.11919603616
51059,2020,12,2,"51600,51610",628582.0778616759,748899.3021148907
48029,2025,4,1,48493,262160.4741445994,395602.280400157
38047,2024,5,2,"38045,38093",,180953.67604422412
29085,2022,5,1,29185,171431.62922071238,187990.29837204015
20201,2024,5,1,31095,140030.11206823014,129837.35520288588
22045,2020,10,1,22047,173976.90833049093,153206.42635691978
22003,2020,12,1,22039,122684.76111241896,121561.9016884652
51005,2023,7,1,51045,155896.40449378145,204325.02103984135
13189,2023,3,3,"13317,13163,13301",181102.98563016663,129679.50400144624
19161,2021,6,3,"19021,19093,19035",119741.64085864362,129086.27565361967
37039,2025,5,1,37113,268947.769641243,354883.58163524326
05005,2024,9,2,"05065,05137",221847.52084280815,185582.1364963323
22105,2025,5,2,"22091,22095",220828.9886568553,187129.42332637188
13059,2023,5,4,"13221,13157,13013,13195",297730.5864611883,313470.17753494217
29071,2021,9,1,29073,213062.79703371308,179712.79241003786
33009,2021,6,1,50009,290329.4133528809,190594.99721916096
16025,2025,7,1,16047,376109.04457448766,346637.1758731152
55029,2021,8,1,26089,314037.2967865214,504556.7265757101
48143,2023,6,1,48193,324383.412709766,251998.51239536036
29177,2021,9,1,29107,199590.3016757639,179173.48855841244
08079,2020,6,3,"08109,08105,08053",280932.5222595095,234586.26335292388
26103,2020,7,1,26083,152660.6429733005,131753.96095394544
28005,2020,4,1,22037,138288.45392170997,210627.4331505839
55127,2024,8,1,55101,380524.1513784379,282438.6676019291
05133,2025,7,1,05113,161255.31072449966,182779.88778519657
13303,2022,5,1,13125,154867.71364141352,188743.064822456
35023,2020,8,1,35017,,163802.972130739
19139,2022,8,1,19115,173674.12296705614,146032.66789034635
12057,2025,6,2,"12049,12105",384780.18213294,267846.5863684638
48197,2025,7,1,40057,76160.29748664697,76699.64888368572
47113,2020,5,1,47069,155171.56352675648,103258.49236269546
06033,2023,1,2,"06097,06055",334065.78641664033,840460.5594684761
19077,2020,5,1,19009,183237.9030652214,102552.85563561828
29177,2024,10,2,"29033,29107",239722.5622223106,190068.49754976277
17185,2023,6,1,17159,128570.2853876307,123784.05770882436
19051,2021,7,1,29197,165502.78555700925,142976.0598322758
16013,2022,9,2,"16037,16025",928514.7540236856,372173.43198928825
48333,2023,5,1,48193,363110.88927708945,249938.71249100528
35025,2023,8,2,"35041,35005",195944.80202718172,156972.48453392566
48491,2021,5,1,48287,,303842.06440874696
37019,2025,7,1,37141,402527.5244648903,438547.9611749267
41039,2025,2,1,41019,454143.35975086567,340522.22885353095
13271,2020,3,1,13017,82272.13249666592,78808.00046883363
31031,2025,4,1,31171,237433.25850893895,196841.84572094705
35039,2020,5,1,08021,238204.31420298177,152032.39260419365
29023,2021,4,1,29069,123955.74304829212,100994.9664770591
48469,2020,8,1,48285,169329.33968240154,231278.8235200157
39149,2024,9,1,39021,208816.6627411874,226920.58410277357
13141,2025,2,2,"13125,13301",206738.9227747106,158747.47282435145
38067,2023,4,1,38019,128320.38707330448,140826.01245644235
21109,2022,8,1,21189,138734.9063814004,135609.37828358976
29175,2021,6,1,29089,130554.49921825924,164863.3259998347
26129,2024,7,2,"26001,26143",157709.19312685073,174719.68124996312
48157,2022,8,1,48015,388593.0340215201,434644.85680177505
06093,2023,6,4,"06049,06015,41029,41033",295807.54949777614,337787.71717291675
06115,2023,1,1,06091,411534.0489827573,320106.53319061326
08017,2025,4,1,08061,201776.2535123059,203152.0317089952
30085,2023,7,1,30091,137432.86154243056,177613.93107078515
08081,2023,4,2,"49047,08103",270173.15070757124,297772.19399750605
18107,2025,4,1,18023,212621.9438525245,212410.4305185832
12081,2022,8,1,12027,480504.5436333741,268299.57879135606
56043,2023,9,1,56017,227686.497490164,214197.42635663445
21197,2021,6,1,21173,122736.8356623768,168849.34307768193
48281,2023,3,1,48193,301754.0877333254,249581.36519787964
35017,2021,9,1,04011,190979.0889182474,219272.73430437513
30005,2023,7,1,30015,188302.28278078613,248183.13221115756
16067,2022,9,1,16053,300841.55765318783,379125.8763670635
51683,2023,8,1,51685,453382.4405264217,420364.7650793901
46115,2022,8,1,46005,148883.8466446095,182331.9690859887
48173,2021,3,1,48461,,138177.66996823295
01101,2021,3,1,01085,127721.82156034496,130367.73759960284
37095,2025,3,1,37187,216471.01048398856,110380.39321903238
41025,2023,8,1,41037,200597.18523836392,187023.86553856952
19081,2024,9,1,19069,167932.8873687949,141094.64637929478
55043,2025,8,1,17085,208972.39555050016,235390.97866723637
38077,2025,8,1,27155,215812.80000700543,133272.73018834932
06089,2025,2,1,06093,375770.5459371263,288395.6261129227
17057,2020,6,1,17169,83103.38393812405,111721.75010589253
54107,2024,8,1,54073,166120.38135890392,159089.81679513716
31141,2025,7,4,"31167,31125,31143,31121",270113.501497899,209546.0378804536
46121,2022,8,1,31103,,260660.94512695272
53009,2024,4,2,"53055,53031",474504.4166353164,726897.6121216994
06085,2024,4,1,06047,1599447.8810576375,419600.0199147978
53027,2025,2,3,"53049,53041,53067",321712.9919463202,425333.47149107215
28121,2025,7,1,28129,258593.0324355699,164386.5774409284
19193,2020,6,1,19133,145495.91784674753,109796.73903248284
39089,2021,6,1,39083,252710.3823687795,207582.0622469833
05145,2025,8,1,05067,196573.0014697905,96185.74965787472
21137,2025,9,2,"21203,21199",183275.53588657093,166861.42030295532
30031,2023,5,1,56039,660778.8432719903,2000289.2443967965
56007,2021,6,1,08107,171967.48853293926,780123.238983868
48463,2025,5,2,"48163,48507",202252.81401943637,122088.5381741653
38015,2023,6,2,"38083,38029",323011.12975070806,149156.83620590976
49043,2022,6,3,"49029,56041,49033",1379811.2349435322,518434.0447767757
17027,2024,4,1,17005,189561.95039978475,147685.91396602342
17167,2020,4,2,"17017,17129",139220.02378425215,115125.51069491927
12071,2022,10,1,12051,410522.2739056712,259948.3143217996
51073,2023,6,3,"51119,51199,51095",330714.0822975584,401123.63553514314
48133,2022,5,2,"48093,48143",166764.61119883068,257691.79461126067
29027,2025,7,1,29151,253647.92001633512,253244.4999912267
13243,2024,8,2,"13307,13061",99685.46015046304,173694.98202703614
56031,2022,6,1,56009,244916.636657047,267071.7520216556
29187,2024,4,1,29157,181019.8681041509,202704.02138016687
06049,2025,3,1,06093,186363.8232869578,287624.4987831281
55011,2023,5,1,55035,213538.23727085115,284826.2101366079
51161,2023,7,1,51045,300853.0488020488,204325.02103984135
20039,2025,6,1,31065,105076.28606612356,139005.98679885862
13061,2022,5,1,13037,165884.79188443208,108159.22744330391
19181,2025,6,1,19117,312355.144679835,170932.70827398793
05139,2021,4,1,22027,128146.4995686562,196783.438898804
20003,2024,6,1,20107,175349.27585670655,151447.89762949865
17013,2021,6,1,17083,179765.95823417613,165533.48246755637
12049,2022,11,1,12027,209538.5091613759,267599.7000456264
35043,2024,7,2,"35031,35006",366123.9765963157,180206.68991761532
47029,2021,8,1,37087,192471.96881015983,285819.81114249304
46059,2021,7,1,46005,217581.73090922087,162113.59136620452
48305,2022,5,1,48115,217140.6446214294,118939.1148952651
35015,2024,11,1,48109,243518.9442101726,138032.35340935085
39157,2023,6,2,"39075,39151",176751.71224946587,249069.88768620545
13095,2022,6,1,13037,115295.1332737398,108146.08022836932
48017,2025,4,1,35009,151747.2887497337,162546.1512523206
01117,2023,8,1,01007,349834.0258666859,220683.5234186035
13015,2021,5,1,13227,243313.95589955492,292497.40753096103
20131,2023,5,1,31147,196547.33105900144,115677.02606930152
08067,2022,6,1,08111,617221.1497524505,486295.6169372045
01005,2023,12,1,13259,149478.39256555654,94453.1873364091
20071,2025,8,2,"08099,08061",158336.5634843012,184123.1476954853
13287,2024,1,1,13315,138819.64463653628,133007.67704414533
22049,2022,3,1,22021,133684.07097973963,138100.3875890957
39137,2023,4,1,39173,203016.4805182005,215421.43081420343
13095,2025,7,1,13037,124772.47961698454,94645.72070290458
31051,2025,6,2,"31179,31173",178736.7920127659,190323.5786696354
47153,2023,8,1,47061,264510.21789774165,188898.5907596239
47019,2020,4,2,"47091,37121",150860.11570014458,158087.24782006722
13241,2024,12,1,13281,393230.67118389695,393497.18110660143
29137,2020,6,1,29205,138061.76076712433,105221.75274586258
41017,2020,6,2,"41037,41025",456104.2656048876,124551.21925112142
48499,2024,4,1,48379,265780.5641965294,287314.4521604882
26039,2024,6,2,"26143,26119",163049.4015041515,173274.14360247442
01067,2024,5,1,13061,185222.7940696203,169111.16935560512
40129,2022,10,1,40043,184783.30006294764,132488.8854451736
21199,2020,6,1,21207,140594.99919565042,93238.05347945228
40079,2025,6,1,05113,163597.73690892715,182315.6568940809
42039,2024,5,1,39007,140031.6383715271,157353.13789002004
31117,2022,9,1,31091,297355.17363457434,124637.02896358696
48029,2025,8,1,48493,258710.7323294741,397444.271475748
55031,2020,8,1,27075,162813.35428214504,173542.43029011262
48077,2021,4,1,40033,175316.1357731019,87251.03988396109
39007,2021,9,2,"39085,39055",132245.2885799179,239768.6249451619
51051,2022,7,1,51167,97417.22629097814,131231.49220243032
42081,2022,7,1,42093,201674.66514821164,246747.9302344947
54077,2023,7,1,54093,121048.61757074088,204597.7475292514
06041,2020,8,1,06095,1144393.7891653562,470799.88833791297
29163,2022,5,1,17013,183627.78547035143,182671.28605271663
26153,2020,8,3,"26089,26097,26095",126001.58881736903,214739.87715911402
48313,2022,4,2,"48185,48471",256421.23088465177,303165.6462051715
26143,2022,10,3,"26135,26039,26079",164818.62443414875,163507.46392930826
05063,2020,1,2,"05137,05023",133475.95387606326,148462.09386148994
54019,2023,9,1,54089,127804.53866065788,132514.45204550243
26081,2025,6,1,26117,337186.7559372369,216099.2136107801
39159,2024,12,1,39101,397909.7793351705,166132.55943857328
54087,2023,2,1,54105,122936.71119009366,110421.19770311555
28091,2021,3,2,"28109,28147",122650.81713849974,146912.03939760785
16045,2021,6,3,"16075,16015,16003",421423.8522865369,388798.86494975653
08097,2021,12,1,08065,1993348.3735503927,430322.06966575515
48331,2024,6,2,"48145,48395",273816.0211858793,210585.1354531492
54047,2023,9,2,"54109,54059",51975.500017005426,77857.83812603581
29155,2025,5,1,29143,87514.20059547061,96816.04834540786
13205,2024,8,1,13087,152889.86209736575,178570.2885420822
39065,2025,4,2,"39101,39063",171952.71419436924,199607.99236522737
48073,2024,2,1,48225,239166.8849564808,219164.35383588655
28085,2024,2,3,"28063,28077,28005",164119.42473369944,134939.50498764045
37189,2024,4,1,37011,499220.80784324574,392376.471446039
01105,2023,6,1,01007,148275.09272848492,221918.279897282
51730,2024,7,1,51570,193220.93048493707,276447.2413559643
12115,2022,3,1,12027,428818.44460417907,240880.28380850187
16045,2024,7,1,16087,460188.6884554688,368728.00406513625
46109,2025,7,1,27155,208720.9103699152,132735.3086540122
08045,2021,8,1,08107,518820.5448638396,815941.2160045294
55099,2024,8,1,55003,172991.2208674576,194016.16426747604
28095,2022,2,1,28057,152230.58180575195,153506.09431702146
31031,2025,8,1,31171,233066.96061962945,191878.21920956788
45013,2024,9,1,45049,542751.1387324305,172834.72098573833
48303,2024,7,1,48153,214618.94952360576,95699.65667442724
06047,2023,2,2,"06069,06085",400866.005611371,1126702.0873587993
18083,2021,10,1,18055,116507.380710357,145583.12650395546
19087,2023,5,1,19115,173643.9361838212,146464.1065465059
55003,2023,6,1,55051,195125.5894966337,200349.48678168995
42127,2025,5,1,42089,292568.4868110147,308104.9415723442
06087,2020,4,1,06069,837033.2916915651,629598.7469702339
29083,2022,7,1,29185,204378.29494708672,193123.77773026912
28147,2022,6,2,"28077,28091",169235.0551748519,142650.6682415296
17157,2025,4,1,29157,139681.38472240933,213140.46168005944
29035,2025,9,1,29223,158015.23199159617,127835.5016082516
37111,2024,5,1,37011,265466.41590723157,395219.34840723267
06009,2020,11,1,06005,359499.4391915039,365512.8699655488
21135,2025,9,2,"21205,21069",121070.11408314802,179480.42585790984
23001,2024,3,1,23023,311731.6840829612,410447.3969706103
22103,2025,6,1,22095,282720.68867904745,200839.09300853973
17079,2024,5,1,17033,144193.32907908762,125892.45452054408
39095,2024,5,2,"39173,39123",157664.6950246216,244030.55747447506
22105,2022,8,1,22091,243910.3705071454,201431.56789757963
51001,2023,12,1,51119,234956.6983401877,357912.78620099294
48389,2023,6,1,48243,216657.23993122543,252066.42572919975
48015,2020,1,1,48481,314603.7978788012,206795.98204226073
26051,2023,6,4,"26129,26143,26111,26017",157779.8398512012,169226.24892047892
26103,2022,4,1,26083,196459.05502887676,156206.87541772288
19095,2025,8,2,"19107,19183",218168.50984243196,176042.6717409896
17073,2023,8,1,17175,140610.74242291535,133563.70912233475
29079,2020,5,3,"29117,29129,29211",82549.70511601023,109078.68599725743
21143,2024,12,3,"21139,21033,21055",189108.6935352469,144214.44724006442
17161,2023,5,1,19115,136441.0946167433,146464.1065465059
37095,2025,7,1,37187,219308.40718351715,108015.1876093758
20011,2025,5,1,20133,127936.76567340102,103946.12498064309
01065,2023,5,1,01007,176024.9375246894,221110.1129595851
19151,2022,8,3,"19041,19021,19025",97492.2726745761,157405.1030443222
26075,2023,7,3,"26161,26093,26059",198305.4086736718,307592.214163511
34005,2025,8,1,34021,410607.7580955429,439120.4457290037
19173,2020,6,2,"19137,19145",87658.49321858054,103587.47507566072
31031,2022,7,2,"31091,31103",194908.18385679196,192219.1151084883
47165,2024,7,2,"47169,21213",438139.74991762,296700.9968993779
19109,2023,3,1,19189,147648.53548296893,138708.27954685522
05077,2021,3,2,"05123,05035",116239.1185165861,114093.55719051458
13137,2021,4,1,13281,221184.44973200036,294901.0501638788
18053,2020,3,1,18009,95419.95860029018,80007.77773470474
13103,2021,7,1,13031,243866.99867215272,189490.0921994866
08059,2020,6,3,"08019,08119,08047",483737.3156036643,383033.62558425666
21183,2025,7,1,21149,154567.26756194557,174276.23438861626
48165,2022,8,1,48115,223766.35958156208,116985.23895978316
38059,2024,8,2,"38089,38065",289182.08840716444,249567.78520501178
29123,2025,4,2,"29157,29017",163473.26043474415,202073.84961061185
31135,2025,6,1,08115,226736.37108716177,167415.76796570953
22103,2022,5,1,28045,294812.7700022194,234029.2238174611
48463,2025,9,2,"48163,48507",201493.2980652808,122422.64964837497
12091,2022,6,1,01039,367004.8782739534,153013.68531595383
20195,2025,8,1,20163,142599.83256244657,117511.4575537098
42085,2021,8,1,39099,155265.61741124507,120456.48175602406
21221,2024,9,1,21033,171400.6356429968,151864.20657617817
08043,2022,8,1,08093,329812.4622044132,539625.9331286218
48149,2021,6,1,48287,396425.6015904813,309700.09507059795
13133,2025,7,3,"13219,13221,13237",610475.0396600036,416561.87753600365
01073,2023,6,1,01007,217380.64446739713,221918.279897282
16055,2020,6,2,"16009,16079",375330.0852675585,196927.39545602995
16031,2022,7,2,"16053,16083",314218.9278932563,381536.00798362144
41063,2020,5,1,53023,279688.87427709176,139244.45247861536
17143,2025,8,1,17123,148986.64425358127,127374.94788393284
04017,2023,8,1,49037,384611.9562415744,338748.08231067745
48171,2022,7,1,48267,558440.2486797754,355691.38110720314
51059,2024,7,1,51600,762022.6927955005,749688.2611226159
31041,2025,6,4,"31163,31175,31047,31019",161039.29067954075,214380.4135826676
01013,2024,5,1,01085,123885.65775576443,143857.27626060016
45009,2024,4,2,"45005,45011",142598.24835145942,120036.64400964012
06029,2025,5,1,06031,363973.8075587431,355959.671705972
13269,2024,7,3,"13193,13225,13293",155034.55917423934,172789.17822740294
48339,2022,1,1,48185,319265.1330241472,322188.16641879734
13105,2023,1,3,"13221,13195,13317",148195.7294984739,230119.63738872917
19193,2025,9,2,"19047,31173",199458.3853632959,158900.57662333504
46121,2024,5,1,31103,,273076.7362610777
23005,2025,7,2,"23023,23001",548818.873812498,371857.3034841481
05147,2022,1,2,"05037,05123",98775.03219450115,112427.17729955316
18137,2021,5,1,18115,207294.8470938761,205713.9118122764
27147,2021,5,2,"27161,27047",223117.57596772947,168478.95179043297
28039,2023,4,2,"28041,28111",181046.25955408803,139479.00147213347
13287,2024,5,1,13315,145782.83490848835,136490.46042981613
38045,2023,7,1,38003,178253.83949156143,176520.9183733064
30007,2020,8,1,30043,299415.8641948908,298023.21830372576
51195,2021,6,1,51720,103894.68347931372,99112.5404341432
33017,2023,8,1,33013,434733.0453372354,421942.62926473655
12097,2025,8,2,"12105,12093",368750.17623663583,293828.3844361774
48205,2023,8,2,"35059,35037",231168.80989230055,116107.16137897456
41031,2025,7,3,"41065,41069,41013",422090.5843640661,383250.94674106414
41035,2025,6,3,"41019,41037,06093",304028.0177641055,273407.5131334465
55115,2020,9,1,55078,155685.44034066072,193312.4617206078
26007,2024,7,3,"26001,26119,26141",171549.73233972423,175697.79188253402
54025,2023,7,1,54089,178213.25244450368,133232.46325901835
48055,2022,7,2,"48177,48149",344613.409822189,386341.93620756536
28033,2024,4,2,"28143,05035",296559.30991443415,154127.67015888466
51153,2020,1,1,51685,410168.5738134095,319895.31352783693
47073,2025,9,1,47067,237961.1350379686,164992.51034113578
47065,2024,7,1,13047,351653.9895480801,288630.9641564758
13057,2023,4,2,"13121,13067",446382.1645803658,422078.38251278247
20157,2020,7,1,31095,87972.04207985457,91186.68288750044
12049,2021,7,2,"12027,12055",169597.3750361694,187879.3095538146
47135,2022,3,2,"47039,47005",172866.92892743397,165031.86690552626
31003,2025,8,1,31183,206209.27363899152,239879.8726651422
50007,2021,9,1,50015,423098.07861346,450718.3448207747
48371,2020,3,1,48243,163720.36850662317,206212.25187449995
48135,2024,7,1,48475,233619.87945748985,199388.4313943503
30001,2020,8,3,"30093,30023,16059",246981.06382131405,173705.0024253763
17145,2025,8,1,17081,102293.7920104181,124010.01652172412
38103,2023,6,2,"38027,38083",190852.28884778565,151492.5704689033
47049,2024,6,1,47137,237549.1747142483,218638.90474870367
31061,2021,3,1,31099,104157.75097239534,181676.96343416907
21015,2025,4,1,21081,337365.283491509,277583.11456986517
26085,2023,6,2,"26105,26101",138187.50071960103,236717.7537897888
05139,2023,1,1,22067,126895.10227055078,111457.67547537776
29201,2024,3,1,17003,152417.6872647666,68300.87174367272
08073,2025,7,2,"08061,08025",252144.67953130463,180806.67595162027
56001,2022,7,2,"56009,56007",330407.082904722,227336.94100310883
22057,2021,3,2,"22093,22007",223044.8844177832,175546.38090324754
29129,2025,6,1,19185,136890.00276309115,129686.15353793435
55029,2020,7,2,"26089,26019",262886.9924702299,320376.4649158425
46017,2022,7,2,"46073,46015",,235432.25316316297
39041,2025,5,3,"39101,39117,39083",509454.3807015521,232432.5122220906
13135,2022,6,3,"13247,13157,13013",411628.2387425114,339729.1939561336
39035,2024,5,2,"39103,39085",197072.6199647929,270257.6206933561
28161,2025,5,1,28043,151297.19209959757,128630.21684203851
26071,2023,4,3,"55041,55037,55125",112282.80333465688,239962.19707648168
20191,2023,6,1,40053,131228.31217670135,120241.93257302314
30031,2020,6,2,"56029,30043",471003.17902625166,290960.4503998584
38053,2024,5,1,30109,322853.6790774587,198787.91380894443
51131,2024,7,1,51735,287595.3596531944,443338.1906605699
13223,2024,7,1,13143,351275.87463172973,270459.0054784463
05075,2025,6,1,05067,126636.96386682671,95966.0906992684
40113,2021,6,1,40103,175981.41113406056,118609.42494897312
05145,2024,4,1,05063,187468.2780750906,160788.05184981113
31113,2021,7,1,31117,,261819.68249419317
20085,2024,3,1,20005,219240.07213354213,155205.78701386775
48241,2021,6,1,48199,188255.71793392827,210986.6864020666
28085,2024,6,2,"28063,28077",167907.58134274313,133394.40703553022
37161,2021,10,1,37021,183617.7185105017,384463.7773295622
16051,2021,8,1,16065,400575.2403837773,347528.94477674126
01081,2024,7,1,01017,324002.29750422813,140522.30146862674
35013,2020,5,1,48141,187433.96460460837,148236.93930807352
13033,2024,6,3,"45005,13163,45011",174502.0451780865,126014.74271302538
19047,2024,7,1,19093,162261.62540412912,134063.58388484223
46129,2023,6,1,46045,129941.85008213426,221475.5009235
16045,2024,11,1,16087,462472.86198232626,371544.4626438865
45051,2022,6,2,"45043,45033",317785.44767573505,239530.20833466988
18155,2021,2,1,18115,159963.0113960414,195402.65060814205
30111,2022,9,1,30103,361385.4596488788,219523.43690958005
17069,2025,8,4,"17059,21139,21225,17151",95599.76081776248,125749.92483504454
05067,2023,7,1,05111,99973.61797257692,133423.41754623892
47145,2021,8,1,47105,224187.3104002783,335250.88556971395
37017,2025,2,1,37141,159964.1803451515,438991.0730439259
32007,2022,6,1,16083,339883.04739313107,377389.7368199872
29175,2020,5,1,29041,111451.84431347506,238553.2273248351
48107,2024,6,1,48153,81382.02587231384,95610.96787288494
29185,2024,4,1,29083,195387.09218891684,201442.45904920975
51700,2022,3,1,51740,238359.9782283551,222188.36197038591
48451,2022,5,1,48081,216775.21564041637,173309.49115794618
29107,2020,7,2,"29033,29177",145800.4730966014,134607.92833528348
26041,2023,7,1,55029,161734.69611152215,380060.5962947386
17149,2025,4,1,17009,103762.02609806698,140396.7644092122
05093,2022,5,1,47097,106866.39612731844,129486.37962946692
01119,2023,5,4,"28103,28075,28069,01023",122354.58463635498,131030.97309013826
45041,2020,5,1,45089,136815.32398064496,102564.82040192145
13037,2024,12,1,13061,104450.29281637393,166361.77161346682
27139,2021,12,1,27019,404742.45761531265,446278.0876368692
40015,2022,4,1,40075,103054.7309374932,77951.57856089975
12107,2025,5,1,12007,213069.99470239328,243930.1058117612
06035,2023,9,1,06049,234446.8116675367,181167.94554778855
01127,2025,4,1,01043,132542.91517647277,244896.99733644645
23001,2024,7,1,23023,317020.0961930608,418693.8340294233
47187,2024,3,2,"47081,47117",876347.9202342668,242362.73188449856
29129,2022,5,1,19185,126947.55498918162,121112.281299681
13153,2020,1,1,13093,159381.3720095385,87850.64466795884
13273,2021,3,1,13037,85696.54196045244,100516.23802936346
18041,2022,5,1,18065,123951.95995423612,157293.1225690179
22059,2023,6,1,22025,162179.9308020646,118100.16960174318
28003,2020,7,1,47069,135281.2449839358,103089.80265201232
30081,2025,8,1,30023,587107.7739567681,278217.5596770461
37147,2020,11,1,37079,160229.3298973687,136838.798099744
40151,2020,8,1,20033,96907.31518095394,70855.45363991373
27127,2022,8,3,"27101,27083,27033",158459.1712294275,180109.6575687093
17011,2023,7,1,17175,122888.8372128248,132643.2287820735
20029,2025,7,2,"20089,20123",111219.42005064484,121913.71949476594
47075,2025,7,1,47069,169290.76275299434,151120.23171298244
48243,2024,9,2,"48377,48109",241240.93581366577,179929.30415400496
26103,2022,8,1,26083,204201.29448645128,161865.8576920744
16083,2021,6,2,"16053,16047",304484.3411569994,298543.6159908128
22107,2022,7,2,"28063,22025",308501.7594903102,150011.00641293332
21041,2023,7,1,21223,173617.9255238203,202839.7738622908
54101,2024,6,1,54067,91258.20308493912,141898.81361892336
13081,2024,8,1,13315,140299.11789264562,139171.57672287725
08119,2022,7,1,08093,491988.2261668369,543428.7416142247
28081,2024,6,2,"28117,28017",184202.0099877831,138453.6138104235
27083,2024,7,2,"27173,27127",194993.0858747549,157118.55862350698
28085,2021,5,2,"28147,28005",163331.47292336565,149707.165009157
47133,2021,2,1,47137,179097.25076823356,172611.62794687806
20029,2022,4,1,20123,92791.5462994229,118159.19313875416
26137,2020,7,1,26009,157462.78928218922,209632.0667056577
48035,2023,6,1,48193,240122.09598759832,251998.51239536036
19037,2020,6,1,19067,143491.86929000105,115358.54858704978
46025,2021,7,2,"46005,46077",172756.0327965829,175562.1125313111
48349,2022,10,1,48217,212877.3298836487,227631.40285798456
31071,2025,5,2,"31175,31183",224603.90882408197,221006.41214348553
18095,2021,6,1,18159,136676.545515104,172379.37002716487
06065,2021,9,2,"04012,06025",524291.1597760675,255327.39734129826
19173,2020,10,3,"19003,19137,19145",91976.77799621467,109948.29228074224
35039,2022,6,1,35028,315671.0300306585,501353.5932044253
21157,2021,5,1,21143,146899.85423074724,143720.91234057758
37017,2022,1,1,37141,153459.41484505413,370101.7381690286
17083,2024,4,1,17013,182082.1888009803,193234.30798264916
18053,2020,7,1,18009,96421.18413073274,81258.7724797164
51177,2025,7,1,51630,452245.7544372303,462768.13854633254
27165,2024,8,1,27091,152168.20274694334,194689.4643245387
29113,2024,11,1,17013,288799.06155837484,191310.49248078073
12099,2025,9,1,12093,465530.1345902917,286125.63640754187
27149,2025,6,1,27155,193260.0887113624,132867.67770008452
08085,2023,4,2,"08091,49037",411903.493125591,518499.8468262105
29079,2025,8,1,29061,112520.7945996034,263846.9206364133
38057,2024,9,2,"38089,38065",218152.2932529357,250365.82056018597
06031,2023,3,2,"06053,06079",326704.32498685847,810956.0923494629
56013,2023,5,2,"56017,56039",294758.69754686765,1104191.467196251
26003,2022,5,3,"26153,26095,26083",185036.29250321395,155905.44119225504
48003,2020,5,1,48165,217254.56194834984,193031.37553495413
48201,2022,10,1,48071,292902.750654087,340017.12481436244
18053,2023,8,2,"18009,18103",128927.91707670188,124287.75507192759
47183,2022,5,2,"47053,47017",151800.69057717596,165159.06011668025
32021,2023,9,1,32019,155413.06501605234,389483.1956069356
05027,2021,5,1,22027,160104.4951579131,186173.89927582024
01113,2024,3,1,13053,177782.28384077307,132184.3798584915
25009,2024,8,1,25025,691157.765084733,752138.4373147422
39009,2023,1,1,39115,161777.08188878882,141314.23404865435
49019,2020,7,1,49007,407549.45876384946,157878.7703819972
06063,2022,6,3,"06115,06103,06089",387122.9566511779,385403.28033437586
39107,2020,4,1,18075,168806.83865038207,99531.60439401702
13245,2024,1,1,13163,181840.6837741283,130307.525798031
18181,2022,7,1,18157,186298.41983002328,252878.7221381697
45009,2024,8,3,"45005,45049,45011",145221.27230994418,138766.32897570808
06029,2025,9,1,06031,361577.5388452036,356583.5688512418
51041,2025,5,1,51670,402124.7797027279,210837.51228136185
48325,2021,5,2,"48163,48507",293979.28965408873,141722.19246971392
55117,2022,6,2,"26105,26127",243895.82495797105,239884.19751590476
08067,2021,5,3,"08053,08033,08007",482891.46727667423,369589.0500288546
46123,2023,8,1,31103,183714.05359018416,252304.63229506745
26113,2024,7,1,26143,208038.56013894515,178732.3770048238
05149,2024,12,1,05029,165606.75417195572,162491.81541717856
40047,2021,8,2,"40103,40003",116734.65400966148,116687.16775071634
34025,2022,7,1,34021,640032.1165093137,365644.50262640696
29159,2021,3,1,29107,133631.12011697367,166028.61019299037
08013,2023,7,1,08047,742194.3248470365,543679.4659523737
19065,2025,8,1,19055,144444.19954739354,222839.4784133249
48393,2021,8,1,48483,,123960.81778103478
31009,2025,7,1,31171,,193939.2106974571
30063,2021,7,2,"30089,16049",459662.9595937398,308491.42060735164
05147,2022,5,2,"05037,05123",97826.57442707896,112902.7205907894
26091,2025,7,1,39095,226218.463850774,165713.4194003212
17157,2022,5,1,17133,124640.6303456519,270076.2172823842
53009,2021,11,1,53031,432279.9957104291,555614.2932098969
29127,2025,4,1,29111,184484.78071990455,179042.70631091413
48043,2020,6,1,48243,193016.9746788016,209296.4381402916
20151,2024,9,1,20097,123678.30800330213,161950.51955781665
13287,2024,9,1,13315,147894.61769390266,138582.143426265
48117,2020,7,1,48369,131088.4745656357,124868.34920932078
21107,2024,12,2,"21233,21033",153272.11126924973,142279.11573920655
54029,2022,7,1,54009,127175.34093262209,119238.61418013027
21083,2021,5,2,"21039,47183",117395.96663423156,109310.63980487664
06051,2025,8,1,06109,733559.1861111539,392852.5835298856
49015,2020,5,1,49007,,157416.32744235676
05147,2025,6,1,05067,85293.24810896181,95966.0906992684
36071,2024,7,1,34031,431323.8868242496,546709.0540610488
47163,2022,8,1,51520,224442.8266617395,152147.91353646005
17041,2023,7,1,17147,126611.24799309496,192925.40682982389
46057,2022,8,1,46077,283091.1339770551,213319.94178927055
35013,2023,10,2,"35029,35051",283937.26601971354,155699.2804839412
21211,2020,5,1,21005,233613.8124771075,147693.28516319406
21151,2025,7,4,"21109,21049,21065,21203",277370.02700902516,170757.32669841382
08055,2024,7,3,"08109,08003,08023",281969.9381049792,244225.37156619818
20133,2022,6,1,20207,99718.87656356544,98314.73938575789
40129,2021,9,1,48483,162741.50247230573,123995.41345207574
04025,2023,7,1,04012,490510.3192789867,255323.1919548642
26043,2024,8,2,"55037,26071",159720.22671117968,149526.654111867
29171,2024,8,2,"29129,29211",193931.46980269375,123748.92405615542
37139,2024,8,1,37177,254310.7758772304,171776.75493643057
48225,2024,12,1,48455,221067.58948504683,186555.51431456767
47113,2024,4,2,"47023,47075",228430.673421164,168548.6942511201
49027,2025,7,1,32033,332210.9617401795,186404.64699893384
48411,2022,7,1,48333,262087.5046816927,416413.2283453447
31027,2021,8,3,"31051,46135,46027",182667.15112209145,197936.2089517374
08049,2021,7,3,"08019,08047,08107",655536.7890489907,601845.0653785552
27057,2021,10,2,"27029,27159",252526.39996853468,179475.19591219566
41045,2025,8,5,"16087,16027,16075,32013,41023",300776.3473197867,358247.7749950883
06061,2020,5,4,"06057,32031,32005,06101",529629.3274704778,432847.85860244225
22111,2025,6,1,05003,151190.3991077234,83204.45976015429
08027,2020,5,1,08109,266486.1106089336,162045.6618862799
39119,2021,8,1,39115,160823.98508648298,133064.91122116416
46115,2021,8,1,46005,125669.61218750937,165077.0875310617
42123,2025,8,2,"42039,42049",133298.8895793405,178652.39590193995
05139,2023,5,3,"22067,05011,05003",132255.9792120127,110084.6911566936
13175,2021,10,5,"13023,13309,13091,13283,13107",161233.4686240087,126166.4835847301
48181,2022,5,1,40095,292611.3409121987,188542.32793293823
22041,2023,12,2,"22065,22107",119101.01383012194,169766.6577268041
26073,2020,7,1,26133,160579.50391361443,125520.85998067628
48371,2023,8,1,48243,169382.21881761673,247818.74558112535
32023,2020,8,5,"32017,32021,32001,32011,32033",248171.3565021107,185939.85955793894
41069,2022,7,4,"41021,41065,41013,41049",304647.61979401804,342678.0400932844
21185,2020,3,1,21223,311863.20877433475,146513.4268722038
31141,2024,7,3,"31011,31167,31121",257995.78658814533,234985.84732951105
41057,2021,11,1,41071,471846.2234889537,470775.0793594289
29177,2025,6,1,29025,249493.6346695423,226699.65557252397
18063,2022,8,1,18109,323757.3547170192,268738.3934852941
27059,2024,8,2,"27065,27095",323077.81244539376,271715.4011386378
33007,2021,7,1,50009,181829.34078001775,195832.1632883188
08013,2020,6,1,08047,573961.0811847411,400519.1314275093
56005,2020,7,1,56033,259778.50754862415,303772.23880600295
05135,2021,4,1,05065,147682.91752771602,136463.58055485293
56037,2024,8,1,49009,272426.0097300529,311964.2533620643
44003,2021,6,1,44001,319809.8267669848,484601.1517097824
45029,2023,6,1,45009,229605.62921840957,127456.1450333277
21145,2024,3,2,"21139,21157",173546.934853745,159749.0199886406
18049,2023,6,2,"18131,18103",175149.45802945373,144044.52569029926
21067,2025,6,3,"21049,21239,21017",320630.3750571367,287393.15375045437
38035,2025,8,1,38063,271285.6604260627,142951.83709564668
20099,2025,5,1,20133,94589.3271553156,103946.12498064309
30089,2025,5,3,"30053,30047,30061",440644.1909846707,466911.17689372966
31089,2020,6,2,"31107,31003",135300.11416942865,144600.51619427203
26077,2023,7,2,"26149,26023",244607.3179316501,190086.0350754134
06019,2024,6,2,"06039,06047",403118.41581349,417308.71650779794
31127,2024,9,1,31097,159734.5448497453,194934.9485185138
13091,2024,4,3,"13315,13175,13271",152355.6091506522,145194.52281881258
48021,2021,4,1,48287,302521.4918818216,299032.66973965947
40113,2021,10,1,40103,180806.74666523817,122245.03506118908
16005,2020,5,2,"16029,16041",219769.95360724092,247339.8497462439
32033,2023,7,3,"49027,49023,49045",188426.714847028,393563.70809451933
40067,2022,7,1,48077,92995.29840404606,216898.02198761725
06051,2022,7,3,"32005,32019,06003",783077.7640916416,565961.1866556491
51027,2022,8,1,51167,93239.1173339777,132256.78713599444
27111,2023,7,3,"27041,27153,27159",287303.94194178865,250690.321288667
28033,2021,7,1,05035,248927.96719006027,143439.41003612688
35013,2020,9,1,48141,193504.16456432745,152281.87006604316
42041,2022,5,1,42043,291746.61331022345,227961.74583100257
32023,2025,7,3,"32011,32033,32015",353454.1024925192,197920.8172224722
24015,2025,6,1,24029,377145.9329190374,374943.2577257298
18149,2020,8,1,18131,127255.55084415196,109721.58620695028
13243,2023,8,2,"13307,13259",91534.24342381548,127283.96253985606
51003,2021,6,1,51540,435540.03291323344,415660.41727095103
10001,2023,7,1,34011,336037.1712816648,242133.00700999363
42037,2022,9,1,42093,223695.081098106,246588.31291124667
37131,2022,4,1,37185,112030.914290315,222881.98305636455
48451,2022,9,1,48431,217060.82809102663,259592.58079129236
55133,2020,5,1,55055,342226.3842744602,236809.04458410433
55105,2020,6,1,55055,176404.8852593817,237685.82911153432
19017,2020,5,1,19067,180982.92433812865,115072.17891348856
17135,2023,2,1,17051,108486.90170334488,142602.55299452224
29071,2022,5,1,29073,233179.67704681825,205640.31145146143
23013,2021,8,1,23015,346374.0101610778,354855.17272738164
18013,2022,3,1,18109,301726.7995687272,254646.04756799364
39089,2025,5,1,39083,324075.9655843393,267725.3125843413
48427,2023,11,1,48505,151445.2501358484,144981.80715630006
51683,2021,5,1,51685,396957.6355942208,371500.287711967
54107,2025,4,1,54073,168565.362096507,164206.8643625162
20007,2023,5,1,40003,80944.84332189585,113929.59592190398
56007,2025,5,1,08107,202772.6675168666,1092773.1532870366
19039,2025,4,1,19185,190086.75494024545,130077.45199958044
48471,2020,4,1,48313,209740.2455004228,176722.07166458396
30107,2021,6,2,"30059,30045",136571.54948156956,222171.36297119153
48505,2021,5,1,48247,172490.091694226,125718.82965680324
05115,2025,6,1,05129,204514.99974392224,165056.68324558088
17167,2024,3,1,17017,167553.5389372083,95672.21126935678
16051,2020,4,1,16065,281285.17670938035,253119.6157870101
28013,2024,4,2,"28161,28017",132453.83367423984,141435.55380594573
05087,2021,5,1,05101,206370.30069730233,173287.53097240604
39121,2023,8,1,39115,173261.81569394667,146043.69830230475
12017,2020,5,1,12053,175028.44367855144,190801.24944975972
25023,2024,8,1,25025,610165.1658878456,752138.4373147422
16079,2025,5,4,"16009,16035,16057,30061",271730.080304458,366251.35566331993
49027,2022,4,1,49039,288236.0520261041,342756.6668526286
20143,2025,7,1,20123,163884.3809225048,138976.1682699216
51650,2024,7,1,51735,273031.1826788291,443338.1906605699
27043,2024,8,1,27091,141753.97385236123,194689.4643245387
05043,2025,7,6,"05025,05079,05003,05011,05041,05017",154907.55574030554,108739.58937598688
53063,2022,5,1,16009,428857.21963052783,350926.40257405094
19179,2022,9,1,19101,115210.01174104009,169244.4131064481
48485,2021,5,1,40033,128932.9341568253,87173.7786968732
13001,2023,7,1,13279,154612.81267206007,147749.19371354833
17117,2020,5,1,17083,121408.7715716948,149077.3209442588
48079,2020,5,1,48017,,113327.05988080316
44005,2020,7,1,44001,452964.4642228852,404909.7097594047
20001,2025,5,1,20133,110011.12457031508,103946.12498064309
18057,2025,6,1,18023,447652.5120707108,211897.980897372
37017,2022,5,1,37141,159238.29631240675,400840.2743825496
35053,2020,8,2,"35006,35003",164730.43767720868,147500.59292571904
13225,2025,6,1,13193,226935.4882168745,102109.549887115
05013,2024,3,1,05011,126567.2453463338,122263.88257377868
13043,2023,8,2,"13279,13107",178943.59170460075,134048.02356814686
13029,2021,1,1,13031,271572.1471990976,176483.38818120523
01111,2023,6,1,13045,193750.54637923537,275173.76056423626
28093,2021,3,1,28009,182055.3140345099,148524.73849616005
20125,2025,7,1,20133,92386.3248526884,103231.7984475078
46077,2024,8,1,46097,226854.31564476024,193358.5179755805
37061,2025,2,1,37141,179882.61240316756,438991.0730439259
42071,2022,5,1,42043,317343.23345804436,227961.74583100257
56013,2023,9,2,"56017,56039",303140.3544706553,1166989.490607195
13195,2025,6,1,13221,310103.3487068882,302218.25382156746
27173,2021,5,5,"27083,27127,27023,27081,27073",129649.8352420702,152038.49006632855
17191,2023,7,1,17159,118807.99847480276,124813.59676350388
48229,2024,8,2,"48377,48109",,180674.27007146247
55031,2021,6,1,27115,193413.86571949543,193721.954400699
40115,2021,10,1,40035,116638.85680957684,144895.05118138014
29159,2024,10,4,"29107,29053,29101,29083",175077.75181247495,229663.4650725343
01005,2024,8,1,13061,151814.67530851488,171030.98695854688
22007,2024,12,1,22101,160861.85263273565,120796.85667667168
46039,2024,6,2,"27173,27073",281252.0164278249,168567.53370153919
19047,2021,8,2,"19093,19193",128021.25408533627,139685.27971140997
31139,2024,7,1,31167,235647.15250158755,243404.07052645864
21041,2025,4,2,"21223,21103",194387.69091605613,241025.67993487936
39023,2024,7,1,39021,183065.33003736296,226286.3715247824
34031,2022,5,1,36087,474363.0294438034,598118.4634159204
13245,2024,5,1,13163,185959.9378246277,132815.37725780197
45005,2021,5,1,45011,71843.42340435786,156743.66559287926
55031,2024,7,1,27075,230220.52810120131,256167.87810494832
41003,2025,8,1,41041,551829.0193241193,464701.9495679603
51041,2025,9,1,51670,402537.027465751,208724.88810817097
16013,2020,4,2,"16067,16025",532216.986922899,242296.66859519354
48223,2025,1,1,48379,266472.45834069856,289643.7608499377
13185,2024,11,1,13101,219286.4207628062,172424.7833855392
06043,2025,3,1,06109,402418.78713548306,404637.2080854702
20043,2023,4,2,"29003,31147",127252.06188593358,178523.9009228259
30097,2023,6,1,30107,388372.11687916593,169648.8488700764
29183,2020,7,2,"17013,17083",260527.10155576395,150876.93851084614
04005,2023,7,2,"49037,49025",585809.0921042291,375413.1261780345
20051,2025,7,2,"20163,20141",233234.31824096863,104351.03056375624
06001,2023,3,4,"06013,06075,06085,06081",1068114.5611795243,1263749.9724778077
13151,2022,6,1,13247,334548.40771419235,311098.1517212716
18073,2023,4,2,"18181,18131",247132.24762539176,169307.63566771714
29127,2025,8,2,"29137,29111",187073.3279872646,198430.59140304712
29089,2022,6,1,29041,191832.02281710377,205461.25852466552
08051,2021,8,3,"08091,08029,08053",578136.2622589968,455597.9481978012
12105,2024,5,2,"12049,12055",317983.6315805771,235254.53053834394
32005,2021,6,1,32510,629994.5192546763,427238.8615473434
37009,2020,1,1,47091,241028.26669455157,161642.06701345186
19177,2025,8,4,"29199,19101,19051,19087",178632.68636315656,176763.23448898326
27113,2024,6,2,"27029,27125",198757.25982577083,194512.32156598527
13211,2022,6,3,"13219,13133,13159",407788.2925335043,457213.4436893633
22111,2022,9,1,22067,152520.72708553303,113307.39012216173
29111,2021,5,1,29103,154442.74123832348,136739.74529489048
12023,2025,8,1,12041,270010.2424124698,293844.2200466233
01047,2022,6,1,01131,93429.67018113652,147095.30019130008
01077,2022,5,1,28141,201538.07306596095,174118.09626295845
51153,2020,9,1,51685,426457.2982945834,334928.8972851463
37193,2025,6,1,37005,215994.72803108135,269358.42691542505
38093,2023,4,1,38003,194956.20951311535,174109.31843186438
56013,2020,8,2,"56017,56029",211328.19858625272,220856.659924359
37055,2023,8,1,37177,588392.0325915257,168172.68233923882
20143,2022,4,1,20123,141592.83077180685,118159.19313875416
27051,2023,7,1,27041,201950.94202338735,307460.31235115655
38067,2024,6,1,38099,123936.40357430743,153174.4616142517
32019,2024,7,1,32029,401501.6137828456,486777.2751887062
05135,2024,11,1,05065,156712.1291696218,169912.3757631922
34023,2022,6,1,34021,461321.4626148352,363458.2818381977
17177,2023,7,1,17015,122103.79448910349,121259.65299640376
21035,2023,6,1,47079,219394.52298724683,191833.0064502079
13279,2020,6,1,13283,110924.82912330114,110307.7062308453
28021,2024,2,2,"28063,22107",103090.36362682845,184415.10509460428
34029,2024,7,1,34001,503514.5895088985,350029.11183479434
39023,2021,6,1,39021,143319.3123113151,185085.74757451625
13081,2023,4,2,"13261,13315",131812.83297573772,124310.45050385408
21239,2020,6,1,21005,238986.41201260415,148931.90271169943
08009,2021,8,1,08011,,146018.35938590238
22125,2025,6,1,22029,374354.6475698036,109096.69735329688
06029,2022,12,1,06079,333838.2375537012,834978.9916970577
13237,2023,4,6,"13009,13159,13169,13141,13211,13133",375312.4854523332,317509.9714522737
35049,2022,9,1,35028,536641.009909375,501820.4243384567
19013,2022,8,1,19023,157774.40635945313,165784.87558622143
12021,2022,5,1,12051,594563.3754182543,244993.6448355499
22097,2021,5,1,22077,154162.42382330148,179309.198103215
51199,2020,11,1,51735,345258.00605815375,351215.4690559691
31149,2024,8,3,"31103,31017,31115",139446.63501386318,237519.85530809624
19069,2020,6,2,"19079,19067",111701.52102177018,111074.61830226833
39075,2021,5,1,39083,274424.3008917231,204279.181281946
05095,2024,2,2,"05107,05123",91356.22572434314,69468.18195567715
13069,2020,2,1,13017,127654.9880247244,77862.82329131482
37023,2020,8,1,37011,168070.72598740747,230012.07673612895
21231,2021,6,1,47137,120151.41303788962,186213.91655786836
30083,2024,9,1,30109,260085.80822687107,199270.7879978253
29015,2022,5,1,29185,189754.13256884567,187990.29837204015
13239,2022,8,1,13259,117354.89559260302,97127.73223455652
21083,2023,2,1,47079,143292.00279212606,187206.95160380125
13091,2024,8,3,"13315,13175,13271",157088.541968615,147474.60407371243
17163,2021,8,1,17027,146425.95812655,168062.62577993338
39091,2024,7,1,39021,233710.22760989625,226286.3715247824
28109,2023,12,1,28131,180267.10904052612,185008.56761307185
51089,2021,6,1,51690,112920.314751507,75181.6827359948
18023,2021,7,1,18159,159648.69648156504,175426.05824896912
40071,2021,6,1,40103,95664.62738502516,118609.42494897312
55013,2023,4,1,55005,252257.59636664344,240815.58960490875
06097,2021,12,4,"06013,06033,06055,06045",761361.3078431155,656452.9827072717
18083,2025,7,1,17185,150575.83907322594,117020.80143345548
08071,2024,5,1,08023,254809.78750051747,203312.4292764325
48227,2022,5,1,48115,167539.27530608242,118939.1148952651
40127,2024,5,2,"40023,40005",144952.880959659,167441.50076332758
51005,2024,7,1,51580,168345.70386109804,98386.29388830904
48251,2020,5,1,48425,246448.0173668595,266948.52755863284
29205,2021,4,1,29103,125979.44867190951,134849.51200770607
51119,2021,7,1,51131,301955.5681317622,231550.0817775712
45019,2022,5,1,45043,516397.76710184413,346916.46075253864
19017,2020,9,1,19067,182721.20664527023,117986.97614774852
17135,2023,6,2,"17051,17173",107843.2290810798,143018.00294635748
30075,2020,5,1,56033,134365.74903975954,301715.62035677413
16023,2020,5,1,16059,,208910.93258398445
48325,2020,1,1,48507,254018.60892666728,74481.84099710315
01089,2022,10,1,47051,312380.1161930437,288586.3171552206
39089,2025,9,1,39083,325472.30858696863,273968.39435902727
06067,2020,5,3,"06095,06113,06101",412215.0343703218,429927.2905252374
12105,2021,2,1,12055,224642.2796756097,159367.252172495
30029,2025,5,2,"30053,30047",636645.205731918,505047.273229426
04013,2021,12,2,"04012,04027",449593.8330027848,231526.64565033405
51683,2021,9,1,51685,404436.8046649805,381714.8137310223
56007,2025,9,1,08107,205960.00196521063,1094743.3933756417
48323,2022,4,1,48127,195630.82994728375,149512.6135860544
29155,2021,7,2,"29069,47095",90715.60661765496,100471.01482443805
29091,2024,3,1,29149,192423.32063414503,162245.16665734872
30089,2022,8,1,30061,429739.0706739912,372800.1393016951
35023,2021,8,1,04011,,219652.36467003523
51149,2024,7,1,51670,335491.71455480705,211314.27589040145
08089,2023,8,1,08011,163416.76677622204,146482.61799731004
48005,2025,5,1,48455,196640.80896974928,186205.82326622104
40083,2023,5,1,40103,299787.7535289875,138014.5805952194
31147,2025,5,1,20043,110031.82231537234,145571.3806165727
37041,2023,7,1,37091,228227.95416931823,123880.45846323328
29007,2025,8,1,29137,168530.1789511106,209109.8477398848
47065,2023,7,4,"13047,13295,13313,13083",335197.3913213424,237832.08832279214
19187,2020,6,1,19079,110222.27970341052,106790.68801748689
16049,2023,5,3,"16035,41063,16003",321540.7712083645,391108.1309798281
48507,2023,4,1,48127,91058.38517579962,144789.2581608586
39077,2022,4,1,39005,160643.36265236285,187850.3214453335
29093,2023,4,2,"29123,29221",140618.68218897554,159546.98682764417
51069,2020,4,1,51840,299483.1007730972,238845.59335984968
01031,2022,4,1,01039,156287.54786680025,150673.85654835007
18077,2023,6,1,21223,204350.77798599497,202552.34804090377
37015,2023,7,1,37091,74595.09072034957,123880.45846323328
04015,2021,7,1,04012,313597.1414860984,211437.04892306903
40023,2023,6,1,40005,139280.37929158306,188690.462831664
18127,2024,9,1,18149,316475.6131096866,201408.4974138427
29175,2022,6,1,29041,145827.370925674,205461.25852466552
48369,2025,6,1,35009,151977.0776880125,159893.17370051504
48353,2022,8,1,48081,136012.07186906922,171099.60146441148
24003,2025,5,2,"24029,24035",503198.6055487669,445493.86003132106
21191,2025,6,1,21097,231406.0483674451,235587.14772110828
13175,2020,6,1,13283,137373.50114379864,110307.7062308453
29017,2024,2,1,29157,181152.06393651932,200117.52181915345
28031,2022,5,1,28065,164909.31132505366,110572.91511066323
27155,2024,7,1,27149,125688.4232803727,188575.7628597728
48247,2025,5,1,48047,84431.46151099513,87632.90826733988
08065,2023,8,3,"08093,08015,08117",485026.3272529764,734441.5173477685
47071,2022,5,3,"47109,47039,28141",178059.36276846463,165322.86584569022
48079,2023,10,1,35041,78772.3869780025,144070.1721327766
22105,2023,4,2,"22091,28113",231674.90262976056,149719.57473627062
48147,2020,11,1,48119,207230.7139065788,137280.25375610543
28093,2021,7,1,28009,188612.5114588957,148023.50405040415
17025,2020,7,2,"17121,17079",85813.11509629739,101445.13429642499
18019,2020,10,1,21223,187115.98875021352,153984.55337202465
46031,2023,8,1,38029,159636.83859821726,122600.5819345911
37061,2025,6,1,37141,181971.06067389532,439311.670110805
20007,2020,8,1,20033,66504.73335555346,70855.45363991373
46115,2023,8,1,46005,140795.3823474972,178393.48505726355
42017,2025,5,1,34021,504164.78084264445,440038.2029883475
12061,2025,5,1,12093,374798.7837037882,287411.9702699065
47043,2021,10,1,47083,297351.8478685885,174196.71223237968
22017,2021,5,1,48315,134010.26916098723,136502.0154770642
46091,2023,8,1,38081,211209.99046795932,174183.17032653547
13289,2021,5,2,"13023,13021",103539.4426287312,125985.24996213592
17049,2021,5,1,17079,168428.23792975827,129644.42531129476
31053,2020,2,6,"31021,31039,31155,31037,31177,31023",153254.83209795933,170776.16941773435
40065,2025,8,1,40057,109543.06345376578,74897.1489921235
47139,2023,1,1,13213,216534.87601448048,219205.76528319213
21161,2025,4,2,"21201,21069",171468.0516894918,182573.36454256187
13287,2023,8,1,13315,139533.8083767808,131551.46657611727
46051,2024,5,1,27073,200013.09645566993,182012.23257265947
29095,2020,5,1,29177,164640.0158228795,163767.21778458732
17203,2025,4,1,17123,203357.9439368724,127143.78238474758
13043,2025,5,1,13109,206899.2750626985,170248.60282386787
13033,2025,4,1,13163,168095.22617553815,129349.98993401264
41011,2024,12,1,41019,353329.5104824349,338485.43360117
22123,2025,9,1,05017,116825.85712707472,99867.75496820077
12081,2020,7,2,"12027,12049",287295.28545246203,150410.55571604054
16043,2025,5,1,30057,437906.2305742491,738873.6896048035
17051,2024,4,1,17005,150141.8090568158,147685.91396602342
48139,2022,5,1,48217,378791.59827235347,223940.77348029963
26043,2023,7,2,"55075,55037",155607.79697326003,175770.82790809625
41017,2024,7,3,"41035,41043,41031",685067.5795159736,370147.250969705
29111,2021,9,1,29103,164781.73230028222,140328.32444759982
28135,2025,5,2,"28043,28083",124281.08203688129,104786.296525453
01019,2023,7,2,"13055,13233",213769.91133056465,187867.5376656582
47157,2021,3,1,05035,178398.07521631,141164.80209197733
20031,2022,4,1,20207,156108.23810771192,98285.50227706895
26003,2024,6,1,26083,189971.13347185697,178392.46680017115
38093,2023,8,1,38003,199902.646623553,175448.2848474843
29187,2025,4,1,29157,188791.18437517085,213140.46168005944
51161,2024,7,2,"51770,51063",314390.22204771754,232143.98786821266
08103,2021,8,1,08107,265808.09760973096,815941.2160045294
56027,2022,5,1,56009,181637.65170659448,265102.4667946548
17109,2021,12,1,17071,84999.72616210482,116887.99850047006
16019,2023,7,1,56039,381263.18551379984,2047717.640094065
26095,2023,4,1,26097,140140.3240728182,178164.0867234189
35027,2025,7,1,35057,344163.6307745145,209968.6970468271
47009,2021,6,2,"47105,37075",271969.07547170826,245201.66547390533
04007,2024,7,1,04009,397405.88430907275,284170.97849873407
35043,2025,7,1,35028,372874.8294145392,587952.9734092959
01113,2021,10,2,"13053,13259",160072.96603616964,110302.29994259325
46059,2022,7,2,"46073,46005",258503.93826153435,222706.71201561228
48087,2024,5,2,"40009,48191",94903.25456801936,107692.27986397715
30041,2023,6,1,30015,205688.8271134504,245406.1620025948
21225,2022,8,1,17069,122706.95305780265,112837.3797748572
27005,2023,7,1,27159,321914.6757488291,200094.65816020165
17161,2022,9,1,19115,133319.37959791618,146063.52242092113
31185,2023,4,1,31159,198617.27428687876,266412.0466352236
51015,2024,7,1,51790,332807.37203129363,265668.34355145815
48045,2024,4,1,48191,172768.67682422543,80394.09592306422
40141,2022,4,1,40075,60672.31868599034,77951.57856089975
08067,2023,6,3,"08111,08053,35045",618866.7395638778,404345.63882526243
13273,2023,7,2,"13261,13307",105785.89448049763,146290.50976676217
48463,2020,3,1,48507,167959.9615329693,74308.73154286029
46085,2023,7,2,"46015,46023",,221517.04120553983
27077,2024,6,1,27071,205187.3481720568,143306.42264888206
53011,2024,8,2,"53059,41009",549983.9087329899,495830.75159538316
42133,2022,6,1,42043,256139.54924431673,230234.07073560217
38035,2024,7,1,38099,257338.5097702962,155458.79029539533
30063,2023,8,2,"16035,30061",540489.0247829611,335732.01710447465
48225,2022,3,1,48471,259428.14800578813,265606.2452391686
17183,2021,5,2,"18171,18165",79279.8610061624,137984.23322433862
49045,2025,7,2,"32033,32007",473945.1443395539,277042.78412067855
49003,2025,5,1,32007,445956.2017250711,366983.7868261747
12095,2025,5,1,12105,412979.16594486387,306460.01975187
18073,2020,7,1,18131,188775.73198237165,108930.09255105518
06007,2024,1,1,06011,396484.8104635489,366923.40792363166
48013,2025,6,2,"48163,48493",238599.88654044687,278303.1615149074
01021,2023,6,1,01007,206341.02403919367,221918.279897282
47153,2024,8,1,47177,272739.9013991099,254137.5447265424
13093,2024,3,3,"13193,13261,13315",132115.86791216454,124450.72601504523
48387,2020,8,1,48119,151540.2025739616,129239.9957996962
08007,2024,7,1,08021,554085.1590915596,208084.15640185657
34013,2024,7,1,34031,616053.6438635968,546709.0540610488
48163,2023,3,1,48127,193430.47840038137,143680.92242707498
25007,2024,8,1,25019,1496777.418639356,2965522.1062793224
49015,2022,6,1,49039,,354434.3030636506
42073,2021,8,1,39099,130096.96889061808,120456.48175602406
29055,2025,4,1,29073,208049.5297211644,233059.66840004185
48293,2024,6,5,"48395,48145,48161,48309,48289",160954.6633499973,248477.78417337235
12055,2022,3,1,12027,205031.65141224768,240880.28380850187
13069,2023,7,1,13271,184703.55501090095,118459.73463500231
05025,2024,2,1,05011,150437.7097129457,121117.82406812072
41017,2021,6,4,"41035,41043,41037,41031",601548.7229100399,274103.53147147706
55061,2020,9,1,26019,196066.74169095865,248902.11012149916
25005,2025,9,1,44005,525474.8175902779,742909.4237030637
01067,2025,5,1,13061,189884.52804236137,158894.4491379908
27023,2023,4,2,"27173,27151",188203.985236702,158159.70780701752
05141,2020,1,2,"05137,05023",105602.74010893489,148462.09386148994
55075,2024,6,1,55037,179589.47672090077,178611.6475858304
48245,2023,4,1,48071,167239.47211920677,334269.7439102858
55013,2023,8,1,55005,263800.2046195946,248558.61306938468
22083,2025,9,1,22041,161735.39957628513,106533.82324310509
42097,2023,8,1,42093,140457.71913257006,253150.54952162024
37027,2025,6,1,37011,233779.3134836109,390906.96726455423
17129,2024,3,1,17017,177371.39092902877,95672.21126935678
21225,2024,1,1,17069,122408.24843774896,109806.59292381234
13215,2022,6,1,13053,160852.36202605895,141308.61045530532
48325,2020,5,1,48507,258155.94398037985,76069.39063441468
25003,2023,4,1,50003,339372.71986157674,371150.2560430032
36119,2024,7,1,36005,777983.3296620842,459713.2408121548
32003,2020,5,1,32017,302685.40454459324,172477.80310983106
05071,2021,5,1,05101,151440.39719752446,173287.53097240604
21073,2020,8,1,21005,158944.2778504789,152994.10473789758
48015,2024,2,3,"48477,48089,48481",407318.0957348245,294679.7401944542
18099,2020,5,1,18131,159594.564845812,107988.58199139273
54013,2023,8,1,54105,97052.1265331157,111101.380101285
12105,2021,6,1,12055,239899.45195203647,171595.39771643764
35055,2021,5,1,08021,431342.9812050333,182066.35231061713
01101,2024,2,1,01085,160725.22692523687,140638.51368373868
48093,2023,5,1,48193,208134.48966931584,249938.71249100528
47031,2022,4,1,47051,269041.10263566516,281913.71992624854
25005,2024,1,1,25007,490656.7090956212,1458010.9580786717
05095,2021,5,1,05123,108968.09406972192,87779.85544185212
40049,2021,12,1,40099,116920.46014732588,137598.8022893717
13177,2023,1,1,13261,237439.2398102001,123618.70557110183
30027,2023,7,2,"30015,30107",259094.25593105843,209673.7447936415
47057,2025,5,2,"47173,47067",269762.3038223775,219103.3438339868
17033,2025,6,1,17159,129904.7308996204,120023.36269841436
35001,2020,8,1,35006,226892.96208372695,107394.1940220564
26017,2021,8,1,26011,133787.7435350277,125354.54943813452
08093,2020,6,3,"08019,08065,08119",361988.615503384,353562.7112775448
26025,2023,8,3,"26149,26023,26059",163178.8021350116,188109.39609423224
41059,2023,6,4,"53005,53071,53013,41063",291282.70411911706,370120.2630005291
41039,2021,12,2,"41019,41035",411989.2963342641,282662.3346683759
04001,2024,6,5,"35031,04011,35006,35003,04009",318944.75076374906,214554.79894052795
51069,2020,8,1,51840,301822.2817323309,241638.20891153507
47139,2021,12,1,13111,207943.67776655647,470336.7748153351
21153,2021,4,1,21115,86071.6876125101,115647.70614215556
08071,2021,8,1,08011,205914.4570256313,146018.35938590238
40023,2023,10,1,40005,132765.78295637874,190330.75305954597
17137,2020,5,1,17017,105395.8953630588,76869.42790439604
48343,2021,4,2,"48459,48315",149459.62321365482,162267.48446414282
20055,2024,2,2,"20093,20083",226051.89386511652,156938.20113536442
37111,2025,5,1,37011,267788.2138718974,392767.3466573667
48347,2023,6,1,48405,208828.8963043278,220518.6141885009
29017,2024,6,1,29157,183859.24620213604,205313.6251686199
18133,2022,8,3,"18119,18021,18109",233667.06663478137,208480.70457261536
22105,2023,8,2,"22091,28113",228203.1757302191,148267.74371674098
51131,2020,10,1,51735,185423.0479259065,346908.0567322717
42035,2025,7,1,42023,191489.2600961506,89928.80459402612
54069,2022,7,1,54009,142709.8137568521,119238.61418013027
17125,2025,4,1,17169,81106.44853583463,144850.91959889486
38103,2024,8,3,"38083,38093,38031",169999.57035767808,170116.17064180062
18157,2024,5,2,"18181,18045",277574.77335647604,187138.0495846778
40027,2024,9,1,40017,245548.95702075295,264111.17480373266
13089,2022,6,1,13247,355711.8410333604,311098.1517212716
05139,2024,3,1,05011,128650.62099862758,122263.88257377868
17047,2023,7,1,17159,116161.11180580796,124813.59676350388
47003,2024,6,1,47117,323409.0518088623,315209.69895596773
19023,2020,6,1,19067,127284.1555244368,115358.54858704978
55113,2024,8,1,55003,309611.9887638139,194016.16426747604
13245,2023,4,1,13163,176787.95517814066,123957.5521716846
22077,2025,6,1,22029,181345.60684652676,109096.69735329688
47147,2024,9,2,"21213,21219",374527.6653932009,230876.4804311855
01065,2024,5,1,01063,176771.52309854308,140363.9962721361
32023,2021,6,1,32001,284679.95533142576,319727.19970560994
48005,2022,8,2,"48373,48241",196106.34969036875,206753.69932510614
30013,2023,6,1,30015,287059.72055675456,245406.1620025948
27025,2025,7,1,27065,369578.5930558169,253259.27761768387
27061,2020,7,1,27071,168017.66489407702,112138.5606114314
26019,2023,7,3,"26101,55029,55061",365381.3551764966,289863.09528559545
37089,2021,3,1,37087,318198.4830915381,260346.44483147535
31179,2024,7,3,"31167,31173,31039",219255.8664543637,207621.86820784103
51169,2025,9,1,47067,165309.9271506725,164992.51034113578
29149,2025,6,1,05049,167469.27904430943,185154.87882110872
31075,2023,8,1,31091,,130061.5499099281
30077,2024,9,2,"30039,30023",298739.2867653859,352763.735605561
16003,2024,11,1,16087,497649.3498520418,371544.4626438865
28113,2024,12,1,28147,105587.85439234608,162250.92935062476
54099,2025,3,1,21159,134871.39011647945,120617.25053929996
05005,2021,4,1,05065,173331.7045834917,136463.58055485293
47093,2025,5,1,47173,372618.2387444068,282508.7317795547
29003,2020,5,1,20043,189514.48265312333,102490.91861250736
51013,2020,4,1,51610,715293.0401971872,839256.7499404527
47139,2023,5,1,13213,221832.14819945837,222725.7126711528
32023,2024,7,1,32015,340183.8193781587,248777.3814674761
56019,2022,7,2,"56043,56009",373896.2598556615,244666.32903775014
18083,2024,3,1,17033,140577.18589651305,124806.80770312628
53075,2024,6,3,"53023,53021,53013",323592.24783478584,291940.58652454475
51025,2022,5,1,37185,162841.4145114044,226574.07632013355
05091,2022,7,1,05081,173703.09027542733,135851.22601940844
20157,2024,8,1,31095,121900.2606487999,131627.09605479133
12081,2020,11,1,12027,299784.8323327427,173861.66178584928
01075,2022,2,1,01107,158663.7172226963,144912.1790609852
21177,2024,12,1,21219,128992.12065721369,216914.61617416935
27155,2021,10,1,27149,120810.29390287246,177630.2877652583
47019,2024,9,1,37011,235432.4377703492,397352.0282256897
16043,2025,9,1,30057,443202.5508320975,738334.3311594635
13261,2025,2,3,"13193,13307,13093",130241.01372944278,138268.5399536163
42033,2025,5,1,42023,130261.48439303202,92026.82269402235
42047,2025,3,1,42023,128001.88426076132,88361.09198341251
48139,2022,9,1,48217,387961.3595131636,230052.78077833744
55043,2025,4,1,17085,207538.71539932225,234372.0877231676
47045,2021,7,1,47095,149524.31538667818,95882.57514721446
53019,2023,4,1,53043,277268.3493697581,305085.76707655104
48371,2024,4,1,48475,178726.34882762734,193550.17168311845
38051,2024,5,1,38045,,165666.87141369568
47103,2024,7,1,47117,249774.2238972697,315370.6940653962
17081,2024,3,1,17145,126336.9226693189,109660.07687093456
20141,2022,4,1,20123,80945.89921276942,118159.19313875416
42037,2023,7,1,42093,231623.9692290093,253497.52949051737
16031,2023,7,2,"16053,49003",314150.5656486322,399931.7676971485
17191,2025,8,2,"17159,17081",112361.99996644648,121943.45697470816
04017,2024,8,1,04009,393951.5143145474,284707.51085280714
17113,2022,6,1,17039,210357.19746429156,116444.13480528428
51059,2025,7,1,51610,772022.644129836,1115690.300955796
06071,2024,8,1,06037,554642.219629285,885324.1661760425
51197,2021,4,1,51021,156905.6194009802,151988.87472711175
47169,2022,5,1,47111,321828.0434486196,234846.2930053092
54085,2024,6,1,54073,122622.26023488998,156168.3416850172
31163,2020,7,1,31077,131629.34391361545,164245.99179035128
39003,2025,6,1,39063,174923.32329557708,231046.13037416697
29141,2024,4,1,29053,283330.51218304806,227592.5012546453
55085,2025,5,1,55041,297579.6115778207,190423.35341840168
28057,2024,6,1,28117,139925.8600318042,142862.76889462807
12097,2023,7,1,12055,385004.8999725909,231318.63653159144
17049,2023,2,2,"17051,17035",195307.03649570644,142875.44508445804
41035,2023,5,5,"06049,41029,41019,41037,41039",282734.50773548806,310121.0130559412
21007,2024,3,1,17003,128791.51997079824,68300.87174367272
40141,2022,8,1,40075,65247.91719670046,79079.63088026938
12051,2025,7,2,"12093,12015",281492.7722228098,301973.8047592279
27127,2023,10,1,27173,156463.3422692249,150121.6926927929
49035,2025,6,1,49043,559768.9532815354,1288636.02014575
05147,2023,1,2,"05037,05123",96379.05640395572,111732.22826049133
16015,2025,8,1,16045,465214.46985769976,461838.773292196
47163,2020,3,2,"47091,51520",168131.06513080216,134801.74361266088
29171,2022,3,2,"29197,19185",165389.25835185443,136293.46136585734
48131,2021,5,1,48247,,125718.82965680324
49003,2025,9,1,32007,446284.48354501784,368452.9972754941
51195,2022,6,2,"51720,51167",116919.53524406264,121620.27030627469
48167,2022,12,1,48071,332859.7295415589,337490.8924625471
21195,2020,8,1,21159,91792.13997421451,77649.25587633299
39137,2024,8,2,"39003,39173",218433.2487448576,199358.60318299438
28011,2024,8,2,"05107,28027",137088.78189511134,52454.5689427106
22111,2023,1,1,22067,147170.49763140152,111457.67547537776
49005,2024,8,1,16071,445228.139918976,325648.06000303506
42123,2023,3,1,42039,120724.8111722672,152159.66947800104
48493,2022,3,1,48013,388444.6313450394,259003.63330573577
47019,2021,8,2,"47171,37121",179404.68607095457,187398.3473959025
12049,2022,7,1,12027,207260.9493959345,266321.5322045151
47135,2023,3,1,47039,168514.79041684198,163765.61732981305
13009,2024,7,1,13141,224908.44834559783,211593.6838937377
08043,2020,7,2,"08109,08119",236962.16621958485,254857.94786772173
50001,2020,10,1,50017,337757.08120393864,258237.9155741532
29203,2021,3,1,29179,134898.002975634,137499.4426475894
40025,2023,8,1,35059,77263.56724187308,120455.54715906024
16077,2024,6,1,16071,274961.79260534164,325032.26957819326
13243,2022,11,3,"13037,13307,13259",93518.71588769372,121495.64892374103
47133,2025,5,1,47137,245755.8579243862,242517.04371962952
39029,2024,9,1,39151,152515.39644690946,195081.3625187534
06071,2021,7,1,04012,457299.1229492501,211437.04892306903
48255,2023,7,1,48175,234083.2158120432,250395.845634889
26063,2021,9,2,"26011,26069",158313.14370998918,131437.69133529157
51165,2023,7,1,51660,333417.21873283206,296282.6324276337
47141,2025,5,1,47159,307978.75799700123,301218.91807547497
28143,2021,3,2,"28027,05035",131429.4616133979,104656.45765267129
01071,2022,5,1,47051,178012.541527276,285221.9656741889
51199,2021,3,1,51735,353517.3365789975,366249.6760679286
31185,2020,7,2,"31151,31023",154087.74782980644,138502.15869464277
31051,2020,8,1,31027,136935.9340171862,160610.29024856453
22033,2021,9,2,"22047,22121",209672.8017980658,182913.5420320046
22021,2024,3,1,22049,116829.07276971314,115701.58417971474
08077,2021,9,1,08029,351225.8239918333,340943.4632256327
18067,2022,6,1,18159,152949.83298481448,196956.8443082909
16043,2022,6,3,"30001,30057,30031",479176.579180916,604714.9233291954
40089,2024,4,1,05133,215430.28460050796,153441.04857390607
31087,2024,7,1,31085,144698.6047640382,285668.56135803927
51103,2023,7,1,51119,356897.0963013738,349214.8034933543
48189,2024,7,1,48153,128423.1229682339,95699.65667442724
19111,2022,9,2,"17071,19087",118032.54558815176,145528.2571806988
29013,2022,6,1,29185,204795.7734547444,191578.14884066515
21165,2021,6,1,21173,95401.22088434454,168849.34307768193
28085,2025,6,1,28147,168886.5031398828,156627.66129619654
17075,2024,8,1,18111,134373.01898473737,206873.3158177177
18051,2025,8,2,"18129,17185",196171.9763707624,175388.4317374527
32013,2022,6,1,32027,308072.9951508954,223210.7715399766
27089,2021,7,1,27135,196298.96326781204,186294.251896175
12045,2021,4,1,12037,300352.0446289787,348434.3397414289
47023,2025,5,1,47069,166286.77427389452,151973.75050075763
29031,2021,6,1,17181,194072.85286395135,132826.70930840078
41013,2024,7,2,"41069,41031",463565.493737079,359549.3430487274
27145,2021,4,3,"27009,27153,27067",233776.7748856273,209547.53928424814
20167,2025,8,1,20141,105425.93136552988,94576.89725667804
48325,2025,8,2,"48163,48507",325029.2604539687,121287.37681469777
48399,2022,3,1,48081,147754.6788084105,172778.81923094168
32007,2023,6,2,"49045,49003",338490.66781918285,442261.9634648871
48457,2021,5,1,48199,162099.81974014553,209331.44895240737
48427,2021,6,1,48247,175400.93282591933,124124.37998160745
47133,2022,4,2,"47027,47087",224614.1211960336,191594.79544042022
39029,2021,8,1,39099,129255.90034533585,120456.48175602406
17001,2025,4,3,"29111,17009,17169",166009.3169107583,154763.46343967374
27031,2022,9,1,26083,366392.1169474491,162886.59480569346
48285,2024,3,2,"48089,48123",282521.9009032377,259476.08770272226
08097,2021,8,1,08065,1822816.2020302515,407051.7206749238
19161,2024,7,2,"19151,19093",150110.62890417114,120671.13378255672
08061,2023,5,1,08011,174828.26071687904,141449.78875153942
28099,2025,6,1,28069,143292.83864126404,125660.57288565655
47141,2022,4,1,47087,280539.07524923806,200309.69243173552
53011,2021,9,1,53059,487869.8547505511,486662.86067068856
13285,2022,6,1,13149,196243.89433069955,238083.7289141229
18007,2023,8,1,18181,168857.8148417682,192676.3927702981
39041,2023,4,3,"39101,39117,39083",476414.88323326263,210975.25102563377
21083,2025,8,3,"21039,21035,21157",164824.91262213388,183393.948238792
28011,2021,5,1,28027,157388.2025785018,71061.90791502285
28081,2022,5,1,28057,173455.59655176077,152015.6521189647
40151,2021,8,1,40003,106615.69728882276,112759.1685050372
51117,2022,9,1,37185,178849.42252142695,233787.8277486683
49005,2021,5,2,"16041,16007",367753.8184073028,331408.13949685195
47095,2025,2,1,29143,112439.85586648464,96918.18839446128
19169,2023,5,1,19079,257973.11473713964,141472.3481622089
19015,2023,5,1,19079,201609.35013102624,141472.3481622089
33019,2023,9,1,33013,340553.6709821343,426560.41502735607
48317,2020,6,1,48165,,193933.33565378876
32031,2024,7,2,"06049,32029",556687.2619784293,334762.8682355469
31127,2022,4,1,31147,147056.96611689962,107654.8872196162
25017,2024,8,1,25025,794029.5250578616,752138.4373147422
27099,2023,7,1,19195,170424.5981777065,160467.7527235107
39065,2023,7,2,"39101,39175",158815.65736726913,160320.58067241037
45013,2024,5,1,45049,539540.5834429924,167111.77044731122
01041,2024,5,1,01085,129917.36995988166,143857.27626060016
22073,2022,11,2,"22083,22067",174286.07359006398,142166.07650985557
41005,2022,5,3,"41065,41071,41027",619136.5183892624,526721.0484655396
29063,2024,7,3,"29075,29061,29003",219441.39447299353,207615.02590203178
47149,2024,6,1,47117,413617.9053611878,315209.69895596773
28085,2022,5,3,"28063,28037,28077",179896.61892510447,163921.28805590805
21227,2024,9,2,"21213,21061",285190.33276804356,215543.68898122606
26053,2025,8,1,55051,120139.39182157988,196826.28042527896
12115,2020,6,1,12027,285838.53310315806,162787.57671882937
30059,2023,6,1,30107,285186.463272946,169648.8488700764
05003,2024,8,1,05011,95281.6946398825,128011.87566884924
13311,2020,10,1,13281,195069.7284050924,260358.33227494903
54099,2025,7,1,21159,132978.2179207563,128800.16246905328
18095,2022,6,2,"18159,18065",158438.9295131882,178056.69923667525
01025,2022,9,1,01131,160093.60170786563,145460.2041644806
47093,2025,9,1,47173,372337.02451012656,287482.2708383501
49049,2020,5,1,49007,370169.38322191144,157416.32744235676
18083,2024,7,1,17033,144624.410518994,121754.7609244393
17163,2022,6,1,17133,157157.31302327695,272224.0968827756
55125,2025,7,2,"55051,55041",371589.4284124448,195410.79138356648
48143,2020,5,1,48425,215477.44122387492,266948.52755863284
47075,2020,5,1,47069,119175.37883446916,103258.49236269546
47027,2024,7,1,47137,197491.20064488173,221384.13366283823
48331,2021,1,1,48287,222439.0840756471,286460.4556024812
37111,2022,8,1,37199,252527.65222589517,321667.00360838504
54043,2023,9,2,"54045,54059",122311.27055428356,93970.87930780597
20069,2024,7,1,20083,213216.0460332152,148650.51564605997
31175,2020,6,1,31077,126094.71269259212,162178.83488090066
42025,2025,5,1,42089,261057.385144328,308104.9415723442
45015,2020,4,1,45089,247414.64210350977,101659.16880165992
04025,2021,8,1,04012,443858.7026558014,217004.04022262504
36027,2022,7,1,36079,408641.7012946952,463007.6436303117
22029,2020,4,1,22077,123671.53478659126,169732.02652904805
39139,2025,4,5,"39083,39117,39005,39033,39077",179154.12076432988,217437.35529256464
55025,2020,7,1,55055,318285.3519824517,238295.3321556314
16005,2024,8,1,16071,342109.7039690982,325648.06000303506
20205,2022,6,1,20207,96880.01718727218,98314.73938575789
08091,2020,7,1,08053,491077.4582941735,349426.1364735423
26051,2021,9,2,"26129,26011",144504.73971412948,130033.41787058927
05111,2025,2,1,05067,128358.03596045724,101117.04478652908
18105,2022,4,1,18109,278885.9991038812,260038.2708574292
30067,2022,9,2,"30059,30031",611675.1581814542,489366.1041055859
50027,2020,5,1,50017,274465.74303070497,244755.82438280652
08013,2021,6,1,08047,663299.679097972,487545.52515061566
35061,2024,7,1,35006,299125.9708420521,146115.52714103097
13315,2020,6,1,13017,94787.90730335064,80796.0158068103
51197,2021,8,1,51021,160785.45441557583,156130.27610519223
22073,2024,4,1,22049,172391.64201336805,117293.90126361702
48051,2021,6,1,48287,276393.47682106635,309700.09507059795
26123,2023,7,1,26105,215807.68301778735,247495.63977979776
54085,2024,10,1,54073,126390.23393618502,161842.37626779798
17055,2021,3,1,17165,115696.35072727573,85108.83554769725
20205,2025,7,1,20133,107197.69613589188,103231.7984475078
39149,2021,8,1,39021,177609.0697103083,187358.8839016466
16079,2024,9,1,16035,268626.8091865472,297470.7771085962
47041,2025,5,1,47159,297782.02353506937,301218.91807547497
19163,2025,4,1,19045,234527.96437325169,166485.99085977234
37099,2025,7,1,37113,443061.8684369619,355214.6991070186
35049,2021,12,1,35028,492225.8676374491,467363.0656633203
51199,2024,8,1,51735,444302.7969510159,443962.8238142709
46123,2024,8,1,31103,184623.56492417832,281810.1546621543
51710,2021,8,1,51131,256947.9237675738,232582.9589997333
05119,2025,6,1,05053,200111.7404056273,196417.84780583007
42107,2022,7,3,"42077,42025,42043",133341.77724876595,257113.73657534248
26165,2023,7,2,"26101,26079",196089.31520169225,216999.99181183107
47163,2020,7,1,51520,169627.1128589002,107920.09571398392
27111,2024,7,1,27041,299107.3234070312,321026.79842349555
28045,2023,4,1,22087,225517.3944397075,229905.99793465596
31067,2024,8,2,"31097,31095",180535.6768666925,162795.6307282111
51149,2025,5,1,51670,343041.96448520647,210837.51228136185
40113,2024,5,1,40103,204531.903201693,142095.14105380536
37133,2025,5,1,37141,281096.61775620753,439656.4734618741
29223,2023,7,1,29123,127445.02546694412,152688.5327172272
13267,2023,8,2,"13279,13107",170090.85558879114,134048.02356814686
51027,2025,3,1,21195,87632.38314952097,116071.03444714627
22109,2021,3,1,22007,199846.5105226652,158935.58952807492
22111,2023,5,2,"22067,05003",146193.8660298053,105184.54424548097
47163,2023,8,1,51520,240495.47645261855,167022.74073653485
27155,2023,7,1,27011,131979.2662426393,172942.7923641852
29061,2020,8,1,29117,157197.3359688434,122373.9697168938
31089,2021,8,1,31015,154559.07385405677,198694.3657972055
01077,2023,1,2,"47071,28141",207235.2695460145,176408.30110070278
46057,2023,8,1,46011,276686.67840927676,279383.21725350985
51153,2021,5,1,51685,476471.7205624082,371500.287711967
13057,2024,8,1,13117,479846.47671983455,637075.1461135232
05129,2024,5,1,05137,176212.15002049415,195688.68791894964
42123,2023,7,2,"42039,42049",124824.95376459842,167249.16527272022
42037,2025,4,1,42093,228796.08123104484,264611.54964253394
51155,2023,9,2,"51021,51750",209219.00050274257,200874.43196549633
47133,2025,9,2,"47049,47137",250288.4048766993,242114.59024622838
01113,2022,2,2,"13053,13259",165224.186683427,120346.82115531937
56023,2021,7,1,16007,356529.11386473424,318676.30384242814
13147,2023,8,1,13195,294711.9911352527,283150.8425174941
05061,2025,4,2,"05113,05109",151441.4273738227,181342.98636314255
48471,2021,4,1,48455,231541.59523175223,163527.69738315293
08041,2020,5,1,08119,354135.78841582924,344495.42104697274
34041,2025,5,2,"34037,42089",412346.4560068363,367205.7768487077
23005,2020,9,1,23023,357996.43071684614,268101.21217141574
31021,2025,9,1,31173,177302.74075424997,147977.97455631066
22105,2024,2,1,28005,220810.32611932897,148797.1986019279
28093,2022,5,1,28137,194593.9783509185,207592.003448738
21201,2023,1,1,21069,166211.6370560959,143023.8127844541
26021,2023,4,1,18141,241500.89494717796,190839.59604689773
21181,2021,7,2,"21201,21173",146964.94981205603,154969.35855352046
51199,2021,7,2,"51131,51735",367147.1489950715,306569.72061105
16039,2024,5,1,16083,341467.455425327,357566.78006870084
13257,2023,7,1,13011,219985.1821595869,318567.52686529333
13153,2024,6,2,"13193,13225",240016.13892477425,170061.05179738952
06073,2022,8,1,06025,903694.4357443724,313499.4106167201
29186,2025,4,1,29157,240217.27710506952,213140.46168005944
30029,2024,8,1,30053,636811.1801483845,412557.6089464599
41035,2020,8,3,"06049,41029,41037",200045.2177336194,197577.26389770446
49035,2022,9,1,49029,564826.1195091594,711649.306374991
28145,2020,2,1,28009,148540.3779003447,132330.71700259045
45029,2024,6,2,"45005,45049",252955.2171977611,125126.6470491955
40121,2024,6,1,40005,140420.56890033916,200519.89261955008
27111,2021,6,3,"27041,27153,27159",252041.80428313455,213486.98607304017
38023,2023,8,1,30091,,177761.7091497033
20077,2023,2,2,"40053,40003",78191.77499621942,117936.82329273538
28059,2025,4,1,28039,212574.56535637088,205785.02668842385
36121,2025,5,1,36037,196371.48286120477,208234.02836327185
27141,2023,8,2,"27009,27095",361996.9047044988,278171.80859514314
51163,2024,3,2,"51678,51530",306153.29794968414,236571.69846009836
47157,2023,9,3,"47167,28033,05035",223287.1092070186,235457.64585494052
20007,2024,7,2,"20097,40003",87982.50123937741,140133.95882393548
28035,2025,8,1,28111,184624.1942524747,141821.50757560416
39167,2024,6,1,54073,168731.32604039807,156168.3416850172
26127,2023,6,1,26105,233166.03402162893,247404.71315913703
20073,2022,6,1,20207,90676.48725648376,98314.73938575789
17159,2021,10,1,17079,106328.93194675483,130390.45387765858
38063,2024,8,1,38099,157086.90363894904,156550.31499718124
41011,2023,12,2,"41019,41015",353366.03282946657,394541.7700507282
13175,2021,2,2,"13309,13283",150025.54917112284,115788.67742455765
18169,2023,6,1,18103,160443.21484642258,130796.59691408534
26137,2023,6,5,"26079,26135,26119,26031,26029",222655.72029278683,221653.9392297403
18085,2021,8,1,18169,223144.97499079537,141152.4388759331
35037,2025,9,1,35009,112283.60968961916,154267.27340773004
13289,2025,4,3,"13023,13175,13319",111574.53161706153,164297.737239192
39089,2023,4,1,39083,295485.33111556905,234558.41570990536
48399,2022,7,1,48081,148625.39321631944,174377.91150388404
51003,2022,6,1,51540,488706.82296604966,457600.81217096606
35053,2024,9,2,"35006,35003",186356.6924653053,179462.62958693638
54095,2025,3,1,54073,120394.72585535636,165520.8031771716
31133,2022,10,1,31147,162924.27774340173,115966.58208105135
48199,2022,1,3,"48457,48373,48241",222866.291162407,191525.569229982
13063,2023,2,5,"13151,13089,13113,13255,13121",244594.61241731292,363818.0578910101
17001,2025,8,2,"29111,17009",167579.65684452505,165473.57767458173
50023,2020,10,1,50017,280483.70846052776,258237.9155741532
39121,2021,7,1,39115,154585.46354398516,132851.85288868702
06087,2021,12,2,"06069,06085",1077993.467414438,1130757.8199521145
29039,2022,5,1,29185,191586.7069563268,187990.29837204015
41051,2021,1,2,"41027,53011",465466.3706173287,485714.8541875329
17095,2021,6,1,17175,93691.68960288732,126152.87533901977
47141,2022,8,1,47087,292000.43223205133,205128.73925918643
22037,2025,4,1,22091,224122.04092833807,172156.9298101803
34015,2023,9,1,34011,334242.77112471004,245439.06730509448
48479,2024,5,2,"48323,48247",208478.5583292445,154928.77822624863
13153,2021,5,2,"13023,13021",178938.89757966992,125985.24996213592
21103,2020,7,1,21223,161086.53194849528,148505.44876359796
27049,2024,8,1,55091,304883.3018590282,236532.3765152231
30097,2024,6,1,30037,412655.44437346474,219884.14220130217
29021,2020,7,1,20043,128333.8063495772,104928.843683136
38035,2023,7,1,38063,253304.72773854132,161681.15238698036
32031,2024,11,1,32029,562961.2212206611,485677.0850592284
54015,2024,2,1,54067,118500.75712945912,136399.35858801278
31127,2022,8,1,31147,154427.3091916558,115093.9185385893
08073,2020,7,1,08025,184751.33016377248,126326.48184617936
29075,2023,6,1,29003,117893.75211464692,246650.95807272856
22015,2022,3,1,22081,217909.6616325299,154106.10707910638
16057,2022,6,1,16009,438775.26348139625,354208.34363989654
17149,2020,6,1,17013,82348.79441299668,158166.92658149605
13001,2024,7,1,13279,163592.59097331107,162140.0491764728
27143,2024,8,1,27079,261905.1419101803,332227.0104103831
29125,2025,5,2,"29073,29151",233231.7219254285,244805.0127000893
21111,2025,5,1,18043,259131.51572589393,275481.2855893325
17195,2025,8,1,19045,133393.85873145712,167605.730905593
40031,2021,9,1,40033,121454.45467949762,82453.11677150932
28041,2024,8,1,28111,126695.67182034873,153690.27185436655
05017,2022,5,1,22067,113283.27895517946,109197.75543715096
18057,2021,12,1,18159,380810.7185038671,182563.36226994972
48451,2020,8,1,48095,177975.96545756477,177259.6830995765
21057,2022,7,1,47027,155085.49547618965,184840.9317858925
54087,2020,1,2,"54105,54035",100109.40880646906,110525.47480970256
26133,2021,8,1,26113,158306.80886296512,194961.80502904495
17067,2020,11,1,17169,97707.485551594,119862.5213579962
17175,2025,5,1,17123,123874.6087348361,128338.25460354028
48099,2023,3,1,48193,228779.83432620275,249581.36519787964
48041,2020,7,1,48313,236321.1431475717,179767.64560461356
51087,2023,7,1,51036,368561.56908026966,265421.77144692006
13081,2024,4,2,"13261,13315",137455.2164587788,134292.97868805594
45015,2020,8,1,45089,252829.76973069535,103574.16645920614
04025,2021,12,1,04012,466556.7534784714,231286.64670531088
45027,2022,6,1,45089,207848.82846961624,134119.23480225334
51141,2024,4,1,51063,194303.1942216655,249548.4421993092
38017,2023,5,1,38003,301245.30274976295,174867.92028970315
42073,2025,7,1,39099,156240.60164719887,162505.80324370984
28085,2021,1,2,"28147,28005",162662.3035012537,146082.33249471232
37053,2023,7,1,37177,509036.4427550288,168633.01518823873
41019,2020,7,4,"41029,41011,41015,41033",237558.3129906716,308338.100689846
17021,2023,7,1,17173,105394.90422803874,142907.19109526055
31139,2025,7,2,"31179,31167",237576.58880251308,242180.4680134228
45003,2024,4,1,45011,224809.7645639039,161589.24287294247
08041,2023,10,1,08043,465519.9733353423,326892.25610405265
51191,2022,7,2,"51520,51167",211505.5990617895,140835.5305426614
26073,2023,6,1,26111,206460.6269054732,209205.7174909131
48033,2022,5,1,48115,,118939.1148952651
19053,2022,11,1,19185,161849.70454808758,125858.3069402938
22013,2024,4,1,22049,117544.48304006142,117293.90126361702
17055,2021,7,1,17165,113243.3109266306,83034.50768592356
16037,2020,5,1,16059,217205.0116683635,208910.93258398445
26063,2025,4,2,"26011,26069",187642.45531527497,157608.9618636219
19163,2025,8,1,19045,234886.96251893905,167605.730905593
34003,2024,5,1,36005,696126.5094493601,458568.1070839842
18091,2024,5,1,18149,233320.34467666503,197045.35476683007
29183,2021,7,1,17083,300520.116388519,164199.3205385737
22097,2020,12,2,"22077,22039",152705.65711225953,150061.49257587024
16027,2022,8,1,16045,453076.0343127102,489685.4744491504
08109,2021,8,4,"08079,08003,08053,08105",216874.69681202492,310437.7510256465
46009,2020,4,1,31107,133595.07209721836,137681.8126965769
16001,2023,8,1,16045,495208.5911622112,445847.569909475
48109,2023,8,1,48243,134011.6403343347,247818.74558112535
13237,2024,6,2,"13133,13141",394428.0867986832,401867.89337419276
34009,2024,8,1,34001,725805.0176946074,351832.9594223898
28133,2021,8,2,"28027,28135",129879.66620202396,113509.08670612505
18053,2023,4,2,"18009,18103",125956.39158921556,121040.83938698085
05001,2024,2,1,05107,114260.74179015134,52508.01954572634
35035,2020,8,1,48141,148859.34542556162,150697.4640093815
47015,2024,7,1,47177,293784.26304004126,253108.86840535552
28077,2021,3,1,28147,127346.14327710148,144156.0722546149
29219,2022,3,1,29073,287209.78886720544,198534.47724727573
30025,2024,7,1,30109,169710.3079330107,195664.67692069887
05081,2021,12,1,05133,136535.6138608153,152281.53139569683
13271,2022,5,1,13309,112296.01446960444,125503.558210233
42027,2022,5,1,42087,306906.8183029324,150284.536581433
51153,2021,9,1,51685,490392.9061651612,381714.8137310223
35015,2023,6,1,35005,237971.809494996,176086.18034636058
39139,2022,7,1,39005,154291.8260348556,193944.4059864992
21159,2021,7,1,21115,97917.20957707363,118942.52791337104
29023,2023,6,2,"29069,05021",147072.39375503696,104915.11400866215
37171,2025,6,1,37005,224411.118236096,269358.42691542505
27051,2024,7,3,"27041,27149,27121",206378.9513325343,270370.86063207156
19111,2021,3,1,19087,105971.69892720424,153011.74400326776
27013,2022,9,1,27103,264280.6948898884,273032.03111687885
35001,2024,7,1,35006,337212.88866673544,146115.52714103097
01005,2022,7,1,13259,156416.5448771383,97645.2733364148
17109,2022,8,1,17071,90054.78350557905,119089.012055314
13145,2024,4,1,01017,344790.4192495592,138029.26635582352
29219,2025,4,1,29073,324573.70516558917,233059.66840004185
05111,2022,5,1,05037,123294.25508183744,136715.48414258388
16039,2021,8,3,"16025,16015,16047",307031.347830389,368398.67775199615
01113,2022,6,2,"13053,13259",171001.22251960306,119679.75615698769
21127,2025,7,3,"21175,21159,21063",157558.17837158288,149686.32066956407
31033,2025,5,1,08115,160075.67338754842,169608.8932748068
05061,2025,8,2,"05113,05109",153578.74767205355,181627.1879000882
39109,2021,8,1,39021,203608.0012930897,187358.8839016466
48183,2021,4,1,48459,165856.9314103695,188558.45461958623
05095,2022,1,2,"05123,05077",111687.15938065544,109910.44589838287
48423,2021,3,1,48459,202059.61013483535,186453.50976553935
21043,2025,5,2,"21205,21063",171038.9860532486,180997.71003721253
42121,2025,7,1,42039,128994.19823483838,146562.7423818203
41005,2021,1,1,41027,499534.63664339966,543291.8477542419
26021,2023,8,1,18141,247064.88206673448,198228.95827099044
35006,2025,9,1,35003,150971.44647982597,210297.1432680334
33009,2020,7,1,50017,232720.66480984652,247767.11967514895
29127,2020,6,1,29205,123128.08977267648,105221.75274586258
51093,2023,6,2,"51095,51620",362857.89084046334,320587.4772129342
28071,2024,7,2,"28161,28107",358723.3447446783,169380.23992149974
16039,2024,9,1,16083,343903.4136274027,359700.4420463091
06073,2022,12,1,06025,862218.1615346601,307479.7936764521
39075,2022,5,1,39005,302517.7533752876,190181.49222536315
48437,2024,8,1,48153,110998.13613823276,95136.46411991348
12043,2024,7,1,12055,266711.9162311644,241929.00627770144
17135,2024,8,1,17005,105184.7436814105,150514.78225918417
48221,2021,12,1,48143,351233.7684872062,283425.1148860176
13069,2021,2,1,13161,142106.93116623664,110060.61720068114
13029,2025,8,1,13109,403334.8288776579,164469.84341544495
28145,2020,6,1,28009,153171.7741695177,137742.83319713396
27111,2021,10,3,"27041,27153,27159",258618.62918709384,223951.76778674396
55119,2023,10,2,"55107,55069",210885.76182890873,197069.8109243611
29147,2023,5,2,"19145,29003",205626.56372707817,188360.2169137756
08089,2021,9,1,08011,146211.1904231579,144907.4612652079
20105,2025,6,2,"20123,20141",116463.72438239318,114617.18537323533
33009,2023,8,3,"33013,50005,50009",376719.9069038743,311676.4717521257
20077,2023,6,2,"40053,40003",80661.75051797209,116698.5356902077
48037,2022,9,1,05081,204427.67685573225,135430.43029721177
22063,2025,6,2,"22091,22095",243828.2144755832,184057.0886558878
13239,2023,8,1,13259,119830.48775013482,88459.46363069995
37133,2022,8,1,37141,246437.86952439605,413419.8162545772
21083,2024,2,1,21157,145868.62998857172,181541.37463835572
16005,2021,9,1,16041,297711.58511762664,396186.88171129813
29087,2020,3,4,"31127,20043,31147,29005",,97814.2495512714
22117,2021,7,2,"28113,28147",142193.9920036533,133502.92602696118
17101,2025,6,2,"17159,17185",108627.0397255916,118417.42346514831
21045,2025,6,1,21199,155896.56469952504,179552.7114575042
26027,2023,6,2,"26149,18141",242105.15724358996,192931.33595589153
27097,2024,8,2,"27009,27095",288822.4022876634,287502.71751481586
55121,2023,10,1,55035,228065.5025033644,291910.05714097986
06065,2023,3,2,"04012,06025",577163.0408241804,279372.32710025494
13121,2024,7,1,13117,441686.0121859084,637180.585085005
13175,2021,6,3,"13023,13309,13283",156946.42748714468,125756.49837871583
17121,2025,4,1,17081,110270.66774766194,126006.2223311034
19033,2020,3,1,19067,134291.83246021206,113799.8561533253
19003,2023,7,1,19145,133402.47375620806,132860.06226388484
40071,2022,6,1,40053,107514.87779476904,120249.88801732066
17025,2021,7,1,17079,94154.2462789502,131594.50170482884
22125,2020,4,2,"22037,22077",265083.5731399527,190179.729839816
27051,2021,6,2,"27041,27149",166470.5635583957,222739.92315709905
19007,2021,6,1,29197,119162.32431081744,138849.250566735
48339,2025,7,1,48407,345359.19810688397,242438.14034902313
13179,2024,5,1,13029,235902.58149061768,396329.0065310784
32001,2025,5,1,32015,382978.7452854889,250778.08841103828
29087,2023,4,2,"29003,31147",,178523.9009228259
20057,2024,9,2,"20097,20083",204857.5921544109,155855.49690042023
39159,2023,7,1,39101,375988.4773336174,155796.9620976031
13145,2021,3,1,13263,278402.28532868926,156120.66514676876
12081,2021,9,1,12027,364629.6159411466,205687.61678337763
05061,2022,7,1,05081,148083.41938073016,135851.22601940844
16075,2024,6,1,16087,392015.893885396,369465.5556586262
18155,2024,5,1,18115,215653.51846090777,257110.85837278748
26077,2023,3,2,"26149,26023",236056.45492318692,184968.10446687805
29161,2024,11,1,29073,218916.60872901123,225569.01744797
26055,2022,6,2,"26019,26079",354719.93546993035,279990.5146199793
48281,2022,4,1,48333,290866.1898244497,412148.6770555011
31145,2025,8,1,31065,168855.20632972717,134518.100019757
05015,2024,3,1,05101,249407.2583615658,222377.38619393168
29095,2024,8,2,"29107,29101",239394.3653660064,239691.68143346417
39167,2023,2,1,39115,163560.12230335103,140048.8197764786
28109,2023,4,3,"28073,28091,28035",168403.301182242,182243.51822867655
16031,2024,5,2,"16071,16083",322574.418982324,340809.7184065797
48085,2025,8,1,48231,499399.94583529024,277939.0171508113
12057,2024,5,1,12049,401943.0667464733,229489.56789415443
19089,2020,9,1,19067,123327.80361121664,117986.97614774852
48479,2024,9,2,"48323,48247",207256.69404925196,153621.6342726481
05013,2025,9,3,"05039,05011,05025",126620.57562536176,117662.78208269192
51027,2022,4,1,51167,88768.88470281851,128296.02253559204
37115,2023,1,1,47171,360705.12054687896,201940.33928897532
55127,2020,8,1,55055,267696.7247452915,239839.67444381965
06105,2025,7,1,06093,251242.90630180397,285407.3870821478
28033,2021,3,1,05035,235044.84752816503,141164.80209197733
13297,2022,6,3,"13219,13013,13247",362997.0258261549,379878.53385284956
35003,2022,6,1,04011,230864.5926329604,233330.34301582072
13193,2021,3,1,13249,87743.6629459799,145513.47350825963
48225,2021,7,1,48455,231318.59456071988,169963.7261506137
20105,2022,5,1,20123,107753.04415062565,119571.31417925544
54015,2024,6,1,54067,124402.94404766602,141898.81361892336
49037,2024,6,1,08033,346854.3952677501,310406.06533312326
48413,2022,3,1,48435,,175299.3210796401
48135,2021,6,1,48461,222350.58493733045,139938.8348644846
39031,2021,7,1,39083,139098.33438284296,210326.19838878527
29199,2020,4,1,29103,93259.1311890895,115077.88927115452
55083,2020,8,1,55078,169818.84362407267,190199.61318766148
29019,2024,8,3,"29053,29175,29089",310131.8843288358,198816.2377511464
37121,2024,8,1,37011,238007.98524600032,396383.13083166425
44005,2021,11,1,44001,577310.4983602394,492501.3659223596
18083,2023,6,1,17033,132611.2362775336,123578.6608849553
39137,2025,6,2,"39173,39063",235271.9825978348,232524.9888974554
31133,2024,7,1,31097,167669.3739103932,193274.25251876353
28047,2020,12,1,28109,171282.63961053037,147347.03883257156
54007,2024,6,1,54067,142189.48897506247,141898.81361892336
28147,2024,2,1,28077,157686.3593863306,126416.42455192066
13161,2023,1,2,"13309,13279",134832.6859423871,131910.558807099
55053,2023,4,2,"55035,55141",189505.7475584352,231039.4584866466
19123,2025,6,1,19107,182228.41516474175,131465.88998533651
04003,2023,5,1,04023,247986.6615942254,265198.85313732084
31091,2025,5,1,31171,128771.673671828,196666.38414166347
08117,2024,6,2,"08019,08065",1004798.1092711502,529006.7515352713
41017,2022,8,3,"41037,41035,41013",708925.847296788,315597.5627905705
46039,2022,9,1,27081,290075.87964535883,171724.20021867912
29169,2024,11,1,29105,208496.04810153632,221487.68709272455
19185,2020,7,1,29129,88345.45094471064,103146.00118036264
54107,2023,7,1,54105,158893.72687576024,111946.44737681311
13061,2021,6,1,13037,147369.26670965648,105290.7386189018
13233,2024,7,1,13143,222413.65663330737,270459.0054784463
13001,2023,3,1,13279,145199.61801039745,140772.80315131965
39133,2021,5,1,39099,209897.7507832559,115426.61056566588
48049,2020,5,1,48333,140763.02704115838,311608.3665502993
12015,2022,11,1,12027,386159.83173871104,267599.7000456264
01049,2024,9,1,13295,201360.76044569176,238284.73976610912
30001,2025,7,2,"30057,30023",390992.82380030426,508289.52320417156
45003,2024,8,1,45011,229178.98822820673,161542.4728264781
28127,2023,12,1,28077,139821.59384132383,127822.74598506503
30021,2024,6,1,30109,188390.75962846167,197347.30846496052
55095,2023,8,1,55005,302054.60742919176,248558.61306938468
29033,2021,6,1,29107,125798.54065229231,175859.8770819887
13095,2021,7,1,13037,98041.0221159875,106598.72936361168
37041,2021,6,1,37073,181539.31708525587,175139.11029893032
48215,2025,6,2,"48489,48047",191081.63650518368,133424.5614602781
20131,2022,6,1,31147,196049.5354639491,111921.2247189607
16071,2020,5,2,"49005,16041",186949.14101750185,292491.90056528844
17049,2022,5,1,17079,196433.4932896162,138271.50716700996
26063,2025,8,2,"26011,26069",183358.1259496964,155011.19533036143
49007,2021,7,1,49039,190451.64786783975,289861.665034928
08077,2022,7,2,"08051,08029",391644.35267545487,539502.6642227317
39039,2025,4,1,39171,176019.93824443663,173648.6518105841
29181,2025,9,1,05121,144063.3762058197,139927.90605427712
34003,2024,9,2,"34031,36005",712174.5880784695,508730.50155896996
13001,2021,10,1,13279,145637.58066283405,133561.7367052087
19113,2025,4,2,"19055,19105",226011.9788256356,223769.01056098525
55003,2020,9,1,27075,145611.4218341495,174612.20480158456
06103,2024,2,1,06105,311038.42232231033,273385.8393259626
28047,2022,5,1,28045,209023.4376105687,234029.2238174611
22051,2025,4,1,22095,246358.30565266704,208244.5166683769
26035,2024,8,1,26143,142636.31638282255,179603.27261791797
46009,2020,8,1,31107,132485.22566220156,144904.80670893996
18073,2024,8,3,"18181,18111,18149",273467.62210025574,203793.74642408593
48427,2020,6,1,48247,143261.21183287233,115519.76123520668
08067,2024,8,2,"08033,08111",653859.0812171991,431949.62173743325
16071,2023,6,2,"49003,49005",317385.8650938683,439183.0567494475
17191,2023,3,1,17159,118087.3501766834,123916.77178615502
18099,2024,8,1,18149,239002.0284829191,200945.62815701333
21101,2024,8,1,21233,194964.7938139307,134576.43225420266
51121,2024,4,1,51063,327361.48034616635,249548.4421993092
22117,2024,12,1,28147,128241.19992884882,162250.92935062476
47115,2023,7,2,"47061,13083",240533.7422710436,209175.0324772285
55021,2023,4,1,55047,296506.7733221958,244510.07059890716
40123,2021,7,1,40029,148301.22755849213,98497.4163231146
29111,2022,9,1,29103,169814.6005750512,154736.04788400367
49053,2020,6,2,"32017,49021",354995.42251006747,216590.37313724216
37029,2021,7,1,37073,296271.93154470815,175745.9551943771
40119,2023,5,1,40103,215269.2255598728,138014.5805952194
22029,2022,5,2,"22125,22025",127325.282833509,222180.20707799963
40059,2020,6,1,20033,57607.877508994134,70525.4477191561
35015,2023,10,1,35005,240237.6374099847,166879.1120342967
19033,2023,8,2,"19189,19195",179580.36177052406,150641.03191590525
46027,2020,6,1,31027,179232.19975249495,157065.19696666158
06099,2025,4,1,06109,469812.917043587,403181.2340065869
48067,2021,5,1,48315,157937.96607960665,136502.0154770642
29183,2020,3,2,"17013,17083",257022.6391619744,153270.2612491553
01047,2025,5,1,01131,87877.08037708869,137102.7696675195
21139,2023,4,1,17069,135245.43333596413,106459.72590117287
01113,2022,10,2,"13053,13259",173329.54726482191,114592.34790042964
48035,2020,5,1,48425,171867.8876525352,266948.52755863284
22115,2021,12,1,22003,150399.3317369357,125065.98480264677
39009,2021,8,1,39115,149656.3979717548,133064.91122116416
48427,2025,5,1,48047,145567.69733671084,87632.90826733988
05095,2022,5,2,"05123,05077",107011.01481525991,107290.62301678842
21043,2025,9,2,"21205,21063",166725.13867233487,175977.36381707876
48423,2021,7,1,48459,213949.35172776887,198582.83507138243
13221,2024,2,3,"13317,13133,13195",289814.78572603414,344164.6324762619
48215,2022,5,1,48489,168600.52139194513,237652.10145130393
22033,2025,6,1,22091,232360.17189649385,167275.08430323587
06017,2024,7,1,06005,659989.4185527422,436398.81444342947
13291,2020,6,1,13281,230109.29308930764,247909.1777685047
26103,2024,6,3,"26013,26071,26083",217368.83451043663,147108.6758303844
22021,2023,6,1,22025,137982.39032597924,118100.16960174318
21011,2021,7,1,21173,127623.56968165602,170012.78403480895
30063,2024,8,2,"16035,30039",556831.0276011083,360808.44440305047
55027,2023,5,1,55047,262145.5081522961,246827.6290453213
05095,2025,6,1,05077,89458.74055747227,108968.94235203182
51195,2023,2,1,51720,119129.97346964791,109376.6943772322
27001,2024,7,2,"27065,27095",248524.63078278064,271704.99462160625
05147,2020,12,1,05123,80078.70288283027,89847.56500744449
05133,2024,12,1,05113,161415.90923073186,181970.44377486172
46013,2023,6,2,"38081,46045",212509.2620797729,200604.35047925267
28035,2024,7,1,28111,184215.5075316981,154164.5991244235
13241,2025,6,2,"37113,13281",399461.70666686137,373652.8701616585
19187,2023,5,1,19079,130893.85506645017,141472.3481622089
37069,2022,5,1,37185,347143.97352991195,226574.07632013355
06065,2023,7,1,04012,585641.0628201293,255323.1919548642
45003,2021,5,1,45011,195631.03224613468,156743.66559287926
53043,2024,6,1,53025,308465.3304556669,352357.2842343417
37143,2021,6,1,37073,212494.29544139377,175139.11029893032
06029,2022,8,1,06079,339860.992577637,850233.1463148914
19033,2020,7,1,19067,135995.56663743148,115779.56084022851
27051,2021,10,2,"27041,27149",181358.4644737182,226215.33681471372
30069,2022,6,1,30027,181902.1984362665,263556.1773071255
01119,2022,2,1,01107,122265.07655611228,144912.1790609852
42083,2025,6,1,42023,108390.78663796277,91500.0078864398
32001,2025,9,1,32015,383560.96760441456,246929.9237667902
08071,2025,9,3,"08023,08089,08011",252353.84919353656,159768.59787921765
06071,2022,3,1,04012,515728.07586306706,237494.63774786377
08097,2025,5,5,"08037,08015,08045,08051,08065",2453210.160285026,765155.1451740236
28021,2022,5,1,28063,146750.1877821641,177661.50689700383
05061,2022,11,1,05081,146583.05711127154,133867.97454141182
49045,2020,5,1,32033,320620.4926772767,150105.03601018558
18155,2024,9,1,18115,223094.9587444742,261739.7495689883
37115,2020,4,1,37199,256280.1429368228,201172.84644651125
12029,2024,4,1,12041,208205.76055852484,290603.9408721484
35051,2024,7,1,35003,170383.72935287838,213544.00249060604
45073,2021,4,2,"37113,37099",212235.9668777706,290537.5905188301
22033,2022,5,3,"22037,22047,22121",225628.29065136125,204808.59529264327
48101,2022,10,2,"48155,48197",61400.92646221822,123450.41242297943
31055,2024,8,1,31053,287853.6632385526,221872.21610855637
16031,2024,9,2,"16071,16083",320620.8046944734,342953.90431704686
32017,2023,3,2,"49001,49027",222758.348506292,284418.39610367466
49037,2021,9,1,08033,302352.1737452491,283961.78206613014
37175,2021,3,2,"37099,37087",329042.97438204364,289383.4669540149
13139,2024,2,2,"13013,13117",388441.83069951646,481408.32677450706
55061,2020,1,1,26019,186820.22836742536,228298.18720364643
40037,2024,5,1,40119,199707.02305280996,224152.32330527017
05101,2025,6,1,05129,238799.71806034227,165056.68324558088
49013,2020,6,1,49007,211778.34527344425,157318.54920463328
18035,2023,6,1,18009,142641.6318831443,115197.8737294044
06039,2025,3,1,06109,419470.11937973974,404637.2080854702
13177,2024,1,1,13261,249077.6793489162,131033.1692279437
28139,2020,1,2,"47069,28009",118723.28559009849,116706.58774283547
20105,2022,9,1,20123,110582.45513828743,124188.68370009244
29223,2022,7,1,29093,132372.06384667312,141301.8834312487
30027,2024,7,1,30037,275996.04352467874,220065.4846085969
06039,2020,9,1,06051,293776.7481213309,515713.88874368457
49041,2022,5,1,49039,292467.3614938364,349027.95475595817
21033,2021,6,2,"21233,21143",121629.81758023826,126300.23761899167
05097,2025,6,3,"05113,05019,05109",201010.18608499216,172933.80990361443
34025,2024,5,2,"36085,36081",709079.3008818086,671309.6220628684
18075,2021,8,1,18009,120827.57850117703,97898.7601989595
19057,2022,5,1,17071,134180.56876427072,121788.13114036452
21009,2024,6,1,21061,201974.0132200128,184208.46900983396
20201,2020,7,2,"31095,31067",111995.1942113185,110179.0772147002
40073,2023,5,1,40093,208890.9997619857,150459.28323441555
48251,2020,1,1,48425,239808.63339363565,263534.50155248074
06055,2021,1,3,"06033,06095,06113",781972.6727297249,440913.69220606907
21127,2021,2,1,21115,122637.51583407128,113810.26534873612
16049,2024,9,1,16035,338292.7909815216,297470.7771085962
48467,2021,3,1,48379,233438.33387522015,229627.5160803323
29199,2020,8,1,29103,98048.70027003351,119558.97950290932
41061,2023,5,1,41063,289505.4476980762,398784.6838827731
53027,2024,7,5,"53067,53049,53041,53045,53031",326133.89483924414,456482.82535984804
29051,2025,5,1,29151,262136.23395531843,258518.6076426063
22099,2021,1,2,"22047,22077",159300.91750047568,165329.02156923906
48115,2020,5,1,48165,109370.46083596938,193031.37553495413
17131,2025,8,1,19115,151324.89640234143,161949.31355169122
13119,2024,2,1,13195,265942.0332839198,290280.283479999
01129,2023,4,2,"28041,01023",153558.04869148883,137995.9914952232
13285,2023,2,2,"13199,13145",201954.87824345464,259592.5666637948
35017,2022,7,1,04011,212396.97627767743,234815.03458385845
39037,2020,5,1,18075,127911.4453752355,100522.31456836464
20011,2024,4,1,20107,122807.04108914374,148984.67045634784
29095,2021,11,1,29107,198349.3795538576,180895.70743855272
17033,2020,4,1,17079,118573.49055339536,112852.75560399954
26019,2021,6,1,26089,295858.87291307934,480824.64129633433
47011,2024,8,1,47121,310346.40401135705,288100.0401775256
23011,2024,7,1,23023,305709.9793420424,418693.8340294233
20075,2025,8,1,08099,147457.1955332974,175212.29653035477
45043,2020,4,1,45089,248385.26298305017,101659.16880165992
13161,2021,12,2,"13309,13005",123521.2757409848,123378.64808079404
32023,2022,6,1,32001,355310.8631881505,376336.3746885603
56045,2022,7,1,56009,220564.42884575148,268939.820238726
18127,2024,5,1,18149,314240.28948774276,197045.35476683007
17101,2024,2,1,17033,103613.9939428704,123392.5341599013
39031,2023,4,2,"39075,39083",156713.00595626587,273207.0599365561
32011,2024,9,1,32015,165479.75185323742,251039.4446735471
01033,2022,5,1,28141,173443.92303346007,174118.09626295845
19027,2023,8,1,19165,175938.23673046016,183375.25643058855
19113,2025,8,2,"19055,19105",227905.37121918375,223862.19262874557
16043,2023,8,1,56039,429967.2196504953,2084901.049880923
28157,2020,4,1,22037,115117.22706160371,210627.4331505839
48157,2020,5,1,48481,274028.661850965,210711.83916691612
28131,2024,12,2,"28039,28111",194719.56260602493,175629.90008653305
17005,2021,8,1,17027,137372.54722403988,168062.62577993338
06015,2024,11,1,41033,371149.4495033238,392572.3141750021
13109,2021,6,1,13031,145730.10982236898,186902.24771265595
13009,2022,8,1,13319,213148.6818353017,136305.31855424217
53041,2021,11,5,"53027,53067,53077,53053,53059",378941.47285979753,418150.79194617755
08043,2024,8,2,"08109,08015",333169.5397288482,446582.05234822206
48083,2020,5,1,48095,129905.85902526425,169269.21057226165
40119,2023,9,1,40103,219300.42128037484,138875.1033890193
41057,2022,1,1,41071,488289.6734715407,480156.4416808602
10001,2025,5,2,"24029,24035",361180.0673382065,445493.86003132106
35053,2025,7,2,"35057,35003",188778.9569430121,211226.1849347512
31143,2023,7,1,31159,187962.94657723044,272170.5744087502
46027,2020,10,1,31027,184867.3177625289,166077.67413339825
23005,2024,6,1,23023,547664.1474967214,417802.6507342071
54099,2020,1,1,21159,101603.68092113423,73131.24456226524
54085,2025,6,1,54073,119832.19887798897,162037.77063468416
31107,2022,7,3,"46009,46135,46023",181772.48696302413,217453.4035100784
47043,2024,7,2,"47081,47085",350988.74490956945,211736.3024262517
34001,2023,12,1,34011,332920.58712474356,248559.67262371033
39157,2024,4,1,39151,185009.63680408013,189746.38191151177
40063,2021,4,1,40029,90985.2552783694,95632.83550967996
48113,2024,6,1,48397,330001.2553057168,435069.9347375301
18099,2023,4,2,"18131,18141",214511.57441140476,171856.9252465236
06093,2021,1,4,"06049,06023,06015,41033",245186.45557063745,301762.428937524
51710,2022,4,1,51740,272794.57640162436,224424.4756349868
55129,2023,4,2,"55107,55005",277119.9722387411,212174.87109903106
56037,2023,5,2,"49043,56041",262572.91587018926,756181.1922588847
21093,2021,3,1,21163,188498.00431791684,180333.337917523
31023,2025,5,2,"31185,31143",221886.27595894004,213556.5420211653
22013,2021,11,1,22027,118361.7737994918,159946.30908510185
29207,2021,6,1,29069,136432.2494533435,104584.62452378547
13291,2020,10,1,13281,244669.63249151217,260358.33227494903
26103,2024,10,1,26083,220890.8049051544,183870.83233164495
21221,2025,1,1,21033,166598.65218008068,153562.61884003496
19027,2020,7,2,"19165,19009",138018.48155492186,121425.47534424419
56019,2020,6,1,56033,272049.1285804323,302737.0230205245
28123,2025,9,2,"28061,28129",117125.67362206058,150771.47676367237
53075,2022,5,4,"16009,53001,53021,53023",310967.34090884915,305598.2426453803
08117,2021,7,2,"08019,08065",891060.3459536461,455102.5357191154
17165,2023,7,1,17069,94571.46046076348,109698.34910782348
16011,2020,4,1,16029,231621.2638244084,205963.06623918153
37077,2021,4,1,37181,234076.49385186503,150792.5728785556
37061,2022,1,1,37141,140099.41857359666,370101.7381690286
40137,2021,6,1,40033,103585.02985347377,86776.40073457903
48271,2024,5,1,48323,132459.84550208048,218065.6430896616
51067,2024,4,1,51063,327117.8412858077,249548.4421993092
13033,2023,7,2,"13163,13107",172767.6971089777,122850.76994579402
17153,2024,8,1,17003,91303.72063853045,68908.59551097297
50023,2021,6,1,50015,314669.00976121874,426865.3115201539
21069,2024,8,1,21201,165135.47547608524,183954.78195021415
19125,2025,6,1,19117,259919.14631498585,170932.70827398793
54023,2023,6,1,54093,168749.8943748932,201724.3260542336
19067,2024,8,1,19069,142267.40529417965,141438.9726161271
38055,2023,9,1,38083,187172.93662917343,157205.28743875286
51155,2024,5,1,51063,210616.74955257957,251867.2727697924
27007,2020,7,1,27071,175333.71053266557,112138.5606114314
22127,2022,1,1,22021,118960.65009351508,135864.3491290005
20059,2024,5,1,20107,225001.32846959107,150184.90806689576
23005,2021,5,1,23023,419939.40145777585,312315.3709611982
22011,2021,12,1,22003,201683.31021593252,125065.98480264677
19009,2025,7,1,19047,149539.95735127665,167028.36306446636
20013,2023,7,1,31147,124002.34765817152,116075.14513535284
41065,2020,6,1,41027,278906.1323535133,492960.49311242456
47181,2022,5,1,47039,153675.5835452367,168334.24511892724
06071,2022,7,1,04012,538065.2477774896,253884.32786756437
31111,2025,5,1,31047,204913.8312402938,197549.0748762567
05029,2024,3,1,05141,163619.64173262691,164760.6858762256
29221,2022,5,1,29093,175482.93680019156,139890.35638683185
48273,2025,6,1,48047,144234.8746641774,87224.61387650837
19161,2022,8,5,"19021,19035,19093,19027,19025",143098.27656968535,149894.1347683398
51165,2024,7,1,51660,343606.1404132464,302074.10161708505
13287,2020,3,1,13017,103409.42052301588,78808.00046883363
01075,2023,8,1,28087,152235.66851235912,165017.68244538017
32007,2024,8,2,"16083,32015",354099.1448956444,304420.6332371086
28157,2023,11,1,28005,114552.46705053188,153542.78466925264
12029,2024,8,1,12041,209638.2603171339,294360.508962668
30081,2024,9,2,"30039,30023",589363.293707754,352763.735605561
48221,2022,4,2,"48425,48143",376224.6974790876,339680.98708555056
22033,2022,9,4,"22037,22047,22091,22121",227105.19170880993,200732.04537217945
39125,2021,6,1,39137,125484.9307615226,180174.5125932855
18019,2025,5,3,"18043,18143,21223",257492.75275616068,235384.2918544952
53011,2022,11,3,"53059,41009,41051",534052.6025205037,497509.21589253395
55061,2020,5,1,26019,189870.04249732135,240416.4275564532
47031,2023,8,1,47061,286731.8695159481,188898.5907596239
40089,2025,4,1,05113,210102.23494660752,183713.1329420116
47167,2021,3,1,05035,199641.58402357565,141164.80209197733
05071,2024,4,1,05101,178883.0972271232,226070.48685313517
06097,2020,3,3,"06033,06095,06045",672649.6488384291,413645.60711029964
25005,2020,11,1,44001,373730.8489803912,426267.1241956251
13177,2024,5,1,13261,254347.58849124017,135134.19761321403
32007,2021,5,1,32013,303143.5433069474,264626.37922548724
49005,2022,7,2,"49033,16041",468270.33615442185,500743.25735245144
37189,2020,8,1,37011,306931.71424522845,230012.07673612895
26129,2022,8,3,"26001,26135,26039",149717.72928006834,147620.33777177345
19135,2022,9,1,19185,155315.53006924977,125391.3040057526
19057,2022,9,3,"19115,17071,19087",137420.24193043882,145706.67892743959
48323,2025,7,1,48507,228877.958924651,81830.94708956151
30111,2024,9,1,30037,382347.6451339076,226490.0667743072
48105,2020,6,1,48435,,141827.14375219014
19061,2025,9,4,"17085,19055,19105,19097",263721.661419244,226613.83396668427
35039,2021,7,3,"08021,35028,08007",299325.81783830584,370526.02499043057
29051,2025,9,1,29151,267666.2188403649,251502.31079927832
48043,2022,8,1,48377,267000.95227014803,245385.53624894167
31151,2025,8,3,"31059,31185,31169",212313.10336621097,179173.4381269633
27013,2021,9,1,27165,240964.7063650794,115481.68576683568
21205,2020,5,1,21063,117052.99997876756,96623.36348064306
22083,2023,12,1,22065,175757.0178585502,84207.76611053692
17029,2021,5,1,17139,105442.44770652778,130664.97109921556
51177,2024,8,1,51630,444589.6125727673,457861.8056368443
20029,2024,6,1,20123,102262.192476428,129369.10639236469
01043,2022,9,1,01133,242562.95924613543,193226.43968398392
28161,2021,3,1,28135,144948.4575959509,138655.21338474215
26033,2020,4,2,"26097,26095",142798.6166991533,119212.85382006258
27053,2021,4,1,27019,342521.88588148676,411024.07816324855
22103,2021,10,1,28045,274599.21719760756,211247.74737804328
37163,2025,7,1,37141,149704.4190327586,438547.9611749267
47047,2023,8,2,"47167,47075",365297.9980189372,209798.7541225419
08003,2025,9,3,"08021,08105,08023",316123.5500713961,239644.45927162297
39037,2020,9,1,18075,132981.4546671471,103334.29072447044
08049,2023,9,3,"08019,08117,08047",753149.6570807137,711061.8535270068
41063,2024,4,2,"53023,53013",410702.69036394655,228742.1204657033
45057,2021,7,1,37179,316648.7081111302,355375.7278719204
54081,2023,8,1,54089,143002.83674274676,132781.20751044454
27137,2024,7,2,"27075,27071",224871.7818367895,200039.17679019686
17033,2020,8,1,17079,116645.75148820964,115970.47098697245
06053,2020,3,3,"06069,06031,06079",610264.2503333031,500095.1992302549
32031,2025,7,2,"41037,32013",563139.2872463776,267625.1954072607
21035,2020,10,1,21221,163127.69989972364,235543.1279462047
45043,2020,8,1,45089,250410.30913409856,103574.16645920614
05003,2022,7,1,22067,97718.28547016508,112665.32694275254
16035,2021,7,4,"16079,16069,16061,16049",248214.75702103335,265622.4115798674
47023,2020,3,1,47069,132298.99145722232,101971.65935169696
31059,2023,7,1,31159,151309.5575388416,272170.5744087502
44007,2023,6,2,"44001,44003",387410.15586952976,468738.23591096274
13117,2023,4,3,"13139,13121,13135",575701.2844854059,399751.6127330828
48027,2022,11,1,48145,269489.32030073274,170920.1419747489
21171,2022,7,2,"47027,47111",121360.3423874919,210387.11210304126
48265,2022,7,1,48267,400979.2210527256,355691.38110720314
12115,2021,6,1,12027,343197.6007087867,195705.69353077063
37111,2020,7,2,"37199,37121",184118.9227275763,178918.01286402685
48131,2024,4,2,"48247,48047",87283.44449896998,86265.58966853058
53017,2021,8,3,"53007,53025,53037",422817.80983790616,412667.7449684941
36013,2023,6,1,42049,147647.33308828995,181016.52312225584
01033,2022,9,1,28141,176667.59799148704,177197.4721050888
12075,2020,12,1,12017,195043.91553159663,191282.9223584589
48239,2020,5,3,"48285,48321,48481",196263.9783479961,199826.01650535132
51163,2025,5,2,"51678,51530",316523.5592937202,253020.20406725298
27129,2023,8,1,27173,168577.47356460252,152326.68651232196
42035,2025,3,1,42023,188724.70511323097,88361.09198341251
16001,2022,11,1,16045,522327.9711762995,459693.3241454068
26041,2022,6,1,26153,151081.04982047205,176701.0091231845
06051,2024,9,1,06109,731165.0828698861,400227.2582742072
08123,2025,4,1,08014,505599.472447518,636513.5413136153
29053,2022,6,1,29135,228667.85033828503,199350.8795410752
17047,2023,3,1,17159,115647.79407052482,123916.77178615502
38015,2024,8,2,"38083,38065",332856.76243527996,185636.7759493715
16019,2020,5,2,"16065,16029",264109.3589926579,232064.6001346989
48291,2024,2,2,"48407,48339",239265.98430822705,286284.5712207181
17059,2023,7,1,17069,82075.59813723236,109698.34910782348
39127,2023,4,1,39115,190828.88561736172,140914.79216351022
28017,2022,5,1,28013,135329.66267768998,128431.46115273055
04025,2022,8,1,04012,517607.7072705587,256234.04150904997
30009,2020,6,1,56029,288027.10997423856,286030.0684512824
48213,2022,11,1,48161,276596.9645631307,246403.18716921817
22029,2021,4,2,"22125,22077",124415.47215978045,229159.7713876528
31169,2020,7,2,"31151,31095",99954.77156884408,112271.94928924463
08089,2020,7,1,08025,114271.05857908736,126326.48184617936
16063,2025,5,1,16047,311707.51711972576,349506.808812962
31093,2024,4,1,31121,255591.09994343057,199991.83492302184
31081,2024,4,1,31121,260835.8383792022,199991.83492302184
18141,2024,4,1,18149,205232.58470549187,194785.91216026025
21015,2024,9,1,18115,328049.39882128156,261739.7495689883
46123,2022,7,1,31103,205212.4099124834,261707.34612513136
18167,2021,8,1,18165,122285.40960179792,112522.59755993757
18037,2025,6,2,"18025,18123",246268.06639836464,172940.3292847596
13311,2020,2,1,13281,181765.14648121563,244059.6986199777
31021,2023,10,2,"19133,31173",158967.76687368078,143390.58902832636
35061,2025,7,1,35057,306095.40120249963,209968.6970468271
45075,2024,5,1,45011,162688.13965458982,162277.2474530179
45053,2024,7,1,45049,429010.1860106523,170337.15886056333
22005,2020,2,1,22093,220727.11090491293,173091.4319833118
29217,2022,5,1,29185,126572.66493363024,187990.29837204015
55029,2024,6,1,26089,396217.6661138232,605053.7738727896
37091,2021,8,1,37073,116889.97741519958,176598.99768683346
29045,2021,6,1,29103,164020.3590321292,138257.99558311733
40149,2022,4,1,40075,93255.6586662786,77951.57856089975
12081,2025,8,2,"12049,12105",421138.0644176025,267830.71579106105
55129,2023,8,2,"55107,55005",281476.2746363541,217430.95011405967
56037,2023,9,2,"49043,56041",265104.97056837525,771173.0499738383
13169,2021,8,1,13021,193212.3687115298,131293.9668198249
31023,2025,9,2,"31185,31143",227677.08958414095,215814.35277665174
05147,2024,5,2,"05037,05123",95212.37044243189,116279.88413068958
48181,2024,7,2,"40013,40095",304144.46040513815,214430.0285029542
05021,2021,4,1,29069,93771.51952190936,100994.9664770591
28115,2022,7,1,28013,190987.0110649746,130404.61554189544
28045,2024,4,1,28131,234340.18094066565,188878.5379346875
48277,2024,3,1,40013,191142.11385933837,222342.3112735468
17189,2024,4,1,17145,137724.00562627302,111816.87312833456
17077,2024,8,3,"17199,29157,17145",104559.31606901895,153234.41838759158
20191,2022,11,1,40053,130396.07653625384,122418.6284246909
19025,2021,12,1,19021,121559.38770305102,153462.93995159236
53061,2021,1,3,"53035,53057,53029",555616.7370759932,472802.47259799717
37055,2022,3,1,37095,532128.2902964051,203992.72382282143
17159,2024,5,1,17033,121209.16629812733,125892.45452054408
54025,2024,5,1,54067,185668.19828358604,140725.05963244406
31057,2024,7,1,31085,192093.45892771892,285668.56135803927
17109,2020,3,1,17169,81626.36621330408,109334.5435596428
29099,2022,6,1,17133,254315.20190662425,272224.0968827756
13017,2025,6,2,"13315,13271",127692.34920126911,117768.91878996117
51155,2021,8,1,51021,188553.46727938124,156130.27610519223
29021,2024,10,1,29003,169600.71686509516,261464.89438673187
31089,2022,8,1,31103,168374.7705157717,260660.94512695272
51059,2020,9,2,"51600,51610",604281.45941023,720807.1846450698
54085,2024,2,1,54073,117725.418019569,148131.1150611043
17091,2024,6,1,18111,197955.4125985848,206431.89069751732
19081,2022,8,1,19197,160869.61225901145,125290.59847981251
45027,2020,1,1,45089,157941.25472149032,98766.4949115609
17143,2023,5,1,17175,124287.92027694324,129875.1456830015
12097,2023,3,1,12055,382397.78154242766,225123.87456275217
06113,2021,10,2,"06033,06055",587406.7941600919,593519.4737014392
55071,2022,8,1,26105,195160.92864194632,245871.72179735583
35009,2020,8,2,"48017,48369",153493.1311648939,121756.71285202762
16085,2022,8,2,"16045,16037",714865.2576238745,423840.2602859702
47169,2025,2,1,47159,342220.8183553068,303047.4390848702
42081,2023,9,1,42093,209768.62886879395,252493.74778671924
13313,2024,8,1,13047,239379.13951816905,289133.3244434631
21231,2020,1,1,21207,95491.04427171696,90462.78148809468
54077,2024,9,1,54093,133411.87004274945,212312.10183514623
06071,2022,11,1,04012,530656.0843121941,253891.19680759555
01125,2023,5,1,01007,224343.2074999612,221110.1129595851
42049,2024,5,1,39007,195809.89155327677,157353.13789002004
29071,2021,6,1,29073,210640.02102628487,174368.37989064612
41051,2025,2,3,"53059,41009,41027",514176.53867448465,569374.0055398034
26055,2021,9,2,"26089,26113",318171.095983852,351134.4609847151
30087,2022,7,1,30103,219549.794281948,223906.47507673255
31183,2020,5,3,"31011,31077,31003",168587.24044079013,167025.939573957
12039,2025,2,1,13087,208451.20681319817,174623.20200644233
29121,2021,8,1,29103,135974.73579817565,140041.92013509836
56005,2022,7,1,56009,295281.02310777415,268939.820238726
40067,2021,6,1,40033,74271.71057329809,86776.40073457903
13167,2020,1,1,13283,91704.50324468824,103072.30678607612
48221,2022,8,1,48425,391679.32648090646,392553.8438922344
05147,2021,4,1,05123,83437.09223164081,87326.10366857359
05133,2025,4,1,05113,162488.08709701977,183713.1329420116
19025,2023,5,1,19021,130958.81638577294,172472.81844507984
39151,2021,5,1,39099,155847.1301635603,115426.61056566588
16083,2025,5,2,"32007,16047",366513.2996042837,358245.2978195683
38079,2024,9,1,38095,,152457.76093794673
46089,2023,7,1,46045,,217631.994710597
27141,2024,8,2,"27009,27095",366677.3521278969,287502.71751481586
47031,2023,12,1,47061,288308.5365023338,192159.84275587855
42089,2022,5,2,"42025,42095",288051.8210788206,270043.75869960705
50001,2020,6,1,50017,326405.661257585,246266.93735943627
06089,2023,6,1,06049,368819.8836152106,179593.05635656836
37177,2025,5,2,"37143,37187",166368.20454855668,186185.08740326212
19029,2023,4,1,19165,136870.68727556177,180376.2479046741
17185,2023,3,1,17159,130011.33108346016,123916.77178615502
31167,2023,9,1,31139,231610.9146292154,225856.75257434588
48351,2022,3,1,48241,151130.2760361703,213497.1962475088
41045,2021,6,4,"16075,32013,41023,41001",240456.39922135457,265480.31589612376
24021,2024,8,1,42055,490967.94315201347,276125.8660604734
22087,2022,7,1,28045,234235.8894208565,238683.1291414379
13181,2024,5,1,13317,233809.7362026495,163381.16600606378
48049,2024,4,3,"48093,48133,48333",182862.4682365438,238377.28916977087
48129,2021,7,1,48483,,123411.62559769487
35043,2022,6,1,35028,343358.9352074921,501353.5932044253
19197,2024,9,1,19069,125559.28469708376,141094.64637929478
34035,2025,8,1,34021,644334.2241444574,439120.4457290037
06113,2023,3,1,06055,608161.9913825077,888587.3384530703
46125,2021,4,3,"46067,46087,46135",218847.01952922065,198038.19267996133
13085,2024,7,1,13117,453315.67604095145,637180.585085005
48329,2021,5,1,48461,285324.3744971336,138954.6458710021
31185,2020,3,2,"31151,31023",154335.04551942452,135331.15773620442
51015,2021,6,1,51820,292502.4426672222,228582.1651203577
49007,2025,6,1,49019,271303.1824311167,585973.4911829005
48239,2023,10,1,48481,229141.0720778425,243314.60172739348
12081,2022,5,1,12027,456416.91017063457,256373.52681959583
08099,2023,5,1,08011,170491.676111063,141449.78875153942
39041,2021,7,1,39083,414357.31343033566,210326.19838878527
30003,2022,8,1,30103,199972.06611609683,222008.6711013723
12071,2025,8,1,12015,350950.9527901674,312251.302807708
55061,2025,8,2,"26101,26019",291418.2624280909,307644.21504158946
31125,2020,8,3,"31011,31077,31141",121491.9638179809,183656.71180671276
01061,2022,5,1,01039,159928.81307780254,151236.5047708864
41051,2022,1,2,"53059,41027",520275.7741909972,568866.2729386155
13099,2025,4,1,13061,128135.22937460766,160135.1851052457
06019,2020,4,3,"06069,06031,06051",283210.9498837835,460376.930920188
19147,2023,8,2,"19021,19059",143027.87042164107,263831.7946559221
42091,2022,5,1,42077,424438.4862774464,299291.7347785327
20143,2024,6,1,20123,157271.6555594853,129369.10639236469
47131,2023,8,2,"47045,47095",148748.70925042153,137273.60537061046
19111,2022,5,1,17071,115666.97597210476,121788.13114036452
18177,2022,6,1,18065,136614.79493907306,159156.5541650596
41063,2024,8,2,"53023,53013",419622.1583474963,227353.3570063525
26051,2024,8,1,26143,164138.108318302,179603.27261791797
28081,2023,9,1,28117,181874.39146349012,141884.04013592406
48075,2024,6,1,48191,102676.9430418582,79641.17921863297
16057,2020,5,3,"16009,16079,16035",310811.87781950366,190688.01205419283
13001,2022,6,1,13005,154190.8807462104,128794.29886469584
12131,2022,6,1,01039,748954.0605143207,153013.68531595383
18011,2025,6,1,18023,399217.54988030234,211897.980897372
25005,2022,8,3,"25001,25007,44005",466040.0333380098,922693.4222537695
40089,2022,7,1,05081,226784.23615465817,135851.22601940844
51041,2024,10,2,"51670,51570",400636.70533886185,245298.3177208203
18099,2025,4,1,18131,242824.9789113881,178656.37247705073
27101,2024,7,1,27127,207001.22197691537,161686.13841174
17001,2020,6,1,17169,144708.61397413627,111721.75010589253
08101,2023,8,1,08043,293168.2655422978,328679.66568859835
47109,2025,5,1,47069,162737.62213587866,151973.75050075763
48043,2024,5,1,48377,235661.8820773609,225485.6528944654
04015,2023,3,1,04012,342473.68466054526,246485.6959996756
37039,2023,8,1,13291,255673.8658327493,357082.1410480318
38085,2023,7,1,38029,,122314.41267315188
48239,2020,9,2,"48321,48481",205544.75395558972,191578.18837783078
26003,2021,8,1,26095,175456.61922202972,127751.00425677453
29049,2020,5,1,29177,178001.89138118122,163767.21778458732
24025,2025,7,1,24029,414249.8352014641,374651.0231180377
01129,2025,5,2,"28041,01023",166580.2837495506,136746.63021453522
32017,2025,9,1,32033,228149.2186069754,186205.62786121736
06083,2021,10,1,06079,784828.3713733159,751989.0073506254
13069,2025,5,1,13271,186885.48542573117,109186.231709834
48321,2025,6,1,48057,199247.43297584084,201900.63364134025
12071,2022,7,2,"12043,12051",410659.83212255937,248575.01307462357
16019,2020,9,2,"16065,16029",274772.4672983408,241481.084730491
39099,2024,5,1,39151,151043.5832189678,191306.87843724177
45039,2025,2,1,45023,193715.6387873405,218637.61845407952
47047,2025,5,1,47069,372936.1204944463,151973.75050075763
55035,2024,8,1,55091,301849.5821376514,236532.3765152231
06045,2023,2,1,06097,549360.3721526762,785266.6122351353
48363,2024,3,2,"48237,48133",279055.8115913473,177338.90027730033
31027,2025,7,1,31179,218603.70503268173,234456.21650027143
01005,2025,2,1,13061,151698.62549136943,163545.68134193076
22073,2022,7,2,"22083,22067",173782.90986619587,146120.54154177304
21047,2024,3,1,21107,188007.6696715143,150608.33832953207
48039,2022,5,1,48321,320282.10892310005,196148.72820910584
18141,2024,8,1,18149,208957.76694478196,200945.62815701333
37073,2023,7,1,37091,182368.25193623744,123880.45846323328
29181,2023,4,1,05021,154346.66778878475,109602.14954090568
42013,2024,4,1,42009,150646.2352488176,186275.94091862344
48267,2020,3,1,48435,252510.26885085297,143468.60911194308
01077,2024,7,1,47071,223235.62112893455,201597.97171327216
05139,2022,10,1,22067,129691.50825512124,113139.3576888283
28127,2024,8,1,28077,146318.71827179124,126995.73275069275
51191,2023,7,1,51520,226120.364686751,164890.26460871208
45075,2024,9,1,45011,163659.91012472185,162471.962555947
19033,2024,6,1,19069,184718.85448857784,141861.9179876591
16023,2022,7,1,16037,,358430.66339246073
13085,2021,4,1,13227,333319.7215418208,286195.74814778444
42099,2024,9,1,42055,277203.2854827027,277147.3034035501
01053,2022,7,1,01039,140272.93137565933,153780.805227711
01117,2023,5,1,01007,346215.8094323411,221110.1129595851
08015,2022,7,3,"08051,08093,08065",677295.6606434644,576795.0011816481
13157,2020,5,1,13059,254752.7880850012,200802.39026534377
12105,2023,4,1,12055,312426.2736665083,226012.9590526537
08013,2024,5,1,08047,752084.0331957993,549133.7750348129
06017,2023,10,1,06005,656527.8796228912,433176.5206897619
08101,2020,7,1,08025,209225.53748101476,126326.48184617936
06093,2021,9,3,"06023,41035,41033",279417.2471398183,365911.5240786729
17157,2023,3,1,29186,127585.30582564056,209704.6582556209
05147,2024,9,3,"05037,05095,05123",92504.23966455634,108401.56052591227
55061,2022,5,1,26019,247498.84355355403,342771.30046771566
45049,2023,6,1,45009,162297.07414009213,127456.1450333277
17189,2024,8,1,17145,137586.08051598913,109801.48240226146
13099,2022,1,1,13037,123446.122393944,113057.70858478767
13213,2022,6,1,13111,220155.60949596265,527629.7167641943
51163,2022,8,1,51678,295452.97885574936,302429.256490358
48029,2022,4,1,48013,269378.7185853338,261332.0820612179
19085,2023,9,2,"19133,19165",190021.2325095489,166380.58860126854
13179,2025,5,1,13109,244303.11024170593,170248.60282386787
37043,2025,6,2,"37113,13281",343611.8518789927,373652.8701616585
08113,2022,10,1,08111,1543094.0339643592,497589.6999010252
36071,2025,5,1,34037,442016.59015390225,426306.6121250712
21217,2021,2,1,21001,139412.3992945305,128526.92507131113
17109,2020,7,1,17169,80925.32300973007,110813.4269078288
16049,2025,7,4,"16035,16069,16061,41063",345204.2567660403,343060.6625900577
21175,2020,7,1,21063,95193.32214459474,96794.68101154632
48291,2021,5,1,48199,215123.6275350382,209331.44895240737
06065,2022,10,2,"04012,06025",599416.3764296004,282858.3310990065
21225,2021,3,2,"21233,17069",100137.84347994356,106453.77854705164
28105,2025,8,1,28019,269274.249944196,140834.76526451507
48469,2023,10,1,48391,215520.88022162564,150709.12449906315
45027,2020,5,1,45089,160302.68028066505,102564.82040192145
31015,2024,8,1,31103,171474.67000037347,281810.1546621543
27051,2025,7,1,27155,212246.07780096223,132735.3086540122
28153,2024,12,2,"28111,01023",133344.21618280906,148477.27414397767
35001,2025,7,1,35057,344514.89753871266,209968.6970468271
31063,2025,7,3,"31073,31047,31065",163300.7661004484,216800.54003457088
40047,2022,4,2,"40093,40003",123266.82404412796,135891.6085919758
22097,2020,4,1,22077,153685.40486837423,169732.02652904805
51169,2022,8,1,51167,143117.3283931633,132256.78713599444
34039,2024,7,1,36085,587856.0745427716,667173.3964592469
38071,2024,5,2,"38099,38095",199238.50759730572,149195.7230820536
06029,2023,6,1,06079,334306.7966328239,838615.1304701982
22105,2025,6,2,"22091,22095",219466.7397407645,184057.0886558878
53071,2021,6,2,"53005,53021",338109.2365013559,360602.13524230395
40071,2023,8,2,"40053,40103",109135.0233512316,128770.55931392616
28093,2023,9,1,28033,198176.4797134373,291038.78841081174
47051,2023,7,1,47061,293845.61627902,186532.53327518617
47125,2022,4,1,47083,294059.88262347435,194091.16952729516
33009,2021,7,1,50009,297003.31166371965,195832.1632883188
29223,2023,3,1,29123,125564.60166866623,148530.84351335015
55029,2021,9,1,26089,316746.48372830305,510787.8305387154
22097,2023,5,1,22077,161230.12951700966,199882.66028420112
56037,2025,6,2,"49043,49009",288978.9110133457,810684.3534382818
41051,2020,12,2,"41027,53011",459129.0543760218,477616.5135949353
13241,2023,1,1,13281,359560.7620773853,365434.8719960053
38049,2024,9,1,38083,154962.23219722547,146407.84925929716
29113,2022,6,1,17013,273427.96813331445,183803.8567548949
27001,2025,3,1,27065,258659.41407819185,251525.181625106
36031,2023,9,3,"36033,36019,50001",273562.8225868564,266001.3631782064
20191,2024,8,1,40053,143460.50453917446,115260.77318891216
30031,2021,8,3,"56029,30043,30059",624272.2885527619,321473.07668228593
05147,2021,8,1,05123,86911.36348080187,88111.64760383999
13303,2022,6,1,13125,156576.18059290116,188765.5081649111
42111,2024,4,1,42009,166593.75371207742,186275.94091862344
19117,2022,11,1,19185,167709.64064832858,125858.3069402938
42103,2025,5,2,"34037,42089",293640.3944036434,367205.7768487077
06029,2020,3,4,"06083,06111,06031,06079",239196.7365357609,534316.9114265223
17121,2023,3,1,17051,106372.5301856816,142769.52666862882
06051,2023,5,1,32019,728669.1982593368,384927.468301985
19077,2020,6,1,19009,182723.7615275594,103033.13764617236
17185,2023,7,1,17159,125799.159885014,124813.59676350388
48333,2023,6,1,48193,366345.0560334957,251998.51239536036
35025,2023,9,2,"35041,35005",193282.0505034673,156273.6539113072
41039,2025,3,1,41019,453312.7372342488,340179.15169418335
01017,2023,8,1,13145,140312.14051294766,338495.09546965087
28033,2022,5,1,28137,285461.6443092763,207592.003448738
29047,2020,5,1,29177,215439.3623982956,163767.21778458732
12023,2024,7,1,12041,271390.276733505,293574.8738666034
19173,2023,4,1,19145,113166.10194900732,131999.39498884205
51059,2022,6,2,"51600,51610",724403.5514909695,853841.2864322016
21087,2020,1,1,21169,106526.61257726164,91649.2854986548
31031,2025,5,1,31171,238192.58067997897,196666.38414166347
45075,2021,6,1,45011,146423.2830237118,159295.71254379733
29203,2024,4,1,29149,172443.0035196601,164205.11296455373
21071,2020,6,1,21159,96771.5068818346,75353.02943802267
29175,2021,7,1,29089,132413.6775745718,166762.52742047762
19093,2025,8,1,19047,143197.55407737088,168709.43166397905
12097,2020,6,1,12055,254014.47591549807,145142.76895496424
48329,2021,9,1,48461,281463.83741551015,142764.1497190759
29047,2023,6,1,20209,295098.21919447376,183717.1650356
18107,2025,5,1,18023,212488.6729624291,212220.68458559224
49035,2022,5,1,49029,575452.5162699564,718121.7255081782
27037,2021,12,1,27163,361707.0878101738,400720.6557055483
26055,2023,6,2,"26101,26079",369371.6581028243,216470.05605522543
31011,2023,9,1,31003,246091.99776693183,197833.73413777305
06019,2025,2,2,"06069,06031",407602.1278711411,568087.1821717377
21197,2021,7,1,21173,123522.70544563478,170012.78403480895
13099,2025,8,2,"13037,13061",123878.33768263324,126838.73803220544
49033,2025,5,1,49043,552897.796261996,1286742.2766529482
49029,2025,7,1,49043,727655.8767447084,1289696.2018240262
16031,2025,5,1,32007,327457.5952340183,366983.7868261747
56037,2022,5,4,"08081,56041,56007,56023",250051.91064608676,287435.52252440597
53003,2020,6,1,53023,261172.74661369773,140098.74228889274
42091,2022,9,1,42077,430555.8925794524,304142.8020225763
17073,2023,5,1,17175,138398.28247277674,129875.1456830015
19103,2025,8,2,"19183,19115",297084.7470906751,190720.72781738735
37009,2025,8,1,37005,344596.4634811845,268883.95769103715
13253,2025,2,1,13087,144900.6251291751,174623.20200644233
13057,2021,3,1,13227,339682.0059283456,280018.25696915045
47085,2021,10,1,47083,192707.41174962916,174196.71223237968
28085,2020,12,1,28005,162930.35796742066,147997.7060443446
26075,2023,4,3,"26161,26093,26059",195272.70562673916,302453.3763447354
38077,2025,9,1,27155,216318.68970625536,134413.0280542568
31159,2025,8,3,"31059,31185,31143",291959.02025127766,199697.70809828304
40089,2022,11,1,05081,230026.67197301483,133867.97454141182
17009,2024,6,1,17017,140862.61670762234,98965.8404019745
17057,2020,7,1,17169,83993.33393310469,110813.4269078288
46121,2022,9,1,31103,,257922.20040397788
18099,2025,8,1,18131,242949.3160214685,176151.29002954942
17117,2021,3,1,17083,125944.95474509516,163162.12755228466
01059,2020,8,1,28057,128640.13241361298,128307.24284429372
27151,2024,8,4,"27073,27121,27149,27023",171733.10162606734,219269.39394917287
28121,2025,8,1,28129,258872.9974174096,164742.36399698874
35041,2025,7,1,35009,142271.4377055775,157671.3265800899
04015,2023,7,2,"49025,04012",345737.7519011849,334280.21330121206
32015,2020,7,3,"32011,32001,32027",191819.54792514016,202224.95902977244
19193,2020,7,1,19133,146529.46399635836,110396.42141560992
33015,2023,8,1,33013,554611.3599271196,421942.62926473655
48147,2021,5,1,48119,227705.0847626018,154188.09703435889
17167,2020,5,2,"17017,17129",139368.7753524067,115706.07685707687
51131,2022,6,1,51735,263941.46058621764,410596.433152927
40005,2021,5,1,40029,153134.1033053123,96918.30267802866
13077,2023,5,4,"13199,13113,13121,13255",379904.032475949,336284.4728330406
13163,2022,5,2,"13125,13301",136656.47749615042,156751.2622891859
45039,2025,6,1,45023,185715.94999921005,215500.49668135587
55095,2021,7,2,"27025,27163",269628.08522949717,362381.7904066395
51650,2020,9,1,51735,189075.44495097065,342858.6153644685
13061,2022,6,1,13037,166905.07282866354,108146.08022836932
17049,2020,4,1,17079,156405.40749585428,112852.75560399954
39161,2024,7,1,39003,165649.97782803877,169318.22259402083
06071,2023,5,1,04012,516234.4986740497,250715.39765921424
20003,2024,7,1,20107,176905.36241347212,152971.29602274593
27091,2021,4,3,"27165,27063,27043",152067.20814294563,119661.10968229984
39069,2021,6,1,39137,161072.98387738375,180174.5125932855
30097,2022,9,1,30059,391101.9462328572,282492.0616436892
48251,2022,11,1,48425,355060.2349318978,390828.82646526746
46059,2021,8,1,46005,219181.91769211137,165077.0875310617
34019,2025,8,1,34021,614788.4898897026,439120.4457290037
21001,2021,12,1,21057,148192.57462435382,135854.97453501428
39157,2023,7,2,"39075,39151",178309.0457817586,250767.57997820005
13095,2022,7,1,13037,117442.21159893512,109318.0742050456
04001,2021,9,1,04011,270634.61775739514,219272.73430437513
13015,2021,6,1,13227,247607.57821091052,299029.66616998444
20131,2023,6,1,31147,196572.8886602889,116198.14771168742
18057,2021,8,1,18159,365601.0874623217,177373.87076155096
29143,2021,3,1,29069,80636.08168308588,99423.74154945336
13181,2023,1,1,13317,221841.8797902238,150054.2069729102
13105,2024,7,2,"13317,13195",170711.06553450247,234959.71251962005
16071,2021,5,1,16041,240419.8337269168,366724.2942983824
48451,2020,4,1,48095,173957.59023190083,167739.39502219204
30107,2022,7,3,"30027,30059,30045",162351.22686050125,272723.72916148807
13157,2020,9,1,13059,260844.7169421981,207246.6941125368
06067,2022,11,1,06013,544943.015419481,835689.6038352071
48185,2024,2,3,"48313,48477,48339",333556.9738994347,325447.38564987696
13291,2024,7,1,13281,374050.7345756073,391293.8014915358
26061,2020,6,1,26083,133650.3033882698,131229.53594992336
37023,2024,7,1,37011,253104.6536121944,396221.0776627806
38045,2023,4,1,38003,196176.84712643953,174109.31843186438
51770,2022,8,1,51775,182016.222982838,242818.3568254028
48499,2021,4,2,"48459,48379",219813.62243089624,210212.96488140785
48041,2020,3,1,48313,234817.38385773703,175087.63670945982
31051,2025,7,2,"31179,31173",179739.50210475203,190925.07538562364
51173,2022,8,1,51167,135369.8361722294,132256.78713599444
47073,2025,6,1,47067,238303.4014223435,157059.00199034033
22009,2021,9,2,"22125,22077",145980.9746371522,232580.0842815512
12049,2021,4,2,"12027,12055",159038.75098548338,176285.5159662873
18117,2025,8,1,18025,174005.41135683333,164755.89655326845
27137,2020,6,2,"27075,27071",163239.2195336171,143016.76594333095
45067,2022,6,3,"45043,45089,45033",138057.17805129368,204393.21715719774
48243,2022,8,1,48377,270897.82784070354,245385.53624894167
23017,2021,6,1,23007,240188.3945120783,219707.3603005686
17109,2020,11,1,17169,83725.16106769416,119862.5213579962
32031,2021,6,5,"32001,32029,41037,32013,32510",494796.164494158,324219.00734856946
48069,2020,8,1,48369,160888.1012426043,126773.60124894952
48445,2022,8,1,48115,158858.45964246034,116985.23895978316
54055,2021,3,1,51021,103666.20643451445,149763.4437536434
45027,2020,9,1,45089,167615.51052065482,104926.00592126092
48245,2022,5,1,48071,167892.88117348115,339418.0221702175
48223,2021,3,2,"48119,48379",237673.4358429795,188263.70649841288
13197,2022,8,4,"13307,13053,13249,13259",177000.74137629147,142961.3769513353
16003,2020,5,2,"16045,16087",299350.1445923522,251137.61162727678
26089,2023,9,2,"26029,55029",595507.0328545842,374740.3756339835
29183,2021,3,1,17083,284556.7387314071,163162.12755228466
47053,2021,7,1,47183,141785.5258192741,132551.6791452221
22097,2020,8,1,22077,150645.46654338937,170491.73035878525
08007,2020,5,3,"08021,08105,08053",366022.7632723957,230994.5672145198
49057,2022,5,2,"49029,49033",463485.14622538706,624864.216933476
54077,2023,8,1,54093,121511.19971186726,204907.79713085713
31107,2023,3,5,"46009,31015,46023,31003,46135",176954.02244966707,206675.58396553557
51185,2023,3,1,51021,123851.46326504277,160730.54885849947
17085,2023,7,1,17015,205575.6149538818,121259.65299640376
38071,2024,9,2,"38099,38095",203905.1237268286,154324.57118092623
21161,2021,2,1,21201,114338.82033515342,128742.0371711311
29163,2022,6,1,17013,185297.2843251129,183803.8567548949
13273,2024,1,2,"13261,13307",104252.71044442708,150218.02492212894
16017,2023,1,3,"53051,16079,16055",614044.6494231328,397141.6275253317
45073,2025,5,1,37113,280284.46705960366,354883.58163524326
17083,2022,3,1,17013,161151.263083215,177847.00055363108
36103,2025,6,1,44009,678983.3528449103,643835.8229689606
29183,2024,4,1,17013,356765.37026968104,193234.30798264916
12105,2020,7,2,"12049,12055",206084.31513553756,141772.26243964577
20091,2023,2,1,20209,405511.7406180308,177341.35985683618
48057,2024,4,2,"48391,48007",205410.13196001248,234397.74618504022
28091,2021,4,1,28147,123987.193712617,144568.59324012886
13297,2025,5,1,13219,382135.5709230751,547766.86235957
21053,2022,1,1,47027,131915.89914043978,173867.33177560355
30071,2022,8,2,"30027,30005",200202.15530240524,222933.6333666559
27001,2025,7,1,27065,257718.51483971675,253259.27761768387
40093,2021,8,1,40003,131871.68400161504,112759.1685050372
27129,2022,8,1,27103,165325.9269686965,274574.5602459991
48387,2021,2,1,48119,170184.8708763185,144011.95531586744
22089,2025,6,1,22095,261503.00755700315,200839.09300853973
47131,2022,2,1,47053,138057.8046117079,160582.14336038652
42105,2025,5,1,42023,153484.2169901411,92026.82269402235
08113,2024,7,2,"08033,08111",1454844.510706331,431970.7040278366
17099,2025,1,1,17123,169921.56350880174,123067.03314302074
30037,2023,5,1,30107,204294.45774860357,167036.6403996081
13141,2022,6,3,"13133,13125,13301",203490.2055572547,300139.78074783203
06051,2023,9,1,32019,738884.3411420578,389483.1956069356
51730,2024,8,1,51570,194208.302181999,277491.103881175
46109,2025,8,1,27155,206491.17266993088,133272.73018834932
05125,2025,8,1,05053,246822.35571400583,198069.13076510816
08045,2021,9,1,08107,525436.7300367443,829694.9740717234
06115,2020,5,2,"06057,06101",313160.0067471145,407450.02858210576
35043,2021,5,1,35028,283502.2142260982,455321.88959719375
20167,2024,5,1,20141,101723.02639694452,81594.42054469178
06065,2024,7,1,06059,618041.3678217125,1147776.8110627804
31031,2025,9,1,31171,229656.0451117242,190382.5583262232
12067,2024,1,1,12041,237126.31649591497,284746.3328510535
26123,2020,6,1,26133,159721.247032322,121415.08251057735
06047,2023,3,2,"06069,06085",398618.9248024344,1113817.2274144432
40023,2022,11,1,40005,136433.33709865282,183433.95367892855
01097,2025,6,2,"28039,28041",195341.1421752664,167573.5088431303
17067,2022,5,1,17071,101953.62692305086,121788.13114036452
19161,2023,4,3,"19021,19093,19035",140310.39745143775,148666.6973493827
39109,2024,5,1,39021,244640.0890217247,224221.6750917146
29017,2023,7,1,29123,189620.1230966224,152688.5327172272
51013,2025,7,1,51610,818704.5228806236,1115690.300955796
51775,2024,5,1,51770,267013.29220767133,210325.43847786495
28067,2023,12,1,28111,161087.43144738427,146611.06383115685
35051,2025,7,1,35003,169721.4560384685,212483.67282267532
22059,2023,3,1,22025,163119.4848570906,118351.6500555328
48201,2025,8,1,48071,283636.1259023692,343951.5496741222
50005,2021,6,3,"50019,50015,50009",233063.0652100653,280883.0140220679
45073,2022,4,2,"13147,13257",247320.40745825032,247966.18607828795
48389,2023,7,1,48243,211211.175060795,250787.960090711
18157,2023,6,1,18181,257683.81467940717,189646.46394025275
26103,2022,5,1,26083,200072.81202341788,158117.43276116395
22117,2021,3,2,"28109,28147",146015.96768268725,146912.03939760785
13241,2020,4,1,13281,230058.788733699,246330.3431419537
26139,2024,6,1,55101,358701.42086595326,280149.09316509555
48173,2021,8,1,48461,,142373.54778649972
18181,2025,5,1,18131,210953.735639832,178380.65406833545
41059,2022,5,2,"53005,41049",292951.1686795005,357493.05385911
29051,2023,4,1,29135,235403.3338803046,197723.00811923097
20011,2025,6,1,20133,126899.74109338608,103358.8703218723
17061,2021,6,1,17083,98132.7708752696,165533.48246755637
01065,2023,6,1,01007,177537.4515100743,221918.279897282
26075,2023,8,2,"26093,26059",199157.18029326084,270435.1299692783
22089,2022,5,1,22057,278309.97784791235,220725.39647537644
38031,2023,6,1,38027,165608.44851850285,126341.41687461433
26053,2024,5,2,"55003,26071",115256.55327879322,155773.0550601592
34005,2025,9,1,34021,410982.88156920066,438574.3379538224
34025,2025,5,1,34021,738752.9302874686,440038.2029883475
19057,2023,5,1,19115,137022.64765744016,146464.1065465059
13005,2021,4,1,13161,108620.4913578668,112513.70132978824
18137,2024,7,1,18115,249064.76434013873,259401.95886979543
06065,2021,6,1,04012,496623.29284540215,205986.7125716207
26057,2023,7,3,"26145,26111,26155",166947.21252700163,179349.57124054353
31031,2022,8,2,"31091,31103",195440.83015004153,192244.39909248496
47165,2024,8,1,21213,437755.15404236823,247741.0449261309
13103,2021,8,1,13031,247296.9421788524,191533.3393750535
18015,2023,5,1,18181,194767.43915724911,187650.2046885772
31005,2021,5,1,31117,,259914.1036975605
55089,2022,6,1,26127,419561.1377177784,232051.19399615764
29123,2025,5,2,"29157,29017",163889.56486382385,201230.17331711
13161,2024,5,2,"13279,13271",146493.7065466585,139212.98473864578
55127,2020,4,1,55055,264381.45738769026,235641.78540854657
04003,2024,9,2,"04011,04009",257317.83189579987,249942.52883169142
40121,2021,5,1,40029,116719.43972466716,96918.30267802866
19083,2022,8,2,"19023,19197",131252.3585704928,145537.73703301698
31111,2024,9,2,"31085,31117",199197.7468188077,324357.08658356895
21215,2020,5,1,21005,239903.30607170265,147693.28516319406
31037,2025,5,1,31167,218598.70765470705,246909.372052671
21045,2020,6,1,21207,92934.1777946131,93238.05347945228
42085,2021,9,1,39099,156964.45305714884,120360.21326538733
35017,2023,7,3,"35029,35003,35051",222169.50179668245,182039.87199144368
48201,2022,7,1,48071,291591.39059160656,342155.0077409152
29037,2024,8,2,"29101,29083",311290.44335075695,235647.01836754038
08049,2024,5,2,"08019,08047",750475.492920821,557467.8053887839
48005,2021,7,1,48455,176574.9872638459,169963.7261506137
20007,2021,6,1,40003,73331.13926552334,115196.2201723709
27007,2021,9,2,"27135,27029",206587.9470799334,181991.11399093427
46107,2023,6,1,46045,211584.3945733097,221475.5009235
16031,2022,8,2,"16053,16083",315994.1940340667,380591.8867909844
16073,2024,5,1,16083,421493.99865338387,357566.78006870084
23015,2024,6,1,23023,433704.9673937862,417802.6507342071
55011,2023,10,1,55035,215150.633287661,291910.05714097986
31041,2025,7,4,"31163,31175,31047,31019",161316.82736198933,214310.88490457047
55083,2020,4,1,55078,168949.377690403,181050.24600486484
23027,2021,7,1,23015,268506.3459674462,350092.18247846514
08037,2021,8,2,"08065,08107",929240.771683994,611496.4683397266
39175,2025,4,4,"39147,39101,39063,39033",177506.8302551946,178833.80241400772
46121,2024,6,1,31103,,275503.9623603276
22087,2021,7,1,28045,213960.94474338825,204303.9822182235
26007,2021,7,1,26135,142870.39166564366,117025.93368719732
49011,2020,5,1,49029,369070.70973193255,485301.4063279168
22005,2022,6,3,"22047,22093,22007",264853.45519511617,174556.2778888004
33017,2023,9,1,33013,439625.2961368418,426560.41502735607
40063,2022,6,1,40133,110360.43799070604,107564.33840956078
29053,2023,2,1,29135,225710.49006604624,196262.4530379113
46135,2020,5,2,"31107,31027",205658.5286361217,147776.46451938117
31021,2021,5,1,31173,125397.99432733384,124900.66753557645
19155,2023,6,2,"19165,19129",209556.28191535836,217468.81223869213
17093,2022,9,1,17063,317161.89889577177,267042.30888189975
26043,2024,5,2,"55037,26071",160312.44157988776,146371.63257803724
27137,2020,10,1,27071,168921.8433186371,115468.11388002582
31043,2024,7,1,31173,218433.67873556644,145913.42311388106
25023,2022,7,1,25001,557930.0411947262,677834.7246623988
32031,2021,10,5,"32001,32029,41037,32013,32510",525566.7600442442,339413.3777086521
27057,2021,7,2,"27029,27159",246453.44616207448,175485.64405931107
50007,2021,10,1,50015,423613.20831638057,451751.8894302401
18149,2023,6,2,"18131,18141",182887.19742646537,176082.12104831368
06071,2025,2,1,06037,561511.4071009493,900386.0804066259
16047,2022,6,3,"16053,16083,16025",352304.8441011422,387896.89959790464
05103,2023,2,1,05039,102932.40182077342,125959.97222427667
40141,2021,7,1,40033,53789.81569101234,85439.01219946537
13001,2021,6,1,13279,142758.78085746444,127113.94119208984
24005,2025,4,1,24029,356579.1519820734,375663.7472258546
54023,2024,8,1,54093,184758.7108406067,212131.70254262877
49057,2022,9,2,"49029,49033",456823.0060700888,627777.8463654495
51185,2023,7,1,51021,130643.854660848,163681.1017034823
51800,2021,6,1,37073,303251.5753268607,175139.11029893032
13235,2024,6,1,13315,174450.95259168424,138090.11278466685
21161,2021,6,2,"21201,21023",119763.69471544235,147872.954932513
13137,2024,12,1,13281,311425.4398057483,393497.18110660143
41047,2023,9,3,"41005,41071,41053",433243.8957274594,521626.1978197382
13273,2024,5,2,"13261,13307",108049.49862916127,155429.8438828527
39041,2025,6,3,"39101,39117,39083",509231.8886068025,232811.3888022461
45073,2025,9,1,37113,281251.89368110703,356073.7645182432
38035,2025,5,1,38063,267209.9192684985,150396.50311214977
54087,2023,7,1,54105,122980.70349287498,111946.44737681311
20091,2023,6,1,20209,417524.2469004605,183717.1650356
30031,2020,7,2,"56029,30043",471879.2313566354,291907.43454367784
22113,2021,12,1,22045,162602.31248198313,162707.24599184727
37023,2021,10,1,37011,198588.80588618337,311436.9099962926
16043,2021,7,2,"16065,16081",397084.86668140936,516984.12733454397
21161,2024,7,2,"21201,21023",156244.39057114293,184686.2563322147
18033,2025,7,1,39171,238157.52274113105,174805.01976668995
30045,2023,8,2,"30015,30107",256645.60188375952,210372.95419747056
31113,2021,8,1,31117,,258005.69813715748
20073,2021,3,1,20049,80134.97033876582,69462.8571591411
40125,2022,10,1,40133,165635.63951086192,110175.49316099907
56013,2021,8,2,"56017,56029",243774.6330505003,255313.64539166732
55087,2023,5,2,"55135,55015",281671.6351764802,272922.25544638204
37047,2025,4,1,37141,179013.31540429514,439610.15239154286
48271,2025,5,1,48507,121367.63299129768,82073.61062298903
13033,2024,7,3,"45005,13163,45011",176442.60987903507,126378.73672216285
26017,2025,7,2,"26051,26011",170003.70631864804,158412.03220016416
46129,2023,7,1,46045,128918.72623083154,217631.994710597
13069,2024,5,1,13271,186601.52485856693,118969.3818947436
55017,2023,8,3,"55035,55107,55005",279689.80447458266,241480.54610732986
51165,2022,6,1,51660,308314.23555201554,292232.33028611477
48219,2020,3,1,48017,146689.50862649266,110407.3822862026
38055,2024,9,2,"38083,38065",194909.9988625426,184551.98027264408
35039,2025,8,2,"08021,35028",333252.96211408306,397981.7733702536
21225,2023,4,1,17069,120406.32231092177,106459.72590117287
28095,2022,7,1,28057,155529.6715305279,154839.72470593703
31109,2024,7,1,31097,280758.9951644636,193274.25251876353
49049,2022,7,1,49039,561818.025265264,356911.8336340397
12067,2024,5,1,12041,244044.21561646345,292297.7639320083
48107,2024,7,1,48153,83139.33957773239,95699.65667442724
29107,2020,8,2,"29033,29177",146877.40594413705,135942.11699616796
01119,2023,6,4,"28103,28075,28069,01023",124293.0429803392,132177.86730126193
12051,2021,5,1,12015,192089.5105619307,268251.7457960227
48221,2020,3,1,48425,265763.915605897,265084.3725976599
48025,2024,5,1,48391,178017.38468400374,148831.49602828492
13291,2020,2,1,13281,227019.87902385576,244059.6986199777
29205,2022,6,1,29103,147146.7051804153,152572.0194742263
47151,2025,4,3,"21231,47137,21147",185492.6458838645,175972.62665831263
05057,2025,4,1,05109,114976.5766035894,178972.8397842735
12107,2025,6,1,12007,212590.65094230787,242939.0827616721
24041,2025,5,1,24035,494948.4840942202,515613.3387400822
17067,2022,9,1,17071,98605.21959463776,117052.9188696394
19161,2023,8,3,"19021,19093,19035",143559.037284372,150815.35704976824
21139,2021,7,1,21143,111619.5659766335,148392.51125279855
37031,2021,7,1,37137,355211.38552180334,203955.14058563116
23001,2024,8,1,23023,316911.0350736071,419844.7663666191
45015,2022,6,2,"45043,45089",349556.10147087503,243663.9813905803
41047,2025,2,2,"41065,41071",442393.77279048273,450088.70320963766
29129,2022,6,1,19185,126076.46116278024,122266.70575991324
17017,2022,7,1,17129,91555.84062772634,180303.44845108804
12101,2025,3,1,12105,345260.8726270238,309835.56912325835
26003,2025,7,3,"26153,26095,26083",189918.07958680004,163659.58996128675
18139,2022,6,1,18065,177322.3888968182,159156.5541650596
13273,2021,4,1,13037,86562.86279044689,102095.47242944824
18041,2022,6,1,18065,125882.746714691,159156.5541650596
22059,2023,7,1,22025,161576.33759226368,115960.76840129455
45073,2022,8,3,"13147,13137,37099",260903.52495221145,330618.8930617896
06101,2024,2,1,06011,432267.0288928325,366073.37337914185
26103,2022,9,1,26083,204030.31242510863,162886.59480569346
13241,2020,8,1,13281,236281.690304774,251819.21453109852
29139,2022,5,2,"29073,29151",215134.6381082579,213177.7256847559
47189,2025,7,1,47159,499992.74725776695,298518.6882455776
28043,2023,12,4,"28161,28135,28083,28015",122588.11247431116,136653.49039413585
29019,2021,6,1,29089,249056.1554461718,164863.3259998347
19001,2020,3,1,19009,121347.65873803385,101093.99841488407
05123,2025,9,1,05077,83227.51171023455,107450.86137842084
08119,2022,8,1,08093,489167.23523027095,539625.9331286218
47133,2021,3,1,47137,181477.3586535415,175809.04142611916
34025,2025,9,1,34021,737640.577894041,438574.3379538224
19037,2020,7,1,19067,144919.57686046153,115779.56084022851
46025,2021,8,2,"46005,46077",172565.97823373193,178025.4278389158
30093,2025,7,2,"30057,30023",269742.4288495362,508289.52320417156
31071,2025,6,2,"31175,31183",224770.62849022812,218366.92963064936
06065,2021,10,2,"04012,06025",530511.5969800749,257983.19132193725
38055,2021,8,1,38083,176529.00089807066,219533.9833031866
35039,2022,7,1,35028,317910.41993417003,503867.686007733
05137,2021,5,1,05065,164015.54666972827,138659.42970080764
22099,2022,5,3,"22047,22101,22007",171153.83963084826,144487.96459257675
26089,2022,5,3,"26019,26029,26153",578866.5433371327,290463.6675305595
31005,2021,9,1,31117,,252612.4758194545
47159,2024,7,1,47169,304961.02346033015,345300.0594498512
08081,2025,6,2,"49009,08107",297297.3198403716,712075.014484027
27149,2025,7,1,27155,192454.30797668535,132735.3086540122
51153,2023,7,1,51685,537539.9661311286,416585.54498015414
25005,2020,3,1,44001,348284.08504737663,399716.49274560384
28035,2021,2,1,28109,159509.9016282905,148040.53538525582
06039,2020,5,1,06051,286568.60529700195,509251.1996162448
37173,2025,6,1,37113,326597.2921756999,355015.0073613972
01005,2024,5,2,"13239,13061",153038.8046366317,148887.84465087112
22007,2024,9,1,22101,157306.61177554048,117195.7162473458
29063,2023,6,1,29003,224629.41931959896,246650.95807272856
42061,2022,7,1,42087,164972.29386807172,152368.4642822907
25021,2024,8,1,25025,752237.4721360463,752138.4373147422
13059,2024,4,2,"13195,13013",317243.79871339264,319135.82425491244
45091,2025,2,1,45023,395582.7703783245,218637.61845407952
55067,2025,7,1,55041,195795.84054818292,193418.21474724813
12085,2025,5,1,12093,459949.5389464782,287411.9702699065
29141,2023,9,1,29135,282843.23276214045,204446.37800571808
55117,2022,7,2,"26105,26127",245037.83259621033,240578.98888203313
35049,2025,7,2,"35028,35057",550930.7809283232,398960.8352280615
17131,2025,4,1,19115,149857.10296923053,161030.25402085495
21185,2023,5,1,21223,409063.612657984,201864.9121189754
55125,2024,6,1,26071,370417.4418370782,117502.37414241988
46053,2024,8,1,31103,,281810.1546621543
38059,2023,5,1,38029,277156.45518510573,120488.24226726669
04005,2023,4,2,"49037,49025",567492.261933826,366807.3083296739
19065,2025,9,1,19055,145287.9988194672,223460.98609805564
05147,2022,6,2,"05037,05123",99041.1971150717,113601.7944202325
26165,2022,8,4,"26085,26019,26133,26079",193000.9594966222,216923.6941544087
26091,2025,8,1,39095,227315.69301323063,166079.99925905242
48463,2024,6,1,48323,202494.3760190028,218575.5471311334
17157,2022,6,1,17133,124211.57120591962,272224.0968827756
06059,2025,2,1,06037,1189233.182842923,900386.0804066259
41061,2021,8,3,"41063,41023,41001",256512.28197099167,273963.3435042397
17059,2021,6,2,"17069,17165",90085.49312468656,96963.49471607708
40009,2025,7,1,40057,144948.9100834429,76699.64888368572
29127,2025,5,2,"29137,29111",184903.54918624257,190359.29880036702
08051,2021,5,3,"08091,08029,08053",540438.6356282928,432206.84182049235
48201,2021,3,1,48071,230959.6798494344,293840.2370394486
48417,2024,4,2,"48429,48133",180396.39274367565,159823.32089138398
06051,2025,9,1,06109,734882.5039839953,391551.6488165309
29053,2023,6,1,29135,224202.88572827575,201924.13964482336
30031,2025,7,1,30057,691407.1932755836,737703.1752187614
47049,2021,10,1,47137,187097.90942175055,195924.9235363182
51161,2022,8,1,51775,288090.14725984185,242818.3568254028
28145,2025,5,1,28139,190296.63565909423,139491.02287669646
18107,2024,5,1,18045,199916.9438711808,173483.28603205192
47163,2022,9,1,51520,224624.37711534256,153099.79595415108
49043,2024,8,1,49009,1271912.2887240269,311964.2533620643
31019,2021,4,1,31099,216529.93597912788,183432.68735959055
01077,2022,2,1,28141,192401.41791510652,176114.4575443807
41001,2020,4,1,16087,182572.1106192503,208269.96185118103
53039,2024,7,6,"53005,53077,41027,41049,41065,53059",462902.7934421933,450019.36803971726
51153,2020,6,1,51685,419753.2991312031,330028.76533421216
18169,2025,8,1,18103,181940.9058522719,147847.17671785664
29117,2022,3,1,29041,152012.80540178518,239143.08932634752
22073,2023,3,2,"22083,22067",171400.5377102855,141651.90664550482
08049,2021,8,3,"08019,08047,08107",666944.8191602137,608506.6994407038
41045,2025,9,5,"16087,16027,16075,32013,41023",300393.1735219804,358736.2301473982
40137,2022,12,1,40019,126693.57662805506,167762.2332184155
54059,2020,2,1,21159,62765.2371177969,73040.12339546054
53015,2023,4,4,"53059,53041,41009,53069",395499.8762144501,427625.1255415155
12077,2021,4,1,12037,143425.4110651793,348434.3397414289
21035,2023,3,1,47079,212482.18783581984,186895.34363227003
47175,2024,7,1,47177,225745.57263915733,253108.86840535552
13109,2024,5,1,13029,181315.9743235952,396329.0065310784
56003,2022,7,1,56043,244009.10976576497,220392.83783677433
05139,2023,6,2,"05011,05003",133242.9189850369,110801.64281728333
05103,2023,6,1,05039,109917.9245319353,124478.70845903152
28067,2024,6,1,28111,164048.42286949142,154543.37974465845
41025,2022,9,3,"41013,41037,32031",197226.4098094782,408592.95619973587
13283,2022,5,1,13309,142681.5224530231,125503.558210233
48181,2022,6,1,40095,297118.8645252618,190102.66921553537
21145,2021,3,1,21039,138481.02653572758,89554.4917080364
24005,2025,8,1,24029,357917.8192276044,374273.71741670714
18049,2020,6,1,18131,126552.3053914437,108452.2447432063
48355,2024,7,1,48007,233207.86598715547,319216.70543420705
31039,2025,7,3,"31179,31167,31173",244918.4735299088,210584.9567659405
47093,2021,7,1,47105,260142.50834136028,329824.84192492696
26009,2021,6,3,"26089,26137,26039",260937.8404158448,267092.9630691024
35049,2022,6,1,35028,539093.572599291,501353.5932044253
39081,2022,11,1,54009,108270.18907285716,117396.298435854
30035,2023,6,1,30101,165651.46105854007,159516.67358886756
48157,2020,1,1,48481,272291.6173238671,206795.98204226073
51199,2020,8,1,51735,337081.2791040002,339712.4373017782
29045,2022,6,1,29103,171161.9514304734,152572.0194742263
05127,2025,6,1,05113,141438.14605470668,182315.6568940809
29177,2025,7,1,29025,250365.9413929444,227995.58134142516
27059,2024,9,2,"27065,27095",323572.076937118,271511.83914571843
56005,2020,8,1,56033,261365.14757753184,305594.8045970769
56037,2024,9,1,49009,274498.3888061202,314338.7476904722
30107,2024,8,1,30037,174865.41983280113,222755.50865691516
05135,2021,5,1,05065,149082.24554534338,138659.42970080764
12039,2024,9,1,13087,208523.29168592588,177764.68299909148
12111,2025,5,1,12093,379305.90987616614,287411.9702699065
17189,2025,4,1,17081,144222.4877953259,126006.2223311034
30083,2024,6,1,30109,264342.020382542,197347.30846496052
31089,2020,7,2,"31107,31003",136951.10398014795,146081.74114876677
37195,2020,11,1,37079,141013.78689391108,136838.798099744
48131,2022,3,1,48247,119214.0444719485,110546.66691720315
17183,2022,7,1,18171,86994.91939402056,200653.53407513097
35023,2024,6,1,04011,132127.51231665318,214219.7903913909
46079,2024,7,1,46097,283497.9445267134,190413.84072959225
06023,2020,3,3,"06015,06093,06045",414783.19054445653,336426.4461802033
48021,2021,5,1,48287,311151.2721797922,303842.06440874696
29099,2023,6,2,"29221,29186",258242.78861816172,195930.62869260643
37047,2025,8,1,37141,173311.8594253325,437025.26868330705
48291,2022,1,1,48373,229282.34976964063,179216.4991948291
16073,2021,6,1,32013,391531.94700234086,270054.9575237339
22041,2022,5,2,"22083,22025",116907.43320854724,148141.74556822266
42041,2022,6,1,42043,295734.2346859661,230234.07073560217
13077,2022,5,1,13149,363659.75673556374,235702.4686522338
24015,2025,7,1,24029,377608.5944050349,374651.0231180377
06079,2025,9,1,06031,897822.5445468404,356583.5688512418
12093,2020,5,1,12055,168905.71683414813,144661.67132613025
39003,2021,8,1,39137,142894.24372049482,186181.0676143747
04013,2023,2,2,"04012,04027",463206.6395822037,254140.3012926643
51003,2021,7,1,51540,439398.40549986507,419786.8051129685
08059,2022,7,3,"08019,08047,08093",668944.7185224849,564245.7609959958
39029,2025,7,2,"39099,39151",152848.18084728194,183914.96888645494
39119,2023,2,1,39115,175004.71680550138,140048.8197764786
29101,2021,3,1,29107,220075.52889414245,166028.61019299037
13147,2024,2,1,13195,296998.68363130145,290280.283479999
51005,2024,4,1,51580,164832.77645694133,92822.53355039789
18071,2025,6,1,18143,219762.60726719137,191715.7911016892
26085,2025,4,4,"26105,26101,26165,26133",146376.68100963204,221021.30072485784
37131,2022,5,1,37185,113898.51194043973,226574.07632013355
51700,2022,8,1,51740,249736.9020210863,230722.61723764695
05063,2025,9,3,"05065,05137,05067",168113.95140553967,152384.98804817977
17011,2025,5,2,"17155,17123",134869.88540052707,151708.09199111108
01099,2022,6,1,01131,147839.67944138532,147095.30019130008
47053,2023,8,2,"47033,47045",166633.09611040555,163834.6613787089
17135,2023,3,1,17051,109238.2241531614,142769.52666862882
20117,2020,6,2,"31133,31067",105200.49900991857,126321.780147531
40121,2023,5,1,40005,134919.2790087495,186590.50237447597
01125,2024,5,1,01063,227885.76412772725,140363.9962721361
29071,2022,6,1,29073,235762.46260168185,209000.451184208
21181,2023,7,1,21069,175764.1763048032,147988.83353788167
17165,2023,3,1,17069,92275.68340866192,106827.99040672806
21161,2023,3,1,21069,145680.78068666262,143803.33501870974
55029,2022,5,1,26019,347718.4214175829,342771.30046771566
47187,2024,8,1,47117,893989.6405649384,314934.9400318911
48061,2022,7,1,48489,185260.81107225028,233088.08915746267
54107,2025,5,1,54073,167635.89634676577,163001.62803837485
20007,2023,6,1,40003,81276.20680253013,113155.13880739229
39065,2024,5,1,39003,165858.0450013338,168112.50337107226
19039,2025,5,2,"19185,19117",189860.9186594284,151226.46391472858
22059,2023,11,1,22025,161005.51197069374,108114.97419860936
30107,2021,7,2,"30059,30045",138638.82728036316,227148.09283618093
12001,2025,4,3,"12075,12041,12007",311233.54913639714,278667.7035451331
18135,2020,3,1,18075,95450.50796325716,98138.55028161065
16051,2020,5,1,16065,284022.2454074347,255209.2017002787
21101,2021,7,1,21233,158656.30401469095,107520.79450264416
21069,2024,4,1,21201,160093.06787322124,176067.7759258376
27065,2023,8,1,27095,246496.32492433712,282891.12876463844
21049,2021,6,1,21173,185163.33275287013,168849.34307768193
51059,2020,1,2,"51600,51610",582500.4156720961,692928.4455185572
40113,2023,4,1,40103,196106.42571119464,135961.6996290722
05067,2022,4,1,05037,99914.2391735937,136261.95218009266
34031,2025,7,1,34037,570578.5056482507,428605.575739011
31051,2024,7,1,31173,181463.84037172236,145913.42311388106
13085,2022,6,1,13111,420734.779423211,527629.7167641943
29007,2025,5,1,29137,166542.67014454564,200862.92546333055
16013,2023,6,1,16063,860093.024294693,283521.6182143187
41045,2022,6,1,16087,298862.49218998564,380819.9583281037
40117,2024,4,2,"40119,40103",160817.65936163193,182253.95893229786
48485,2021,6,1,40033,131444.503658316,86776.40073457903
37143,2024,7,1,37177,254034.72211394823,171369.92720595092
48427,2022,4,1,48247,171843.0899402757,107983.66053354472
22099,2022,9,3,"22047,22101,22007",172602.30009302366,143851.18534571643
37155,2022,6,1,45033,123186.43449801073,125851.68869043254
30081,2024,5,2,"30039,30023",584819.2498031562,347754.2389432022
18053,2025,6,1,18103,145087.6846304675,145190.3763347586
17005,2023,2,1,17051,138294.60226289954,142602.55299452224
01111,2023,7,1,13045,193436.58862699263,277179.2588818792
48467,2024,6,1,48379,281292.9090770406,289596.2166286916
18019,2020,7,1,21223,181055.1042041666,148505.44876359796
21053,2024,7,1,47137,157011.39777485092,221384.13366283823
05057,2022,7,1,05081,118579.4290724835,135851.22601940844
48041,2024,2,4,"48313,48051,48395,48477",307634.7249311992,289571.01647116407
13205,2025,2,1,13087,150872.7433367798,174623.20200644233
48137,2020,3,1,48435,,143468.60911194308
38077,2023,4,1,38081,197136.2450531423,181929.0330683603
13199,2021,4,1,13263,159082.28705686945,158713.44317124967
28003,2022,5,3,"28141,47109,28139",170971.41163546086,156864.75364141105
55031,2021,7,1,27115,197556.13948794993,197125.1486969607
40151,2022,6,2,"40093,40003",113687.08004932692,138885.84951227502
44007,2021,9,1,44001,341746.36499673227,492137.2909305824
01005,2024,9,1,13061,151198.2185649116,170132.41576432344
37189,2020,4,1,47091,301156.10749163723,164359.19327711247
17153,2021,3,1,17181,122627.23560683108,132191.31792249877
21211,2025,6,1,21103,324760.9564468194,246884.42882033196
48293,2022,5,1,48217,162296.704841961,223940.77348029963
01113,2024,8,1,13053,182834.71711819095,140629.74078932282
29019,2023,3,1,29135,290916.42689993203,196514.3628938951
32027,2025,7,2,"32013,32015",251280.61370333287,292892.13306017814
39107,2020,9,1,18075,176796.3505093238,103334.29072447044
45091,2025,6,1,45023,392785.9628869602,215500.49668135587
06001,2020,3,1,06099,876232.9820112856,336689.6347059244
31151,2025,4,3,"31059,31185,31169",211519.97695347777,176823.71208281067
13137,2020,5,1,13281,185655.32334927924,247313.87906086328
18091,2023,6,1,18141,221187.1330558673,194871.7876301142
19069,2023,8,1,19079,138733.80030251338,144527.1688671145
26137,2022,5,6,"26079,26135,26119,26039,26031,26029",215415.19683409037,207973.73554772782
21187,2025,4,2,"21103,21081",178783.5016457695,261583.67205234081
21003,2022,2,1,47111,184043.56181020147,228152.5074901149
38059,2023,9,1,38029,284519.6745538668,121914.80787858945
04005,2023,8,2,"49037,49025",590835.2153096461,374605.73254461144
21231,2024,8,1,47137,163468.98077975895,222910.3151673624
48117,2025,6,1,35009,175873.64718833813,159893.17370051504
13137,2023,6,4,"13139,13011,13311,13281",284448.58833541186,337896.55147409334
22037,2021,2,2,"28005,22121",211591.65727896997,179084.68712566627
48297,2022,4,1,48013,239893.51894105368,261332.0820612179
32019,2021,7,3,"32029,32510,32001",369486.7397959384,403976.62584095844
37009,2020,2,1,47091,242512.59469112568,162399.6311165431
13167,2024,8,3,"13163,13283,13175",133405.3835168271,155413.8310871561
29111,2021,6,1,29103,156712.9308996894,138257.99558311733
51153,2020,10,1,51685,432134.06792641943,339178.64284194243
28127,2022,7,2,"28065,28077",161482.36265614958,127797.18561977935
21229,2020,4,1,21005,146382.2353736978,146514.79191761315
19147,2021,7,3,"19041,19021,19059",127068.51274770424,195255.45677386122
12085,2024,1,1,12093,479632.5421495622,275860.1447124681
29141,2022,5,1,29135,305519.84833127615,196174.9739577735
06027,2020,8,1,06051,382259.4054897145,514060.8429929831
42061,2024,4,2,"42057,42009",167676.27974374953,202188.5409538308
54059,2020,6,1,21159,66757.5491841064,75353.02943802267
29131,2023,2,1,29135,229128.23910158625,196262.4530379113
28149,2024,6,2,"22065,22107",149714.8422541281,157624.51717277762
01029,2024,8,1,13143,216586.14673876745,270850.07677222847
21035,2023,7,1,47079,219742.4465826766,192935.1970107484
13279,2020,7,1,13283,111328.93769642712,110469.15067117706
46059,2022,4,1,46005,248442.0096688051,178772.05399166513
13215,2025,4,1,13053,182894.99940813615,141343.59368685147
34029,2024,8,1,34001,506352.1864809531,351832.9594223898
39093,2022,7,1,39005,216236.57625146068,193944.4059864992
29035,2021,7,1,29179,154617.79382160614,145078.16877516193
48181,2022,10,1,40095,296916.8736368714,192945.32816976603
27129,2023,4,1,27173,166441.39925267207,153285.48490912048
51199,2025,6,1,51830,453754.5490931706,403037.0490502336
35049,2022,10,1,35028,532523.4040772963,501691.7741350398
41021,2024,8,3,"41065,41069,41049",212175.49146369495,329386.45262774476
48419,2023,6,1,48405,236623.70911994053,220518.6141885009
19013,2022,9,1,19023,157862.12483801544,165429.4761392891
12021,2022,6,1,12051,611211.6586359894,250273.93435109887
28071,2023,8,2,"28161,28107",331251.25637624273,172678.41947380474
51199,2020,12,1,51735,347099.8392211187,355463.44871279947
19069,2020,7,2,"19079,19067",112133.58665421656,111482.64139189807
05001,2023,1,1,05107,123158.39333848451,55206.07740838381
30063,2023,5,2,"16035,30061",525430.8199730897,327696.6223118253
28043,2024,6,2,"28161,28135",125505.60294429974,135388.7040348932
13241,2022,8,2,"13281,13137",375900.9947401969,329454.06263107085
17059,2023,3,1,17069,77680.02271168192,106827.99040672806
21145,2024,8,1,21139,175988.43002553983,144947.8064753559
47099,2024,3,1,47101,221926.13128292424,236151.15317593468
47047,2020,3,2,"47069,28009",264710.69109836064,117025.51687333333
29015,2022,6,1,29185,189931.14225937775,191578.14884066515
40009,2022,10,1,40075,126907.88548777002,78344.96470757267
20105,2024,7,2,"20123,20141",114042.387366828,106597.01242175
06019,2024,11,2,"06069,06031",405137.9310457722,567826.8868794832
47153,2024,5,1,47177,269578.62410394213,250683.96033844168
21083,2023,3,1,47079,143157.36158981116,186895.34363227003
13261,2021,8,1,13197,108217.83261460863,167975.99556567697
39091,2024,8,1,39021,234551.43580758045,226811.8688694005
13209,2022,5,1,13309,171224.9850460489,125503.558210233
51029,2020,1,1,51065,174621.79225348693,244035.03217716256
51089,2021,7,1,51690,115595.8411341508,76411.60574855514
16063,2020,7,2,"16067,16025",217237.65721066183,248241.2738199223
17143,2021,8,1,17175,111457.68221328832,127439.69674237027
23011,2021,6,3,"23023,23015,23007",229489.39505851967,293536.4638077695
19131,2023,3,1,19195,174541.7649551075,159348.41667006604
36051,2025,5,1,36037,230895.5135295427,208234.02836327185
01067,2025,2,1,13061,190337.43830085575,163545.68134193076
29065,2022,4,1,29093,159962.08919498758,138590.60847885124
20147,2022,9,1,31061,108697.18610977945,117592.93342311632
35061,2020,9,1,35006,202586.46385826916,108799.15815323574
29171,2021,12,1,29197,152330.6103698264,157034.2471507129
31027,2023,6,3,"31139,46027,46135",203304.1622575901,242529.59270026046
48363,2022,2,1,48143,273192.54340452835,292391.1373891619
48381,2023,12,1,48011,248331.88227624583,217321.3099328912
18083,2025,8,1,17185,150497.35863250057,117976.60446104372
17035,2022,6,1,17079,145183.6122668706,137640.05552216616
04021,2022,10,1,04009,414357.94429070497,272274.22515488067
19071,2024,7,1,19145,163695.27826782278,138838.1120945598
44009,2024,5,1,36103,606928.4178493628,651613.958502713
12079,2025,2,1,12067,209317.04486851,247457.13199385407
29113,2020,5,1,17013,206354.08294898775,158502.4137058791
48181,2024,3,3,"40013,40085,40095",301333.86024552194,205818.09572587497
55105,2020,11,1,55055,185512.5601531511,250105.5305726896
30075,2020,6,1,56033,134823.98729296846,302737.0230205245
05107,2022,5,2,"28027,05077",62049.65193695383,96686.01892896103
20117,2020,10,2,"31133,31067",106836.00309491094,133073.1220438052
17119,2024,4,2,"29510,17005",177301.7970200948,160658.3341057355
40121,2023,9,1,40005,135631.23806322188,188827.96153903787
06019,2023,3,2,"06069,06053",378309.2596696196,784968.4432675983
28109,2022,5,2,"28045,28091",167922.05323587227,186766.17647051194
12057,2023,6,2,"12049,12081",389922.3946776171,338948.11933407857
37043,2020,4,1,13281,201519.6611522192,246330.3431419537
13135,2024,8,2,"13013,13117",427685.4977766436,491087.3548329042
18177,2020,11,1,18135,111522.98539654967,100970.13722190568
12001,2025,8,3,"12075,12041,12007",305786.29960882803,274973.59016803745
16051,2020,9,1,16065,299978.035654601,266112.858275625
01081,2023,8,1,13145,314269.9952539892,338495.09546965087
31089,2022,4,1,31103,162704.48012973907,250797.8481664701
06007,2020,11,3,"06021,06011,06101",360999.415916945,312362.7132205481
18179,2021,8,1,18009,182664.69470876968,97898.7601989595
21049,2021,10,1,21173,189248.0820253119,171130.319433779
51059,2020,5,2,"51600,51610",595925.376140634,708185.5389330245
48159,2021,3,1,48119,247017.3581188065,146899.89691649348
06015,2021,10,2,"41015,41033",343340.9289271482,401600.64367434336
05107,2020,12,1,28027,69030.49490911151,65286.02199817246
51149,2024,8,1,51670,336845.14854018606,211608.57472281507
39167,2025,4,1,54073,174691.88012812936,164206.8643625162
40113,2023,8,1,40103,197097.76391784375,139616.39926346214
17003,2021,3,1,17181,91518.8174302285,132191.31792249877
06077,2020,5,1,06099,411361.92057753867,339720.1670536691
31143,2020,6,2,"31141,31023",137272.0688218006,163812.29423494026
19027,2025,6,1,19047,190341.93097451972,165724.73839512377
21027,2025,5,1,18123,173437.13139888857,182799.5542384527
48483,2023,8,2,"40129,48211",108919.8475304934,172112.7643309274
46023,2020,5,1,31107,167345.93351710017,139197.00756271108
18077,2023,7,1,21223,206125.52130826897,202839.7738622908
31015,2022,7,2,"31103,46023",202609.84344207417,247498.9716308245
48201,2023,3,2,"48071,48473",286952.8801552283,350494.10786935344
04015,2021,8,1,04012,319895.4977663272,217004.04022262504
21071,2021,6,1,21115,110024.12088373788,117941.0831123675
48369,2025,7,1,35009,152324.44760314783,157671.3265800899
24003,2025,6,2,"24029,24035",502982.20798307424,445334.6989002624
47161,2022,2,2,"47083,47005",225195.08730479615,175083.98747684612
06109,2020,8,1,06051,314717.3300976756,514060.8429929831
17005,2023,6,1,17051,141450.41690704055,143743.0185822359
48297,2025,9,1,48255,219393.69088059163,202164.8300711333
31101,2024,4,1,31117,214300.48518456647,321196.59430020355
41067,2024,11,3,"41071,41009,41007",582624.8096359364,491870.81417558156
12121,2021,10,1,12041,224362.9237779874,227190.85179804545
19103,2023,7,1,19115,281932.37344332255,147603.180190058
42085,2025,6,2,"39099,42039",169267.16457054214,154463.75189908405
42017,2022,5,3,"42077,42095,34021",442371.5376277017,322875.80222924514
22105,2023,5,2,"22091,28113",231963.17347242983,151650.10520878027
17119,2021,3,2,"17027,17083",146955.59344645953,162857.4615445978
26055,2024,6,1,26089,389980.04924586025,605053.7738727896
46039,2021,10,3,"27081,27073,46011",252104.8295104089,187653.38530540245
05057,2022,11,1,05081,116872.42417306006,133867.97454141182
56035,2022,5,1,56023,355212.84204785974,435838.5741838582
37061,2025,7,1,37141,181575.7085313193,438547.9611749267
06031,2023,12,1,06079,340243.3398269971,876719.8745518298
38077,2023,8,1,38081,199931.99084168347,174183.17032653547
13199,2021,8,1,13231,165681.31203939475,289028.8456490181
54001,2024,5,1,54093,127657.66161355916,209086.5184042259
28011,2022,7,1,28027,158157.09355285877,69519.4037922142
13181,2024,1,1,13317,227082.0970884012,156280.64911042678
38043,2023,7,2,"38083,38029",222721.71062590243,145553.0639020771
21149,2024,6,1,21233,160037.1046757834,133096.82022795724
31127,2023,6,1,31147,155352.38293694935,116198.14771168742
28089,2025,6,1,28051,329810.27599450597,80901.9667993555
05049,2024,5,1,05065,176725.43781060204,167289.29802547884
47155,2021,8,1,37087,366931.0014384379,285819.81114249304
19093,2020,6,1,19133,100690.58778209884,109796.73903248284
13289,2021,6,2,"13023,13021",104903.72489995342,128589.42347970809
48223,2025,6,1,48379,266624.01247866754,286047.6109951124
41067,2023,3,5,"41071,41057,41007,41051,41009",568411.5419856837,486221.362832226
47139,2023,2,1,13213,216496.650797266,218600.5076466245
48089,2020,1,2,"48285,48481",228498.02860992835,214760.39359053932
51195,2025,4,3,"21133,21195,21095",130290.38364902016,96987.27814850888
46051,2024,6,1,27073,202479.9605018895,183936.39305116705
23001,2020,7,1,23023,194394.3054206331,260831.5273210222
28135,2022,5,1,28027,152526.2860629889,67880.74886334014
32015,2021,7,2,"32013,32001",213593.49889774737,300519.6756200923
12053,2020,12,1,12017,208056.4784639161,191282.9223584589
17203,2025,5,1,17123,205458.49147493544,128338.25460354028
05145,2020,2,1,05023,132350.02936757557,158945.32516774346
55057,2023,4,1,55141,208052.72143437213,179735.99375495777
12081,2020,8,2,"12027,12049",289022.65842699644,152043.25496704795
48231,2021,3,2,"48119,48379",227691.86104517445,188263.70649841288
27067,2023,8,1,27151,250644.12272055435,164140.68796238478
32005,2021,11,1,32510,667359.7788819914,447922.49128177087
49015,2025,8,1,49019,280200.95828884287,584386.2903736866
48501,2020,7,1,48165,188969.16989331305,195363.11373848488
27015,2023,8,1,27013,199483.48349235032,271166.6561231645
29139,2024,11,2,"29073,29151",201947.91751351985,239280.47103307705
21175,2023,6,1,21063,145069.14861767922,152391.02280017114
12055,2025,5,4,"12049,12093,12105,12015",236941.80536834116,288339.5084498179
23001,2023,8,1,23023,298270.35003467556,396341.01207559096
13219,2020,6,1,13059,361839.60101718106,201895.97266192897
01019,2023,8,1,13055,214157.78787152655,170726.7501468324
49003,2020,7,1,49005,299581.24847713433,303264.04333872255
26003,2024,7,1,26083,190146.92523025247,178023.82962791668
16033,2022,6,2,"30001,16059",246950.08299883537,355434.2858004001
27069,2021,6,1,27135,156594.48710601506,184220.54501477207
20143,2022,9,1,20123,145974.408535498,124188.68370009244
06071,2024,5,1,06059,549757.2344104572,1129867.5773974278
16019,2023,8,1,56039,382547.3780765072,2084901.049880923
05023,2025,9,1,05137,248490.14001647092,194133.07719642
37021,2022,8,1,37199,445516.31438843993,321667.00360838504
35027,2025,8,1,35057,342485.3505477745,210456.5284312598
04007,2024,8,1,04009,396269.45257668546,284707.51085280714
48199,2024,11,1,48373,226725.24670369097,186187.88497678295
49019,2022,9,1,49047,613198.9695595665,288061.6860776828
21011,2023,7,1,21069,155697.72737462967,147988.83353788167
30041,2023,7,1,30015,207477.65682524792,248183.13221115756
05049,2021,4,1,05065,154618.0623386812,136463.58055485293
41005,2020,6,2,"41027,41067",461809.4999848643,466578.35078485217
21185,2025,6,2,"21223,21103",436812.9305863581,243849.559429556
13273,2023,8,2,"13261,13307",106970.84615625512,147024.2794675768
29183,2022,5,1,17013,335994.94446167303,182671.28605271663
46085,2023,8,2,"46015,46023",,221369.55478466128
53011,2024,9,2,"53059,41009",550549.4033755165,496941.7079816966
48481,2022,5,3,"48015,48321,48239",250137.11583940696,290982.83147779375
18067,2025,4,2,"18103,18023",179554.5358525566,177784.53851972538
42133,2022,7,1,42043,257690.57511541687,231610.10356529255
37023,2025,7,1,37011,251516.8918482998,389625.81226565834
49045,2025,8,2,"32033,32007",473192.3382056662,277049.4160122554
05067,2024,4,2,"05037,05063",97996.57894344516,152272.09110106394
08055,2023,8,3,"08109,08003,08023",276178.6468124849,242555.22220452936
47099,2024,7,1,47101,229534.39682897096,243774.61471511933
39137,2024,5,2,"39003,39173",215797.0057532148,198113.55187312432
37163,2022,6,1,37141,144682.45643202905,407434.8058897462
13243,2024,1,2,"13307,13259",97882.60680548212,132477.24872634507
19109,2022,8,1,19197,152304.10143206923,125290.59847981251
47079,2025,9,1,21035,209288.00628383944,189916.33094883207
47153,2024,9,1,47177,273830.5397708221,254655.72553847576
21083,2023,7,1,47079,146236.82339427024,192935.1970107484
22117,2025,6,1,28147,127575.5373969188,156627.66129619654
48387,2020,9,1,48119,155275.60872461615,132041.42373207668
22007,2020,8,1,22093,156146.51365203943,177848.14298373403
01107,2024,5,1,01063,140952.04843216308,140363.9962721361
12049,2022,4,1,12027,198569.16087070305,249331.8901504696
49015,2022,7,1,49039,,356911.8336340397
29055,2025,5,1,29073,207521.0836019586,231091.41775757232
01047,2024,4,1,01085,91576.4702170366,142591.2322920749
12055,2022,4,2,"12027,12043",209478.23764417015,236852.8380910916
19131,2023,7,1,19195,177547.45644563597,160467.7527235107
48395,2020,5,1,48313,255485.02028470967,177795.58190307007
18023,2021,12,1,18159,163545.97136977664,182563.36226994972
29163,2020,5,1,17013,132481.11572224172,158502.4137058791
28157,2025,7,1,22029,114532.0582927334,105674.02376406308
48339,2024,12,1,48407,346238.5210035399,239547.492761438
08071,2024,10,1,08023,255728.6861792948,207406.40290665496
27031,2025,7,1,26083,408985.3320019045,188454.46591769453
26063,2021,6,2,"26011,26069",154505.02799043866,125885.72651701779
26069,2024,7,1,26001,162651.44835508417,170706.98549510242
20137,2025,6,3,"20147,31065,31083",121164.08459559486,136262.36949555672
38071,2025,9,1,38063,207493.33863558772,140544.31052743303
27021,2021,7,2,"27153,27159",249455.02304165455,191854.6282676134
44003,2020,7,1,44001,272091.61990614975,404909.7097594047
48257,2024,6,1,48397,320088.7508553805,435069.9347375301
47153,2023,1,1,47061,248503.16029122088,174941.51063476983
37177,2022,3,1,37095,162327.05158893453,203992.72382282143
49047,2025,7,3,"08045,49009,49019",338372.07029404654,534174.2226124726
48015,2024,3,3,"48477,48089,48481",407306.6663629126,296686.2859420265
12011,2022,5,1,12051,394324.36431885674,244993.6448355499
48143,2024,11,1,48093,337828.5031388242,216563.3879750813
13241,2024,5,1,13281,387256.6413186631,390407.3845603244
01101,2024,3,1,01085,161300.17964711416,141059.45562315153
28145,2021,4,1,28009,168464.1553116795,147570.71571001233
46109,2023,7,2,"38081,27011",232172.49605649983,174598.7160529071
29139,2021,8,1,29073,194537.81210839524,178563.43809773374
37115,2022,6,1,37199,368054.8130625661,320451.33595322754
47109,2020,7,1,47069,116294.43854353292,103089.80265201232
08055,2020,7,2,"08109,08003",181010.6141844927,186236.54652848488
06065,2022,6,2,"04012,06025",607425.8452829329,280638.2328464244
53069,2024,12,4,"53049,53041,41009,41007",376010.8971981071,428970.0002466166
30027,2023,8,2,"30015,30107",260534.9642745261,210372.95419747056
48405,2022,3,1,48241,268952.90739214345,213497.1962475088
16005,2022,7,1,16041,338656.56653728994,450964.430460722
17033,2025,7,1,17159,128483.76817875193,119417.76163154184
48179,2021,6,1,48483,95432.39690023406,121741.5565821997
17181,2025,9,5,"17153,17199,17087,17003,29157",143786.99419797747,136330.70750954244
39031,2025,6,2,"39075,39083",172947.57180191643,304536.9362481977
37041,2023,12,1,37091,225822.17942185444,123630.3871050047
01047,2021,3,1,01085,92383.33465892157,130367.73759960284
30067,2020,8,1,56029,390988.623353515,289690.62733963365
47065,2023,12,3,"13047,13313,13083",340502.47254730883,248982.60084676146
19131,2020,6,1,19067,130363.77133667826,115358.54858704978
29005,2023,5,1,19145,135890.33287127237,132470.59629441277
29219,2021,6,1,29073,263791.8342310446,174368.37989064612
22041,2024,6,2,"22065,22107",113456.19463199776,157624.51717277762
06029,2023,2,1,06079,329916.4542220363,826462.1818000813
06041,2020,1,1,06095,1126674.2073721045,460925.3607411205
19053,2020,6,1,29129,146990.03605373786,103330.5431306746
54019,2023,2,1,54089,114790.88385118629,133518.7935608518
48143,2023,3,1,48193,320109.1952970614,249581.36519787964
55073,2023,5,4,"55097,55135,55141,55069",217932.0148481098,219861.3146831413
29177,2021,6,1,29107,197716.7833108119,175859.8770819887
48343,2021,5,2,"48459,48315",151135.61110182162,163901.9582055482
48505,2020,6,1,48247,154664.3864903122,115519.76123520668
37111,2025,6,1,37011,266777.75812600926,390906.96726455423
37031,2022,3,1,37095,400847.4905513532,203992.72382282143
17073,2021,8,1,17175,130631.82537369542,127439.69674237027
49035,2023,9,6,"49011,49043,49049,49029,49051,49045",543881.8806033948,727975.0139948884
05013,2024,12,3,"05039,05011,05025",131238.54631839585,131026.67206777807
17119,2021,7,2,"17027,17083",150363.1369441357,166109.3768871356
51131,2020,11,1,51735,190388.04620783168,351215.4690559691
29177,2024,7,2,"29033,29107",235831.1223650313,187346.22032153956
12057,2020,9,1,12049,256022.2272992835,141960.08493309678
05081,2024,1,1,05061,149335.79585658488,139768.3532821868
05139,2024,4,1,05011,129838.93737618891,124639.72937616722
13297,2023,4,5,"13247,13211,13135,13217,13013",359417.36896558414,349673.8835737548
22111,2021,4,1,22027,141326.45790773703,196783.438898804
19023,2020,7,1,19067,128210.60211338152,115779.56084022851
53049,2022,1,1,53027,305350.9171943159,313405.7052247925
51131,2023,12,3,"51119,51199,51735",277204.5703142745,405971.8893502553
47171,2020,7,2,"37199,37121",156797.7194099344,178918.01286402685
37139,2023,7,1,37177,236393.55429861904,168633.01518823873
05075,2024,11,1,05067,126167.71522893384,99136.5596619615
41005,2022,2,3,"41065,41071,41027",590435.2648643678,502842.3167369799
38099,2023,4,2,"38063,38019",154119.42682266317,162325.70915876923
42109,2022,5,1,42087,213128.29055562697,150284.536581433
29161,2022,6,1,29073,199337.19927689992,209000.451184208
32023,2021,7,1,32001,292555.3809963481,327189.14112549135
30013,2023,7,1,30015,290034.18509933556,248183.13221115756
37041,2025,5,2,"37143,37187",226821.98598773475,186185.08740326212
26053,2025,5,1,55051,120444.9405898878,198472.7792596679
30085,2023,4,1,30091,132737.58431494082,169880.01815899764
13289,2021,10,2,"13023,13021",105409.77428685232,132407.03798694737
06009,2020,4,1,06099,336561.14819556626,338557.8081334559
05013,2023,4,2,"05039,05011",137613.93902289995,120506.81877813037
26031,2020,7,1,26097,169566.70029225052,135637.429241976
17133,2023,4,1,29186,267144.3718464835,214248.86138627303
31031,2023,8,2,"31091,31103",198609.9130107713,191183.09110249777
37015,2025,5,1,37187,69739.56815976759,109236.99868483456
47139,2023,6,1,13213,223590.94246049933,224735.07719169804
20065,2025,6,2,"20147,20163",112782.46970091228,116683.85734950015
18083,2024,4,1,17033,142445.11972033474,126408.21034391456
51195,2025,8,2,"21195,21095",130533.75824217864,96699.04719317191
48101,2023,2,1,48197,56623.82783528796,95108.14606493874
51025,2022,6,1,37185,164096.76007628007,230231.3238355672
16031,2020,7,2,"16083,16067",202983.9781880012,215437.31278633367
47011,2023,7,2,"13213,13313",289932.3287119095,224037.19506791694
19103,2025,4,2,"19183,19115",293723.02021141443,190321.5552615865
05059,2023,4,1,05039,159369.67191435493,123822.24097999536
08001,2025,7,1,08014,494197.94821432425,628484.5964753056
51121,2023,9,2,"51045,51750",322520.4324380734,219416.2093838596
41025,2023,5,1,41037,198595.23346745633,186004.63514358047
36033,2020,3,1,36041,116010.73242171464,169550.90007845018
19081,2024,6,1,19069,166939.15145983643,141861.9179876591
23001,2023,12,1,23023,306466.1359077732,405450.1086993825
31159,2025,4,3,"31059,31185,31143",286195.2928367094,196552.94423371283
48371,2024,5,1,48475,180257.1388784027,197298.0932857568
30019,2023,6,1,30091,177090.52085912565,175825.43510854524
47103,2024,8,1,47117,249061.1877748456,314934.9400318911
17057,2020,3,1,17169,81906.24800360399,109334.5435596428
01019,2023,12,2,"13115,13055",213836.4331756753,194793.9869462537
54107,2024,5,1,54073,164099.56973252934,154242.74599720372
20007,2022,6,1,40003,78098.50325886725,128867.22031011306
42037,2023,8,1,42093,230864.008346344,253150.54952162024
06089,2020,5,2,"06049,06093",289689.7936541369,174652.86023715604
17191,2025,9,2,"17159,17081",113560.48695060796,122868.53861138405
18159,2025,4,1,18023,230571.7259772347,212410.4305185832
16073,2025,5,3,"16027,32013,32007",428262.64099529834,371487.56744015944
46121,2022,5,1,31103,,255444.9934728735
37019,2022,3,1,37141,360338.4992131158,384920.2732299276
51049,2020,1,1,51065,162014.6402970182,244035.03217716256
17113,2022,7,1,17039,213474.96945284924,116347.12940561534
48177,2025,5,1,48493,284253.31781078404,395797.6430578183
30049,2020,5,2,"30077,30043",280164.2217428382,234000.18760527635
06071,2024,9,1,06037,556547.6235942162,892083.4899124448
26091,2023,3,3,"26161,39095,26059",208961.362155413,231717.06027978042
16049,2020,7,3,"16035,16061,16059",209711.59797732352,188809.77938129645
22057,2025,5,2,"22093,22095",187569.68147807373,199612.5367515082
36043,2023,4,1,36041,160442.04245964004,232190.5434508389
48087,2024,10,1,40009,94592.5338460006,138417.16226605567
31131,2024,7,1,31097,222680.7900288837,193274.25251876353
29049,2025,6,2,"29063,29025",272171.13560542377,226555.57518204735
48399,2020,6,1,48095,122733.3398122815,171098.17811179173
21137,2025,6,2,"21203,21199",181935.55497700325,171590.7697063302
23003,2020,7,1,23029,102456.36811847264,122453.96069829824
27103,2023,8,1,27013,278198.5157276985,271166.6561231645
22021,2022,11,2,"22083,22025",131334.4364493469,144765.688264984
39039,2021,8,1,39137,144471.34794141806,186181.0676143747
40113,2024,2,1,40103,200198.648580265,137847.52545849467
28039,2024,5,2,"28131,28111",194164.11413949417,171946.48414443235
13287,2025,6,1,13315,141932.27663698376,125407.87502099451
40055,2022,9,1,40075,83740.65763801751,78857.67884413728
51195,2022,7,2,"51720,51167",118131.8694530559,122550.4111253921
48023,2024,9,3,"48275,48009,48487",129103.91647267935,143561.28742467353
51179,2025,5,1,51630,536215.2038660975,462816.27584971505
29027,2025,4,1,29151,255457.7675529664,261820.73859450416
13243,2024,5,3,"13239,13307,13061",99583.9290414862,157833.72648474455
40153,2023,8,2,"40043,40093",133169.1682608157,140948.2537376297
49005,2024,9,1,16071,445620.1168779796,326207.3665877846
29061,2020,5,1,29117,152718.4283736929,119970.39797010653
46057,2023,5,1,46011,273872.2113685455,276351.5345478127
51051,2025,5,1,21195,105760.4901736112,116182.7903934786
06071,2023,1,1,04012,526221.0763460132,248867.4644829245
42123,2023,4,2,"42039,42049",120770.24234673892,165010.42782819667
37187,2023,6,1,37177,110392.35534358262,168712.30640109535
42081,2025,5,1,42093,221172.59138686684,265557.4248653828
35015,2024,8,1,48109,241011.8240741288,135794.2667116035
31103,2021,8,1,31015,232994.7582441041,198694.3657972055
55093,2021,12,1,27163,306321.1882781116,400720.6557055483
27119,2024,8,3,"27087,27029,27125",222687.83547062383,188843.30041084057
51650,2023,6,2,"51199,51735",254135.42426863455,422300.36569791887
39029,2024,10,1,39151,152539.9711711013,195887.7111266132
27139,2024,8,1,27079,426096.1275770652,332227.0104103831
34023,2024,8,1,36085,536682.819466223,669629.5541388867
37129,2025,7,1,37141,446496.5834193066,438547.9611749267
17029,2023,7,3,"17023,17173,17035",116880.40643554657,141997.0350970407
23005,2020,6,1,23023,347741.03421185835,259204.19596523556
13045,2022,6,1,13149,273560.3045536102,238083.7289141229
01113,2023,8,2,"13053,13259",175126.97642924995,110062.61688646046
55009,2023,5,5,"55083,55071,55015,55061,55029",289145.5101479851,279751.65756736917
51165,2023,8,1,51660,334139.6843417841,297004.71715049265
19035,2024,7,1,19093,149525.89090418967,134063.58388484223
44003,2020,11,1,44001,282901.3246358129,426267.1241956251
27059,2025,5,1,27065,326913.0860606591,251068.49292481065
22063,2023,7,1,22091,239761.5838563014,183535.962229391
41035,2020,5,4,"06049,41029,06093,41037",195678.07402552632,201651.87841848523
21169,2021,5,1,21001,119982.86794554393,136245.75415825145
48283,2023,3,1,48127,147722.47950007513,143680.92242707498
27107,2024,6,1,27087,149959.33200219503,170768.25946619862
18067,2022,7,1,18159,153935.98459065435,197958.2038530611
40069,2021,4,1,40029,98203.12029422364,95632.83550967996
47031,2022,9,1,47051,276604.6271822545,289601.5459257522
16043,2022,7,3,"30001,30057,30031",481747.98163665953,607373.8253591097
29027,2022,3,2,"29151,29051",231710.55583079692,214250.3950940086
28141,2023,8,1,28117,179329.72455012097,142933.48190975547
32007,2020,6,3,"16083,32011,32033",277065.3591748146,190710.79911245298
48029,2025,5,1,48493,260813.337685277,395797.6430578183
13157,2025,4,1,13219,404392.3666025854,548623.2136897807
18001,2020,7,1,18075,152475.3642880104,101142.62868944852
29085,2022,6,1,29185,175130.40510073944,191578.14884066515
21165,2021,7,1,21173,95600.6905310374,170012.78403480895
20201,2024,6,1,31095,141115.81974795155,130186.37522249468
28085,2025,7,2,"28113,28147",169084.56659319103,130184.11331723462
13309,2024,9,3,"13283,13175,13271",145369.36792611843,148547.89216291308
48179,2021,10,1,48483,96218.13756370654,124332.33546791984
40127,2023,6,1,40005,146125.28222613072,188690.462831664
47053,2021,3,1,47183,129003.49617212793,122761.24038204276
48193,2020,1,1,48333,172068.40538530634,295998.2181407953
54077,2023,4,1,54093,117556.84605767071,193397.97691326783
19161,2021,7,3,"19021,19093,19035",121038.12327299285,130157.47946573926
36013,2025,8,1,42049,166165.09853851658,210383.6405859428
26101,2022,5,3,"26105,26085,26019",229463.63406783025,242578.5114656477
37039,2025,6,1,37113,268264.45109148725,355015.0073613972
31117,2025,7,1,31171,369822.9499070943,193939.2106974571
32007,2023,7,2,"49045,49003",339916.28490341286,443149.462747787
22013,2022,3,2,"22027,22081",124600.21075656598,159801.2456596028
06083,2023,8,1,06079,925955.0288948268,856674.9648123682
19063,2022,8,3,"19041,19059,27063",136695.19699336227,232796.39162128264
42097,2025,6,1,42093,154490.2342799254,266144.43370918016
16015,2022,6,2,"16045,16037",497418.3954401882,426118.82014391106
27089,2024,9,1,38099,189547.63648339955,156191.38142390572
20055,2024,7,1,20083,230284.8783164967,148650.51564605997
29003,2025,6,2,"29063,20043",276930.63314658875,185931.0509572141
26103,2020,8,1,26083,153009.84847720232,132614.91554011902
53011,2021,10,1,53059,491699.2645199618,485812.8886958816
29115,2024,10,3,"29041,29079,29211",128462.64822414702,116368.06724831038
47129,2025,9,1,47049,203897.738944885,241097.1450612595
21099,2024,7,1,21061,172070.99952259506,184626.79980292416
48039,2024,3,1,48481,324649.0609007333,238251.1636068445
48005,2024,6,1,48455,197531.19281913553,185001.00815458767
05099,2025,4,2,"05019,05109",,168572.1901408759
13251,2021,7,1,13031,147775.22602182438,189490.0921994866
12057,2025,7,2,"12049,12105",382386.17450979195,267679.6912499974
13129,2023,4,4,"13295,13213,13123,13313",237130.48062839973,264239.23187679396
37073,2025,5,1,37143,227023.08413420388,263133.17612168967
19015,2023,6,1,19079,202764.87977730136,142337.8133422708
39033,2021,5,1,39077,119776.90498490422,148905.5759777108
48361,2022,7,1,48241,194922.38651326895,220863.5450192214
41001,2024,7,1,16087,288491.5200350554,368728.00406513625
29131,2025,6,1,29151,262279.7717465448,255300.89466299317
23011,2023,12,1,23023,298185.00218854257,405450.1086993825
53031,2021,1,3,"53035,53055,53029",462726.152112976,553694.0064603145
55099,2024,5,1,55003,173838.42281722845,195642.52824133672
45013,2024,6,1,45049,540313.6888857036,168756.13948530247
13245,2023,9,1,13163,180133.72919408177,129012.28873860733
29063,2024,8,3,"29075,29061,29003",221563.68119113977,208992.9060109918
38067,2023,5,1,38019,128897.28879193075,141334.33823494765
31151,2024,7,1,31095,200462.371147157,130529.41676822065
27139,2021,5,1,27019,381467.77921770554,417701.9342957425
26129,2024,8,2,"26001,26143",159891.10389495743,175729.64050912223
06009,2025,2,1,06109,453938.5036233463,405059.5361032929
48059,2024,3,1,48133,189147.8634719927,156348.65723797036
06087,2020,1,1,06069,821841.2535088466,616325.747537048
19187,2022,8,3,"19073,19197,19025",135186.53217201412,134519.4362960062
30085,2023,8,1,30091,137869.92979503938,177761.7091497033
21135,2025,6,2,"21205,21069",124852.3186155688,180958.0676655656
17059,2024,1,1,17069,81672.10422717867,109806.59292381234
29017,2023,3,1,29123,187945.22077440875,148530.84351335015
21085,2024,2,1,21061,161527.30686269692,175824.71581680965
01033,2021,10,2,"28141,01079",161417.1798794729,184138.09361296232
37039,2022,5,2,"13111,13291",241954.9068806551,435358.1921321242
49049,2020,6,1,49007,371210.76864753314,157318.54920463328
06107,2025,2,1,06031,356724.0762296913,356088.0901770319
18083,2024,8,1,17033,144927.8750870089,121243.5903732232
19085,2025,7,1,19047,208813.50629316745,167028.36306446636
18053,2021,8,3,"18159,18009,18169",114175.44807316664,138808.35661214785
27087,2021,7,1,27029,159528.6041564158,175448.638085825
31175,2020,7,1,31077,127268.35516905632,164245.99179035128
04025,2021,9,1,04012,449710.8739849021,221207.79194462567
45027,2022,3,1,45089,204719.99365625763,129950.06753619848
55025,2020,8,1,55055,320000.8896924863,239839.67444381965
18181,2020,7,1,18131,146268.69170531468,108930.09255105518
55043,2025,9,1,17085,210181.1239644272,235145.75108106216
36059,2022,8,1,36005,710764.3699990475,512105.8898891688
18175,2025,6,2,"18025,18143",211665.8541047545,177735.405536626
20205,2022,7,1,20207,98230.707884919,99457.85346373096
53019,2023,9,1,53047,271161.9033966274,304064.63161334465
19007,2022,11,1,19185,117746.72048359273,125858.3069402938
54107,2024,9,1,54073,166078.85319930245,160406.0349050078
17081,2024,8,1,17145,122483.09725318274,109801.48240226146
13105,2021,5,1,13317,120486.5784304518,119099.7525751177
17021,2023,4,1,17173,102112.15550095448,140290.68118902636
01113,2025,4,2,"13053,13259",189083.9493340922,118298.25881115606
29021,2023,6,1,29003,162322.34249682914,246650.95807272856
08013,2021,7,1,08047,675597.4421759368,493282.4606887093
05053,2023,6,1,05039,189160.84503241515,124478.70845903152
17113,2022,11,1,17147,216859.88788124465,189924.1552420396
13181,2021,8,1,13317,205812.96567541652,123204.29034757736
51175,2023,7,3,"51183,37091,51620",243443.49142145296,170094.62511217824
31031,2022,4,2,"31091,31103",189975.40913141263,185283.5271427132
48007,2025,5,1,48057,310771.8888610324,202987.91007270993
21055,2021,7,2,"21233,21143",132707.80779338785,127956.65287772135
20087,2024,3,1,20005,251081.6547829527,155205.78701386775
17055,2021,4,1,17165,115142.39416624822,84849.28461792633
28097,2025,8,2,"28043,28019",118290.446182183,137301.62993510056
29113,2024,4,1,17013,282856.5767672963,193234.30798264916
48165,2022,5,1,48115,220265.5773135072,118939.1148952651
17049,2023,7,3,"17051,17173,17035",199804.49692904897,147781.36102195608
05145,2025,9,1,05067,197452.3566896557,95843.30661037928
51710,2021,9,1,51131,257379.71409999425,232389.03121984145
39159,2021,6,1,39021,326210.2483502913,185085.74757451625
21191,2021,6,1,21023,178136.52388974416,157769.6133185712
30031,2023,6,1,56039,664915.0082242683,2023950.2295566748
05147,2023,6,1,05123,99634.87733129389,89172.39402737684
22103,2022,2,1,28045,284570.71775637934,224236.39261776
48463,2025,6,2,"48163,48507",201077.3334055821,120515.67857874409
38015,2023,7,2,"38083,38029",325181.81690853107,145553.0639020771
49043,2022,7,3,"49029,56041,49033",1379696.625998384,520750.05362893315
27111,2024,8,1,27041,302331.71111778595,322128.545591817
42085,2021,5,1,39099,148573.75980065833,115426.61056566588
16001,2023,5,1,16045,489709.87486920034,442124.56072907994
51149,2025,6,1,51670,342447.93684832775,209776.35690317384
40113,2024,6,1,40103,204821.4917332733,142705.62269666386
22099,2020,4,1,22077,156481.1997472593,169732.02652904805
28133,2021,5,2,"28027,28135",127279.3429710996,106938.6938761166
26055,2020,5,3,"26089,26019,26009",249983.27946097564,281859.8913790724
37133,2025,6,1,37141,281431.1328549355,439311.670110805
13103,2024,5,2,"13029,45049",332630.6992438024,281720.3884891948
31129,2022,7,1,20089,128631.53817620012,104491.52261312927
51027,2025,4,1,21195,86709.76966070278,115979.82612244664
36087,2024,7,1,34031,702746.1562835774,546709.0540610488
41063,2020,2,1,53023,272867.3095831169,136794.14758589325
17143,2025,5,1,17123,145713.47416911533,128338.25460354028
56031,2022,7,1,56009,246203.39841228444,268939.820238726
51683,2020,8,1,51685,350754.5808029282,331606.966660862
47163,2023,9,1,51520,243462.22717929384,168663.2699381923
51059,2024,4,1,51600,751655.0364147122,735249.2748541146
51153,2021,6,1,51685,483148.95134298113,376022.0627138543
42123,2023,8,2,"42039,42049",126135.66147167108,167879.34141018623
05139,2021,5,1,22027,129340.29413424524,186173.89927582024
06029,2025,2,4,"06111,06031,06037,06079",364527.5849489603,762132.4284700885
17013,2021,7,1,17083,178303.54493976943,164199.3205385737
55067,2020,5,1,55078,132223.00620395204,183399.73615867752
24001,2024,7,2,"42057,42009",140543.51092171937,202901.24840724785
27007,2024,6,2,"27029,27071",245366.9598316579,171086.38615111477
01041,2021,3,1,01085,110331.51731776462,130367.73759960284
13077,2021,12,1,13149,327393.8632490505,210772.47354957295
19193,2025,6,2,"19047,31173",198401.007461226,156732.788443366
13107,2025,6,3,"13163,13283,13175",127397.46202972876,146429.86164720776
16039,2021,5,3,"16025,16015,16047",285298.99255086243,341164.4967967072
56023,2021,8,1,16007,363030.61171283806,328004.49902427493
29186,2022,4,1,17133,204810.33772372516,266658.8897660762
05061,2025,5,2,"05113,05109",151901.16380165605,180601.97385079498
48471,2021,5,1,48455,233261.02507033656,165960.20476320162
55133,2024,7,1,55101,458164.303025526,281124.1320479093
06047,2021,12,2,"06069,06085",389120.49161410733,1130757.8199521145
06071,2021,12,1,04012,489520.1686673718,231286.64670531088
20071,2025,9,2,"08099,08061",154957.61695352942,181322.83169770072
55067,2023,6,5,"55078,55083,55085,55041,55069",175654.67076780516,239638.887557771
55009,2023,9,5,"55083,55071,55015,55061,55029",298838.81067903497,287201.9135717199
17023,2022,5,1,17079,131938.51829253562,138271.50716700996
28155,2025,8,2,"28043,28019",161405.6420332056,137301.62993510056
17017,2025,6,1,17009,103956.38133747008,143719.29540050993
12097,2025,5,2,"12105,12093",375974.19586964016,296935.99501088826
06019,2022,6,2,"06069,06031",394339.15831074474,594518.9898868471
48205,2023,5,2,"35059,35037",229254.1857538765,116213.78478978007
13095,2025,8,1,13037,123970.82643979264,94247.33122149132
27173,2022,8,2,"27081,27083",155562.8974638039,181311.78607344328
51097,2023,6,2,"51119,51095",254190.37718200256,392963.0485856711
29186,2025,5,1,29157,240912.82733891104,213032.5197976114
01119,2024,12,1,01023,131254.75963102936,145857.17024490735
16017,2024,9,1,30053,631435.27126787,414404.1352230123
47027,2021,5,1,47137,145950.10910067995,181704.16868690975
13017,2024,5,2,"13315,13271",127586.4695572948,127729.92116227986
45029,2024,7,2,"45005,45049",255910.55660682908,126359.40305335907
48163,2022,4,2,"48127,48013",202895.37514172227,205422.34782363614
55119,2023,7,2,"55107,55069",217905.95401480072,197586.6247200016
17087,2024,8,2,"17151,17199",184263.99540539304,151870.81878013688
51163,2024,4,2,"51678,51530",307476.3358059505,238235.80443977605
48477,2021,6,1,48287,316087.9086391851,309700.09507059795
05067,2021,11,1,05037,99806.60124154728,129854.14290269028
30057,2020,6,2,"30043,30093",453772.5723468503,227260.27164612355
26141,2021,9,3,"26033,26097,26031",157340.58400771316,176004.70682443178
48077,2021,5,1,40033,177287.89751228064,87173.7786968732
51051,2022,8,1,51167,98075.93652874844,132256.78713599444
13175,2021,3,3,"13023,13309,13283",151755.2964613119,119805.39195765863
40045,2023,8,3,"40043,40129,48211",110923.32271888008,158508.33180394792
08073,2025,4,2,"08061,08025",255972.03395345857,183666.96623788378
27115,2024,9,1,27065,246549.13219007393,253497.5205947292
55091,2023,8,1,55035,220706.20853938916,289579.7380938703
37027,2024,7,1,37011,238159.07800886084,396221.0776627806
54041,2020,11,1,54021,108765.86948428594,86371.73418659554
48467,2025,6,1,48379,275712.0148143247,286047.6109951124
01125,2022,4,1,01107,212501.45089027667,142743.77622500004
20025,2024,7,2,"20097,40059",89707.14467749376,121101.84792627126
26101,2022,9,3,"26105,26085,26019",228811.12436863425,243554.42651131563
55029,2020,4,2,"26089,26019",259754.8024735063,317493.57301540667
51003,2022,7,1,51540,491571.3297164131,459157.26120888937
54095,2025,4,1,54073,118904.74202562124,164206.8643625162
29087,2024,10,1,29003,,261464.89438673187
01121,2020,8,1,01029,132463.32406030502,158997.11233672468
29121,2020,7,3,"29103,29205,29041",114893.73858676602,156950.75421404248
06083,2023,12,1,06079,953063.8076102271,876719.8745518298
47111,2025,4,1,47159,255127.44002207587,302454.3196995138
13215,2024,8,1,13053,179164.08500748602,140629.74078932282
28155,2022,7,1,28013,177184.51307791637,130404.61554189544
21107,2021,4,1,21233,115181.630559301,103099.81447094558
17165,2024,3,3,"17151,17199,17069",95165.50993116271,138013.1366045184
40113,2021,3,1,40103,167023.66102156896,113710.32685496274
18045,2021,6,1,18165,144572.05328751076,110824.0338306207
17159,2020,3,1,17079,104083.57151227877,110333.84976148828
22033,2023,7,3,"22037,22091,22121",230630.01074099695,213620.7551587046
39065,2025,5,2,"39101,39063",172966.82196127705,199616.01487651287
39103,2022,7,1,39005,293278.0257550948,193944.4059864992
45057,2025,6,1,45023,398848.83217304264,215500.49668135587
41009,2021,1,1,53011,370757.3651723568,428137.86062082386
28013,2025,5,1,28043,130142.65615549992,128630.21684203851
06053,2024,2,1,06079,843384.4830559612,873565.5064787961
39069,2023,4,2,"39173,39095",171084.61717447502,179011.2609475149
19169,2023,10,1,19079,261454.83054351943,145895.42764502988
30097,2024,7,1,30037,413671.6766585492,220065.4846085969
29055,2021,4,1,29073,166428.68026694126,167626.19385414405
48225,2021,4,1,48455,212972.9698351683,163527.69738315293
55051,2024,5,1,55003,195590.58115384984,195642.52824133672
45051,2022,3,2,"45043,45033",295669.1354434304,231118.12423430666
47167,2022,1,1,47097,228326.34153519067,124579.48609540814
06097,2021,1,3,"06033,06095,06045",702168.8232276551,450184.6701311819
13311,2022,8,3,"13281,13291,13137",291898.1857920049,336738.9296557936
32031,2024,12,1,32029,565626.7280473224,484249.7100427321
05139,2024,12,1,05011,127500.91913410569,122349.73202095152
31127,2022,9,1,31147,154762.3692023563,115777.3227682954
19057,2021,12,1,17071,127233.37650889395,116887.99850047006
12083,2024,6,1,12017,286260.4452477056,285815.79340179695
05067,2023,4,1,05111,96647.32726481004,127849.52942892857
47145,2021,5,1,47105,211020.2059638968,315345.19983176695
25005,2021,9,1,44001,419484.86928747065,492137.2909305824
13243,2023,1,3,"13037,13307,13259",90004.43058149016,118457.7982427471
48135,2021,3,1,48461,224321.95007796164,138177.66996823295
29001,2025,7,1,29199,180976.9199964827,128291.62401553344
20103,2023,4,1,20209,301808.1803555193,179865.7925639029
17055,2024,9,2,"17199,17145",90376.64459808338,126160.22658930755
26041,2023,4,1,55029,155082.26963872698,368025.5456270768
20019,2021,3,1,20049,81163.38895851398,69462.8571591411
19079,2024,7,1,19069,150786.34119134108,141709.94266474663
20021,2021,10,1,40035,96740.66026543648,144895.05118138014
06099,2023,3,1,06085,438077.24911488575,1456312.692549715
17149,2020,7,1,17013,82135.58519019563,158263.77891122634
26061,2022,4,1,26083,160230.88159617432,156206.87541772288
48485,2022,6,1,48077,156764.6354222738,215933.73668307764
27139,2021,9,1,27019,397300.1896712212,439399.8714043445
17157,2025,5,1,29157,139825.10457870425,213032.5197976114
21139,2021,3,2,"17069,21143",105838.07532712544,126060.7867414992
08085,2021,8,2,"08091,08029",363707.0726268632,481265.625122783
08023,2021,6,2,"08021,08003",193553.46096450396,212366.45992094022
28003,2020,4,1,47069,134418.4769871192,102888.25196671949
40151,2020,5,1,20033,95897.47332380526,70799.4358695806
20029,2025,4,2,"20089,20123",111973.80244733772,123883.81328771224
48013,2021,4,1,48163,227386.8555300033,197989.11009507524
39155,2021,12,1,39133,119392.35289842972,213448.58853308068
25023,2024,1,1,25025,590588.8844203805,726140.1859394656
26133,2021,9,1,26113,157656.64606114908,191481.09143071473
17019,2023,4,1,17147,192641.179427379,190181.58526281745
05123,2025,5,1,05077,85520.1814854147,110596.7660277362
38049,2023,4,1,38083,170818.19390230425,191802.6288284617
45027,2022,7,1,45089,209066.98256612185,134883.77608879446
06091,2020,7,2,"06057,32031",239205.67905793968,443682.29556605045
08027,2023,5,2,"08109,08043",381262.5060248443,280713.2769972639
13309,2020,4,1,13283,93855.71572392588,107489.43016745133
18165,2022,8,1,18171,126102.71484218955,200222.45402100516
12015,2022,8,3,"12027,12043,12051",391492.86759571225,256995.4185934846
45003,2024,5,1,45011,226378.58792276288,162277.2474530179
51191,2022,8,2,"51520,51167",212853.8102084424,142202.35033622725
29025,2022,7,1,29033,201727.01874264117,145299.49286011452
13023,2023,4,5,"13175,13153,13091,13235,13319",159881.584230695,168043.1015723925
29163,2024,4,2,"17013,29173",184480.25780145585,211215.53288518853
06013,2020,4,1,06095,656414.5827454171,468460.7175245073
13245,2025,6,1,13163,183305.30272324276,127563.30518323054
48007,2025,9,1,48057,308556.82111840515,199554.155351268
06001,2021,3,2,"06013,06077",978696.3462760452,603392.015628168
31047,2024,4,1,31073,189535.00657234224,290777.76967572275
08095,2025,9,1,08115,254589.28795761045,166060.4571056657
37181,2022,5,1,37185,172098.0298316322,226574.07632013355
48117,2023,5,2,"35009,35037",162424.27747627613,140303.7679209566
41057,2024,11,3,"41071,41009,41007",513837.5581433953,491870.81417558156
42125,2022,9,1,54009,219129.66266983133,117773.87067034436
55003,2020,6,1,27075,140776.45321745554,174071.57238944524
38059,2024,9,2,"38089,38065",290147.29225441656,250365.82056018597
35047,2025,7,1,35057,235148.7995868757,209968.6970468271
13303,2024,8,2,"13163,13125",156288.8288621083,168043.21133640496
22103,2022,6,1,28045,297188.73287905945,236739.10925719948
36027,2021,4,1,36079,353699.01443586656,405556.8340762614
47047,2024,4,2,"28009,47075",368747.70930041326,151354.50142862438
13099,2021,2,1,13037,106076.04473135529,99039.20167778883
18073,2024,5,3,"18181,18111,18149",270793.0338304059,201130.7659123618
42047,2024,4,1,42023,124129.80415584028,81714.13253863617
17163,2024,4,1,29510,167033.7040638134,173630.75424544758
48109,2023,9,1,48243,133938.68757359238,243034.93031958168
13263,2025,5,2,"13053,13197",187529.12940928308,162363.21209131245
38051,2023,6,1,38029,,121669.94834862724
37043,2024,7,1,13281,338161.54308629874,391293.8014915358
35035,2020,9,1,48141,150187.79902708947,152281.87006604316
01073,2023,7,1,01007,218143.76273900204,221824.45426606736
49025,2020,7,1,49021,281883.78961211053,261495.2816844741
30025,2024,8,1,30109,168831.29390320185,196585.37082906067
51059,2024,8,1,51600,763093.4132276595,751333.1659481913
42027,2022,6,1,42087,309107.10067878716,151738.09160171184
45009,2024,5,3,"45005,45049,45011",146030.94645358852,136477.79146036788
29023,2023,7,2,"29069,05021",148140.42764674244,104408.91513186326
42037,2025,9,1,42093,230414.6281806931,268182.7319277634
46123,2023,5,1,31103,190572.79711901068,244470.12951226896
06061,2021,10,1,32510,664113.1924632844,445746.259193667
29219,2025,5,1,29073,325613.57633238594,231091.41775757232
31033,2025,6,1,08115,159675.72996067986,167415.76796570953
05147,2022,2,2,"05037,05123",99266.32149829427,113087.49080026941
05061,2025,9,2,"05113,05109",153526.06405491012,182204.97715745363
22115,2021,9,1,22003,145939.8046422525,122250.5021034924
48183,2021,5,1,48459,166962.73520995982,191301.9009340322
05095,2022,2,2,"05123,05077",111714.70047541836,110414.52376770412
21043,2025,6,2,"21205,21063",170397.54560618242,180881.16902987938
26123,2025,5,3,"26105,26133,26117",230604.09456459704,213777.767078437
13285,2024,7,1,01017,229637.0261254363,140522.30146862674
06067,2023,1,1,06013,529978.8665518906,817595.7716397602
29147,2020,5,1,19145,153148.07424934392,104728.87959258856
04013,2024,8,1,04027,479054.60329018504,275388.9668369426
21083,2021,2,2,"21039,47183",114224.56738031708,104998.52492107314
28071,2024,8,1,28107,362754.9195655901,187328.55493889275
13169,2022,6,1,13159,218611.11292314905,282406.93617224717
06051,2025,5,1,06109,742747.1201096101,400719.5877245152
53065,2023,4,2,"53051,53043",337704.009660163,325549.2442259441
22009,2020,4,1,22077,157226.5639871229,169732.02652904805
12099,2022,5,2,"12043,12051",455642.03819216235,238108.6550816825
30063,2024,5,2,"16035,30039",554438.7876812741,358422.56602929404
12023,2025,1,2,"12121,12041",268885.3385818355,281381.1142979057
06057,2023,1,1,06091,623537.5641091124,320106.53319061326
47163,2022,5,1,51520,217841.31901048784,146108.1476743828
29167,2022,4,1,29185,232581.15288208704,184534.53511415256
47065,2024,8,2,"13047,47121",351541.54128229356,288616.68231049436
47047,2021,3,1,28009,294246.3243127924,148524.73849616005
47135,2022,4,2,"47039,47005",175216.9207901718,166098.18806793675
50017,2023,9,2,"50005,50001",339213.28711671755,363935.32649132673
29147,2023,6,2,"19145,29003",208429.6898743272,189583.19301763043
20105,2025,7,2,"20123,20141",117139.22140242178,115425.43753062953
20077,2023,7,2,"40053,40003",81296.24183079328,116089.82737348799
26099,2023,4,3,"26147,26163,26087",233988.91666066973,210282.3980042376
48109,2020,8,1,48243,,213111.27436663568
21083,2024,3,1,21157,147663.22248744822,181900.21529474363
31027,2021,5,3,"31051,46135,46027",176281.96982018967,189971.3932790154
06003,2020,7,2,"32005,06051",388506.23120808025,512722.7340669924
48371,2020,4,1,48243,166671.62027911085,207734.21350653816
08033,2023,4,2,"49037,08111",306053.29658636893,416996.6854934443
38103,2023,7,2,"38027,38083",187634.5794297252,147595.4326841614
47049,2024,7,1,47137,240066.97595220208,221384.13366283823
22079,2020,12,1,22039,161505.5100918641,121561.9016884652
31077,2024,4,2,"31011,31183",196241.98963982248,247644.68428726474
46115,2021,5,1,46005,121345.74283611232,156629.83553928646
42123,2025,5,2,"42039,42049",131373.06531061596,177453.55899627262
13121,2024,8,1,13117,440718.1334359372,637075.1461135232
28067,2024,2,1,28111,159753.06502421576,147926.22681695884
18037,2021,8,1,18101,201576.34904499407,146338.1640988973
26073,2020,4,1,26133,158399.73326634231,114539.00792024603
17121,2025,5,1,17081,109967.65089109888,125261.25956149794
20205,2021,3,1,20049,82117.10859594795,69462.8571591411
17025,2021,8,1,17079,93662.1673844556,132032.37975393815
39081,2022,7,1,54009,108489.02745536662,119238.61418013027
22035,2024,8,1,22065,92248.09096158674,82195.22446876478
55029,2020,8,2,"26089,26019",264630.0695997444,323053.87348629243
56023,2023,5,3,"56039,56041,49033",462317.8519674258,938524.6679473883
16041,2023,6,2,"49033,49005",405648.2755260307,485171.2241431738
12081,2021,10,1,12027,372313.3533283316,208555.8092459104
16075,2024,7,1,16087,392147.707221272,368728.00406513625
27011,2021,8,2,"27073,27149",145263.85692378564,168860.3351681466
13045,2024,7,1,13143,291259.6291186649,270459.0054784463
17167,2022,7,1,17129,154255.08887888287,180303.44845108804
51131,2024,8,1,51735,289242.0956356299,443962.8238142709
31145,2025,9,1,31065,168357.48953082782,133085.67809576626
05075,2025,7,2,"05121,05067",126814.17758393,119554.36235113579
05015,2024,4,1,05101,251274.13104866937,226070.48685313517
13265,2025,6,2,"13221,13301",140368.082276079,206101.56097690715
39167,2023,3,1,39115,162694.92397879585,139859.36659120143
28109,2023,5,3,"28073,28091,28035",168871.0799578565,184236.8025837886
40083,2021,5,1,40103,259030.8812362426,117131.2920080026
40113,2021,7,1,40103,177938.38028050787,119584.40654760748
41031,2022,7,2,"41065,41013",424562.18375182967,439300.0414056606
01099,2025,5,1,01131,142896.60146966414,137102.7696675195
31119,2023,8,2,"31139,31003",222583.67005044155,212253.22193448167
38091,2023,5,2,"38063,38003",,175392.80902003284
29099,2023,2,2,"29221,29186",251279.2866098987,185703.9190659874
51027,2022,5,1,51167,88895.735944802,128644.3683793703
19179,2025,7,4,"19007,19107,19101,19051",125430.47135743796,159335.84284525752
35003,2022,7,1,04011,231098.9925900217,234815.03458385845
21105,2025,1,1,29133,116359.63416699327,100732.33331953864
29021,2025,6,2,"29063,20043",177649.02637277986,185931.0509572141
16051,2021,9,1,16065,405879.8288844346,352809.8362042494
35013,2020,6,1,48141,188142.9176655018,148898.58512172932
28013,2025,9,1,28043,122930.80537665736,133765.84479221154
13239,2025,2,1,13061,118885.26971109722,163545.68134193076
45087,2025,5,1,45023,128348.82315308505,217083.91219179193
20105,2022,6,1,20123,108936.46987258094,121018.86858779684
47167,2022,5,1,47097,239005.1872283302,129486.37962946692
42033,2024,4,1,42023,128452.88977323256,81714.13253863617
32023,2025,4,3,"32011,32033,32015",352102.82865583367,198947.63936406976
49003,2024,10,1,16071,437878.81125477416,327408.7361641847
01013,2021,3,1,01085,113885.18248413032,130367.73759960284
05067,2023,8,1,05111,99218.41468919146,133258.51213850678
49023,2025,8,1,32033,431216.056931301,186401.52937230616
22045,2021,3,2,"22047,22007",159257.96019946737,154623.28888900738
21079,2025,5,1,21203,295857.3189440244,163183.48635827875
18149,2020,5,1,18131,124512.33045237772,107988.58199139273
31015,2020,6,1,31107,173846.57320646138,140834.02694803887
48135,2021,7,1,48461,221658.5386172214,141457.36365809862
13107,2021,1,2,"13283,13031",93199.58082873625,148400.0359698978
48451,2022,6,1,48081,217341.42447763708,174961.26896156368
17149,2025,5,1,17009,104363.4342591346,142460.7722536806
26085,2020,6,1,26133,122202.22557907476,121415.08251057735
26061,2022,8,1,26083,162141.7657970348,161865.8576920744
26107,2020,4,1,26133,154723.80128091143,114539.00792024603
35007,2024,7,2,"35055,08023",249604.61385954916,334892.4302743633
56041,2025,7,1,49043,320193.7342388812,1289696.2018240262
46009,2023,10,3,"46067,46135,46023",167178.78342788634,229878.18308933146
18017,2023,6,3,"18131,18181,18103",145045.59550000262,159245.17177361707
48471,2020,1,1,48313,206930.805012653,171382.64782731366
30081,2025,9,1,30023,585559.899772005,278422.5017195092
47161,2023,2,1,47079,226439.15242271824,187206.95160380125
53065,2020,1,1,53019,234216.060735523,231948.7194243819
27127,2022,9,3,"27101,27083,27033",158035.22644794546,179200.84742185954
20029,2025,8,2,"20089,20123",111954.4588053836,121585.15827615416
28161,2022,5,1,28013,164444.60411977454,128431.46115273055
12017,2020,2,1,12053,172700.61751256927,186909.45343194125
48001,2024,6,2,"48161,48289",224344.10731959145,278145.9545164635
25023,2024,5,1,25025,604234.2354018823,747455.3177986579
28029,2024,8,2,"28063,28077",130953.66186139626,131071.47229736076
19147,2024,6,1,19151,150303.99995125833,107194.66230525698
51087,2023,12,1,51036,373363.1919554667,269126.5325005266
20143,2025,4,1,20123,167280.37564138367,139256.5766411066
54107,2023,8,1,54105,159761.41901735894,111101.380101285
38049,2023,8,1,38083,165783.49505997702,162875.09371534834
30047,2020,5,1,30089,327579.7136188951,242173.58039193213
53077,2020,5,4,"53041,53053,53037,53033",251547.8396298129,420700.465939622
13001,2023,4,1,13279,148020.81700727038,142403.74088789077
26011,2023,8,4,"26129,26063,26017,26069",139182.25857545194,160043.34271608858
25005,2023,6,2,"25007,44001",467934.1916717619,980597.2284981085
48301,2024,5,1,48475,,197298.0932857568
06013,2020,8,1,06095,657845.8391730827,470799.88833791297
16071,2020,6,2,"49005,16041",188449.9372654982,294327.8185503478
06067,2021,12,1,06013,522859.86275814165,822700.7454104811
41053,2024,12,1,41071,473662.4764859636,508282.7785750762
19113,2025,5,2,"19055,19105",226113.07338767065,222917.477965389
20125,2025,4,1,20133,94094.55115696444,105117.60100442688
21011,2024,9,1,21181,163947.1552112175,190618.86629391223
26131,2025,5,1,26083,122462.37729312414,189087.45702921657
06031,2023,4,2,"06053,06079",327412.66511923284,813281.1113602472
28047,2022,6,1,28045,210693.0791169698,236739.10925719948
23001,2021,7,2,"23023,23007",241743.43383125495,274650.1880487642
41029,2025,7,3,"41019,06093,41033",427850.7066083628,338187.6134025585
13099,2021,6,1,13037,110735.58833391347,105290.7386189018
06037,2020,8,1,06111,654787.4336397541,647583.5720949293
32015,2022,7,2,"32001,32027",224741.58087725253,299872.5980060172
51179,2024,8,1,51630,522655.6760713074,457861.8056368443
26003,2022,6,3,"26153,26095,26083",187231.33450379552,156907.23446644776
47131,2024,4,1,47095,150427.00900678537,111783.50661407788
22099,2020,12,2,"22047,22077",159344.1889332896,165617.5374960305
19063,2021,8,3,"19041,19059,27063",124115.11348748369,199676.4742265916
38069,2024,9,2,"38083,38095",,149432.80509862193
30039,2021,7,1,30023,339871.13292761636,185014.32990865177
28075,2025,6,4,"28023,28061,28069,01023",123194.26188505144,129005.99151135009
47115,2023,8,2,"47061,13083",241819.27024118867,211262.79849755223
16019,2021,7,2,"16065,16081",363593.10504062165,516984.12733454397
37021,2020,7,1,37199,316458.5121760991,205048.5657184768
39009,2023,2,1,39115,160541.36405926818,140048.8197764786
48323,2020,5,1,48507,160479.43564262713,76069.39063441468
13271,2022,10,1,13309,111961.03514084636,123633.84879889508
08051,2024,8,3,"08029,08015,08109",683777.6982162966,428332.9313111264
21001,2025,5,1,21169,183284.09080053712,179985.0805499615
47123,2021,8,2,"47105,37075",220780.15307003784,253523.01747616625
21027,2020,1,1,21091,109841.1373781914,130605.847481662
44001,2025,7,1,44005,632606.2131418971,738476.0366944579
23007,2025,7,2,"23011,23001",283152.96073361876,315518.1702174904
40059,2020,7,1,20033,57869.091427993466,70488.67822979645
45009,2024,9,3,"45005,45049,45011",143475.22231103192,139213.4421639135
51041,2025,6,1,51670,401655.54116122174,209776.35690317384
46027,2020,7,1,31027,179611.40724235834,158401.39161261276
22009,2023,11,1,22025,125103.99819340443,108114.97419860936
23005,2024,3,1,23023,539856.5120086332,410447.3969706103
29183,2020,4,2,"17013,17083",258461.9686059115,154082.73858309578
12015,2024,5,3,"12027,12115,12055",366379.228129348,324237.9076565931
06085,2020,3,2,"06069,06099",1203807.1462652052,480972.51158206305
40047,2021,9,2,"40103,40003",116991.21914680196,115742.92705951059
51191,2024,5,1,51520,246548.85873496745,177995.8135010838
46085,2021,7,1,46023,,196324.2921121335
28143,2025,1,1,05077,149340.93595697242,119228.23558230988
30063,2021,8,2,"30089,16049",467196.50911829807,316041.0516289248
45011,2023,1,1,45009,163590.02001581778,121472.66139224
05095,2022,6,2,"05123,05077",107090.47982381862,106956.01474136618
51195,2020,2,1,51720,86469.37992928467,80204.67113836261
48423,2021,8,1,48459,217319.7331304009,201398.43154800485
31153,2023,6,1,19129,332016.14763979363,252989.3769293748
29091,2025,8,1,05049,205280.75818702715,184163.67764200005
22033,2025,7,1,22091,231648.4895614533,166016.43587930498
48117,2020,8,1,48369,133290.98542003744,126773.60124894952
33009,2020,12,1,50017,255247.7102533308,263567.4099408591
26103,2024,7,3,"26013,26071,26083",217916.82694281056,147209.00549291077
35055,2025,7,2,"08021,08023",433433.23268417496,202644.11160122458
49015,2020,6,1,49007,,157318.54920463328
05147,2025,7,1,05067,83887.67783692568,95922.13046003862
29055,2023,4,1,29221,196592.21374546137,169310.51996125677
48295,2024,5,1,40045,151226.60656249188,106835.38418114878
05095,2025,7,1,05077,89572.60474866942,108227.13465875748
27001,2024,8,2,"27065,27095",250335.17907343048,271715.4011386378
26067,2025,8,1,26117,246259.7529217185,216538.47998733577
56013,2020,5,2,"56017,56029",210239.66405016303,218330.84332087752
13263,2022,8,1,13053,186572.84040728005,138888.22181872363
28083,2021,5,1,28135,102028.62331550354,142815.47983721035
01005,2021,4,1,13259,137348.18347612137,88927.71675779537
05135,2024,8,1,05065,158843.38391388624,171779.99640729965
38047,2023,9,1,38029,,121914.80787858945
19133,2025,8,2,"19047,31173",154858.69060057634,158002.7983562608
28149,2024,2,2,"22065,22107",145683.9714603665,160359.76231191275
41039,2024,8,2,"41019,41035",447652.9106042299,315418.7899037346
46025,2023,6,1,46005,181877.59957719268,185222.7462640476
39119,2021,9,1,39115,160274.51224102383,131829.4191994636
37069,2022,6,1,37185,353581.79330905667,230231.3238355672
44009,2022,8,1,44005,561146.3086998757,656575.6255340453
38055,2023,6,1,38083,186661.4009146156,176643.72406319226
47013,2025,5,3,"47173,21235,21147",234095.756432496,186009.7770473701
31117,2023,4,1,31091,275389.25682091893,129728.24392820596
45003,2021,6,1,45011,198017.19655446187,159295.71254379733
44001,2022,6,1,44005,552130.1578499255,655407.0194562125
06029,2022,9,1,06079,338620.0504232934,843649.2616824037
12085,2022,4,1,12043,434325.84278400865,224373.7860317136
31181,2022,7,2,"31061,20089",131327.6288120875,110867.20592172771
22125,2020,9,1,22077,271009.6102178436,172138.71348296048
01041,2023,4,1,01013,129873.33591292024,121225.99769323294
22011,2021,9,1,22003,206527.4979476056,122250.5021034924
19009,2025,4,1,19047,149587.32995259587,167148.24209160524
21185,2020,4,1,21223,312385.7551467647,147138.48887789637
53015,2021,11,1,53059,376221.0892325461,486461.1461302789
37153,2021,8,1,37007,109011.9320672077,122151.28120042216
08013,2020,7,1,08047,572454.0466244766,400597.2560625965
06041,2021,3,2,"06013,06095",1293653.3452140072,630311.2644429795
28093,2024,7,1,28009,204941.12924122848,135118.08131375498
49045,2020,6,1,32033,322534.52176862344,151533.8307962574
12029,2024,5,1,12041,209427.2972715946,292297.7639320083
20099,2025,6,1,20133,94456.07679991722,103358.8703218723
26123,2022,8,4,"26105,26085,26127,26133",215833.719475398,196853.98205799676
20077,2022,3,1,40003,73162.8634053963,122834.5708155721
35017,2025,9,1,35003,191117.94651565552,210297.1432680334
13239,2022,5,1,13259,114453.02344278502,98368.4060259321
22033,2022,6,3,"22037,22047,22121",227414.56134654616,205571.02942480135
27129,2021,7,3,"27127,27067,27023",147701.86645217714,174451.14926403874
17191,2020,1,1,17121,111188.81377482794,81530.02154783308
39167,2023,7,1,39115,166457.59343777006,145557.17978757943
32033,2023,8,3,"49027,49023,49045",187759.37248939177,393993.1783874912
20207,2025,6,1,20133,102928.16699923934,103358.8703218723
55061,2020,2,1,26019,187610.3205898014,231130.8713595051
49015,2025,9,1,49019,283662.5906888114,585690.8562126032
27111,2023,8,3,"27041,27153,27159",288127.45868050726,250867.0603804534
53001,2024,6,2,"53025,53021",299364.39964952203,385145.9227776232
08055,2021,7,1,08003,235418.1319843547,242019.9221192814
54083,2024,1,1,54093,145192.94866193575,202792.23225658305
06029,2021,1,2,"06083,06111",262572.71059695556,690004.5970785585
17061,2020,7,2,"17013,17083",87856.29903992801,150876.93851084614
45087,2025,9,1,45023,125037.8514142174,211140.61490927063
47167,2022,9,2,"47097,47075",247534.28921919188,144357.70016877027
30027,2024,8,1,30037,277798.395048041,222755.50865691516
32023,2025,8,3,"32011,32033,32015",352652.72437121696,197718.06403307314
29093,2021,8,1,29179,121161.64970395528,144466.74510788708
18083,2025,4,1,17185,150503.48260007225,116458.97006165305
21009,2024,7,1,21061,201257.6262868486,184626.79980292416
13007,2023,3,1,13037,143087.2446262215,108435.6903065509
48251,2020,2,1,48425,242073.51868789448,264226.4452977628
30111,2024,6,1,30037,380453.886251919,219884.14220130217
55083,2025,7,1,55041,280520.38820375927,193418.21474724813
08099,2021,6,1,08011,142385.48944059515,142378.53338207796
55133,2020,6,1,55055,342672.30081448134,237685.82911153432
55105,2020,7,1,55055,176667.99379911937,238295.3321556314
19017,2020,6,1,19067,181035.85045681935,115358.54858704978
05005,2025,6,4,"05049,05129,05065,05137",224513.1323372901,177779.2972484276
01089,2022,7,1,47051,313020.94597897475,290502.08909549634
48115,2020,6,1,48165,111427.45067156976,193933.33565378876
13299,2020,9,2,"13005,13003",100818.4059142905,104989.6684313405
48245,2021,4,1,48199,158610.18056112272,208047.960074894
18013,2022,4,1,18109,308894.8493865398,260038.2708574292
28109,2022,1,2,"28045,28091",162569.83067418102,182114.90773309677
39089,2025,6,1,39083,323657.8934961224,268748.88326567336
50005,2020,5,1,50017,201296.6663931872,244755.82438280652
42011,2022,7,1,42077,258869.9434676359,304731.0596446443
39159,2025,5,1,39101,399358.16780952347,168102.14809008315
22037,2024,5,1,28005,223589.71012392428,151955.14787543137
56007,2025,6,1,08107,204152.7339539868,1091417.3422372404
29215,2024,11,1,29105,190900.2610617429,221487.68709272455
48471,2020,5,1,48313,210221.4973927692,177795.58190307007
13189,2022,7,2,"13317,13301",181124.3604230264,136401.74334895346
17167,2024,4,1,17017,169346.7726247195,96753.96160591778
26037,2023,7,1,26155,279079.23701564496,185321.44534741956
22073,2025,1,1,22083,177713.2408789283,175865.23642920426
08089,2023,5,1,08011,165156.65666756398,141449.78875153942
19139,2023,5,1,19115,173906.70780505118,146464.1065465059
37139,2021,6,1,37073,195780.49851637564,175139.11029893032
19151,2021,8,2,"19041,19021",97073.5271501249,149084.272643143
17033,2020,5,1,17079,118966.25551404612,114570.54842886084
34011,2024,7,1,34001,260177.66931269117,350029.11183479434
12043,2023,4,1,12055,244905.57792302535,226012.9590526537
53063,2022,6,1,16009,434594.0704700984,354208.34363989654
05139,2025,4,2,"05011,05003",124390.1855351716,99467.74762287011
13297,2024,4,1,13013,380000.45694558416,342075.1013091057
19133,2022,5,2,"19093,19193",144143.08795548778,151293.67227598227
47065,2023,4,3,"13047,13295,13313",328049.5337078234,233858.0599772687
31041,2024,8,2,"31071,31115",160284.37900306543,248442.92397735207
21135,2023,1,1,21069,125557.27284791926,143023.8127844541
17117,2020,6,1,17083,119817.27594822286,146298.23096528664
08111,2020,6,1,08053,327289.4147670359,347588.5314071166
48079,2020,6,1,48017,,113558.63193382938
44005,2020,8,1,44001,454913.91063400847,406806.56913656736
46023,2020,1,1,31107,159473.82017905256,134681.2932159201
48465,2022,4,1,48435,201588.20091036032,172851.87031036543
32023,2022,7,1,32001,357330.37851847074,376946.6492717374
40023,2023,3,1,40005,136992.80213517553,180190.67743704945
13267,2024,5,1,13279,177688.49347151513,159456.58758254797
46121,2023,7,1,31103,,249918.7545007619
06001,2021,11,3,"06013,06075,06085",1079360.2258744033,1233098.4392334898
35053,2020,9,2,"35006,35003",169383.06938039535,150115.5713586891
22071,2023,7,1,22075,275249.97393720795,291904.1299956275
05013,2024,4,1,05011,128409.6480914824,124639.72937616722
18049,2025,5,2,"18131,18103",193069.59974580913,161181.10052497088
37111,2020,4,2,"37199,37121",183550.8687013912,176494.0744047666
48079,2023,7,1,35041,75138.1844476933,143543.67733025367
38005,2025,7,1,38063,148072.67768553525,145463.90791595986
13029,2021,2,1,13031,274404.8184037832,178383.64295116914
19027,2023,9,1,19165,176499.32122383322,183978.65012023272
48147,2020,8,1,48119,198926.15354234257,129239.9957996962
31031,2024,8,4,"31091,31103,31017,31171",202495.9869629763,186270.05345898407
53051,2022,6,1,16021,365656.9779475453,497602.7998451519
56029,2022,7,3,"56017,56043,30031",386816.0092578445,376727.4836375742
20125,2025,8,1,20133,93088.50478680592,103408.9504009533
48167,2025,8,1,48071,320854.5173634361,343951.5496741222
16043,2023,9,1,56039,428328.872504781,2119781.5548577555
37061,2025,3,1,37141,180275.0797338616,439481.2920089603
28163,2025,7,1,28051,108228.77757178235,78985.99480001254
48411,2024,4,2,"48281,48333",238028.78484110173,321347.01997693663
48279,2020,8,2,"48017,48369",98907.46760753356,121756.71285202762
42071,2022,6,1,42043,320145.32703807036,230234.07073560217
49033,2021,7,2,"16041,16007",404966.0987364373,351142.2467154135
51179,2024,12,1,51630,531823.6467896918,465098.8139209495
16031,2021,7,1,16053,263566.7754334746,325083.9334326381
39063,2024,3,2,"39003,39173",220523.31604745096,194953.90415682408
21059,2021,6,1,21091,164510.39511785223,151891.14110765266
46115,2023,5,1,46005,141434.9690810819,185048.62828062935
17079,2023,5,4,"17159,17023,17033,17035",140153.64124725864,131394.53587221538
48075,2025,6,1,40057,103913.11207250504,78853.12974401818
22025,2025,9,2,"22041,22029",101837.65317953478,104033.36363018371
40123,2021,12,2,"40133,40099",156787.4679765529,117775.16864733608
30001,2024,4,1,30023,377266.0298023675,270348.66107507545
31139,2024,8,1,31167,236726.3964830532,244076.1085904527
41057,2022,2,1,41071,495611.6910967725,486396.5373377384
22017,2021,2,1,48315,131822.45255599028,135150.75966853322
40059,2020,11,1,20033,61581.894775786095,73278.30683621462
16013,2020,5,2,"16067,16025",535799.839832812,245312.11229991558
17113,2023,7,1,17147,220226.31508070996,192925.40682982389
19111,2021,12,1,17071,108198.45689043218,116887.99850047006
23005,2024,7,1,23023,547579.3399956945,418693.8340294233
20043,2023,5,2,"29003,31147",128251.31259934625,179963.43180121997
13181,2022,4,1,13317,226888.69943454536,141145.9639361323
08037,2022,2,2,"08065,08107",1040930.7050473548,681856.484270948
29183,2020,8,2,"17013,17083",262033.14134757183,151549.8028813694
27131,2023,8,1,27161,315651.18855335336,227726.5080583576
27091,2023,8,2,"27063,27013",185514.7776377728,229282.6810360757
51185,2022,8,1,51167,123907.8118139506,132256.78713599444
20051,2025,8,2,"20163,20141",235416.45676496136,106044.17740519391
28143,2025,5,1,05077,147235.49327578073,110596.7660277362
48337,2024,3,4,"40085,48237,48077,40067",256777.5842440638,172922.06975619486
31183,2023,3,1,31003,217648.20756937104,186780.0918884353
18057,2022,6,1,18159,422519.6897410846,196956.8443082909
51710,2022,5,1,51740,275059.6898828279,226353.6437394095
13221,2024,7,3,"13317,13133,13195",300459.590953767,355518.9049727327
16017,2022,6,1,16021,683973.5647927327,497602.7998451519
51550,2022,7,1,51740,371289.61304012703,230090.00865642456
27103,2024,8,1,27079,284366.48031808966,332227.0104103831
22123,2025,6,1,05017,123671.33787358618,101298.00353567768
29207,2021,7,1,29069,136700.6211683339,105059.45450166166
32005,2021,7,1,32510,642915.4944555102,435250.40899572335
23025,2021,6,1,23007,159581.5502895099,219707.3603005686
30003,2020,7,1,56033,134768.41644043816,303772.23880600295
26043,2023,4,2,"55075,55037",150332.57450488964,171588.62325104277
51195,2023,7,1,51720,124580.12350314086,112889.31155107524
37193,2025,7,1,37005,217253.79201254217,269215.4161844302
40137,2021,7,1,40033,105770.7500345522,85439.01219946537
20143,2022,5,1,20123,142622.09211065574,119571.31417925544
38067,2024,7,1,38099,125723.85697794198,155458.79029539533
51067,2024,5,1,51063,330541.899564977,251867.2727697924
13033,2023,8,2,"13163,13107",173167.8840447764,123761.91243308951
29195,2020,4,3,"29033,29041,29089",145446.76687206098,157898.93793582366
50023,2021,7,1,50015,321105.1493634347,439427.31660151907
48129,2024,5,1,48191,123229.93158946,80130.19085041177
49001,2020,7,2,"32017,49021",189092.96935997324,217796.53106129682
34017,2024,7,2,"36047,36085",613429.5715457522,769743.8956821926
19187,2023,10,1,19079,130253.05794212656,145895.42764502988
27121,2021,6,3,"27041,27149,27067",261398.887939219,220082.09470890486
08083,2021,8,1,08033,342269.702921073,284664.035854935
26065,2023,6,2,"26093,26155",191050.13333144152,270214.87627097196
01123,2024,7,1,01017,265021.56820998224,140522.30146862674
35039,2024,9,2,"08021,35055",317182.7887029427,333599.5937701127
29125,2021,3,1,29073,175055.83790482188,164029.42124596596
31117,2023,8,1,31091,294522.4076911939,130061.5499099281
29023,2025,8,1,29223,156396.11787491234,127659.1911162463
48469,2024,12,2,"48057,48391",218966.7589158468,180182.4377321374
26005,2024,6,1,55101,313265.42823623895,280149.09316509555
38003,2024,5,2,"38045,38093",173657.8042081508,180953.67604422412
51057,2023,6,1,51119,281242.1451642315,346508.12879216025
21205,2023,7,2,"21069,21063",158963.60039148855,150065.97613513315
27035,2024,7,1,27095,346790.1246455535,290253.43430464825
01119,2022,7,1,01107,124471.18659966998,144941.51120016084
27073,2023,4,3,"27173,27151,27011",181727.88744285947,161894.9643217454
29221,2022,6,1,29093,176258.20822851223,140772.92810099266
51165,2024,8,1,51660,344067.7135237737,302098.88847049134
26033,2023,6,2,"26097,26141",182213.41378365664,183398.66929917745
18059,2022,6,1,18065,301704.65506888117,159156.5541650596
47111,2024,7,1,47169,254686.89534337097,345300.0594498512
48167,2022,5,1,48071,327745.5475809642,339418.0221702175
44003,2021,11,1,44001,326411.60359964805,492501.3659223596
06103,2021,4,2,"06021,06045",287700.0891436515,439314.1556158196
26035,2020,4,2,"26133,26113",98986.59146369954,143698.16252719876
12021,2025,7,1,12087,573127.3738978069,958305.0302078328
22123,2022,5,2,"22083,22067",132729.83292123114,143107.8460915382
42073,2021,5,1,39099,127393.04748261569,115426.61056566588
27085,2021,4,1,27019,216282.4546370704,411024.07816324855
13139,2024,7,2,"13013,13117",397080.3853573947,490750.69015897275
32013,2020,6,3,"41025,32031,32027",229789.56825391608,228241.0554219253
53031,2025,2,3,"53035,53055,53029",585928.7030515093,696728.7108959678
55061,2020,6,1,26019,190579.41509249015,241962.2042518563
40089,2025,5,1,05113,206114.61715143055,182783.04021191373
21105,2025,9,1,21039,124862.84516569438,138794.02931582378
25005,2020,12,2,"25007,44001",380797.9276692343,706404.1950775698
54083,2024,5,1,54093,151983.099694415,209086.5184042259
13243,2022,4,3,"13037,13307,13259",97028.56006278776,124048.69480309048
32007,2021,6,1,32013,306488.7938382276,270054.9575237339
13031,2025,3,1,13109,280185.9746800081,175286.39050779396
26141,2022,5,3,"26119,26007,26031",178065.59518177222,186601.8978563728
41023,2020,5,1,41025,184026.0180438368,125523.31163092224
37013,2022,3,1,37095,187403.51813231467,203992.72382282143
48227,2022,6,1,48115,167666.34989178635,118175.7817465462
39097,2024,7,1,39021,304414.71860010707,226286.3715247824
16015,2020,5,1,16045,288745.86823152093,291877.99872181617
34035,2025,5,1,34021,647429.4331369033,440038.2029883475
21157,2025,1,1,21139,192710.81361139947,146065.99472031556
13311,2024,12,1,13281,308905.28476401424,393497.18110660143
45019,2022,6,1,45043,528012.7324328419,353208.72797890723
48043,2022,9,1,48377,265450.59074648534,241430.03581859765
48239,2023,7,1,48481,230729.04350094523,246552.611425812
01089,2022,11,1,47051,311153.4977408613,287613.5199742157
13129,2021,3,1,13227,183880.95840647747,280018.25696915045
08081,2024,7,1,49009,286939.8931771154,312026.94789416395
28161,2021,4,1,28135,146953.7582062415,140908.19415860737
48321,2023,10,1,48481,189604.55694425936,243314.60172739348
48323,2022,5,1,48127,195978.34600283025,149356.30741964866
18035,2022,3,1,18065,129698.55019461775,152380.02844023285
28133,2025,8,1,28083,101168.39846587888,77316.75286904023
22029,2024,6,1,22107,124712.9670767544,230360.27295496175
44007,2020,6,1,44001,282849.750537033,404703.23281962
41011,2023,1,2,"41019,41015",345320.04852489795,391304.29437434603
06019,2021,10,1,06069,350140.1631369122,783803.1411468546
48495,2024,5,1,48475,122194.2628766861,197298.0932857568
26051,2024,5,1,26143,161277.2562154965,176289.705435073
13051,2024,7,1,13029,354264.01552332955,400000.2139154196
19151,2021,12,2,"19041,19021",94345.5628363756,153930.33554006566
48437,2023,9,2,"48011,48045",112745.57583986076,202997.90554842277
13249,2024,3,2,"13193,13261",187088.00671368744,120341.36625617064
13297,2024,8,1,13013,383696.3021991213,345099.56355228514
47065,2023,8,3,"13047,13313,13083",336900.9320076698,243799.84919807257
39093,2024,5,1,39103,232020.14862202105,315423.53249329125
45043,2020,9,1,45089,253360.0227615926,104926.00592126092
19187,2020,7,1,19079,110671.62477470312,107185.72194356762
48327,2020,8,2,"48435,48095",,160331.39018790014
48507,2023,5,1,48127,92895.42691423274,144935.44451797978
39077,2022,5,1,39005,161774.21022190433,190181.49222536315
17061,2022,4,1,17013,88770.8562090135,180676.36755105457
48377,2023,8,1,48243,223081.3680336452,247818.74558112535
51071,2023,9,3,"54089,51045,51021",185069.83085081528,167323.49857510533
01031,2022,5,1,01039,157758.67936881378,151236.5047708864
51199,2022,10,1,51735,404058.9160047081,413900.9471706433
08101,2023,5,1,08043,291621.5866514604,324179.5686850599
06093,2024,7,3,"06049,41035,41033",291887.47089415503,290676.1461497983
28147,2023,3,4,"28085,28113,28077,28091",152372.2702304459,136774.57833690004
01001,2024,1,1,01085,241959.62890151353,142160.33198875503
13175,2020,7,1,13283,137630.245341945,110469.15067117706
29017,2024,3,1,29157,181181.12094400436,201051.46039689632
37111,2020,8,3,"37199,37121,37011",187560.216185846,197183.82607674217
48131,2024,5,2,"48247,48047",88875.32084818324,87109.8898439637
01033,2022,10,1,28141,176284.70286834156,175688.5810558955
17025,2020,8,2,"17121,17079",87548.00984342518,102288.89119463103
51163,2025,6,2,"51678,51530",316750.26785315824,255072.52527644747
46031,2023,9,1,38029,161829.92178831654,121914.80787858945
42035,2025,4,1,42023,188953.03882121228,90290.12206762306
35035,2024,6,1,48109,219847.26831743107,135810.75530050983
12057,2020,5,1,12049,249984.641754259,137085.07318472824
47027,2025,8,2,"47137,21053",201270.76873867845,204764.96453662962
25017,2024,1,1,25025,765269.9473291741,726140.1859394656
38015,2024,9,2,"38083,38065",334751.015217181,184551.98027264408
48391,2025,9,1,48057,139593.62169089375,199554.155351268
48291,2024,3,2,"48407,48339",239549.41830946572,286279.40330321214
46115,2023,9,1,46005,140774.81669612127,174435.88112873738
29137,2024,10,2,"29173,29175",192386.6155062291,198866.84163139106
30009,2020,7,1,56029,288494.82374533213,287536.4521314844
31027,2025,4,1,31179,215174.8111485825,230428.0052462738
51175,2021,6,1,37073,213215.39105861323,175139.11029893032
13245,2023,1,1,13163,176988.41962567068,125123.16407801288
08089,2020,8,1,08025,116210.5170333854,128486.03662281258
30001,2024,8,1,30023,381601.6856225949,277373.502030581
19151,2023,5,1,19021,95727.3729650353,172472.81844507984
01131,2021,3,1,01085,133198.68755886948,130367.73759960284
37173,2021,6,3,"37075,37113,37087",249217.91536131233,236732.62470761198
26121,2022,8,1,26127,221601.31625784177,233765.3729926572
04021,2024,8,1,04009,382009.50938189914,284707.51085280714
51169,2025,6,1,47067,160775.7610650355,157059.00199034033
38019,2024,7,2,"38099,38095",145261.4261344359,152918.183778955
47025,2025,8,4,"21013,47173,21235,47067",219064.81186152404,179665.03433904477
35003,2021,7,1,04011,214541.29912763377,217329.8226209325
05139,2022,7,1,22067,132898.9790336153,112665.32694275254
45075,2024,6,1,45011,163902.68453173412,161555.79827313236
54099,2020,6,1,21159,105509.6730966988,75353.02943802267
31031,2023,4,2,"31091,31103",195181.212604344,185448.45331336858
47125,2025,2,1,21219,320126.0661885469,227268.8119235784
16027,2023,5,2,"16045,16075",396706.432159859,413027.11974735616
13135,2021,12,1,13013,358342.28005649825,283449.6383121338
20157,2024,5,1,31095,117247.16366215255,129837.35520288588
27155,2021,7,1,27149,122689.54305218632,180809.92933341977
28045,2024,5,1,28131,235093.5508152638,190005.979051213
46057,2021,8,2,"46011,46077",249496.83890516704,218193.50258604885
27147,2023,10,1,27161,264283.9986281169,228841.2441095852
28005,2024,12,1,28037,156221.4061036862,156369.54000792917
20125,2022,11,1,40105,92415.57572479032,156436.7910959576
26043,2023,8,2,"55075,55037",156097.16991638497,175828.4585069868
28133,2022,5,1,28027,126165.52688389912,67880.74886334014
51163,2022,5,1,51678,289443.35750641936,294851.4682737132
48203,2021,5,2,"48459,48315",187000.4980569762,163901.9582055482
31113,2025,7,1,31171,181217.22995603856,193939.2106974571
37061,2022,6,1,37141,157100.5908988289,407434.8058897462
40137,2021,11,1,40033,112948.93944525528,82732.5352480405
51127,2023,6,2,"51095,51036",391799.0853680118,351359.95756902045
29187,2025,5,1,29157,188440.45873559825,213032.5197976114
08103,2021,9,1,08107,266216.56228951097,829694.9740717234
28085,2023,12,3,"28063,28077,28005",163618.20429508926,136489.38713324282
06049,2021,10,2,"41035,41037",162466.60789228647,213032.97021865065
56027,2022,6,1,56009,184159.6381416124,267071.7520216556
21149,2021,5,1,21233,134271.42156456594,104702.06482141434
54085,2024,3,1,54073,118673.0438446714,149546.71914540266
41025,2021,8,3,"41037,32013,41023",166264.22023909198,224106.00051969654
35043,2025,8,1,35028,372587.05510753667,587506.7318104467
48377,2020,5,1,48243,168397.04008701607,208893.51993392743
17023,2020,4,1,17079,110661.39822959884,112852.75560399954
05121,2023,4,2,"05055,05021",148228.83331991974,145206.3513111038
22057,2020,7,1,22093,218232.15605028984,177120.8348193688
35049,2021,5,1,35028,464225.1580649235,455321.88959719375
27005,2023,8,1,27159,322362.1101873421,199257.49147648053
12097,2023,4,1,12055,382233.8068785081,226012.9590526537
51015,2024,8,1,51790,332819.78363824176,266299.24581844057
47069,2022,2,2,"47109,28139",134051.68692815374,146644.9162250632
06047,2022,12,2,"06069,06085",410948.966901449,1148747.2750647038
23005,2021,10,1,23023,443530.48073991766,330356.92898449645
40065,2022,8,2,"40075,48197",107408.91883137311,93979.34142234747
06071,2022,12,1,04012,529793.5560696168,251383.79285890624
48463,2020,4,1,48507,168508.55115002827,75553.02256865353
01125,2023,6,1,01007,225219.22283519767,221918.279897282
47165,2022,3,1,47111,419798.1601273531,231911.79654955192
38035,2024,8,1,38099,257967.26397546017,156550.31499718124
48225,2022,4,1,48471,260128.77939025097,269457.9419436698
53075,2021,2,6,"16009,16069,53043,53003,53063,53001",258188.69294862283,265889.02076790057
17183,2021,6,1,18165,79902.36186895845,110824.0338306207
49003,2025,6,1,32007,445260.791401119,367584.9411692004
13267,2023,1,2,"13279,13107",161985.16925053232,128395.94834646783
46017,2023,6,2,"46073,46015",,235557.32277602493
41051,2020,9,2,"41027,53011",436606.6028334312,453506.58629975264
30087,2022,8,1,30103,219064.37366685996,222008.6711013723
06007,2024,2,1,06011,396466.60938358906,366073.37337914185
40067,2021,7,1,40033,74060.42927508616,85439.01219946537
47163,2023,1,1,51520,224201.30397503672,156845.69273472854
48221,2022,9,1,48425,388820.7489213711,391462.88786816207
30031,2021,5,3,"56029,30043,30059",583312.587254261,301944.0120598762
04011,2020,6,2,"35017,35003",182343.04450045177,173095.78681668825
48163,2023,4,1,48127,193520.0305350283,144789.2581608586
49043,2020,6,2,"49029,49033",790369.8416811157,395253.7836183703
47019,2021,5,3,"47171,47163,37121",168758.1591548374,179159.93857806842
53039,2020,5,1,41027,318124.06982734124,492029.2109746461
37121,2025,5,1,37011,239452.9242977224,392767.3466573667
42089,2022,6,2,"42025,42095",293034.3344520689,273316.65091078193
31167,2023,10,1,31139,231939.8246876383,225301.14949550515
47133,2025,2,1,47137,246258.42893810803,239538.80840952985
40117,2023,5,1,40103,151188.77499166736,138014.5805952194
13031,2025,7,1,13109,279655.17094188166,166247.5587872614
26137,2024,7,2,"26029,26119",237002.46831016568,275064.1365275398
13231,2024,2,1,13293,358194.2117011443,165182.95610484373
45075,2021,3,1,45011,142411.3298096381,151736.9025523651
42097,2023,9,1,42093,139744.01095294976,252493.74778671924
35043,2022,7,1,35028,346571.3283553236,503867.686007733
34035,2025,9,1,34021,644328.2577746349,438574.3379538224
47141,2025,2,1,47159,308142.2751075291,303047.4390848702
47151,2024,7,1,47137,188561.7649696877,221384.13366283823
21225,2024,2,1,17069,122542.19349756754,109941.59796536335
21071,2020,3,1,21159,94138.50860221776,73193.60215931077
18073,2025,7,1,18131,286624.4137622204,177008.99157417627
35039,2021,12,3,"08021,35028,08007",304885.255828869,385473.77344718087
41049,2023,8,4,"41021,53005,41069,53039",286199.74194123235,348795.8645646529
48329,2021,6,1,48461,284240.3612508991,139938.8348644846
51015,2021,7,1,51820,295049.9188498057,231403.83944802292
20013,2025,5,1,20043,142524.8194175287,145571.3806165727
08067,2020,6,1,08053,427011.6221794745,347588.5314071166
18099,2020,6,1,18131,160009.62633852966,108452.2447432063
22059,2022,10,1,22025,163749.44418968656,119203.29427254776
30099,2023,8,1,30015,303304.3603890089,249578.7394396132
22047,2023,9,1,22121,169677.61746548678,235165.62715619247
39041,2021,8,1,39083,416212.46293976577,211637.40364794745
18067,2022,3,1,18159,147662.30045365493,190091.0079245974
48093,2023,6,1,48193,208553.136253303,251998.51239536036
20037,2025,5,1,20133,137774.8815645421,103946.12498064309
47031,2022,5,1,47051,271991.0822052082,285221.9656741889
13099,2025,5,1,13061,126320.1603915177,158894.4491379908
05095,2021,6,1,05123,110136.11571091718,88147.48503909733
54001,2023,2,1,54093,118393.64166249696,192895.4105532531
13185,2025,6,1,13173,221784.27260589023,208769.21644465733
47059,2021,5,1,47171,177100.8266773943,173277.1041949675
20143,2024,7,1,20123,158632.0656710498,130292.472637445
29007,2024,4,2,"29173,29175",157682.4544021611,193728.2477153522
27059,2023,8,1,27095,316169.76319824666,282891.12876463844
44007,2020,10,1,44001,291889.0319921789,418175.3932763602
29013,2022,3,1,29185,200264.92606584987,180563.0415573108
49041,2021,6,1,49039,243066.12113394472,283131.67306052445
17075,2024,5,1,18111,134347.33869957714,205554.1298329516
55059,2024,7,1,55101,294087.15364431584,281124.1320479093
48125,2022,8,1,48433,136141.26373101393,134104.5487661525
29055,2022,4,2,"29073,29093",198706.1551738787,170519.04842070965
26017,2021,9,1,26011,134034.0819576009,127108.12451431972
29103,2025,6,2,"29199,29111",160182.840938364,155000.46543168533
48137,2022,5,2,"48435,48267",,263879.7506385211
27095,2025,6,1,27065,300044.8403984581,251892.82339071637
29031,2021,3,1,17181,186393.94265927956,132191.31792249877
25005,2022,9,3,"25001,25007,44005",462967.2445577487,914860.2206886389
48325,2025,5,2,"48163,48507",327949.74453692307,122088.5381741653
20001,2024,5,1,20107,109280.17071600292,150184.90806689576
01015,2020,8,1,01029,132372.82330390115,158997.11233672468
04001,2024,7,5,"35031,04011,35006,35003,04009",318203.1645389809,214759.9773348378
34027,2025,8,1,34037,680613.494948091,429798.1770663204
01103,2022,2,1,01043,210377.3106828661,227824.40686154805
17055,2025,9,2,"17081,17199",89483.36128246418,135544.11578269087
40091,2023,1,1,40063,179525.9870693517,106709.44370720052
12086,2025,7,1,12087,524154.3140273805,958305.0302078328
01031,2022,9,1,01039,161867.42758815127,152625.73933215984
37191,2020,11,1,37079,147485.51521849542,136838.798099744
19157,2025,6,1,19107,201417.35413454357,131465.88998533651
27031,2022,6,1,26083,358224.4984925059,159796.90442537176
29207,2023,7,1,29069,147289.8818649382,95728.12610285888
01093,2020,8,1,28057,123896.2560667542,128307.24284429372
08101,2023,9,1,08043,292527.2748134194,328134.34652405133
16087,2021,6,3,"16075,41001,16003",291230.14176617895,328983.1114423782
27089,2024,5,1,38099,187317.0900044398,151226.74661710614
30063,2025,7,2,"16035,30047",561902.8541226449,438075.34251786384
01001,2024,5,1,01085,243536.17072877847,143857.27626060016
47151,2021,6,1,47137,155342.72425303134,186213.91655786836
17115,2023,5,2,"17147,17173",99888.91123172115,166144.31985000923
19109,2024,6,2,"19151,27091",159109.79226049248,150949.04897441494
05019,2023,4,1,05039,152527.67033365424,123822.24097999536
29127,2024,10,1,29173,174394.53040428428,236276.7437087733
40151,2021,5,1,40003,102384.74464197674,113654.68661274148
42073,2023,7,1,39099,144739.05463079808,140681.22116052397
05115,2021,5,1,05101,168026.69021648928,173287.53097240604
48317,2020,3,1,48165,,190682.66340413937
18167,2023,6,1,17023,142012.45684710547,127628.7605959216
08123,2025,9,1,08014,498333.0872038557,628901.7861702769
13069,2025,6,1,13271,185066.9042034377,110129.96255892784
17107,2020,7,1,17129,112372.0140982978,155441.6465541952
23011,2023,8,1,23023,289457.13503402116,396341.01207559096
48093,2020,5,1,48333,148418.4487496689,311608.3665502993
54035,2023,8,1,54105,177723.3295352417,111101.380101285
39065,2023,4,2,"39101,39175",156410.371589736,154052.13035357912
22073,2022,8,2,"22083,22067",174280.8309996261,145885.93835817385
41023,2022,7,2,"41013,41049",268356.29594724457,383443.41332967137
27061,2020,8,1,27071,168595.83701781524,112502.37293091264
08027,2024,5,1,08109,398395.04642999166,222014.88031137537
26135,2024,7,3,"26001,26143,26119",137630.26366676157,173525.44887354493
13291,2021,3,2,"13281,37043",272444.1636845167,265391.4865489375
37083,2022,8,1,37185,100898.66804833588,233833.5371871405
18141,2024,9,1,18149,209199.50583930584,201408.4974138427
34003,2022,5,1,36087,628920.9009658279,598118.4634159204
13311,2020,7,1,13281,187442.0202882708,249201.32775070623
27021,2023,5,2,"27153,27159",288783.8302758894,220000.24622731702
54099,2025,4,1,21159,134305.31010789875,124623.36978302768
18095,2022,3,2,"18159,18065",151920.38624172364,171235.5181824151
22119,2021,8,1,22027,141402.8396152984,164540.991566465
16023,2022,8,1,16037,,357995.04612279
01025,2022,6,1,01131,161294.72190670818,147095.30019130008
34035,2022,6,1,34021,543962.7810430384,363458.2818381977
04019,2023,5,2,"04023,04027",339913.4020276142,263616.01481605374
04001,2021,6,1,04011,252182.94782212368,212937.77530327495
16001,2021,8,1,16015,523221.2249465533,431606.5669408248
22005,2020,7,1,22093,222185.66388372937,177120.8348193688
06107,2020,4,1,06031,243725.78288446073,243906.3135027654
55041,2024,6,2,"55037,26071",186974.6975424532,148057.01086412513
35033,2023,7,4,"35047,35049,35055,35039",,395048.8287033015
40149,2022,9,1,40075,95211.98844582362,78857.67884413728
05127,2024,11,1,05113,139928.8985364088,180230.27999761657
08101,2020,8,1,08025,212285.24993717857,128486.03662281258
37023,2024,4,1,37011,248239.57159285236,392376.471446039
17067,2020,4,1,17169,91934.0042490767,111499.36086931427
37111,2022,5,1,37199,247613.15600284413,314359.0937566648
29081,2020,8,1,29129,84542.31626857743,103497.84523214966
05091,2022,8,1,05081,174331.84321542503,136134.09950270457
05147,2024,10,3,"05037,05095,05123",91149.36263508996,108310.75166050729
29179,2025,8,1,29223,163639.00398655003,127659.1911162463
22029,2020,1,1,22077,124580.82059564676,171208.7041677308
42033,2025,6,1,42023,128994.05306288355,91500.0078864398
36081,2022,9,2,"36061,36005",715728.9136557264,949869.8597507441
37043,2025,7,2,"37113,13281",342970.56280860247,373998.30048954196
16031,2023,8,2,"16053,49003",315303.071139693,401136.8337548069
26051,2021,6,2,"26129,26011",143558.84337314998,125149.78514727698
23011,2020,7,1,23023,181200.27442080865,260831.5273210222
48445,2022,5,1,48115,162059.79389299237,118939.1148952651
51059,2025,8,1,51610,769810.4016319005,1117700.0901054384
13315,2020,3,1,13017,91258.59303443652,78808.00046883363
32027,2021,5,2,"32013,32001",178378.20226538857,288522.9625702562
28001,2022,5,2,"28063,28037",161684.38106769192,173999.8027231536
54085,2024,7,1,54073,124105.02568174922,157740.96924157187
28105,2025,9,1,28019,268520.73242997215,136738.54908112204
27145,2024,8,3,"27009,27121,27041",290987.0178483836,303133.03763727687
20005,2025,6,1,20043,165748.6841766587,145450.60712285744
27051,2025,8,1,27155,213520.29570872616,133272.73018834932
48377,2020,9,1,48243,180863.51189831135,215334.67048871916
39019,2023,7,1,39151,169158.44214436805,182448.5469281841
46123,2024,5,1,31103,183959.7920895546,273076.7362610777
49035,2025,7,1,49043,559591.7070032205,1289696.2018240262
05147,2023,2,1,05123,95955.50671248544,83977.46071344941
12075,2021,2,1,12017,201737.07101280824,197996.91971128748
05095,2023,2,3,"05107,05123,05077",98009.04655980167,84585.74423573892
22105,2025,7,3,"22091,28113,22095",218516.77431969243,156027.8542346997
21231,2020,6,1,21207,100725.6513504904,93238.05347945228
53075,2021,6,7,"16009,16069,53043,53003,53063,53001,53021",270598.9563310961,298588.06370406854
29223,2023,4,1,29123,126263.0744122576,149783.45369403157
21107,2025,9,3,"21149,21033,21177",156036.19857711263,152835.08677727848
56037,2025,7,2,"49043,49009",290357.2599318806,812362.3040232385
13167,2020,6,1,13283,97830.47987745302,110307.7062308453
30071,2022,5,2,"30027,30005",199023.6699213507,220123.98734118347
53017,2020,5,3,"53007,53047,53037",363908.60359226825,319294.4689758108
27001,2025,4,1,27065,258323.99440413373,250737.0670249645
05133,2025,9,1,05113,162307.79269578375,184057.59331085524
38005,2024,7,1,38095,149439.4337941533,150377.57726251465
37139,2025,5,1,37143,262088.55205747497,263133.17612168967
39169,2022,7,1,39005,264713.8300227153,193944.4059864992
17165,2025,9,4,"17059,17199,17087,17151",84792.89377910222,136157.041391079
06029,2020,4,4,"06083,06111,06031,06079",240526.977923368,537085.5376316555
17121,2023,4,1,17051,106719.01474413736,142684.14613732652
31027,2022,5,3,"31051,46135,46027",200002.8453977178,215658.09433037057
37043,2022,6,2,"13291,13281",317679.3597776541,364545.84863522137
29069,2025,8,1,29143,90591.23793815468,97314.06066050012
13107,2020,8,1,13283,84120.11472770509,111079.93027160731
13007,2022,6,1,13037,149870.19288427572,108146.08022836932
44009,2023,4,1,44003,560133.8415152851,365121.08879948006
51059,2022,7,2,"51600,51610",723874.006786432,851934.3021618202
06071,2021,8,1,04012,463311.51492235175,217004.04022262504
48089,2022,3,2,"48015,48239",292087.2223578343,331380.08546999434
25001,2023,6,1,25007,686375.8886657247,1395851.7211190592
37127,2022,6,1,37185,213827.6880000882,230231.3238355672
08057,2021,7,1,08107,,800642.7526345832
36043,2020,3,1,36041,121453.18429464615,169550.90007845018
48281,2020,4,1,48333,204384.92953064153,310674.547545838
08059,2023,5,3,"08019,08047,08093",621344.9265512262,534839.4110942385
21071,2020,7,1,21159,97797.404391427,76224.14711031261
22035,2025,8,1,05017,72600.01759158455,100185.6722955496
51005,2025,2,1,51580,174063.71606034323,100660.89553982
48471,2024,2,5,"48313,48339,48407,48455,48225",264031.9683806915,247878.63926318745
08017,2025,6,1,08061,201125.8255039116,199019.6168203516
49035,2022,6,1,49029,581167.0999403386,725531.5030912842
12081,2022,10,1,12027,475980.12221338897,268037.65205338696
08099,2023,10,1,08011,173362.40470587937,148549.66783547858
35025,2020,7,1,48165,240929.52756858544,195363.11373848488
40121,2024,3,2,"40005,40029",138555.13684349295,154732.3163931781
13255,2021,5,2,"13231,13171",181871.3614787713,236258.3195329312
38079,2023,6,1,38095,,147467.8910806597
06019,2025,3,2,"06069,06031",407244.5738305386,567517.779346569
31087,2024,8,1,31085,144981.25750615654,290488.14660477504
27117,2021,4,5,"27083,27081,27101,27133,46011",143113.00717057366,180235.54879032512
06019,2020,9,1,06051,289504.8623703585,515713.88874368457
39167,2024,3,1,54073,166389.6301704197,149546.71914540266
28109,2024,5,1,28131,185163.98425857665,190005.979051213
21023,2025,7,2,"21201,21097",190672.2962564827,212186.52682245843
53063,2020,3,1,16009,287695.164965871,208375.2572795557
31149,2023,8,2,"31103,31015",140057.15667105085,219014.20612151606
42091,2022,10,1,42077,430953.13756902766,303865.65286511445
38063,2024,5,1,38099,151894.47020568766,151226.74661710614
48173,2021,5,1,48461,,138954.6458710021
21055,2023,1,1,17069,136319.3546807734,106477.81485320895
39069,2024,8,1,39173,186809.2062791089,229060.5517325864
50027,2023,9,2,"50021,50001",402139.5327767551,367908.0932545117
51159,2023,7,1,51119,218962.82798349485,349214.8034933543
12003,2025,8,1,12007,304063.2618369491,241925.94181965388
29161,2021,3,1,29073,164442.2892411054,164029.42124596596
29031,2021,7,1,17181,195958.805735082,132722.6181491182
04015,2020,7,1,32017,243418.31998503956,174097.78043811955
17001,2025,5,3,"29111,17009,17169",166307.52728664363,155248.5756248358
50023,2020,7,1,50017,270200.3544877195,247767.11967514895
39051,2023,6,2,"39095,26059",192732.1913555452,163668.36946475506
17001,2020,11,1,17169,149914.57755279716,119862.5213579962
31111,2021,5,1,31117,159850.82062879924,259914.1036975605
19103,2022,6,2,"19095,19183",269979.8884794726,193797.87743419508
48409,2024,3,2,"48391,48007",210313.3766499233,233240.1165744232
35041,2025,8,1,35009,141075.7250931287,155713.1996597954
47141,2022,5,1,47087,284343.9783117136,201627.2031715077
12053,2024,7,1,12017,325615.3621393969,285665.15723453456
35007,2025,7,1,08023,254885.430144119,197186.04007393913
19147,2022,5,3,"19041,19021,19059",139112.630666772,221397.07251602263
04015,2023,8,1,49025,346217.3124677415,410463.3827785455
13307,2021,5,2,"13197,13259",134682.7506913981,126193.95362974677
21083,2025,9,3,"21039,21035,21157",164668.10375002073,178998.6042762825
51810,2020,2,1,51131,296550.16958904685,172293.87987662802
56007,2021,8,1,08107,174600.33845255987,815941.2160045294
28011,2021,6,1,28027,157820.94906765822,72425.81408398387
01111,2024,5,1,01017,188442.0658915265,139702.23866507687
40151,2021,9,1,40003,107357.9627572935,110295.10148164506
16075,2022,6,2,"16045,16087",425679.2866685321,438288.04984402156
53007,2023,1,5,"53057,53037,53033,53061,53017",522331.964774209,604270.3811806453
19169,2023,6,1,19079,260157.18203206835,142337.8133422708
38035,2023,4,1,38063,248774.4856389837,183825.4058610961
51131,2022,7,1,51735,267250.1785609468,413210.3583303173
32031,2024,8,2,"06049,32029",557718.160054718,333611.15324408736
05075,2023,6,1,05055,124227.73183952377,183060.41623800943
45039,2025,7,1,45023,184848.49152196097,213685.7335923609
49023,2020,6,1,32033,297906.89034235047,151533.8307962574
47183,2023,8,1,47079,160838.9287122282,193647.5467516186
39065,2023,8,2,"39101,39175",158979.7953854788,161634.22695296418
21047,2024,8,2,"21033,21219",194695.845824128,183922.90578821563
22073,2022,12,2,"22083,22067",174636.09219448242,141451.5454631933
51650,2020,10,1,51735,191704.43875076473,346908.0567322717
47149,2024,7,1,47117,413452.7428249232,315370.6940653962
27123,2021,9,1,27163,307552.7591777639,394311.60547375213
16057,2022,3,1,16009,420248.9509636173,336230.0039566982
06043,2024,7,3,"06039,06109,06047",415134.7820363165,412501.78765741485
55083,2020,1,2,"55078,55041",165589.86975914243,158627.22555634085
55019,2023,10,2,"55035,55141",181502.4706063882,239394.3537142313
12115,2020,7,1,12027,286403.1471064782,163188.92165119998
30059,2023,7,1,30107,287469.680086627,171164.35737612544
13123,2021,3,1,13227,292668.5033286177,280018.25696915045
19197,2020,5,1,19079,103970.30400428698,106647.92413306334
27021,2023,9,2,"27153,27159",297539.5842338861,221041.0566576437
47023,2022,5,1,47109,166663.66638551108,153516.25615518494
34019,2025,9,1,34021,615439.508856412,438574.3379538224
18095,2022,7,1,18159,159421.40478089047,197958.2038530611
22119,2021,12,1,22027,139527.5933256907,159580.19959953675
46051,2023,5,1,27011,223935.73660016851,172205.13929041577
17195,2025,5,1,19045,132352.94083581012,166354.8151041269
22051,2023,4,1,22075,283519.0080900428,295811.00901973195
40031,2021,6,1,40033,119787.60220844817,86776.40073457903
04001,2021,10,1,04011,274409.29044111486,217062.23312109572
28131,2022,8,1,28045,188017.38401825167,239777.12473436317
20131,2023,7,1,31147,196836.6163186185,116075.14513535284
29143,2021,4,2,"29069,47095",80002.85697233965,96269.33234984527
16071,2021,6,1,16041,248031.8863751632,376043.6671512046
48451,2020,5,1,48095,174972.83203505454,169269.21057226165
26041,2021,7,1,26089,139592.77089576115,494241.53907200973
21179,2020,4,1,21005,167305.06174172912,146514.79191761315
13157,2020,10,1,13059,264802.580518623,210498.9953803764
08101,2025,6,3,"08043,08089,08025",287514.606758731,224343.5880851611
26061,2020,7,1,26083,132226.5668568873,131753.96095394544
42097,2022,5,2,"42093,42043",138002.32894941609,236718.0629677385
28091,2024,6,1,28077,135819.96606694255,129899.72705885624
29081,2025,6,1,29061,130553.99016856584,259260.0590539967
37023,2024,8,1,37011,252918.12422726993,396383.13083166425
38027,2025,7,1,38063,122279.64174918324,145463.90791595986
48499,2021,5,2,"48459,48379",224658.26806702785,213075.99269743153
40039,2022,6,1,40043,142372.67064084896,135311.6902762334
48041,2020,4,1,48313,235332.3333998679,176722.07166458396
40119,2021,5,1,40103,187851.7032910375,117131.2920080026
13099,2022,6,1,13037,125235.88014862704,108146.08022836932
21057,2025,5,2,"21169,21053",160284.96980630074,175462.7018722507
48179,2023,8,1,48211,102899.6323709942,168094.91863781048
18131,2024,7,2,"18181,18149",170827.46594023585,201465.8503545935
55139,2023,4,3,"55135,55015,55047",250543.15984961277,261042.6563096989
17107,2022,4,1,17039,118005.62604792876,115591.725053659
27137,2020,7,2,"27075,27071",163846.42859439872,142893.82198287552
48243,2022,9,1,48377,268083.59504781925,241430.03581859765
19015,2020,5,1,19079,162001.63474845205,106647.92413306334
47181,2023,2,1,47039,154677.19364791163,163082.51631834503
16019,2022,7,1,56023,421881.9483346921,445381.8552861274
12015,2022,4,2,"12027,12043",360226.16496905655,236852.8380910916
48499,2024,6,1,48379,268866.86549282516,289596.2166286916
56003,2020,8,2,"56029,56033",172815.418122071,297642.7159683553
32031,2021,7,5,"32001,32029,41037,32013,32510",505448.91936595173,329904.2996935631
48445,2022,9,1,48115,157077.69533495334,116156.92333503754
48323,2021,5,1,48507,179246.26401638438,83914.0736704403
47047,2022,9,2,"47069,47075",363562.8856981284,144958.2382385163
47077,2022,5,2,"47039,47017",170719.77159110527,167793.4170331949
26123,2023,8,1,26105,216426.7622254627,247277.18951557015
48245,2022,6,1,48071,168572.06684254782,341503.21702651685
42125,2022,5,1,54009,217274.83025660715,118931.3017984845
19163,2025,5,1,19045,234080.69059614613,166354.8151041269
37167,2023,1,1,37007,271832.33615119563,139749.61624419448
29183,2021,4,1,17083,288676.75655448163,165369.03830018235
49057,2022,6,2,"49029,49033",468004.6451136486,635675.2006625474
46085,2022,7,2,"46015,46023",,220508.4346886639
21007,2024,8,1,17003,133624.04215923406,68908.59551097297
05095,2023,6,3,"05107,05123,05077",102771.1551867846,88380.64607387558
48287,2024,4,2,"48051,48477",345180.1389543959,322426.82310851116
46009,2020,1,1,31107,133889.95442991346,134681.2932159201
32027,2024,10,1,32015,248641.9254761743,252130.4437946626
13273,2024,2,2,"13261,13307",103761.13160744368,150311.05031201732
45073,2025,6,1,37113,280255.20485050185,355015.0073613972
36103,2025,7,1,44009,680083.2977216899,645729.564937843
21177,2025,1,2,"21149,21219",132645.87362759913,195601.83761976226
19107,2022,6,3,"19095,19101,19183",128603.59555361564,185393.97340669317
13033,2021,3,1,45011,143797.06441000497,151736.9025523651
13293,2021,4,2,"13171,13263",118224.91808325336,176724.6979276627
48057,2024,5,4,"48391,48321,48239,48007",207675.72214868903,223189.27727627056
13241,2023,6,1,13281,369123.0496211496,374378.2493682435
13297,2025,6,1,13219,382068.7544803352,546624.0959394239
22111,2023,6,1,05003,147593.27770005827,99720.29323706689
31089,2021,9,1,31015,151471.24009315754,197136.66235263424
27001,2025,8,1,27065,258157.6341110535,254041.3145039127
26125,2023,4,5,"26163,26093,26049,26161,26087",323636.6110288128,259222.33627887856
48159,2020,8,1,48119,222579.85524246527,129239.9957996962
40093,2021,9,1,40003,131796.89691993973,110295.10148164506
27129,2022,9,1,27103,164096.77117804214,273032.03111687885
29023,2023,3,1,05021,143749.57965015023,108011.14838072345
42035,2024,4,1,42023,182403.68146571223,81714.13253863617
37055,2024,5,1,37177,605557.6204903725,169313.6266955074
48021,2022,7,1,48149,424563.0490606378,465000.6803416638
54083,2023,8,1,54093,145440.17599665254,204907.79713085713
06029,2020,8,2,"06083,06111",245245.9096385239,639252.5506444906
22009,2023,3,3,"22025,22029,22077",148793.3291702881,148730.34651997912
22089,2025,7,1,22095,261039.64695056863,197550.4578936388
42105,2025,6,1,42023,151848.15509767752,91500.0078864398
27079,2023,8,2,"27161,27013",324608.14702252013,249446.58209076105
08113,2024,8,2,"08033,08111",1455000.653044355,431949.62173743325
30037,2023,6,1,30107,207518.2461370558,169648.8488700764
01005,2022,4,1,13259,152844.94673259708,99725.41631853949
17109,2022,5,1,17071,89185.07244656906,121788.13114036452
19187,2024,6,1,19151,132073.64018166572,107194.66230525698
16073,2022,8,1,16083,453901.76196143025,377846.7361760475
21127,2025,4,4,"21115,21175,21159,21063",161404.97175869392,150802.3140299504
18023,2022,6,2,"18159,18157",181882.21648513016,224514.1206221378
08041,2020,6,1,08119,355419.95013957756,345599.123043315
28007,2025,8,2,"28051,28019",119850.3264300897,108945.95409447604
06099,2021,12,1,06085,430081.3828747932,1462562.5825672084
21225,2023,1,1,17069,121802.38742181052,106477.81485320895
28001,2024,2,2,"28063,22107",121614.13457137388,184415.10509460428
51013,2022,7,1,51610,791618.539479934,1004655.1742899042
13215,2021,6,1,13053,143833.53982031086,129504.58956425048
21181,2021,8,2,"21201,21173",148169.6209155327,156514.42273797514
33009,2020,4,1,50017,228494.32094471925,243434.36991185477
47017,2023,8,2,"47039,47079",174130.61687703745,180381.8081135817
21167,2020,7,1,21005,153034.59831978308,150675.98791885655
01097,2025,7,2,"28039,28041",194800.67181788725,167458.0746438792
01091,2022,10,1,01131,160315.87857016994,143669.10502700915
51005,2025,6,1,51580,173848.67070027962,102197.55084781726
37131,2023,7,1,37091,105338.40352363966,123880.45846323328
13257,2023,8,1,13011,221495.61883474045,320435.726080447
42069,2025,4,1,42089,212306.31870849963,308852.3358719815
13029,2025,5,1,13109,406245.06172217074,170248.60282386787
27111,2021,7,3,"27041,27153,27159",255637.68873822704,217902.78915808783
16001,2020,4,1,16045,353946.2583015258,288860.2195038028
08089,2021,6,1,08011,145021.9079891141,142378.53338207796
33009,2023,5,2,"50005,50009",361858.3014830661,250682.1033135476
18035,2021,6,1,18009,118070.59971358906,94546.92076531764
29135,2024,4,1,29053,209290.01173627147,227592.5012546453
33001,2023,9,1,33013,456697.31806782336,426560.41502735607
20007,2024,8,2,"20097,40003",88899.4143843738,141764.20947626495
16013,2021,7,1,16025,740741.6829143412,374646.50901769305
48413,2020,7,2,"48435,48095",,157664.37691893103
17181,2024,8,3,"17003,29157,17199",141844.69441462107,139603.45609049543
38033,2024,5,1,30109,171298.04910335652,198787.91380894443
47189,2025,4,1,47159,500329.66216183314,302454.3196995138
13007,2021,2,1,13037,,99039.20167778883
55121,2023,7,1,55035,227343.93113901097,288172.31226918794
47033,2024,8,1,47075,173136.25716066378,173415.4158406592
51197,2023,7,1,51021,192413.7524130351,163681.1017034823
48103,2024,5,1,48475,197753.6973549392,197298.0932857568
27017,2021,4,1,27115,214126.83065884255,186693.14393741652
41059,2022,6,2,"53005,41049",295851.10385928274,360850.17281677655
51071,2021,6,1,51021,156931.11089545977,156670.47619937852
30015,2021,7,2,"30073,30045",215441.49915322103,197894.39724271937
55117,2025,5,1,26105,297690.4568302594,248457.1675546892
17061,2021,7,1,17083,96872.82294830696,164199.3205385737
29161,2021,7,1,29073,175222.27553471204,176832.71962217553
19003,2023,4,1,19145,131515.1324757669,131999.39498884205
19007,2021,3,2,"29197,29171",124641.33810598707,134542.36985942576
38031,2023,7,1,38027,164195.0843834849,126399.15023732051
17131,2023,8,1,19115,157780.20862174864,148245.5240324595
20057,2024,6,2,"20097,20083",201724.4793964537,152285.08052515687
39089,2023,5,1,39083,298781.2745263236,237045.13497440377
39159,2023,4,1,39101,368085.6050101079,147978.71962639675
47133,2022,9,2,"47027,47087",223226.31478287885,192968.45081434894
29157,2023,7,2,"29123,29186",193523.79581252404,185079.69294942266
48483,2024,6,2,"40009,40129",101681.61585423228,156490.13675811497
08111,2021,8,3,"08091,08033,08053",423961.0934507225,437985.0309582806
40107,2022,5,1,40133,123957.1004909217,106362.46329481872
42085,2023,3,2,"39155,42039",161326.93331888306,141829.91100947745
04003,2021,9,1,04011,227098.72839572257,219272.73430437513
31111,2021,9,1,31117,164273.0130741139,252612.4758194545
39121,2021,8,1,39115,156826.48061881622,133064.91122116416
19089,2020,6,1,19067,119440.82345903984,115358.54858704978
31149,2022,4,1,31103,134565.005115682,250797.8481664701
22037,2025,5,1,22091,222916.6865774995,169838.44246583406
39089,2021,12,1,39083,260368.68126613335,214360.9383074375
55089,2022,7,1,26127,420667.5691270765,233497.8208700244
05013,2025,6,3,"05039,05011,05025",122511.4968150418,118780.17028974897
12081,2024,7,3,"12027,12049,12115",458681.0886766747,318729.0953365592
19183,2023,5,1,19115,199706.1176000454,146464.1065465059
27049,2024,9,1,55091,305165.6405593339,236409.50157239483
31011,2025,7,3,"31077,31125,31183",280644.295789378,202870.93408049727
19081,2023,7,2,"19189,19195",161632.3620483009,150329.60738922795
30089,2023,5,2,"16079,30061",405107.4748868652,312187.1789868645
27005,2024,6,2,"27087,27029",326567.4895463569,184817.30455977307
48465,2020,3,1,48435,164359.4715003729,143468.60911194308
39167,2021,6,1,39115,155942.82214552432,131605.52686912543
51683,2025,7,1,51685,492906.6949424816,455289.9888847039
20007,2021,7,1,40003,73593.9665703671,114598.89310950512
46107,2023,7,1,46045,209392.91803294036,217631.994710597
48103,2021,4,1,48461,190262.25734207957,138343.7226599334
55083,2020,5,1,55078,169443.26151847796,183399.73615867752
27091,2021,9,2,"27165,27063",163353.8516670762,137131.45655714514
27033,2023,10,2,"27105,27063",158699.57681336452,197972.47529694333
17023,2024,3,1,17033,127626.52502655548,124806.80770312628
19197,2020,9,1,19079,107541.67088429572,109837.52095968164
21027,2021,7,2,"21163,21091",138227.63553200694,174098.5653484399
48339,2022,3,2,"48185,48471",330455.1387115121,298482.5796322859
13267,2025,5,1,13109,181878.10558726368,170248.60282386787
46121,2024,7,1,31103,,277345.35692129284
17035,2020,1,1,17079,122846.72978878317,108127.18335877312
48451,2020,9,1,48095,180044.59184207002,181245.966887692
37013,2021,7,1,37137,176366.58540711296,203955.14058563116
48283,2025,5,1,48163,142334.25636922035,162103.46572534155
37111,2021,4,2,"37199,37121",215401.19576868697,211849.91851808684
17027,2023,2,1,17051,180587.61448939456,142602.55299452224
06007,2021,12,1,06021,404784.2303723346,333243.45059242845
13291,2024,12,1,13281,380376.0265357013,393497.18110660143
39121,2023,1,1,39115,167159.13204709638,141314.23404865435
48001,2024,2,1,48225,219590.83248524772,219164.35383588655
37023,2024,12,1,37011,251429.6777770538,397136.2651901666
30043,2025,7,2,"30057,30023",504624.76952463033,508289.52320417156
31095,2025,8,2,"31059,31169",135658.09534576733,157069.1508255003
53013,2021,6,2,"53021,41063",223807.73429941913,345889.41052260634
48041,2020,8,1,48313,237591.4120187564,181269.31689174593
18025,2021,6,1,21163,125731.27773152175,190198.6904613499
40153,2022,9,2,"40043,40093",127933.61327631748,141670.84250625037
46135,2020,6,2,"31107,31027",205939.05255137177,148949.61195735022
51161,2022,5,1,51775,278776.29696838063,235335.439888779
48479,2021,5,1,48247,189556.11935751163,125718.82965680324
47019,2025,4,1,37011,238367.5815373677,393987.59944170545
05037,2025,8,1,05067,136226.85786824682,96185.74965787472
47147,2025,2,1,21219,375577.977920753,227268.8119235784
25023,2022,8,1,25001,556720.4036184686,678984.4052925722
31139,2025,8,2,"31179,31167",237044.00616954672,243720.38989896857
54085,2023,6,1,54105,115940.79806757356,111387.82339254288
13095,2021,4,1,13037,93823.4369898998,102095.47242944824
05043,2023,7,2,"05011,05003",152626.2853002859,110560.53875555962
29195,2021,6,2,"29107,29089",157221.78556305115,170361.6015409117
48245,2022,10,1,48071,169291.12232611224,340017.12481436244
53015,2024,10,3,"53059,53041,41009",415627.3021392645,471913.05636196287
38105,2023,8,1,30091,303657.81531687494,177761.7091497033
29205,2025,8,2,"29137,29111",183819.5276864602,198430.59140304712
13001,2021,7,1,13279,144405.39986860877,129179.14651552368
29183,2021,8,1,17083,302828.77479212807,162030.93760459244
27131,2024,8,1,27079,323383.9124081688,332227.0104103831
46059,2023,6,2,"46073,46005",252345.85946898905,223483.60614676704
17095,2023,5,1,17175,88974.80945285973,129875.1456830015
51800,2021,7,1,37073,306028.8153482342,175745.9551943771
48061,2025,5,1,48489,202913.1329146865,182915.00116264785
29129,2025,8,1,19185,138066.50491502733,132209.2222817867
53075,2020,5,2,"16009,53023",237458.1742834856,176755.37655466018
26131,2020,7,1,26083,93819.51062410534,131753.96095394544
13015,2023,4,1,13067,308327.5940133139,417734.5109302648
34027,2024,8,1,34031,659255.3330741404,550135.0970984297
46009,2020,5,1,31107,133505.54562774466,139197.00756271108
08067,2024,5,2,"08033,08111",647287.105486079,432433.8692803589
54039,2024,5,1,54067,144640.6028212289,140725.05963244406
13237,2024,7,2,"13133,13141",396595.6185646225,404115.4868863479
29121,2025,6,1,29137,172426.15041952487,202653.4324066115
13195,2020,5,1,13059,191914.4713402028,200802.39026534377
21171,2021,12,2,"47027,21057",107018.37206607098,152814.59177223942
08077,2025,5,5,"08045,08085,08051,49019,08029",421378.8597293195,559667.4734796527
19107,2022,10,2,"19101,19183",130272.1804453858,182632.21404038236
12105,2020,12,1,12055,218593.39113279493,155473.59425094846
40123,2021,4,1,40029,142778.1904593366,95632.83550967996
01107,2023,8,2,"28087,28103",147821.82094714988,139273.1451659042
49053,2020,3,2,"32017,49021",350379.73963580374,214489.80497928947
17051,2020,7,1,17121,115742.9968025663,88143.81604753943
56013,2021,9,2,"56017,56029",247422.1843909003,257723.74272111722
37055,2024,9,1,37177,601688.3571060621,171752.54601544596
37171,2025,7,1,37005,225621.12730908455,269215.4161844302
12101,2020,5,1,12053,221545.28264674332,190801.24944975972
26003,2020,9,2,"26095,26083",155890.5270567794,122882.60071098026
16069,2024,9,1,16035,367255.4811655616,297470.7771085962
46027,2020,3,1,31027,176215.47048988435,154739.3870882465
22009,2023,7,1,22025,137871.1940501137,115960.76840129455
47131,2022,7,1,47053,140842.33531898758,163597.35351267536
35035,2023,10,2,"35051,35005",215718.3982370461,166627.54476197337
35001,2024,8,1,35006,337463.1615228295,145510.09422864168
17099,2025,6,2,"17155,17123",175904.84906710222,151802.97092070206
13033,2024,8,3,"45005,13163,45011",177179.94029688582,126880.0135239155
26017,2025,8,2,"26051,26011",170877.3369498608,158505.78285137005
39051,2025,6,2,"39171,39095",220743.35772214108,169694.92707472097
55003,2025,5,1,55051,193154.85443488407,198472.7792596679
13069,2024,6,1,13271,187991.50520935535,119687.5653518545
22109,2024,9,1,22101,195599.39780906017,117195.7162473458
51165,2022,7,1,51660,308974.8313788343,293250.5476545384
01025,2024,12,1,01023,142389.13960173106,145857.17024490735
48423,2021,4,1,48459,204317.67338686905,188558.45461958623
16081,2020,4,1,16065,471267.5864898344,253119.6157870101
28001,2024,6,2,"28063,22107",123472.95962461032,183624.679983583
13215,2021,10,1,13053,145150.91142341393,130533.13022870362
22013,2021,4,1,22027,131713.44181204285,196783.438898804
26123,2020,11,1,26133,170267.13732710076,139282.55338729976
33009,2020,8,1,50017,235286.73000104423,250155.6542228776
41011,2024,1,2,"41019,41015",352067.3990820607,393534.95895202784
01119,2023,7,4,"28103,28075,28069,01023",125717.37067837558,132839.5068402642
22021,2023,3,3,"22041,22025,22083",132131.40214289704,137129.09444980536
28159,2023,12,1,28019,140617.99737948863,156142.52164584576
13189,2025,6,2,"13163,13301",194831.9603259825,118774.08665773868
48437,2024,9,1,48153,111296.60767870447,94306.67805523449
26033,2024,6,2,"26097,26141",179357.84975987786,186746.09296169155
37031,2021,8,1,37137,360374.3831415707,206419.00930893584
18067,2021,6,1,18159,134787.16224381875,172379.37002716487
45015,2022,7,2,"45043,45089",352676.0442036146,246013.66718892698
28157,2024,12,1,28037,118013.29733032158,156369.54000792917
05065,2020,1,1,05137,113321.29272599416,138047.31229479864
33009,2023,9,3,"33013,50005,50009",381340.9941467483,315366.8953145423
17065,2021,7,1,17165,146299.3858141287,83034.50768592356
48009,2021,11,1,48023,223805.30459202387,136992.59923242105
51077,2025,6,1,37005,191887.58893218092,269358.42691542505
25007,2025,5,1,25019,1486071.0982282162,2906217.5236830073
19023,2024,6,1,19069,171113.29585133534,141861.9179876591
29139,2022,6,2,"29073,29151",216770.72224720285,216745.52231523395
17101,2025,7,2,"17159,17185",106128.70129426027,118219.28153249866
47055,2024,3,1,47117,238262.0691937257,309697.2521575715
55109,2021,5,1,27163,337806.15893868374,380422.82797190855
01025,2023,4,3,"01131,01099,01023",156403.4493628264,143131.7992666049
29019,2021,7,1,29089,253517.81788361137,166762.52742047762
21055,2023,9,1,17069,137425.97598218312,111987.52228636444
53043,2024,3,1,53025,301673.9330102201,348607.26938702684
17045,2021,8,1,18165,107964.7379384436,112522.59755993757
27061,2024,7,1,27071,228666.64987586837,143910.47547544542
27051,2021,7,2,"27041,27149",170780.44870908666,225404.52013622827
19007,2021,7,1,29197,116424.04383493378,142976.0598322758
31151,2023,8,1,31159,188118.060547824,272987.9720704919
19077,2022,8,2,"19073,19027",240167.48768963836,159340.37094450585
08071,2025,6,3,"08023,08089,08011",253162.44896966932,163779.06831279342
26143,2021,6,4,"26129,26135,26113,26039",135861.13037614513,143714.2689964712
01031,2021,12,1,01039,151863.54545688187,149756.8840138791
30067,2021,6,2,"56029,30059",502788.6650589478,279001.27666186687
20029,2022,6,1,20123,93779.5729015572,121018.86858779684
28157,2023,4,4,"22037,28037,22029,28001",116205.8838465878,161050.17578949462
12029,2024,1,1,12041,204689.6990445172,284746.3328510535
42085,2023,7,3,"39099,42039,39155",163829.4839280188,142401.80991583646
22099,2022,6,3,"22047,22101,22007",171957.17217161797,144941.16437365158
37155,2022,3,1,45033,118035.95296185982,128803.0630192277
48281,2022,5,1,48333,297478.3254790616,416026.9609773483
48085,2025,9,1,48231,498128.9646104384,276316.33843137976
16031,2024,6,2,"16071,16083",322327.6132464176,341260.24240858795
26069,2022,4,2,"26001,26135",147395.99880531928,143018.5148453022
19009,2023,7,1,19165,130693.4467962252,182542.9864463875
55089,2022,11,1,26127,418053.3722348336,233204.68756817724
13187,2022,6,2,"13111,13291",351521.4780035696,439842.0065633663
51153,2023,8,1,51685,540910.0261921012,420364.7650793901
13013,2020,2,1,13059,204735.6214487919,195822.5355148602
12119,2025,8,1,12105,391230.061454302,301154.0451723275
25005,2020,4,1,44001,350165.2881099668,402460.7393465853
29223,2022,4,1,29093,134748.44384036234,138590.60847885124
18157,2025,4,1,18023,289611.234061319,212410.4305185832
37189,2020,1,1,47091,296306.8870037988,161642.06701345186
49037,2024,7,1,08033,345363.71089204616,312630.0944004444
16049,2024,6,1,16035,337533.3620272731,296117.5365277352
47085,2023,12,1,47135,222360.66504842744,171413.66029888
29199,2020,5,1,29103,94772.92142045528,116881.75744824026
48507,2024,5,1,48323,85208.614735511,218065.6430896616
16035,2022,8,1,30061,300807.3809889867,372800.1393016951
55083,2020,9,1,55078,172065.54824370626,193312.4617206078
13137,2020,2,1,13281,181717.42133645772,244059.6986199777
17131,2025,5,1,19115,150650.8018952958,161075.7418627816
18083,2023,7,1,17033,133445.59398874012,123503.79107323608
29045,2025,8,2,"29199,29111",156255.45382235115,157846.0864488245
22069,2022,3,1,22081,189439.1481373118,154106.10707910638
08097,2022,1,1,08065,2030288.23826872,437085.5872431022
38059,2023,6,1,38029,279802.3873045394,121669.94834862724
21231,2024,5,1,47137,159878.95712286196,215156.51679445236
22103,2021,3,2,"28045,28109",253309.654260347,171404.86750301882
04003,2023,6,1,04023,249593.47945924615,267119.63963508373
48131,2025,5,1,48047,90625.4838721628,87632.90826733988
13263,2024,2,2,"13053,13293",186029.93816210885,148019.42571580125
48039,2020,1,2,"48321,48481",248476.00843663196,183464.73539685205
29095,2021,8,1,29107,199212.5805473229,178744.0745095349
53003,2022,6,1,53023,336627.99566350767,184211.36941719524
23011,2024,4,1,23023,302276.80948635883,413807.8370894762
18107,2024,6,1,18045,200519.03888162403,174507.9371395722
49043,2024,9,1,49009,1273268.0582155108,314338.7476904722
53039,2024,8,6,"53005,53077,41027,41049,41065,53059",463218.871796386,450078.310608139
40013,2022,7,1,40095,214250.78833662355,191439.86474820424
39015,2024,8,1,21023,245872.8323701633,187267.94082114735
47043,2022,11,1,47083,335089.8085889986,191948.6603029497
27005,2021,9,2,"27029,27159",277972.8355122918,178773.5827951969
26019,2024,4,1,26089,374333.8835219626,601704.2989502327
54059,2020,3,1,21159,64117.007682094205,73193.60215931077
17187,2022,5,1,17071,96851.87876619208,121788.13114036452
30035,2020,6,1,30101,101293.64606154716,122985.6607758844
18147,2021,8,1,21091,180079.9292449653,152924.65514204022
13235,2021,10,2,"13023,13091",133548.37630835094,139151.05571993475
17049,2022,6,1,17079,197032.45569525613,137640.05552216616
29035,2021,4,1,29179,143924.12938569355,140302.6693584358
21145,2021,4,1,21039,139088.02182555615,90604.0261624298
08037,2023,6,2,"08045,08117",1155929.6852688056,813282.6973143488
19027,2023,5,1,19165,174580.4303459641,181323.0865473944
31031,2024,4,3,"31091,31103,31017",202108.81482867105,178423.69385154266
47093,2021,8,1,47105,263633.94571378315,335250.88556971395
29071,2025,8,1,29073,255699.06985943788,230415.32802187116
22005,2021,3,3,"22047,22093,22007",236327.1331871509,167134.58335214495
55029,2025,7,2,"26089,26019",414558.29961992893,496115.1198929631
26039,2020,7,1,26009,108968.49644109412,209632.0667056577
48061,2025,9,1,48489,201853.35045829669,176602.929399188
22051,2025,5,1,22095,246305.23986725963,204420.4041869097
55033,2023,8,2,"55035,55005",280516.9329714025,269069.17558162747
08067,2024,9,2,"08033,08111",657012.7416227603,434284.1523140017
42021,2024,6,1,42009,98213.03130221229,189095.27401373768
29187,2023,4,3,"29123,29221,29186",172046.67281004495,177780.9450138538
06007,2023,9,1,06011,401871.20774126606,362511.76359877945
21101,2024,9,3,"21233,18173,21225",195370.93433788233,175972.99521233453
17027,2020,5,1,17121,149695.77627115068,86714.70664923829
31089,2020,8,2,"31107,31003",138705.4591372203,148242.67083875253
51121,2024,5,1,51063,329499.81425908726,251867.2727697924
29211,2021,3,1,29171,107559.7213891106,135681.7775639893
26115,2023,4,3,"26161,26163,39095",224089.54387422663,224107.20336997035
49053,2020,7,2,"32017,49021",355955.5969736416,217796.53106129682
37029,2021,8,1,37073,298180.29858795466,176598.99768683346
13261,2021,5,2,"13197,13249",105798.65444535208,157012.75386492006
06077,2023,3,1,06013,531222.6037017398,803642.7740643774
29107,2022,6,1,29033,200717.0437789457,144108.49237928478
47133,2024,9,1,47137,241945.9062075894,224606.27316521545
13033,2024,12,1,13163,174150.68417193776,133910.92080495844
54085,2025,3,1,54073,126142.8369633167,165520.8031771716
18149,2025,4,1,18131,206147.4589373037,178656.37247705073
13077,2022,6,1,13149,368545.3521890452,238083.7289141229
24015,2025,8,1,24029,377361.7910256158,374273.71741670714
28083,2024,8,1,28135,78920.09008838182,117303.2580229214
18017,2025,4,2,"18131,18103",167775.12586148072,160907.50949895912
10001,2023,9,1,34011,339839.6508457468,245439.06730509448
26085,2025,5,4,"26105,26101,26165,26133",146477.75250479227,220729.25248453047
53047,2022,6,2,"53057,53073",314078.1408412618,587371.4596804925
06073,2021,8,1,06025,773095.1074940233,286899.9601186171
48143,2022,12,1,48193,317499.1024151869,257977.88831865072
30053,2022,6,1,16021,391131.835726333,497602.7998451519
13291,2020,7,1,13281,231633.0766215175,249201.32775070623
19025,2021,5,1,19021,114319.86880047596,145465.24894621366
20117,2020,7,2,"31133,31067",105329.02472914055,127337.98085521953
48463,2021,4,2,"48163,48507",186240.9170453376,140012.69161696697
40121,2023,6,1,40005,135456.46383040553,188690.462831664
16083,2023,5,2,"16053,16047",350715.00367821637,350049.94229270326
21011,2021,8,1,21173,128744.13239347193,170728.4281824709
28123,2025,6,2,"28061,28129",115010.3163869615,152534.65694540337
23013,2021,10,1,23015,352243.7123308799,356339.61542058125
17165,2023,4,1,17069,93240.45633896212,106459.72590117287
47187,2024,9,1,47117,895368.4816355618,314519.30839869083
48061,2022,8,1,48489,185861.76481355223,227626.32215708977
46013,2023,7,2,"38081,46045",212806.0170315888,196943.31722611302
48309,2022,8,1,48217,263636.6442671187,231374.03098017324
28035,2024,8,1,28111,183895.4969550777,153690.27185436655
20007,2023,7,1,40003,81191.44793409725,112687.44293289552
19091,2024,6,1,19151,145948.8558820919,107194.66230525698
37043,2020,1,1,13281,197563.4013788333,243052.134797144
12101,2025,8,1,12105,334286.8224528598,301154.0451723275
13237,2021,10,1,13141,343873.12518575235,181876.32754841715
48271,2024,2,1,48323,127152.39583472758,210884.25000507577
13167,2021,2,1,13283,105886.31459151936,122981.43021359538
16051,2020,6,1,16065,286513.26520390995,257082.82609555245
13033,2023,4,2,"13163,13107",166684.47945576455,119017.56491985866
18069,2021,6,1,18169,151225.2486692675,139131.0160667949
50023,2021,3,1,50015,299714.28761942015,401307.6252109765
21069,2024,5,1,21201,162641.51514555103,179397.81146872792
21049,2021,7,1,21173,187008.8811867196,170012.78403480895
51059,2020,2,2,"51600,51610",586816.4674936276,697087.2427087349
18117,2021,8,2,"18101,18093",139004.8998026521,156278.60894186964
18051,2024,12,3,"18129,18125,18173",190729.77479983607,218621.90638339272
05067,2022,5,1,05037,98762.50274245688,136715.48414258388
55109,2021,9,1,27163,353172.18431881565,394311.60547375213
35043,2020,6,2,"35031,35006",241141.784994617,142841.91693502793
40031,2022,4,1,40075,129711.9365368352,77951.57856089975
37143,2021,7,1,37073,215859.28508454055,175745.9551943771
40117,2024,5,2,"40119,40103",161846.07011660168,183123.73217953776
16033,2020,5,1,16059,147541.38308944277,208910.93258398445
47097,2024,4,1,47075,132944.11338719053,171274.75932712763
55075,2025,7,1,55041,191954.34860982595,193418.21474724813
30069,2022,7,1,30027,182194.18485433725,264977.4305964736
42081,2023,2,1,42093,203044.01382440585,247850.35156895232
06071,2022,4,1,04012,524378.2783762562,240610.7445312715
48255,2024,4,1,48123,209796.69083032757,235545.0752207049
06035,2022,7,4,"06049,06091,32031,06089",238302.12240167405,372662.6845295421
13131,2025,4,1,13087,190477.3725964989,169652.44745066154
32007,2024,5,2,"16083,32015",350432.5895835743,300937.2991777515
04001,2025,9,2,"35003,08083",313280.4084363122,305559.61282264034
48427,2022,5,1,48247,170874.03711537586,105795.81459403744
06095,2023,1,4,"06013,06097,06041,06055",582135.5726126874,983231.501327839
06075,2021,3,1,06013,1367309.454870681,741043.460328814
06107,2024,7,1,06031,349877.66076044884,349561.1119767979
05055,2021,3,1,29069,153282.65925873522,99423.74154945336
06073,2023,1,1,06025,854945.4619369729,309211.5006227797
48039,2023,6,1,48481,324148.7039153837,245998.1110226734
16015,2023,4,1,16045,440118.0300052296,441627.483028735
41063,2022,8,1,53023,412332.6707402303,183984.7413687985
01063,2022,2,1,01107,146854.7144634182,144912.1790609852
13219,2023,4,5,"13211,13221,13157,13133,13013",499233.9775316718,391332.17781906406
40089,2025,1,1,05113,211399.5382342532,183667.68744968617
29019,2020,3,1,29089,212339.44496795512,136099.64720185575
51153,2023,12,1,51685,547789.225620054,428685.2010220291
48137,2020,4,1,48435,,143849.02939548728
27001,2021,7,1,27115,209377.67703008003,197125.1486969607
13199,2021,5,2,"13231,13263",161561.18630837946,217233.90805254612
01075,2021,12,1,01107,156342.26820145053,144280.87648141934
13013,2020,6,1,13059,208827.4090760677,201895.97266192897
25005,2020,8,1,44001,356064.72013106564,406806.56913656736
18035,2023,7,1,18009,143660.5160183685,115445.28851603258
12019,2025,8,1,12007,334260.8088955163,241925.94181965388
13177,2024,2,1,13261,249678.5009144293,131415.964346025
49041,2022,6,1,49039,296546.15912892995,354434.3030636506
41053,2025,2,1,41071,475005.62677722046,509732.524911737
21033,2021,7,2,"21233,21143",122715.79244694026,127956.65287772135
17153,2021,4,1,17181,120824.83697726727,133235.27083950394
05097,2025,7,3,"05113,05019,05109",201769.7363928409,173306.5935923798
21211,2025,7,1,21103,323517.42571489135,246459.0540639588
16057,2021,6,3,"16009,16079,16069",366115.5973285021,268010.58397480357
20201,2020,8,2,"31095,31067",111910.03423823864,111484.8160776374
05111,2024,8,2,"05037,05035",134111.42104979057,150239.2557207967
29019,2023,4,1,29135,292381.4286039144,197723.00811923097
21041,2025,6,2,"21223,21103",197919.6245517434,243849.559429556
08093,2021,7,2,"08019,08065",457753.04604364216,455102.5357191154
13311,2024,8,1,13281,308623.3406279247,392649.5809522253
17161,2025,8,2,"19115,19045",143909.57870046166,164777.5222286421
32027,2025,8,2,"32013,32015",252782.58105577427,292675.3479351547
13245,2024,7,1,13163,186957.09814184028,136095.78395623562
48043,2022,5,1,48377,260368.51303608337,244844.0641398177
54059,2025,3,2,"21159,21195",84926.92902051186,118344.14249322312
20025,2020,5,1,20033,55785.62503142815,70799.4358695806
13031,2023,6,1,13107,243387.76969876673,117176.14996434112
13157,2024,7,2,"13195,13013",398664.0238101783,322873.5720669258
20013,2020,3,2,"20043,31147",83669.21202753914,87594.09948930523
40085,2022,11,2,"40095,40019",188339.6678381481,181095.4874967143
18123,2021,6,2,"21163,21091",141599.89725999167,171044.9157845013
31135,2024,8,1,31085,222925.04983379625,290488.14660477504
21231,2024,9,1,47137,163043.5394813634,224606.27316521545
22103,2021,7,1,28045,267176.9200698791,204303.9822182235
37163,2025,4,1,37141,148374.7340150195,439610.15239154286
18007,2024,5,2,"18181,18111",181329.23351855864,203173.47148512764
48131,2025,9,1,48047,86774.48514455082,83397.89556599811
48117,2025,7,1,35009,175529.69652457387,157671.3265800899
55137,2023,6,4,"55097,55077,55135,55047",229414.83736007637,240175.49248764027
13137,2023,7,4,"13139,13011,13311,13281",287972.91640380054,339894.9750856097
08113,2025,6,2,"08091,08085",1477263.1339161694,605535.9718720183
48149,2020,8,1,48285,329749.4584068064,231278.8235200157
32021,2022,7,2,"32019,32001",179135.54654540462,400852.61887948937
48039,2020,5,2,"48321,48481",250830.72685861713,187016.63300796918
48369,2023,12,1,48017,144877.40604339444,146541.11669322348
30099,2021,7,1,30073,240642.44126406417,176115.24686859408
30061,2024,7,1,16035,388444.1899165269,296861.6912554735
51153,2025,5,1,51685,582418.919944298,455402.6641076063
13219,2020,3,1,13059,358939.9970872882,197717.75472338195
17105,2022,7,1,17063,125765.55320403872,268551.3280825545
51153,2020,11,1,51685,438459.9749745807,344061.4334591606
31121,2020,6,1,31141,144576.6451157412,184843.6311389811
40013,2022,11,3,"40069,40095,40005",217480.97193336676,170390.237252378
18035,2020,6,2,"18009,18075",99367.57428510766,91196.40626578845
31059,2023,4,1,31159,147719.6985723694,266412.0466352236
30027,2021,7,1,30045,216861.4403981707,219673.54761684465
48265,2022,4,1,48267,385600.4565402456,354841.7553556664
51199,2022,6,1,51735,402101.9116665654,410596.433152927
13221,2021,5,2,"13317,13265",222104.0789774729,122122.85214942781
54059,2020,7,1,21159,67014.04976782521,76224.14711031261
17101,2024,3,1,17033,105200.03674621489,124806.80770312628
13279,2020,8,1,13283,112532.03816573434,111079.93027160731
39093,2022,8,1,39005,217354.36714310452,194976.8242350501
29035,2021,8,1,29179,158806.49386330173,144466.74510788708
26071,2025,7,1,55041,129325.78435293306,193418.21474724813
41059,2021,6,4,"41063,41023,53005,41049",249881.5167116631,295131.11165654846
37039,2023,1,1,13291,246022.80380688625,339380.33697748935
48181,2022,11,1,40095,296160.5942705132,194154.9136121058
28131,2023,4,2,"28111,28035",179265.53961076064,164709.35978426447
16001,2022,8,1,16045,554136.9553481509,489685.4744491504
51199,2025,7,1,51830,454184.3269831864,402084.25805827696
22005,2021,7,3,"22047,22093,22007",243414.96757661528,168326.36931620035
12097,2024,10,1,12055,385519.86639431166,239520.79027084648
17131,2022,8,2,"19115,17071",160798.98731931462,132560.83997283017
18089,2024,5,1,18111,239632.66899141137,205554.1298329516
48157,2020,6,1,48481,273737.2881497059,210760.83014636
35033,2024,7,1,35055,,466376.4194787997
06051,2024,6,2,"06039,06109",737129.7226464512,405867.2068804042
42067,2022,6,2,"42087,42043",214774.01855291807,190986.081168657
38091,2025,7,1,38063,,145463.90791595986
49011,2022,7,1,49029,554145.040273949,724628.6404995857
17157,2024,4,2,"29157,17145",140319.3367741239,157260.4472542507
31089,2025,6,1,31183,172196.55696617204,247061.73498579263
17059,2023,4,1,17069,78385.50188221679,106459.72590117287
13271,2021,5,2,"13161,13309",98320.13014131632,113279.1904567639
06015,2024,12,1,41033,371951.50297658914,392509.7007450149
48083,2020,6,1,48095,130529.5843245682,171098.17811179173
53057,2024,8,4,"53007,53061,53055,53029",562850.0566996136,697469.0537899426
42095,2025,5,1,42089,356650.35368002765,308104.9415723442
53015,2022,1,1,53059,382969.40649654256,495702.0196037808
13209,2022,6,1,13309,171793.68842218255,125602.43134393673
30061,2021,6,2,"30089,16079",287557.754142504,275728.36769881553
55071,2025,6,2,"26105,26101",243420.78395679969,241921.52202645075
46123,2022,4,1,31103,195972.67369420108,250797.8481664701
36051,2025,6,1,36037,230896.42458049033,208313.13247966557
39127,2021,8,1,39115,167630.57614569526,133064.91122116416
54099,2020,2,1,21159,102510.14105835772,73040.12339546054
54085,2025,7,1,54073,119084.80439629692,162321.4576383982
18149,2025,8,1,18131,208669.30134341563,176151.29002954942
16025,2023,8,2,"16063,16047",362652.4445839265,313603.1530903232
18017,2025,8,2,"18131,18103",167742.3873506774,161999.23337370303
06093,2021,2,4,"06049,06023,06015,41033",249558.4954162409,304891.086750644
54095,2024,9,1,54073,118421.64626811264,160406.0349050078
06095,2021,12,2,"06013,06055",577628.1496055843,842757.629649512
29113,2020,6,1,17013,206638.71297801263,158166.92658149605
05147,2024,2,1,05123,93686.97512668486,86428.34436562796
06073,2021,12,1,06025,791879.4971916004,297865.46756688313
19083,2023,7,1,19079,132258.1125301109,143258.9349899698
28045,2024,1,1,28131,232198.12935229647,185448.39396207596
56043,2021,5,2,"56017,56029",183636.72274864532,244383.24227479807
40121,2023,10,1,40005,136236.24467765706,190330.75305954597
06019,2023,4,2,"06069,06053",378701.9002256712,785402.8973043989
53075,2022,6,4,"16009,53001,53021,53023",313035.2523180552,308651.57805422624
55027,2023,10,1,55047,267058.17186119413,249837.916372693
16011,2020,5,1,16029,234387.60923407928,208919.9985691191
13265,2024,7,4,"13317,13133,13141,13301",151702.72136579457,275018.9967156517
37107,2020,11,1,37079,92684.46226682112,136838.798099744
13153,2025,5,4,"13023,13193,13235,13093",246557.48786752624,144775.76202250007
22051,2022,8,1,22057,301235.5678090279,214584.36120284116
20187,2025,6,1,08099,147383.70541357592,176604.64418036575
12001,2025,9,3,"12075,12041,12007",304939.1743475697,274402.1687199475
29021,2024,7,1,29003,168406.95016571428,258048.01713273244
06065,2022,3,2,"04012,06025",575261.4629922565,271071.3449451839
51059,2020,6,2,"51600,51610",596093.0181460024,707934.5213404746
28153,2024,5,1,28111,132339.31119176853,153886.98923765167
20005,2020,4,1,20043,105695.32178438587,99812.70255938813
12069,2025,5,1,12105,373577.97519003024,306460.01975187
27057,2023,7,1,27159,285949.65832481586,200094.65816020165
47103,2022,7,1,47051,234125.41947838428,290502.08909549634
40031,2022,8,1,40075,135458.71020332156,79079.63088026938
17003,2021,4,1,17181,89515.70569766243,133235.27083950394
19051,2022,9,2,"29197,19101",190894.3949369527,165096.09017552782
51155,2024,6,1,51063,211622.53507557607,253139.1994864128
13289,2024,8,1,13175,119500.89556119834,185320.08513700683
31143,2020,7,2,"31141,31023",138189.04501985526,164811.83986854163
40117,2024,9,2,"40119,40103",163661.09410175093,184316.5130908243
20059,2024,6,1,20107,226658.4809581966,151447.89762949865
05005,2024,3,2,"05065,05137",217258.46109260127,177656.31854401645
49035,2020,5,1,49029,390623.08029812784,485301.4063279168
42081,2023,6,1,42093,207148.3762221524,253262.33963263105
48485,2021,11,2,"40033,48023",140505.88362625238,109862.56724023077
06071,2022,8,1,04012,536697.4343733365,256234.04150904997
31111,2025,6,1,31047,205367.1946044633,198380.8172352775
17199,2021,5,2,"17181,17165",127927.10149114313,108522.45024839303
39081,2023,1,1,54009,107273.71654727757,118841.49131252411
28025,2024,7,1,28017,150739.9677896837,134288.80663903223
48201,2023,4,1,48071,286365.19040457346,334269.7439102858
13287,2020,4,1,13017,104659.70870635012,79955.43438821142
08059,2024,5,2,"08019,08047",645231.5630060048,557467.8053887839
32007,2024,9,2,"16083,32015",355564.2124364502,305369.9433599281
21071,2021,7,1,21115,109192.07070322316,118942.52791337104
01091,2023,6,2,"01131,01023",164982.41866662004,146445.06789043784
48451,2024,8,1,48431,226488.2607228556,220945.1196891664
06107,2024,11,1,06031,352633.8423947477,352183.01449404936
47161,2022,3,2,"47083,47005",227981.18622130493,177870.18364296353
05147,2021,1,1,05123,80769.81445107305,88159.28554277807
05133,2025,1,1,05113,163185.67045656682,183667.68744968617
16015,2023,8,1,16045,459595.69475032104,445847.569909475
12043,2020,6,1,12055,150596.01051655094,145142.76895496424
37053,2024,6,1,37177,529662.0854290867,170412.1418184896
18019,2025,6,2,"21223,18143",258079.7879821848,216265.2405702346
40109,2024,9,2,"40017,40083",222335.5545378093,284724.1156920835
48499,2025,8,1,48379,268513.6494971017,284064.1695927323
36095,2023,8,1,36093,205888.46820689793,263030.4063302837
48225,2020,7,1,48313,196838.42648956535,179767.64560461356
47167,2021,4,1,05035,201786.35594577444,141855.32097176058
47157,2024,6,1,05035,224127.76469307696,159355.85836517316
20007,2025,4,1,40003,87806.19004793814,110707.70356190972
06089,2023,3,1,06049,364099.33690580726,175757.0006023353
18179,2023,2,1,18009,201833.7548076656,112988.6393431192
21069,2021,8,1,21201,119392.38671844726,142300.41729347935
47171,2020,4,2,"37199,37121",153217.89190063972,176494.0744047666
28089,2025,7,1,28051,330946.7793529432,78985.99480001254
48293,2022,10,1,48217,167195.70754978122,227631.40285798456
29161,2022,3,1,29073,190832.0124711838,198534.47724727573
48035,2022,8,2,"48217,48425",255460.247137618,311963.9374362038
19197,2024,6,1,19069,125992.64900758944,141861.9179876591
06053,2021,12,2,"06069,06079",772377.3944907128,783588.3612447937
17121,2021,3,1,17027,91982.37500929768,162552.79553691097
37011,2021,3,1,37121,277946.4322517196,174625.39818879112
54059,2025,7,2,"21159,21195",80912.66956409799,121279.58212633747
13289,2021,7,2,"13023,13021",105041.25899591565,130564.50109647257
31151,2025,9,3,"31059,31185,31169",211876.95034351223,180165.82654032495
06099,2024,1,2,"06109,06009",457116.2919772877,423964.2366106205
13137,2020,10,1,13281,196665.83989103953,260358.33227494903
37013,2025,4,1,37187,230666.71289832087,110107.35637286234
21205,2020,6,1,21063,117345.33187169013,96751.17334961594
48403,2022,3,1,48241,217395.94524339703,213497.1962475088
13161,2022,1,2,"13309,13005",126040.00347943844,126217.68369001549
27037,2021,5,1,27163,346146.48708538647,380422.82797190855
20029,2024,7,1,20123,103816.04605772164,130292.472637445
28093,2020,1,1,28009,157265.07793680832,132961.0374684808
01093,2021,12,1,28057,142087.14769318944,153956.2107693114
12071,2025,5,1,12015,364400.4440372077,328042.96124368935
21003,2022,7,1,47111,195157.75790822983,235933.29242019003
51195,2025,5,3,"21133,21195,21095",129337.5238561268,97674.27087164369
23001,2020,8,1,23023,197085.58716057564,263612.9234492629
19147,2023,5,2,"19021,19059",141159.32650845323,258548.95388187247
29095,2020,7,1,29177,164895.44319101085,164100.74466946066
32019,2021,12,3,"32029,32510,32001",395402.394061194,421422.50256128196
54081,2023,9,2,"54089,54109",143738.2386519029,102252.60683832775
16057,2020,2,3,"16009,16079,16035",303302.6843384982,183594.2742537466
27137,2024,8,2,"27075,27071",225185.93628902177,201885.04304760098
21175,2023,7,1,21063,144327.787956855,152143.11873238464
27121,2023,4,2,"27041,27151",289783.33253447106,231629.94064960562
19047,2020,6,4,"19085,19165,19133,19009",108689.1071376155,128542.3295922935
32031,2025,8,2,"41037,32013",561821.2135566684,268416.28106077807
27141,2021,4,1,27009,313300.7315542965,224414.84995885665
12131,2022,3,1,01039,692885.5374833079,150557.2658357259
36091,2023,7,1,36093,401555.26202928735,261461.65530318895
01077,2022,11,1,28141,207035.8617474268,174497.40546427065
49003,2020,8,1,49005,303015.5334686389,306390.89032918226
47023,2020,4,1,47069,133970.0889636002,102888.25196671949
51041,2024,7,2,"51670,51570",398533.6637100927,243880.75862318286
19147,2021,12,3,"19041,19021,19059",132596.4575980518,203568.876533772
21009,2020,1,1,21169,136701.92663892594,91649.2854986548
21047,2025,8,3,"21221,21033,21177",205487.30070418227,157430.7881011745
41023,2023,11,1,41069,265214.99686055584,297970.55031350633
12115,2021,7,1,12027,353650.8766013016,199783.734956827
35027,2025,9,1,35057,340839.8014914557,212316.52437585755
05111,2021,11,1,05037,122096.70401641556,129854.14290269028
27077,2021,7,1,27135,188721.64583687283,186294.251896175
27165,2023,8,2,"27063,27013",143294.5390838754,229282.6810360757
49019,2022,10,1,49047,606277.6642763984,290224.245111866
30041,2023,8,1,30015,208844.40676527444,249578.7394396132
35041,2020,6,1,48017,137853.3996770657,113558.63193382938
39025,2024,6,1,21023,308107.8679323075,185860.55067388652
36013,2023,7,1,42049,149238.45863039736,183084.5335859377
26101,2020,4,1,26019,159690.28811825564,238285.1656790461
48399,2020,3,1,48095,118559.97396613711,165509.28553460797
29127,2024,6,1,29173,172577.3432524923,231952.90166083255
23003,2020,4,1,23029,100622.69849170971,118564.63420386058
21185,2025,7,2,"21223,21103",437660.4987130138,243200.8517942946
24025,2025,4,1,24029,412420.1550098699,375663.7472258546
32017,2025,6,1,32033,224775.33700989743,185858.9602076884
30081,2021,7,2,"16049,30023",487270.71525023767,235474.3766780022
08077,2024,8,1,08029,410401.8671974772,391834.68923693505
28091,2025,6,2,"28065,28147",133854.8002765069,126427.756404507
05001,2023,6,1,05107,122745.95337783876,56631.17188768281
17125,2020,7,3,"17017,17129,17169",78928.73900802233,114446.72162383313
12071,2022,4,1,12043,379897.7827669143,224373.7860317136
22103,2023,4,1,22087,284261.26247190224,229905.99793465596
22065,2022,5,1,22083,,177017.93674592543
47115,2022,7,1,47051,230952.69126478815,290502.08909549634
16019,2020,6,2,"16065,16029",266026.7471020883,234089.55920327938
17157,2024,8,2,"29157,17145",135051.61165337046,157894.11202835798
27001,2023,9,1,27095,244597.86360303653,283250.60955099104
08055,2023,9,3,"08109,08003,08023",276958.83843361563,240901.6884175587
22029,2021,5,2,"22125,22077",123784.16442148504,229918.17641866434
31169,2020,8,2,"31151,31095",100995.82728034168,113450.35955305277
51650,2020,2,2,"51131,51735",179674.80756323412,252683.48766274197
48227,2024,4,1,48431,159468.1106366848,217633.0354774196
53015,2022,5,1,53059,409313.9702406966,542614.4382986334
48251,2022,4,2,"48217,48425",340973.4360373015,298734.0146688952
18141,2024,5,1,18149,207092.95779886644,197045.35476683007
46123,2022,8,1,31103,206684.43229003556,260660.94512695272
12015,2023,4,2,"12027,12055",376871.64891148807,242729.05970162328
01077,2024,4,1,47071,218551.5858279796,190733.102135567
18037,2025,7,2,"18025,18123",247421.28114940255,173185.47199043242
31173,2020,7,3,"19133,31039,31021",116314.37202142629,125883.05651673692
47003,2022,10,1,47127,305591.75924634404,304106.6197533083
51185,2021,3,1,51021,108162.75310156886,149763.4437536434
55007,2020,6,1,27075,190440.36877885295,174071.57238944524
35061,2025,8,1,35057,306478.00785293157,210456.5284312598
22119,2021,4,1,22027,151963.37445211285,196783.438898804
06029,2021,10,1,06079,299036.2807217774,751989.0073506254
48287,2022,3,1,48477,356451.62924890127,357593.82784432365
01005,2023,6,1,13259,159744.82243488886,87817.2436092344
27011,2025,7,1,27155,174959.60516750804,132735.3086540122
20137,2025,7,3,"20147,31065,31083",120643.82127862494,136098.9603902907
21053,2020,1,1,21207,100552.08894880768,90462.78148809468
17077,2024,9,3,"17199,29157,17145",104367.31406951867,152865.77873545975
35023,2023,7,1,35029,,148164.12488565847
12011,2022,6,1,12051,402670.05732868233,250273.93435109887
21057,2020,3,1,21207,108319.41620134842,91202.99273165692
17033,2022,7,1,17079,127569.89867401736,136125.03589009566
08113,2022,7,1,08111,1587749.5071295183,492131.7072014402
17109,2020,4,1,17169,82026.03147067547,111499.36086931427
48111,2023,8,1,35059,140325.8845717041,120455.54715906024
48173,2024,4,1,48431,307907.4608769385,217633.0354774196
46021,2023,8,1,38029,212309.58533310777,122600.5819345911
13017,2025,7,2,"13315,13271",127730.10927485976,118055.56131722342
46109,2023,8,2,"38081,27011",225924.18281314676,172520.2150278017
19041,2023,10,5,"19021,19143,19141,19059,19035",172419.27791294715,195432.9670392801
21175,2020,4,1,21063,92316.2402341912,96072.66456312896
21127,2023,3,1,21063,147726.0394026876,148449.96337128596
29015,2024,4,1,29083,171307.06510338196,201442.45904920975
20077,2024,5,2,"40053,40003",85990.16143555474,116342.50378599647
08055,2020,8,2,"08109,08003",183979.79825422695,187779.00851305271
06065,2022,7,2,"04012,06025",610845.1184617298,283648.72462440113
51059,2020,10,2,"51600,51610",612194.4161399044,730518.023040616
29023,2024,3,1,29181,150811.14737673677,140389.93002691158
45027,2020,2,1,45089,158054.92427114036,99771.59000457788
48407,2022,9,3,"48373,48291,48471",256985.53743671303,238953.43027451704
53057,2021,11,2,"53007,53029",513635.52759847866,545490.1286370367
48179,2021,7,1,48483,95714.87575373676,123411.62559769487
47017,2021,7,1,47183,144654.43047939416,132551.6791452221
40127,2023,3,1,40005,143816.072167077,180190.67743704945
22097,2020,1,1,22077,156201.27895787734,171208.7041677308
40031,2022,12,1,40075,136775.71521692935,76450.20743595972
13189,2023,1,3,"13317,13163,13301",184272.49209051183,131034.370107059
29219,2021,7,1,29073,267171.0008334021,176832.71962217553
06029,2023,3,1,06079,329190.74977336527,823297.0604429003
40071,2023,5,2,"40053,40103",109928.55895273674,129170.9990197031
48255,2024,12,1,48493,204685.50545399057,396680.9018913267
13035,2021,5,1,13171,207461.14883313727,198772.9287322125
29071,2021,7,1,29073,212610.33313185663,176832.71962217553
16025,2025,5,1,16047,379999.1842319592,349506.808812962
55029,2021,6,1,26089,303145.52054712665,480824.64129633433
21153,2021,6,1,21115,89195.80524454064,117941.0831123675
39159,2024,6,1,39021,391100.7770776219,225687.5212611448
26113,2023,7,2,"26143,26079",208483.96602128833,187760.88320507243
29113,2022,3,1,17013,259421.676813007,177847.00055363108
12001,2024,5,1,12041,314794.98474220815,292297.7639320083
39035,2025,4,6,"39103,39055,39085,39153,39093,39133",206052.29159470944,274526.49532524473
40099,2024,9,1,40069,178411.2248603846,142055.75058598348
20191,2024,5,1,40053,138713.5154126311,114844.91706989118
05147,2021,5,1,05123,84551.89828227216,87779.85544185212
05133,2025,5,1,05113,161506.17233298885,182783.04021191373
31101,2024,9,1,31117,216091.52030077064,350745.1674240968
17025,2025,7,1,17159,100569.62031482748,119417.76163154184
17119,2021,8,2,"17027,17083",149836.67218626323,165046.7816922629
46089,2023,8,1,46045,,214251.4059258149
41051,2023,10,5,"41005,41027,41067,53059,41009",507552.9513173413,568000.7552685783
47113,2020,3,1,47069,153080.09913224634,101971.65935169696
06097,2020,8,3,"06033,06095,06045",667749.0295409337,417702.9364123961
17185,2023,4,1,17159,129811.62215134292,123087.8370219766
35025,2023,6,2,"35041,35005",200575.95266945404,159769.69303650648
51810,2021,8,1,51131,346272.8649001489,232582.9589997333
48491,2021,3,1,48287,360055.71255046345,294590.28586213087
37019,2025,5,1,37141,403743.6079758689,439656.4734618741
22111,2021,5,1,22027,142176.35463821664,186173.89927582024
18179,2023,6,1,18009,208376.51642547743,115197.8737294044
12023,2024,4,1,12041,266482.2635456976,290603.9408721484
49007,2022,6,2,"49047,49039",233975.5739036993,318276.677109572
27105,2021,4,5,"27063,19143,27033,27101,27133",172927.60317121132,150385.70325225857
21127,2020,2,2,"21159,21063",102872.9402435514,83559.75267672786
01013,2022,1,1,01039,125910.27819010352,151113.88010559275
12083,2025,8,1,12075,276621.9145735209,289150.6086378352
38099,2023,5,2,"38063,38019",154781.60452679975,158626.0179926551
53043,2020,5,2,"53019,53047",204538.13551513504,225623.0956309247
39149,2024,7,1,39021,208213.82857621065,226286.3715247824
17121,2021,7,1,17027,98781.94185308514,168019.43323569748
13085,2024,8,1,13117,454409.1823616858,637075.1461135232
29033,2025,6,1,29025,163703.29465199407,226699.65557252397
19133,2024,7,2,"19093,31173",155419.46265876517,139988.50349936163
30085,2023,5,1,30091,134619.7591092811,172806.65424125956
12081,2022,6,1,12027,469535.64044910745,262568.9344192368
48147,2024,3,1,40013,279413.1941655586,222342.3112735468
48403,2022,7,1,48241,224592.2139914747,220863.5450192214
05005,2021,6,1,05065,179350.03032915908,140923.2197432732
51075,2020,1,1,51065,404586.6693626397,244035.03217716256
27037,2021,9,1,27163,357925.34009506024,394311.60547375213
42121,2023,3,1,42039,121498.20771123156,152159.66947800104
51013,2020,6,1,51610,714311.6079900684,840485.9592836801
48089,2020,6,2,"48285,48481",228133.05285843465,218494.3542696332
20065,2025,7,2,"20147,20163",111848.6874247562,117422.74794974356
01133,2022,2,1,01043,181568.00853944736,227824.40686154805
31011,2023,6,1,31003,241309.94578232177,194293.84854953107
48149,2024,1,2,"48477,48089",441878.0788796638,322626.6810169503
01061,2022,6,1,01039,162246.12778895022,153013.68531595383
39143,2024,5,2,"39173,39123",167623.81145143943,244030.55747447506
35051,2020,6,2,"35017,35003",126696.8481327322,173095.78681668825
04013,2022,3,2,"04012,04027",475144.3836610264,242527.0596577073
35017,2021,7,1,04011,188870.23368159405,217329.8226209325
55115,2023,6,4,"55097,55083,55078,55135",209980.43019720353,250669.98804984687
27053,2021,9,1,27019,356116.61418523657,439399.8714043445
06019,2020,5,3,"06069,06031,06051",283679.9369573768,461429.05113482755
23001,2020,12,1,23023,213593.4735972013,284983.4545723985
28109,2024,1,1,28131,180923.57718117707,185448.39396207596
08059,2021,8,2,"08019,08047",586325.9560756055,504789.44115879113
29189,2022,5,1,17133,250690.85995387155,270076.2172823842
35029,2020,9,1,35017,131940.97500588655,165243.96002779962
47107,2021,8,1,47105,198128.87901906815,335250.88556971395
31055,2020,7,4,"31155,31177,31153,19155",205318.50946543427,229316.70981498566
47011,2023,8,2,"13213,13313",292122.73971725145,225719.79255082173
38021,2023,4,1,38081,161501.95622828952,181929.0330683603
19039,2022,11,1,19185,169739.3789842196,125858.3069402938
06105,2021,10,1,06045,319004.8801296891,600796.3376222377
48373,2025,6,2,"48407,48455",183261.57470223992,213329.03620804468
30019,2023,7,1,30091,178611.5855751929,177613.93107078515
17057,2020,4,1,17169,82395.75326085628,111499.36086931427
54107,2024,6,1,54073,165083.13716785942,156168.3416850172
51800,2022,7,1,51740,341436.40560443647,230090.00865642456
31141,2025,5,4,"31167,31125,31143,31121",267445.4427521661,208463.69649610025
46121,2022,6,1,31103,,259932.56888468505
23005,2023,8,1,23023,524735.0126848085,396341.01207559096
30049,2020,6,2,"30077,30043",280860.65923095046,233931.45739334606
20043,2022,6,1,31147,123781.2084317109,111921.2247189607
13105,2022,11,4,"13221,13195,13317,13147",148815.04794648665,246690.306989845
27091,2022,9,1,27063,183662.664618484,186109.4082313988
13103,2021,1,1,13031,223717.81647531365,176483.38818120523
28155,2023,12,1,28019,166401.41337102442,156142.52164584576
29125,2021,12,1,29073,184174.01126903796,185987.62866930047
13289,2023,4,5,"13175,13169,13153,13319,13021",113282.8930421866,182439.93451213927
39089,2021,4,1,39083,244149.8505485079,201101.3969694595
38085,2023,8,1,38029,,122600.5819345911
48399,2020,7,1,48095,124150.92853288072,173513.31413621816
28047,2021,9,1,28045,191198.570778955,208926.29138853005
13043,2024,3,1,13279,187142.73021216827,155776.135021599
23003,2020,8,1,23029,103694.17503076373,124047.39536128665
24025,2025,8,1,24029,414677.65129849734,374273.71741670714
17139,2023,2,1,17147,137652.29344606955,190737.50806384973
39123,2021,9,1,39143,224376.15246588096,140040.0754522567
48319,2022,5,1,48267,339416.9052603472,355324.15125455667
20135,2024,7,1,20083,92743.16187440848,148650.51564605997
41017,2023,5,2,"41037,41039",650926.118597621,312988.6745578809
12071,2022,8,2,"12043,12051",413454.9498626832,251343.33849454887
53013,2022,6,2,"53021,53023",260594.95654547072,298005.5200298051
51179,2025,6,1,51630,536411.9373389799,462485.2840295431
06045,2023,3,1,06097,547959.5537437066,784966.8516030158
40153,2023,9,2,"40043,40093",132780.17270593124,140261.29283080934
56031,2022,4,1,56009,239867.52998275807,263745.9776527074
27119,2021,8,1,27029,196293.5339162709,176720.01429160117
32005,2023,9,1,32019,664660.2575927208,389483.1956069356
48047,2022,4,1,48247,103193.4506198916,107983.66053354472
51051,2025,6,1,21195,105394.3703969131,115248.64353018109
17049,2020,1,1,17079,155216.58275928374,108127.18335877312
27171,2021,4,1,27019,323467.054979101,411024.07816324855
06071,2023,2,1,04012,521737.84181235713,246896.72463745263
40123,2022,6,1,40133,173154.59974082248,107564.33840956078
42081,2025,6,1,42093,221990.25536912004,266144.43370918016
48251,2022,8,2,"48217,48425",359097.1367578153,311963.9374362038
51153,2022,12,1,51683,528491.2572826229,437688.6706267383
28127,2024,9,1,28077,145208.70575193793,126042.68776643286
29071,2023,3,1,29221,234787.87284297985,166495.15411065618
35015,2024,9,1,48109,240927.78498962175,136065.2484303973
34019,2025,5,1,34021,616267.123209198,440038.2029883475
51185,2021,7,1,51021,111845.59804505476,157253.06833322678
47077,2023,9,2,"47023,47039",179200.80031458728,168359.88935898175
19033,2024,7,1,19069,185092.50484940695,141709.94266474663
48325,2022,4,1,48013,335965.94732853404,261332.0820612179
26153,2023,7,2,"26097,26029",177704.4001772073,274171.12237193406
13085,2021,5,1,13227,339840.8713033462,292497.40753096103
39157,2023,4,2,"39075,39151",173332.0567328157,243609.06310025533
13095,2022,4,1,13037,112645.27818753924,110757.14208648849
18017,2024,7,1,18181,159929.45364781076,202718.08712764943
01117,2023,6,1,01007,348145.54541562946,221918.279897282
13015,2021,3,1,13227,234915.16757520332,280018.25696915045
08015,2022,8,3,"08051,08093,08065",673863.0992991334,575687.6593005446
13105,2024,4,2,"13317,13195",164119.4518466269,228191.6955274331
29195,2022,6,2,"29033,29041",144677.07336727463,174784.87545197515
37129,2025,8,1,37141,445508.1711723232,437025.26868330705
53009,2021,1,1,53055,365441.90410375193,685938.9145851018
13157,2020,6,1,13059,255045.5553618553,201895.97266192897
55079,2024,7,1,55101,265427.7172613498,281124.1320479093
12105,2023,5,2,"12081,12055",312263.59681392694,346686.7843456486
20071,2025,6,2,"08099,08061",164012.01967881015,187812.13050035867
28091,2024,2,1,28077,130811.81844733784,126416.42455192066
44003,2020,12,1,44001,287538.18586505466,434351.64963583
48295,2023,8,1,48211,159634.63929458393,168094.91863781048
47005,2024,6,1,47135,179632.07724591027,178283.75132835016
31051,2025,4,2,"31179,31173",178891.74434132068,189807.6528870011
46051,2021,8,1,27073,205964.88353696073,157968.5726419495
13273,2025,6,1,13307,111196.21931513851,168169.70355960724
51035,2024,7,1,51063,195126.32372040628,252499.1648752579
47153,2023,6,1,47061,262012.60049001352,184207.1653146762
51173,2022,5,1,51167,131154.4609867523,128644.3683793703
48029,2022,5,1,48013,274091.1589307817,263852.83569154586
01085,2023,6,2,"01131,01013",145526.06146190286,133172.72649816718
13069,2022,5,1,13005,176545.4840777452,128635.59599528978
29137,2020,4,1,29205,137133.98552677812,104199.12067559177
47061,2022,4,1,47051,185561.0511746364,281913.71992624854
48069,2020,5,1,48369,152784.52245308235,123912.54526545104
49013,2024,6,1,49009,338296.8238730213,314208.51988054457
08055,2025,6,1,08023,278706.58097902,199941.63785160455
40079,2025,4,1,05113,165518.17955306722,183713.1329420116
29027,2022,4,2,"29151,29051",234815.69142931604,219023.77815476235
06065,2022,11,2,"04012,06025",594739.4025587786,281016.3467310682
13243,2021,5,2,"13037,13259",87333.4964199649,96571.28587533128
32007,2020,7,3,"16083,32011,32033",278066.085238728,191484.3616771336
31017,2023,8,1,31103,133286.98522997065,252304.63229506745
45027,2020,6,1,45089,161493.46772622454,103044.57162153863
48029,2025,6,1,48493,259789.3504758499,396644.09423876787
13157,2025,5,1,13219,403884.4258318628,547766.86235957
39063,2023,2,2,"39173,39175",204170.715566998,185545.40176770434
21083,2020,11,1,21039,110837.07819347623,85277.94993244253
01093,2022,6,1,28057,154174.4084184838,153543.2480317696
26089,2023,6,2,"26029,55029",593122.2597453181,370600.34115620237
17035,2021,7,1,17079,142388.69515523082,131594.50170482884
08035,2020,6,1,08119,541557.7972992108,345599.123043315
37027,2024,4,1,37011,229456.17528219827,392376.471446039
12015,2020,7,2,"12027,12055",230772.90644484837,154550.62837480518
38071,2024,6,2,"38099,38095",201086.7971296429,150715.7560324011
51191,2020,7,1,51520,158742.527639055,107920.09571398392
20183,2022,9,2,"31061,20089",92189.69443270628,111415.47020640862
05005,2024,11,2,"05065,05137",222325.4584669844,184173.38423021202
19053,2025,5,2,"19185,19117",148844.47795591792,151226.46391472858
31117,2025,8,1,31171,370197.9813428226,191878.21920956788
29001,2020,5,2,"29103,29211",138225.05576053014,109993.02091670738
38039,2025,7,1,38063,146585.0459658452,145463.90791595986
47125,2022,5,1,47083,299180.7101092635,194540.81693233256
26143,2022,8,3,"26135,26039,26079",164498.43778858395,164522.19676090238
54019,2023,7,1,54089,125351.10773711298,133232.46325901835
35045,2020,6,1,35031,193024.03441925335,179971.4375726562
33009,2021,8,1,50009,301021.1804709626,198338.16951196827
17137,2025,5,1,17009,122733.4191498378,142460.7722536806
23019,2020,7,1,23029,165354.99236907045,122453.96069829824
13297,2025,2,1,13219,382321.3351902282,549002.2392785583
20055,2024,8,1,20083,230065.5215608053,149071.16132588088
26103,2020,9,1,26083,154251.86382493397,133764.03275407292
37115,2021,3,3,"47171,37199,37087",300124.96935456403,223072.63675619793
13285,2022,8,1,13149,200342.02193888932,239670.0382215694
05147,2021,9,1,05123,87788.41186835512,87488.6168159588
40093,2021,5,1,40003,130049.53166923858,113654.68661274148
22033,2023,4,3,"22037,22091,22121",227957.34484114297,213924.59380910927
13237,2022,6,2,"13133,13159",384260.7530089238,434256.182650032
38073,2023,4,2,"38081,38003",188112.44481242323,178019.17575011234
12057,2025,8,2,"12049,12105",380146.989689782,267830.71579106105
47113,2020,7,1,47069,157418.22180659804,103089.80265201232
06033,2023,3,2,"06097,06055",329480.3904437229,836777.095028043
37073,2025,6,1,37143,228049.38135218053,263795.5318631656
36071,2022,5,1,36087,376729.2864648373,598118.4634159204
35025,2023,10,2,"35041,35005",190902.642353926,155474.64208353666
46109,2025,5,1,27155,213986.7375336158,132972.31425792785
48491,2021,7,1,48287,437209.10882442753,316112.2199838254
13249,2023,4,4,"13269,13193,13261,13197",171246.20662498646,129607.86937973995
08045,2021,6,1,08107,502568.8520542651,780123.238983868
22111,2021,9,1,22027,140704.351330671,161504.79226588082
29111,2020,5,2,"29103,29205",135442.9343322699,111019.1485776174
05009,2021,5,1,05101,160410.04937534416,173287.53097240604
21127,2020,6,2,"21159,21063",108445.2963849096,86052.1013938193
08037,2024,8,1,08065,1278467.8645594784,494398.0875709651
31031,2025,6,1,31171,237731.5978035451,195924.49798647183
21043,2020,4,1,21063,94224.0634579588,96072.66456312896
28157,2021,3,1,28005,124324.05607787528,152738.23186381476
36029,2025,5,2,"36063,36037",277584.1750012777,219195.64367765113
48389,2020,3,1,48243,226814.89146475113,206212.25187449995
56039,2021,8,2,"56029,16081",1552715.1371030854,522057.7476511716
13037,2024,6,1,13061,111766.74758653024,170153.0668369046
27139,2021,6,1,27019,386483.0973283776,424521.788311918
48059,2024,4,1,48133,191324.5178305921,156747.85787669828
29083,2022,5,1,29185,198856.29333750563,187990.29837204015
06093,2023,8,4,"06049,41029,41033,06105",295004.31991240295,321435.4450127974
41059,2025,5,7,"53005,41063,41049,53071,53013,41061,41023",303949.41736511776,348794.77181122865
21191,2024,8,1,21023,223667.18354430093,187267.94082114735
17059,2024,2,1,17069,81391.05104621172,109941.59796536335
29017,2023,4,1,29123,189673.42096705816,149783.45369403157
42121,2023,7,1,42039,122542.9842939738,151413.79695950277
06107,2025,3,1,06031,357310.3107009901,356378.909285939
26055,2023,7,2,"26101,26079",373891.81863326114,216999.99181183107
19085,2025,8,1,19047,210881.67363558468,168709.43166397905
21005,2025,5,1,21239,254004.70159128637,353286.7186219602
48149,2024,5,2,"48477,48089",451267.2267990443,330670.2061855501
17125,2024,2,1,17017,80289.08856608781,95311.40260684864
34005,2022,5,1,34021,337956.0244818308,359441.2016861215
13241,2020,1,1,13281,224103.99070317767,243052.134797144
47027,2024,9,1,47137,196266.96247887783,224606.27316521545
51077,2020,4,1,47091,125710.48405278938,164359.19327711247
51153,2024,8,2,"51685,51683",571432.0385877393,462804.7915004741
31001,2021,3,1,31099,162194.85302168215,181676.96343416907
05059,2023,9,1,05039,163258.61389024663,123728.17227753326
53069,2025,2,4,"53049,53041,41009,41007",377985.6550899527,430364.491291552
16049,2022,5,1,16059,336457.72333304025,337543.4879280844
18181,2020,8,1,18131,146901.60600370355,109721.58620695028
20077,2021,6,1,40003,67557.47469509668,115196.2201723709
36059,2022,9,1,36005,709646.7272751182,500464.25937744504
31159,2025,9,3,"31059,31185,31143",294650.1071635581,200402.3848552894
17057,2020,8,1,17169,85596.27973838117,112092.08434010563
54107,2024,10,1,54073,166323.38609485704,161842.37626779798
31141,2025,9,4,"31167,31125,31143,31121",272286.8983947811,211437.56638516276
06065,2021,3,1,04012,465057.2002609388,193902.29939745492
21075,2025,1,2,"29133,29143",90681.29374685348,98993.8235854979
48157,2024,3,1,48481,389491.0542229391,238251.1636068445
13169,2025,4,2,"13237,13319",243014.9477395824,267787.2856971687
21183,2025,5,1,21149,151400.0957442905,178994.3950763015
48063,2021,5,1,48459,189858.54258858383,191301.9009340322
19193,2020,8,1,19133,147747.88943702096,111874.89060770327
39089,2021,8,1,39083,256848.39377655977,211637.40364794745
05119,2025,8,1,05053,201131.53380985267,198069.13076510816
29053,2021,6,1,29089,192769.86668111116,164863.3259998347
51115,2023,6,2,"51119,51199",307941.537158633,381976.4691131238
13043,2024,7,1,13279,205098.9727227718,162140.0491764728
30031,2023,7,1,56039,668121.4109560889,2047717.640094065
33015,2023,9,1,33013,559382.4953479915,426560.41502735607
48463,2025,7,2,"48163,48507",200959.87131567052,120719.42203030968
38015,2023,8,2,"38083,38029",326975.2053740807,142737.83782496973
31049,2025,5,1,08115,164923.05493950125,169608.8932748068
53039,2022,7,8,"53005,53077,41055,41027,41049,41021,41065,53059",476512.23124693,394275.5908699455
20195,2025,6,1,20163,136695.28043268115,115655.94212860956
17167,2020,6,2,"17017,17129",139031.84309968294,115922.91208935506
19081,2023,3,2,"19189,19195",156741.76422460776,149028.34810846063
27015,2022,9,2,"27103,27033",198516.11135752444,210331.71599901718
13263,2025,2,1,13053,192003.04957214152,142814.86069199408
26055,2020,6,3,"26089,26019,26009",247201.2863781158,282500.71990173165
13103,2024,6,2,"13029,45049",334263.9791596258,283525.5310771307
48005,2021,4,1,48455,168423.33647977503,163527.69738315293
37193,2024,12,2,"37005,37009",217864.41687027251,313161.36125657614
27007,2021,6,2,"27135,27029",198476.4869709676,178272.9705538576
19165,2025,7,1,19047,206640.8885866028,167028.36306446636
29027,2025,9,1,29151,254558.43757000184,251502.31079927832
01039,2023,4,2,"01013,01035",146379.61928151184,128267.65475887581
04011,2025,9,1,35003,182266.33651028725,210297.1432680334
51161,2023,9,1,51045,303627.3796444863,203269.79925827004
55011,2023,7,1,55035,212970.47352336103,288172.31226918794
48479,2022,9,2,"48247,48127",208962.88768299576,128222.8065326811
20039,2025,8,1,31065,104192.44304692364,134518.100019757
31075,2022,4,1,31091,,119769.20611895628
48171,2022,5,1,48267,544569.8010899342,355324.15125455667
06071,2023,6,1,04012,518432.0538227572,253703.2847863268
48129,2023,10,1,48011,125005.35435377264,218457.52116172807
05023,2024,10,1,05137,243387.69985734683,199446.21979651903
45075,2023,5,1,45009,153746.0801771616,125833.25113164628
29141,2023,2,1,29135,296009.21965650126,196262.4530379113
35043,2024,9,2,"35031,35006",367689.7421150447,178580.08245004923
24001,2024,8,2,"42057,42009",140556.6573067565,202754.50311019702
27007,2024,7,2,"27029,27071",245428.2878363624,172855.20019127132
42037,2025,6,1,42093,229858.50098331727,266144.43370918016
19193,2025,7,2,"19047,31173",198775.5997980484,157211.1486677211
39157,2023,8,2,"39075,39151",179375.63871385867,251476.68239708975
13095,2022,8,1,13037,119432.7261191536,110829.73275577876
29045,2020,6,1,29103,,117656.45445379544
48017,2025,6,1,35009,148802.39804053106,159893.17370051504
13015,2021,7,1,13227,251720.9059539532,304542.3790476876
29186,2022,5,1,17133,208090.02951187445,270076.2172823842
27011,2024,6,2,"27073,27149",167580.4658408658,185671.12097740962
28107,2021,3,1,28135,150724.60090105748,138655.21338474215
17023,2022,6,1,17079,132777.88793649105,137640.05552216616
47031,2024,7,1,47177,297635.6144516798,253108.86840535552
56043,2020,8,2,"56017,56029",169177.17327486133,220856.659924359
01071,2022,11,1,47051,183089.00824534803,287613.5199742157
06051,2025,2,1,06109,742431.6759739098,405059.5361032929
55115,2020,7,1,55078,152168.52467694323,187804.7213577115
55033,2024,8,1,55091,291247.1639942182,236532.3765152231
47049,2021,3,1,47137,165502.88235937824,175809.04142611916
13153,2024,8,2,"13193,13225",241432.92621316493,172116.38713852048
47163,2022,2,1,51520,209146.75515975908,140198.62389713907
48055,2022,5,2,"48177,48149",334088.4726196869,380016.98886944854
04025,2023,1,1,04012,491273.18616555515,248867.4644829245
22107,2025,8,2,"22041,22029",163222.68900089414,105091.91557907664
01101,2024,12,1,01041,163044.99111110324,135791.15302472873
41043,2023,4,3,"41039,41003,41053",381846.7308563064,474146.6484755724
13261,2022,5,1,13307,123162.62941697694,163023.29308052754
50007,2021,7,1,50015,417774.1676060917,439427.31660151907
48135,2024,5,1,48475,231697.21149426032,197298.0932857568
30001,2020,6,3,"30093,30023,16059",244470.45409744527,171015.70973357363
38103,2023,4,2,"38027,38083",190954.8685940215,158559.71034721337
21015,2025,2,1,21081,335612.3083920846,276069.6255127876
31143,2024,4,1,31121,192694.3487360651,199991.83492302184
39029,2023,7,2,"39099,39151",145466.61847492022,161564.88404435402
40141,2021,4,1,40033,51939.91300457487,87251.03988396109
01093,2022,10,4,"01075,01057,28057,01133",157526.7441891803,159483.77845106428
48255,2022,5,3,"48177,48013,48123",268389.0015436039,272219.9744249773
08083,2022,6,1,08111,395525.36663717986,486295.6169372045
37027,2024,8,1,37011,239538.88454413984,396383.13083166425
19161,2021,12,3,"19021,19093,19035",125646.03438430036,136655.16808876328
20025,2024,8,2,"20097,40059",90846.9413175702,122247.63529727704
48245,2025,7,1,48071,164556.03613532992,343661.3845008206
20131,2020,6,2,"31133,31147",154279.04966602288,102308.10759829651
48015,2023,4,1,48481,412857.5787879501,243591.5128235214
17137,2025,9,1,17009,124002.34606641805,143444.2613117981
12121,2025,8,2,"12067,12041",266658.1890981444,271399.775871062
12105,2020,8,2,"12049,12055",207825.40725083483,143219.33230148474
48317,2022,5,1,48115,293386.2997526417,118939.1148952651
47111,2025,5,1,47159,255563.26923416383,301218.91807547497
48167,2023,3,1,48071,326611.59889210697,334382.1733048549
13215,2024,9,1,13053,179571.72967814587,141845.17500500302
44003,2022,9,1,44005,361662.5058624596,650556.6619247104
37115,2021,7,3,"47171,37199,37087",323111.13506136445,242031.47855158578
40113,2021,4,1,40103,169869.2277540093,115670.24057429266
40125,2022,7,1,40133,164055.8320715116,108564.81773808756
49027,2020,5,2,"32017,32033",212561.4689204404,161291.41956000833
48241,2021,4,1,48199,183308.9532333778,208047.960074894
17159,2020,4,1,17079,105843.5879663122,112852.75560399954
22033,2023,8,3,"22037,22091,22121",230478.20171755535,212870.54155336125
39065,2025,6,2,"39101,39063",174110.1347581053,199878.79791609646
45057,2025,7,1,45023,396355.94410169095,213685.7335923609
41015,2024,12,2,"41019,41033",465948.2227118393,365497.56717309245
41045,2020,6,3,"16075,41025,16087",183346.18996510157,193865.9964046627
48073,2024,4,1,48225,239946.68475902357,222980.19104268836
46111,2024,7,1,46097,233731.5099041476,190413.84072959225
01009,2021,12,1,01043,209250.74725079047,222871.01002192017
12115,2022,5,1,12027,460391.0767758368,256373.52681959583
06053,2024,3,1,06079,846289.6043679739,874754.4250800827
51059,2021,2,1,51600,641389.5985893331,628135.7342685686
29055,2021,5,1,29073,170144.65619374052,170993.81285081894
30065,2022,7,1,30027,247996.20428450804,264977.4305964736
46109,2025,9,1,27155,205363.428191831,134413.0280542568
30111,2022,7,1,30103,360216.576756747,223906.47507673255
12083,2024,7,1,12017,285835.58427778445,285665.15723453456
27143,2021,9,1,27019,243227.31493434345,439399.8714043445
54085,2020,1,1,54105,83157.53643453021,87607.09398502321
47145,2021,6,1,47105,215625.15230488588,322834.6834149103
41013,2023,5,1,41069,454583.33409318933,288125.44246961334
20167,2024,6,1,20141,102668.92007315993,82289.92029154826
29075,2023,8,1,29003,119660.745401458,250167.49395200808
31071,2023,10,2,"31183,31089",188490.64598459203,204248.1136676252
53059,2020,9,2,"41027,53011",404250.5382487462,453506.58629975264
20103,2023,5,1,20209,304181.3577642686,181773.3680570825
48451,2022,3,1,48081,215690.4606204107,172778.81923094168
29107,2020,5,2,"29033,29177",145415.09018150566,134339.96790231782
41005,2022,11,4,"41071,41047,41027,41051",600594.1336033168,532706.5827877076
12115,2025,6,1,12015,418581.4474773963,322681.31479710614
06047,2023,4,2,"06069,06085",398490.69766951696,1106969.983478325
48025,2024,2,1,48391,177145.5313950393,145827.0299953764
55003,2023,8,1,55051,196725.0933063771,198629.15406562865
05035,2025,5,1,05077,155935.81944266174,110596.7660277362
05057,2025,1,1,05109,118632.74140239628,180870.2527308277
19161,2023,5,3,"19021,19093,19035",141633.19276912438,149484.2485438008
08085,2021,9,2,"08091,08029",367329.6401708827,488790.8940202046
21085,2024,7,1,21061,161834.94036882953,184626.79980292416
45015,2022,3,2,"45043,45089",332964.029931975,231691.62649279204
26003,2025,4,3,"26153,26095,26083",192031.08620143775,165676.24678160038
08023,2021,7,2,"08021,08003",197520.00404583593,214904.07420763135
18041,2022,3,1,18065,119208.5536651478,152380.02844023285
05017,2022,7,1,22067,112656.5861895782,112665.32694275254
19063,2024,6,1,27091,138035.52875915897,194703.4356435729
40151,2020,6,1,20033,95795.37641778162,70525.4477191561
17011,2023,5,1,17175,121071.19262513262,129875.1456830015
28051,2023,12,2,"28083,28015",68950.97171787627,141282.41416424338
51117,2021,7,1,37181,155766.42057985338,159128.17341075727
48231,2025,1,1,48379,284782.8951339091,289643.7608499377
47075,2025,5,1,47069,171571.347478427,151973.75050075763
39147,2021,5,2,"39077,39143",136103.62408407117,142682.98785866302
18157,2023,7,1,18181,260374.75005698105,191170.01439188953
48243,2024,7,2,"48377,48109",243298.3957056528,180968.2574816403
26103,2022,6,1,26083,202601.39846487463,159796.90442537176
32031,2023,5,4,"06049,32019,41037,32029",529360.5457677457,305132.8605402317
22107,2022,5,2,"28063,22025",309434.61721140455,148463.53064376186
17019,2023,5,1,17147,194322.34519260735,190900.8282499987
48099,2023,5,1,48193,228222.78196325435,249938.71249100528
13081,2024,6,2,"13261,13315",140035.18556327923,136918.21483570535
18181,2025,6,1,18131,211856.1266502746,177643.86945899486
18055,2021,3,1,18101,132110.45231608624,134674.70611611786
41055,2024,8,1,41065,259014.49483825723,386930.564079639
05041,2023,1,1,05107,106055.98030574308,55206.07740838381
17161,2023,7,1,19115,139213.9635038595,147603.180190058
20011,2025,7,1,20133,125749.79443312692,103231.7984475078
53077,2020,2,5,"53037,53033,53041,53053,53059",245569.81530752304,402387.30233257136
17033,2021,7,1,17079,124261.111176811,131594.50170482884
26053,2024,6,2,"55003,26071",116540.68241885644,156467.01349746843
13105,2021,10,1,13317,131850.34272348168,121932.47685088124
31179,2023,9,2,"31139,31173",209243.29700841417,181767.49190482526
05111,2025,8,1,05067,123116.68586595776,96185.74965787472
54061,2022,9,1,54049,243808.9802121143,149030.19002913113
46025,2021,5,2,"46005,46077",176633.49260891034,169220.14235031448
47137,2022,5,1,47027,210427.85873577432,183497.61828599192
18095,2021,4,1,18159,132030.37274292982,165824.22898380354
06065,2021,7,1,04012,507488.293309928,211437.04892306903
08119,2025,6,1,08043,487115.4214638678,338955.84976824006
31031,2022,9,2,"31091,31103",195433.6310350901,191279.61468378242
17115,2022,4,1,17039,97460.90353698548,115591.725053659
19097,2023,7,1,17015,204460.05546895313,121259.65299640376
47165,2024,9,1,21213,437857.2262139772,247255.34637342664
48469,2022,7,2,"48057,48239",210877.3685896943,229950.9960215052
53043,2022,6,1,53001,319760.376865338,284386.92851739837
32001,2023,9,1,32019,356174.24695402785,389483.1956069356
22039,2021,9,1,22003,112244.58394076186,122250.5021034924
18091,2024,7,1,18149,235126.13288569264,200213.6135815376
45007,2022,8,1,13147,251914.9680802419,296919.89404637873
51153,2023,4,1,51685,529278.7237196126,407796.4074246818
06031,2023,1,2,"06053,06079",327769.38503579545,817800.889230439
35047,2025,8,1,35057,234146.1897279764,210456.5284312598
22103,2022,7,1,28045,298158.81801045715,238683.1291414379
13099,2021,3,1,13037,107061.67877008238,100516.23802936346
26055,2020,10,2,"26089,26019",255999.2156686987,332861.9652936388
48201,2022,8,2,"48071,48291",293042.8334995483,292383.81106715725
18053,2023,6,2,"18009,18103",128210.9100514328,122997.23532174487
38051,2023,7,1,38029,,122314.41267315188
01073,2023,8,1,01007,218502.16385369343,220683.5234186035
16031,2022,9,2,"16053,16083",315381.82692785905,376860.85432041006
28077,2021,5,1,28147,130222.74459442128,145422.59625986466
17047,2025,8,2,"17159,17185",102993.74619242518,118926.75094436796
55007,2024,3,1,55003,265566.1268258355,193484.37140286053
30009,2021,5,1,56029,352578.5608335466,323175.83770769153
49019,2020,5,1,49007,400539.525638894,157416.32744235676
41025,2025,7,4,"41013,41037,32013,41023",206949.04317036833,319200.2830897603
05129,2024,11,1,05137,180459.6230392567,198434.39269723184
55067,2025,4,1,55041,191765.8678257387,189328.91590979823
28057,2023,8,1,28117,136943.3695647353,142933.48190975547
34025,2022,5,1,34021,623940.2240692256,359441.2016861215
06073,2024,7,1,06059,962945.3772431648,1147776.8110627804
08013,2023,5,1,08047,740814.0652445577,535161.9030468715
05141,2025,9,2,"05129,05137",165016.72424976405,182262.51139312855
23005,2025,9,2,"23023,23001",546965.2390193013,371033.5078979108
19065,2025,6,1,19055,142980.81052620892,222013.20202737383
05147,2022,3,2,"05037,05123",98636.79400775672,113137.6036344618
26091,2025,5,1,39095,224099.95227286968,165256.9684927213
16029,2021,9,2,"16041,16007",272218.0370418865,365753.4473108512
17059,2021,3,2,"17069,17165",95254.95255474786,98248.58826265624
21099,2020,1,1,21169,110162.64233931105,91649.2854986548
20151,2024,7,1,20097,121521.62457612736,157966.74318096464
06015,2022,11,2,"41015,41033",348414.9509722549,427616.110212576
48117,2020,5,1,48369,127187.47262786551,123912.54526545104
04013,2024,9,1,04027,478089.15273913014,276744.6528028397
26127,2025,5,1,26105,232431.44421531263,248457.1675546892
47075,2022,2,2,"47097,47033",150939.3990266862,141966.31105108283
29053,2023,3,1,29135,222672.00068057195,196514.3628938951
06057,2023,2,1,06091,617208.470813933,318814.45228754653
47163,2022,6,1,51520,221025.0395219539,148296.59953367975
47065,2024,9,3,"13047,47121,13295",351653.4259029575,271735.8186021935
18169,2025,5,1,18103,179426.124436421,143981.5469816063
38005,2023,8,3,"38027,38063,38095",166192.85963253138,144317.51560024315
21151,2025,5,4,"21109,21049,21065,21203",277147.10851208185,172254.2564856849
32013,2024,9,1,32015,323800.09080673836,251039.4446735471
37139,2024,6,1,37177,252733.02693341835,170412.1418184896
04025,2023,5,1,04012,484743.31099192426,250715.39765921424
26043,2024,6,2,"55037,26071",160275.2604074803,148057.01086412513
20105,2025,8,2,"20123,20141",118143.36367230456,116839.13970848499
48037,2022,11,1,05081,202123.12731726805,133867.97454141182
48411,2022,5,1,48333,256013.55291968453,416026.9609773483
08049,2021,5,3,"08019,08047,08107",620154.9392743382,574682.8395251579
48371,2020,5,1,48243,169146.5001162256,208893.51993392743
48135,2024,9,1,48475,233955.1401197515,195833.91200921533
47049,2024,8,1,47137,240659.71858193816,222910.3151673624
39119,2021,6,1,39115,158501.16047239184,131605.52686912543
56003,2022,4,1,56043,231503.9720723439,213664.51840489017
42123,2025,6,2,"42039,42049",131860.6093878049,177390.87843860107
05139,2023,3,3,"22067,05011,05003",128083.6784897388,107779.46548312723
31021,2024,7,3,"31173,31039,31053",164834.49569688182,200385.8308089789
41025,2022,6,2,"41037,41013",194460.24477327152,333068.9069542119
08073,2025,9,2,"08061,08025",251589.20241604195,176120.66766256827
28113,2020,11,1,28005,112505.78246313236,147984.72967253206
24005,2025,5,1,24029,356812.4169445044,375374.3813225599
29071,2025,4,1,29073,257507.0402215418,233059.66840004185
26029,2020,7,3,"26089,26097,26009",248093.1092970192,247596.00626300919
55113,2023,8,2,"55107,55005",310677.45128563355,217430.95011405967
48371,2023,6,1,48243,166424.7298877039,252066.42572919975
32023,2020,6,5,"32017,32021,32001,32011,32033",244427.41624338832,183263.5944747099
22045,2022,12,3,"22047,22101,22007",151302.24402410293,143404.7892230848
51199,2020,5,1,51735,334919.3841725973,337836.11164747906
13265,2022,6,4,"13221,13133,13317,13301",149641.02398159986,280911.57011346676
55029,2020,9,2,"26089,26019",268179.8284420667,327523.00856508693
18063,2022,6,1,18109,321675.5490194638,267895.42119768256
16041,2023,7,2,"49033,49005",405405.8501176894,484580.96982554113
39041,2025,7,3,"39101,39117,39083",509460.4750239411,233877.5072203897
56005,2020,5,1,56033,257547.38473873524,301715.62035677413
56037,2024,6,1,49009,270560.0294569092,314208.51988054457
48283,2022,4,2,"48127,48013",173468.73065286226,205422.34782363614
19083,2024,7,1,19069,138477.25872369765,141709.94266474663
13045,2024,8,1,13143,291823.74227695784,270850.07677222847
54087,2023,8,1,54105,122689.1899854952,111101.380101285
20191,2023,8,1,40053,133626.12876259346,117924.71936439018
30031,2020,8,2,"56029,30043",474970.0088015914,293856.92282167973
38043,2024,8,2,"38083,38093",217215.0470345735,173898.5469706732
31127,2024,7,1,31097,157447.5908939225,193274.25251876353
47111,2025,9,1,47159,257848.5368334976,296827.71109433175
05075,2025,8,2,"05121,05067",126859.38615280949,118941.89126461693
16043,2021,8,2,"16065,16081",405275.2450401553,526342.2503546264
21161,2024,8,2,"21201,21023",156296.46184871337,185611.36138568074
20121,2024,8,1,20107,347966.57213250734,154653.59172763964
32033,2023,5,3,"49027,49023,49045",188999.0863102572,392675.3850810284
29099,2023,3,2,"29221,29186",252056.2251653272,188099.90618313855
37047,2025,5,1,37141,177188.2698809162,439656.4734618741
29021,2025,7,2,"29063,20043",178703.93405096457,186758.1843792604
35013,2020,7,1,48141,189461.80589765657,149617.95671491054
44005,2023,6,2,"44001,44003",661557.4078565435,468738.23591096274
28153,2025,5,5,"28061,28041,28111,28023,01023",133640.57144677828,135347.58171661527
24015,2025,4,1,24029,376719.44696822466,375663.7472258546
22045,2021,4,2,"22047,22007",158913.34424449972,154077.21879547316
21079,2025,6,1,21203,296127.88927754684,163628.8279551562
18149,2020,6,1,18131,125100.80214971,108452.2447432063
31015,2020,7,1,31107,177470.38323315253,142514.73139831529
37017,2025,4,1,37141,159218.2905805084,439610.15239154286
51081,2022,7,1,51595,143628.31844950913,130905.24143848415
