target_fips,storm_year,storm_month,n_clean_neighbors,neighbor_fips,target_zhvi_t0,baseline_mean_zhvi_t0
42037,2022,7,1,42093,140862.57807107398,152163.78497643323
17039,2023,4,1,17147,66653.72719599873,103863.08123872044
08099,2021,3,1,08011,78923.3975077414,65750.35852482908
16085,2023,5,2,"16045,16003",366135.7255271093,278882.90703469573
40121,2023,2,1,40005,66925.12777022326,85760.66647797648
47151,2025,5,3,"21231,47137,21147",98057.0595014929,96742.02946706586
40015,2022,6,1,40075,45877.54287114643,38648.789337253154
37009,2021,7,1,47091,176687.24836277115,111106.59741021512
23013,2021,6,1,23015,203043.79883447711,213566.2398059978
48309,2022,4,1,48217,149313.49085795786,108766.0034900051
16017,2020,5,2,"30089,16079",244271.9073953426,117682.07711618999
45073,2022,9,2,"13147,13137",150793.37302224422,176185.83617725346
16053,2020,5,2,"16083,16067",156281.53346464722,147364.84081784502
27127,2022,10,3,"27101,27083,27033",81695.20899710321,92056.44212292258
40113,2023,1,1,40103,97313.7966194341,61749.37044808093
32031,2023,9,4,"06049,32019,41037,32029",392150.93275323807,217741.83788134658
28127,2025,7,2,"28065,28129",90020.86729613888,80284.07707162198
16083,2021,8,2,"16053,16047",221855.89957287224,201249.00009817426
23029,2025,8,1,23009,110649.86321601747,242544.97471514504
19147,2024,7,1,19151,81407.19965941708,50403.024707151
18135,2023,1,1,18075,75240.14599513148,73742.5168599808
27083,2024,9,2,"27173,27127",102914.19578225652,82903.18748274559
30047,2020,6,1,30089,195873.6237471026,138729.20489543528
08027,2023,10,2,"08109,08043",229713.91478685543,169070.00792536463
41053,2021,12,1,41071,331927.63957488,362227.8859629945
20145,2024,8,1,20083,44454.689172972656,76442.77542732384
31071,2025,7,1,31175,114189.56256528864,90118.22162164732
18095,2021,8,1,18159,78823.9260825013,110045.37101226304
18057,2025,4,1,18023,322937.6644482768,148436.2238610761
40143,2021,12,1,40147,122073.27333349998,80911.92370480538
04019,2022,10,4,"04003,04023,04009,04027",256731.6988819196,187236.44784104722
41005,2024,8,2,"41065,41027",455813.157933686,384996.3724662545
21075,2025,9,1,29143,50553.56400172915,54952.369064321545
35053,2020,6,1,35006,109888.93180264812,58078.01117229886
17149,2022,5,1,17013,45755.10268670166,103238.4658405065
13137,2021,10,1,13281,155051.76859445448,203658.1495840957
22071,2023,4,2,"22075,22087",156582.16538370328,141698.570769022
40011,2023,8,2,"40043,40093",49375.24805876539,67895.95797367179
20125,2025,5,1,20133,42718.864190015855,47535.00604446207
27149,2025,8,1,27155,113783.1481585374,53768.553516938555
18019,2020,4,1,21223,123593.16870457248,85114.54439374406
05021,2025,8,1,05121,58307.402817186485,73150.08941172824
08085,2023,6,4,"08091,08113,08077,49037",292616.6009049157,397353.5862634944
28035,2021,3,1,28109,102209.36555059714,87908.78963964886
17191,2023,5,1,17159,62170.34066304382,63458.9685535018
48229,2024,6,2,"48377,48109",,106777.99810234478
13213,2021,12,1,13111,160550.3886185229,277439.06520706794
21209,2025,6,3,"21239,21017,21097",245200.12326598857,193073.32565710926
17015,2025,8,3,"17085,19097,19045",67836.41454051352,112316.16733782909
18087,2023,6,2,"26149,26023",168601.36443323817,102539.83487001192
34023,2025,5,1,34021,427373.4925453999,269150.705019966
16019,2021,8,2,"16065,16081",267262.8998075407,333661.1585856414
18105,2021,6,1,18093,167170.49397786995,95659.41634725008
01113,2024,5,1,13053,99021.15075437068,71814.02757477027
19047,2021,6,2,"19093,19193",71866.97394742811,83906.54577906597
26119,2021,6,4,"26135,26137,26039,26031",111308.1277428672,100174.39944502566
13139,2022,6,4,"13157,13011,13013,13137",261056.85909805985,232580.82375714427
39009,2023,3,1,39115,74599.19733142857,67787.18128525904
39023,2024,5,1,39021,106521.4528268604,144496.15772676576
17161,2025,4,2,"19115,19045",87856.36846200132,87714.557266343
55031,2024,5,1,27075,152192.34465445476,145822.71773145205
51041,2025,7,1,51670,305380.5605592068,147571.954640037
47041,2024,7,1,47177,188639.0477760828,158557.84964046298
13105,2023,7,3,"13221,13195,13317",89471.24082980941,150602.26465262007
21185,2023,6,1,21223,272660.72629323363,123974.08425316936
26041,2020,6,1,26089,66677.73904727951,241938.2774839619
01041,2021,12,1,01039,63910.42721408454,79657.37053540933
01035,2022,1,1,01039,66172.08242663326,80380.30123972695
12099,2024,3,1,12093,273397.6761350928,183178.33492561456
39075,2024,4,2,"39169,39151",180500.25808363568,127829.84997836637
04005,2023,5,2,"49037,49025",396085.5798665812,249630.4307706307
26165,2022,9,3,"26019,26133,26079",114948.06736263997,147035.04992199928
18073,2023,2,1,18181,157033.5977098001,110457.1440375854
18057,2022,3,1,18159,283509.2645871294,117820.2865751556
29127,2025,6,2,"29137,29111",95759.10176019416,105265.48952532856
51550,2022,4,1,51740,244343.2937232626,162922.91831492365
27129,2024,9,3,"27127,27173,27023",88723.50074622729,87837.16152050065
51093,2023,12,1,51620,240900.72632973964,111389.59072656174
21083,2021,7,1,47183,74254.0390184095,70769.37755365724
34037,2024,7,1,34031,301310.0799375053,421636.338468513
53065,2023,9,2,"53051,53063",204343.54959877147,246150.77185540035
22111,2022,7,1,22067,94721.31112570096,50703.036620497085
49015,2020,7,1,49007,,93782.76566985447
01077,2022,3,1,28141,118234.74902205216,116098.96703415293
51153,2020,7,1,51685,310177.01412358717,251567.3931558183
21211,2020,7,1,21005,157959.48530968602,98363.11506986614
16001,2025,7,2,"16027,16045",403904.9365800028,325974.72887920926
21151,2025,9,4,"21109,21049,21065,21203",193760.62831287933,104359.26940338091
08055,2024,9,3,"08109,08003,08023",151461.8657877063,146480.62048151277
12123,2025,6,1,12067,95038.99366031717,133324.62153153503
27051,2023,5,1,27041,107647.68855091395,181001.4923105119
42099,2022,5,1,42043,165177.30966431624,135599.00396782145
51650,2021,2,1,51735,139228.95848424602,251922.82451758397
30037,2022,7,1,30027,146492.49334600812,153336.640597448
01005,2021,5,1,13259,82821.92348675079,38785.820054795506
22111,2025,8,1,05003,80175.26618589649,38617.693911859446
41039,2024,9,2,"41019,41035",350144.2741852834,212766.00018285547
21035,2023,4,1,47079,96822.65708432197,98245.89065720983
08027,2020,7,1,08109,155229.2499950831,89500.15962240264
13279,2020,4,1,13283,59408.00677119515,51423.987525780416
46115,2021,10,1,46005,53932.50970766403,88596.67773748667
44009,2022,9,1,44005,375655.36105141294,423743.515812776
13311,2021,3,1,13281,115026.00096873462,183248.2635814965
05139,2023,7,2,"05011,05003",63399.88511404407,51006.79959007079
39093,2022,4,1,39005,123914.55575594417,116587.22469431369
28067,2024,7,1,28111,80531.62128961932,90609.10783814464
08009,2021,6,1,08011,,72110.93302525005
45003,2021,7,1,45011,127304.81366717353,85429.29972859284
39171,2023,6,1,26059,97600.66773787468,104369.29636226386
01053,2023,4,1,01035,70948.32901859705,70688.42752722728
27013,2024,8,2,"27079,27091",186440.48645720375,155794.99191999497
54079,2020,1,1,54035,98695.12092165332,78068.68293079866
35049,2022,7,1,35028,359688.99237732176,352612.4989292368
12097,2024,6,1,12055,301837.35374599794,151363.86599109913
48371,2023,10,1,48243,87950.92485996593,147416.76758744483
22097,2021,3,1,22077,80140.35294452107,97457.04970595877
21185,2020,5,1,21223,206144.99511217664,86142.3126877555
51199,2020,9,1,51735,235412.16414652904,239190.9768201645
13217,2022,6,2,"13247,13159",224487.43455675492,196747.8439585968
05135,2021,6,1,05065,77525.3326328112,78399.86773913534
17077,2025,9,2,"29157,17199",59393.618856576126,103909.9071665073
48503,2024,2,1,48237,86711.69101180286,94318.73659951217
47001,2025,4,1,47173,198727.47150565463,169916.96738854243
13239,2022,6,1,13259,56742.03534623969,41657.825572483176
06023,2020,4,3,"06015,06093,06045",286212.0215910026,218528.82815097654
41051,2021,11,2,"53059,41027",374816.339429226,376781.85416660435
13091,2024,6,3,"13315,13175,13271",83744.01543495532,76062.28942462911
39167,2023,8,1,39115,91458.28989420149,73570.56971165299
16027,2021,6,1,16075,309877.37377848243,243447.69116215067
51089,2021,4,1,51690,67119.09967887479,39369.508819748386
32033,2023,9,3,"49027,49023,49045",104079.9880120154,295501.37459778576
37047,2025,9,1,37141,99426.29337423216,274334.6409662191
28145,2022,5,1,28139,116849.83483816274,80710.62169669765
16057,2024,9,1,16035,319765.1068582029,182740.691251964
08055,2021,8,1,08003,129297.31702323332,159497.1657887599
35061,2020,6,1,35006,129385.96631410246,58078.01117229886
32023,2025,9,2,"32033,32015",217540.29987805503,116321.83796193678
29093,2021,9,1,29179,69738.37416805158,72959.14210843442
39019,2024,3,1,39151,91101.30029358636,104223.39989542514
51003,2021,8,1,51540,272694.97426007275,276033.5519996421
37017,2025,8,1,37141,74519.94701670085,275984.72359469946
08059,2022,8,3,"08019,08047,08093",494158.039699734,359821.00096431817
51005,2024,5,1,51580,97111.25867238925,51974.46319270516
18071,2025,7,1,18143,151232.87345549988,130561.41036207836
37131,2022,6,1,37185,49522.024350234744,117463.42951890126
06077,2021,10,1,06013,365128.1099419386,559715.0272706244
06025,2024,8,1,04027,253568.85610185465,210364.78452002633
08099,2021,7,1,08011,82823.43454585246,73226.9170496788
55133,2020,7,1,55055,243700.4392691667,160491.645507072
26085,2020,11,3,"26101,26165,26133",,97142.26660548036
19083,2023,3,1,19079,64056.57960922024,73331.55468590149
55105,2020,8,1,55055,110824.43193245953,161067.6291445028
17135,2023,4,2,"17051,17173",53058.79635635936,77473.60349418968
22105,2021,9,2,"28113,28005",158446.75296503815,82238.33695220006
54063,2023,2,2,"54089,51045",92588.46546225093,90227.94441634663
21181,2023,8,1,21201,98036.95185005956,97041.82183012208
19193,2024,7,2,"19093,31173",124969.46242456126,73260.1368051105
39089,2025,7,1,39083,207004.82918437864,166764.1804042119
55029,2022,6,1,26019,187960.99989013397,213394.0458221075
48133,2024,11,1,48093,61468.92153807813,100483.86085582554
04013,2021,10,2,"04012,04027",319153.5981610028,140069.06032452395
54107,2025,6,1,54073,102419.99013626984,99628.92607589888
56007,2025,7,1,08107,113465.411152149,577190.3896204851
19039,2025,6,2,"19185,19117",107518.7353524836,69507.47313542828
27059,2021,9,2,"27115,27025",213686.14843377995,172009.04099052324
13161,2023,7,4,"13309,13279,13271,13209",68697.62162005801,66860.1728468229
47161,2023,7,1,47079,124335.10175272782,101118.10540040552
17167,2024,5,1,17017,85745.19504503997,60801.39667290769
53065,2020,6,1,53019,141357.90579387185,143629.91912609068
55053,2023,10,2,"55035,55141",112196.41459314535,160820.73665657532
53007,2022,6,4,"53057,53061,53037,53033",378467.0142227445,465982.8550538991
26037,2023,8,1,26155,176481.97929904354,113939.66385688644
29131,2024,11,1,29151,150975.54584037047,147543.03280169106
40113,2023,5,1,40103,94689.26545022977,63590.34407958402
18077,2020,3,1,21223,91074.65041778672,83949.22924599366
39091,2021,4,1,39021,117650.16868914086,116189.50152560975
49027,2022,6,1,49039,202851.5018219337,237088.4306947582
47177,2022,9,1,47175,141720.01587917205,116969.81579987968
30013,2021,7,2,"30059,30045",162507.78677863147,134323.0406745677
20143,2025,9,1,20123,73313.69588932971,71924.09451335325
39117,2021,5,1,39083,139366.5260585395,122536.7484843682
05089,2025,8,1,05129,132309.60931129722,95372.83389351863
48497,2024,3,1,48237,246000.86572047928,96883.37815503796
13291,2025,6,1,13281,236646.84539339252,237552.45041618985
48485,2021,7,1,40033,76371.41026257657,40442.77891986777
01085,2022,10,1,01013,80400.72379697024,57148.79964019855
17117,2020,7,1,17083,59851.71789008246,78767.15319178563
53059,2021,1,4,"53039,41027,53077,53011",289949.89757193456,279953.5675125378
35007,2023,4,2,"35055,08023",110400.6942942816,213271.39719825285
18095,2021,12,1,18159,79916.79703005117,112402.54567538603
13267,2024,6,1,13279,100663.16708891634,79306.978057454
18057,2025,8,1,18023,324254.9203280452,146787.43951476886
51005,2021,4,1,51580,77438.96556782267,35934.30454464496
06001,2021,12,3,"06013,06075,06085",718076.1067399406,829829.3877216534
16039,2020,4,2,"16083,16025",155268.28404346158,151480.76211311627
21191,2025,4,2,"21097,21081",136798.6630873254,182747.6651840945
17005,2023,3,1,17051,64788.95284414606,77132.40588988393
13175,2020,4,1,13283,78112.35183389437,51423.987525780416
05013,2024,5,1,05011,,60852.898188274376
01111,2023,8,1,13045,98367.91767022316,198542.8945515867
48499,2025,4,1,48379,163652.6496309913,158242.97405646954
21053,2024,8,1,47137,91858.91425298642,116156.89035001874
37029,2023,6,1,37177,213000.9485409616,79725.19249262616
27015,2021,12,3,"27127,27165,27033",112274.88184785916,68605.0513129448
27161,2024,8,1,27079,157225.42016090467,217633.8453751751
37061,2025,4,1,37141,95983.10695437375,279758.5816183831
28163,2025,8,1,28051,53078.92842084453,40912.431374447515
12057,2020,2,1,12049,167387.8234087073,69055.79139594815
42071,2022,7,1,42043,230586.43759176033,137583.49412601534
13091,2021,3,2,"13023,13235",69114.9813835663,62548.16174740867
49033,2021,8,2,"16041,16007",249780.01572050565,227616.09195732532
46115,2023,6,1,46005,60976.33830403088,99406.30156004836
34023,2025,9,1,34021,430377.22102479014,268608.97479192493
48075,2025,7,1,40057,56656.635047991695,40547.37212513749
46039,2024,8,2,"27173,27073",140216.15245954538,83626.93250589339
39009,2023,7,1,39115,77837.38885801898,72840.90915739856
39023,2024,9,1,39021,110690.30907608736,145614.240487632
01071,2023,7,1,13083,118576.9980721029,126560.81304161968
22017,2021,3,1,48315,60198.82394885072,68754.54741098925
47155,2021,5,1,37087,210122.07787104908,169051.92025171578
06001,2020,4,1,06099,605350.835136693,261336.0898540197
13289,2021,3,2,"13023,13021",55884.35792627786,56636.076303976755
27097,2023,4,3,"27009,27153,27095",160545.42901166584,163676.1835779417
53009,2025,2,1,53055,340909.9750173286,531705.3392890786
23005,2024,8,1,23023,391985.8561437183,295428.4169037116
22097,2024,8,1,22039,67478.912915293,52292.021031743025
30097,2023,8,1,30107,232944.60713944767,100503.32556440496
48049,2022,4,2,"48093,48333",90086.76249923644,153609.0578110608
19177,2022,9,2,"19101,19087",73774.8810309466,101187.98877752421
21161,2025,2,1,21201,77815.22470590837,111859.20775454985
04001,2022,8,1,04009,182059.881889125,194160.41903380572
16021,2023,5,1,53051,288491.2933532801,190376.1177459332
18057,2022,7,1,18159,300651.7798153384,122623.17861168238
29095,2020,3,1,29177,86176.47892084361,88494.390796562
51550,2022,8,1,51740,252647.9661109768,167888.44123348856
06067,2023,10,1,06005,410806.5827160611,318896.70118025463
12105,2024,7,2,"12049,12055",228502.00895035916,146220.01187402633
22037,2021,3,2,"28005,22121",132953.74462643583,115550.2027818147
13033,2025,2,1,13163,84504.11397889796,59258.40907877891
48479,2020,4,1,48247,118455.12962330236,48218.847339797336
32005,2021,8,1,32510,446914.2657321099,338170.6358578755
45067,2020,4,1,45089,46731.856818828965,42124.25577024
12119,2021,2,1,12017,217758.18931682347,130493.8907563978
22111,2022,11,1,22067,94919.97744446334,50651.18636536104
29153,2025,6,1,05049,121596.47404453828,105467.68206643069
29111,2021,7,1,29103,91142.37761843127,63794.24281508444
23001,2023,5,1,23023,205920.22925941157,264780.3538370771
37061,2022,3,1,37141,73803.5630137436,238617.77070176625
19147,2021,8,3,"19041,19021,19059",68354.95670087973,110823.87162960724
51161,2024,5,2,"51770,51063",227647.60082000608,155252.12322619802
20143,2022,6,1,20123,63825.94096118035,65498.200860375415
28117,2022,5,3,"28141,28139,28057",99527.47490147504,95036.72499216271
48123,2020,5,1,48285,97162.69468750048,119999.03261091597
51650,2021,6,2,"51131,51735",148428.1637930991,182355.08774171642
32019,2024,9,1,32029,331895.9532456857,335121.8861495557
41053,2022,1,1,41071,336775.43821504293,366788.0993581579
48129,2024,6,1,48191,,37385.950995335654
16019,2023,5,1,56039,279895.0310159186,977013.6471616497
05023,2025,6,1,05137,145557.4580398289,114362.19778393988
37021,2022,5,1,37199,296967.3811523472,184647.44679989511
29131,2023,3,1,29135,133839.3122517471,110552.6386809576
17023,2020,1,1,17079,63827.63171186791,71305.24046776547
39023,2021,8,1,39021,83780.1378720969,121460.52008330775
36055,2025,5,2,"36037,36073",179240.42714439685,131347.3060303043
27005,2023,5,1,27159,179784.6727295534,114164.15231468657
29023,2025,9,1,29223,82598.06625423598,73731.2965952314
26005,2024,7,1,55101,208283.32118960784,180004.33232722458
38003,2024,6,1,38093,92842.42105384266,119017.5824460109
12085,2022,9,2,"12043,12051",267525.98212531186,155972.99662720115
27127,2023,4,1,27173,81968.47174828335,80554.1989198359
51057,2023,7,1,51119,185239.9485565819,212832.23621381875
27035,2024,8,1,27095,217471.0863566572,194300.9615436556
12021,2022,7,1,12051,365241.54978127615,170990.80079028071
28071,2023,9,2,"28161,28107",218245.6795510128,91906.75106339817
47069,2023,8,3,"47109,47023,47075",72664.60760271357,82559.3337140534
38035,2024,5,1,38099,170674.8043530389,93991.29126037094
49045,2025,5,2,"32033,32007",381942.69552573416,178739.18672635028
13241,2022,9,2,"13281,13137",220446.6144218099,205663.69895038375
13069,2020,4,1,13017,76266.85073082484,38406.17529877139
28143,2022,5,2,"28137,28027",98834.2722668248,79393.79455420146
48167,2022,6,1,48071,217450.7972477069,233443.1446803024
21195,2020,2,1,21159,47944.19865067237,34355.91311114914
47047,2020,4,2,"47069,28009",168789.87579560812,66377.33404397374
18073,2020,5,1,18131,119332.3728991794,61949.93461180719
48013,2025,4,2,"48163,48493",140597.61736288771,158697.4723414096
06019,2024,12,2,"06069,06031",294371.3016374829,467446.55916280847
32017,2023,9,3,"49001,49027,49021",135782.63478774254,221869.1684418309
42105,2024,9,1,42023,81190.74953902398,42188.662437496045
42073,2021,6,1,39099,64828.96444018529,58050.12681770228
51089,2021,8,1,51690,71342.50792880387,41399.64479828458
12017,2025,7,1,12075,190716.34337442528,175102.18572060834
01101,2025,8,1,01085,70552.6050876156,78318.5770394708
39097,2021,7,1,39021,162234.64406678852,122209.90918583196
25005,2025,7,1,44005,404865.8696924808,493586.7463372108
28127,2024,1,1,28077,74567.49766653679,74445.15461073806
49013,2025,6,2,"49043,49009",247219.9031382221,429332.25330597855
53013,2020,5,1,53023,105757.468068069,96630.31731477148
20097,2020,6,1,20033,57704.36247164061,37214.85855513305
55093,2021,5,1,27163,193467.7422512679,266535.19263608305
30095,2024,8,1,30037,279409.5931053002,128703.22797295934
54083,2024,6,1,54093,86205.57457902381,102287.9324119954
39029,2024,3,1,39151,78378.55594548376,104223.39989542514
32007,2021,7,1,32013,220399.9531559229,174429.45135366637
49049,2021,7,1,49039,355499.10667544586,190592.47076653855
13031,2025,4,1,13109,179000.56950376133,89282.00252545923
55013,2023,6,1,55005,147283.9746936563,145298.72220652233
37043,2023,8,2,"13291,13281",201050.44817348535,224314.94325798214
08033,2025,6,1,08083,170113.4318184651,273093.5692340065
29087,2022,6,1,31147,95647.1401862456,54924.60936087967
22115,2022,3,1,22003,80817.37311669467,54457.79361433984
29205,2021,6,1,29103,61575.30804684098,62447.30915025872
13189,2024,5,3,"13317,13163,13301",123403.39520558927,70500.14051998775
51119,2021,9,1,51131,182124.2546992736,99199.1146078802
55133,2020,11,1,55055,251718.2500274699,167690.30080094433
45019,2022,7,1,45043,310102.6179758758,172571.6703917494
06029,2024,7,4,"06111,06031,06037,06079",259500.9246249596,554925.6017326236
30075,2020,7,1,56033,83777.23952972675,200345.1274653804
36119,2024,5,1,36005,468005.842503736,228243.59556062295
40071,2024,9,2,"40053,40103",53803.112621835375,63807.71699010316
22033,2021,3,2,"22047,22121",120362.32707504768,121006.36707817751
08015,2020,7,2,"08109,08065",308030.87909861095,145558.3452656179
13119,2024,8,1,13195,170448.68884868265,219214.09834650045
50005,2020,10,1,50017,116986.60935737957,139503.24155369334
12105,2021,4,1,12055,161057.25320703466,97242.49585060816
01043,2022,11,1,01133,158715.5458806101,85356.33524555374
30063,2020,5,5,"30061,16035,30089,30039,30077",251660.5468134482,122487.80477228886
13153,2020,11,1,13235,104030.56146091118,60231.51219288333
47109,2020,4,1,47069,64682.259126823155,54378.17452810381
21163,2025,5,2,"18025,18123",189121.22910168153,105915.12428590146
47189,2024,7,1,47169,353990.1933682431,225314.36080982455
48323,2022,6,1,48127,135658.72608783076,94341.07277636448
48159,2021,4,1,48119,131390.78317730222,72868.82221032184
30027,2023,5,2,"30015,30107",142607.50485130804,116395.08624737346
35045,2024,7,1,35031,185162.97939926537,146412.80844724367
08089,2023,10,1,08011,86435.24983915618,69722.90325924748
47079,2022,5,2,"47017,47005",100292.5086546503,87844.36065400572
39167,2025,5,1,54073,98062.34736164696,100555.38611294802
05031,2023,8,3,"29069,05055,05111",133364.93177473824,82650.89895107411
22117,2022,2,1,28091,73780.09466455883,84406.76144799874
55059,2024,4,1,55101,203821.46038768624,175521.74851411078
35001,2020,6,1,35006,159622.85092783775,58078.01117229886
26017,2021,6,1,26011,82792.68412495125,80084.72203265467
48187,2025,5,1,48493,233184.17043326297,230904.39930432328
26025,2023,6,3,"26149,26023,26059",90740.09354338337,103149.65536742924
05139,2025,9,2,"05011,05003",56744.55818903421,43344.93059444094
08045,2022,6,2,"49047,08107",366534.69080468593,369402.678392851
30067,2020,5,1,56029,238361.83478876145,181897.05589820343
21087,2021,2,1,21001,70560.51876928475,96234.38722621716
19027,2025,7,1,19047,113381.2660164383,92404.50828191348
21055,2025,9,4,"21139,21033,21143,21225",67552.41157412346,79410.23489774861
21027,2025,6,1,18123,94835.0647435063,119162.5809616458
08053,2022,7,2,"08051,08111",264638.1425868496,331229.1175741465
51069,2020,6,1,51840,210605.24058046337,163463.95798719578
01031,2022,6,1,01039,84518.78436180107,78990.41655741092
46023,2020,6,1,31107,,61290.13529199837
31015,2022,8,1,31103,103833.56495185645,103821.64506631329
28009,2025,5,2,"28139,47069",93479.4196016527,78034.01228691172
56039,2022,8,2,"56023,30031",931578.220548497,355844.5855963346
04015,2021,9,1,04012,199361.64720395984,114744.15659305394
28147,2023,4,4,"28085,28113,28077,28091",89883.21268917814,73894.05950055235
51005,2021,8,1,51580,81467.4183888265,38317.38616364019
24003,2025,7,2,"24029,24035",369045.1504102568,297921.68857384473
13175,2020,8,1,13283,78572.50963092688,53038.28751441149
28031,2022,7,1,28065,100281.22213293304,59234.31280399566
42085,2025,7,2,"39099,42039",89024.57523466082,80894.33220843962
51163,2025,7,2,"51678,51530",178665.1919551191,171175.78553565827
26115,2025,6,1,39095,155792.27283137396,79842.90705673584
18079,2025,4,1,18143,135470.03200379072,129837.26236230652
29223,2021,3,1,29179,66593.68419103471,71135.60047174507
54069,2022,5,1,54009,73596.8041127838,64630.999324021686
22061,2021,3,1,22027,122216.1998516054,91135.81311211913
12057,2020,6,1,12049,170886.79532816753,71373.69513807946
30029,2022,6,5,"30073,30049,30035,30099,30077",445115.9774624563,169040.65894077788
23011,2023,5,1,23023,190622.08492512835,264780.3538370771
42069,2024,7,1,42131,124150.2024850456,128909.5782337794
26037,2025,5,1,26117,194170.3479970233,132430.78286411506
51175,2021,7,1,37073,129315.93124590146,108651.79272994284
05031,2025,1,1,05067,130772.32840984705,50040.99708645072
18163,2025,9,1,18129,109404.65398300334,142736.89597647265
47147,2024,7,2,"21213,21219",278381.755179652,148244.5271139606
30001,2024,9,1,30023,249073.83740803596,183317.97475669204
19151,2023,6,1,19021,40837.95739989757,110091.1340346932
51169,2025,7,1,47067,92629.25980407216,84523.51481340105
16039,2025,7,1,16047,264821.97416104696,234144.18271308125
48215,2024,8,2,"48427,48047",123378.77134973912,69628.87396372114
47025,2025,9,4,"21013,47173,21235,47067",132654.40039088723,103492.2675364317
16003,2024,9,1,16087,266887.2585643867,247086.91872392673
39083,2022,7,1,39005,139925.5366005345,120037.40591731592
33007,2023,9,1,50009,137047.53954753836,117396.39876170194
54099,2025,1,1,21159,83933.68451318504,58668.379667394714
27097,2023,8,3,"27009,27153,27095",164156.9038293388,167604.92039701212
16001,2021,5,1,16015,375494.4627828092,236221.81471684572
35051,2020,2,1,35017,73920.2788921022,90347.1380510365
13299,2022,5,1,13005,71868.49833721627,56968.11185727892
31029,2024,8,1,31085,116689.95326687089,120862.78653448122
29045,2021,8,1,29103,143665.44030522334,65126.50024468444
16071,2022,8,1,16041,215664.30310808215,319589.60576366866
49017,2020,6,1,49021,87201.9547627816,170355.7381833375
29187,2022,5,1,29093,96213.52745743388,78028.20547404437
13043,2025,7,1,13109,101454.07443328832,83848.74012783707
13033,2025,6,1,13163,80384.61376330638,55256.23194810774
20157,2024,6,1,31095,55091.63824732181,54400.57173243752
12081,2020,9,2,"12027,12049",185922.34245652516,87402.64545965799
32005,2021,12,1,32510,466839.1684904894,344317.01020726864
46057,2021,9,2,"46011,46077",132503.15190187693,137770.46706272644
16043,2025,7,1,30057,271003.05495067494,422595.5655035724
42033,2025,3,1,42023,72309.12637560489,49924.50850225523
40039,2023,8,2,"40043,40129",74573.78303939133,69832.8796847999
33011,2023,9,1,33013,340882.225071697,308493.74256969563
29095,2023,8,1,20209,136319.9253018171,121222.7836424918
16031,2023,5,2,"16053,49003",213489.27201116076,291078.2036829522
20031,2022,6,1,20207,76054.56042008061,45267.788831179096
31057,2024,9,1,31085,112899.0793531382,122208.78625020334
29187,2025,6,1,29157,110496.43037722056,131749.53706181073
04017,2024,6,1,04009,246585.2235438231,201550.46790960323
37171,2024,12,1,37005,141801.09181902232,151147.2823494715
16033,2022,7,1,30001,156190.29265854714,229756.80593466235
55011,2024,7,1,55091,137217.8740542271,157960.92155878386
16047,2020,4,2,"16083,16025",124235.28219657757,151480.76211311627
17113,2022,4,1,17039,118124.88573940968,65785.35300217285
48017,2023,5,2,"35009,35041",,88010.91777668666
48213,2024,6,1,48161,151747.17737344708,131355.99864548442
56027,2022,7,1,56009,98847.92085562534,176493.14076996446
18153,2024,3,1,17033,75412.87901163538,61126.096213921235
06071,2024,6,1,06059,391215.8399941938,789237.7179579437
47045,2024,6,1,47095,84323.52447067924,63964.945817815074
31163,2020,5,1,31077,56858.582789055945,79848.84341085776
39003,2025,4,1,39063,93046.50478637396,150144.0676217898
35043,2025,9,1,35028,295629.24296797346,429115.639750083
28021,2024,8,2,"28063,22107",54827.63087344737,82992.29540581215
17077,2021,7,1,17181,48418.1659536199,71854.25807989556
48087,2024,7,2,"40009,48191",41848.425209182766,49990.90958205025
17161,2022,11,1,19115,78972.25706895697,82030.2871085418
51015,2024,9,1,51790,234981.06095706616,202919.19874471228
48045,2024,6,2,"48153,48191",90206.01266190944,37844.237546155
40141,2022,6,1,40075,27665.544339760003,38648.789337253154
47163,2020,1,2,"47091,51520",102707.40273240478,75958.63443882756
29183,2022,6,1,17013,239033.26572864255,103616.28767389838
21231,2020,3,1,21207,51222.88353809194,73305.43505773939
48463,2020,5,1,48507,95590.55042380838,43178.44530217324
46085,2023,9,1,46015,,122625.42247553456
53011,2024,10,2,"53059,41009",437297.2225411763,355866.8694819036
42133,2022,8,1,42043,171451.666985046,137763.77809807635
17183,2021,7,1,18165,39698.851849961975,64322.81231091625
49045,2025,9,2,"32033,32007",380887.64543498174,179720.81046996295
06041,2021,12,2,"06013,06075",860341.4980871439,771934.713119916
49003,2025,7,1,32007,350810.6758000301,250126.80831278404
12095,2025,7,1,12105,266376.69230706635,215674.20364116065
13057,2024,2,1,13117,361324.42239021097,449357.5777577369
48163,2023,5,1,48127,89499.50057466875,86168.61339572317
39063,2021,5,1,39137,119266.8560615185,113305.04403100094
46101,2021,4,4,"27081,46011,27133,46079",98909.42827512376,116062.65798228249
46025,2022,7,2,"46005,46077",107101.92569129204,104911.07630013597
08043,2020,5,2,"08109,08119",160889.46177574844,155382.00526031226
12055,2022,5,2,"12027,12043",127477.78350307418,145708.077543743
31043,2025,4,1,31173,157562.89111424316,66924.52667478262
41017,2021,8,4,"41035,41043,41037,41031",431080.8933546762,195590.8426899866
56013,2022,7,3,"56017,56043,56007",170446.26802530978,113537.88956252154
01019,2020,8,1,01029,98817.31179811068,98800.251390159
29069,2025,5,1,29143,52987.32155448254,54319.0872650411
51155,2023,3,2,"51021,51750",124579.68019984632,115812.95145266442
27119,2024,5,2,"27029,27125",122450.17012538805,105921.96311673861
40117,2023,6,1,40103,73075.08323770402,64366.43478406131
30057,2021,7,1,30043,324175.1617490985,225170.23553414876
13031,2025,8,1,13109,178361.97732391473,81735.6480182509
55079,2024,3,1,55101,159053.15292260627,173159.57943675813
27031,2025,8,1,26083,259197.275851774,97226.9566024296
06071,2021,5,1,04012,302530.11508015543,105718.7707309516
05093,2021,10,1,05035,48505.75163376864,75882.51887129723
26063,2021,7,2,"26011,26069",97734.89486378108,82888.08501659962
08097,2024,7,2,"08015,08065",813678.4711803236,411301.082174137
47151,2024,8,1,47137,105420.4741710974,116156.89035001874
13215,2022,8,1,13053,89069.91781956122,66020.50947441165
06029,2024,11,4,"06111,06031,06037,06079",261603.77713243812,561213.4395473029
35019,2025,7,1,35057,,129160.38062392909
01119,2024,5,1,01063,65234.31559519107,81648.85453501114
22033,2021,7,2,"22047,22121",120202.43261402924,117163.87321323775
19177,2021,5,1,19087,66119.93912914593,92107.112492785
35055,2021,7,1,08021,260981.9917839728,102798.89270092452
13297,2021,12,1,13013,236544.76692646576,223551.82838198144
21023,2025,4,2,"21201,21097",121575.21979487316,139983.11456328814
13177,2023,3,1,13261,168125.23735047877,56476.38803583584
31017,2023,4,1,31103,55980.42666608477,99864.13486668958
48009,2022,9,1,48077,114939.80056742078,118315.05055942276
29117,2024,10,3,"29033,29061,29079",88401.14995684742,84485.04604718636
36115,2023,8,2,"50021,50001",140491.74300956828,220942.52080727994
30027,2023,9,2,"30015,30107",149766.99408633608,120702.67401351631
44007,2020,11,1,44001,223675.63720625665,311599.43895405537
49041,2021,7,1,49039,176604.60606601762,190592.47076653855
01093,2022,2,1,28057,77537.72437365924,93893.61465756963
17075,2024,6,1,18111,67658.84968413624,120083.90435569716
29055,2022,5,2,"29073,29093",115539.73756699852,91008.68374422929
08045,2022,10,2,"08037,49047",369502.94732624,413537.52193183906
27143,2022,9,1,27103,153325.92601883973,196348.07252884112
29031,2021,4,1,17181,116998.3163493092,75105.48107260652
19131,2020,7,1,19067,71053.42477149134,61338.42250056253
16007,2020,6,4,"49005,49033,16029,16041",128598.62774040057,184342.55849272534
20167,2025,6,1,20141,51374.001810857946,39641.05592887989
36013,2025,5,1,42049,91974.78686893207,124445.75868590194
28047,2023,3,1,22087,133821.31400360406,138539.68142348056
13137,2024,1,2,"13311,13281",194856.3478660396,197428.95506598323
04001,2024,8,4,"35031,35006,35003,04009",194892.39205067212,141737.26504329705
12086,2025,8,1,12087,320958.11627575645,598744.9570567511
26041,2024,5,1,26089,101013.75590920054,367855.8726878266
37191,2020,12,1,37079,97176.97270396672,89151.22967257863
37129,2022,3,1,37141,249461.02075716775,238617.77070176625
19063,2022,5,3,"19041,19059,27063",67093.66175940265,119176.72704947315
29145,2024,10,1,29119,136357.71405613446,127730.92247301032
17137,2020,7,1,17017,60448.47282570656,51324.72788031795
27089,2024,6,1,38099,112806.73149304248,95730.098253003
48285,2024,1,2,"48089,48123",135570.81750561713,130070.41865548071
19017,2022,8,1,19023,130978.8238944483,93270.11919320734
13189,2021,8,2,"13317,13301",96300.84876795106,60632.00213241987
18007,2023,6,1,18181,103203.55971704453,116552.27581223234
19109,2024,7,2,"19151,27091",87973.52473057884,72303.70681514542
08049,2022,7,3,"08019,08047,08107",483216.136515052,423603.24705766543
01097,2023,8,1,28041,92385.86598108785,67556.67977742867
28011,2021,3,1,28027,83811.75979975302,28905.16195205773
13209,2024,8,2,"13279,13283",82028.9083458755,73901.28116298738
51117,2022,7,1,37185,89670.27558168037,116713.40324666514
54069,2022,9,1,54009,73952.56797196744,62930.47125255185
18157,2024,7,2,"18181,18045",194108.19088844163,115145.30036243281
19169,2023,3,1,19079,157902.54244179314,73331.55468590149
39153,2024,5,3,"39103,39169,39151",115441.0254562494,157263.5382208258
19015,2023,3,1,19079,119063.43024926112,73331.55468590149
21035,2024,2,2,"21157,21221",94624.21036695964,106684.67332238518
13161,2025,8,3,"13309,13271,13209",70906.98009786117,63255.524335536036
28077,2025,6,2,"28065,28147",72113.631739972,75854.66886251923
13297,2023,5,5,"13247,13211,13135,13217,13013",264809.0266812479,259929.47406023662
31173,2022,5,3,"31051,31043,19193",69228.588544346,111591.01521698064
47003,2024,8,1,47117,230936.51247430025,208563.40280588507
17055,2024,2,2,"17199,17145",50699.55170431724,67222.75685480522
05075,2024,12,1,05067,69584.42273419857,50080.59240832857
05031,2025,5,1,05067,127482.5645078764,48372.881615759834
08119,2023,5,2,"08043,08093",314503.1376615022,283247.8899588123
13245,2023,6,1,13163,108549.47986268024,54461.161009710195
13251,2024,5,2,"45005,45049",92268.16052056866,62019.42708878592
13019,2025,6,1,13173,110360.20062514424,113716.55386823708
32023,2021,8,1,32001,214345.30162249625,237204.06117747832
39043,2024,4,1,39123,128630.27061578922,149142.0960358774
27061,2020,9,1,27071,97965.37312123892,55856.58080244291
55019,2023,7,2,"55035,55141",99329.6945728007,158513.32689649484
08033,2022,7,1,08111,167564.06978912902,294226.88589425606
48191,2023,9,1,48045,45705.6540643776,99347.00232032962
27157,2024,6,1,55091,179020.65576807174,157177.47890711811
12075,2024,4,1,12041,182885.00772800023,166363.5641651538
28115,2024,6,1,28017,105217.98893177162,81754.30264760238
18049,2024,6,1,18149,109751.53739472164,131181.56181174298
54099,2025,5,1,21159,81852.20877370302,70506.99414207159
30101,2021,7,1,30073,69704.52321271744,90637.8448439929
29003,2020,7,1,20043,107133.4744354819,54883.27730314818
31031,2023,9,2,"31091,31103",110598.01100951308,83738.38133928769
47139,2023,7,1,13213,123954.2142723098,159863.59563664123
56019,2022,9,2,"56043,56009",235277.18785928297,157550.7871592404
51001,2023,6,1,51119,127498.52060299634,211144.5198604424
18083,2024,5,1,17033,87204.35179002973,62066.15161496885
13171,2024,7,1,13293,176253.56716043202,98385.55446076284
42083,2024,6,1,42023,56037.94397995694,41289.20076650636
51025,2022,7,1,37185,91159.74408536534,116713.40324666514
32021,2021,6,1,32001,76435.2702565472,227639.32051236983
37111,2022,6,1,37199,136655.33332617918,187715.65155171257
28037,2021,3,1,28005,96932.03855274648,85366.437163062
05091,2022,9,1,05081,91077.51130698586,75261.71751190787
31101,2021,8,1,31117,102081.00890134556,142266.7109596546
04025,2021,6,1,04012,301719.1696816965,107946.60910619676
21097,2024,2,1,21201,136634.51383961964,96951.45427577235
55025,2020,5,1,55055,226076.67579406625,159694.3138226686
16005,2024,6,1,16071,250441.68745316783,225903.6915902481
28137,2024,8,1,28107,140756.7430801488,108381.09713990294
16031,2023,9,2,"16053,49003",217936.4895119738,294767.36078491795
56003,2020,5,2,"56029,56033",98026.02641619887,190195.51419245152
13079,2021,5,1,13021,85139.54877586362,53855.57571624306
23011,2020,8,1,23023,121317.80888687288,174926.17127864098
40013,2023,5,1,40005,133163.6872311836,90906.5821573034
37095,2023,8,1,37177,89054.69313669622,78832.29196694503
54085,2024,8,1,54073,66127.35331564474,99956.82293702448
39149,2021,6,1,39021,110221.27229588524,120879.46825105564
37099,2025,5,1,37113,257890.3493969705,216846.4146436276
29049,2025,7,2,"29063,29025",161320.39227461888,114571.65920840611
17049,2023,4,3,"17051,17173,17035",102534.29192205735,80143.35270438845
05145,2025,6,1,05067,117212.39547068388,47950.148493995075
31179,2021,8,1,31051,107752.42169343522,84209.46941405717
53047,2021,11,4,"53019,53007,53025,53043",157550.59799034396,225790.72070239144
31023,2024,7,1,31053,114720.53557038133,150460.642705847
49035,2025,8,1,49043,425672.58770211926,646531.99597027
01001,2021,3,1,01085,127069.19667627868,70799.6942547581
05133,2022,9,1,05081,83775.7288227374,75261.71751190787
26009,2022,5,3,"26029,26039,26079",169750.70098986418,140956.92027985858
40113,2024,3,1,40103,98535.41304843265,63657.04496751743
29171,2022,5,2,"29197,19185",78973.13422221612,69299.34414701205
22099,2020,1,2,"22007,22077",88044.97375880626,92738.63999523781
13287,2025,7,1,13315,70195.48551411995,57258.17458405366
48131,2021,7,1,48247,,52145.327280805934
21017,2021,6,1,21173,114227.82807539028,125902.3519848416
37133,2025,3,1,37141,200617.7021182368,280360.5744158963
06023,2024,1,1,06105,321613.99460134935,149147.4535567532
31113,2024,4,1,31117,96648.81007665372,153468.94407093024
20089,2024,4,2,"20123,20141",45238.90958341732,52765.97368823884
13267,2023,6,2,"13279,13107",93552.43175494594,63000.38157635546
56037,2025,8,2,"49043,49009",191412.70161336908,430298.1946498365
16053,2024,8,1,16083,262903.32417403563,261377.81166243888
22111,2023,3,2,"22067,05003",83868.10722500028,45933.0980475237
13167,2020,7,1,13283,47303.36613538861,52661.29834400907
31089,2021,6,1,31015,70840.43339250043,104832.2538703626
05129,2024,3,3,"05101,05141,05137",97923.52683546544,111671.26271440914
20033,2024,9,2,"20097,40059",50978.50678958033,61881.911249163604
45075,2023,1,1,45009,69448.36584254808,58795.040275121595
29171,2025,6,2,"19007,19185",90110.2649082297,51002.57494263275
51041,2020,1,4,"51570,51760,51053,51730",189239.8154274533,103095.66427989503
37027,2022,11,1,37003,116514.12331375522,104351.58124628128
06077,2024,1,2,"06009,06005",397035.1521820789,317440.41254674614
22077,2022,5,3,"22125,22047,22121",90542.84466088562,146234.13637323643
16077,2024,8,1,16071,166519.80018920603,226759.8428558519
10003,2025,5,1,24029,236716.1057738736,244054.68086762703
16073,2022,5,1,16083,275935.71074806544,264465.270465391
50023,2023,9,3,"50015,50005,50001",245570.56064744573,243990.29375587203
23005,2020,7,1,23023,243075.6452686247,172833.64688755348
31021,2025,7,1,31173,90563.44134354616,61024.26516223487
06071,2021,9,1,04012,325749.8479275605,114744.15659305394
13231,2024,7,1,13293,244155.69386005157,98385.55446076284
45075,2021,8,1,45011,72231.10811735645,83977.44586634827
12093,2021,4,1,12055,120743.02350587642,97242.49585060816
21003,2024,9,1,21213,125799.59948190022,165973.56816423518
06113,2023,9,1,06011,463491.9941118581,260158.40913006492
21071,2020,8,1,21159,60234.29509340145,37586.30304594893
30051,2020,6,1,30101,85553.47559436098,57895.255450263736
06103,2020,5,2,"06021,06045",176989.7411359778,255468.60706758354
51199,2021,5,1,51735,248914.40950866087,259292.3704697087
13257,2023,5,1,13011,126210.36688206844,202620.4279706044
27059,2025,6,1,27065,249167.71041139655,159434.96746681773
13153,2024,4,2,"13193,13225",152874.30475191833,85637.92851996935
06073,2022,6,1,06025,638046.7251899629,225414.19267983863
31051,2020,10,1,31027,78674.8913248813,98072.38393591548
26165,2020,4,4,"26019,26133,26113,26079",91822.69378798251,108927.21784640827
40121,2024,4,2,"40005,40029",70820.33882020046,79828.28130323914
28013,2023,9,1,28161,65347.28966816568,77688.62376364018
17189,2021,7,1,17027,68997.83588171891,99395.62052653798
40069,2021,5,1,40029,52780.79746043184,49629.107874365174
47031,2022,10,2,"47127,47051",170116.25867464262,178965.3146623813
16043,2022,8,3,"30001,30057,30031",295036.6717602631,372709.8413408413
40089,2024,6,1,40023,112386.61161578028,73087.01987763478
28035,2025,6,1,28111,107513.69316645956,85852.61627866355
54001,2023,7,1,54093,65458.79121929899,94300.82016144352
13177,2023,7,1,13261,174664.4361236875,61165.11986339672
55121,2023,4,1,55035,138099.92941274153,194340.49824273583
01059,2022,3,2,"28141,28057",90978.1777775985,104131.11113312538
51181,2023,6,3,"51095,51183,51036",185791.55343344112,184291.20846015634
37117,2025,5,1,37187,64171.95053731149,50612.06148820834
51051,2022,5,1,51167,52541.356872818586,68500.00254639707
40045,2023,5,3,"40043,40129,48211",48498.386345364066,81246.30716688833
12115,2023,9,2,"12027,12081",316883.64234121796,237675.62074718444
27151,2021,9,4,"27073,27149,27067,27023",67445.90465418222,98147.55426739319
13009,2021,8,1,13141,98744.46742243152,67603.27880218545
35037,2025,7,1,35009,62662.76493885833,93276.25993354108
12045,2021,6,1,12037,171521.3733691629,188078.77667502683
29031,2021,8,1,17181,120954.6924558597,69445.69401669841
27145,2021,6,4,"27009,27153,27067,27041",161644.59117773888,138776.2751116647
41045,2023,5,1,16075,199510.7700317447,282527.12853040284
39089,2023,2,1,39083,179093.10618011793,139109.29201197324
51003,2022,4,1,51540,292806.39744977676,297108.7963664167
13137,2024,5,1,13281,205531.12940038537,243031.8112748552
28095,2023,8,1,28087,78917.29817790391,91749.05711130904
20001,2024,10,1,20107,56610.21480027664,68754.32707659758
32007,2023,8,2,"49045,49003",232780.4468679469,349607.8166508145
35053,2024,7,2,"35006,35003",124887.70323550112,109678.95848193458
53023,2021,6,2,"53003,41063",109846.60198445774,213037.95614282598
17011,2021,8,1,17175,60205.43642988516,78451.43427546066
42097,2025,7,1,42093,68726.0669662294,172183.38388162412
48285,2024,5,3,"48239,48089,48123",137747.43750455437,131255.56666818535
31145,2025,2,1,31065,94685.54376721873,83710.55091743295
17119,2020,3,1,17083,69415.55232201748,84077.33641583553
01127,2021,12,1,01043,71691.14468620683,153963.7317376061
34015,2023,7,1,34011,239387.0128016848,154965.95499918878
26111,2025,8,3,"26051,26035,26073",144626.1473653482,106073.22823277586
13153,2021,3,3,"13023,13235,13021",108394.53895656877,58710.78175677813
13273,2022,5,1,13307,38151.0805343185,83597.6474170098
13307,2021,6,1,13259,73307.43604483297,38952.0360261525
27035,2023,8,1,27095,214144.50490365495,188710.68756165565
38049,2021,8,1,38083,105440.96418354107,105340.21293474376
53073,2024,7,1,53055,410409.9323320603,533000.2205256034
28081,2022,7,1,28057,112749.7341826036,93063.07891657326
12101,2021,10,1,12119,186238.67771275932,240296.08126326604
48271,2020,4,1,48507,,42154.43808982629
19169,2023,7,1,19079,165193.37620562504,76209.94802111608
29021,2020,5,1,20043,69379.337588148,53065.345423966995
19015,2023,7,1,19079,121645.24550051376,76209.94802111608
13219,2024,2,2,"13133,13013",372013.8331135163,251048.70914870052
25007,2021,11,1,25019,763978.5902604721,1355595.0943816202
32031,2024,9,1,32029,405337.54345983226,335121.8861495557
25005,2021,6,1,44001,309419.42113787297,353889.03905677306
48291,2024,12,1,48407,148990.85504269856,129015.01523445996
49023,2020,7,1,32033,213060.8714526882,84473.6054597818
21091,2025,5,1,18123,118988.66877462024,120148.199845133
45013,2024,7,1,45049,343413.07728932664,87770.14694405306
30047,2021,6,1,30089,258236.56993997065,180376.05095674575
26105,2020,11,1,26101,105753.92918466496,99678.2116596584
55003,2023,4,1,55051,102995.17717888206,108721.43337385792
05005,2020,1,1,05137,92162.75459085392,78493.57524314315
13311,2025,6,1,13281,170133.98840383408,237552.45041618985
37089,2021,9,1,37087,234256.49690228445,178362.24783514216
27165,2022,9,2,"27063,27033",70534.0064890338,86993.23586542896
08009,2025,9,2,"08099,08011",,74835.65733469838
28153,2023,4,6,"28061,28041,28111,01023,28023,28067",67604.48211050067,76438.42697707847
54099,2025,9,1,21159,81030.44772981461,65618.4236872864
41013,2021,8,3,"41069,41023,41031",291389.1568866272,164753.3483197424
18095,2022,8,1,18159,93168.7575751345,122648.1445749164
37039,2022,6,2,"13111,13291",122903.17972498066,262277.7170714335
08053,2024,8,2,"08109,08111",268709.1128673616,233531.49881338427
04019,2023,10,1,04023,256599.4248338798,200843.51291608755
40031,2021,7,1,40033,60440.91831539575,40442.77891986777
28003,2020,1,1,47069,78787.66247108595,52631.06123111685
29143,2021,5,2,"29069,47095",37639.66912968824,63306.088146502225
26041,2021,8,1,26089,80086.46828076706,295180.8865284945
22005,2020,12,2,"22093,22047",164335.2783179315,104669.91620582188
30081,2020,8,3,"30039,30023,16059",235447.07126780157,113461.26820574033
18053,2021,9,1,18159,61526.99743744531,110201.64122281125
48075,2023,2,1,48197,59319.98111415692,46080.8176095741
28029,2024,1,2,"28063,28077",66339.32189210349,70802.65766741478
48331,2021,3,1,48287,130691.81669188318,167573.71092348965
08061,2020,6,1,08025,78016.39807575209,65889.27292561301
28037,2021,7,1,28005,102060.50323910924,86920.54177665846
05077,2024,4,4,"05107,28143,05123,05035",66311.54369722113,59574.41137213323
20069,2024,9,1,20083,123995.70053336484,76382.81748346254
31175,2020,8,1,31077,61302.590605698206,85814.90241368873
13229,2022,6,1,13005,126040.6470807556,56789.59028999214
45015,2020,6,1,45089,180641.63501747567,42613.49870215214
36027,2022,9,1,36079,296699.18800542946,331962.0486080407
22029,2020,6,1,22077,55682.73152823018,88868.3554544582
54107,2023,1,1,54105,91577.3216069173,54811.11250573777
53061,2021,11,4,"53035,53007,53033,53029",468600.2547119656,419257.63505381
45027,2022,4,1,45089,94201.54475232812,55485.05098773656
05037,2025,5,1,05067,70575.5479493672,48372.881615759834
13197,2024,3,3,"13261,13053,13307",89033.03796357661,73026.58068323201
18175,2025,7,2,"18025,18143",138125.01983082973,109167.97032188419
48177,2024,1,1,48123,140227.8883900209,114887.12781593256
27065,2021,4,2,"27115,27025",128125.0705422854,162007.35693383
17107,2022,5,1,17039,68378.03068219339,65678.26511381095
17021,2023,5,1,17173,61769.56820466445,79034.44705698214
01113,2025,5,2,"13053,13259",101719.84467244329,55923.87211397063
29131,2022,6,3,"29135,29151,29051",136286.48191737532,128288.39376588368
23011,2020,12,1,23023,133759.68164164163,190903.9872580256
50027,2020,7,1,50017,150885.8155323461,133272.78823156256
08041,2023,8,1,08043,354567.0329426602,231234.8221928603
12083,2021,2,1,12017,133668.00709304668,130493.8907563978
18011,2021,3,1,18107,189344.0482546763,100758.0012874408
48323,2021,6,1,48507,131160.04054662876,49077.83217655944
48349,2022,4,1,48217,111927.4646403816,108766.0034900051
51191,2022,5,2,"51520,51167",121685.90790281876,77982.3473080448
53033,2021,1,4,"53035,53037,53053,53077",460736.2859643816,285808.92309633736
55001,2023,7,3,"55097,55141,55077",114647.93565696168,143281.54727914964
06013,2020,1,1,06095,450225.38692039787,365894.7466816008
29001,2022,3,2,"29197,29103",99131.0846526994,77260.77785621284
13059,2025,5,2,"13219,13221",230664.02717914013,287786.7912556334
55117,2023,8,3,"26105,55071,55015",173520.82779594723,159906.6228818741
38105,2023,5,1,30091,184706.66526098497,95882.75696984712
26109,2023,7,2,"55075,55029",98158.72980555946,155813.42972292833
16027,2022,6,1,16045,363589.40698345494,340646.49281119136
45007,2022,4,1,13147,145091.48629875295,165912.47824625825
46085,2022,8,1,46015,,117834.13739552473
21007,2024,9,1,17003,73695.0088402569,33881.01730676894
05147,2023,7,1,05123,,40426.22688149197
04001,2023,4,3,"49037,35006,35045",189799.22213411223,161126.66993947458
48287,2024,5,2,"48051,48477",194052.0723863283,189036.05335239985
46009,2020,2,1,31107,57932.97867074032,57689.404835945366
51149,2025,7,1,51670,263216.7352027592,147571.954640037
48109,2023,6,1,48243,86578.33181952262,159117.10372813672
17151,2021,6,1,17165,101553.89503220806,37070.58162161298
28133,2021,6,1,28027,73777.94741869663,31293.099039719134
22099,2020,5,1,22077,92351.93812437895,88369.35530957287
28139,2021,3,1,28009,75839.73478868602,91138.01927067364
47113,2022,5,3,"47033,47053,47017",124592.40613707446,83912.58033526312
51027,2025,5,1,21195,47327.081380955315,70209.33989427063
35035,2020,6,1,48141,91006.19835900306,110065.30920135169
08113,2021,8,2,"08091,08033",487592.3109308682,269062.7121668253
22111,2023,7,1,05003,86324.97597083451,44252.42183954132
49015,2021,7,1,49039,,190592.47076653855
30025,2024,5,1,30109,95437.74084201187,101467.25006202263
06029,2025,3,2,"06031,06037",264017.03039089474,456172.73712660745
39139,2022,5,1,39005,83298.52700216348,117874.13637152512
29023,2023,4,2,"29069,05021",77466.44655325504,60103.280701631644
17127,2024,8,2,"17151,21139",59811.2469820654,80157.7991265516
35035,2023,7,2,"35051,35005",137815.76874812468,101830.45756320038
31027,2022,10,3,"31051,46135,46027",116986.7063319572,130821.1136624777
01005,2022,5,1,13259,87929.80693661557,41997.47077598505
17109,2022,6,1,17071,44213.43076301372,69618.19803747248
16039,2021,6,3,"16025,16015,16047",216722.33478689517,208435.15120853976
39043,2021,5,2,"39077,39143",101421.08594720004,90275.65805049281
47069,2021,3,1,28009,56649.37128841556,91138.01927067364
48291,2023,4,1,48071,144200.41821772285,233576.08695176023
21127,2025,5,4,"21115,21175,21159,21063",97198.80095038896,88780.8847951256
13007,2022,11,1,13037,86153.97224494435,47394.248532153615
05061,2025,6,2,"05113,05109",76146.43422046825,96919.71447328613
55133,2024,8,1,55101,336920.2067580771,180948.71785256252
08041,2020,7,1,08119,263531.49029304367,224281.1466738088
51059,2022,12,2,"51600,51610",446651.5944186968,510314.4358293377
28067,2025,7,3,"28061,28111,28129",85649.05242696736,92035.2004249072
51013,2022,8,1,51610,409313.01798582263,565316.9066825454
13285,2024,4,1,01017,122675.22507900436,71905.79647402883
48089,2022,8,3,"48015,48149,48239",151725.32443975526,206010.09194609022
26021,2023,6,1,18141,135544.68588789148,112332.52684758126
51041,2023,6,1,51036,294340.64694244665,159273.03795936317
21171,2020,1,1,21169,50422.42598717586,45783.333020461345
33009,2020,5,1,50017,134703.58482939866,131275.62101773228
51005,2025,7,1,51580,94973.49563332896,54754.410032012645
28073,2021,3,1,28109,132221.69087934095,87908.78963964886
51199,2021,9,2,"51131,51735",254998.50351333903,181773.2298747781
16039,2024,7,1,16083,256837.47464835228,260905.72401701377
27173,2022,9,2,"27081,27083",81626.47812981089,91657.26681790451
26113,2022,8,3,"26133,26039,26079",140189.87871407776,105368.02145769855
47069,2024,4,5,"28003,47023,28009,47075,28139",76775.82478236535,83245.76073696915
06073,2022,10,1,06025,625878.9860024062,219750.2994380411
48437,2024,6,1,48153,59047.16323343763,38302.524096974346
04012,2024,8,1,04027,141372.076133918,210364.78452002633
47065,2024,5,1,13047,227364.356529346,204178.86929106593
28145,2020,4,1,28009,95797.88391197548,78376.49355984367
27111,2021,8,3,"27041,27153,27159",145884.64085775046,126709.55833588926
16001,2020,5,1,16045,272932.017942376,199925.62849044832
35051,2025,9,1,35003,101361.4451981143,142575.07282754732
37133,2022,6,1,37141,163270.91075609822,251565.1464845039
51163,2024,5,2,"51678,51530",178002.07872727278,158400.8768606892
39167,2024,8,1,54073,94972.24445648905,99956.82293702448
20007,2024,9,2,"20097,40003",45324.09167899325,69792.90415247019
16013,2021,8,1,16025,420751.98158773064,213042.6919760139
17101,2025,4,2,"17159,17185",61244.3084199334,63856.313140284896
31089,2023,3,3,"31103,31003,31015",74140.33937643077,90776.5120049003
06065,2023,1,2,"04012,06025",439329.50814234326,173846.40364097623
47065,2022,12,2,"13047,13295",204458.2588442754,157825.32469760274
48469,2024,1,2,"48391,48123",123108.71674089968,92685.01805659465
18169,2023,8,1,18103,100319.67704143965,76257.55078093521
41059,2022,7,2,"53005,41049",207308.5690559521,253050.69891416814
29141,2020,1,1,29135,94467.39144796926,81920.7836682556
29161,2021,8,1,29073,102587.07132253028,90613.08705635511
55113,2023,4,2,"55107,55005",167312.07624784336,119484.42132997516
17025,2021,5,1,17079,48177.122098266096,78795.41930304641
48339,2025,5,1,48407,241889.81924851143,131016.09181689746
22045,2022,8,2,"22047,22007",68721.44987839798,86824.28403526667
13289,2025,6,3,"13023,13175,13319",46732.57866682929,77942.00728140904
20057,2024,7,2,"20097,20083",136330.4678802218,73103.75721737844
51003,2022,8,1,51540,305802.43065782666,308586.60238213924
54095,2025,5,1,54073,61306.38532528227,100555.38611294802
31137,2022,7,1,31061,127112.3668035646,53831.92559388119
12081,2021,7,1,12027,219728.9591011416,122899.47151825287
40107,2022,6,1,40133,53994.160559945965,45341.82327565924
42085,2023,4,3,"39099,42039,39155",76763.45259236886,72040.61459812881
31125,2024,4,2,"31011,31121",105616.02486379573,119301.18531049913
39121,2021,9,1,39115,92393.76999607711,71082.93139080708
48201,2024,2,1,48339,202912.5363639733,243718.79701223085
17189,2020,3,1,17121,63186.09812955992,57794.423582939315
31145,2025,6,1,31065,93185.4993822024,76420.64217271422
17119,2020,7,1,17083,69417.7401165177,78767.15319178563
06031,2021,10,1,06079,216036.10128327072,532294.7964860991
18045,2021,7,1,18165,81679.65563653797,64322.81231091625
05031,2021,3,1,29069,107485.70344580027,73414.1982847406
12057,2024,3,1,12049,286845.17884096847,135016.02233339762
28103,2022,5,1,01107,,76362.17886148638
39103,2022,8,1,39005,192559.39708693544,120759.06483684566
13153,2021,7,2,"13023,13021",114237.74729101593,61329.88860862209
19021,2024,7,2,"19151,19093",115338.96376261192,62522.57701334861
30029,2021,9,2,"30089,30073",354079.962017495,144551.55021603452
21059,2025,8,1,21149,137844.57991316004,106197.29477263398
21103,2020,9,1,21223,100936.18143190828,89058.80630432721
01081,2024,5,1,01017,213393.2922119871,73220.88566539926
35013,2020,3,1,48141,124380.15282483232,107473.59209594029
39133,2024,4,1,39151,160210.35953771012,105608.00225619318
48225,2021,5,1,48455,125530.11397373152,92420.41601857213
49003,2024,7,1,16071,341103.8994903669,226286.12057903697
06089,2024,1,2,"06049,06105",268894.60987331514,125108.04975280154
42115,2024,7,1,42131,121190.2977470036,128909.5782337794
27005,2024,7,1,27029,188459.20070570245,104271.52693556563
49023,2025,5,1,32033,315248.9691183947,106570.17320451204
39157,2025,6,2,"39075,39151",118867.69301788854,151527.01391217468
29019,2024,6,3,"29053,29175,29089",206934.7209796588,107101.55466896707
29123,2022,4,1,29093,75870.65028369128,77092.53297696223
44005,2021,9,1,44001,370264.3051707153,357542.187395829
16007,2022,7,3,"56023,49033,16041",225341.9694684796,290319.4884612377
39137,2025,4,2,"39173,39063",149753.39227506297,144699.10375727946
22051,2023,9,1,22075,150061.16251685363,136767.75117084663
17081,2020,3,1,17121,,57794.423582939315
37013,2021,8,1,37137,91311.33495827898,104655.68945807434
40131,2022,11,1,40105,172353.38045976165,70659.3817494187
20029,2025,5,2,"20089,20123",55138.46463594958,62031.26001755478
29207,2025,9,3,"29223,29017,29143",75685.90050601838,80413.75615448917
16087,2023,8,3,"16045,16075,16003",236347.61415514495,283687.08961007517
17027,2023,3,1,17051,102430.89424705692,77132.40588988393
13259,2024,8,2,"13053,13307",50307.326850416524,82077.69973707915
46039,2022,7,1,27081,141609.84831429928,83149.0340424766
29095,2021,5,1,29107,110478.332470981,100578.07050166912
13099,2022,11,1,13037,63042.60467614074,47394.248532153615
27047,2023,8,3,"19189,27161,19195",100000.52107742731,107397.16811139735
28081,2024,4,2,"28117,28017",114354.56668253396,84643.12714068237
38017,2023,7,1,38003,208404.6578614684,89358.82158177678
28085,2021,3,2,"28147,28005",96221.56846054448,88173.35614029868
13001,2023,1,1,13279,72172.16115625901,66266.31002278201
48177,2024,5,1,48123,143969.3831416586,116316.72414300534
30097,2021,7,1,30059,190411.8672755177,146327.98874277246
19169,2020,10,1,19079,131177.31715378174,59200.991159008896
47181,2023,7,1,47039,80536.6066341605,84563.04256291443
32031,2021,12,4,"32029,41037,32510,32001",384467.53487525886,260762.59807337724
22029,2023,11,1,22107,53891.13237845289,101102.0648872403
04001,2020,7,2,"35031,35006",120996.92387396574,92752.13703562226
51650,2022,8,2,"51740,51735",173405.46839924002,227902.87301887298
47125,2024,7,1,21219,242427.08184149145,129656.78500015604
20131,2022,4,1,31147,81803.25339077112,52689.14592302482
18183,2021,8,1,18169,136587.84089272493,83573.52825116138
34003,2024,7,2,"34031,36005",515213.41948722186,324812.42867127346
27131,2024,9,1,27079,226837.91338580824,218004.00390083904
55003,2020,7,1,27075,75929.51736606615,95972.67864561571
05147,2023,11,1,05123,,41066.71930848576
26035,2024,6,1,26143,85356.79450775993,109153.91363124592
04001,2023,8,4,"49037,35031,35006,35045",191264.78821089817,157726.95694023994
46009,2020,6,1,31107,59479.91325893175,61290.13529199837
54039,2024,6,1,54067,83515.04721166991,82294.2253795841
08077,2025,6,5,"08045,08085,08051,49019,08029",313183.9784392965,369001.43536198646
21101,2024,6,1,21233,118928.45623814402,69896.3536457912
05001,2024,4,1,05107,52446.72656926151,26239.25525292126
47115,2023,5,1,47061,133754.97563633823,93621.1557247218
40123,2021,5,1,40029,82637.04111795173,49629.107874365174
21053,2022,7,1,47027,78786.0034857522,100185.30936418804
30025,2024,9,1,30109,90581.75386544802,101099.12221178134
42027,2022,7,1,42087,192601.77696083416,86070.66174947364
21041,2020,4,1,21223,57019.16420644978,85114.54439374406
35015,2023,8,1,35005,148956.72053699533,99113.88319187929
42035,2024,9,1,42023,109333.1097643644,42188.662437496045
37171,2025,8,1,37005,135613.43167416987,148766.7170377981
46027,2020,4,1,31027,104313.87909461035,87408.27675442783
06047,2025,2,1,06069,343462.0752116326,667629.2069929567
08103,2022,6,3,"08081,49047,08107",176034.39786477308,300094.83056003135
41023,2024,7,2,"41069,41049",155114.08753472433,162737.9139290636
35001,2024,9,1,35006,261494.02450589664,85939.23596288775
17099,2025,7,2,"17155,17123",102243.0008443948,89469.21556055255
16039,2021,10,3,"16025,16015,16047",230928.97784531183,225731.29760210146
21087,2025,5,1,21169,111256.17730608844,103545.965923018
54055,2023,2,1,54089,68549.02896270894,74454.12387436173
31033,2025,7,1,08115,90832.07334078055,90917.25482310572
30063,2021,5,2,"30089,16049",322386.23128829565,167629.75602766452
49019,2023,6,6,"49007,08045,49055,49037,08077,49047",435705.067576608,262597.8022810362
39009,2021,6,1,39115,76617.14545058405,74533.36903602292
05095,2022,3,1,05123,,39311.768161763306
21043,2025,7,2,"21205,21063",104194.9316999057,107124.01444627615
48423,2021,5,1,48459,131204.11306660197,114658.20992836938
16081,2020,5,1,16065,289029.63850669266,174226.0029122233
19053,2024,6,1,29129,73134.06064808602,72639.07889039292
48007,2022,9,1,48057,192597.37412421545,119182.9964035508
22013,2021,5,1,22027,,80614.84694109189
18029,2024,5,1,18115,207625.3999153356,162924.81352176875
45025,2021,7,2,"37179,37007",87687.59295507445,151385.04965669365
12099,2022,6,2,"12043,12051",254112.1835108192,150043.39411392555
39075,2022,7,1,39005,166339.23084284322,120037.40591731592
29167,2022,5,1,29185,144616.3038770704,93795.4876540904
13069,2021,4,1,13161,85908.39196077648,63091.32546982961
27001,2024,5,2,"27065,27095",134101.15281683076,176800.17693209107
13303,2021,8,1,13141,77546.65867794637,67603.27880218545
40121,2024,12,1,40127,73575.61387685541,85254.11875963921
26067,2025,5,1,26117,165783.73500682885,132430.78286411506
47047,2021,4,1,28009,182415.71829918632,90334.290727557
20077,2023,8,2,"40053,40003",33051.18520278498,57601.04476062815
13033,2023,1,2,"13163,13107",85727.52236559642,53684.91104454127
05135,2024,5,1,05065,81631.0568038683,91070.66814162112
46011,2022,9,5,"46101,46077,27117,27081,46079",185882.5745113599,111974.20513146603
17197,2022,7,1,17063,212927.2301175741,178737.59377147665
19057,2025,4,2,"19115,19087",78307.92473920004,97154.51452993133
29087,2020,5,3,"31127,20043,31147",73434.16510259996,48235.36200794002
22117,2021,9,2,"28113,28147",69738.24188365207,86059.09958595256
19023,2024,7,1,19069,97098.02083971736,70902.48158191517
17101,2025,8,2,"17159,17185",57079.43672235627,64087.2522073573
22095,2022,2,2,"22093,22057",122510.06608098428,120405.36751856824
28145,2023,9,1,28117,107978.24657278771,89183.83464157833
45003,2021,3,1,45011,128271.72705481415,83847.43317995401
48469,2024,5,3,"48391,48239,48123",126395.89351277256,105356.05756283284
45009,2021,5,1,45011,63460.16369964538,85315.65801163868
06029,2022,6,2,"06031,06079",235597.13612737707,422653.9456923037
19033,2020,5,1,19067,71641.08109038703,61034.11963908083
40071,2022,8,1,40053,54254.61033268141,61047.923393349854
27051,2021,8,2,"27041,27149",90585.0972599214,137382.643976942
19007,2021,8,1,29197,51118.59644593333,73304.15461855195
38039,2024,6,1,38093,87125.9622975005,119017.5824460109
18015,2025,4,1,18023,140305.610407913,148436.2238610761
30067,2021,7,2,"56029,30059",325258.2285077887,180231.2528676742
26031,2024,7,5,"26141,26119,26097,26029,26047",130069.35405050508,160122.4536400654
42085,2023,8,3,"39099,42039,39155",78458.28594389676,74318.34778068059
17123,2021,7,1,17175,59693.078178587566,79010.9011391347
28131,2021,3,2,"28045,28109",110555.81324636232,104031.84206588494
08059,2025,7,3,"08019,08014,08047",468468.67927576305,404263.5157562359
08015,2021,7,1,08065,382890.9183644553,273435.3865993878
29095,2024,10,2,"29107,29101",144278.02215161957,152188.98849774047
39167,2023,4,1,39115,87136.41704741448,68666.63574771432
16031,2024,7,2,"16071,16083",223617.8293723896,243595.92229802537
05031,2021,7,1,29069,112932.69706027684,77300.93693851259
12057,2024,7,1,12049,285330.90658500866,141016.47482985872
31119,2023,9,2,"31139,31003",145308.34381736626,97219.18397173936
28103,2022,9,1,01107,,76230.1680874154
27111,2023,5,3,"27041,27153,27159",161261.17332396234,139504.2721009746
49013,2020,4,1,49007,141369.77497317884,93674.52775599743
45087,2025,6,1,45023,62210.012926085765,120707.80359792996
20105,2022,7,1,20123,41404.83151889567,66250.66827062874
29223,2022,5,1,29093,73100.28638529735,78028.20547404437
56035,2023,8,1,56039,245678.02546079076,1012928.147897249
32023,2025,5,2,"32033,32015",221924.840948798,116495.21765884815
12131,2021,12,1,01039,315058.2577565113,79657.37053540933
49037,2024,8,1,08033,239202.388572746,182339.55901770425
34005,2024,7,1,34001,284600.13239127165,213911.2235719506
55083,2025,4,1,55041,166995.43904869282,96428.82215940424
27097,2021,9,2,"27009,27153",139238.0868169215,138468.25724343586
48207,2022,10,2,"48275,48433",43496.93224073259,62390.11511239234
16049,2024,7,1,16035,206261.3271132627,181753.4347418636
17045,2023,2,1,17023,59968.97361508497,66259.74607315478
16057,2022,12,2,"16009,16079",306785.48028499534,194147.32538921048
01089,2022,4,1,47051,193587.1617251708,174036.6446106246
35007,2024,8,2,"35055,08023",109777.8073422941,211695.60803592735
48157,2023,4,1,48481,273468.9528086305,128564.56289186885
18083,2023,8,1,17033,77406.75090866139,62087.796778812226
04015,2022,9,1,04012,227929.5220557861,132256.31555221687
31133,2024,9,1,31097,70735.69248508239,87321.41729253285
13155,2020,3,1,13017,60061.79008436928,37886.72342534529
56023,2020,5,2,"49033,16029",141188.71457629933,154954.44749660057
08097,2022,2,1,08065,665416.7103065102,297958.82689463854
30029,2020,5,2,"30089,30077",245755.7691699078,120152.95586860098
40069,2023,11,1,40005,70688.61591187757,98544.32436015736
37095,2024,4,1,37177,92398.55596780976,81580.92822076347
39037,2020,3,1,18075,70715.20910994073,51614.45890804314
16067,2023,5,2,"16053,16063",215508.8483317388,209157.24028040993
29095,2021,9,1,29107,112949.3805625505,103766.155757876
22061,2022,3,1,22027,126673.82105059508,67441.05903237486
18097,2022,3,1,18109,130111.87988322608,171898.85841177762
48123,2023,4,1,48175,111322.32982497626,130469.90228555744
47065,2023,1,3,"13047,13295,13313",203840.89190908463,154022.61042593283
16047,2024,5,1,16083,231015.59157061364,260612.79026096055
47019,2025,9,1,37011,156222.38845289723,206994.54227053272
47085,2022,5,2,"47083,47005",125389.38042601368,96838.60978687459
41039,2021,2,1,41019,279038.96917186485,177386.36341869654
06105,2022,8,1,06089,168579.05572467868,279705.5261639711
16003,2022,8,2,"16045,16087",277928.21065103845,291573.5903244929
40013,2022,8,1,40095,129756.68711355884,104601.61136397337
08083,2024,8,2,"08033,08111",265915.4528191372,268262.7612029601
39015,2024,9,1,21023,151424.86290544327,121542.45785671016
08037,2020,6,1,08065,375299.0860486975,199280.37922307377
30001,2025,9,2,"30057,30023",254888.33740762915,300757.6309537376
48005,2023,6,1,48405,115490.7602414022,115512.2386466501
12083,2021,10,1,12119,154237.680487239,240296.08126326604
27005,2021,10,2,"27029,27159",151884.06980278043,98262.05886644262
51199,2022,3,1,51735,268121.1847952961,275570.18154248473
17187,2022,6,1,17071,50168.89993540315,69618.19803747248
17009,2020,7,2,"17017,17169",81285.0507061071,65336.881951930314
30021,2024,8,1,30109,110409.6917395763,100981.18774723713
48215,2025,8,2,"48489,48047",120365.1539923298,66388.1845904662
05043,2023,12,1,05011,77099.07183596912,57423.194611739695
17049,2022,7,1,17079,101940.56102180605,73372.51617878197
32011,2024,7,1,32015,,135335.99544043592
37111,2020,1,2,"37199,37121",112861.14173680432,96627.42320659652
26071,2025,4,1,55041,67004.30592257672,96428.82215940424
53017,2021,2,2,"53025,53037",263404.5923329852,218730.19385379486
49007,2021,9,1,49039,123507.83491671494,200298.39229412607
20043,2024,10,1,29003,80942.20879739302,150242.5108426053
08077,2022,9,2,"08051,08029",283872.2757466116,314070.64919898525
01033,2022,3,1,28141,100553.1480191736,116098.96703415293
13001,2021,12,1,13005,78687.26409947833,55246.75180157397
18049,2020,8,1,18131,71673.34168052631,62695.534830977944
30035,2023,8,1,30101,91505.65787841615,84537.09728566262
16021,2024,9,1,30053,277308.0065369572,260220.74316903143
13195,2025,4,1,13221,220297.7974784648,194335.75203351327
53045,2021,1,2,"53035,53053",234227.228607488,351697.44736052456
17079,2023,2,3,"17159,17023,17035",75224.01832157398,71440.39950479256
40053,2021,7,1,40003,57319.72676714067,65384.29523529477
47045,2022,5,3,"47097,47033,47053",76774.43414669314,74767.04732274471
31003,2024,7,1,31011,93994.73193333852,130583.65443804726
06045,2024,1,1,06105,341138.61553047824,149147.4535567532
49055,2025,6,1,49019,302045.2861924095,457641.7949941098
49053,2020,8,2,"32017,49021",252677.3279585396,139646.56363329443
18147,2020,1,1,21091,85847.6408696363,86523.18134643212
13061,2023,1,1,13037,58635.903720391136,45953.86542312565
48387,2021,12,1,48449,99861.298777839,129726.55621864674
17113,2023,4,1,17147,127784.16441092764,103863.08123872044
37187,2024,5,1,37177,53237.78708356733,83272.76506374188
26095,2024,6,1,26097,72058.90493082622,104164.592633832
06085,2020,4,2,"06069,06099",794710.5764340834,378432.7380252457
54085,2025,4,1,54073,61371.37512415709,101761.62578992885
49053,2023,9,2,"49025,49021",382446.1899864811,273171.1555533064
31107,2022,5,2,"46009,46135",77082.2752090028,116533.97686881806
51185,2022,5,1,51167,56162.85280972324,68500.00254639707
48035,2020,7,1,48425,95945.71138427591,175540.28368431228
54055,2023,6,2,"54089,51021",74152.25068370829,78924.6861351922
48087,2025,7,1,40057,44295.38070657585,40547.37212513749
18017,2025,5,2,"18131,18103",106982.87094437076,98625.16887464267
29207,2021,4,1,29069,80577.2424082788,74510.43265561636
40047,2024,11,1,40003,66447.07752642954,66174.31595899053
29041,2021,8,1,29089,,78378.53310624468
26103,2024,8,3,"26013,26071,26083",129583.09673940403,83118.62268516021
48463,2021,5,1,48507,112478.77558705746,48409.27976671304
12099,2022,10,1,12051,265936.44782734656,174547.05622505347
21011,2021,9,1,21173,75650.24057841233,121797.18423859587
28123,2025,7,2,"28061,28129",65322.593834008185,95373.42162552092
48295,2024,6,1,40045,72248.49875544423,45704.37204539026
13199,2024,7,1,13293,101150.49917278015,98385.55446076284
22051,2022,5,1,22057,165100.64422973423,120220.0476144852
26035,2021,9,1,26113,76512.1467154415,131921.89671550435
40137,2021,4,1,40033,46198.97057725641,41789.38148734917
56013,2020,6,2,"56017,56029",125915.61942339946,131579.32717767626
19091,2024,7,1,19151,77126.92428042447,50403.024707151
51173,2023,3,1,51021,73510.96054741624,80706.07829768509
37055,2023,6,1,37177,411666.7192792168,79725.19249262616
41071,2024,4,4,"41067,41047,41053,41057",395324.6722715001,377697.2279932716
21057,2021,5,1,21001,78583.58740239592,96802.67800197122
29089,2020,11,1,29195,67651.34841995005,91032.48086799044
47131,2021,4,2,"47183,47095",56118.51194500646,57860.40844822953
27079,2022,9,1,27103,201609.01873211397,196348.07252884112
40117,2021,5,1,40103,62723.4935048742,56094.279431496194
05135,2024,9,1,05065,86730.06466412988,95117.13345910072
19187,2023,7,1,19079,72156.77164662734,76209.94802111608
21175,2021,6,1,21115,83408.06694418623,62850.78369158334
46025,2023,7,1,46005,94457.72683379096,97968.37095429868
08083,2021,5,1,08033,208645.84007296388,143559.1072844264
19067,2024,6,1,19069,75893.48310360422,70463.08889184978
35043,2020,7,2,"35031,35006",178077.8208120682,92752.13703562226
37143,2021,8,1,37073,122414.61109891796,108736.3025028568
19033,2020,9,1,19067,73534.2249723145,63256.670777718595
40117,2024,6,2,"40119,40103",82627.31625654137,98429.66107097222
16033,2020,6,1,16059,88311.18671904011,108084.48139755908
19007,2021,12,1,29197,50175.12973309252,82645.64113925747
22011,2021,10,1,22003,119069.611264678,49748.35118942728
20013,2023,5,1,31147,62524.49276548637,55204.72332805854
48127,2025,5,2,"48163,48507",76837.2439905851,68053.33347240913
47181,2022,3,1,47039,73004.05278573795,89892.99131538137
08097,2025,7,5,"08037,08015,08045,08051,08065",798992.6306735137,463535.03890012915
04007,2022,8,1,04009,236102.3951313372,194160.41903380572
28021,2022,7,1,28063,74934.1624629523,88951.508284415
01075,2023,6,1,28087,91885.77255369956,92076.33547305583
06103,2021,1,2,"06021,06045",197652.0325139908,284084.7055007897
49045,2020,7,1,32033,254337.4881403352,84473.6054597818
13099,2023,5,1,13037,65187.29754473921,46398.040051759795
26123,2022,9,3,"26105,26127,26133",130988.95718634975,120903.85559747992
54019,2024,5,1,54067,78040.8097911027,80916.95528617612
39155,2025,8,5,"39055,39099,42039,39007,39133",83589.1376518112,132469.17216973944
01119,2025,5,1,01023,61071.14714970116,75409.07856883894
28131,2021,7,1,28045,116205.95059358352,127083.58914315088
22033,2022,7,3,"22037,22047,22121",129278.69557976064,123581.07752721624
45041,2022,5,2,"45089,45033",99009.46813137848,59322.4458537732
18067,2023,4,1,18103,88229.0291582442,71738.68789055636
55061,2020,3,1,26019,122679.7563437922,145147.50458358726
13013,2020,7,1,13059,168232.33668050356,139068.71102737865
08091,2024,8,1,08111,505406.2864270439,354185.9633882159
44007,2021,11,1,44001,259619.97747990623,355323.1839267101
13105,2025,5,1,13221,88959.30632678512,192859.1513653509
26053,2023,7,2,"55051,55125",53861.04322386826,158934.37702145815
34025,2024,7,2,"36085,36081",476799.53056843206,458388.5866725014
08013,2025,7,3,"08049,08014,08047",470711.2469683131,446958.7688716133
48323,2025,5,1,48507,164271.9316892818,50378.90525686761
08093,2021,8,2,"08019,08065",293530.28027811967,292225.81133345875
42075,2022,5,1,42043,165551.78524566628,135599.00396782145
41059,2024,8,4,"53005,53071,53013,41049",210763.61006294764,236649.04718288398
17115,2021,5,1,17139,42918.69063678917,80884.10636377583
26041,2025,5,2,"26089,26153",113529.21213083924,238022.46067330506
48245,2021,5,1,48199,90791.91866385196,134590.0076458795
17029,2021,3,1,17139,60993.06604799345,81443.14404696166
39005,2021,5,2,"39077,39083",108068.21635728012,106425.0633189926
49047,2020,6,1,49007,159879.19220065107,93640.88166605627
39159,2025,6,1,39101,254835.60409700076,93605.86229595664
22101,2021,4,1,22007,,101196.79673620618
31135,2024,9,1,31085,126688.30609193083,122208.78625020334
13285,2023,4,2,"13199,13145",106034.46502827836,140425.57169649625
18007,2024,6,2,"18181,18111",120967.67017825232,123745.48071274965
44007,2020,3,1,44001,209174.87720208615,290532.11260326655
39037,2020,7,1,18075,73532.24539352539,53029.06974680984
08049,2023,7,3,"08019,08117,08047",468052.05003584625,445744.42908104835
12027,2025,7,2,"12049,12015",157399.55640223064,173386.82185661694
54081,2023,6,1,54089,74570.83930808783,75104.80503008456
28031,2025,6,2,"28065,28129",98172.74733486216,79653.7382859101
34011,2024,8,1,34001,172390.43093730623,215603.3464237507
51153,2025,6,1,51685,437253.2385165088,370675.1572274568
06053,2020,1,3,"06069,06031,06079",417643.76547656395,362029.96859016153
05139,2025,5,2,"05011,05003",55814.47310784986,44901.91211482734
45043,2020,6,1,45089,121767.20377097202,42613.49870215214
18035,2020,7,2,"18009,18075",49885.75906231804,45788.80171257269
18151,2025,7,1,39171,181537.63147442907,109714.65087508444
56045,2022,9,1,56009,135112.20048079276,178584.82163684815
51199,2022,7,1,51735,279945.76358487556,286850.98016443703
17101,2024,4,1,17033,56633.625208799094,61817.841827031014
48471,2025,5,2,"48407,48455",158405.97717800303,114098.04732926286
08013,2022,6,1,08047,511364.9449321616,376880.2221078683
05141,2024,10,1,05137,89278.4414731334,120936.78632358852
26047,2020,7,1,26097,147571.62110905966,81802.5583716194
18049,2025,6,2,"18131,18103",118193.68055417656,98619.69207523463
37111,2020,5,2,"37199,37121",106731.20421680735,99943.46976307765
36013,2023,4,1,42049,76886.66580350888,104728.19037429268
01033,2022,7,1,28141,101731.30882431392,115755.5360369052
56029,2022,8,3,"56017,56043,30031",247608.4246602502,244921.06783250024
22039,2022,3,1,22003,54171.49562343611,54457.79361433984
51199,2025,8,1,51830,323542.76577145775,267032.37904129754
47049,2025,2,1,47137,144457.589691401,125118.50003014375
35033,2024,8,1,35055,,304984.317894887
47087,2025,9,1,47159,129721.82823357654,179009.8594907357
29229,2024,11,1,29105,107145.74428510788,135135.04196279877
17125,2020,4,3,"17017,17129,17169",48318.82663328703,75759.4651148491
16031,2021,8,1,16053,176400.01318552764,216182.7902441842
29131,2020,1,1,29135,93869.12073202424,81920.7836682556
40053,2021,11,1,40003,54468.707325418734,63173.09256895641
04025,2022,6,1,04012,365443.1048332222,129912.9536585102
22029,2021,2,1,22077,58083.17147786599,97687.51423386704
48409,2023,8,2,"48391,48007",122572.65059027723,133399.59038663347
08089,2020,5,1,08025,59527.90879814345,65637.94471921345
01049,2023,7,3,"13055,13295,13083",127726.7400901824,119501.63145565265
37095,2021,7,1,37137,90902.24967208476,104508.10559749036
48085,2024,6,1,48397,377763.8079289284,327415.0266887536
08049,2020,6,2,"08019,08047",302716.87259613327,254186.4012960718
22079,2024,8,1,22039,81901.22897415292,52292.021031743025
55071,2025,7,2,"26105,26101",168594.51418912722,146654.86149641176
35053,2025,9,2,"35057,35003",124541.14057868626,136963.60560169612
12097,2021,8,1,12055,219685.7168080563,106939.51952774035
46123,2022,5,1,31103,,101284.24729986332
23015,2020,7,1,23023,167170.61695596628,172833.64688755348
47025,2025,5,4,"21013,47173,21235,47067",129796.8784905946,102931.00288926775
36051,2025,7,1,36037,144675.026665338,145693.01712609016
51191,2023,1,1,51520,125904.3376018721,90584.28518498193
31021,2023,8,2,"19133,31173",76646.50583525475,70513.38811934247
13193,2020,1,1,13093,31524.853322701892,42135.81118325671
45053,2024,5,1,45049,263069.54440527555,83814.6627718297
18149,2025,9,1,18131,137187.39770720704,109406.25742043467
29217,2022,3,1,29185,,90980.11013950214
06021,2024,2,1,06011,249194.16031458924,263483.37770536693
40063,2021,6,1,40029,48385.66586462231,49878.11737199843
18099,2023,6,2,"18131,18141",141818.53476814248,103770.00759181667
55129,2023,6,2,"55107,55005",159118.05439453945,122093.18719439008
31023,2025,7,2,"31185,31143",120485.67863110332,122551.32327879654
29113,2020,7,1,17013,145248.25614509676,100504.81998889968
05147,2024,3,2,"05037,05123",,57188.43472390651
56043,2021,6,2,"56017,56029",113016.29098684824,150410.7060614586
30079,2024,6,1,30109,75688.67858385055,101557.85904810992
16043,2020,9,1,16065,188448.92076800487,181568.48576401753
56019,2020,8,1,56033,170476.14671415463,201721.4172025792
48289,2020,4,1,48313,147354.3696908901,79922.23926210962
45045,2021,10,1,45059,172266.23516498265,104869.86326972923
17159,2024,3,1,17033,61698.802913538384,61126.096213921235
16017,2025,8,1,53051,423222.7219300482,199507.80930803812
51173,2023,7,1,51021,77529.66961527085,83540.89399088078
20015,2021,3,1,20049,99379.15341298252,25632.782557747192
20187,2025,7,1,08099,80045.25394627247,87579.22100850032
51155,2021,6,1,51021,120935.87796348357,79264.66684306496
16073,2020,4,1,16083,155732.47084941473,159622.57601603583
51059,2020,7,2,"51600,51610",384974.8627450122,447885.25965698576
17091,2024,4,1,18111,110023.88315597991,117720.1859750206
29161,2025,5,1,29073,134955.2715600295,124172.5438863262
54023,2023,8,1,54093,93509.78161158484,94615.373356471
17077,2021,3,1,17181,49503.64551786799,73459.18774306738
05067,2022,10,1,05037,46290.4445646216,68917.46174745525
26065,2023,7,2,"26093,26155",108861.96935505464,181505.17275656317
55071,2022,6,1,26105,122716.8088413756,134360.0341767113
51005,2023,2,1,51045,82929.82819291044,106001.76495833152
27007,2020,9,1,27071,109121.08897596858,55856.58080244291
20059,2024,7,1,20107,132914.74159357313,70602.18546493426
23005,2021,7,1,23023,303766.41287092393,217980.95533212833
48025,2023,7,2,"48175,48391",90258.73064284294,101478.53065656313
49035,2020,6,1,49029,289281.41851102764,343222.8674053196
42081,2023,7,1,42093,135314.256905026,160646.76825808504
41065,2020,8,1,41027,196561.2051051006,351690.76267839194
06071,2022,9,1,04012,380764.8273993058,132256.31555221687
31111,2025,7,1,31047,125379.66615189589,120800.92861293753
17199,2021,6,2,"17181,17165",65063.702077248854,55482.145006140636
22053,2024,8,2,"22011,22039",74518.72524219092,77117.90318171468
48089,2023,4,1,48481,147682.58465851276,128564.56289186885
35027,2023,12,3,"35053,35057,35005",213066.3749919577,114008.40149064356
51165,2024,9,1,51660,246847.3370505396,225731.42117688817
29071,2021,4,1,29073,127484.04535489011,86529.60445430856
26033,2023,7,2,"26097,26141",104328.22726640676,100102.5937001758
32007,2024,10,2,"16083,32015",245221.145322886,199797.4992467239
06107,2024,12,1,06031,271744.78249171923,267535.47263634385
12001,2024,2,1,12041,197504.56061847135,163096.36939882566
40067,2021,4,1,40033,40910.22508900691,41789.38148734917
56005,2022,5,1,56009,203847.58236858065,174097.76494203345
01119,2025,9,1,01023,55253.3743987052,72610.24073128062
55127,2024,3,1,55101,240807.5592494848,173159.57943675813
39125,2021,8,1,39137,66408.86215046505,118311.2740104374
48231,2024,6,2,"48397,48379",190032.35122219435,242450.79640110902
37053,2024,7,1,37177,360981.9691467306,85817.85211248802
18019,2025,7,2,"21223,18143",188661.17278719912,145578.24989807606
27033,2024,7,1,27127,90374.3858312656,83753.96412875952
27085,2021,5,1,27019,152442.0113953748,283899.41659646103
31025,2023,6,1,19129,164925.7916200036,146168.54792122656
13139,2024,8,2,"13013,13117",291502.92316099233,372820.33262679935
32013,2020,7,3,"41025,32031,32027",161396.56395579065,150956.5374276706
55061,2020,7,1,26019,123289.59349839589,151436.3917022705
40089,2025,6,1,05113,103136.27174824478,93157.77759391125
56035,2022,7,1,56023,210108.18241763316,223099.90607444305
47157,2024,7,1,05035,106376.29621099732,78636.0317084464
27083,2023,10,3,"27081,27117,27173",100955.51202774885,84499.9106459013
49005,2022,9,2,"49033,16041",349683.11097532226,318461.22837878735
06099,2021,1,1,06077,291437.3678202573,320699.14660802064
38069,2023,6,1,38083,,78855.68789244896
48029,2021,12,1,48013,169051.96739964184,150197.97474688737
19135,2022,11,1,19185,80988.88079404294,54928.88397561694
42015,2024,7,1,42131,108309.3816562183,128909.5782337794
12083,2025,5,1,12075,199540.87500995415,177063.799738009
28089,2025,8,1,28051,195669.85265882444,40912.431374447515
48323,2025,9,1,48507,163057.47032943869,53694.14710799802
42097,2023,6,1,42093,59007.02966683327,160031.43443738404
39097,2024,8,1,39021,197509.15368354367,145788.21044160484
19197,2024,7,1,19069,65880.86212417689,70902.48158191517
06113,2023,1,1,06055,460209.80083607975,656651.2737153996
30093,2024,9,1,30023,174779.0920828867,183317.97475669204
31159,2020,3,3,"31151,31109,31023",127224.68352521044,94054.61651899428
39105,2020,1,1,54035,50022.82844051771,78068.68293079866
13137,2025,5,1,13281,209331.16784365868,237561.81941554789
32003,2020,3,1,32017,215714.1605944261,98232.44661254412
06099,2024,2,2,"06109,06009",369981.982560893,310971.1383197125
37013,2025,5,1,37187,116554.10927517156,50612.06148820834
06083,2024,9,2,"06111,06079",598224.4687454399,665108.0106024656
05115,2024,3,2,"05101,05141",129336.16937462673,110542.1072850327
20029,2024,8,1,20123,52817.19959311016,76336.08441459498
53007,2021,1,2,"53057,53037",317077.48318071285,282136.1202661898
12071,2025,6,1,12015,249383.01657040705,217197.8615827904
08109,2025,9,6,"08105,08015,08043,08051,08053,08079",108989.92674426112,308909.5799034242
08085,2022,7,2,"08051,08029",289256.2354868139,314104.91409371677
01061,2022,3,1,01039,87344.89367213618,79122.34790670477
13099,2025,2,1,13061,63966.75494610995,59285.459132363496
05095,2021,3,1,05123,,40919.111568673354
27053,2021,6,1,27019,239981.97620436727,288198.8814986427
19043,2025,7,1,19055,133318.49009793776,114903.81018162223
22103,2021,12,1,28045,186808.73054015313,135487.67889317777
19147,2023,6,2,"19021,19059",70782.42346863027,145723.4766922204
34015,2024,7,1,34001,260763.3902295304,213911.2235719506
26051,2024,6,1,26143,98725.52890627932,109153.91363124592
12111,2024,1,1,12093,287042.7088816339,181390.66170631652
01097,2024,12,1,28039,96498.2219701757,129236.03494027442
51077,2021,6,1,47091,89502.69434751112,110004.25602307609
48271,2021,4,1,48507,,47080.11819979923
27137,2024,9,1,27071,123089.44910425054,72351.05113510578
47007,2022,9,1,47175,115834.33582928852,116969.81579987968
13219,2020,8,1,13059,248698.62503187623,140104.89224542835
12131,2022,4,1,01039,345117.82150511123,78442.62702724435
18011,2025,4,1,18023,257707.3197209447,148436.2238610761
08009,2023,8,1,08011,,67474.02107982265
51800,2022,4,1,51740,210365.94879778704,162922.91831492365
47023,2020,5,1,47069,73423.40746614938,54653.37848585768
49023,2021,7,1,49039,269920.0285045156,190592.47076653855
51041,2024,8,2,"51670,51570",304279.3282035237,187082.6640369076
39025,2021,6,1,21023,168638.29576098995,99496.12017686096
34027,2025,5,1,34037,483174.3516598449,311713.8828727443
05063,2021,4,1,05065,82210.82782577442,76721.85768698693
05099,2024,12,1,05109,,103967.5243192856
17001,2020,4,1,17169,90762.34094770013,75686.99380539496
48035,2024,2,2,"48099,48425",132159.91744389432,190949.2801416951
08013,2022,10,1,08047,500055.8207017552,371757.653921116
18081,2022,6,1,18109,206061.02025675995,180717.26171542984
30093,2021,8,2,"30043,30023",120795.68599756045,173832.94148758406
48391,2022,9,1,48057,79668.11506587187,119182.9964035508
41005,2025,2,3,"41065,41071,41027",461965.2308292391,392678.5603915713
04015,2023,1,1,04012,219498.99580394724,128008.13956061535
18133,2022,6,1,18109,145139.19357964274,180717.26171542984
26131,2024,5,4,"55003,27031,26071,26083",67799.51277674233,129109.94630855093
39025,2024,7,1,21023,208685.3370202153,119940.05676655566
18007,2023,2,1,18181,96608.61545452656,110457.1440375854
01033,2022,11,1,28141,99795.31131544655,113283.83924122284
41029,2024,7,3,"41019,41035,41033",327288.0972350863,238828.56095280257
48053,2024,4,1,48281,273021.1821720709,191067.83715948413
32001,2024,7,1,32015,276371.5181618638,135335.99544043592
01097,2023,4,1,28041,92177.49412775884,67154.69638613622
28073,2025,6,1,28065,168415.60236605434,54948.34601109752
26041,2022,8,1,26153,85030.51026390794,83016.82833890776
24025,2025,5,1,24029,285536.6183149062,244054.68086762703
35035,2024,7,1,48109,145811.43697970637,84597.78908703629
42073,2023,4,1,39099,71334.41346847905,63589.72159002267
06051,2024,11,1,06109,475634.991616298,307371.8635919658
55037,2025,7,1,55041,95628.48137904445,98489.4051088193
17125,2020,8,3,"17017,17129,17169",50145.81232988564,79662.72925674297
47027,2025,9,2,"47137,21053",117211.56415609362,110801.41479050269
17107,2020,4,1,17129,67768.37677242105,101644.54830180544
28145,2024,7,3,"28117,28139,28009",106916.3398178473,86030.00358706333
22103,2023,5,1,22087,189605.436012328,138569.29989752974
19019,2025,8,1,19055,118060.2754804048,114736.6921917963
16019,2020,7,2,"16065,16029",192096.33252007584,156472.01455067904
08061,2021,6,1,08011,94625.52361424523,72110.93302525005
39127,2023,6,1,39115,96312.07229088736,71686.31286336499
13081,2025,2,2,"13315,13093",48883.8708840909,62467.63539669858
37163,2022,8,1,37141,70625.639007523,254827.45258721928
30009,2020,8,1,56029,173068.8173104468,185815.29856131555
47135,2021,10,1,47039,81623.86924324623,82579.43518240082
39155,2024,4,1,39007,76775.70319846288,84807.4817054307
06003,2024,7,3,"06109,06009,06005",313547.2053770502,317118.7236950134
48039,2022,3,1,48321,201742.9742387836,109170.97118011034
37083,2022,5,1,37185,53839.63157452919,116924.47427966516
48251,2022,5,2,"48217,48425",238681.36939041925,171802.56137396826
18141,2024,6,1,18149,122728.68772689428,131181.56181174298
18167,2021,10,1,17023,72590.43030058804,66491.63526695543
13311,2020,4,1,13281,96422.2817389352,155964.8468131314
39093,2021,5,1,39077,111912.71679321676,90313.378153617
55007,2020,7,1,27075,106300.843744788,95972.67864561571
35061,2025,9,1,35057,225384.8041868523,131352.13837584492
45075,2024,7,1,45011,78571.64326921977,86494.22053693973
22119,2021,5,1,22027,71579.8639577821,80614.84694109189
16023,2022,5,2,"16037,16059",,184679.03630632436
48027,2024,6,4,"48145,48099,48309,48281",183135.9915314271,145485.0618659276
27167,2025,8,1,27155,102546.43878592172,53768.553516938555
48277,2021,4,1,48119,92852.20765374928,72868.82221032184
08015,2022,5,3,"08051,08093,08065",452283.9706533402,344007.6523382333
13105,2024,1,2,"13317,13195",93674.3758119741,143071.4342602681
31119,2024,7,2,"31011,31167",150722.00513080813,141939.1689110411
40149,2022,6,1,40075,45768.59481461445,38648.789337253154
40041,2021,10,1,40035,131672.98260482991,66532.1946420311
08101,2020,5,1,08025,123870.36405647184,65637.94471921345
06093,2021,7,3,"06023,41035,41033",169487.8947660383,247575.4220867468
27011,2025,8,1,27155,76795.72960683046,53768.553516938555
13169,2021,10,1,13021,118250.89843470349,56436.92748827494
19129,2024,7,1,19145,148150.6383262196,75470.09696591336
16029,2022,7,2,"56023,16041",191445.30283085865,272434.39838604274
28107,2022,5,1,28137,102454.667947836,129941.9763992584
37119,2021,6,1,37179,231987.44109219455,236737.17099188655
35023,2023,8,1,35029,,102471.31568975798
41029,2021,6,3,"41019,41035,41033",296551.4351592226,203808.8206588203
04019,2021,9,1,04027,223969.85259869613,162676.45158414892
13319,2024,8,1,13175,73900.43718084077,95593.87617803454
51035,2024,4,1,51063,100562.924609081,161957.20522159364
19139,2025,8,1,19115,107780.88074185996,86706.59582072533
51163,2022,6,1,51678,169090.59428622283,183215.89172162508
49037,2025,6,3,"08085,08083,49019",251673.44950065095,349143.37157471915
37043,2025,4,2,"37113,13281",214019.92362252597,227439.09181443707
12043,2025,7,2,"12093,12015",153989.67898237205,200570.9614842693
23011,2020,4,1,23023,116625.52665120806,169679.05350651676
13007,2025,4,1,13087,76800.29382548077,75385.41696284167
41009,2020,11,1,53011,267358.5939876646,328776.9821412096
05009,2024,3,1,05101,137263.06759572003,133349.24564281126
51059,2025,5,1,51610,502578.25840142,623235.9475381592
01085,2024,12,1,01041,78744.39551822032,69406.13223858342
51059,2020,11,2,"51600,51610",398117.6483323959,466851.76401875354
28105,2025,6,1,28019,167286.75419539202,87119.96372180723
18077,2025,6,2,"21223,18143",151321.3607339091,145333.1516892372
30001,2021,8,1,30023,193609.06349083444,118438.85597116694
31059,2020,6,2,"31151,31095",53844.99652567958,53352.281429227296
17143,2023,7,1,17175,59141.84965588548,76341.7758652022
35049,2021,6,1,35028,311459.2202742111,312734.6554085987
06113,2021,12,2,"06033,06055",437818.7778362077,414684.74957069167
53047,2021,7,3,"53019,53025,53043",153815.9118597509,175064.2006668976
16039,2022,6,3,"16083,16037,16025",255756.2608553622,230585.8410803116
13175,2022,6,1,13309,90924.07145755476,58032.16618864853
12099,2020,1,1,12051,163529.43261432406,101032.0109583956
51191,2020,4,2,"47091,51520",90973.93767394788,78369.23190844088
08107,2023,4,1,08103,525473.0676641852,176538.66363838234
13011,2024,7,1,13195,221784.0024670698,218430.28855859963
47169,2025,4,1,47159,213024.83560391655,183507.41439121263
22105,2025,4,1,22095,136884.2881561057,137418.0385369997
01125,2023,7,1,01007,137842.6056674344,152498.4489938276
13059,2023,4,4,"13221,13157,13013,13195",206612.2919651644,225265.5298800164
01133,2025,4,1,01043,89393.10033446185,163339.0658458807
47125,2022,2,1,47083,208873.8223301141,110122.8077958693
29071,2021,8,1,29073,130864.90711094363,90613.08705635511
35045,2020,3,1,35031,162114.01384038807,122790.26530619132
33009,2021,5,1,50009,167590.4976192465,90683.4386270096
55029,2021,7,1,26089,167346.5810394118,289496.711624035
13287,2020,9,1,13017,59246.5971917921,41732.31136169534
46017,2023,7,1,46015,,122099.71315450931
40151,2024,9,4,"40153,40093,40059,40003",60013.15621152747,66649.8763786743
16027,2020,5,2,"16045,16075",214775.1632404786,183521.96737219475
12001,2024,6,1,12041,200032.06376370625,168642.96267300044
30071,2022,2,2,"30027,30005",101223.68619658584,120222.2419052957
55127,2024,7,1,55101,248442.05573721344,180004.33232722458
20191,2024,6,1,40053,64301.579951112064,59118.87234512678
05147,2021,6,1,05123,,40440.088894241424
05133,2025,6,1,05113,86652.93099414009,93157.77759391125
19025,2023,7,1,19021,66195.13997364593,110561.18213176828
29179,2022,4,1,29093,81973.54255835674,77092.53297696223
19117,2022,9,1,19185,98512.40739307016,55269.420070965534
51149,2023,6,2,"51183,51036",250341.96644936255,127194.38983380201
17119,2021,9,1,17027,80316.17397096167,98465.17556238409
13319,2021,7,1,13023,65068.30898340809,65742.31531179912
42089,2022,7,2,"42025,42095",205635.6746048804,174368.4687640605
48061,2024,10,1,48489,129284.22637131384,89783.94943272801
50001,2020,8,1,50017,193963.9692833726,134665.1651528325
47113,2020,4,1,47069,87787.9988012298,54378.17452810381
49027,2021,7,1,49039,181299.5492094336,190592.47076653855
37177,2025,7,2,"37143,37187",77082.57188624084,95276.05846919306
19029,2023,6,1,19165,70867.12836656046,105935.65396582492
19051,2021,6,1,29197,86787.44414985893,66681.00319969056
47091,2024,9,1,37011,145497.91790785163,213769.345701674
01017,2023,6,1,13145,76337.55338840852,202455.53608726943
12023,2024,5,1,12041,159872.36556519978,167905.25429653618
13181,2024,7,1,13317,119943.2789798063,95047.07515794072
08037,2024,5,1,08065,672956.1185056203,352384.2977242847
22025,2024,6,1,22107,,90796.66715232792
48255,2023,5,1,48175,104066.09942505936,131364.7953158234
01013,2022,2,1,01039,61739.83720296834,80170.30372086738
21043,2020,1,1,21063,50819.9170335594,73716.46153629979
12083,2025,9,1,12075,196097.38795714604,173116.38595684283
35043,2022,8,1,35028,262902.8215293461,353186.8525876238
48281,2020,1,1,48333,127681.79438951612,154520.092388122
29033,2025,7,1,29025,84824.2801505126,110762.62625473276
21071,2020,4,1,21159,56378.518417161606,35096.1871680223
19093,2025,6,1,19047,76288.58710487561,91942.55287528972
06077,2022,4,1,06013,403560.6234317497,611535.8349755282
13257,2023,1,1,13011,123868.11405382524,196984.46936424077
51015,2021,8,1,51820,200663.1955165609,165603.1161879568
06073,2022,2,1,06025,580212.3319342225,219460.56756234437
29047,2023,4,1,20209,201817.1241321969,114977.68881165008
49007,2025,8,1,49019,181345.17745562064,458365.18335475377
17133,2023,6,1,29186,181150.61749821337,129976.78390433852
13161,2022,6,2,"13309,13005",70866.38204182948,57410.87823932034
21181,2024,2,1,21201,94069.45644150412,96951.45427577235
28093,2020,6,1,28009,98359.4136582119,81386.92377733284
19083,2020,9,1,19079,52542.50336615939,57667.43384482388
37015,2025,7,1,37187,26992.62906639485,49569.14345771807
48273,2022,11,1,48249,82679.24327461608,76002.8372769404
20037,2025,6,1,20133,67254.98401107312,47259.356382901984
26033,2020,10,2,"26097,26095",92365.33271949504,75448.18444037426
13099,2025,6,1,13061,59831.72525892115,55832.71514199247
28029,2023,12,2,"28063,28077",66796.05027766839,71242.05557587897
49029,2025,5,1,49043,512073.1930952279,649085.2872652771
30005,2023,6,1,30015,106038.20588819834,137174.54055425574
48237,2022,10,1,48077,114127.2230291318,117749.0571850962
16067,2022,8,1,16053,209853.36340002247,260044.36218843656
19185,2024,6,1,29129,54616.18527805753,72639.07889039292
13185,2025,7,1,13173,122142.95561674504,114543.8046189162
20143,2024,8,1,20123,77383.29786544519,76336.08441459498
39065,2021,12,1,39101,84070.43672738802,68850.64101818275
05107,2021,3,1,28027,26846.09001028202,28905.16195205773
55057,2023,10,1,55141,127914.02224075024,117611.2159807537
46073,2021,10,1,46005,,88596.67773748667
40089,2022,9,1,05081,122725.5752496235,75261.71751190787
45015,2021,12,2,"45043,45089",229007.48887061016,102671.78673765325
05041,2024,3,1,05107,52754.152777255826,25694.05303827126
48325,2025,6,2,"48163,48507",186826.65281202245,67684.52633268827
51800,2022,8,1,51740,218046.66077143347,167888.44123348856
20001,2024,6,1,20107,55265.82034634897,70727.41503891355
04015,2020,4,1,32017,150903.77864972773,99919.9899649368
18159,2025,6,1,18023,151839.6920803671,146974.92759641862
19111,2025,8,1,19087,54986.01811788255,105726.47589306143
31133,2022,4,1,31147,67063.89470606233,52689.14592302482
18099,2025,6,1,18131,159857.09917668175,112497.59319515996
39029,2021,6,1,39099,69932.71874065675,58050.12681770228
18179,2020,6,2,"18009,18075",93639.9811876183,46115.5924070771
06085,2024,3,1,06047,1038109.5579087086,332752.66051657725
19157,2025,7,1,19107,118423.00295013974,69552.72592162112
30063,2025,8,2,"16035,30047",425576.8144560539,260762.42998074292
28121,2025,6,1,28129,182680.56332325007,104359.13056072268
55065,2025,7,1,17085,140145.22053252973,130507.94431878092
19193,2020,5,1,19133,89833.05101911195,58805.23022392064
28047,2021,10,1,28045,119237.09844275056,130848.27632272818
41005,2020,12,1,41027,368725.1821512203,376490.2797286204
27003,2021,4,2,"27025,27163",242028.76077801932,244423.31132762332
08075,2025,7,1,08115,159223.6970323668,90917.25482310572
48053,2024,8,1,48281,272582.9860893244,191791.9459274092
23003,2020,9,1,23029,60374.02353334751,70955.13951282432
56007,2021,5,1,08107,87964.02377169141,388604.1785446764
29049,2020,7,1,29177,102137.56401656976,90445.29618089512
24025,2025,9,1,24029,286761.3111968779,242742.6901151066
05037,2023,8,3,"05111,05123,05035",73950.94394021785,65907.63077165793
42073,2023,8,1,39099,73739.7444254973,66741.1920813082
17167,2020,3,2,"17017,17129",67810.58547364845,74856.49139262899
48317,2020,4,1,48165,,125849.26657998878
13133,2025,2,2,"13219,13221",231527.17379156625,290870.7290075965
51179,2025,7,1,51630,405440.2466864301,323966.4067716365
29025,2020,7,3,"29033,29117,29177",72242.21899435109,69534.68934656493
13081,2025,6,2,"13315,13093",45679.20849993002,57770.92010252747
55095,2021,5,2,"27025,27163",156836.55810879398,248305.73774820755
22029,2021,10,2,"22125,22077",49070.15294678398,132804.39145755387
27119,2021,9,1,27029,110097.66448236568,90293.4322927246
01005,2025,4,2,"13061,13259",83240.7297232705,50186.13425899466
39161,2024,5,1,39003,106159.33459832204,92013.12340914772
21227,2024,7,2,"21213,21061",197270.4360958115,133573.85305041372
20003,2024,5,1,20107,88931.42884981463,70695.25775134511
30097,2022,7,1,30059,230206.1512025732,180251.79060477336
48251,2022,9,2,"48217,48425",246648.81460599476,175478.140677993
29181,2023,6,1,05021,80728.03601595537,57877.496169656835
42013,2024,6,1,42009,84483.0442164637,108525.96774889792
22121,2020,6,2,"22037,22077",142778.06519574588,108690.98530258308
12015,2023,9,2,"12027,12055",255632.745526002,156651.8815989361
05003,2024,6,1,05011,45015.87943357072,61879.20787638418
46059,2021,6,1,46005,95280.9151089442,81500.66269596216
27021,2023,6,2,"27153,27159",148029.21995659763,119651.39128231718
31107,2021,8,3,"46009,31015,46135",74243.62924141479,108289.36315998994
51185,2021,8,1,51021,53640.4278731687,78084.00536797497
16023,2022,9,1,16037,,183269.86808156883
48325,2022,5,1,48013,209098.6122419352,156601.9476921368
13085,2021,6,1,13227,243491.53577636252,207480.38910614772
01117,2023,7,1,01007,240125.8842413996,152498.4489938276
18057,2021,6,1,18159,250433.6967810355,107549.6956136044
13105,2024,5,2,"13317,13195",96839.61306570968,152120.1944872069
13157,2020,7,1,13059,195934.09691220956,139068.71102737865
08013,2024,7,1,08047,487510.425925674,369103.3067875565
37023,2024,5,1,37011,157847.84663911292,211453.2113865246
51770,2022,6,1,51775,116682.5614897944,172172.29460742002
44003,2025,7,2,"44009,44005",338142.43209130113,467928.552114884
13241,2021,10,3,"37113,13281,37043",179928.6716376145,174510.64980438762
20047,2024,9,2,"20097,20083",40520.148024417846,74000.16400700512
05147,2024,11,1,05067,,50317.59687779216
48041,2020,1,1,48313,155257.8071990642,77009.08308367628
55061,2022,7,1,26019,161304.25056771107,213675.03620882105
28131,2025,6,2,"28039,28111",126689.32626806325,109566.14981172982
54025,2023,2,1,54089,94147.22318553086,74454.12387436173
47153,2023,7,1,47061,147938.65703366825,96377.68124410328
13263,2021,12,1,13053,85021.94454652397,67109.51113214555
48179,2023,5,1,48211,46319.21127264543,104246.6032096647
13179,2025,7,1,13109,176988.34855336105,83848.74012783707
18117,2025,6,1,18025,93458.6081017707,88462.73571336667
36071,2025,7,1,34037,317272.0074199178,313768.3887807872
12015,2022,1,1,12027,218765.3189476272,138672.13769293347
30067,2022,7,2,"30059,30031",405736.908684381,334714.31140828325
16049,2025,9,4,"16035,16069,16061,41063",213697.9814656357,234580.74767830304
21175,2020,9,1,21063,77564.07212487723,84443.94622179358
55001,2023,3,1,55097,115826.36823314168,170651.68674602718
21127,2023,8,1,21063,79066.16782253592,110123.5244587318
06065,2022,12,2,"04012,06025",442823.032243291,173486.64029815907
32027,2021,6,2,"32013,32001",105796.23502998934,200493.69525198787
55031,2020,7,1,27075,95147.08570493862,95972.67864561571
31059,2020,10,3,"31151,31095,31159",57600.027865332355,83953.5303274702
39019,2023,8,1,39151,88283.89311582659,99790.47861540227
35001,2025,9,1,35057,267857.12983748334,131352.13837584492
13197,2022,6,3,"13053,13307,13259",85766.90194217162,64343.75819017589
46123,2024,6,1,31103,,101674.02220097047
17067,2025,4,2,"29111,17169",54403.62181703362,92178.18586075548
54077,2023,6,1,54093,45218.201704343366,92978.43800494076
26113,2020,11,3,"26133,26165,26035",126584.07892032088,89448.35012889626
13189,2023,6,3,"13317,13163,13301",108469.4177349278,63756.98967136399
42079,2022,7,1,42025,108405.10130827628,139751.0953847131
19161,2021,9,3,"19021,19093,19035",63399.76660210013,76860.28559032067
51191,2020,8,1,51520,93752.26532663,63407.79420628457
06029,2023,8,1,06079,242692.9874039671,611961.5012349411
19053,2025,6,2,"19185,19117",77832.33295632021,69507.47313542828
40071,2023,10,2,"40053,40103",53307.80345480044,61343.078897363375
29217,2024,4,1,20107,81712.42394559552,70293.74282398332
48313,2022,3,2,"48185,48471",117854.1978634884,171652.21942830196
06067,2024,2,1,06005,412867.2618092296,315162.0479288835
35045,2020,7,1,35031,163536.21880691135,126891.33610340836
29223,2023,5,1,29123,70797.81608957365,80017.06907970832
13221,2020,6,1,13059,124330.7675171624,138558.54345101895
23019,2020,8,1,23029,103359.43063805813,68333.27878036934
39147,2024,3,1,39173,98995.2978951087,138277.57152927222
26103,2025,4,1,26083,131504.46223329092,98353.5718446584
08007,2023,4,5,"35045,08021,35039,08053,08079",345465.9291841472,198991.87092064854
28003,2024,12,2,"28139,47069",97670.24994873827,81755.79420469835
06017,2020,11,2,"32005,06005",361987.8984440703,315744.54103676806
13241,2023,3,1,13281,213925.18443728308,218119.033430296
28091,2021,2,2,"28109,28147",70521.3422080263,88903.64789312858
44003,2022,6,1,44005,281068.55394112907,423816.82483977755
30071,2022,6,2,"30027,30005",108811.33272889342,130319.54965873287
27001,2025,5,1,27065,137263.69897518575,158827.05321174345
05147,2021,10,2,"05037,05123",,50594.979637306766
37139,2025,6,1,37143,163117.63583709626,139751.42958029118
42103,2025,7,1,34037,208976.79481215787,313768.3887807872
19139,2022,11,1,19115,100460.18245044508,82030.2871085418
42105,2025,3,1,42023,81515.61085151848,49924.50850225523
13033,2024,1,2,"13163,13107",85506.36000142999,60357.18660527185
41039,2025,5,2,"41041,41019",352532.4647836219,269457.0706272756
21127,2025,1,1,21159,90088.5628059989,58668.379667394714
18023,2022,3,1,18159,110766.40741096548,117820.2865751556
29047,2020,7,1,29177,145955.58894430244,90445.29618089512
19173,2023,6,1,19145,55607.99327524446,68211.61812755167
51059,2022,8,2,"51600,51610",452473.4305156947,517620.91970375506
31031,2025,7,1,31171,125258.78546539338,96492.6958062519
36029,2025,6,2,"36063,36037",190334.76065476355,144154.28955254157
48303,2024,6,1,48153,134520.36991069853,38302.524096974346
29023,2021,7,1,29069,69744.45798514421,77300.93693851259
19003,2024,9,1,19145,60652.130769528354,75481.05139650627
06047,2023,1,2,"06069,06085",321143.31256177346,799562.7150048024
22033,2020,2,1,22037,113518.56553097276,124197.67962898228
42127,2025,4,1,42089,206895.167989245,224780.4999452388
19193,2023,10,7,"19133,46127,31043,31173,19035,19149,19093",119645.57461039812,112972.99656316821
37111,2024,4,1,37011,143494.66768303607,208509.94473618903
08017,2025,7,1,08061,110335.92728601817,109796.97072199424
21191,2024,9,2,"21023,21097",138394.75775732473,132541.56665391618
01029,2023,8,1,13045,126342.01484816908,198542.8945515867
49035,2022,7,1,49029,435226.0144628971,499789.1361584327
51013,2025,5,1,51610,428480.33616777975,623235.9475381592
21043,2023,6,1,21063,82757.67309888749,111113.07044775935
39095,2024,4,2,"39173,39123",77108.60593401175,144699.85225410346
35051,2025,5,1,35003,106858.2192925273,140632.52903341365
26055,2023,8,1,26079,254736.2972055327,121084.52968022069
48281,2023,6,1,48193,190508.95586679628,122980.34580099168
48389,2023,5,1,48243,138523.15183695703,160733.75616300057
51117,2021,4,1,37181,79236.85745697818,75162.5805636976
04013,2022,8,2,"04012,04027",376721.2987914916,165393.3816828404
47079,2021,4,1,47183,79633.67466871867,65918.45673252287
16031,2025,7,1,32007,230363.8890371126,250126.80831278404
56037,2022,7,4,"08081,56041,56007,56023",162524.37734712756,165074.15740768175
48505,2022,5,1,48247,,44670.84243318491
34005,2022,6,1,34021,236512.3486947842,208846.0661458402
13241,2020,2,1,13281,120564.57340522176,153540.19894050443
31149,2023,9,2,"31103,31015",81556.37807762432,97446.113593785
17073,2023,7,1,17175,64875.53692414108,76341.7758652022
26139,2024,4,1,55101,262670.00296674017,175521.74851411078
13057,2021,5,1,13227,262513.0036259372,203241.12610932603
16049,2022,6,1,16059,208310.44282635037,184578.36440876123
48507,2022,5,1,48127,54062.917739246885,93912.62231471164
29161,2021,4,1,29073,96871.90959350768,86529.60445430856
26075,2023,6,3,"26161,26093,26059",108304.97777250124,196715.32438513657
47177,2023,7,1,47061,144831.19408576473,96377.68124410328
17131,2023,5,1,19115,80593.30748857463,80739.38208667639
06089,2020,11,1,06049,221166.0806162596,77234.63486202492
04015,2020,8,1,32017,156924.1221958876,106652.00976808328
29021,2023,8,1,29003,89267.68287139526,138592.02064918753
18137,2024,5,1,18115,162164.0658978481,162924.81352176875
17117,2021,5,1,17083,64950.645099753834,95749.85882969154
05069,2025,7,2,"05053,05025",36141.25758328211,94957.29622706483
53009,2024,7,2,"53055,53031",335565.9090503869,453481.2617421573
29199,2021,6,2,"29197,29103",76397.65847468928,64564.15617497464
47171,2022,6,1,37199,130344.0870876595,187715.65155171257
35041,2025,9,1,35009,77187.03883026526,91211.79424901474
13103,2021,6,1,13031,184966.0567600301,117829.7511898825
35007,2025,8,1,08023,119806.34699679208,106647.54093779909
04015,2023,9,1,49025,218589.9987240791,268077.4892274612
19165,2022,7,1,19027,105369.41613434449,101395.28709043276
39159,2021,8,1,39021,206869.1561209447,121460.52008330775
16085,2021,6,3,"16049,16015,16003",301190.45715230977,206622.58061590735
21103,2020,5,1,21223,94539.04461189476,86142.3126877555
53045,2025,2,3,"53035,53053,53067",310187.70802051754,434874.67834047624
56007,2021,9,1,08107,89901.18059780577,428042.69046032755
48127,2024,9,1,48323,88624.73399824389,155901.628120383
17139,2023,7,2,"17147,17173",87427.62219632778,93761.1670844888
38015,2023,9,1,38083,217479.66948652657,70582.04376891111
31049,2025,6,1,08115,83321.58294318547,92422.6601585687
39161,2021,8,1,39137,78494.12689144856,118311.2740104374
42085,2021,7,1,39099,73566.09259231131,58817.08277447079
06105,2020,7,1,06045,136513.957557793,325142.19537172094
17167,2020,7,2,"17017,17129",67461.2167084833,77909.58715393185
19081,2023,4,2,"19189,19195",82587.03301317904,86514.26461179633
08085,2024,8,1,08029,306648.92609023955,272192.1776551647
08043,2022,7,1,08093,228830.66217347476,353296.10073167685
35017,2023,5,2,"35029,35051",126729.58659991388,103108.70628177235
26055,2020,7,3,"26089,26019,26009",158519.19710959555,168445.45099768922
27057,2024,6,1,27029,176149.59445304875,102608.46733652416
05075,2023,7,1,05055,64306.321307679544,114384.9364614061
45039,2025,8,1,45023,92452.48033109836,119810.72320419866
48005,2021,5,1,48455,105093.4292458413,92420.41601857213
20007,2021,4,1,40003,33193.49563318869,63722.6208732397
27007,2021,7,2,"27135,27029",124918.8153155682,102865.00384408208
16055,2020,5,2,"16009,16079",277250.17040673987,112295.52471994248
37049,2021,7,1,37137,121663.04889335262,104508.10559749036
19165,2025,8,1,19047,117457.0903154892,92921.72659409574
47183,2023,9,1,47079,83888.60145359545,103058.54781299086
20039,2025,9,1,31065,44460.60819458482,70023.30975952286
51650,2020,11,1,51735,134122.72152722554,244719.13739266535
31041,2025,5,4,"31163,31175,31047,31019",77177.18349450883,117698.85304010366
48223,2024,6,1,48379,159949.83683448826,157486.56611346442
55083,2020,2,1,55078,97898.31702396984,89196.47256494396
20003,2024,9,1,20107,93800.64814730611,69361.98220839661
40123,2022,11,2,"40069,40029",99645.2353839361,60891.522760061314
19197,2020,6,1,19079,56873.40063737979,54761.09092540602
30035,2021,7,1,30073,68153.64176486277,90637.8448439929
46121,2024,4,1,31103,,100217.43932703506
05141,2025,6,2,"05129,05137",87974.77793266,103679.1764862847
22051,2023,5,1,22075,155570.23039486425,143893.13769222904
13095,2022,9,1,13037,61676.985332255106,48429.68111145544
51650,2023,12,2,"51199,51735",195420.29228475504,304324.97369228385
23005,2025,6,2,"23023,23001",392396.2372754217,268188.4147694511
08067,2022,9,1,08111,381412.30558319343,298974.3694729851
16071,2021,7,1,16041,159934.2869621245,268112.85846478277
30107,2022,9,3,"30027,30059,30045",98237.23365420166,157732.28750658446
26061,2020,8,1,26083,70816.64479599167,60888.72479793228
24011,2025,5,1,24035,220095.18858197308,353167.42243452533
56029,2023,4,2,"56017,56039",259767.9247800085,545167.6657991485
31095,2025,5,2,"31059,31169",53659.08355715271,81777.81891643899
47031,2024,8,1,47177,196981.8520812035,159556.6405933218
34033,2023,7,1,34011,166683.44684990786,154965.95499918878
48041,2020,5,1,48313,158020.33529561988,81006.56242720214
29143,2024,6,1,47095,52707.14857137361,63964.945817815074
46135,2020,3,2,"31107,31027",127858.39211608411,72256.31664512641
46057,2022,3,1,46077,147738.80952878363,112742.813823737
32013,2024,6,1,32015,198790.9198274722,132889.38873182438
27137,2020,8,2,"27075,27071",86093.82828818225,75351.7353431308
48243,2022,10,1,48377,172975.23691648766,140995.706352952
47181,2023,3,1,47039,73988.90546844709,83286.58306410827
16019,2022,8,1,56023,306987.0643470998,224040.59557295652
22095,2020,7,1,22093,106155.29578830938,102912.94008502211
47145,2024,8,1,47121,165379.55195852276,161464.04288261748
47043,2022,4,1,47083,229023.7900476978,110555.80157003348
18149,2023,4,2,"18131,18141",114577.50308896216,100383.46737950217
30001,2020,7,3,"30093,30023,16059",152831.79447471202,95900.04635993294
40079,2025,9,1,05113,88893.25799794863,95189.41239601852
51650,2022,4,2,"51740,51735",164673.43557648544,220573.17349126976
39029,2023,8,2,"39099,39151",76827.60211114505,83265.83534835523
01031,2024,12,1,01041,96184.20154956014,69406.13223858342
48245,2022,7,1,48071,90019.64495486952,233510.74049561316
48223,2021,5,2,"48119,48379",149370.05576791897,102432.86055437528
13001,2021,4,2,"13161,13279",76106.64844970271,65496.71055836282
29183,2021,5,1,17083,207509.4763726294,95749.85882969154
08083,2022,7,1,08111,261238.84769549957,294226.88589425606
48355,2024,1,1,48007,129228.2040322207,190235.03282307365
49057,2022,7,2,"49029,49033",351948.222715974,412939.4023850302
28005,2022,4,2,"22037,28037",87106.21424530147,119996.01674969727
08069,2025,9,1,08049,418353.1252243414,468424.3025887119
06029,2023,12,1,06079,247665.22358157823,629175.6644465668
54039,2024,2,1,54067,79780.0983796116,77109.76728124567
23019,2025,6,2,"23027,23009",176965.02591661536,224593.15293393916
45073,2025,7,1,37113,147932.11191134746,217089.0779596884
20131,2020,7,2,"31133,31147",69015.19930919523,45759.695684131846
06015,2024,1,2,"41015,41033",248332.33664220976,300114.0715345048
13093,2023,4,5,"13193,13315,13153,13261,13235",56550.178586436174,74709.41895739394
20091,2023,4,1,20209,288756.60905150394,114977.68881165008
26103,2025,8,1,26083,135362.810454122,97226.9566024296
13241,2023,7,1,13281,228396.13998598143,227599.6409013389
29139,2025,4,2,"29073,29151",111924.40934315976,140045.81717707007
53041,2021,1,2,"53077,53053",218136.88202435893,269996.9013907538
48167,2023,4,1,48071,213800.53988681303,233576.08695176023
30045,2023,6,2,"30015,30107",141155.89639425883,117859.49725438173
26035,2022,9,1,26133,82159.27190076628,101225.7647945683
56041,2020,6,1,49033,125039.97574215208,178651.37301603705
40125,2022,8,1,40133,88475.08078583879,45596.62200905983
48241,2021,5,1,48199,108627.6649427326,134590.0076458795
48387,2021,4,1,48119,96214.601187035,72868.82221032184
37055,2024,6,1,37177,430025.5452678424,84625.20557840636
37171,2025,4,1,37005,137466.66320472214,149200.01980935855
48005,2024,12,1,48455,116983.45992733256,99544.41031142203
54083,2023,9,1,54093,80593.40214428969,95325.88604825277
42105,2025,7,1,42023,77736.46614796057,54250.73429705937
37189,2024,7,1,37011,322543.15709570213,213849.13447578344
26017,2025,5,2,"26051,26011",107802.23482373472,90213.84133212887
51730,2024,10,1,51570,137693.78316458434,220219.8857123044
06047,2020,4,2,"06069,06099",226765.81613573557,378432.7380252457
19187,2024,7,1,19151,73135.34037999307,50403.024707151
35043,2021,7,1,35028,217613.6892435993,315671.6726201101
20167,2024,7,1,20141,52618.5839940869,34920.463640401525
47141,2024,2,1,47087,192881.1717747435,119510.59746319352
01077,2021,10,3,"47071,28141,01079",112569.38069056104,110986.77241829618
32007,2022,5,1,16083,233827.25852131663,264465.270465391
49049,2022,5,1,49039,422090.499708058,233407.59507271508
51081,2022,4,1,51595,75522.49138078016,67300.84227377565
13215,2021,7,1,13053,77405.34804039104,64431.97542937548
48469,2025,9,2,"48285,48057",115411.4453464752,124304.91703805536
29185,2024,3,1,29083,95683.71242660348,106344.72807997349
30081,2022,6,4,"30001,30039,30023,16059",412981.9671458949,205516.5305346664
21167,2020,8,1,21005,95685.9539129994,100308.85455525512
40073,2024,9,3,"40093,40017,40083",126857.44933005022,144110.759595128
22033,2020,6,1,22037,115299.7907108062,128513.61515070796
45041,2020,4,1,45089,73327.10182969521,42124.25577024
49047,2024,7,1,49009,238091.25944970237,195666.7772901765
47151,2025,2,1,47137,103643.64905858604,125118.50003014375
53011,2025,2,2,"53059,41009",439975.7247516173,360943.331621302
37111,2024,8,1,37011,148943.1694349817,214027.97831289913
39109,2024,7,1,39021,154135.63795526893,145679.11091313927
27077,2020,6,1,27071,107075.574488718,55314.4860084097
37031,2021,5,1,37137,205396.70847563577,101767.25078251964
51013,2025,9,1,51610,426456.1421527045,630009.3809174977
45015,2022,4,2,"45043,45089",244315.46317805428,110467.07221774528
12029,2025,6,3,"12075,12067,12041",114101.84387983706,158162.99153738035
08089,2021,7,1,08011,83911.65601998067,73226.9170496788
22063,2025,4,1,22095,184738.3336092791,137418.0385369997
36059,2024,7,2,"36081,36005",620553.8659138699,315086.856305072
45073,2022,6,3,"13147,13257,13137",149276.7326964524,159978.47899512856
08091,2022,7,2,"08051,08111",492004.09340722807,331229.1175741465
18165,2024,3,1,18045,71814.00829092225,96229.13387334003
41001,2023,5,2,"41063,16003",167591.79442267105,255336.4910321916
47189,2025,5,1,47159,355873.65084292786,182366.8016663148
48323,2023,4,1,48127,130048.62410521372,85781.12529870617
29079,2020,8,2,"29117,29129",39405.749542862344,60049.4084017757
55117,2025,6,1,26105,208024.6990254463,147046.73825826737
17061,2021,8,1,17083,52640.32620603272,90877.54474589632
13179,2024,3,1,13029,170656.5845396679,284262.85819086735
17033,2021,8,1,17079,,78196.76063088665
17099,2022,2,1,17123,81039.68765490277,61193.84420660145
31179,2023,10,2,"31139,31173",129563.242381099,84771.86012149455
01057,2022,2,1,01107,67178.46605644493,79124.77137738327
20029,2022,3,1,20123,43368.86298404281,63524.611920366406
41039,2022,8,4,"41041,41019,41035,41003",348117.7688004088,279636.7554485065
06065,2021,8,2,"04012,06025",373193.1653446637,159284.59625456124
48043,2023,6,1,48243,141792.3916635719,159117.10372813672
51053,2023,6,1,51183,193652.36934200625,95115.74170824086
19109,2023,6,1,19189,80845.68347519024,83246.29784399556
40011,2023,5,2,"40043,40093",48351.68038759266,68480.11885069203
13211,2025,2,1,13219,270329.4392665367,384775.3537780298
18061,2021,6,1,21163,126836.38989544525,125845.44458353902
08097,2023,6,3,"08045,08077,08015",743950.1018405663,377152.979532507
29123,2025,7,3,"29157,29223,29017",90929.22490031204,106600.00317776036
31135,2025,9,1,08115,109617.59690842382,89748.23402955238
13161,2024,7,2,"13279,13271",80068.0564025597,70005.12337457122
21215,2020,7,1,21005,142646.4034510874,98363.11506986614
19081,2023,8,2,"19189,19195",84838.45683756955,86011.25020458692
19049,2022,8,1,19073,190789.50175650697,65957.37814236355
29037,2024,10,2,"29101,29083",216132.64186880057,140886.33312260488
28003,2023,8,2,"28117,47109",90448.79032861766,87601.24841386068
13091,2022,5,1,13309,77052.22990579547,58251.08469217516
01073,2023,9,1,01007,95009.75506187044,148886.99551505555
39167,2021,7,1,39115,87462.37640558509,74050.43737168064
05027,2021,4,1,22027,79452.49633106857,85950.29682122883
16073,2024,7,1,16083,258913.58936069495,260905.72401701377
28087,2022,5,1,01107,101405.48039233591,76362.17886148638
31041,2025,9,4,"31163,31175,31047,31019",76910.80017141729,114633.04089775946
42079,2024,7,1,42131,129029.07802518306,128909.5782337794
55083,2020,6,1,55078,99507.30038930128,108378.74641023764
46121,2024,8,1,31103,,104463.57779826708
34025,2022,6,1,34021,413554.05109795136,208846.0661458402
06081,2021,12,2,"06075,06085",1047362.0965830015,961843.9014557188
22087,2021,9,1,28045,128547.40704336268,129391.6356981206
19065,2025,7,1,19055,67670.9201732917,114903.81018162223
13181,2023,7,1,13317,105694.90871380387,80233.7789566646
26091,2025,6,1,39095,136400.9842213243,79842.90705673584
17157,2022,4,1,17133,70433.43971233974,170901.34378883636
48217,2024,6,1,48309,124594.63626115637,161071.7202540244
53017,2022,6,1,53037,315016.76312306384,328237.31819376076
41061,2021,6,3,"41063,41023,41001",161359.73875109598,160806.77124782556
29115,2020,5,1,29117,39481.904660529115,62178.23890347744
48131,2020,8,1,48247,,51608.30886341
48149,2020,1,1,48285,163888.1405891022,117548.872194491
21107,2024,11,2,"21233,21033",69827.56713732617,71986.289140272
48369,2023,5,1,35009,77035.45537065802,99407.75253664923
51023,2023,7,1,51045,147793.58181581137,108988.98194125132
46135,2020,7,2,"31107,31027",128663.58524740695,76453.87837412294
51161,2022,6,1,51775,201089.2686611136,172172.29460742002
18107,2024,3,1,18045,130476.22075958212,96229.13387334003
28033,2024,7,1,05035,212308.5605406389,78636.0317084464
51153,2020,4,1,51685,309099.1462491348,251002.33977143856
20157,2020,10,1,31095,41545.01627559745,39485.70244994264
21211,2020,4,1,21005,152282.905545874,94712.89278689522
21151,2025,6,4,"21109,21049,21065,21203",193976.9112123375,107695.79549639068
20133,2022,5,1,20207,45930.14832654628,46618.00808848622
48193,2022,4,3,"48093,48143,48333",125274.9549623861,160379.93173429117
32013,2024,10,1,32015,203637.41697433437,136610.96881908874
19155,2023,8,2,"19165,19129",140097.458796519,125603.64410722352
29171,2024,7,2,"29129,29211",94958.4510813862,66725.49447439052
39015,2024,5,1,21023,147902.87917785105,117363.87054071754
29055,2024,11,1,29073,117971.85213580226,121910.03800057866
18153,2023,6,2,"17023,17033",80278.42457988266,62744.35400892253
22073,2023,1,2,"22083,22067",82984.73722227667,67412.95102167309
54085,2023,7,1,54105,56811.29786516668,55171.98036011762
27057,2021,9,2,"27029,27159",146421.6165551084,98088.70391196512
41045,2025,7,5,"16087,16027,16075,32013,41023",204771.81646052736,249126.48363025353
27005,2021,6,2,"27029,27159",153243.12974693722,96291.95566114408
21035,2023,1,1,47079,98270.17098971542,98890.12141113768
46115,2021,7,1,46005,53775.705538529735,83366.61656614086
56003,2022,5,1,56043,139252.58696549048,132167.61980723008
05139,2023,4,3,"22067,05011,05003",59259.78261584372,48807.07571535682
31179,2020,7,5,"31039,31167,31139,31027,31119",91228.8110321437,94622.98411927186
28065,2024,6,1,28077,52511.696867036786,77635.54966370865
48077,2021,11,1,40033,113849.5771485772,38777.14772675838
29201,2024,6,1,17003,97899.42463112368,34067.28998044762
31021,2024,8,3,"31173,31039,31053",87356.32260480321,116702.88740004953
40107,2024,4,1,40133,61618.709410923824,47558.80527098986
40141,2021,9,1,40033,23134.96687064922,38335.10416113724
48181,2022,4,1,40095,178475.94959570825,100550.75265744992
21145,2021,1,1,21039,75915.79130462364,52931.339157543574
24005,2025,6,1,24029,252132.4883551758,243298.5714204352
46059,2023,7,1,46005,114303.73666443628,97968.37095429868
17023,2021,3,1,17079,72567.15516706025,80463.070177829
18151,2023,6,2,"26023,26059",163026.199852358,99511.36978222533
26009,2021,4,3,"26089,26137,26039",136201.04367171743,155139.03508550065
29071,2025,5,1,29073,162887.3577644039,124172.5438863262
29125,2022,6,2,"29073,29151",111665.37511728267,116652.21822868742
32023,2020,7,4,"32017,32021,32033,32001",198635.1796444207,112869.01131440431
51800,2021,8,1,37073,197967.31643771357,108736.3025028568
29129,2025,9,1,19185,62040.08906229333,51515.34505522799
27025,2024,8,1,27065,269283.66290898115,162057.37394047613
29195,2024,8,4,"29033,29053,29107,29089",101936.40205088626,115677.31177729747
39041,2025,8,3,"39101,39117,39083",343900.26130846556,140406.79833319885
18099,2024,6,1,18149,156382.4945867772,131181.56181174298
05135,2021,3,1,05065,76482.16910742772,75836.35823294772
21067,2025,5,3,"21049,21239,21017",223518.1380013449,189324.33098352014
26071,2023,7,3,"55041,55037,55125",55486.887158947146,132039.3323141617
31089,2020,5,2,"31107,31003",58266.510101272645,62031.13008258566
38053,2024,8,1,30109,216520.91262367668,100981.18774723713
12125,2025,6,1,12007,139214.53208566157,147509.29060989662
31127,2024,8,1,31097,80108.87151777805,85632.40254313049
17051,2020,8,1,17121,78618.75107430793,61311.99459356002
40113,2021,9,1,40103,93314.0024398669,55365.54655939618
31017,2022,9,1,31103,59494.05394143882,102806.18227552186
26141,2020,7,1,26097,82582.93708516019,81802.5583716194
19135,2025,6,4,"19007,19185,19051,19117",82912.86131361117,75079.05135904753
48271,2025,7,1,48507,69975.52804861206,50646.73607905367
47019,2022,4,1,37121,125620.92901522695,113339.81447692924
13033,2024,9,3,"45005,13163,45011",90329.7130817237,63801.70519071245
13069,2024,7,1,13271,102742.77830578235,60067.033054395615
06035,2020,11,2,"06049,32031",123667.5628600118,191017.86806463657
24015,2025,5,1,24029,269546.19963638316,244054.68086762703
51165,2022,8,1,51660,210174.52641126097,210014.74844207685
51003,2021,5,1,51540,265888.2297001405,268429.16781035834
37017,2025,5,1,37141,77814.34256018758,279461.77216716344
31109,2024,9,1,31097,202226.87488595027,87321.41729253285
18071,2025,4,1,18143,150315.85760144287,129837.26236230652
18017,2020,7,1,18131,58850.19949619404,62475.25772342001
51700,2022,6,1,51740,166250.62691765116,165680.73084589426
39005,2024,4,2,"39103,39169",131190.89544862483,180437.81679638822
17149,2025,7,1,17009,55427.83301801124,82554.67901298193
12121,2024,5,1,12041,159328.25644268226,167905.25429653618
32510,2023,9,2,"32029,32019",367551.90448455414,322958.18759800785
48221,2020,5,1,48425,169809.06145998227,173589.03532587862
13291,2020,4,1,13281,148995.3837136835,155964.8468131314
18019,2023,6,1,21223,170418.58640765847,123974.08425316936
05057,2025,6,1,05109,56948.4390831982,100681.65135266102
12107,2025,8,1,12007,103545.96338005384,148602.61420696796
21161,2023,1,1,21069,67524.67654048729,80153.7506235764
47187,2024,6,2,"47081,47117",564021.0103379803,140409.62423372807
45015,2022,8,2,"45043,45089",253258.16637987932,114931.15515884539
41047,2025,4,1,41065,360038.4922745647,283586.7582436398
48061,2022,5,1,48489,119562.44973731336,100461.54602391557
48309,2022,5,1,48217,153353.52690530012,109773.1420337924
13135,2024,2,2,"13013,13117",338341.9717573928,365000.068829707
40115,2024,10,1,29119,79075.92066755613,127730.92247301032
29121,2022,6,1,29103,82590.95424677867,72130.73704531886
16017,2020,6,2,"30089,16079",247046.51598705017,118308.35541575908
40151,2020,11,1,20033,50391.89919796555,37765.15135171776
01129,2024,12,1,01023,,82652.27489319575
21069,2024,2,1,21201,87036.16064343111,96951.45427577235
13241,2020,10,1,13281,134486.3319992206,166060.14116427567
47189,2025,9,1,47159,355124.73490795464,179009.8594907357
48473,2022,8,2,"48015,48185",247937.78972050673,219865.4611945465
40049,2022,12,1,40019,65823.06729574401,90283.38458135044
29019,2021,8,1,29089,162572.3338767495,78378.53310624468
05041,2023,6,2,"05107,28011",54097.43279975035,48401.10572479793
27061,2024,8,1,27071,130924.63867594072,72515.76619272148
26001,2021,7,3,"26129,26135,26069",109413.86965411424,85145.20673506211
55075,2025,4,1,55041,118041.38194454536,96428.82215940424
29013,2024,8,2,"29083,20107",112025.73212382093,90774.9328086188
47133,2021,5,1,47137,114213.70726962246,100019.00130391958
48483,2023,2,1,48211,50605.69279427425,108218.58530378496
13249,2025,6,2,"13193,13197",98186.21017484192,60465.64213024426
35043,2023,4,5,"35045,35006,35028,35039,35001",264749.0247893321,209939.87512075366
19037,2020,9,1,19067,84809.86220002596,63256.670777718595
46025,2021,10,2,"46005,46077",97010.20878396188,98048.00035175013
28047,2024,1,1,28131,137541.25202005883,113680.76782275469
29075,2025,6,2,"29063,29061",68210.98507543265,114420.71523987805
04001,2025,6,2,"35003,08083",195521.7337263644,207284.15177427797
06065,2021,12,2,"04012,06025",394153.11525580566,167372.82634651175
13099,2023,1,1,13037,61872.31981506274,45953.86542312565
18057,2025,5,1,18023,322638.99375538644,147739.15495676105
21157,2021,8,1,21143,128938.14584087336,90121.8495096784
04019,2022,11,2,"04023,04027",255638.49969293972,196217.02404993796
17115,2022,9,1,17039,41230.61084706014,65135.32497435925
22125,2023,7,2,"22037,22121",211588.66173574096,142587.75269325252
39155,2025,4,5,"39055,39099,42039,39007,39133",82171.47368395395,131447.32318720495
45041,2022,1,1,45089,92439.96864419492,53000.132329426466
48101,2022,8,1,48197,35096.22766205744,52461.012412413904
40011,2023,9,2,"40043,40093",50411.44415706786,68095.50908887402
13211,2025,6,2,"13219,13237",262406.4199168211,291773.6433199652
18121,2022,8,1,18021,88507.52516673175,88273.25532358167
18019,2020,5,1,21223,124557.14552657846,86142.3126877555
51153,2023,9,1,51685,406700.6873712355,339396.7597453779
41047,2022,3,2,"41065,41071",342507.12626976013,323631.2472528287
12019,2025,5,1,12007,254118.35443411415,147800.51868057414
01009,2022,2,1,01043,149398.56002976937,156208.21042236502
29117,2025,6,2,"29025,29061",92042.01842971386,110445.0596850421
44007,2021,7,1,44001,258369.2123050607,357786.3274593819
18157,2025,5,1,18023,202178.84840019708,147739.15495676105
37189,2020,2,1,47091,177145.82251867326,93163.91179931986
18075,2021,6,1,18009,62977.36735191508,45611.29271913799
28087,2022,9,2,"01075,01107",99937.73946705872,83685.09437917292
39009,2023,4,1,39115,75302.08490626489,68666.63574771432
51191,2021,6,3,"47091,51520,47163",107991.02282043548,100592.47843254264
48467,2021,1,1,48379,145380.69483189643,127293.31684818894
17161,2025,5,2,"19115,19045",87748.13866475904,87466.24224749047
32027,2025,5,2,"32013,32015",137193.2831162995,166755.40389921478
44001,2025,9,1,44005,477938.4288244255,496566.1525217869
39107,2020,7,1,18075,100335.94458013476,53029.06974680984
13245,2024,4,1,13163,111731.81053164344,58772.41484424152
01013,2024,12,1,01041,64003.6518735688,69406.13223858342
37039,2021,5,3,"37075,37113,37043",99510.44261062324,130379.38017851337
06043,2025,2,1,06109,288216.2670496535,310954.16467141936
35049,2025,9,2,"35028,35057",377513.5623997533,280233.88906296395
29173,2025,6,1,29137,142630.8730723513,105195.89026708638
13105,2023,8,2,"13317,13195",90468.08288663324,139688.16517219483
21185,2023,7,1,21223,274009.103397471,125197.17808028145
26041,2020,7,1,26089,66859.45115840044,241264.92409276325
55125,2024,8,1,26071,218410.90291701857,64266.8820915045
30077,2025,9,1,30023,196812.74658630168,179016.4714839663
01035,2022,2,1,01039,66758.71175517833,80170.30372086738
19069,2023,6,1,19079,67161.98205672232,75467.15973926293
29159,2021,6,1,29107,75159.5774788251,102404.5381923322
19177,2022,6,1,19101,72280.19862157624,99966.7669177804
40085,2022,8,1,40095,101738.720609635,104601.61136397337
05147,2022,8,2,"05037,05123",,53303.058085326455
38027,2024,7,1,38031,,98927.14533279683
04019,2024,4,1,04023,261216.31506169797,203493.16032818903
36089,2020,3,1,36041,47363.77964252637,75890.78826739786
48117,2025,4,1,35009,111347.91317127692,94107.19238061
29127,2025,7,2,"29137,29111",96434.23382791574,106964.49234132093
31153,2023,8,1,19129,246677.69023021148,144384.82441844232
06033,2024,2,1,06011,201337.0667931025,263483.37770536693
54081,2023,2,1,54089,71687.7504288595,74454.12387436173
29053,2023,8,1,29135,133121.35246673666,113252.85298268004
20157,2025,8,3,"31169,20089,31129",51587.20856055987,56594.62554425746
29111,2021,4,1,29103,85574.9905389526,60221.13679658802
51153,2020,8,1,51685,311651.71936638973,252482.8609219593
16001,2025,8,2,"16027,16045",403643.789911214,325776.8193840011
28127,2022,5,2,"28065,28077",93698.87434498756,72906.8830488614
18035,2020,3,2,"18009,18075",47865.88891352076,44852.11490003127
06027,2020,6,1,06051,243912.7437998772,318554.1306236307
42099,2022,6,1,42043,166208.89130813172,136917.2268238488
21047,2025,1,2,"21033,21219",118247.63074162086,106560.39325079965
37185,2021,4,1,37181,93189.7695503522,75162.5805636976
51650,2021,3,1,51735,141525.86419950705,253923.80667187413
21171,2022,1,1,47027,72801.439069789,98006.53728377473
16055,2022,6,1,16009,452304.29404430225,217638.22844415272
13035,2022,6,1,13159,172769.43806163862,171273.66804760203
54059,2020,4,1,21159,29764.43502087028,35096.1871680223
13107,2024,8,4,"13163,13279,13283,13175",68570.58847532749,76349.93447147914
05111,2021,4,1,05035,66793.12349030252,75992.15899738194
21035,2023,5,1,47079,99059.78163013246,99762.4999175172
08027,2020,8,1,08109,156069.06850804202,90599.47263992186
39093,2022,5,1,39005,125491.18654060928,117874.13637152512
28067,2024,8,1,28111,80382.06693836999,90770.1003220142
29035,2021,5,1,29179,,74014.20641527417
37075,2025,5,1,37113,114076.01492853872,216846.4146436276
13045,2021,12,1,13149,167906.00989467374,129146.32866704935
17123,2023,5,1,17175,69418.33479173754,75881.51927246728
35049,2022,8,1,35028,359788.45912003884,353186.8525876238
55029,2025,8,2,"26089,26019",230225.40515404273,312770.9132731395
40029,2023,8,1,40005,52548.07898161522,93097.77973583004
51199,2020,10,1,51735,237296.47624042537,241918.0265459315
31119,2025,7,2,"31179,31167",158950.70811346886,151842.66670090702
29177,2025,9,1,29025,155114.5365642039,112036.71205657942
13241,2022,6,2,"13281,13137",222228.0767608064,205633.77897850523
13017,2023,7,2,"13315,13271",56601.404068082375,61051.94068950885
21053,2021,2,1,47137,61270.42670950029,94341.9194925166
48283,2022,9,1,48127,82406.98382475258,93831.01699467936
47047,2020,1,2,"47069,28009",163732.55656601835,65233.780214538
30083,2024,8,1,30109,167605.79788427494,100981.18774723713
20105,2024,5,2,"20123,20141",45711.55869328266,53635.52856424838
17183,2022,9,1,18171,42168.4424600758,102577.0012270152
51163,2023,6,1,51530,162482.0242442139,101619.3300179744
17163,2021,7,1,17027,69151.7822411193,99395.62052653798
39091,2024,6,1,39021,143870.56505372518,145552.5465305373
16005,2020,8,2,"16029,16041",154509.1301241505,171685.1299565502
22009,2022,3,1,22125,83437.03765613817,198190.62295416163
42105,2024,6,1,42023,82361.55785377765,41289.20076650636
13165,2021,5,1,13031,60530.81297188784,116567.03227477802
48485,2024,9,2,"48009,48487",93570.45877006667,81500.87507450173
06053,2024,12,3,"06069,06031,06079",636569.3309201427,525857.2101530901
35061,2020,7,1,35006,130821.21732687792,58612.93796783616
50007,2023,9,5,"50001,50011,50015,50013,36019",348488.9808436524,238116.56874721698
21115,2020,5,1,21159,48737.23309127722,35485.84349877721
48455,2022,3,2,"48373,48471",102681.07034021294,126711.02372236855
24015,2025,9,1,24029,269568.77479277184,242742.6901151066
39019,2024,4,1,39151,91615.5388099142,105608.00225619318
29175,2025,6,1,29137,82273.45455262566,105195.89026708638
51003,2021,9,1,51540,271596.8656630622,275368.9659516285
18063,2021,3,1,18107,190470.0857762179,100758.0012874408
39119,2023,4,1,39115,98491.80235217082,68666.63574771432
51700,2022,10,1,51740,169940.0170101842,168064.44337712135
13189,2024,2,3,"13317,13163,13301",118233.15723872089,66877.44278284855
21007,2025,1,2,"17003,29133",72222.39932789515,44691.85413488328
29113,2020,3,1,17013,139826.0403416286,94623.73629719926
51119,2021,6,1,51131,177274.1977982251,102410.07649793343
08099,2021,8,1,08011,82224.14773635029,73213.62300949295
06073,2021,9,1,06025,542233.1682496248,207394.92679131048
19083,2023,4,1,19079,64331.987925040616,74048.92727644513
17077,2024,2,3,"17199,29157,17145",56615.730272731715,85911.3424876931
17025,2023,7,2,"17159,17051",49506.49313961865,71660.99097337155
06019,2023,1,2,"06069,06053",272199.47994131414,602214.1296153986
19193,2024,8,2,"19093,31173",124904.70771737777,73384.42868070595
50005,2020,7,1,50017,112441.82037608864,133272.78823156256
13153,2025,2,3,"13193,13235,13093",156487.85008942426,64439.91264211553
19149,2021,10,4,"19167,19193,19141,19035",137936.52222453034,100764.20706728472
54107,2025,7,1,54073,102861.480821711,99893.7780256806
20007,2023,8,1,40003,37624.50579503458,57576.2323575599
56007,2025,8,1,08107,113941.65259787334,577739.863852642
28011,2025,6,1,05017,71389.75421464723,48305.84596891713
13111,2023,4,4,"13291,13213,13187,13123",267042.504888087,214517.6274097954
12001,2025,6,3,"12075,12041,12007",194036.7630015615,162891.21456350086
31023,2023,10,1,31159,106000.98192396398,171881.14618231857
13167,2021,3,1,13283,53245.792374506855,62322.22012026134
47161,2023,8,1,47079,125299.74695670714,101670.44071832063
01081,2023,6,2,"13215,13145",203375.0555748945,146115.84771563756
21069,2024,6,1,21201,95008.36449303546,107593.19641558382
19025,2024,7,1,19151,74072.01607377682,50403.024707151
51095,2025,7,1,51830,326266.59378842707,267393.05858918256
40113,2023,6,1,40103,94995.39260700007,64366.43478406131
19139,2023,7,1,19115,100275.37445622908,82192.00546256933
29025,2024,10,2,"29033,29061",111079.07479989449,97705.64598722084
17159,2022,6,1,17079,60805.05128237312,74602.30121337315
29007,2025,7,1,29137,96419.22203958948,107561.07658471522
21015,2021,2,1,18115,181028.5919449895,118806.72123983846
41045,2022,8,1,16087,203284.10277199527,247053.09215361605
01059,2023,1,2,"28141,28057",99706.76171661292,97754.39566397139
47167,2024,4,2,"47075,05035",164140.25118871895,85304.62668485614
16061,2024,7,1,16035,182116.52335741092,181753.4347418636
37015,2023,6,1,37091,32199.16936424919,61491.643203299434
21031,2024,7,1,21061,110914.36656720108,100315.4368730623
28095,2024,6,1,28017,78513.80960837446,81754.30264760238
32007,2024,6,2,"16083,32015",239168.66397984172,196775.2835563722
04015,2021,6,1,04012,188373.15159845495,107946.60910619676
47141,2021,9,1,47159,163871.04303157388,164483.79475100525
05055,2021,4,1,29069,99224.83638165524,74510.43265561636
06073,2023,2,1,06025,607519.224432486,221446.85133242063
30081,2024,7,2,"30039,30023",400864.0865194988,219568.7801824491
19063,2023,7,2,"19059,27063",65899.41616648018,140235.0611312962
41065,2023,5,4,"41021,41069,53039,41027",270256.04646633373,242649.90704521898
19103,2023,5,1,19115,170956.4291708302,80739.38208667639
53073,2023,10,3,"53055,53047,53057",400644.7558242812,361073.48701621086
01111,2023,9,1,13045,97419.75553255196,200289.38260164237
48499,2025,5,1,48379,163415.53465326983,156926.54372810823
26055,2024,4,1,26089,262850.294614027,366551.2225936265
46039,2021,8,3,"27081,27073,46011",125627.21658360044,106057.70462182273
21053,2024,9,1,47137,90947.81736109935,116676.23948706116
48225,2020,4,1,48313,112054.37815361412,79922.23926210962
28037,2020,12,1,28005,96274.1019457902,82930.18709743548
55027,2020,6,1,55055,131168.20922194203,160313.15110075826
37061,2025,5,1,37141,96631.61197493314,279461.77216716344
06097,2020,1,4,"06033,06095,06055,06045",468894.8200092713,341148.66567922686
54001,2024,3,1,54093,68251.10060537736,97647.50292759806
20007,2020,7,1,20033,28854.799059525423,37387.06170762499
28011,2022,5,1,28027,83034.13435004956,28845.612709144523
39063,2024,5,2,"39003,39173",146549.9635985555,116646.09992923746
21059,2021,8,1,21091,103821.76026685716,95690.5066242906
23017,2025,7,1,23001,193622.9491785628,239999.31522041897
38043,2023,5,1,38083,,82580.61272658526
12083,2025,1,2,"12075,12119",203931.77804019256,237625.1311169486
05027,2021,12,1,22027,79897.66309757884,67342.89902405943
39009,2023,8,1,39115,77665.35508938489,73570.56971165299
32027,2025,9,2,"32013,32015",141607.81981043358,167403.96193869965
13245,2024,8,1,13163,114069.79263647072,62003.29938190727
54059,2025,4,2,"21159,21195",43274.53682016071,68732.30290828698
45091,2025,8,1,45023,249874.75781941364,119810.72320419866
13031,2023,7,1,13107,154181.5464490973,57300.786717350515
13279,2025,5,2,"13283,13209",72083.09810432814,63282.84597463056
13157,2024,8,2,"13195,13013",305560.2589830244,253687.6506155833
48049,2022,5,2,"48093,48333",89985.77138774842,153755.55267116852
26061,2024,5,3,"26013,26071,26083",93921.90345068216,81290.67776623821
29159,2021,10,1,29107,75295.44008244098,104159.00166536849
51195,2025,2,1,21133,68162.68362578614,46787.34358859126
05147,2022,12,2,"05037,05123",,52309.42464624095
06011,2021,10,2,"06033,06021",227038.39309765605,217409.1432898717
13137,2023,8,3,"13011,13311,13281",188772.74331236785,197118.10458323322
37189,2025,5,1,37011,318356.77743399004,209907.90846534536
01103,2021,10,1,01079,133559.25222169526,125834.96225217672
47011,2023,1,2,"13213,13313",183262.91109866335,152762.8661585924
18053,2022,7,1,18159,68400.73377248179,122623.17861168238
48479,2020,5,1,48247,119716.6548707876,48754.73952505808
48231,2021,1,2,"48119,48379",132114.18974657363,98067.10829011665
27137,2024,5,2,"27075,27071",121959.20580354347,108513.0124421745
37009,2020,4,1,47091,143210.2916947399,95543.43643471591
27115,2025,7,1,27065,129975.90976825816,160522.39532407362
08083,2023,3,2,"49037,08111",256137.0688192282,266347.300036008
22111,2022,12,1,22067,92621.38171170613,50612.41263829393
13219,2020,4,1,13059,244870.61421691463,136300.922996608
36091,2023,4,1,36041,268914.04149606876,103320.9227730614
51153,2020,12,1,51685,327242.789018663,265612.6196721786
49003,2020,5,1,49005,223273.07426368873,221285.02498356267
31121,2020,7,1,31141,75782.18880939811,122701.91803530046
21229,2020,6,1,21005,86649.26892719265,97037.88809866102
28133,2023,12,4,"28027,28135,28083,28011",58047.24633429473,45451.85511076602
29001,2021,6,2,"29197,29103",93669.53396032262,64564.15617497464
20143,2022,7,1,20123,64522.42101851609,66250.66827062874
41023,2023,8,1,41069,153158.36254680753,125628.79859985875
51650,2021,7,2,"51131,51735",149765.94893303327,183289.24590922976
16019,2023,6,1,56039,280597.66005060455,989419.7919677604
42061,2024,6,2,"42057,42009",92932.97265464989,112450.65166897823
19047,2023,4,3,"19133,19165,19093",81566.11994736966,81940.50200579267
29131,2023,4,1,29135,136833.07784110465,111508.41527121268
28149,2024,8,1,22107,74877.27357912407,92649.18901628764
49019,2022,7,1,49047,427361.8431228095,205685.94168376023
13311,2021,8,1,13281,127846.58617667784,201528.27131950608
31173,2021,12,3,"31051,31043,19193",68089.19423504824,105240.9505759424
29133,2024,6,1,17003,51830.45163107207,34067.28998044762
36055,2025,6,2,"36037,36073",180150.15321011996,131653.9123003701
29125,2021,5,1,29073,99911.8958474008,88070.98449318796
20001,2022,5,1,20207,45866.68561506624,46618.00808848622
38003,2024,7,1,38093,94074.78528864092,120204.8664833989
21075,2021,5,1,47095,39384.00261116666,50528.91184811181
26041,2022,4,1,26153,84957.74338238606,83087.60127209418
29183,2022,3,1,17013,228345.86315597617,101192.42272109896
40047,2023,8,4,"40093,40053,40103,40003",61917.61039978525,62275.35131857153
18089,2024,6,1,18111,134673.75308340444,120083.90435569716
08077,2024,5,1,08029,302040.6153736654,267600.51376191207
13115,2023,4,2,"13055,13295",123847.17709539284,111752.49715188937
06051,2024,7,2,"06039,06109",472484.7366710079,310481.8228987238
46085,2023,6,1,46015,,122262.67956475604
51105,2025,5,3,"21013,21095,47067",54627.82877202291,66330.94331037959
37023,2025,5,1,37011,155373.50457638246,209907.90846534536
28043,2024,8,1,28135,61696.52523368207,58315.05996310381
47115,2022,4,1,47051,121426.16294492396,174036.6446106246
48057,2023,9,2,"48391,48007",119924.82346217347,133606.23631122508
49045,2025,6,2,"32033,32007",381330.70384049,178673.33471184116
49013,2022,6,1,49047,196521.38060381237,203007.93595497028
21195,2020,3,1,21159,48755.8691064431,34539.39021572342
08051,2023,4,4,"08091,08015,08053,08109",354193.09752330073,326229.3900247123
40009,2022,12,1,40075,55081.47871504742,36596.166496146856
13101,2025,6,1,13173,77171.36423776882,113716.55386823708
47153,2024,7,1,47177,153252.63939752537,158557.84964046298
21083,2023,5,1,47079,86833.327088652,99762.4999175172
17191,2020,7,1,17121,56711.33389029966,61577.00811572064
42073,2021,7,1,39099,65215.45179517064,58817.08277447079
17143,2021,10,1,17175,52196.62516285087,74540.90908248379
18167,2021,6,1,18165,70852.17008907336,63425.13182941343
13069,2023,6,1,13271,97806.622899539,55608.26290109133
19131,2023,5,1,19195,95611.70042269753,88974.1083845336
20097,2020,7,1,20033,58170.921358501226,37387.06170762499
29199,2022,8,2,"29197,29103",86972.12181315207,80082.50633802166
05009,2025,7,1,05129,143637.2293693996,93545.3401825955
48395,2020,3,1,48313,136471.6385404102,78825.14840201406
55093,2021,6,1,27163,196578.503782012,270398.185487193
18023,2021,10,1,18159,100300.41910634574,110731.6207462288
30095,2024,9,1,30037,280881.8603428916,129654.4900368883
49049,2021,8,1,49039,362317.4145908984,195675.87079290207
41037,2024,9,1,41035,126217.55100936706,194331.79760099517
01041,2022,2,1,01039,64922.32220446171,80170.30372086738
22083,2025,8,1,22041,93467.9482789544,53554.89339459981
08071,2024,8,1,08023,160185.0315359721,118406.8981769677
48389,2024,5,2,"48475,48109",114187.00827316329,93505.96349205603
27031,2025,5,1,26083,260672.02329767623,97762.3020758902
53015,2020,9,1,53011,223514.6588233928,318829.6490777079
13147,2024,8,1,13195,185945.32467452553,219214.09834650045
12079,2025,4,1,12067,94248.24885234672,133481.64640610022
17077,2024,6,3,"17199,29157,17145",57766.76257226329,89075.14529994532
16023,2020,8,1,16059,,110750.67651227364
35017,2024,7,1,35003,127248.38268687062,132379.50930436092
31145,2024,11,1,31065,93431.3243913061,84259.41882945545
54063,2023,7,2,"54089,51045",93885.66761805156,91948.18221300811
35045,2021,7,1,08007,168347.56500698254,293616.82743981754
18061,2025,5,2,"18043,18025",167439.17922167605,137517.33305166176
30029,2025,8,1,30047,430394.6156830299,339037.8304965562
53003,2024,9,1,53023,239493.4654359175,137574.0164986488
29099,2022,4,1,17133,171413.13074430524,170901.34378883636
29139,2021,6,1,29073,119457.00945346605,89483.6625275594
48187,2022,5,1,48177,248181.25484725903,156566.43034253427
21163,2025,6,2,"18025,18123",190382.2914559646,103812.65833750623
08055,2020,5,2,"08109,08003",92670.9320392602,110962.70445596118
48159,2021,5,1,48119,133516.0934682841,75171.24553767199
48009,2022,6,1,48077,114882.41084045492,120775.98221954056
51149,2024,10,1,51670,262502.9396456865,154940.6879122651
35045,2024,8,1,35031,185464.30922055335,145582.2411966521
48405,2022,1,1,48241,,115828.09157763832
39167,2025,6,1,54073,98404.49331221172,99628.92607589888
40083,2023,8,1,40103,159101.16303117757,64304.44124053858
16005,2022,5,1,16041,236337.6184937347,317206.62336376397
17033,2025,5,1,17159,71067.86041902217,60371.15175068782
35001,2020,7,1,35006,160984.42587242046,58612.93796783616
31143,2020,8,2,"31141,31023",71106.04729557683,100730.61659948606
35009,2020,6,1,48369,96119.52674529071,70653.70692837749
48187,2025,6,1,48493,232427.6003690515,230801.3174415524
53063,2022,12,1,16009,302234.12507709797,206630.26702881765
08045,2022,7,2,"49047,08107",369002.64335847786,373880.12309692707
41059,2023,5,4,"53005,53071,53013,41063",204570.73362395473,248231.06697249197
21135,2023,7,1,21069,86603.08304017545,80218.88630234967
01025,2025,5,1,01023,73035.15320954175,75409.07856883894
05005,2024,4,2,"05065,05137",138612.15149415375,102257.86894426015
39077,2022,7,1,39005,97980.83621510364,120037.40591731592
47167,2024,8,2,"47075,05035",169452.59551830564,86193.00601486405
48493,2021,12,1,48013,235026.8278387593,150197.97474688737
28157,2022,4,3,"22125,22037,28037",61733.839811133104,147317.17395715392
51069,2020,7,1,51840,210883.5032042026,164273.82601520244
46023,2020,7,1,31107,,62531.23388488862
26055,2021,7,2,"26089,26113",208641.58341915024,213050.50913935484
08059,2024,6,2,"08019,08047",482979.70221080974,356873.05238972267
04015,2021,10,1,04012,201703.9559059625,116452.32319035038
48505,2020,4,1,48247,,48218.847339797336
05147,2021,2,1,05123,,41439.66852977439
48147,2025,8,1,48231,147007.62307156622,180977.0040201383
17079,2025,4,1,17159,77450.69497122942,61332.304582690405
17025,2025,4,1,17159,52858.94127404451,61332.304582690405
17119,2021,5,2,"17027,17083",81061.73539008114,97128.33207428292
51131,2020,9,1,51735,84651.60841377937,239190.9768201645
29223,2021,4,1,29179,68268.15925907939,72536.0884531854
22061,2021,4,1,22027,123371.270005433,85950.29682122883
20007,2020,11,1,20033,32002.645153563604,37765.15135171776
19023,2020,5,1,19067,70227.41968260681,61034.11963908083
38043,2023,9,1,38083,,70582.04376891111
26037,2025,6,1,26117,194229.70906473664,133298.79698676534
48469,2020,3,1,48285,95907.628286528,117797.65496698458
47147,2024,8,2,"21213,21219",277258.8175698023,148842.86945477346
29161,2022,4,1,29073,111474.93740591062,102720.47849228588
32023,2021,5,1,32001,202992.59089236133,222602.84822691124
30007,2021,7,2,"30043,30059",246499.85446280913,185749.11213846062
30013,2023,5,1,30015,199368.00883805615,135643.4531121791
27025,2025,6,1,27065,272453.1821988277,159434.96746681773
27153,2024,8,1,27041,129674.92606828544,186772.5894194884
01071,2023,12,1,13083,117845.26275323024,132795.67206570995
48157,2022,3,1,48015,258913.45447515624,236522.05102759483
17195,2023,7,1,17015,73168.6063105703,53626.23322430748
19093,2020,8,1,19133,57604.10680239209,60530.06410908004
48215,2024,9,2,"48427,48047",123557.97573248536,69947.87758391781
13289,2021,8,2,"13023,13021",55392.830875079155,61658.465107754964
31133,2023,8,1,31147,61744.90545721946,55076.148362393375
18171,2024,6,1,18045,122763.76807508896,101637.53930279549
05013,2023,2,1,05011,,53008.83586078152
17133,2023,2,1,29186,172546.42358275934,125780.96089213404
56043,2023,4,1,56017,143959.15690688704,118507.7182542402
13123,2022,6,1,13111,265978.97214054776,304935.6416009055
27037,2021,6,1,27163,250810.89681297817,270398.185487193
20065,2025,4,2,"20147,20163",52082.73016843692,57165.06016198882
31125,2020,6,3,"31011,31077,31141",76217.60847011766,100736.86277956911
13299,2022,6,1,13005,72803.97958687392,56789.59028999214
28135,2022,7,1,28027,68895.66236622124,29486.04402037025
29095,2020,8,1,29177,88597.31135332615,91114.89754406008
35029,2020,6,1,35017,80344.10770472021,95141.0032383902
16071,2022,9,1,16041,213957.1675249664,315592.68999582116
16031,2020,5,2,"16083,16067",129847.463521551,147364.84081784502
17203,2025,7,1,17123,127961.80199582072,78081.93206203014
23009,2020,8,1,23029,155484.0501195277,68333.27878036934
48073,2025,7,1,48225,124430.25502916676,108549.63502828992
47011,2023,5,2,"13213,13313",188342.09732481255,154932.81936183473
51153,2024,1,1,51685,412124.1048464917,345786.03501379077
48231,2021,5,2,"48119,48379",143980.87024615027,102432.86055437528
51121,2023,7,2,"51045,51750",210943.70302468105,133651.49326541607
46039,2023,5,3,"27081,27173,46011",145301.51708787438,117786.55293850623
06105,2021,7,2,"06023,06045",167600.87899520053,348709.3433865957
27015,2023,10,1,27013,122901.08717924844,182521.29594590844
36091,2023,8,1,36093,277225.23928002286,192410.138119644
53047,2023,1,5,"53057,53073,53043,53025,53017",168885.44450360318,298454.416809914
55011,2024,8,1,55091,137636.54821295806,158495.87103376296
16047,2020,5,2,"16083,16025",124732.7898288448,154371.5863605493
27069,2021,8,1,27135,,113467.76589511037
48367,2024,3,1,48237,295406.41353421775,96883.37815503796
23005,2023,5,1,23023,358870.1824929199,264780.3538370771
06071,2024,7,2,"06037,06059",392304.5664663107,712599.8751902722
26095,2023,7,1,26097,65880.6527555533,98031.63025628384
48397,2025,8,1,48231,313000.5978403014,180977.0040201383
19047,2023,8,3,"19133,19165,19093",85876.26930078882,84444.17466101574
39003,2025,5,1,39063,92580.36062306298,150022.20744081688
48355,2023,8,1,48007,133453.99221670124,193775.08335102137
19045,2023,7,1,17015,85344.11359851078,53626.23322430748
41031,2023,5,1,41069,291789.71442933613,120546.93300140982
41035,2023,4,5,"06049,41029,41019,41037,41039",180218.3762726588,219618.62215114274
23003,2020,5,1,23029,57425.116303699906,66061.27218511177
46099,2021,4,3,"46087,27133,46079",171286.21919829128,110375.70105745997
39039,2021,6,1,39137,88063.82733627944,115096.59361162304
20135,2024,4,1,20083,38641.10309894315,73401.79077694767
19119,2021,4,3,"19143,27133,19141",112635.77205729228,88101.71039355166
18067,2025,6,2,"18103,18023",110948.71002207212,115858.35927586397
12071,2022,5,2,"12043,12051",256647.29693228845,146238.15350221196
08109,2022,8,1,08051,137425.63377781116,369265.1432748176
08117,2020,6,2,"08019,08065",435894.7448150271,219256.65642311404
21195,2020,7,1,21159,50939.74688376155,36499.051902088715
47099,2024,9,1,47101,127756.52603855998,141726.94497474577
12095,2025,8,1,12105,264545.5640007554,214103.76893051752
49005,2024,7,1,16071,343503.7143848283,226286.12057903697
13093,2024,6,3,"13193,13261,13315",70026.36238062482,63452.22106833808
48387,2020,11,1,48119,89791.97193177602,66502.40812494665
20163,2024,4,1,20141,54846.9381107852,33540.88606689187
01111,2022,5,1,13149,105310.6231909573,140501.00834415367
37187,2023,4,1,37177,49276.39972931042,79457.51938700903
12049,2022,6,1,12027,116203.38506028568,167298.19412653623
42081,2025,3,1,42093,144521.6588674464,171955.2196256336
47181,2024,3,3,"47071,47101,47135",85086.74482208294,109983.52159153596
46025,2022,8,2,"46005,46077",108141.46295430904,105552.03775785935
22095,2021,7,1,22093,116855.0925046758,120675.32051556556
12055,2022,6,2,"12027,12043",130923.65823110678,149770.15612119835
29031,2024,6,2,"17003,29157",143606.83267532723,81003.06928420326
49057,2020,6,3,"49029,49033,49005",219400.43730219535,248216.65549258853
28127,2024,6,1,28077,81638.54103138027,77635.54966370865
31103,2021,6,1,31015,80321.92829505845,104832.2538703626
27119,2024,6,2,"27029,27125",122814.2056210954,107788.93332528998
01053,2022,5,1,01039,67482.57476748303,78179.49891756562
55039,2023,8,2,"55015,55047",151498.9370531563,170981.0652485222
47119,2024,9,2,"47101,47117",276126.5599520821,174325.22325473896
17029,2023,5,3,"17023,17173,17035",63772.356986303115,77163.70489881748
27031,2025,9,1,26083,259553.53893738904,98235.02868710757
26063,2021,8,2,"26011,26069",96896.6278457286,83044.26571709594
08097,2024,8,2,"08015,08065",816873.5018885322,412222.9489657801
53025,2022,6,5,"53005,53037,53077,53001,53021",232437.457653456,279649.6619843549
28005,2023,4,4,"22037,28037,28113,28085",79678.1880820004,92222.21347730474
12015,2021,12,1,12027,213473.09664945237,133577.90365191977
19113,2021,4,2,"19031,19103",113466.82616012328,130521.8542804139
20137,2025,8,3,"20147,31065,31083",52010.11522592907,66996.08329971456
06029,2024,12,4,"06111,06031,06037,06079",262975.08512682456,562886.0121452495
06059,2021,3,1,06037,578509.257982868,505752.5031504371
35019,2025,8,1,35057,,129464.69665346776
21073,2025,5,2,"21103,21239",169159.281132682,198082.77985227614
31051,2020,7,1,31027,72466.64597888739,90376.52286335726
08067,2020,8,1,08053,264860.7866211309,203237.59921219051
37177,2022,5,1,37095,86310.69039631027,99419.63600843505
12011,2022,7,1,12051,219866.2089409836,170990.80079028071
18099,2020,8,1,18131,102085.80011798034,62695.534830977944
13241,2024,7,1,13281,249122.89969548708,245600.4950140786
01101,2024,5,1,01085,74721.65493777093,81835.4133713041
21175,2020,5,1,21063,69465.77207248892,78905.56704342864
37123,2021,8,1,37007,73707.16293183464,61862.03754318972
20077,2024,6,2,"40053,40003",38107.19445052025,61899.231467965146
51103,2023,6,1,51119,181969.03457997544,211144.5198604424
06065,2022,8,2,"04012,06025",451886.73456223105,178348.92577805574
31079,2024,4,1,31121,167604.07788201168,111080.57244728145
08051,2020,7,2,"08109,08053",252699.81164429092,145475.73559042113
13157,2025,2,1,13219,311031.52741023205,384775.3537780298
16005,2022,9,1,16041,239372.58007477943,315592.68999582116
37055,2020,12,1,37095,275454.03205211466,86954.36490453976
13309,2024,7,3,"13283,13175,13271",70740.33800849401,74953.40976610365
40073,2022,8,1,40093,117117.17731885398,69931.6228701158
13165,2023,6,1,13107,66860.68213398855,56027.49840384535
29219,2021,8,1,29073,182798.14876235544,90613.08705635511
20167,2025,7,1,20141,51978.97443795273,40652.315575854096
36013,2025,6,1,42049,92421.36777243717,124660.318131546
06041,2020,3,1,06095,719204.0562259922,369358.1872577875
32007,2023,5,2,"49045,49003",232447.47135833828,345827.60486204945
23019,2020,4,1,23029,99862.49045084504,64497.11885165983
21153,2021,7,1,21115,58183.79200234541,63035.854757765046
48143,2023,5,1,48193,189945.97253391787,121060.98511056788
27089,2024,7,1,38099,113298.56633453468,97511.07184912084
26103,2020,6,1,26083,85669.75641421888,59878.62796349846
13215,2024,2,1,13053,94541.01854295074,67401.98841425098
19161,2024,6,2,"19151,19093",78847.69602639989,62076.38380371978
37111,2025,8,1,37011,145030.23567504683,207039.85760453463
35023,2020,7,1,35017,,96078.9042237666
48005,2024,4,2,"48225,48455",115235.42872173691,105780.80793415786
08049,2022,8,3,"08019,08047,08107",481648.6317497284,423571.9919873287
13251,2021,5,1,13031,76338.31742651782,116567.03227477802
28151,2025,8,1,05017,34367.35840141234,46102.502965995656
29223,2021,8,1,29179,68242.69963325061,73539.5533494538
33019,2023,8,1,33013,218457.32080963443,304840.9194952734
21035,2024,3,1,21157,96991.86572707102,124346.9902857381
35025,2023,7,2,"35041,35005",128995.52979141862,88682.58343798117
48491,2021,4,1,48287,,170357.786641303
13079,2024,7,3,"13193,13225,13293",110264.242874623,91775.556437937
05139,2024,6,1,05011,64248.265286508315,61879.20787638418
19133,2021,7,2,"19093,19193",71961.88469876866,84189.31630172713
25017,2024,7,1,25025,535507.3792638163,525845.6841143509
19023,2020,9,1,19067,73399.3813338604,63256.670777718595
13271,2020,2,1,13017,,37444.91622470535
01033,2023,1,1,28141,97648.90533132944,110670.92882568168
45069,2022,5,1,45033,75709.86092353267,62865.63015447048
53055,2021,11,2,"53031,53029",508881.4311114559,376737.25965418044
13251,2024,6,2,"45005,45049",94231.46656922415,63467.29338812892
41005,2022,4,3,"41065,41071,41027",452348.12846118887,375492.9352897899
39149,2024,8,1,39021,128764.110030689,145788.21044160484
32023,2021,9,1,32001,217625.57138530223,239931.72749086705
17121,2021,8,1,17027,63532.63961371748,99222.90876836953
18147,2025,8,1,18123,128784.56491251032,118739.33187142416
18097,2024,9,1,18059,143913.3243065646,230070.6464344978
05049,2024,11,1,05065,106103.05640567788,93702.9885537156
17049,2021,12,1,17079,95320.46199037188,79338.60405718294
47159,2022,4,2,"47087,47111",184754.8840372735,123964.41680913878
21135,2025,4,2,"21205,21069",73421.55053463155,105292.62494326077
27157,2024,7,1,55091,179095.21179576483,157960.92155878386
12075,2024,5,2,"12017,12041",184110.48492986863,184402.10968103094
29017,2023,1,1,29123,111096.86347943608,78215.37259424881
54099,2025,6,1,21159,80817.67646004693,71715.57243708453
18049,2024,7,1,18149,110918.63373083608,132396.4365661074
28157,2024,1,1,28005,50688.52798550754,76803.04345697707
47093,2025,8,1,47173,250220.41480694033,174277.41689537824
42121,2023,4,1,42039,56170.550065340474,84660.43296660871
51013,2020,7,1,51610,394343.0362176096,498918.31975998287
47139,2023,8,1,13213,125350.378967913,160355.77838218372
18083,2024,6,1,17033,88418.64405383245,62262.56401586938
17163,2022,5,1,17133,71521.77593320103,172699.05544601567
53075,2024,9,3,"53023,53021,53013",223513.4572883471,204980.38212829316
48149,2024,2,2,"48477,48089",230498.25475152177,181470.88020081096
35051,2020,7,1,35017,79182.0739710529,96078.9042237666
48143,2020,4,1,48425,121827.33732189488,171727.95336728753
08059,2021,9,2,"08019,08047",430706.2650979448,319092.3213601579
51025,2022,8,1,37185,89700.83305177004,116155.48282811038
32021,2021,7,1,32001,79260.43124895882,232798.3092641461
29189,2022,6,1,17133,130181.18820900064,173619.05309253742
05063,2024,11,3,"05065,05137,05067",91538.46123245065,87981.91048702157
16031,2020,9,2,"16083,16067",135705.09200147013,152518.8064864656
26047,2022,9,2,"26029,26031",218417.05602714105,163763.49954653595
31089,2024,8,3,"31071,31103,31115",78921.08568918404,115368.03218455087
46115,2022,7,1,46005,66202.75725660553,94757.07892911111
31175,2020,5,1,31077,58056.235667596186,79848.84341085776
31101,2021,9,1,31117,103152.90618032972,141063.55916063895
37095,2025,2,1,37187,92835.2717602738,52116.04508629005
46039,2023,9,3,"27081,27173,46011",139880.94149610738,117252.65988769005
13261,2025,5,4,"13193,13197,13307,13093",57683.76868174083,64152.1774891524
55025,2020,6,1,55055,226643.76133308385,160313.15110075826
55043,2025,7,1,17085,136639.01597105732,130507.94431878092
13239,2021,5,1,13259,51076.449284982285,38785.820054795506
48371,2024,7,1,48475,89894.05491373606,106964.108889592
17057,2020,5,1,17169,38418.673780852376,77661.89965676794
54107,2024,7,1,54073,103461.394483949,98840.62149403935
46121,2022,7,1,31103,,103861.2851238892
29021,2023,4,1,29003,89789.32117036374,132400.3674560392
08013,2021,5,1,08047,424046.65675183176,323029.81252331723
17113,2022,9,1,17039,125791.91865943774,65135.32497435925
23005,2023,9,1,23023,376046.89186591096,279733.96178612177
30049,2020,7,2,"30077,30043",204545.9090672065,137907.4913726348
48051,2021,5,1,48287,162609.88445671325,173168.86797836245
01091,2025,9,2,"01065,01023",63076.23482685609,81078.26884788256
51199,2024,7,1,51735,317317.4514557516,314518.92429942044
39159,2021,4,1,39021,203462.5894510611,116189.50152560975
21191,2021,4,1,21023,105706.16523038382,95378.63218641064
47163,2020,6,1,51520,104988.8608222978,62155.55911200234
46003,2021,4,1,46035,,110265.44150365806
48463,2025,4,2,"48163,48507",120843.95933894294,68597.26421207594
38015,2023,5,1,38083,212682.14346306777,82580.61272658526
27111,2024,6,1,27041,170439.05159241395,185738.02990258895
28045,2023,3,1,22087,139716.94176348826,138539.68142348056
51149,2025,4,1,51670,265413.1568878084,151935.27617758673
40113,2024,4,1,40103,99929.17933715523,65128.40701100288
37133,2025,4,1,37141,200623.8655073257,279758.5816183831
06023,2024,2,1,06105,321818.9639797574,147583.53498072273
48411,2020,5,1,48333,,166178.2341354747
21009,2025,5,1,21169,128713.9222895953,103545.965923018
51683,2020,6,1,51685,242381.2662487673,251719.65589474584
38103,2021,8,1,38083,,105340.21293474376
55011,2023,4,1,55035,121931.08295132946,194340.49824273583
51109,2020,1,1,51065,174667.5120804982,175067.27837623938
19181,2025,5,1,19117,214196.4327534782,89796.56183872279
51051,2025,7,1,21195,57415.02016223731,68480.58241461696
06071,2023,3,1,04012,370766.8692260643,128304.66560885
05139,2021,3,1,22027,60950.80300536789,91135.81311211913
40123,2022,7,1,40133,98463.74134354146,45481.64102759226
13207,2021,10,1,13021,157540.20086772196,56436.92748827494
29171,2025,7,2,"19007,19185",88461.96969294728,51129.997920561116
42081,2025,7,1,42093,146883.9788756672,172183.38388162412
29071,2023,4,1,29221,145300.38045108432,90987.65318592942
06077,2024,2,2,"06009,06005",397762.1999415032,316974.0410463279
19193,2025,4,2,"19047,31173",124857.346727089,79854.68737888496
13227,2023,4,1,13123,242517.37825831305,251537.2398141377
30039,2025,7,1,30023,266091.82764001715,178326.67818735153
05043,2024,8,1,05011,79939.36281262444,61863.636484298295
05017,2023,12,1,28011,58580.699241540045,68415.61663862423
23005,2020,8,1,23023,245522.1782710435,174926.17127864098
31021,2025,8,1,31173,90112.77922224776,59532.81057645014
06071,2021,10,1,04012,330799.8879179469,116452.32319035038
20071,2025,7,2,"08099,08061",78228.9144897428,98688.09586524728
06087,2024,12,1,06069,762950.3337007196,667357.6456892731
17017,2025,4,2,"17009,17169",65381.25352713704,80495.68387390947
49039,2020,6,1,49007,146008.89874194525,93640.88166605627
22033,2021,12,3,"22037,22047,22121",120707.48258814504,119514.00722420169
51173,2022,6,1,51167,75534.10159239748,68214.46775816947
47027,2021,3,1,47137,80544.50865264506,96500.72917329492
28145,2020,1,1,28009,94339.60121854657,77836.49919795914
48125,2024,7,1,48153,50527.2967876456,39238.69328415278
22001,2020,12,1,22039,110921.84776346567,60432.83866684438
35055,2021,12,1,08021,288092.96700050426,102600.97734068504
51195,2024,2,1,51720,62464.41198100565,71541.55311750284
41017,2020,5,2,"41037,41025",314294.66246022464,77654.62171613832
16043,2022,9,3,"30001,30057,30031",291758.2760542513,369000.985702327
49051,2025,5,1,49043,597700.7223017374,649085.2872652771
21199,2020,5,1,21207,71680.23817660294,75610.10662137745
40079,2025,5,1,05113,90227.42366977764,93326.4985345715
20073,2022,5,1,20207,37107.82387057895,46618.00808848622
13177,2023,8,1,13261,175522.7828823723,61972.689293943266
13243,2021,6,1,13259,44517.39039569415,38952.0360261525
32007,2020,8,2,"16083,32033",209141.50226246667,125768.61056990031
39029,2023,4,2,"39099,39151",72675.80606071519,79638.21273975717
13157,2025,6,1,13219,309440.34084786143,382087.20189109514
20201,2024,8,1,31095,71181.64774492587,55993.10220745762
51181,2023,7,3,"51095,51183,51036",187343.03115897925,186828.69476594543
37117,2025,6,1,37187,63421.77185615019,49930.52049266763
51051,2022,6,1,51167,53598.4083198957,68214.46775816947
47097,2023,8,4,"47033,47167,47045,47075",65172.157947448875,100500.2208638117
01093,2022,7,1,28057,82425.64016494609,93063.07891657326
12115,2023,10,2,"12027,12081",316546.4358190478,238090.87283311476
08093,2025,7,5,"08015,08043,08117,08019,08065",352078.7972967373,400163.5856849222
08083,2022,3,1,08111,247431.51189406015,278369.7117033491
08035,2020,7,1,08119,424148.4712079124,224281.1466738088
06055,2020,8,3,"06033,06095,06113",526649.8333383536,302327.18276422255
37027,2024,5,1,37011,125772.23647983844,211453.2113865246
48467,2025,4,1,48379,174766.28571428754,158242.97405646954
01125,2022,2,1,01107,128075.69538338964,79124.77137738327
21117,2025,4,1,21081,190804.65085921425,194685.14195476353
51003,2022,5,1,51540,298338.85929844156,302071.7260139861
32007,2023,9,2,"49045,49003",233599.88650561988,351080.9695047125
51700,2023,6,2,"51199,51095",179793.86708707313,295915.116644533
01055,2025,4,1,01095,85739.86755169956,148476.45754373824
20131,2020,3,2,"31133,31147",63850.90956797038,42974.0232712828
26081,2025,5,1,26117,245394.2204082989,132430.78286411506
17137,2025,6,1,17009,64612.74728826157,82979.465533355
05093,2023,8,5,"29069,47167,47045,05035,05111",42254.657754866384,89377.29079230163
32510,2024,9,1,32029,381004.0068848834,335121.8861495557
16015,2022,8,2,"16045,16037",299964.2381927133,261464.42630386725
05001,2025,9,1,05041,51351.1679770964,41507.56515926164
06011,2025,9,1,06033,272508.2227473475,191911.89462478933
31155,2024,7,1,31053,188228.32305126105,150460.642705847
29003,2025,8,2,"29063,20043",159184.1046266354,99705.87246380033
20055,2024,9,1,20083,160215.3337587654,76382.81748346254
47111,2025,2,1,47159,159620.0877784516,184461.09515620183
13223,2024,2,1,13143,277833.7613768519,170118.74113037076
22033,2023,5,2,"22037,22121",128317.82562031732,143165.25863960342
39103,2022,5,1,39005,186760.85827436307,117874.13637152512
48073,2024,1,1,48225,125245.0359810928,113856.33048082852
28081,2022,8,1,28057,113153.62578233588,92776.46828206924
48271,2020,5,1,48507,,43178.44530217324
37073,2025,7,1,37143,134874.75690726875,140982.97348066804
45051,2022,1,1,45043,179787.8099155305,156422.35667368266
05125,2025,6,1,05053,167316.3859683849,114780.7079825828
13311,2022,6,3,"13281,13291,13137",154593.82112202395,210295.78349965732
05067,2023,2,1,05111,44198.825835834345,68663.07831227082
25005,2021,7,1,44001,311865.10252644186,357786.3274593819
55099,2024,7,1,55003,96200.76859585408,110350.42776108242
08073,2020,6,1,08025,121797.77209579229,65889.27292561301
13085,2023,4,3,"13139,13187,13123",303381.8337186005,252464.05777582843
29075,2023,5,1,29003,66250.43824404608,134294.13119064187
21167,2025,5,1,21239,152341.76070260906,240216.263476036
06099,2023,1,1,06085,355066.27250054263,978075.0422664788
41067,2022,4,1,41071,446538.9431994401,386404.3635979332
06087,2020,3,1,06069,576504.8940316074,491095.992535372
37089,2021,10,2,"37021,37087",235059.95004026577,220398.28697271063
29035,2025,8,1,29223,91786.64578547562,73888.73499604088
29017,2023,5,1,29123,109931.33834635196,80017.06907970832
08085,2021,6,2,"08091,08029",241611.66673982365,296165.1164470073
29005,2020,10,4,"19145,31127,31131,19071",60599.555689584995,71024.85505054951
28007,2023,12,2,"28019,28015",56539.0366799405,87085.63315029276
37039,2022,7,2,"13111,13291",124332.123040181,261365.8225963912
42121,2023,8,1,42039,56277.063660218846,85065.36258216672
22005,2025,7,3,"22093,22007,22095",209074.81468387417,109540.1046440738
45073,2022,2,2,"13147,13257",137766.58465036796,140179.76667466352
08071,2023,8,2,"08023,08011",152801.0657278529,92577.64349950074
19085,2025,9,1,19047,109562.83926617964,93253.45811757892
17125,2024,3,1,17017,43517.6395975167,58740.97787761616
17019,2023,2,1,17147,113735.6718520032,103617.2174760288
17175,2025,4,1,17123,74006.21167259708,77376.91405149817
26033,2022,6,1,26095,98747.26217191597,67295.71164336367
31001,2021,4,1,31099,105798.20125472324,102541.43787089882
13131,2024,8,1,13087,113082.08347866531,89445.12932521112
48373,2024,2,2,"48407,48455",87780.55855927015,105370.29933062117
51087,2023,6,1,51036,267854.8851097235,159273.03795936317
45015,2020,7,1,45089,182024.178477788,42534.931363853626
37095,2025,6,1,37187,86707.3508747655,49930.52049266763
45027,2022,5,1,45089,94422.99554853835,55779.26155307592
17147,2022,4,1,17039,100396.41975375517,65785.35300217285
53019,2023,11,1,53047,153641.09249749433,168101.27628607978
05111,2025,5,1,05067,68076.83900685025,48372.881615759834
13079,2021,10,2,"13269,13021",83627.27392192253,63507.775551450715
17101,2023,7,2,"17159,17033",51133.6958470552,62312.743513179885
08041,2023,9,1,08043,355913.761976776,230808.2876568927
51191,2022,6,2,"51520,51167",123721.99168467216,78356.67783275792
48349,2022,5,1,48217,113476.55889830244,109773.1420337924
26091,2023,9,2,"39095,26059",131946.464500326,88965.79382609541
13059,2025,6,2,"13219,13221",230627.49483312527,286700.7986951614
08095,2025,7,1,08115,158096.57108658625,90917.25482310572
12093,2024,10,1,12055,190879.11484443277,149503.0693722215
17055,2021,6,1,17165,56304.56416987381,37070.58162161298
13137,2021,3,1,13281,147272.15304092827,183248.2635814965
42125,2022,7,1,54009,103817.30287602938,64500.05213793986
26109,2023,8,2,"55075,55029",100329.72947656956,156763.62389447866
21183,2025,6,1,21149,91041.8526649126,114684.68979273453
30031,2023,8,1,56039,467189.26787827286,1012928.147897249
31135,2025,5,1,08115,120662.04635381,94301.50856509958
05147,2023,8,1,05123,,40339.05566215452
48285,2021,3,1,48123,129994.69128811242,104573.14932601235
22103,2022,4,1,28045,193464.2547964295,143386.53780379836
12091,2022,5,1,01039,243494.09347230892,78179.49891756562
20195,2025,7,1,20163,70392.38224656346,58740.62044785388
48109,2023,7,1,48243,85334.04158882106,157093.05215395315
40113,2024,8,1,40103,103108.09463235068,69801.13800049185
37133,2025,8,1,37141,200874.0813014173,275984.72359469946
48201,2022,5,1,48071,194420.67956793157,232530.7501903471
13103,2024,7,2,"13029,45049",265013.16313007637,190028.0296472272
48149,2021,5,1,48287,199221.55785513925,173168.86797836245
37043,2024,5,1,13281,211390.0141823005,243031.8112748552
01073,2023,5,1,01007,95298.33983801864,151977.5181564571
13167,2025,6,4,"13163,13283,13175,13319",62240.6774560057,64675.796408765054
30025,2024,6,1,30109,94695.15440962404,101557.85904810992
51153,2021,8,1,51685,358919.54782817146,290324.7147529511
05139,2021,7,1,22027,62010.554774790326,72578.27413459327
45075,2023,6,1,45009,70583.3535212174,60765.94691021315
19033,2023,3,2,"19189,19195",93237.37529812328,86343.49313397714
28133,2024,8,2,"28027,28135",61938.65830579485,41128.77668437659
42035,2024,6,1,42023,111340.38840066391,41289.20076650636
55067,2020,7,1,55078,80150.61394929171,111777.08175538418
27051,2024,6,3,"27041,27149,27121",109848.75588553258,159905.40915851234
01091,2024,5,1,01063,72907.68743916931,81648.85453501114
27007,2024,8,2,"27029,27071",150682.10282663986,88999.04262280515
42037,2025,7,1,42093,151498.84571179,172183.38388162412
48305,2022,8,1,48115,,64819.96833284082
40047,2021,3,2,"40103,40003",57168.88224489707,58637.789076254485
48017,2025,7,1,35009,,93276.25993354108
48471,2021,7,1,48455,141219.28641947842,93633.56826656712
27011,2024,7,2,"27073,27149",77737.58806495329,102018.59051663821
23005,2020,12,1,23023,264028.0174055884,190903.9872580256
18049,2021,8,1,18169,89231.08542117757,83573.52825116138
29147,2020,3,2,"19145,29005",81117.79090926233,54742.61879491793
06073,2022,11,1,06025,620939.2893998072,218528.56898458852
22051,2021,12,1,22057,163408.6264881844,125228.35063349053
17041,2023,2,1,17147,67297.76616985684,103617.2174760288
50011,2021,10,2,"50019,50015",195921.38456971175,183762.80247630138
13069,2021,1,1,13161,85431.11735418734,61366.10192358907
48055,2022,6,2,"48177,48149",231413.46855124977,194113.07819135446
20157,2020,6,1,31095,40371.27255342938,34686.04320703365
45029,2024,9,2,"45005,45049",129774.59237840975,66048.17680977948
47047,2021,1,1,28009,175857.47900169148,92665.97860738532
47019,2020,7,1,37121,92196.85436248992,81444.42817381247
29147,2023,4,2,"19145,29003",109125.31806810806,99748.11229660173
20105,2025,5,2,"20123,20141",46004.798517446725,57796.21223151246
08117,2022,7,3,"08019,08065,08093",686675.2000009153,348856.37490928435
48037,2022,8,1,05081,125900.9066315146,75264.42189747356
28059,2025,7,1,28039,127832.98502632568,132053.40428777324
40089,2024,11,1,05113,108506.36458951974,93693.74868046264
13261,2022,6,1,13307,61191.609262137325,83910.66335266276
16005,2021,8,1,16041,202515.40708447705,272996.7089460515
38041,2024,5,1,38089,,174963.25714578223
30057,2020,8,2,"30043,30093",246135.49408039628,134138.68372847076
18037,2021,6,1,18101,125961.52836782252,77085.20917129102
06029,2022,3,1,06079,224454.0650769075,577198.5774929152
51069,2024,4,1,51840,302172.13057638303,246581.9893042542
01125,2022,6,1,01107,130678.74153663444,76949.99783351051
06061,2023,1,2,"32005,32510",520104.6506059891,413090.69957228564
39089,2023,7,1,39083,189952.67144179044,146315.18704033302
16041,2023,4,2,"49033,49005",298831.8613684744,323869.6385578319
39041,2025,4,3,"39101,39117,39083",342983.52659354894,138307.50887105288
54095,2025,6,1,54073,60711.52802692628,99628.92607589888
27067,2024,8,2,"27121,27023",156347.4420713817,136674.23539838198
16075,2024,5,1,16087,290547.6811541802,246856.20159739236
26081,2025,9,1,26117,247218.4825012964,136807.02093617775
45029,2023,1,1,45009,108606.493615565,58795.040275121595
27015,2024,8,1,27127,129069.33386570634,84280.4329609754
51131,2024,6,1,51735,129345.09495694537,314001.1118986502
47111,2025,6,1,47159,160533.40366844123,180855.12000771656
31145,2025,7,1,31065,93035.18545404168,74067.13483077522
21221,2021,5,1,21143,125392.23061025492,93220.51114150784
17119,2020,8,1,17083,69833.43043619716,77955.18323724817
29095,2024,7,2,"29107,29101",144255.40148045865,151545.85147312243
39167,2023,1,1,39115,90204.83304708044,68868.48201736844
40113,2021,5,1,40103,93514.59108485626,56094.279431496194
45057,2025,8,1,45023,203274.83571574817,119810.72320419866
13153,2021,8,2,"13023,13021",115077.01775358756,61658.465107754964
21059,2025,9,1,21149,136559.64848818455,100920.98210027018
19047,2024,6,1,19093,91572.022270066,74413.47963785399
12115,2022,6,1,12027,313036.0521988322,167298.19412653623
39069,2023,6,2,"39173,39095",105297.41468237057,101964.71446324738
16059,2021,8,1,16049,146424.3217817395,177178.52712336706
48225,2021,6,1,48455,128046.96931474406,92928.90535582934
45051,2022,5,2,"45043,45033",201851.57149426275,115584.41405290723
32023,2025,2,1,32015,221636.369115421,132504.8527272349
49003,2024,8,1,16071,340389.06137165945,226759.8428558519
06097,2021,3,4,"06013,06033,06095,06045",520043.222268868,371559.63100556994
54015,2024,5,1,54067,71293.09989854839,80916.95528617612
05067,2023,6,1,05111,45647.73737865702,74816.65553819474
25005,2021,11,1,44001,309020.34793904424,355323.1839267101
22079,2022,3,1,22003,78052.65277990549,54457.79361433984
39157,2025,7,2,"39075,39151",119804.47106322192,152094.70467813947
20103,2023,6,1,20209,184677.55863582087,118269.06909017976
27101,2023,10,3,"27117,27105,27133",94059.52459234463,113265.92829129723
23001,2024,6,1,23023,235069.88913999728,293234.5782289831
56041,2025,5,1,49043,201453.259283228,649085.2872652771
54007,2024,5,1,54067,81498.82185134589,80916.95528617612
30081,2025,7,1,30023,406988.87575729145,178326.67818735153
19063,2024,7,1,27091,70303.1864950104,94204.38892313984
48015,2020,4,1,48481,184436.9696917646,111087.61781210266
40151,2020,7,1,20033,46382.45601022581,37387.06170762499
26061,2025,7,1,26083,97409.36832075172,97064.40441207278
20029,2025,6,2,"20089,20123",54781.30959729297,61044.499177425925
39121,2023,3,1,39115,95142.96356181662,67787.18128525904
30053,2020,6,1,30089,132360.14019582063,138729.20489543528
18167,2022,8,1,18021,79353.55707977337,88273.25532358167
48231,2020,8,1,48119,119959.1008630172,61278.567970036725
28029,2024,6,2,"28063,28077",72523.53196423368,75647.8008998278
46039,2022,8,1,27081,142454.6410035192,82658.9204906854
12129,2021,6,1,12037,147315.33481038432,188078.77667502683
40039,2022,12,1,40043,70655.2670793724,65169.10622728781
48099,2023,6,1,48193,152407.26567070896,122980.34580099168
54101,2024,5,1,54067,50662.25163463459,80916.95528617612
38049,2023,6,1,38083,105223.23687351344,78855.68789244896
37047,2022,1,1,37141,85953.6444470636,228941.11943313072
40151,2023,8,2,"40093,40003",55992.57350778331,63585.55343502557
51141,2024,7,1,51063,129398.56237547255,164346.11935392863
38017,2023,8,1,38003,209169.9839112508,88735.017845893
28085,2021,4,2,"28147,28005",96164.20113557836,88471.6572383561
13197,2024,8,2,"13053,13307",93844.12728056086,82077.69973707915
22101,2025,7,1,22007,,86210.33636136109
25005,2023,4,2,"25007,44001",350832.7974046746,648402.2518633655
48035,2023,5,1,48193,137682.56882618734,121060.98511056788
45003,2024,7,1,45011,110540.66893672085,86494.22053693973
18039,2023,6,2,"26149,18141",151644.00085769114,111379.37669270915
41013,2020,5,1,41025,224158.0883411888,70087.95019883156
29163,2024,6,2,"17013,29173",104394.67323398132,121154.60116693562
19003,2020,3,2,"19137,19145",47023.1719330936,51028.0533666844
47125,2024,8,1,21219,242029.74277778424,131010.66965928934
48215,2025,5,2,"48489,48047",119758.95542363508,70685.02114645696
06067,2021,10,1,06013,385534.6690658221,559715.0272706244
13043,2023,3,2,"13279,13107",93294.76400955474,59228.51595090633
18053,2020,6,1,18009,50630.28665350831,38962.21586324041
42125,2022,11,1,54009,101715.05754186062,62188.81009793436
08007,2025,6,4,"08021,08105,08079,08053",369443.9752271836,218616.87965344425
51177,2025,6,1,51630,338371.3455778997,323065.82805533655
18091,2024,8,1,18149,149669.4975033096,133204.99835177884
18019,2020,1,1,21223,119496.57598874328,82455.70572088783
05035,2022,5,2,"05037,05123",77926.64160455299,53103.271598017454
01127,2022,2,1,01043,72580.81670474414,156208.21042236502
06031,2023,2,2,"06053,06079",240654.7421906492,585779.8855750621
47005,2023,8,2,"47039,47079",85682.97784327432,93446.40959965586
35047,2025,9,1,35057,165619.4303124715,131352.13837584492
48427,2020,5,1,48247,67061.72441311354,48754.73952505808
29143,2023,3,1,47095,44833.00093787371,53117.53501991755
32015,2022,5,2,"32001,32027",127007.23724238444,196236.55398351856
42047,2024,6,1,42023,79530.58724084414,41289.20076650636
48003,2020,4,1,48165,141220.56087290085,125849.26657998878
28137,2023,9,3,"28107,28033,28143",135870.78565609324,135479.2468310909
19063,2021,6,3,"19041,19059,27063",64748.5026193455,104658.08678920117
13209,2020,8,1,13283,63515.59570831013,53038.28751441149
47039,2024,8,2,"47071,47135",96596.94636646257,106001.15374808844
05001,2024,5,1,05107,53132.09627294809,27054.130558590245
13293,2021,10,2,"13269,13231",67910.89384627987,130952.54745251877
40123,2021,6,1,40029,83648.87770614111,49878.11737199843
01113,2024,2,1,13053,95061.64563144217,67401.98841425098
25009,2024,7,1,25025,491890.9679408267,525845.6841143509
28077,2021,6,1,28147,80225.12899893062,93485.76659071149
48323,2020,3,1,48507,112471.6866512528,40463.58779066306
21041,2020,5,1,21223,57979.451448254775,86142.3126877555
47123,2021,6,2,"47105,37075",124418.93471020728,131928.49076712792
48373,2021,5,2,"48199,48455",85415.44036265585,113505.21183222582
49019,2020,6,1,49007,267519.4198434495,93640.88166605627
27095,2021,5,1,27009,165834.5229418997,156751.2922342262
35015,2023,9,1,35005,148412.61117866237,97333.42116920506
51041,2025,4,1,51670,306226.2991911731,151935.27617758673
48325,2021,4,1,48507,180879.4590268873,47080.11819979923
06047,2025,3,1,06069,342137.5836603602,666327.1050161369
23005,2024,1,1,23023,382411.23728443374,285697.4311518907
06043,2020,4,1,06099,219744.38891973897,261336.0898540197
46123,2023,7,1,31103,,102422.15894867256
05149,2024,11,1,05105,101127.87022543846,96152.60717471495
06085,2020,1,2,"06069,06099",778787.6472906666,369980.4692068871
40047,2021,7,2,"40103,40003",56865.17595404789,60909.85008011758
13145,2024,7,1,01017,217799.42566645017,74025.48960688003
19161,2025,4,1,19047,77623.76342696867,92784.84808298729
08041,2025,6,1,08043,344634.5057518493,239897.69943184397
22119,2022,3,1,22027,63837.99105074281,67441.05903237486
31009,2025,6,1,31171,,99263.11250034644
30063,2021,6,2,"30089,16049",332686.91073192976,173509.94994239561
05147,2022,4,2,"05037,05123",,53332.1031465383
48183,2021,7,1,48459,99066.94635583204,119348.79936203308
05103,2024,12,1,05039,48564.233921295505,63664.84868489195
05095,2022,4,1,05123,,38794.05946594463
19053,2024,7,1,29129,72829.38635418475,73560.22322707235
29091,2025,6,1,05049,125663.98673040308,105467.68206643069
06067,2023,3,1,06013,398860.3920579923,561983.3125116628
29147,2020,7,1,19145,82929.33069245209,59851.41977843761
48117,2020,6,1,48369,82625.90506696932,70653.70692837749
33009,2020,10,1,50017,144035.66015744986,139503.24155369334
06019,2022,12,2,"06069,06053",274911.8900316001,607032.005467063
48505,2024,7,2,"48427,48247",,63116.98156622058
48127,2020,3,1,48507,83213.66887655857,40463.58779066306
12099,2022,7,2,"12043,12051",259704.72780326183,153243.40108875153
30063,2024,7,2,"16035,30039",420878.8656764875,219500.3227155257
29055,2023,2,1,29221,113025.68759276974,89493.5402072411
47163,2022,7,1,51520,136211.63024415824,89318.6616001716
29167,2022,6,1,29185,146833.4508935151,95427.89222751278
12043,2024,10,1,12055,154495.36794575056,149503.0693722215
13069,2021,5,1,13161,87075.02120421808,63790.567418747465
05147,2020,11,1,05123,,44167.685261085
26009,2024,7,2,"26089,26029",182828.94680070435,302761.12548479927
37139,2024,7,1,37177,158018.22219903715,85817.85211248802
48225,2024,11,1,48455,117695.1063567424,99946.29866203047
20105,2025,9,2,"20123,20141",47294.08128735225,58124.76578155106
13263,2022,6,1,13053,90275.48542378272,67462.78564538174
55013,2021,6,2,"27115,27025",124299.2701759293,167444.98050724555
06061,2020,4,5,"06057,32510,06101,32031,32005",402625.58666642127,297798.6200753931
22111,2025,5,1,05003,82716.36868683611,38335.9826391794
38103,2023,9,1,38083,,70582.04376891111
16063,2021,9,3,"16053,16025,16047",151530.6969990957,208279.97787092478
38041,2024,9,1,38089,,180218.56330338065
31063,2024,8,2,"31073,31085",73803.57902657936,139197.96251141146
08093,2024,6,3,"08019,08015,08065",358139.4629624929,388487.4180569229
39119,2021,7,1,39115,94049.1922493696,74050.43737168064
29165,2023,4,1,20209,249035.57525738017,114977.68881165008
08009,2021,3,1,08011,,65750.35852482908
26073,2020,6,1,26133,109673.81735643966,79231.14230640345
06029,2022,7,1,06079,237689.66121504433,605941.4612692185
36119,2022,5,1,36087,425110.3181104421,415056.4484624013
51069,2024,8,1,51840,305034.4658359009,251790.01852146545
27063,2024,7,1,27091,101941.62339486954,94204.38892313984
32001,2025,8,1,32015,284421.41315793974,123089.31245933544
13119,2022,8,3,"13195,13011,13147",149472.34776427093,191668.6236862119
18063,2022,7,1,18109,237589.74657081548,181635.4258131703
33007,2021,6,1,50009,97886.01924961928,93268.43629381864
56005,2020,6,1,56033,182357.20874428513,199359.94650529613
12081,2021,12,1,12027,242189.611533792,133577.90365191977
27011,2021,10,2,"27073,27149",69922.20725853353,89314.06217401606
18155,2024,8,1,18115,133251.60959630416,165791.6430256929
26059,2025,6,1,39171,108816.15468288092,109229.3084869776
12093,2023,6,1,12055,174789.75940488474,140867.61803288112
35051,2024,6,1,35003,106895.19840848296,132475.27043134533
35017,2025,7,1,35003,111263.78703464087,141328.89547361035
17189,2020,8,1,17121,62491.65803643764,61311.99459356002
28059,2024,3,1,28131,122682.41319185468,115264.35152421084
28131,2021,4,1,28045,111387.88947560052,122414.90894086978
06003,2025,8,1,06109,326142.48429751623,301587.92472543183
13091,2024,3,3,"13315,13175,13271",79271.35734492136,72618.25290911093
40083,2021,7,1,40103,149170.21483905995,56435.4049249404
31055,2024,7,1,31053,193288.0369335091,150460.642705847
49037,2021,8,1,08033,205202.2679409613,147870.5377733296
32033,2023,6,3,"49027,49023,49045",102383.74089043077,293011.41367952694
26159,2023,3,1,26149,136829.8866601854,107333.32483951905
38091,2023,7,1,38003,,89358.82158177678
29099,2023,4,2,"29221,29186",174642.7406087758,110707.13468309783
51027,2022,7,1,51167,54853.53864765227,67945.71884827841
28043,2022,7,1,28013,66916.7056273627,62558.295085165846
19041,2024,7,1,19151,99854.78458538932,50403.024707151
40037,2024,4,1,40119,113911.70018846412,127306.37333903273
35013,2020,8,1,48141,128329.4727616688,111629.98540464202
06039,2025,2,1,06109,324017.76406778855,310954.16467141936
17061,2020,5,2,"17013,17083",51921.80826093102,90897.5714244837
20105,2022,8,1,20123,41843.627544873576,66646.10487615548
48345,2024,8,2,"48153,48191",,38798.99897563955
42033,2024,6,1,42023,69491.24057942347,41289.20076650636
32023,2025,6,2,"32033,32015",220958.55078589325,115438.11306890399
37043,2023,1,2,"13291,13281",188082.62102284073,211826.39106645732
31015,2020,8,1,31107,112870.22271235888,64300.1917274397
30073,2023,8,2,"30015,30101",119355.31190486076,111972.85972026453
55083,2025,5,1,55041,168172.665269573,96874.1138993532
55133,2020,4,1,55055,241827.69582050465,158741.49081551709
48375,2023,12,1,48011,89519.6234924313,115800.5612182066
55105,2020,5,1,55055,109575.80350816378,159694.3138226686
01089,2022,5,1,47051,196130.40513784785,175221.27645376904
26107,2020,6,1,26133,101808.33041530335,79231.14230640345
35007,2024,9,2,"35055,08023",109614.466891221,211754.1224496458
39089,2025,4,1,39083,207506.6925821907,164600.88424273592
42011,2022,5,1,42077,160871.26628001497,201557.62689236633
06017,2021,3,3,"06061,06005,06067",391032.3402322016,361068.49794665497
28163,2023,12,1,28125,48820.65877623276,70895.70068309097
13155,2020,4,1,13017,61119.189478534994,38406.17529877139
56023,2020,6,2,"49033,16029",141867.05253117555,156458.26197662234
30029,2020,6,2,"30089,30077",246310.49507453712,119983.99010390474
17081,2020,8,1,17121,,61311.99459356002
13161,2023,4,3,"13309,13279,13209",65504.86412251316,66372.02615984408
13189,2022,5,2,"13317,13301",106819.98724721604,67091.84699329757
55053,2023,7,2,"55035,55141",115140.73971976794,158513.32689649484
17169,2024,5,1,17017,88715.28096305975,60801.39667290769
39121,2023,7,1,39115,99446.0797258714,72840.90915739856
31091,2025,8,1,31171,68460.41494056031,93903.18268785802
47071,2023,8,3,"47109,47023,47039",100021.6484697638,82094.86902864564
37095,2024,5,1,37177,94461.54312996611,83272.76506374188
48041,2025,8,1,48051,218468.08163247793,145169.96014773982
06045,2022,9,1,06097,373698.9972383868,591798.955421993
20143,2025,6,1,20123,74666.75646115122,75486.40951673273
28117,2025,5,1,28139,92001.38550461292,82976.14662737632
18097,2022,4,1,18109,133219.30001176076,175771.01404317518
48123,2023,5,1,48175,112011.7480461725,131364.7953158234
47091,2025,5,1,37011,145361.84490164553,209907.90846534536
23015,2023,5,1,23023,255001.78007627671,264780.3538370771
37047,2022,5,2,"45033,37141",93702.84351973618,155419.27401483952
19179,2022,8,1,19101,67959.07788608526,100929.60645987943
48485,2021,4,1,40033,72946.34292169212,41789.38148734917
08083,2024,9,2,"08033,08111",266494.5982208327,269922.0422571711
48211,2024,5,2,"40045,40129",103979.09996802476,60389.1938170466
47181,2023,12,1,47135,85409.47491127212,88139.76392007695
18151,2025,4,1,39171,179980.0754382182,109370.37620368658
08037,2020,7,1,08065,375944.9104619034,201616.53090883317
56045,2022,6,1,56009,133300.65393752535,175182.98948030637
26131,2022,6,1,26083,66406.53114772722,77531.98167402299
30021,2024,9,1,30109,110346.07633651716,101099.12221178134
29033,2021,9,1,29107,66825.94174064916,103766.155757876
35053,2020,7,1,35006,111317.81816990224,58612.93796783616
24043,2024,7,1,42057,221820.48406846917,117092.5103876446
22071,2023,5,2,"22075,22087",157087.79450277585,141231.2187948794
05013,2024,2,1,05011,,57374.503756303726
16085,2020,5,2,"16045,16059",210633.1389173594,153519.85872813012
37111,2020,2,2,"37199,37121",111030.39184337833,97323.21816727302
49007,2021,10,1,49039,126044.05445397909,204264.37855419365
13043,2023,7,2,"13279,13107",98338.70015839885,64112.05473845248
48079,2023,5,1,35041,34207.56948920235,76614.08301672411
26057,2025,5,2,"26117,26073",102597.8696012214,136162.2983566047
56029,2022,5,3,"56017,56043,30031",243667.17246422675,239478.02053405633
20125,2025,6,1,20133,42343.28977620062,47259.356382901984
16043,2023,7,1,56039,268331.47562892054,999496.4779626816
27015,2021,9,3,"27127,27165,27033",109955.90661871726,67541.76214453929
26131,2025,7,1,26083,67256.9788525499,97064.40441207278
28047,2022,8,1,28045,132885.34804022967,149650.28030116335
48279,2020,6,1,48369,65981.50981964699,70653.70692837749
22051,2025,7,1,22095,167481.95338689946,132903.71130361743
56013,2023,8,2,"56017,56039",179137.50491802438,568027.3156029022
29143,2023,7,2,"29069,47095",46844.80434094901,58570.64145125315
16031,2021,5,1,16053,165366.66270571793,201154.0637634632
47131,2024,6,1,47095,73283.32634748962,63964.945817815074
29137,2024,4,2,"29173,29175",97253.88000347168,106947.24787415995
51121,2024,7,1,51063,222082.9329817267,164346.11935392863
19137,2024,7,1,19145,65639.03909678617,75470.09696591336
16019,2021,9,2,"16065,16081",271498.9446755326,338327.9683998247
56025,2022,5,3,"56043,56009,56007",173421.03976628932,133235.5064735551
06045,2024,2,1,06105,340024.4964449634,147583.53498072273
49055,2025,7,1,49019,300120.637554142,457476.37589866994
40119,2023,8,1,40103,124797.10273550474,64304.44124053858
13243,2025,5,3,"13307,13061,13259",44562.498290496354,58479.76556806776
16079,2022,3,2,"16009,30061",180298.2535585371,207931.47387651005
27095,2021,9,1,27009,174683.135975252,165601.27258708936
06001,2020,1,1,06099,595344.282503303,257503.14292358523
49023,2022,7,1,49039,314241.98475631984,238449.26078967625
28113,2024,3,1,28005,53810.624102179914,78309.92172859836
05093,2024,6,1,05035,51926.87776691132,79458.54044788693
30073,2020,5,1,30101,73097.43278210607,58885.60026504725
22021,2025,2,1,22041,57906.20243715769,53692.842307979
29183,2020,6,2,"17013,17083",183017.89384454003,90274.23894492601
12015,2024,7,3,"12027,12115,12055",245901.87110732752,210110.81162980836
21187,2025,2,2,"21103,21081",97243.24080593637,171781.52788224746
51185,2022,6,1,51167,57180.7333094983,68214.46775816947
20051,2025,6,2,"20163,20141",143442.89977409315,48928.37403061851
54055,2023,7,2,"54089,51021",75376.09881326194,79224.13823782286
26153,2024,6,3,"26089,26097,26029",94359.98550961044,235343.5243005364
48087,2025,8,1,40057,43447.605576190086,39810.94445015115
39157,2024,3,1,39151,111773.64454160206,104223.39989542514
34009,2023,7,1,34011,367756.9896120252,154965.95499918878
21141,2024,8,2,"21213,21219",116100.1030736582,148842.86945477346
12081,2020,2,2,"12027,12049",181705.4775963776,81893.24155231158
29207,2021,5,1,29069,81517.50973650074,76083.26444489263
08079,2024,8,1,08109,259409.97593782857,112877.03423855262
22097,2022,12,1,22077,70358.34868059604,86608.52352316007
34037,2024,8,1,34031,303685.94715136266,425152.69641731586
41001,2025,7,4,"41061,41023,16087,41063",184872.84940736913,226868.03150043596
51195,2023,5,1,51720,59960.6817959953,60336.13733251527
37193,2025,5,1,37005,110252.19825348328,148519.80922724435
47131,2021,5,2,"47183,47095",57235.30246659155,58880.86546579089
13033,2023,6,2,"13163,13107",88179.70275979501,55244.329706777775
34017,2024,5,2,"36047,36085",397815.9622813755,517354.8784780974
22111,2025,9,1,05003,79499.21039039626,38260.21540995008
19187,2023,8,1,19079,71835.53086274484,77416.21447480677
21175,2021,7,1,21115,82124.66174639892,63035.854757765046
46025,2023,8,1,46005,95054.17065995836,95600.35331831686
01113,2021,5,2,"13053,13259",88036.48380043637,52092.188851878265
28021,2024,1,2,"28063,22107",50262.55858819047,80224.42243105045
13215,2025,2,1,13053,99855.69030268327,72268.18651636019
29165,2023,8,1,20209,254047.80073148245,121222.7836424918
01123,2024,5,1,01017,110025.8905780441,73220.88566539926
38055,2023,8,1,38083,98660.02661871004,72694.76117387235
47013,2025,7,3,"47173,21235,21147",122368.2645928713,109548.58146988682
08009,2021,7,1,08011,,73226.9170496788
44001,2022,8,1,44005,404472.9599451843,426118.24594547
22125,2025,5,1,22029,228955.4653316636,48125.75147106233
36119,2022,9,3,"36087,36079,36005",431947.6220878689,325110.80285459943
37137,2022,3,1,37095,111928.29929682142,95824.4760028298
01119,2022,5,1,01107,,76362.17886148638
22097,2021,4,1,22077,79381.2046488069,96373.58603770768
54077,2024,4,1,54093,49799.06247231647,99387.09660609064
16039,2023,8,1,16047,243162.89680056623,223342.22577959564
01075,2023,7,1,28087,90605.89568989532,91958.566471493
53071,2022,6,2,"53005,53021",270233.1823030423,322835.30594379397
49045,2020,8,1,32033,257286.397474569,86720.47732736841
37115,2020,7,1,37199,165692.3069172053,119520.75408541811
40009,2022,8,1,40075,55698.538866080235,38401.00756046912
22033,2022,8,3,"22037,22047,22121",128979.21682999266,123176.97195558099
27129,2021,9,3,"27127,27067,27023",78512.21020777959,96035.35122335803
17191,2020,3,1,17121,51363.7095781498,57794.423582939315
40083,2021,11,1,40103,158786.2667255765,56488.49141878041
05037,2021,3,2,"05123,05035",59347.67999138465,58229.84658006673
26159,2023,7,1,26149,137538.78594263736,111584.231161929
55061,2020,4,1,26019,122863.8822843308,148335.0403906148
53013,2020,2,1,53023,105560.84589063642,94227.10864141762
30027,2024,10,1,30037,167035.38944264094,131438.16447680545
06097,2021,11,4,"06013,06033,06055,06045",549256.8697692152,444401.98997023184
18083,2025,6,1,17185,89055.46847592207,67120.90119973371
20201,2025,4,1,31169,77084.40601434502,76655.17239886838
34025,2024,8,2,"36085,36081",479786.06150295824,460821.1416494255
05093,2021,3,2,"29069,05035",50938.887504496706,74477.38993810036
21009,2024,9,1,21061,118818.09208266724,96538.61712638242
20201,2020,10,2,"31095,31067",56614.39934982607,54866.46025469985
40073,2023,8,1,40093,119214.99625054083,69594.87451249124
27031,2020,7,2,"27075,26083",156660.6904616689,78064.98493744942
48251,2020,4,1,48425,167870.19822045244,171727.95336728753
30111,2024,8,1,30037,277456.97411134007,128703.22797295934
55133,2020,8,1,55055,244262.1599632952,161067.6291445028
45019,2022,4,1,45043,291464.3680010653,165449.093447754
40081,2024,9,2,"40119,40083",96450.35623141612,144422.2451974343
16023,2020,4,1,16059,,106008.78236765908
13317,2025,4,2,"13221,13301",81422.0826723607,125080.51361800874
29129,2021,3,1,29171,67224.48704601538,70060.68621680715
01079,2022,11,1,01133,128993.24268860387,85356.33524555374
18013,2022,6,1,18109,203222.22537526605,180717.26171542984
17029,2021,4,1,17139,61147.83987606328,81390.45582127155
06067,2020,4,3,"06095,06113,06101",304701.2017086936,325932.6327094066
49047,2020,7,1,49007,160608.9171405148,93782.76566985447
31149,2021,6,1,31015,,104832.2538703626
22101,2021,5,1,22007,,98650.65024757828
08097,2022,7,2,"08051,08065",735586.6999294829,355462.05729369866
53025,2020,5,2,"53047,53037",161148.84636429042,171980.9036615336
48057,2020,4,1,48321,98563.17103513096,96272.131513411
47109,2020,1,1,47069,62566.06608175803,52631.06123111685
21099,2025,5,1,21169,109534.40393577308,103545.965923018
31037,2024,8,3,"31167,31039,31053",124332.61564545776,143946.1597576622
37025,2021,7,1,37179,211854.048530301,240987.3121628879
13051,2024,5,1,13029,243792.26323062737,289118.72612667916
30013,2021,8,2,"30059,30045",164344.32358980872,136169.71474922437
17033,2020,7,1,17079,,77849.96872178
26019,2021,9,1,26089,190667.27665090896,298163.10935902357
18097,2022,8,1,18109,137546.06537859267,181520.7263266792
19133,2022,7,2,"19093,19193",78670.57501377487,91530.23366093138
26025,2023,3,3,"26149,26023,26059",88371.38412464647,101538.08852286427
47065,2023,6,4,"13047,13295,13313,13083",214510.93029441833,151713.73880333558
05103,2025,6,2,"05039,05019",42941.066404617355,69204.44164632974
39077,2022,3,1,39005,94924.40329127654,114719.27715270738
51071,2023,7,3,"54089,51045,51021",110846.5901923104,89145.75280563235
29093,2023,3,2,"29123,29221",79369.28548291429,83927.48463706046
01031,2022,3,1,01039,83373.73786555532,79122.34790670477
51069,2020,3,1,51840,208730.67987870317,162309.5773106
32023,2022,9,1,32001,237853.85257974695,271515.4029840706
56039,2022,5,2,"56023,30031",934835.8423292836,349287.4925096422
40023,2023,5,1,40005,71512.32817049728,90906.5821573034
48369,2025,5,1,35009,87931.43393569667,94293.38969099223
39031,2023,7,2,"39075,39083",83155.01775902124,161750.36199455065
51005,2021,5,1,51580,78862.14311878108,36737.94161644654
21191,2025,5,2,"21097,21081",136921.07701761884,184694.69090191217
06109,2020,6,2,"06099,06051",227896.60423557437,290688.40332043916
22071,2023,9,1,22075,154467.2874559818,136767.75117084663
18049,2025,7,2,"18131,18103",118507.90589065278,98876.94477642427
37111,2020,6,2,"37199,37121",105284.85164449194,100276.9378104441
29123,2024,6,1,29157,87091.24515259889,127938.84858795891
51163,2025,4,2,"51678,51530",177747.1807599508,165174.08742648968
16043,2023,11,1,56039,264190.9572940788,1035628.8561411854
37029,2023,7,1,37177,214949.48648632187,79274.51288137845
16031,2021,9,1,16053,178310.34289682098,220032.5323374792
21045,2021,2,1,21001,76592.98022043698,96234.38722621716
46115,2023,7,1,46005,61163.88851800652,97968.37095429868
56025,2022,9,3,"56043,56009,56007",178618.77829992466,137201.45287114105
30001,2024,6,1,30023,245710.77965830613,181413.3851894017
48005,2022,3,3,"48457,48373,48241",111531.87204864394,105519.51688350683
37095,2021,8,1,37137,90179.22912384856,104655.68945807434
22017,2021,4,1,48315,60365.95062198601,69141.84651783107
16013,2020,7,2,"16067,16025",305551.9427509895,143597.36997167952
23015,2020,8,1,23023,169356.68362970298,174926.17127864098
48223,2025,4,1,48379,159116.29488824497,158242.97405646954
48193,2024,6,4,"48281,48093,48099,48333",128787.20543709926,151106.27182941773
30049,2021,7,2,"30043,30059",259225.7119450868,185749.11213846062
53067,2021,1,1,53053,325436.63345090207,350177.2980133823
45053,2024,6,1,45049,262423.076920476,85668.78180144762
13287,2023,7,1,13315,68477.87648188135,65089.61155675803
13267,2021,6,1,13279,81388.06435805849,69302.45379545468
18057,2022,8,1,18159,301079.36549882614,122648.1445749164
51710,2022,7,1,51740,200077.5083472365,167181.8844126976
29121,2024,8,1,29175,92480.92839900464,85578.067796703
21093,2021,6,1,21163,146532.078125574,125845.44458353902
12081,2020,6,2,"12027,12049",183224.76631309,83758.45893315563
28045,2024,3,1,28131,144918.52278232176,115264.35152421084
46057,2021,6,2,"46011,46077",128022.90985179631,135617.3868262345
23025,2021,8,1,23007,101287.29299833631,131025.73532088433
45067,2020,5,1,45089,48174.199811185135,42427.463378035194
56043,2021,7,2,"56017,56029",114741.43668984828,153012.47452781026
48139,2022,4,1,48217,266441.26741211547,108766.0034900051
48203,2021,3,2,"48459,48315",111752.96037320186,89706.83754756875
55109,2023,8,1,55005,270817.3480488998,147284.99253486504
47179,2021,8,1,47171,145719.87667327383,117368.95143347082
37077,2021,7,1,37181,157022.15289037765,78665.65009027581
37061,2022,4,1,37141,75805.81069248577,243836.5411665825
01019,2023,6,2,"13055,13233",121138.84006293947,101169.81195142411
42037,2023,2,1,42093,141492.22283753174,154819.36827648702
54025,2024,4,1,54067,101124.458914466,79813.15940224144
31057,2024,6,1,31085,110564.67161534113,120024.92429036404
41045,2024,6,1,16087,204571.35931325785,247362.07451173317
13133,2021,8,1,13141,205971.5820518109,67603.27880218545
51155,2021,7,1,51021,121508.81462448771,79204.47916989266
28139,2023,9,1,28117,77428.6793632018,89183.83464157833
51161,2024,6,2,"51770,51063",229127.99593505575,156375.75909551347
19075,2022,8,1,19023,104975.0053291928,93270.11919320734
48123,2020,6,1,48285,97140.2834440802,120887.5126256346
16073,2020,5,1,16083,157239.85548525286,161289.01452538618
48213,2024,3,1,48161,146335.00993069037,130354.78265771177
56027,2022,4,1,56009,94829.40088737104,173308.31193605505
48177,2020,5,1,48285,130271.14172309916,119999.03261091597
37021,2022,6,1,37199,302551.97462278465,187715.65155171257
21149,2021,3,1,21233,105441.48818903748,58661.89614302564
48223,2020,8,1,48119,129174.72770100916,61278.567970036725
47009,2021,5,2,"47105,37075",180034.78593251095,129103.90215348551
54023,2023,9,1,54093,94730.064831655,95325.88604825277
17077,2021,4,1,17181,48695.050346870965,75105.48107260652
05121,2023,2,1,05021,78267.49165705747,53947.84377506874
26065,2023,8,2,"26093,26155",109683.49966156077,182631.47375075927
31109,2023,10,1,31159,198002.58499380937,171881.14618231857
26005,2024,8,1,55101,209049.44745830295,180948.71785256252
01119,2022,9,1,01107,,76230.1680874154
48025,2023,8,2,"48175,48391",90307.13521854552,102276.2535371352
36031,2020,3,1,36041,82620.7279764453,75890.78826739786
40065,2022,6,1,40075,43789.00341497521,38648.789337253154
54077,2024,8,1,54093,53274.48962528259,103895.78259162333
06071,2022,10,1,04012,380032.90493414714,131186.8324723962
31111,2025,8,1,31047,125769.48151689312,121299.13509284964
48481,2022,3,3,"48015,48321,48239",131498.03984352548,162465.47535258974
42133,2022,5,1,42043,167483.63873910662,135599.00396782145
36111,2022,12,1,36071,247040.64675832773,275835.96821858233
38035,2024,6,1,38099,171783.57022177087,95730.098253003
26033,2023,8,2,"26097,26141",104268.1443695189,101602.35797756223
18073,2020,6,1,18131,120189.26031748625,62331.069846558974
21023,2023,8,1,21201,112087.07787404628,97041.82183012208
29121,2021,7,1,29103,72431.35993129543,63794.24281508444
48013,2025,5,2,"48163,48493",139502.8258434453,158316.08049613697
40067,2021,5,1,40033,41715.31104453933,41757.816441748735
12021,2025,9,1,12087,325450.79686633026,596699.8220800542
22123,2022,7,2,"22083,22067",62637.62642831948,70345.97346298612
18075,2023,8,1,18009,80011.46447092913,56480.53042580869
48331,2025,7,1,48051,133787.621188896,145840.75913385037
22001,2021,12,1,22097,103787.8643930154,73739.95703801849
22095,2021,3,1,22093,118672.54553082558,115756.1191374589
27113,2021,8,1,27029,117372.1802841024,91556.672574714
32013,2020,8,3,"41025,32031,32027",164577.9345091443,152658.52022211315
39097,2021,8,1,39021,161360.21125307583,121460.52008330775
13013,2025,6,1,13219,288658.4027084496,382087.20189109514
29031,2024,2,2,"17003,29157",140623.8733447411,76471.6199197598
55061,2020,8,1,26019,124327.70693260049,151950.95039665492
40089,2025,7,1,05113,100869.63470146932,93680.64530800605
16007,2023,4,2,"49033,49005",221852.017098626,323869.6385578319
50001,2020,5,1,50017,190851.10634366653,131275.62101773228
26035,2023,7,2,"26143,26111",77819.95639453268,115904.63616734609
28141,2024,10,2,"28117,47071",121340.8043974079,103568.65169387721
39029,2024,4,1,39151,79453.15976005745,105608.00225619318
32007,2021,8,1,32013,221038.12172182451,174966.22855966724
13031,2025,5,1,13109,178333.99516572236,87492.6140097481
20201,2025,8,1,31169,73628.16045465478,71651.26532772442
37013,2022,5,1,37095,100522.96747151116,99419.63600843505
20003,2022,4,1,20207,75056.51496801664,48248.56104335933
48227,2022,8,1,48115,88816.0904722312,64819.96833284082
42097,2023,7,1,42093,58736.812609953544,160646.76825808504
48251,2020,8,1,48425,169923.84061719722,177267.51688564455
37027,2025,5,1,37011,130033.7442584295,209907.90846534536
47151,2024,5,1,47137,101395.85027642324,110909.42530959664
41043,2022,8,2,"41003,41053",280400.5741693096,389283.81677163707
45019,2022,8,1,45043,312069.3903880007,173475.87087412376
37143,2023,6,1,37177,129939.72242841397,79725.19249262616
29133,2021,5,1,21039,44153.24378019166,54769.44479124442
13137,2025,6,1,13281,210550.57640614943,237552.45041618985
26153,2021,7,3,"26089,26097,26095",73205.20339962545,148556.10181756868
51015,2021,5,1,51820,196796.13101068535,160638.97039451046
32003,2020,4,1,32017,216945.6499872555,99919.9899649368
21073,2020,7,1,21005,100491.00325336531,98363.11506986614
30099,2023,6,1,30015,174377.65385672648,137174.54055425574
54013,2023,7,1,54105,45861.7981273321,55171.98036011762
08081,2024,9,1,49009,193573.80665474388,198047.3038265576
22065,2025,8,1,22041,,53554.89339459981
41001,2022,8,1,16087,166695.46913010406,247053.09215361605
05095,2021,4,1,05123,,40668.68073352162
19043,2025,8,1,19055,133810.77748452607,114736.6921917963
47109,2020,5,1,47069,65073.282064737235,54653.37848585768
20099,2022,11,1,40105,42594.03663906453,70659.3817494187
13263,2024,12,1,13053,86540.55978126627,73001.73676019655
30027,2023,6,2,"30015,30107",144879.07326447338,117859.49725438173
44007,2020,8,1,44001,213771.93209714172,296248.66560290934
47057,2025,4,2,"47173,47067",159195.78738191663,126024.8787683628
06019,2021,12,1,06069,245796.60486169968,630264.5612922986
41063,2024,7,2,"53023,53013",276051.89830065845,142088.4355194508
26051,2024,7,1,26143,100086.51988106788,110019.7009166634
26017,2021,7,1,26011,84062.62797170064,80839.01856919844
26025,2023,7,3,"26149,26023,26059",91312.9531616936,103971.13273723381
27095,2025,4,1,27065,200349.46219406792,158697.05969218237
18011,2025,5,1,18023,258346.22347391493,147739.15495676105
25005,2022,7,3,"25001,25007,44005",351929.4843477095,602004.851419207
16049,2023,8,5,"16061,41063,16069,16003,16035",200579.66873609085,230723.99431301234
55099,2025,7,1,55051,108055.2078305604,100179.76639004589
17061,2022,6,1,17013,51017.55915719772,103616.28767389838
21075,2023,3,1,47095,45799.353334168474,53117.53501991755
01041,2025,8,2,"01013,01085",67083.0821285131,67251.68781448205
06083,2023,2,1,06079,530904.3880455006,591652.4596884745
08071,2021,7,1,08011,115566.22507412784,73226.9170496788
17137,2020,4,1,17017,61992.73512204308,49946.8532373469
29207,2023,5,1,29069,81451.70183257353,63981.65172137912
40011,2022,8,2,"40043,40093",51018.2397175477,68602.12482330119
28037,2024,1,2,"28063,28005",86529.97822736077,71981.60209053429
38025,2024,5,1,38089,,174963.25714578223
47151,2021,4,1,47137,84684.0966981873,98092.2508843338
55065,2025,4,1,17085,134582.37073873388,129324.83813990724
18133,2022,7,3,"18119,18021,18109",145664.63034353234,128751.10034713871
37111,2020,10,2,"37199,37121",107986.88627781263,106523.10321444925
37039,2023,7,1,13291,125738.17015647638,218338.15541918203
41029,2024,8,3,"41019,41035,41033",327408.6852104506,239232.27231209844
48053,2024,5,1,48281,273964.2635205815,192026.8921059325
51163,2025,8,2,"51678,51530",179366.79684243668,173239.56881569722
18015,2024,5,1,18181,132633.53618987053,126206.22090991672
18079,2025,5,1,18143,135039.42698562707,129665.41850129544
42035,2025,6,1,42023,112677.3774803891,53494.93244579856
35035,2024,8,1,48109,147258.92628616717,85235.53272958749
16063,2022,7,2,"16053,16025",170255.07728403606,248034.89575127966
08123,2025,7,1,08014,392650.2075164709,493069.1906988945
08081,2021,8,1,08107,139149.7540178385,420068.8629056341
28145,2024,8,3,"28117,28139,28009",107487.07999131033,86443.60943150484
39127,2023,7,1,39115,98169.9831567541,72840.90915739856
51175,2021,8,1,37073,129090.286806352,108736.3025028568
55113,2024,7,1,55003,174032.86443446824,110350.42776108242
06003,2024,8,1,06109,314386.9859195559,305565.42802499
22077,2025,5,1,22029,83209.3050483272,48125.75147106233
19151,2023,7,1,19021,41661.66583982552,110561.18213176828
27061,2020,6,1,27071,96014.46287700412,55314.4860084097
55019,2023,4,2,"55035,55141",96247.6037778512,153487.568419301
37083,2022,6,1,37185,53492.90340102833,117463.42951890126
29181,2023,3,1,05021,87123.47492988891,54229.084423613785
53047,2024,9,3,"53007,53025,53017",168898.64261630524,303485.6880157296
35009,2023,12,2,"35041,35037",92576.64180079136,70149.20813741752
38019,2024,9,1,38099,,98463.39806561744
17049,2021,8,1,17079,89464.45226193006,78196.76063088665
13311,2020,5,1,13281,97069.08469416026,157493.36723009872
45075,2024,8,1,45011,78302.3107026782,88104.50695707048
47093,2025,4,1,47173,250840.87903774984,169916.96738854243
26165,2021,9,1,26113,109974.72585901032,131921.89671550435
47125,2025,4,1,21219,241498.61252304996,142981.33014553526
32023,2024,6,1,32015,217329.60110625208,132889.38873182438
16001,2021,6,1,16015,387618.94952283375,244815.76294022813
18083,2024,2,1,17033,82004.64609712,60801.32041463584
21161,2025,7,2,"21201,21069",84231.49049566872,103651.635349805
39173,2021,5,2,"39137,39143",126221.31462596962,101771.4909891848
28009,2022,5,1,28139,95637.75416100112,80710.62169669765
40149,2022,7,1,40075,46206.676752080915,38629.19895573297
49017,2020,7,1,49021,87795.52798776639,171043.3560814009
37111,2022,3,2,"37199,37121",131694.1828217283,142606.3816011973
05147,2024,8,2,"05037,05123",,59221.54280110143
13303,2025,6,3,"13163,13125,13319",61961.129868999735,74952.98333526203
46057,2021,10,2,"46011,46077",134588.18038410772,138440.70103363588
30089,2024,9,1,30053,248871.74677331184,260220.74316903143
37119,2021,7,1,37179,236928.6020984912,240987.3121628879
42033,2025,4,1,42023,72033.44895718429,51219.58955978035
13213,2022,5,1,13111,166556.17418443895,304248.1512067084
29125,2024,12,2,"29073,29151",127835.57785874535,136173.78797619347
48139,2022,8,1,48217,276224.1485545532,114522.91121059326
28133,2022,7,1,28027,73294.67185282968,29486.04402037025
53075,2022,12,4,"16009,53001,53021,53023",214518.169402283,210050.57503647072
19085,2023,8,2,"19133,19165",96159.75059763284,91208.75526044174
48179,2023,2,1,48211,44617.68890957158,108218.58530378496
13179,2025,4,1,13109,177684.6282358271,89282.00252545923
37061,2022,8,1,37141,83027.30645343786,254827.45258721928
47103,2024,6,1,47117,150935.09137822388,209545.96864510505
37043,2025,5,2,"37113,13281",213911.9366294001,227204.11702958774
16031,2023,6,2,"16053,49003",214675.6489567185,292215.08555528964
17109,2020,6,1,17169,39698.06961213661,78867.4277124376
04017,2024,7,1,04009,246653.21152275507,202804.22885436617
29065,2021,3,1,29179,65151.004186617174,71135.60047174507
51059,2025,6,1,51610,500636.67915108457,624309.1118968116
51175,2023,1,2,"37091,51620",140156.34673229323,84029.3485932422
08105,2024,8,3,"08021,08003,08109",172459.5343651771,145582.89738945971
18153,2024,4,1,17033,76745.87460994234,61817.841827031014
31163,2020,6,1,31077,57785.16909706141,81770.21836944149
29141,2024,3,2,"29053,29159",153725.9695023637,115980.07705283341
39149,2021,3,1,39021,105692.91750390474,114026.7716326842
30001,2021,9,1,30023,196048.07405606937,120550.41078417894
31059,2020,7,2,"31151,31095",54338.89790316386,53772.962755780594
05121,2023,6,2,"05055,05021",83762.43708102738,85875.77706348451
01091,2025,5,1,01023,64634.543643119745,75409.07856883894
35049,2021,7,1,35028,314317.1418196704,315671.6726201101
12097,2023,6,1,12055,295223.293528463,140867.61803288112
19071,2023,6,2,"19129,19145",79374.08883567037,107190.08302438911
31185,2023,7,1,31159,116111.66154559354,170508.66516382108
28071,2022,5,2,"28137,28013",190577.00012119664,95619.13026306417
51169,2022,7,1,51167,80931.64328116876,67945.71884827841
53047,2021,8,4,"53019,53007,53025,53043",154973.8134006272,222312.74101665168
30077,2021,7,2,"30043,30023",129902.10530585198,170219.38922101937
40141,2022,7,1,40075,28137.719144912226,38629.19895573297
12099,2020,2,1,12051,164887.19030394297,101445.32651302096
49035,2025,5,1,49043,425893.88737040205,649085.2872652771
47163,2020,2,2,"47091,51520",102923.8607582788,76555.07765207661
40065,2022,10,2,"40075,48197",42888.798577084795,43981.76556387121
49035,2020,11,1,49029,307925.65745519684,371783.5374380572
01125,2023,8,1,01007,136614.67949533806,151126.912244953
21105,2021,5,2,"21039,47183",42446.340325827485,61001.13193735719
51001,2020,2,1,51131,117178.08259095204,78938.96797673585
12093,2022,9,2,"12043,12051",167189.4656018926,155972.99662720115
49003,2025,8,1,32007,351053.4136618373,250114.08837472877
40019,2022,4,1,40095,82812.39036708481,100550.75265744992
48167,2022,11,1,48071,220292.59840897913,233674.41071171244
06103,2021,10,2,"06021,06045",216773.95057357484,305583.83280575275
56037,2025,5,2,"49043,49009",190374.7908427179,430173.9439202731
38049,2024,8,1,38083,90025.36577770313,67026.80388697037
12001,2024,7,1,12041,199250.90872814713,168631.8498325203
13167,2020,4,1,13283,47254.02887332408,51423.987525780416
30031,2021,7,3,"56029,30043,30059",409439.9811145404,195210.91375649907
04011,2020,8,1,35017,,97598.72025360649
19025,2023,8,1,19021,66870.87354225756,110964.22430679848
17051,2021,6,1,17027,74766.48617218719,98993.16625399566
08043,2020,6,2,"08109,08119",161032.9955086121,156265.3360823767
17121,2023,2,1,17051,63442.04955452959,76718.45836992322
13023,2024,8,1,13175,88886.26896365771,95593.87617803454
31051,2023,10,4,"46027,31043,31173,46127",92170.77889309748,140072.85812067144
49027,2021,8,1,49039,183371.2913265529,195675.87079290207
19029,2023,7,1,19165,70947.54077711752,106353.56035135267
22035,2022,5,1,22083,,88404.56820140984
13243,2022,10,3,"13037,13307,13259",43592.00690662373,56283.027681772095
13107,2020,6,1,13283,44006.21408738706,52606.16910547074
39029,2024,8,1,39151,83002.95144604138,110002.16890694328
30057,2021,8,1,30043,331802.2881794463,229227.02700400117
51059,2022,5,2,"51600,51610",449923.5137146345,518120.54445313895
29157,2021,8,1,17181,106259.5912440468,69445.69401669841
19031,2025,8,2,"19105,19045",145119.82383399864,102040.4176893562
06071,2021,6,1,04012,309465.08133880084,107946.60910619676
48273,2024,5,1,48047,79317.19998201936,51772.07268230062
45075,2021,5,1,45011,71414.91448169305,85315.65801163868
30053,2021,6,3,"30089,16021,16017",177614.17353848938,257319.5450412665
51165,2023,6,1,51660,233011.3706821327,217527.1740077196
35043,2022,9,1,35028,262575.4764861534,353300.0922588043
26029,2021,4,5,"26031,26089,26097,26137,26047",167609.5665031032,154881.8274310052
17025,2022,6,1,17079,48401.00936735732,74602.30121337315
29203,2024,3,1,29149,80393.37369902007,84885.35424998494
51081,2023,6,2,"51183,51595",79907.35063908059,87379.5328655749
21071,2020,5,1,21159,57443.72127172104,35485.84349877721
19093,2025,7,1,19047,76780.42666845047,92404.50828191348
12097,2020,5,1,12055,189005.27169220243,83470.25225540076
31185,2020,6,2,"31151,31023",85530.83241674963,73578.31989385161
06073,2022,3,1,06025,599518.6372228694,221093.1190136523
32003,2020,8,1,32017,218217.8733604656,106652.00976808328
13255,2021,3,1,13171,113438.90544888416,125826.34299258806
47185,2024,7,1,47177,164000.39687962222,158557.84964046298
35055,2021,8,1,08021,268535.1122409192,102140.74955692168
41051,2022,4,2,"53059,41027",396190.6241921245,410423.62982567353
31087,2024,6,1,31085,78612.46632064071,120024.92429036404
13185,2025,8,1,13173,121820.92151599702,115084.85359141488
17181,2024,2,3,"17003,29157,17199",70663.38800691844,75221.4659531233
17159,2021,5,1,17079,62036.289555520685,78795.41930304641
29007,2024,6,2,"29173,29175",95715.36313352028,109666.24715765353
36115,2023,9,2,"50021,50001",141590.38721091696,224057.620614862
44007,2020,12,1,44001,228067.29512058836,317800.83493114426
37009,2025,7,1,37005,212560.50896864687,148547.26754791007
48163,2020,5,1,48507,,43178.44530217324
32013,2022,5,1,32027,188254.24522628725,123771.70201514842
27081,2024,7,1,27173,88283.23970489799,80856.3672668632
29019,2022,6,2,"29135,29051",182647.18451822517,128579.36866607926
13139,2021,12,1,13013,222939.55480244,223551.82838198144
37011,2020,1,2,"47091,37121",91892.47591728096,85790.17154045189
28047,2023,4,1,22087,134592.10993340157,139005.2158162446
19029,2020,6,4,"19155,19165,19137,19009",60734.37284167463,69669.69027617594
20001,2024,7,1,20107,56409.70709762883,70602.18546493426
04015,2020,5,1,32017,152014.91819324807,101281.6013558226
21075,2023,7,1,47095,45081.25182414101,56553.593078433245
48427,2021,5,1,48247,88604.77969627519,55264.441537179904
12086,2025,9,1,12087,319226.5086621453,596699.8220800542
18099,2025,7,1,18131,160257.4960543988,111568.37600964592
26041,2024,6,1,26089,101757.86304484511,369645.4599844928
39029,2021,7,1,39099,70441.70366293732,58817.08277447079
50023,2020,5,1,50017,162514.55953612752,131275.62101773228
18071,2021,6,1,18093,115249.37464280672,95659.41634725008
48127,2021,5,1,48507,93618.36962295492,48409.27976671304
42097,2025,4,1,42093,68368.03115120805,172233.67240913367
48285,2024,2,2,"48089,48123",134252.47174029695,129880.81383126401
28029,2022,5,2,"28063,28077",72806.79561429199,87634.59924609102
46077,2023,10,3,"46011,46005,46079",128945.06031014338,146138.51908685363
48239,2025,6,1,48057,112937.27388164886,114255.78057149662
29147,2024,10,2,"29075,29003",109468.50266874534,110337.3576231995
47113,2025,5,1,47069,119654.9024019968,73091.87794644712
26111,2025,5,3,"26051,26035,26073",145758.3906375121,106521.99894035123
28011,2021,4,1,28027,81927.17102193221,29736.67460498881
40151,2021,7,1,40003,51152.74282011966,65384.29523529477
31111,2024,4,2,"31085,31117",119757.5024218994,135949.24348293417
19169,2023,4,1,19079,159397.52440930714,74048.92727644513
19015,2023,4,1,19079,119458.2295996038,74048.92727644513
48317,2020,5,1,48165,,127792.66816729454
18167,2023,8,1,17023,85348.0482813734,62576.35152627997
41001,2024,5,1,16087,181089.141006319,246856.20159739236
48285,2022,9,3,"48177,48149,48239",149829.1999289207,172884.76801779374
05075,2023,4,1,05055,60951.642943717256,110179.804624877
47047,2025,8,1,47069,230486.82159126425,72362.83666321365
01005,2025,5,2,"13061,13259",81940.25226263153,49669.06124719939
13245,2023,7,1,13163,108576.03064201046,55585.05469890201
51650,2020,8,1,51735,128424.5804972051,236784.8504555742
27123,2021,7,1,27163,220957.30876931883,273662.2040611684
21227,2024,8,2,"21213,21061",197013.57266709072,132567.06398808572
19047,2022,5,2,"19093,19193",79992.82143159572,90174.62634327318
30097,2022,8,1,30059,230582.86243945803,180553.90177162224
22067,2025,6,2,"05003,05017",43705.02591602314,43365.70296276457
29181,2023,7,1,05021,78974.17395579942,57697.33044482825
08009,2025,6,2,"08099,08011",,74883.54310282654
28053,2025,8,2,"28051,28083",42177.633327333395,39228.95906241321
40031,2021,4,1,40033,58095.09213526553,41789.38148734917
16001,2021,10,1,16015,403674.20708316047,267484.5886284934
16037,2021,8,1,16015,166940.2514094763,258975.7975825482
26041,2021,5,1,26089,77909.91700146704,276203.2348225994
55125,2025,6,2,"55051,55041",221397.51782920767,100039.89043486043
39173,2021,9,1,39143,122572.07044329555,91929.83197433173
13157,2020,8,1,13059,197082.587043462,140104.89224542835
30081,2020,5,3,"30039,30023,16059",230981.19035161077,110880.82595486357
05135,2025,6,2,"05049,05065",78970.23779057222,97806.65375016889
37023,2024,6,1,37011,159976.02144734666,213068.71492010285
17157,2023,6,1,29186,74564.9305733968,129976.78390433852
08061,2020,3,1,08025,75602.71857755753,63780.76152029523
28037,2021,4,1,28005,97713.89296521492,85583.47691174319
48499,2021,3,2,"48459,48379",125289.3174730771,119955.39250660606
05147,2024,12,1,05067,,50080.59240832857
42047,2025,6,1,42023,78621.67036394561,53494.93244579856
22019,2025,1,1,48361,98971.6878996556,104478.56229940162
20205,2022,5,1,20207,43140.5752627656,46618.00808848622
19007,2022,9,2,"29197,19185",50773.730627092205,70820.87920772166
17109,2025,4,1,17169,46258.70278713491,79834.22439892993
27137,2020,5,2,"27075,27071",85139.68567921659,76103.2527925537
16019,2022,5,1,56023,306720.148313425,218887.79265239593
01113,2025,2,1,13053,104620.90155811187,72268.18651636019
56003,2020,6,2,"56029,56033",98390.8598057689,191123.5871946374
49013,2024,8,1,49009,233781.23171826397,195909.0517679892
08041,2023,5,1,08043,350289.36513798806,227964.84650882345
20183,2024,4,1,20141,43581.000047058864,33540.88606689187
26123,2023,6,1,26105,129726.3273259038,133139.82744405456
54085,2024,9,1,54073,66032.67895545055,100950.14318908517
21207,2021,2,1,21001,84870.72375672699,96234.38722621716
47041,2025,4,1,47159,185019.4407457709,183507.41439121263
37099,2025,6,1,37113,258573.40412827293,216866.35044463564
28057,2024,9,1,28117,82991.04538016467,92901.3675339744
46123,2024,7,1,31103,,102411.62640587776
26089,2023,8,2,"26029,55029",365284.1354730892,213432.22793044822
40047,2022,7,3,"40093,40053,40003",59804.928613662334,66574.5590363503
13189,2023,7,3,"13317,13163,13301",109976.8338912528,64894.712597255624
21007,2024,6,1,17003,75287.50145294498,34067.28998044762
42079,2022,8,1,42025,108274.0509235476,139916.49834635446
30063,2022,6,3,"30039,30061,30077",411525.0910874917,216733.62971259854
05147,2023,4,1,05123,,37889.56176651985
05095,2023,4,2,"05107,05123",,31126.990560861195
31067,2024,7,2,"31097,31095",100130.5394795838,69407.76848744923
17151,2021,3,1,17165,101481.20448725668,39362.01140961889
21017,2021,7,1,21173,115418.9558940236,124982.42782487672
35035,2020,3,1,48141,88526.9322466551,107473.59209594029
26103,2025,5,1,26083,131988.1443060878,97762.3020758902
22111,2023,4,2,"22067,05003",84420.05341979417,46271.40272417701
27149,2023,4,3,"27041,27151,27011",124346.3435279004,112860.69159697865
47163,2023,7,1,51520,145508.0462890492,97251.08228951404
30071,2022,7,2,"30027,30005",109269.7674583,130834.59909140927
13057,2024,7,1,13117,367677.4928310523,457407.6150412019
27093,2021,4,1,27067,131264.67939369605,122413.16291656536
21097,2021,2,1,21201,114538.43709864227,82223.16133320586
37139,2025,7,1,37143,163325.8637035193,140982.97348066804
29023,2023,1,1,05021,75293.0414160301,54372.95670792182
17121,2023,6,1,17051,63589.78407099004,78964.31577621443
31027,2022,7,3,"31051,46135,46027",116407.66077847371,130492.07952758014
51027,2023,9,1,54059,57175.09642740859,41735.08868609768
16073,2022,6,1,16083,278814.19678463583,267330.8073545179
13007,2022,8,1,13037,87975.53596497781,48529.86028592468
13147,2023,7,1,13195,167511.07787441302,196880.58887167333
44009,2023,6,1,44003,387009.20662262087,293992.3540828573
06099,2021,10,1,06085,327414.09172448213,924599.456664843
22105,2024,1,1,28005,134083.47173229096,76803.04345697707
51013,2022,5,1,51610,411092.23909234226,567764.9792021526
48469,2025,6,1,48057,117350.10222653202,114255.78057149662
21043,2020,6,1,21063,52321.563898085966,79450.43347014314
08059,2023,7,3,"08019,08047,08093",472571.3669042697,354384.2402817775
01097,2025,5,2,"28039,28041",92393.96911771112,105116.78464675983
30051,2020,7,1,30101,85659.41950196518,57066.93385312555
29189,2024,4,1,29510,137093.64070842965,75744.77277989221
51199,2021,6,2,"51131,51735",251573.73151827176,182355.08774171642
12097,2020,9,1,12055,191843.79705549497,86478.73986311867
26113,2022,5,3,"26133,26039,26079",144100.06008934233,106655.24475834171
13257,2023,6,1,13011,128286.40549487429,205248.46317492507
13119,2023,8,2,"13195,13011",156606.95020668217,203580.46379690024
16041,2024,8,1,16071,311796.2304849025,226759.8428558519
08017,2025,8,1,08061,107936.7882013205,105716.8203795248
13029,2025,3,1,13109,298283.03461876645,91694.5787302173
51013,2025,6,1,51610,427320.1733292211,624309.1118968116
45029,2024,5,2,"45005,45049",121171.29371008482,62019.42708878592
40121,2024,5,1,40005,71695.32677936564,104983.23423525202
27111,2021,5,3,"27041,27153,27159",138873.5798526803,121273.86854481972
26055,2023,9,1,26079,256748.9115437865,121704.43925951108
50005,2021,5,3,"50019,50015,50009",125785.96823374684,144904.469974415
37133,2022,3,1,37141,155510.7151802147,238617.77070176625
30051,2023,8,2,"30015,30101",107854.43998856288,111972.85972026453
47157,2023,8,3,"47167,28033,05035",106023.30129861174,148424.59734344864
54001,2023,8,1,54093,65290.43430217285,94615.373356471
21023,2025,9,2,"21201,21097",111784.67960847664,136702.3637481722
34005,2022,7,1,34021,238191.27499509495,210226.5052940819
53063,2020,5,1,16009,207148.44347631253,127897.12711060447
17181,2024,6,3,"17003,29157,17199",74605.16662392138,78968.84508282748
55121,2023,5,1,55035,140728.5022981677,196573.5700955196
18085,2021,7,1,18169,138539.8176137811,83569.09229369326
29161,2021,5,1,29073,98534.53818089228,88070.98449318796
19197,2023,8,1,19079,61243.1043138275,77416.21447480677
17057,2025,4,1,17169,51258.51499347183,79834.22439892993
47177,2023,8,1,47061,147523.74859398388,98166.34837440428
48447,2024,4,2,"48429,48009",92680.32114681842,92341.67087038574
27145,2021,7,4,"27009,27153,27067,27041",164709.41118380756,141068.2104899924
05041,2024,8,1,05107,52507.969296858464,27051.65938243519
53015,2021,1,1,53011,241136.0542750907,339244.2520359482
12081,2021,4,1,12027,204880.90673851492,116501.74324180662
17117,2021,6,1,17083,64356.64148359245,95199.38566250975
17001,2025,7,2,"29111,17009",100247.76622917682,94461.2935554543
21007,2021,3,1,21039,71202.48815496116,53892.93598702268
48127,2021,9,1,48507,94476.3931893611,48692.84384800424
29039,2022,4,1,29185,99244.68461216587,92420.71202555344
39011,2024,5,1,39003,136801.34166091905,92013.12340914772
35007,2025,9,1,08023,117854.18082954265,104955.72374109551
28103,2022,2,1,01107,,79124.77137738327
19193,2020,10,1,19133,95492.44352015818,65037.80878857624
34015,2023,8,1,34011,241908.22171299555,156192.18793062362
48479,2024,4,2,"48323,48247",132769.26927371824,98605.31957728996
39041,2023,7,3,"39101,39117,39083",325633.2566151775,126125.05715788998
30029,2021,6,2,"30089,30073",327205.12444817624,134688.13495405196
23025,2025,7,2,"23027,23011",144760.0066064206,211471.15043242142
27035,2023,9,1,27095,214673.38633657605,188493.4048138368
40121,2021,4,1,40029,65401.966250081365,49178.15890338706
47095,2025,5,1,29143,57527.88038103423,54319.0872650411
17167,2020,8,2,"17017,17129",67549.81307323407,78964.88848622907
17087,2021,5,2,"17181,17165",88617.80107414296,56597.997855320544
32031,2024,10,1,32029,406119.08532974013,335361.9498871781
05075,2023,8,1,05055,63613.96196445578,113880.80830285042
29151,2021,6,1,29073,117399.75948967316,89483.6625275594
20007,2021,5,1,40003,33811.960442505886,64946.43416492416
17049,2020,7,1,17079,83755.68972210289,77849.96872178
17149,2020,5,1,17013,43230.97668753986,98889.19130593514
55083,2020,3,1,55078,98356.2989639025,91901.25861560316
23027,2021,6,1,23015,155735.34738060515,213566.2398059978
04015,2022,2,1,04012,212138.1915825666,121888.41777838428
13031,2024,5,1,13029,173879.93896516017,289118.72612667916
20131,2023,9,1,31147,88298.78228723646,55218.45435717682
21179,2020,6,1,21005,120263.45041693909,97037.88809866102
06007,2021,10,1,06021,264425.8043504717,224541.0527745871
26061,2020,9,1,26083,71346.21938696415,62079.59209173249
28029,2024,2,2,"28063,28077",66828.3275612747,71168.43528276356
56029,2023,5,2,"56017,56039",262327.2793621876,548496.7194792224
08061,2020,7,1,08025,77361.71310881276,66090.34359932091
48499,2021,7,2,"48459,48379",137121.3375203176,126834.31954255108
20125,2021,12,1,40147,41339.48406098616,80911.92370480538
40119,2021,7,1,40103,111230.4894198319,56435.4049249404
40153,2022,7,2,"40043,40093",66880.34894516079,68888.9023477388
46135,2020,4,2,"31107,31027",128532.44344742109,73232.98566158969
48387,2024,6,1,40023,82180.25419666732,73087.01987763478
13233,2024,2,1,13143,117645.17529536352,170118.74113037076
38017,2023,4,1,38003,203708.81194006928,89455.46714764375
42073,2025,6,1,39099,79977.62871022719,77348.73880084767
40013,2022,1,1,40095,115965.3351752054,95894.84341983734
37187,2022,5,1,37095,51275.9845507702,99419.63600843505
19169,2020,7,1,19079,127799.88585369982,55136.85543360148
19015,2020,7,1,19079,97364.59054527902,55136.85543360148
16019,2022,9,1,56023,302399.4703800438,225593.70646073853
27131,2021,5,1,27161,187983.94676007176,127190.78554003716
12015,2022,6,3,"12027,12043,12051",254807.4631933668,155794.9941181291
50027,2020,8,1,50017,152274.3177859288,134665.1651528325
01067,2024,9,1,13061,96043.51216549073,64074.43769035731
54055,2021,6,1,51021,56897.39073450703,79264.66684306496
06001,2021,1,1,06077,642227.3130865141,320699.14660802064
51650,2022,5,2,"51740,51735",167126.74064572962,222629.51381080283
40141,2021,6,1,40033,24380.734340470528,41432.12221079849
38105,2023,6,1,30091,184509.9314936027,97383.70398572006
29183,2021,6,1,17083,210394.25057538203,95199.38566250975
31107,2023,6,4,"31139,31003,31015,46135",81891.49640388209,113183.30453636858
51185,2023,6,1,51021,61947.648383023734,82744.56724029983
53011,2023,10,2,"53059,41009",430069.5958135131,346667.2751654485
08109,2021,7,4,"08079,08003,08053,08105",116382.38491347551,185242.31254218187
46009,2020,3,1,31107,57726.415394660784,58002.806512932766
54039,2024,3,1,54067,80652.2228718617,78327.8080488912
23019,2025,7,2,"23027,23009",176797.05144968326,223316.81064557534
47125,2022,11,1,47083,227265.66844955683,104052.04376300008
34009,2024,7,1,34001,388857.31569959386,213911.2235719506
51173,2021,3,1,51021,71013.02350518818,75398.80255845487
17083,2022,6,1,17013,88138.82980549766,103616.28767389838
47039,2024,4,2,"47071,47135",88347.1523328313,97722.24249386527
19107,2022,8,2,"19101,19183",71676.08414283728,108242.36302050768
37189,2021,7,1,47091,236707.6859414849,111106.59741021512
35035,2020,7,1,48141,91295.9976002602,110694.61966727197
13043,2021,6,2,"13279,13031",86310.20668248371,93566.1024926686
13033,2021,5,1,45011,85609.53164274985,85315.65801163868
13241,2023,8,1,13281,231940.20229940672,228880.92349791096
29139,2025,5,2,"29073,29151",112320.7011186052,138363.45496638806
47109,2024,4,3,"28003,47023,47071",85310.68133116204,90782.99008057675
37021,2020,1,1,37199,209468.3803628127,114143.88836938224
01107,2023,6,1,28087,78677.7103542994,92076.33547305583
49015,2021,8,1,49039,,195675.87079290207
29111,2022,4,1,29103,100714.16453662793,71384.28801718431
21145,2025,8,6,"21139,21007,17153,21157,21039,17127",106047.92889538872,76425.45260499143
56013,2021,7,2,"56017,56029",143436.6829249064,153012.47452781026
48387,2021,5,1,48119,97371.98345876326,75171.24553767199
29023,2023,5,2,"29069,05021",78630.81080511362,60626.67852352251
37171,2025,5,1,37005,135062.67227411133,148519.80922724435
47131,2022,5,1,47053,67861.16748484067,76755.9022863057
35035,2023,8,2,"35051,35005",138498.80108332713,100348.6406831537
01005,2022,6,1,13259,88456.44819512223,41657.825572483176
39051,2025,4,2,"39171,39095",142243.5016458478,94841.54474565
31093,2020,6,1,31077,93465.72495384335,81770.21836944149
01113,2022,5,2,"13053,13259",91720.29177509282,55118.23486082387
08041,2020,8,1,08119,263413.7551306777,226113.31589235735
38055,2024,8,1,38083,107414.33609746923,67026.80388697037
35039,2025,7,2,"08021,35028",233732.562257309,271339.1748706284
21043,2025,4,2,"21205,21063",103816.90221365992,108961.81507521166
42121,2025,6,1,42039,64345.04751969661,84093.10237534436
49049,2022,6,1,49039,426866.7789809273,237088.4306947582
13215,2021,8,1,13053,77426.07071549249,63866.984784158674
12067,2024,4,1,12041,139373.29010472842,166363.5641651538
51041,2023,7,1,51036,296480.43993824715,162130.48232635623
39019,2025,6,1,39151,96998.32887470222,112817.2760111834
35006,2025,8,1,35003,88319.47450867678,141015.70985951804
33009,2020,6,1,50017,135406.6545551603,132391.0444249695
17137,2024,3,1,17017,70001.86614767411,58740.97787761616
06017,2024,2,1,06005,450776.663317635,315162.0479288835
13291,2020,1,1,13281,147014.15408678286,152861.5351156858
49047,2024,8,1,49009,237688.83379938983,195909.0517679892
28071,2024,6,2,"28161,28107",238721.03228882037,94135.98690144002
16039,2024,8,1,16083,257187.27099459793,261377.81166243888
26113,2022,9,3,"26133,26039,26079",138961.45614064325,105034.26672574859
28109,2021,10,1,28045,89626.8385874222,130848.27632272818
37031,2021,6,1,37137,209143.27953971704,103551.07114274758
05059,2025,8,3,"05039,05053,05019",81226.47985020002,84208.57003753625
45015,2022,5,2,"45043,45089",247796.16706912944,112041.22975220995
31039,2023,10,1,31173,119703.61477269873,65349.78911865262
08089,2021,8,1,08011,83909.2802603529,73213.62300949295
40009,2023,8,1,40129,54552.00438672068,73468.71793474746
18035,2021,8,1,18009,63544.46608878693,47201.049788724726
22063,2025,5,1,22095,183964.1886401265,135825.8768635797
48389,2023,10,1,48243,119519.69139169996,147416.76758744483
13239,2023,7,1,13259,56528.977086259525,38856.54237495337
50005,2021,9,3,"50019,50015,50009",133914.7488331578,154460.59947268595
20007,2024,10,2,"20097,40003",45480.11345749192,70150.77739672207
16013,2021,9,1,16025,428322.2289958807,214563.96695037885
45001,2021,10,1,45059,102563.54683209494,104869.86326972923
21045,2025,5,1,21199,90319.550917233,108549.60996831342
55099,2023,4,5,"55107,55125,55085,55069,55051",92876.26699003816,135482.82940708045
06065,2023,2,2,"04012,06025",435577.58790030814,174601.85245497015
48469,2024,2,2,"48391,48123",123013.40000026948,92494.76077631758
17045,2021,6,1,18165,64261.71164891965,63425.13182941343
41059,2022,8,2,"53005,41049",207174.4783285715,252923.88031332908
55117,2025,7,1,26105,209571.839069015,146262.63091747274
46127,2021,10,5,"46027,31051,19167,31043,19193",165808.64309189792,117530.01745262393
48339,2025,6,1,48407,241420.44269169492,131762.36554350998
28119,2023,9,4,"28143,28027,28107,28135",,69464.62713908711
05041,2024,12,1,05001,48669.54164009102,54087.77485419522
08097,2020,6,1,08065,461553.1635720103,199280.37922307377
06085,2024,12,1,06069,1095238.8430477828,667357.6456892731
34041,2022,7,1,42095,241417.4868563823,208985.8421434079
48469,2022,9,2,"48057,48239",122809.43231261794,126664.2839008758
48201,2024,3,1,48339,203755.37125901543,244251.6014474902
48409,2024,9,2,"48391,48007",117255.68053625202,130964.37244388335
28109,2023,3,3,"28073,28091,28035",92665.62347958684,107255.63937758138
05031,2021,4,1,29069,108270.48345850532,74510.43265561636
12057,2024,4,1,12049,287350.5445202917,136350.34803206823
16067,2021,9,1,16053,179177.39220366487,220032.5323374792
31119,2023,6,2,"31139,31003",144560.08192720605,93981.41003982142
18061,2021,7,1,21163,127701.81705975726,128708.17092870636
19183,2023,7,1,19115,118833.10945563644,82192.00546256933
21103,2020,10,1,21223,104000.71223073492,90745.8735528256
55127,2020,7,1,55055,166569.56021652455,160491.645507072
13297,2022,5,3,"13219,13013,13247",261020.1616482763,271552.2355216054
40123,2024,9,1,40069,101488.59487584831,76629.83456212377
18035,2023,1,2,"18009,18075",73152.07916644389,64344.563190184344
39133,2024,5,1,39151,161919.71039762904,107082.61822418806
19049,2022,9,1,19073,191312.13901678403,66030.54035017197
16055,2025,4,1,16009,432672.3024344948,201956.01335899756
06089,2024,2,2,"06049,06105",268753.0646533896,123783.40484958432
37173,2025,5,1,37113,206030.6932310157,216846.4146436276
28003,2023,9,2,"28117,47109",90456.05826591364,87557.13391593407
39167,2021,8,1,39115,86866.19398089331,72918.77323487995
25021,2024,7,1,25025,532904.1933392762,525845.6841143509
39031,2021,6,1,39083,71263.23582390104,124597.30456354668
16049,2024,4,1,16035,204419.1655560819,178189.78199804292
16035,2022,6,1,30061,173394.50083141876,226376.66454024025
55083,2020,7,1,55078,98838.36068929826,111777.08175538418
23027,2021,10,1,23015,161810.10304929226,220906.74540688712
48339,2022,5,2,"48185,48471",241370.59774444057,176238.93227407185
04015,2022,6,1,04012,226862.1181099335,129912.9536585102
46053,2024,7,1,31103,,102411.62640587776
13181,2023,8,1,13317,106726.21963218522,80992.46444954525
48463,2024,5,1,48323,119655.49768061432,155993.0022474871
37111,2021,6,2,"37199,37121",125264.71975382992,129479.88121073756
17027,2023,4,1,17051,102593.54191038333,77330.26211140591
48249,2025,5,1,48047,71202.42361225163,53196.19757740219
41017,2022,7,3,"41037,41035,41013",497073.65142171347,212755.58080148767
40069,2023,8,1,40005,71397.85871530416,93097.77973583004
30043,2025,9,2,"30057,30023",314700.6167195109,300757.6309537376
37029,2024,7,1,37177,245370.0437478335,85817.85211248802
29095,2021,6,1,29107,112804.8797572773,102404.5381923322
40119,2021,11,1,40103,114003.3651367009,56488.49141878041
17065,2024,12,1,17165,66713.64745077437,44826.677507748565
54107,2023,6,1,54105,94241.53500613428,54996.939182139315
21143,2025,1,3,"21139,21033,21055",83061.0752391134,78338.29205055132
48193,2022,5,3,"48093,48143,48333",128407.20253523812,161192.73133292946
27065,2021,9,2,"27115,27025",134872.30925315394,172009.04099052324
41017,2025,8,2,"41037,41013",474844.2036126812,230891.62188773966
26011,2023,6,4,"26129,26063,26017,26069",82627.64365600068,92995.94956355006
18153,2023,7,2,"17023,17033",79915.0150613076,62644.67437220294
47147,2025,4,1,21219,274054.14579593966,142981.33014553526
30001,2025,6,2,"30057,30023",259111.17777128905,301089.0786983544
54085,2023,8,1,54105,57004.654695527606,54685.41999890672
16055,2022,3,1,16009,434798.56818498234,206314.89685990592
27005,2021,7,2,"27029,27159",154424.69195626836,97529.4413639736
18147,2021,6,1,21091,103057.13436754073,98522.00634897412
05043,2023,9,2,"05011,05003",77455.45752916446,50017.2391499847
16071,2020,4,2,"49005,16041",113671.59523191968,208751.30871933146
29197,2025,6,3,"29199,19007,19051",96606.79093648768,78547.93929293533
48245,2022,12,1,48071,89108.30396992953,232837.30283645552
26063,2025,7,2,"26011,26069",115619.29382018586,88989.6229940705
24005,2025,7,1,24029,252482.9823391343,242866.65246698237
46059,2023,8,1,46005,114476.0831027061,95600.35331831686
26079,2020,11,1,26165,104164.60973451388,97763.5694421764
47093,2021,6,1,47105,163176.15246935116,178376.20381938128
17095,2023,7,1,17175,40388.820970280336,76341.7758652022
47087,2025,2,1,47159,129872.13052305124,184461.09515620183
48061,2025,7,1,48489,127912.94779519989,83156.408394779
27025,2024,9,1,27065,269516.9111325292,162052.49874925075
26035,2024,7,1,26143,86976.33338866197,110019.7009166634
46009,2020,7,1,31107,59350.05107499755,62531.23388488862
08067,2024,7,2,"08033,08111",404930.2915667893,267869.73202969704
42021,2024,4,1,42009,50228.11193766495,105823.3239793228
18099,2024,7,1,18149,156782.33142585304,132396.4365661074
29121,2025,8,1,29137,92597.31102542892,109952.07672658408
51173,2021,7,1,51021,73352.81877351528,79204.47916989266
12039,2024,8,1,13087,111739.37690164392,89445.12932521112
29187,2023,2,3,"29123,29221,29186",96209.81117550044,97779.56700108819
08077,2025,7,5,"08045,08085,08051,49019,08029",313843.981396877,369559.78594096226
17005,2021,3,1,17027,63699.61418431992,97098.72641498398
29183,2024,11,1,17013,265724.6602090975,106865.620381841
13295,2024,2,1,13047,144051.5515381177,196665.5306924984
47115,2023,6,2,"47061,13083",135857.47970192684,110040.79895875457
26039,2023,6,5,"26143,26079,26135,26129,26119",81727.5131398698,99101.67159237649
21053,2022,8,1,47027,80034.63445347222,99671.08163379172
48041,2022,3,2,"48185,48477",188460.29193978108,200468.3151298558
13261,2021,3,1,13249,50974.644755249494,87904.01925594237
06113,2024,2,1,06011,467020.61893178313,263483.37770536693
06077,2023,1,1,06013,391726.56433829834,573261.8095349735
46027,2020,5,1,31027,105230.48937503388,88240.8673271865
08103,2022,7,3,"08081,49047,08107",177802.55656767977,303570.5930480285
47133,2024,7,1,47137,146244.36456463297,115533.48244849558
31137,2024,4,1,31073,124933.280317543,153315.88361104697
37189,2024,12,2,"37011,37009",321347.1134115824,214021.04364759236
55003,2025,7,1,55051,110081.13556003248,100179.76639004589
22055,2021,12,2,"22097,22045",152912.17842729922,71984.46912281367
47061,2024,7,1,47177,109923.1282076886,158557.84964046298
47077,2024,4,2,"47023,47071",105057.54628254812,90172.44056272926
34001,2023,7,1,34011,189223.62466558832,154965.95499918878
28001,2024,8,3,"28063,28037,22107",59024.99250345232,86035.30193271082
39029,2025,6,2,"39099,39151",78593.28095358297,95083.00740601553
13215,2021,12,1,13053,77397.18064984806,67109.51113214555
17011,2025,4,2,"17155,17123",78782.9185343389,88861.34659838489
05093,2022,9,1,47097,45496.66055240873,65541.79809221836
12121,2024,6,1,12041,161017.4526313947,168642.96267300044
48221,2020,6,1,48425,170159.40021572207,174417.4800025601
13291,2020,5,1,13281,150021.49450556992,157493.36723009872
45041,2020,9,1,45089,76677.37491029191,44051.18698225692
22021,2023,5,2,"22041,22083",,73539.00618568363
18019,2023,7,1,21223,171643.04787940448,125197.17808028145
12107,2025,9,1,12007,103642.47605270466,148501.87214687676
36089,2023,7,1,36033,64731.41882151538,82508.04178603232
55027,2023,4,1,55047,170487.43002291617,129352.17792599306
21161,2023,2,1,21069,67465.21754342492,79568.26864396635
35055,2020,11,1,08021,235854.37489878328,88150.34142424108
16081,2023,7,1,56039,508342.36233509425,999496.4779626816
47187,2024,7,2,"47081,47117",565033.7749382689,140800.43485888868
22091,2024,3,1,28005,,78309.92172859836
26035,2021,6,1,26113,78925.23133799172,135372.3594560194
28035,2024,6,1,28111,105377.88012129757,90417.43077985756
01009,2025,4,2,"01043,01095",152925.29723519424,155907.76169480948
21057,2021,2,1,21001,76085.81661573745,96234.38722621716
36061,2024,5,3,"36047,36081,36005",605923.8779877874,383673.6996394128
21101,2021,6,1,21233,97967.83869518604,61058.23886921292
22117,2021,10,2,"28113,28147",69657.58384874841,86730.81711920306
21045,2025,9,1,21199,83216.41787144328,100897.12989634264
55109,2021,7,1,27163,237855.18935126564,273662.2040611684
17045,2021,10,1,17023,59269.37468602645,66491.63526695543
19033,2020,6,1,19067,71699.76421773952,61210.62825316371
55075,2025,5,1,55041,118965.87678609214,96874.1138993532
42083,2025,5,1,42023,59450.806840766774,52741.41833041481
47133,2021,6,1,47137,116503.53099820948,102273.41857893676
17099,2022,7,1,17063,82830.54505214076,178737.59377147665
30065,2024,6,1,30037,127959.37857765808,127784.19845909953
30067,2021,8,2,"56029,30059",332275.3438568117,182894.82680182197
06041,2021,1,1,06095,787056.7464011275,403226.6936028117
37143,2024,6,1,37177,137996.92813021372,84625.20557840636
22099,2022,8,2,"22047,22007",99044.54143559314,86824.28403526667
37155,2022,5,1,45033,56684.45527445064,62865.63015447048
18053,2025,5,1,18103,80728.69315021286,83780.93688955404
01119,2025,2,1,01023,66413.73508625962,81095.49797402041
08015,2021,8,1,08065,388635.2010920043,277763.7376445535
41011,2021,2,2,"41019,41015",191714.1473757331,219138.92595005303
16031,2024,8,2,"16071,16083",222839.2695944202,244068.8272591454
13211,2025,7,2,"13219,13237",263509.7135272227,291976.0840719936
26097,2022,5,4,"26029,26153,26095,26031",91467.96139778286,120783.17761942075
48225,2020,1,1,48313,110917.25730948668,77009.08308367628
55127,2020,11,1,55055,174933.3247079333,167690.30080094433
13013,2020,4,1,13059,166156.07787442525,136300.922996608
25005,2020,6,1,44001,257955.37402210105,294782.31536843564
29117,2025,7,2,"29025,29061",92630.08075064774,110905.68702717448
29223,2022,6,1,29093,71745.20446050478,78717.43051134126
30027,2024,6,1,30037,162738.30349827695,127784.19845909953
16069,2020,2,2,"16035,16061",169032.2332983705,101190.90765752754
18157,2025,6,1,18023,202359.0788561013,146974.92759641862
48175,2024,4,2,"48391,48123",131974.99829939785,93670.6886883987
26053,2023,4,2,"55051,55125",51757.32472950199,155111.76638462362
34005,2024,8,1,34001,287050.3551289499,215603.3464237507
13079,2025,5,1,13193,93938.74893750364,41057.66579888557
20201,2020,6,2,"31095,31067",56444.116020101785,49803.94832138845
48293,2022,4,1,48217,78482.80361253016,108766.0034900051
08093,2021,5,2,"08019,08065",277196.8245427627,277444.2952712447
06093,2022,8,5,"06049,41029,41033,06089,41035",185651.75756623645,236857.05497792232
19061,2025,4,4,"17085,19055,19105,19097",169462.7107662333,120783.92030747012
16049,2024,8,1,16035,206539.38578507968,182612.83344433084
39107,2020,8,1,18075,101314.11429505592,53206.62396041565
45091,2025,5,1,45023,254318.24459986237,120530.72177720664
13137,2020,4,1,13281,121727.67565132047,155964.8468131314
29173,2025,7,1,29137,142639.84387439673,107561.07658471522
26041,2020,8,1,26089,67954.99847328814,242350.94687701436
19069,2023,7,1,19079,67239.61697489161,76209.94802111608
08097,2022,3,2,"08051,08065",680942.7972221324,327321.3272224173
29081,2024,7,4,"29075,29061,29129,29079",57923.85750321132,76591.60427642323
21231,2024,7,1,47137,92220.12152789815,115533.48244849558
37111,2021,10,4,"37199,37021,37121,37011",124961.38542554576,167037.35911353445
48117,2025,5,1,35009,110348.40544257802,94293.38969099223
39037,2020,4,1,18075,71693.12209221657,52485.582323359886
22009,2025,5,1,22029,62222.76870409548,48125.75147106233
06083,2022,9,1,06079,545781.6027007728,601740.4074705857
04017,2022,8,1,04009,248384.92620359073,194160.41903380572
23011,2024,6,1,23023,217209.39896674236,293234.5782289831
13297,2024,2,1,13013,276975.7149290778,280642.55990167713
20075,2025,7,1,08099,87197.15423481834,87579.22100850032
31179,2022,5,1,31051,121331.13877980948,88214.47726253899
48291,2025,5,1,48407,148917.41907348143,131016.09181689746
18035,2020,4,2,"18009,18075",48721.12662754365,45622.79846958152
37095,2022,12,1,37177,92328.73742424046,82819.66996268248
21171,2022,2,2,"47027,47111",74896.3962534671,118952.66995853408
37173,2022,8,1,37099,182636.66257144557,227137.25089803175
31083,2022,7,1,31061,75984.27636614616,53831.92559388119
18147,2021,10,1,21091,105042.03113306864,93148.21484907954
48051,2022,3,1,48477,174521.443425851,217400.14495140876
01033,2022,4,1,28141,100198.64438436172,113953.63717623778
21145,2021,6,1,21039,77568.30207066027,55413.81347700481
19027,2023,7,1,19165,104581.3375006416,106353.56035135267
16001,2022,6,1,16045,436619.26424135285,340646.49281119136
17131,2022,6,1,17071,76823.14498285386,69618.19803747248
56039,2020,8,1,56029,591100.0966919799,185815.29856131555
48359,2023,5,1,35037,97953.74345907247,59270.22730581735
47027,2025,2,1,47137,117507.24215434236,125118.50003014375
16071,2023,9,2,"49003,49005",218721.22701769843,341081.7895634443
29186,2024,8,1,29157,136141.39367087893,128716.06947784669
17157,2024,2,2,"29157,17145",76788.6974822101,92506.4347216145
12039,2024,12,1,13087,109236.3288232053,83514.85767314672
13017,2023,8,2,"13315,13271",57454.96177487363,61523.59682921461
17027,2020,7,1,17121,88955.02223938993,61577.00811572064
40033,2022,6,1,48077,43020.120770992435,120775.98221954056
20105,2024,6,2,"20123,20141",46068.74510527839,54583.06787965716
31003,2024,8,1,31011,94175.12465155892,130879.51815210596
51163,2023,7,1,51530,164227.70248225433,102910.61764465646
39139,2021,5,2,"39077,39083",75132.6238645571,106425.0633189926
48085,2024,3,1,48397,377139.6072447684,329189.82487238065
18167,2021,3,2,"18121,18165",68207.07794768272,65775.43921542479
19071,2021,5,1,19145,76581.49928449334,65628.11410413649
17113,2023,5,1,17147,129411.8015657061,104203.03993121463
37187,2024,6,1,37177,54535.505865736945,84625.20557840636
48193,2024,2,3,"48281,48099,48333",123267.70546661728,162713.59821819156
29031,2025,8,3,"17003,29157,29017",149478.52087167287,93697.64516617802
54085,2025,5,1,54073,60370.64253491126,100555.38611294802
21115,2020,6,1,21159,49052.21235538463,35857.460163553835
29175,2025,7,1,29137,81894.64688458033,107561.07658471522
06017,2023,1,1,32005,443904.3471695727,465441.18692315154
18017,2025,6,2,"18131,18103",106391.6338075508,98619.69207523463
51003,2021,10,1,51540,270874.4501517774,275127.7152730115
29101,2021,6,1,29107,145344.5915748142,102404.5381923322
31023,2025,4,2,"31185,31143",118928.22908898396,122036.57784193328
48215,2022,8,1,48489,101916.7138595914,96624.67373639275
06095,2021,10,2,"06013,06055",450527.9719291525,587100.3776364119
29113,2020,4,1,17013,142095.98388554293,96960.23412152554
06073,2021,10,1,06025,544157.7225353492,209067.46127261056
19083,2023,5,1,19079,64784.11769240606,74935.59132223671
48185,2020,4,1,48313,137161.33925110454,79922.23926210962
47185,2022,8,1,47175,152151.09979079166,117372.41589866731
20191,2022,6,1,40053,55078.850525607726,60392.88459448234
19025,2021,7,1,19021,63512.28604434562,94711.56126723943
19027,2020,6,2,"19165,19009",78678.56859591982,65076.52714681513
40121,2023,8,1,40005,67961.66906793167,93097.77973583004
06019,2023,2,2,"06069,06053",269496.16585409263,598391.963064308
26107,2025,5,4,"26133,26035,26117,26073",122075.2796317712,118313.81235019516
16043,2020,6,1,16065,177986.08577773845,175578.42583871694
56019,2020,5,1,56033,168929.61408823883,198493.9724866996
22051,2022,6,1,22057,165732.94626932705,118681.08744316686
54107,2025,8,1,54073,103571.08206762013,99766.88669973335
28011,2025,7,2,"05041,05017",68816.64947942976,44397.260596067616
13135,2024,7,2,"13013,13117",345821.3682244725,372411.4688412413
16053,2025,5,1,16047,274017.41944498016,235415.35195823977
40117,2021,6,1,40103,63778.104422652155,56576.68673744757
05107,2025,5,1,05077,25077.04429165558,62789.80429601206
18069,2021,8,1,18169,85925.65145963557,83573.52825116138
50023,2021,5,1,50015,187097.91460865023,224471.45040814343
19125,2025,5,1,19117,137761.3309266631,89796.56183872279
51059,2020,4,2,"51600,51610",383762.5069640679,446227.80363958655
51095,2025,8,1,51830,326209.1771575879,267032.37904129754
13207,2022,6,1,13159,169344.81894305654,171273.66804760203
40069,2022,4,1,40095,58889.34010866752,100550.75265744992
17091,2024,1,1,18111,107016.58901855904,113289.0087556714
40045,2022,9,1,40043,50935.611132796126,66424.03626166853
48469,2023,1,1,48057,121486.15166461054,116157.8286291658
40113,2023,7,1,40103,95106.31206252752,64496.1825254084
35043,2020,8,2,"35031,35006",180345.05875431848,94201.99713151269
47103,2022,5,1,47051,140461.5742822707,175221.27645376904
17159,2022,7,1,17079,61738.349843761534,73372.51617878197
40031,2022,6,1,40075,68361.19621792623,38648.789337253154
27007,2020,6,1,27071,105787.42210345464,55314.4860084097
41045,2022,9,1,16087,202518.82126962728,243996.72167942897
35009,2020,3,1,48369,93045.54346772056,70153.88949983126
17149,2024,4,2,"17013,29173",49509.353218220866,119734.62856460926
16033,2020,7,1,16059,89267.389668633,109315.62299651916
47133,2021,10,2,"47087,47137",118604.53509321314,103625.04232690673
20013,2023,6,1,31147,62810.6315815253,55273.07611560726
41065,2020,5,1,41027,189565.32517721775,348364.22757511743
47181,2022,4,1,47039,72849.54620892223,89597.78193258279
06071,2022,6,1,04012,380115.4114457349,129912.9536585102
17199,2021,3,2,"17181,17165",65453.623012709395,56410.599576343135
48273,2025,5,1,48047,76693.60740251407,53196.19757740219
13287,2020,2,1,13017,53800.30957831914,37444.91622470535
28095,2024,7,1,28017,78459.41486956489,82343.83672664232
32007,2024,7,2,"16083,32015",241169.8427857849,198120.85972872484
06095,2023,3,4,"06013,06097,06041,06055",466333.4279462611,666817.0791343276
06073,2023,3,1,06025,605971.8924688817,224710.4003747992
22099,2022,12,3,"22047,22007,22077",94293.35090410408,84744.85718696342
30081,2024,8,2,"30039,30023",402297.51386642334,220425.19384700558
01119,2025,6,1,01023,59602.70286158317,73868.13039786844
45041,2022,6,2,"45089,45033",100573.73894092518,59294.925355520216
01063,2022,4,1,01107,,77009.44119443024
48075,2022,8,1,48197,61665.05948008982,52461.012412413904
48225,2020,5,1,48313,112285.6373289189,81006.56242720214
47031,2023,7,1,47061,182935.1826343664,96377.68124410328
55027,2020,7,1,55055,131075.5411129326,160491.645507072
47157,2024,4,1,05035,103509.94130823656,79357.81616692332
13199,2021,7,1,13231,79578.74932649339,182794.49426589967
13013,2020,8,1,13059,169829.01799941607,140104.89224542835
25005,2020,10,1,44001,269253.8592863919,305242.450191169
13177,2024,4,1,13261,181066.43568004025,66650.75832285477
28139,2020,4,2,"47069,28009",67929.72257959237,66377.33404397374
16069,2020,6,2,"16035,16061",173332.50723588446,106522.48353008296
13105,2025,6,1,13221,87187.17624517194,191314.39549922768
21069,2021,6,1,21201,63788.28477644249,86993.66495718365
39069,2025,6,4,"39173,39171,39095,39063",122965.40930275706,119114.0617569754
47171,2020,2,2,"37199,37121",95718.13624172244,97323.21816727302
48323,2025,6,1,48507,163174.75195705317,49884.47153810053
48293,2022,8,1,48217,82403.82754849659,114522.91121059326
19047,2021,12,2,"19093,19193",75909.93873686132,87112.75927634281
19061,2025,8,4,"17085,19055,19105,19097",173588.13591306968,120731.29597465509
34007,2024,8,1,34001,211264.34978088096,215603.3464237507
17045,2023,7,1,17023,61775.833953626054,63898.96981231955
21207,2025,5,3,"21231,21199,21053",82734.6631199284,102288.32444633526
54059,2025,5,2,"21159,21195",43103.697863938854,70358.16701817111
48239,2023,5,1,48481,127213.38967434752,129281.71240083802
13137,2020,8,1,13281,125005.05307505737,160525.6052899882
37013,2025,2,1,37187,119651.52376333698,52116.04508629005
40041,2024,10,1,29119,151001.39452438537,127730.92247301032
13031,2023,8,1,13107,156451.6100973932,58529.26082823854
21205,2020,4,1,21063,88021.14635672723,78174.22097188236
48403,2022,1,1,48241,115685.44918234856,115828.09157763832
20013,2020,5,2,"20043,31147",41402.1539647387,44989.952456850064
51177,2024,7,1,51630,335302.3857955244,316947.0197531279
27037,2021,3,1,27163,239761.48273947663,259173.45613570753
26061,2024,6,3,"26013,26071,26083",95317.02025575936,82150.69113783358
20029,2024,5,1,20123,49316.8623079338,73192.11228881324
45007,2021,10,1,45059,133168.46839392075,104869.86326972923
32510,2020,11,4,"32029,32019,32031,32005",279615.15672533214,302291.54276989197
01001,2025,7,1,01085,156278.0372040586,79117.42253782784
19043,2025,4,1,19055,134546.57801131532,116436.47503593554
30043,2024,8,1,30023,300612.6558296089,182519.236644541
04019,2024,9,2,"04009,04027",263745.3470428066,206815.60508410545
37163,2025,6,1,37141,61023.11250487983,278709.72723095043
48117,2025,9,1,35009,109907.41318830894,91211.79424901474
05145,2020,1,1,05023,75032.84418545496,91559.45602353469
13173,2024,11,1,13101,118987.91966900267,86628.86873889291
22009,2025,9,1,22029,57523.94230505274,47956.48078991933
54081,2023,7,1,54089,75781.58677613545,74907.38248476492
49015,2025,7,1,49019,199003.59398138244,457476.37589866994
18121,2024,6,1,18045,102843.19151351192,101637.53930279549
13001,2022,1,1,13005,80454.85962170556,56813.6878409225
08083,2023,4,3,"49037,08111,35045",256788.68611815004,239568.02718743568
51153,2025,7,1,51685,437051.42795477016,371439.70196232706
32031,2025,6,2,"41037,32013",407477.4368536367,166797.84271291323
12131,2022,1,1,01039,321888.6739188421,80380.30123972695
17105,2022,9,2,"17091,17063",70709.87749158568,137474.74417263467
55093,2024,8,1,55091,240827.4335154768,158495.87103376296
49003,2020,6,1,49005,225427.6862957332,222775.72605640892
31121,2020,8,1,31141,76520.50826521743,124151.7891631137
21229,2020,7,1,21005,87576.8514654775,98363.11506986614
26073,2022,8,1,26133,129806.4650957822,100798.46961389272
06079,2021,1,1,06083,482048.1235501209,423660.10379526176
18035,2020,8,2,"18009,18075",50453.76057168344,45783.15600525753
39025,2021,3,1,21023,161557.17839364652,92969.60674551898
19033,2022,8,2,"19023,19197",93603.94703060918,79309.8843276486
29001,2021,7,2,"29197,29103",94577.27013341174,66731.33604817692
37185,2021,9,1,37181,99431.5209103746,78831.66028162098
17101,2024,5,1,17033,58676.69470601703,62066.15161496885
48471,2025,6,2,"48407,48455",158560.66151463427,113980.81337603694
08013,2022,7,1,08047,512295.1413854083,378155.1780000864
26079,2024,4,1,26143,123497.6758445086,105965.8221090242
40007,2024,6,2,"40045,40059",74919.11314554104,48172.01881748301
21011,2023,6,1,21069,92778.2788180308,79818.72791378903
18081,2022,3,1,18109,195591.14491259935,171898.85841177762
28047,2021,3,2,"28045,28109",107981.15120441538,104031.84206588494
29001,2024,8,1,29211,103068.38973631554,61285.04218760049
29127,2024,4,1,29173,85818.86879841248,133059.78827256127
20001,2022,6,1,20207,45968.80178489259,45267.788831179096
21185,2025,5,2,"21223,21103",295164.9388165874,157502.21089147808
51199,2025,9,1,51830,324142.1466865652,267287.8338636619
22047,2020,2,1,22077,90354.5426991508,89130.44113994658
35033,2024,9,1,35055,,304132.806471714
13115,2023,5,2,"13055,13295",124551.36567315036,113577.05067098903
06051,2024,8,1,06109,470451.2031630122,305565.42802499
51105,2025,6,3,"21013,21095,47067",55138.26209564952,66870.63562305017
05001,2023,4,1,05107,54217.2140904945,24364.419355202543
17125,2020,5,3,"17017,17129,17169",48782.52105719593,77124.00788437224
28043,2024,9,1,28135,60929.63064669596,58302.03805708926
05057,2024,1,1,05061,61659.42623834932,70060.73014269769
47115,2022,5,1,47051,123437.71997842046,175221.27645376904
16019,2020,4,2,"16065,16029",186626.31630632587,150479.57608067294
13069,2020,6,1,13017,78039.87011223398,38775.0278555396
08061,2021,3,1,08011,92828.16539021542,65750.35852482908
49013,2022,7,1,49047,199040.98958207283,205685.94168376023
48445,2020,6,1,48165,90485.5917266831,129126.97464384894
37163,2022,5,1,37141,68607.540621192,247972.91787520857
47047,2020,6,2,"47069,28009",169323.07727130913,67975.47154699171
21193,2022,8,1,21189,73785.81191249289,73365.6985299026
31169,2020,6,2,"31151,31095",55146.79060793219,53352.281429227296
48503,2024,8,2,"48429,48009",91575.3469046836,92482.91692438739
08023,2020,7,2,"08021,08003",86979.6860377392,107086.63726356468
28059,2024,12,1,28039,127426.64111690268,129236.03494027442
21083,2023,6,1,47079,87105.8958387423,100570.17800828764
08049,2020,7,2,"08019,08047",303474.7242944793,253883.30647041128
53015,2022,3,1,53059,289942.935245727,344737.9467411163
13209,2022,8,1,13309,81938.35204250981,58148.85402592053
51089,2021,10,1,51690,71370.17160889694,41171.084868339734
18167,2021,7,1,18165,71768.22311446261,64322.81231091625
46123,2022,6,1,31103,,103003.16931042665
18037,2025,5,2,"18025,18123",162629.86014644185,105915.12428590146
56003,2021,6,1,56029,121309.23671786024,210054.52878398943
13311,2020,1,1,13281,93333.95048582253,152861.5351156858
51191,2023,2,1,51520,125334.0759702885,89709.36868196951
29065,2022,7,1,29093,84812.66449670565,79387.54997956293
29199,2022,9,2,"29197,29103",87795.7372703604,79963.74736048139
45075,2024,4,1,45011,77201.50784570246,83046.24067995154
55093,2021,7,1,27163,199495.7194410883,273662.2040611684
13269,2025,4,2,"13193,13197",69748.53756790048,62210.94851183085
28157,2025,6,1,22029,59287.280157058114,47269.265385149105
54085,2025,9,1,54073,56442.25727418693,99756.88172523056
48363,2022,5,1,48143,153114.97957071871,176067.08865645132
29217,2022,4,1,29185,,92420.71202555344
37091,2021,7,1,37073,62558.44694052652,108651.79272994284
12079,2025,5,1,12067,94182.23313392707,132657.05890446933
27011,2025,5,1,27155,76866.45860009427,56097.59277206331
29113,2020,8,1,17013,146874.6743840943,102558.2564859158
13189,2024,7,3,"13317,13163,13301",123743.4524932166,73633.57372408423
05147,2024,4,2,"05037,05123",,57920.5929515371
48181,2024,6,2,"40013,40095",191081.9082896316,127349.36954686102
13303,2025,2,2,"13163,13125",68975.41814810359,87006.69037915657
48185,2020,8,1,48313,138852.37732744953,84391.2967463536
26009,2023,6,2,"26029,26079",172802.4141297828,166586.36608062527
19027,2020,10,2,"19165,19009",81492.21763247337,68641.06729462641
06019,2023,6,2,"06069,06053",271784.5562993458,615126.3479417874
19139,2025,5,1,19115,105103.90687036612,87837.58722074672
51001,2021,6,1,51131,143768.94684188836,102410.07649793343
35045,2021,8,1,08007,170832.9419109237,299594.09690194536
28073,2022,2,2,"28065,28091",146799.1083756795,74968.40452877175
17033,2022,5,1,17079,64369.5812975572,76164.57646214637
27079,2021,5,1,27161,173204.0487533875,127190.78554003716
20187,2025,8,1,08099,81025.7366042487,87062.05762164072
29099,2022,5,1,17133,172024.97236476376,172699.05544601567
46109,2023,6,1,27011,116266.52919104496,81200.73083079048
21175,2020,2,1,21063,64156.312606148385,75802.60981924519
48249,2024,5,1,48047,70914.43642323499,51772.07268230062
31089,2022,7,1,31103,74636.93193917806,103861.2851238892
51059,2020,8,2,"51600,51610",386478.2536963438,450612.47994038335
17091,2024,5,1,18111,110878.94035539254,119225.75098171
48345,2023,9,1,48045,,99347.00232032962
29161,2025,6,1,29073,134462.6478739511,123155.5529384517
31059,2020,3,2,"31151,31095",52465.636039147874,51297.330034197
12069,2025,7,1,12105,260430.66473318145,215674.20364116065
17143,2023,4,1,17175,56755.615983416275,75127.33028918153
40127,2023,1,1,40005,76196.6388380893,87152.56791696926
40031,2022,10,1,40075,69590.33353610263,37981.918689437305
55071,2022,7,1,26105,123288.99216829531,133585.01114879243
48187,2025,7,1,48493,231573.2320842381,230759.7936275597
30067,2020,7,1,56029,241033.4047624605,184168.6287744273
51191,2020,1,2,"47091,51520",88837.25696769821,75958.63443882756
06029,2023,1,1,06079,235929.20121442387,595478.4071562806
05005,2024,5,2,"05065,05137",140347.65861888518,103924.96348501061
49035,2020,7,1,49029,290347.5675056304,345838.2622332344
42081,2023,8,1,42093,136210.85619145838,160748.88965245162
13313,2024,7,1,13047,170300.87938924323,206528.80349953173
18153,2022,7,1,18021,76552.70309424457,87233.61804649544
17199,2021,7,2,"17181,17165",64674.439830414,54419.70082389633
29071,2021,5,1,29073,129156.34723498524,88070.98449318796
46023,2020,8,1,31107,,64300.1917274397
21071,2021,9,1,21115,59178.9377126783,61353.7911689289
30051,2021,7,1,30073,100197.83355946462,90637.8448439929
06017,2020,4,1,32005,344419.0775663819,347357.0657998937
48505,2020,5,1,48247,,48754.73952505808
56005,2022,6,1,56009,205668.38285754752,175182.98948030637
47161,2022,5,2,"47083,47005",121140.4625522348,96838.60978687459
05147,2021,3,1,05123,,40919.111568673354
48147,2025,9,1,48231,146489.44220418556,179462.53018524186
19103,2023,10,1,19115,175859.11288702136,84385.68502099684
48005,2024,1,2,"48225,48455",116353.71841272611,104668.73624534186
26107,2022,8,1,26133,127604.1866528795,100798.46961389272
29171,2020,5,1,29129,66201.4127315361,53987.43953664209
56035,2022,8,1,56023,212491.76798524332,224040.59557295652
29223,2021,5,1,29179,68693.81695273577,74014.20641527417
47157,2024,8,1,05035,106168.71941881516,78171.69424730644
31167,2023,8,1,31139,143842.15949520472,104375.6647142254
27043,2023,8,3,"19189,27161,27013",60240.05047373854,138281.22041561495
51810,2021,6,1,51131,233729.28759758195,102410.07649793343
22111,2021,3,1,22027,91511.14953907455,91135.81311211913
18179,2023,4,1,18009,126744.3004977936,56193.92068102956
48049,2024,3,2,"48133,48333",87406.70417534544,107492.96128211655
12083,2025,6,1,12075,198526.8930343634,175895.06618563377
37139,2023,6,1,37177,139209.44696860507,79725.19249262616
29161,2022,5,1,29073,112958.48364417428,103989.1620144142
05049,2024,8,1,05065,105107.04832123769,95215.77557399776
54059,2025,9,2,"21159,21195",42582.280178546,64554.32809207133
18027,2021,7,1,18101,98045.807040679,77789.45523443616
37013,2025,6,1,37187,115395.12252459466,49930.52049266763
17133,2023,3,1,29186,172227.33234185202,128306.92082617218
19083,2020,6,1,19079,49931.59911986271,54761.09092540602
12071,2025,7,1,12015,245582.36220952257,213105.3454329681
55061,2025,7,2,"26101,26019",197306.2432351456,201021.63504470172
01061,2022,4,1,01039,86975.3521130612,78442.62702724435
06019,2020,3,3,"06069,06031,06051",192643.72203005129,324839.5489789731
16067,2022,5,1,16053,205387.32000172723,255472.8310015688
29095,2020,9,1,29177,90270.4003648028,93044.29015861342
47107,2021,6,1,47105,118475.45831335896,178376.20381938128
19075,2024,6,1,19069,116661.17960294902,70463.08889184978
20143,2024,5,1,20123,74126.1888927218,73192.11228881324
46115,2022,4,1,46005,63020.439367716586,93056.3599674258
28081,2023,8,1,28117,114746.89771377966,90044.21447838674
55057,2023,7,1,55141,127524.94457613124,116930.1172106192
19039,2022,9,1,19185,90618.78069354598,55269.420070965534
17177,2025,8,1,17085,78838.56246995351,130696.78785205814
40039,2023,10,2,"40043,40129",75972.1711128622,69602.03919652873
39055,2024,4,2,"39085,39007",218361.3478805827,120618.82913931456
47157,2021,7,1,05035,93857.44194232754,76052.43345951132
20007,2022,5,1,40003,36645.127902963985,68841.73545068636
26003,2024,10,1,26083,120118.0346727226,96185.29725767154
49023,2021,8,1,49039,276127.43169260543,195675.87079290207
39025,2021,7,1,21023,169834.03999114665,100235.53401864036
05063,2021,5,1,05065,82762.89346756584,77562.57792407654
13181,2021,3,1,13317,113714.08292981208,61434.131451782414
48035,2024,3,2,"48099,48425",132799.7078788282,192310.8594719015
29131,2023,9,1,29135,144043.8730069516,113400.373679079
20051,2024,7,1,20141,136007.6722024173,34920.463640401525
13125,2021,6,1,13141,101149.4554600558,68245.96647532463
26131,2024,6,4,"55003,27031,26071,26083",70162.54196514376,130004.62172382313
39025,2024,8,1,21023,208819.0016758698,121177.26083940726
28047,2021,7,1,28045,114371.02051306024,127083.58914315088
21137,2025,5,2,"21203,21199",108146.24329523528,103298.30240069196
41005,2020,9,1,41027,352204.26939923246,356074.2412075615
23003,2020,6,1,23029,57473.104924348474,66741.82816904133
48127,2024,2,1,48323,85049.89561401449,148844.89731391103
24025,2025,6,1,24029,285887.1262180638,243298.5714204352
13069,2025,4,1,13271,97837.6212904699,49973.77525956467
12071,2022,6,2,"12043,12051",264761.74997029325,150043.39411392555
19137,2023,6,2,"19129,19145",55091.68210594258,107190.08302438911
16019,2020,8,2,"16065,16029",194115.01378112857,158063.06789163477
39099,2024,4,1,39151,70939.71147049569,105608.00225619318
08061,2021,7,1,08011,96107.8961492362,73226.9170496788
06045,2023,1,1,06097,350076.0823773935,583960.2627670909
37163,2022,9,1,37141,69852.35531922487,254830.6085561725
40153,2023,7,2,"40043,40093",71944.03647909366,68162.68443026746
22029,2021,7,2,"22125,22077",53152.84579042571,136843.33183818785
39155,2024,5,1,39007,78341.80027641541,86228.65542483485
27119,2021,6,1,27029,110783.81040806753,91663.71694134166
48479,2022,3,1,48247,133602.0591054413,47213.68839753475
31169,2020,10,2,"31151,31095",61244.72724176911,58007.34912738422
47113,2023,8,3,"47023,47033,47075",122333.5562760859,82519.27062674439
01111,2022,6,1,13149,105484.98741275922,141001.9523616707
37021,2021,3,2,"37199,37087",242097.79896653676,153551.4141526933
42081,2025,4,1,42093,144687.5449971075,172233.67240913367
18141,2024,7,1,18149,123470.02874168736,132396.4365661074
12015,2023,6,2,"12027,12055",254819.47672220276,153707.47490088042
01077,2024,6,1,47071,130380.03734431758,112122.21012299688
31065,2024,4,1,31073,85050.83838328572,153315.88361104697
49057,2020,7,3,"49029,49033,49005",220731.50121949223,249981.15358536167
47003,2022,12,1,47127,206737.43617705177,182427.45036495457
55007,2020,8,1,27075,107714.19324976504,95675.62314976852
27119,2024,7,2,"27029,27125",122769.57333844504,109213.2992641935
06029,2021,12,1,06079,212665.9589799442,544832.0869365134
18017,2024,5,1,18181,99343.03656771604,126206.22090991672
05043,2024,5,1,05011,80240.1767274798,60852.898188274376
01005,2023,8,1,13259,87975.30930131882,39354.62579677185
31177,2024,7,1,31053,225552.83175375476,150460.642705847
01041,2022,7,1,01039,63737.24488445802,79469.0502350558
34023,2024,7,1,36085,397084.057077508,514591.9796088927
06017,2023,9,1,06005,451697.4486841365,319313.48008647596
20071,2025,4,2,"08099,08061",82420.15227591961,103113.1959504816
08101,2020,6,1,08025,125020.08956487106,65889.27292561301
55009,2023,4,5,"55083,55071,55015,55061,55029",190453.68801326092,167309.74516304117
26079,2021,7,3,"26137,26113,26039",119850.06820122956,112470.40531054609
19129,2024,8,1,19145,147828.63735381808,75828.13956590321
21053,2020,3,1,21207,50884.84475826768,73305.43505773939
55061,2022,4,1,26019,155875.23476842066,207964.2021002178
47005,2024,4,1,47135,90448.33201608232,89827.4657815699
05021,2021,7,1,29069,48787.64249680357,77300.93693851259
47059,2023,1,1,47171,117906.89039127306,124842.41924447822
21073,2025,6,2,"21103,21239",169624.54884520214,198420.34961146535
35023,2023,9,1,35029,,102135.93492211384
51035,2024,5,1,51063,102309.3107571664,163320.4418208036
49037,2025,7,3,"08085,08083,49019",251231.01327146764,349505.97614000464
48029,2022,3,1,48013,180899.84858688724,154420.6495492207
35045,2021,12,1,08007,182150.94758171635,318125.62624750426
22009,2021,4,2,"22125,22077",97338.73859965552,139288.1474114652
45067,2022,1,2,"45043,45089",61463.57248864259,104711.24450155457
51115,2021,8,1,51131,172836.86498811506,100813.69420852272
22109,2022,6,2,"22007,22057",111643.75540248604,104116.37753930417
05009,2024,4,1,05101,139336.5502082944,136284.6165781989
21175,2020,6,1,21063,71168.61888215458,79450.43347014314
40129,2022,6,1,40043,74557.93506834247,68050.38751219441
17061,2024,4,1,17013,52995.80510363571,106409.46885665724
20077,2024,7,2,"40053,40003",38983.76162196277,62658.34605016646
51059,2020,12,2,"51600,51610",402111.3037964869,471040.37856599304
48029,2025,4,1,48493,172274.20887220616,231411.0543631606
38047,2024,5,1,38093,,117581.14102792504
29085,2022,5,1,29185,98904.8980719706,93795.4876540904
20201,2024,5,1,31095,68312.92173040165,53400.77956813509
22045,2020,10,1,22047,72484.96603103609,99584.52936234936
22003,2020,12,1,22039,54016.747904092255,60432.83866684438
51005,2023,7,1,51045,85700.87852841192,108988.98194125132
13189,2023,3,3,"13317,13163,13301",104739.25867406672,60556.491301852664
19161,2021,6,3,"19021,19093,19035",64015.444640598515,77440.55321984086
37039,2025,5,1,37113,134541.04201241196,216846.4146436276
05005,2024,9,2,"05065,05137",142155.72419217246,108049.10025101775
22105,2025,5,1,22095,135388.55503691998,135825.8768635797
13059,2023,5,4,"13221,13157,13013,13195",208831.0651408217,227546.1103073554
29071,2021,9,1,29073,130244.07593477982,90666.5119452757
33009,2021,6,1,50009,172425.1905662966,93268.43629381864
16025,2025,7,1,16047,248823.08740409728,234144.18271308125
55029,2021,8,1,26089,169079.08040295442,295180.8865284945
48143,2023,6,1,48193,191247.5635871268,122980.34580099168
29177,2021,9,1,29107,112494.77099912672,103766.155757876
08079,2020,6,3,"08109,08105,08053",165642.66787759552,131888.7106324019
26103,2020,7,1,26083,85796.5075254649,60157.291229283146
28005,2020,4,1,22037,74920.86581677743,128137.47538046836
55127,2024,8,1,55101,249114.15987462376,180948.71785256252
05133,2025,7,1,05113,87384.61936953984,93680.64530800605
13303,2022,5,1,13125,81324.2063695974,105522.57976293932
35023,2020,8,1,35017,,97598.72025360649
19139,2022,8,1,19115,100304.82181565382,82276.83578417083
12057,2025,6,2,"12049,12105",269968.73330036615,175135.1652224093
48197,2025,7,1,40057,38972.11627445964,40547.37212513749
47113,2020,5,1,47069,88816.69302972178,54653.37848585768
06033,2023,1,2,"06097,06055",216233.70632930435,620305.7682412453
19077,2020,5,1,19009,99502.38545077336,52257.03712582219
29177,2024,10,2,"29033,29107",146636.4922377237,112253.93288948879
17185,2023,6,1,17159,74798.73664171157,62850.99311734573
19051,2021,7,1,29197,87975.24121493306,69668.42928126939
16013,2022,9,2,"16037,16025",513769.6395777206,206768.79520920687
48333,2023,5,1,48193,176366.69812231106,121060.98511056788
35025,2023,8,2,"35041,35005",126373.72424962018,87387.94386885435
48491,2021,5,1,48287,,173168.86797836245
37019,2025,7,1,37141,283411.62850700953,277881.5640667927
41039,2025,2,1,41019,354446.5493230629,234725.5327750287
13271,2020,3,1,13017,,37886.72342534529
31031,2025,4,1,31171,130333.946897918,103104.9163324478
35039,2020,5,1,08021,160130.44146401546,79448.29222523069
29023,2021,4,1,29069,66065.10925411458,74510.43265561636
48469,2020,8,1,48285,98161.51143272164,124243.05183055376
39149,2024,9,1,39021,128819.419264174,145614.240487632
13141,2025,2,2,"13125,13301",75008.0548663577,86527.38495437594
21109,2022,8,1,21189,76645.2458428676,73365.6985299026
29175,2021,6,1,29089,64302.31085500954,78190.02484725935
26129,2024,7,2,"26001,26143",96047.83490237247,107929.98380921496
48157,2022,8,1,48015,278655.29014883534,247800.41944703367
06093,2023,6,4,"06049,06015,41029,41033",182152.32422919283,238068.5919546038
06115,2023,1,1,06091,301402.09593844385,194759.0907069144
08017,2025,4,1,08061,114388.33305817032,112481.42208355898
30085,2023,7,1,30091,79058.12430171041,98354.82375994648
08081,2023,4,2,"49047,08103",175502.6144104807,198710.56870344747
18107,2025,4,1,18023,143995.59093127996,148436.2238610761
12081,2022,8,1,12027,305727.1535367589,171765.75163572442
56043,2023,9,1,56017,147402.41830541127,123956.02976332378
21197,2021,6,1,21173,80612.92758003228,125902.3519848416
48281,2023,3,1,48193,188123.9862120691,119186.114908971
30005,2023,7,1,30015,107641.53125275196,138574.00024343436
16067,2022,9,1,16053,209485.1791659744,257436.3044481869
51683,2023,8,1,51685,322955.1472943474,336046.4197253906
46115,2022,8,1,46005,66194.75809998998,95082.54175603902
01101,2021,3,1,01085,59731.33065531025,70799.6942547581
37095,2025,3,1,37187,90796.66052928969,51940.74881926242
41025,2023,8,1,41037,116775.19367837656,124641.00469281564
19081,2024,9,1,19069,88415.84330866211,70625.75705007369
55043,2025,8,1,17085,137415.34702895244,130696.78785205814
38077,2025,8,1,27155,113906.49920062024,53768.553516938555
06089,2025,2,1,06093,272165.59110560315,177920.46362073487
17057,2020,6,1,17169,38855.10581068427,78867.4277124376
54107,2024,8,1,54073,104057.07936909964,99956.82293702448
31141,2025,7,4,"31167,31125,31143,31121",186231.57259445355,125436.97802477238
46121,2022,8,1,31103,,103821.64506631329
53009,2024,4,2,"53055,53031",331296.51471906836,447968.0124756311
06085,2024,4,1,06047,1043703.9440945856,335381.1858710153
53027,2025,2,3,"53049,53041,53067",192046.9933495941,311470.7730496104
28121,2025,7,1,28129,182855.68980871895,105628.17417944496
19193,2020,6,1,19133,90457.36745082113,58847.12727722156
39089,2021,6,1,39083,155863.65590575707,124597.30456354668
05145,2025,8,1,05067,118079.75958489194,48549.13935377547
21137,2025,9,2,"21203,21199",109868.04689422228,97386.73122604823
30031,2023,5,1,56039,460609.886924153,977013.6471616497
56007,2021,6,1,08107,88351.78909956873,400558.23497168213
48463,2025,5,2,"48163,48507",118322.28332674486,68053.33347240913
38015,2023,6,1,38083,214210.35209313623,78855.68789244896
49043,2022,6,3,"49029,56041,49033",674865.0855431234,333160.3376203273
17027,2024,4,1,17005,107359.15301509754,75281.09376543232
17167,2020,4,2,"17017,17129",68161.65221238074,75795.70076957617
12071,2022,10,1,12051,274439.32729167625,174547.05622505347
51073,2023,6,3,"51119,51199,51095",238257.21749265472,267658.2510498361
48133,2022,5,2,"48093,48143",67802.86773940794,137796.32262805308
29027,2025,7,1,29151,143533.26356816702,147332.8481737949
13243,2024,8,2,"13307,13061",49212.53054524624,76987.96171701819
56031,2022,6,1,56009,135864.11254612147,175182.98948030637
29187,2024,4,1,29157,107400.688915891,125327.70969615718
06049,2025,3,1,06093,99438.97904339388,177327.95807023844
55011,2023,5,1,55035,123229.60350626892,196573.5700955196
51161,2023,7,1,51045,217601.8565333241,108988.98194125132
20039,2025,6,1,31065,44686.47472112094,76420.64217271422
19181,2025,6,1,19117,214992.87714074572,87233.1550509099
05139,2021,4,1,22027,61290.152454072806,85950.29682122883
20003,2024,6,1,20107,91134.92532604914,70727.41503891355
17013,2021,6,1,17083,107764.11994081862,95199.38566250975
12049,2022,11,1,12027,119207.29177930031,171611.60106819044
35043,2024,7,2,"35031,35006",288227.55484408356,116695.60805337595
47029,2021,8,1,37087,118139.5426240823,177489.24362331768
46059,2021,7,1,46005,95461.31333153094,83366.61656614086
35015,2024,11,1,48109,156351.5222309807,88601.56367653918
39157,2023,6,2,"39075,39151",106133.69114103522,137052.96125055468
48017,2025,4,1,35009,,94107.19238061
01117,2023,8,1,01007,240322.28791719352,151126.912244953
13015,2021,5,1,13227,179988.50704725087,203241.12610932603
20131,2023,5,1,31147,84911.83059842032,55204.72332805854
08067,2022,6,1,08111,377713.6284462859,290620.3797579626
01005,2023,12,1,13259,81748.3795004702,43676.481178161695
20071,2025,8,2,"08099,08061",76376.95044090302,96389.43900058276
13287,2024,1,1,13315,70554.36030880793,67197.5479746235
39137,2023,4,1,39173,126550.16135583771,130130.84004022926
13095,2025,7,1,13037,59485.88500234512,39438.163908260314
31051,2025,6,2,"31179,31173",95761.13088444834,103548.66641924698
47153,2023,8,1,47061,148798.4508812721,98166.34837440428
47019,2020,4,2,"47091,37121",91797.62435186336,88482.12766016586
13241,2024,12,1,13281,248588.1822436411,243789.01760849767
29137,2020,6,1,29205,65676.58290647487,52124.86676691891
41017,2020,6,2,"41037,41025",315064.9320203038,78020.32347456348
48499,2024,4,1,48379,154897.28985852873,154490.3570414736
26039,2024,6,2,"26143,26119",93332.49351250492,108020.19080678445
01067,2024,5,1,13061,96803.78506889644,65716.87440459683
40129,2022,10,1,40043,76245.84851816304,65858.37948573128
21199,2020,6,1,21207,73686.37606534983,76067.2513731633
40079,2025,6,1,05113,89231.00770789915,93157.77759391125
42039,2024,5,1,39007,79032.12190006697,86228.65542483485
31117,2022,9,1,31091,162579.10853438397,65714.67612211857
48029,2025,8,1,48493,169418.71520148774,230557.8037195592
55031,2020,8,1,27075,96343.24796862056,95675.62314976852
48077,2021,4,1,40033,104799.91640373344,41789.38148734917
39007,2021,9,2,"39085,39055",70231.39909937956,155153.22631942757
51051,2022,7,1,51167,54224.19795941931,67945.71884827841
42081,2022,7,1,42093,129374.45809094982,152163.78497643323
54077,2023,7,1,54093,45494.433610062144,94300.82016144352
06041,2020,8,1,06095,727925.7600133764,374460.6766436069
29163,2022,5,1,17013,98664.03360940683,103238.4658405065
26153,2020,8,3,"26089,26097,26095",60337.741818276794,127652.56567022375
48313,2022,4,2,"48185,48471",120812.4509923403,173705.92233430795
26143,2022,10,3,"26135,26039,26079",95199.40727151664,97610.51891752915
05063,2020,1,2,"05137,05023",74841.5435543887,85026.51563333892
54019,2023,9,1,54089,71227.93190258402,74883.39285196234
26081,2025,6,1,26117,245858.95060693863,133298.79698676534
39159,2024,12,1,39101,254192.07465181043,92758.28161461558
54087,2023,2,1,54105,61199.796353801714,54063.7683434112
28091,2021,3,2,"28109,28147",71074.80871729173,89444.53237859212
16045,2021,6,3,"16075,16015,16003",287776.9556931845,232223.8613606091
08097,2021,12,1,08065,644776.6965887463,286233.11971699726
48331,2024,6,2,"48145,48395",137923.07906662594,101809.41081448366
54047,2023,9,2,"54109,54059",27687.788416570253,38946.37213993141
29155,2025,5,1,29143,,54319.0872650411
13205,2024,8,1,13087,87864.79333279042,89445.12932521112
39065,2025,4,2,"39101,39063",100083.7601451775,121810.09735695561
48073,2024,2,1,48225,124563.5454554176,113166.2429322327
28085,2024,2,3,"28063,28077,28005",84962.20103601653,73160.53069855302
37189,2024,4,1,37011,314911.6199872947,208509.94473618903
01105,2023,6,1,01007,,152731.42611920883
51730,2024,7,1,51570,134554.67213135867,218475.2454287674
12115,2022,3,1,12027,282185.4293089048,151850.07008654196
16045,2024,7,1,16087,321330.25735570275,246825.4384815327
46109,2025,7,1,27155,110445.45308320908,54687.58562320921
08045,2021,8,1,08107,317366.33831925906,420068.8629056341
55099,2024,8,1,55003,96149.14508696138,110458.23181468796
28095,2022,2,1,28057,85804.24999613447,93893.61465756963
31031,2025,8,1,31171,121502.28945472556,93903.18268785802
45013,2024,9,1,45049,344598.19530494354,90418.58335501685
48303,2024,7,1,48153,133756.3637800866,39238.69328415278
06047,2023,2,2,"06069,06085",317573.8160066195,792748.8319965177
18083,2021,10,1,18055,64472.334431909665,78324.83162087841
19087,2023,5,1,19115,101382.0578925811,80739.38208667639
55003,2023,6,1,55051,107566.26481699628,110642.68390490324
42127,2025,5,1,42089,207657.41035903615,223826.2694842801
06087,2020,4,1,06069,579504.6083055432,495529.38619647175
29083,2022,7,1,29185,103339.86169734114,96725.7466404515
28147,2022,6,2,"28077,28091",103478.00369089592,82858.52290008111
17157,2025,4,1,29157,78465.49817509111,131888.1129036069
29035,2025,9,1,29223,93960.44591426825,73731.2965952314
37111,2024,5,1,37011,146021.53521579024,211453.2113865246
06009,2020,11,1,06005,250712.5858980789,260592.5985814105
21135,2025,9,2,"21205,21069",68130.84098776215,101838.99297340919
23001,2024,3,1,23023,229691.9055532009,288058.3630121956
22103,2025,6,1,22095,184778.2321048814,134148.32499006935
17079,2024,5,1,17033,78623.61432474181,62066.15161496885
39095,2024,5,2,"39173,39123",77887.68859107349,146202.47013171797
51001,2023,12,1,51119,124111.40523140242,223083.0265137101
48389,2023,6,1,48243,135098.54699897312,159117.10372813672
48015,2020,1,1,48481,179738.27339001847,108913.84914906562
26051,2023,6,4,"26129,26143,26111,26017",98145.09865585044,103518.83843964431
26103,2022,4,1,26083,113429.12300067116,76618.67222046656
19095,2025,8,2,"19107,19183",126799.0100311149,99364.559647119
17073,2023,8,1,17175,65109.45822750087,76140.98692193527
29079,2020,5,2,"29117,29129",38152.80785025245,58082.83922005976
21143,2024,12,3,"21139,21033,21055",81243.42907541835,76597.74440553998
17161,2023,5,1,19115,82466.51606289134,80739.38208667639
37095,2025,7,1,37187,86133.3391024475,49569.14345771807
20011,2025,5,1,20133,56471.459892706866,47535.00604446207
01065,2023,5,1,01007,102021.86210102343,151977.5181564571
19151,2022,8,3,"19041,19021,19025",43975.18361259971,91182.79761551764
26075,2023,7,3,"26161,26093,26059",109196.45451740953,198028.14351678162
34005,2025,8,1,34021,296650.85344073403,268958.39301158156
19173,2020,6,2,"19137,19145",45511.91156649842,53188.28234945917
31031,2022,7,2,"31091,31103",107588.97420090846,84243.5435030156
47165,2024,7,2,"47169,21213",305570.96693256026,196073.31501879485
19109,2023,3,1,19189,78627.59126912894,84430.68357662343
05077,2021,3,2,"05123,05035",,58229.84658006673
13137,2021,4,1,13281,149745.29611889317,186985.3970591895
18053,2020,3,1,18009,49854.12065564501,38089.770892019405
13103,2021,7,1,13031,187980.78601787236,118859.0298723284
08059,2020,6,3,"08019,08119,08047",358253.3340253926,243868.55928650117
21183,2025,7,1,21149,90431.52804697472,111203.70234855662
48165,2022,8,1,48115,142281.67167082996,64819.96833284082
38059,2024,8,1,38089,174716.57551051778,178754.74034387
29123,2025,4,2,"29157,29017",90065.35004844046,122546.56583853939
31135,2025,6,1,08115,117227.33466228994,92422.6601585687
22103,2022,5,1,28045,194771.544837729,144964.70344621842
48463,2025,9,2,"48163,48507",120336.96460840153,71411.87328724406
12091,2022,6,1,01039,248058.1600269284,78990.41655741092
20195,2025,8,1,20163,71574.83954260606,58896.58473043549
42085,2021,8,1,39099,74856.69885172864,58830.84333721203
21221,2024,9,1,21033,95181.9862559676,77617.45716341298
08043,2022,8,1,08093,228029.86313156676,351867.6797514544
48149,2021,6,1,48287,202354.26417766395,176245.69793390913
13133,2025,7,3,"13219,13221,13237",228500.4868466681,258185.1950900211
01073,2023,6,1,01007,95938.87298646037,152731.42611920883
16055,2020,6,2,"16009,16079",280091.40864835976,113727.45790199551
16031,2022,7,2,"16053,16083",211303.4545311806,264455.155673364
41063,2020,5,1,53023,173079.62809406698,96630.31731477148
17143,2025,8,1,17123,70368.63748953778,77088.2801408808
04017,2023,8,1,49037,240220.20990717967,230611.0365872813
51059,2024,7,1,51600,490541.36061865505,513771.422763398
31041,2025,6,4,"31163,31175,31047,31019",76644.78051452118,116838.18967753681
01013,2024,5,1,01085,63136.13808572484,81835.4133713041
45009,2024,4,2,"45005,45011",68070.53392024718,61065.33458604816
06029,2025,5,1,06031,263225.1900631773,269681.61946583726
13269,2024,7,3,"13193,13225,13293",82682.01920041221,91775.556437937
48339,2022,1,1,48185,224633.5166070374,179512.72175571346
13105,2023,1,3,"13221,13195,13317",80476.96090979884,144613.48952611585
19193,2025,9,2,"19047,31173",126570.30331639224,76001.22971758214
46121,2024,5,1,31103,,100580.20327981724
23005,2025,7,2,"23023,23001",391812.85551248235,268317.2493404043
05147,2022,1,2,"05037,05123",,53335.5751166548
18137,2021,5,1,18115,133860.62590487322,125441.14267295747
27147,2021,5,2,"27161,27047",152077.60136090915,104665.6210449176
28039,2023,4,2,"28041,28111",112237.33994254452,76156.72269669567
13287,2024,5,1,13315,75074.29507715667,69822.42270567223
38045,2023,7,1,38003,,89358.82158177678
30007,2020,8,1,30043,185989.10668860076,175870.1125567494
51195,2021,6,1,51720,52126.387854541295,55693.585891414645
33017,2023,8,1,33013,310636.239383154,304840.9194952734
12097,2025,8,2,"12105,12093",282575.88242429384,201104.97892984786
48205,2023,8,1,35037,149954.42509925077,60158.08338738434
41031,2025,7,3,"41065,41069,41013",309510.5861419815,252314.61045878148
41035,2025,6,3,"41019,41037,06093",194059.39359630423,178771.69289852903
55115,2020,9,1,55078,92193.48044885237,118688.98022821918
26007,2024,7,3,"26001,26119,26141",114825.48794851628,109023.66782743088
54025,2023,7,1,54089,96731.8660783142,74907.38248476492
48055,2022,7,2,"48177,48149",233474.6216157536,194766.0779625053
28033,2024,4,2,"28143,05035",213088.1318987693,85896.58774663706
51153,2020,1,1,51685,302311.7356318761,244508.8479329877
47073,2025,9,1,47067,144258.5250811881,87953.1881420912
47065,2024,7,1,13047,230467.49423964857,206528.80349953173
13057,2023,4,2,"13121,13067",338961.50981734507,277212.3215668029
20157,2020,7,1,31095,41060.31010664528,35310.282227994314
12049,2021,7,2,"12027,12055",93605.88356308412,113748.48222569501
47135,2022,3,2,"47039,47005",89110.67284945188,87499.55195400634
50007,2021,9,1,50015,287947.1460701129,241791.51210233127
48135,2024,7,1,48475,158179.55423281374,106964.108889592
30001,2020,8,3,"30093,30023,16059",153472.86989511744,96816.93862024143
38103,2023,6,1,38083,,78855.68789244896
47049,2024,6,1,47137,143716.53659076488,113568.66441808674
31061,2021,3,1,31099,49340.023422359605,101569.62342284885
21015,2025,4,1,21081,239390.54653773908,194685.14195476353
26085,2023,6,2,"26105,26101",,133860.43958382835
05139,2023,1,1,22067,57316.42512499469,49900.019071493014
29201,2024,3,1,17003,94320.30487838494,31083.427582552995
08073,2025,7,2,"08061,08025",147095.2108684901,103321.39410609019
56001,2022,7,2,"56009,56007",225981.86988748529,135898.71465649988
22057,2021,3,2,"22093,22007",128891.3395037484,109193.69572731294
29129,2025,6,1,19185,64296.726787185566,51781.79121994666
55029,2020,7,2,"26089,26019",146448.85437509255,196350.65789751688
46017,2022,7,1,46015,,117585.98930444493
39041,2025,5,3,"39101,39117,39083",342858.95391416416,138320.692130958
13135,2022,6,3,"13247,13157,13013",327190.81357032474,256737.37794681246
39035,2024,5,2,"39103,39085",112885.8943897274,185146.94007895782
28161,2025,5,1,28043,93060.53630698302,61657.46469352612
26071,2023,4,3,"55041,55037,55125",54765.066303982145,130231.56209515524
20191,2023,6,1,40053,58765.29193264667,58005.31024246055
30031,2020,6,2,"56029,30043",315686.6899134813,178686.71103986303
38053,2024,5,1,30109,208773.1528638605,101467.25006202263
51131,2024,7,1,51735,130524.08624638314,314518.92429942044
13223,2024,7,1,13143,279234.8376959332,179007.01143679515
05075,2025,6,1,05067,69024.06799284466,47950.148493995075
40113,2021,6,1,40103,94855.44624776753,56576.68673744757
05145,2024,4,1,05063,111383.3656291448,87576.71598699503
20085,2024,3,1,20005,112710.0091116219,78780.5464025456
48241,2021,6,1,48199,109292.50114495472,135303.57041686392
28085,2024,6,2,"28063,28077",89919.35525119933,75647.8008998278
37161,2021,10,1,37021,97456.06572192397,261698.08473873712
16051,2021,8,1,16065,276354.003161283,238492.49398341635
01081,2024,7,1,01017,214125.65064242913,74025.48960688003
35013,2020,5,1,48141,125565.9406420182,109360.59208793286
13033,2024,6,3,"45005,13163,45011",90724.49391326676,62650.337572782526
19047,2024,7,1,19093,91911.26718864292,74642.12931954622
16045,2024,11,1,16087,319460.2592349543,249714.3772960275
45051,2022,6,2,"45043,45033",208367.435797211,116638.0184443519
18155,2021,2,1,18115,90140.3051409936,118806.72123983846
17069,2025,8,3,"17151,21139,21225",54275.71630241914,74161.5962067852
05067,2023,7,1,05111,46025.919156464086,75033.60606373295
47145,2021,8,1,47105,135376.09461113813,184669.20333610303
37017,2025,2,1,37141,82737.79250254385,280435.47727424966
32007,2022,6,1,16083,235134.72796191616,267330.8073545179
48107,2024,6,1,48153,39380.14626453767,38302.524096974346
29185,2024,4,1,29083,97606.87411203596,107341.61100253498
51700,2022,3,1,51740,159643.6999509089,161406.83916326382
29107,2020,7,2,"29033,29177",81006.12133789128,72357.70432448141
26041,2023,7,1,55029,93451.48678001572,207077.66094004383
17149,2025,4,1,17009,53350.8077616439,81157.14334888902
05093,2022,5,1,47097,45301.20828638654,63825.32901892089
01119,2023,5,2,"28075,01023",,69864.06147977273
45041,2020,5,1,45089,73995.36674901609,42427.463378035194
13037,2024,12,1,13061,46108.85820706832,60902.592621641765
27139,2021,12,1,27019,289487.249313318,303477.02984966995
40015,2022,4,1,40075,46878.755951938794,38567.15095248147
12107,2025,5,1,12007,104312.15638982906,147800.51868057414
06035,2023,9,1,06049,140919.8056382781,100326.16151545676
01127,2025,4,1,01043,64328.78710460785,163339.0658458807
23001,2024,7,1,23023,235638.5065866929,294342.9255063287
47187,2024,3,2,"47081,47117",557671.6414173151,135045.79336877508
29129,2022,5,1,19185,71468.94690404355,53346.77361444098
13153,2020,1,1,13093,96590.60714282912,42135.81118325671
18041,2022,5,1,18065,71203.73600088675,87919.67831246353
28003,2020,7,1,47069,80948.66946328158,53883.94357391084
30081,2025,8,1,30023,403982.2322407076,178149.8379019495
37147,2020,11,1,37079,94660.52146315764,87319.07026467081
40151,2020,8,1,20033,47285.76840589283,37728.22814527533
27127,2022,8,3,"27101,27083,27033",82280.87303622502,92763.46271352509
17011,2023,7,1,17175,67897.03821587919,76341.7758652022
20029,2025,7,2,"20089,20123",54720.23786622309,60238.37938106753
47075,2025,7,1,47069,89746.64853615085,72049.35890599649
48243,2024,9,2,"48377,48109",146550.00984537898,107496.49244747599
26103,2022,8,1,26083,117465.73429908976,79199.27525794953
16083,2021,6,2,"16053,16047",211490.9784509184,191261.51296580944
22107,2022,7,1,28063,125633.43314391612,88951.508284415
21041,2023,7,1,21223,103699.67186809047,125197.17808028145
54101,2024,6,1,54067,51917.62670966151,82294.2253795841
13081,2024,8,1,13315,53250.886576364275,73250.63791380786
08119,2022,7,1,08093,326416.1126369747,353296.10073167685
28081,2024,6,2,"28117,28017",115364.79884937864,87107.42398359938
27083,2024,7,2,"27173,27127",103019.5691677828,82305.16569781136
28085,2021,5,2,"28147,28005",96726.29320770426,88776.06531646292
47133,2021,2,1,47137,108961.62297427164,94341.9194925166
20029,2022,4,1,20123,43626.928100560115,64110.97192707992
26137,2020,7,1,26009,98516.62944475772,112635.0371980339
48035,2023,6,1,48193,137978.65270559673,122980.34580099168
19037,2020,6,1,19067,80832.29480261984,61210.62825316371
46025,2021,7,2,"46005,46077",98903.49980334268,94517.17293298486
48349,2022,10,1,48217,119759.41132855606,113447.14540776957
31071,2025,5,1,31175,114276.26110959436,94419.47564587464
18095,2021,6,1,18159,77611.86456868828,107549.6956136044
06065,2021,9,2,"04012,06025",378643.66620638553,161069.54169218222
19173,2020,10,3,"19003,19137,19145",49831.56185238265,55963.399499144965
35039,2022,6,1,35028,208570.69417513153,349858.3892836485
21157,2021,5,1,21143,132736.85016824843,93220.51114150784
37017,2022,1,1,37141,111058.4779771472,228941.11943313072
17083,2024,4,1,17013,102590.38980121212,106409.46885665724
18053,2020,7,1,18009,50355.21305376078,38548.53367833554
51177,2025,7,1,51630,338636.673002299,323966.4067716365
27165,2024,8,1,27091,89847.49120978318,93956.13846481482
29113,2024,11,1,17013,194323.38516467204,106865.620381841
12099,2025,9,1,12093,242274.4195394081,187549.5757611036
27149,2025,6,1,27155,116965.29593394244,55591.385385869806
08085,2023,4,2,"08091,49037",287234.8862480014,342415.2183530835
29079,2025,8,1,29061,56079.15935515981,112010.90356903223
38057,2024,9,1,38089,128614.67095430195,180218.56330338065
06031,2023,3,2,"06053,06079",241075.45748254584,583714.7678604187
56013,2023,5,2,"56017,56039",176323.14364505516,548496.7194792224
26003,2022,5,3,"26153,26095,26083",107377.90667881776,75967.23122127012
48003,2020,5,1,48165,142214.78463984095,127792.66816729454
48201,2022,10,1,48071,202497.16894305215,233272.64138637765
18053,2023,8,2,"18009,18103",68228.9018776489,66369.04060337195
47183,2022,5,2,"47053,47017",79261.49764002109,84008.91517139091
32021,2023,9,1,32019,74871.20722724067,318804.82662929397
05027,2021,5,1,22027,80266.46777649771,80614.84694109189
01113,2024,3,1,13053,96135.73419163104,68637.73334086557
25009,2024,8,1,25025,494348.487724004,527462.4462602598
39009,2023,1,1,39115,76604.62004652427,68868.48201736844
49019,2020,7,1,49007,270653.49068660225,93782.76566985447
06063,2022,6,3,"06115,06103,06089",216374.0860466949,276388.6915268239
39107,2020,4,1,18075,97163.5209406534,52485.582323359886
13245,2024,1,1,13163,108718.45906112935,59109.5857540622
18181,2022,7,1,18157,112691.48969954607,167474.39395686353
45009,2024,8,3,"45005,45049,45011",70451.78788870691,73200.17953153158
06029,2025,9,1,06031,260442.6598735268,270289.99389265926
51041,2025,5,1,51670,305672.39177537704,150191.3688374375
48325,2021,5,1,48507,183071.68429771232,48409.27976671304
55117,2022,6,2,"26105,26127",156967.3112466696,131591.36693496787
08067,2021,5,3,"08053,08033,08007",293062.3754532409,219369.15878999574
46123,2023,8,1,31103,,101750.78776441504
26113,2024,7,1,26143,130854.5398737098,110019.7009166634
05149,2024,12,1,05029,100548.49669635863,93085.06227497064
40047,2021,8,2,"40103,40003",56289.22741770696,59948.02014306914
34025,2022,7,1,34021,417463.1469729074,210226.5052940819
29159,2021,3,1,29107,71543.13339485874,95615.864853217
08013,2023,7,1,08047,486133.3823606682,371134.4253526076
19065,2025,8,1,19055,67559.90457115433,114736.6921917963
31009,2025,7,1,31171,,96492.6958062519
30063,2021,7,2,"30089,16049",340941.0687081189,179162.84022712737
05147,2022,5,2,"05037,05123",,53103.271598017454
26091,2025,7,1,39095,137111.55199072382,79537.09880594113
17157,2022,5,1,17133,69742.01490680648,172699.05544601567
53009,2021,11,1,53031,293155.0633902633,343109.5725272707
29127,2025,4,1,29111,95340.85304552688,104522.147322581
20151,2024,9,1,20097,67084.61996581861,71617.5105305477
13287,2024,9,1,13315,77102.13233538264,72305.75476386995
48117,2020,7,1,48369,83773.10282912264,71085.32271924986
21107,2024,12,2,"21233,21033",71339.57565793887,71593.92951545384
54029,2022,7,1,54009,73959.61970945103,64500.05213793986
21083,2021,5,2,"21039,47183",74495.35508451903,61001.13193735719
06051,2025,8,1,06109,470429.0853862383,301587.92472543183
49015,2020,5,1,49007,,93840.45489609768
05147,2025,6,1,05067,,47950.148493995075
36071,2024,7,1,34031,310400.392662288,421636.338468513
47163,2022,8,1,51520,136452.03897556357,89896.42024192603
17041,2023,7,1,17147,71194.67630280176,106274.9024937224
46057,2022,8,1,46077,148488.14266223586,116021.53375967967
35013,2023,10,2,"35029,35051",199116.92814812143,101265.29225180054
21211,2020,5,1,21005,154151.03900648464,95945.57370240534
21151,2025,7,4,"21109,21049,21065,21203",194042.66256984137,106909.30891669361
08055,2024,7,3,"08109,08003,08023",152118.12765580107,145108.63583181033
20133,2022,6,1,20207,46801.04837971471,45267.788831179096
04025,2023,7,1,04012,348056.9638170604,132940.56284264402
26043,2024,8,2,"55037,26071",101022.72325402388,76293.35009493805
29171,2024,8,2,"29129,29211",95372.93622133083,67708.80522552821
37139,2024,8,1,37177,158783.26873257803,86324.12592457685
48225,2024,12,1,48455,117134.72681415603,99544.41031142203
47113,2024,4,2,"47023,47075",120171.6105396662,82989.64956104342
49027,2025,7,1,32033,252021.81857684287,107406.40982466612
48411,2022,7,1,48333,,204758.2910646392
31027,2021,8,3,"31051,46135,46027",108053.63481812312,117482.13975979591
08049,2021,7,3,"08019,08047,08107",386615.5489341864,349495.0206603187
27057,2021,10,2,"27029,27159",147121.1907913394,98262.05886644262
41045,2025,8,5,"16087,16027,16075,32013,41023",204325.92740266048,249084.28566518571
06061,2020,5,4,"06057,32031,32005,06101",403339.6607739351,307810.37910726585
22111,2025,6,1,05003,81772.7754474419,38425.55995661201
08027,2020,5,1,08109,155080.07872050002,88865.29874235894
39119,2021,8,1,39115,93982.20394315151,72918.77323487995
46115,2021,8,1,46005,53821.261624159175,85215.0748389217
42123,2025,8,2,"42039,42049",75287.35198265313,105694.74093189859
05139,2023,5,3,"22067,05011,05003",61263.84949246165,49666.30092047976
13175,2021,10,5,"13023,13309,13091,13283,13107",89832.12535541916,63192.397677216875
48181,2022,5,1,40095,181384.96153457908,101224.47921715712
22041,2023,12,1,22107,58273.141455096695,97370.5539928073
26073,2020,7,1,26133,109950.46310737444,81784.49742448049
48371,2023,8,1,48243,86410.9109948231,154639.99097219168
32023,2020,8,4,"32017,32021,32033,32001",202285.2556201599,114632.83844140565
41069,2022,7,4,"41021,41065,41013,41049",118102.55499752816,227275.6024192469
21185,2020,3,1,21223,205010.92162687125,83949.22924599366
31141,2024,7,3,"31011,31167,31121",176337.3028370676,132327.97935033377
41057,2021,11,1,41071,306473.758076604,359259.3005398554
29177,2025,6,1,29025,152763.95058113,110254.53761008944
18063,2022,8,1,18109,238141.49283974516,181520.7263266792
27059,2024,8,2,"27065,27095",245854.34495819392,178179.16774206585
33007,2021,7,1,50009,100016.89709264926,95558.78158940224
08013,2020,6,1,08047,380849.128209377,269139.8689689893
56005,2020,7,1,56033,183366.03786844807,200345.1274653804
05135,2021,4,1,05065,77022.69285095538,76721.85768698693
56037,2024,8,1,49009,180672.6557754836,195909.0517679892
44003,2021,6,1,44001,244855.22077389213,353889.03905677306
45029,2023,6,1,45009,106447.53961016132,60765.94691021315
21145,2024,3,2,"21139,21157",84611.91570060166,99683.22333297101
18049,2023,6,2,"18131,18103",103807.54632863351,84907.85700943008
21067,2025,6,3,"21049,21239,21017",223885.56734111332,189572.56810814491
20099,2025,5,1,20133,41780.98419884254,47535.00604446207
30089,2025,5,3,"30053,30047,30061",258144.06610278497,284678.8592184616
31089,2020,6,2,"31107,31003",59485.26869565693,63121.84125019947
26077,2023,7,2,"26149,26023",149738.7627665289,103540.0151382177
06019,2024,6,2,"06039,06047",290992.66527108103,327319.95528591675
31127,2024,9,1,31097,80192.7492867984,87321.41729253285
13091,2024,4,3,"13315,13175,13271",80528.35325573468,73847.58286623305
48021,2021,4,1,48287,216967.39616537548,170357.786641303
40113,2021,10,1,40103,93770.89128811004,55501.43840708362
16005,2020,5,2,"16029,16041",150287.19114182456,165857.08460971044
32033,2023,7,3,"49027,49023,49045",102732.19542073229,293850.8437227364
40067,2022,7,1,48077,51292.28788957393,120494.18369867335
06051,2022,7,3,"32005,32019,06003",483189.59865785943,388272.3391469084
51027,2022,8,1,51167,55426.471692630024,67849.01535193941
27111,2023,7,3,"27041,27153,27159",163634.2595617453,140835.06754945265
28033,2021,7,1,05035,173048.33488045752,76052.43345951132
35013,2020,9,1,48141,130157.86639698772,113123.50825750332
42041,2022,5,1,42043,195979.0772309676,135599.00396782145
32023,2025,7,2,"32033,32015",219975.43598734637,115360.77082848185
24015,2025,6,1,24029,269525.9628725533,243298.5714204352
18149,2020,8,1,18131,77126.83326498677,62695.534830977944
13243,2023,8,2,"13307,13259",41835.17036542405,59244.79931789066
51003,2021,6,1,51540,269658.086846298,272494.9697909784
10001,2023,7,1,34011,236916.7860721517,154965.95499918878
42037,2022,9,1,42093,139481.4271963941,152313.72521225616
37131,2022,4,1,37185,47663.935956119305,115360.37122034006
55133,2020,5,1,55055,243108.3306048448,159694.3138226686
55105,2020,6,1,55055,109959.86791999365,160313.15110075826
19017,2020,5,1,19067,108153.25219690896,61034.11963908083
17135,2023,2,1,17051,51995.72033764708,76718.45836992322
29071,2022,5,1,29073,142119.51621265852,103989.1620144142
23013,2021,8,1,23015,212720.2303336192,221198.11713695456
18013,2022,3,1,18109,191797.0919779608,171898.85841177762
39089,2025,5,1,39083,207029.5505321356,164936.70378929403
51683,2021,5,1,51685,275583.3526689899,282636.1265889261
54107,2025,4,1,54073,104292.8584233959,101761.62578992885
20007,2023,5,1,40003,37367.977929183755,57227.27075008749
56007,2025,5,1,08107,111865.8833668435,579529.1758055121
19039,2025,4,1,19185,108376.34262805492,52594.67185936848
48471,2020,4,1,48313,124015.11018554815,79922.23926210962
30107,2021,6,2,"30059,30045",79824.34846736502,131457.36996422664
48505,2021,5,1,48247,,55264.441537179904
05115,2025,6,1,05129,135745.34768136445,92996.15518862952
17167,2024,3,1,17017,83375.8845108394,58740.97787761616
16051,2020,4,1,16065,192623.2174149882,172584.35119597448
28013,2024,4,2,"28161,28017",67116.154910977,78492.84674387882
05087,2021,5,1,05101,126434.39969250142,100028.0847412704
39121,2023,8,1,39115,100626.86974044848,73570.56971165299
12017,2020,5,1,12053,113812.43875617695,139365.6384787406
25023,2024,8,1,25025,455525.579997278,527462.4462602598
16079,2025,5,4,"16009,16035,16057,30061",179198.0868919577,236696.73328350458
49027,2022,4,1,49039,194747.0074406719,229205.46052049965
20143,2025,7,1,20123,73986.62581483154,74354.14895941612
51650,2024,7,1,51735,205869.78288116076,314518.92429942044
27043,2024,8,1,27091,67129.98587484242,93956.13846481482
05043,2025,7,5,"05025,05003,05011,05041,05017",80485.15417707837,50421.9585716386
53063,2022,5,1,16009,307726.708810436,215702.4198269332
19179,2022,9,1,19101,68270.2980353227,100759.78643708082
48485,2021,5,1,40033,73801.63322718257,41757.816441748735
13001,2023,7,1,13279,78685.05186055816,70923.32275955444
17117,2020,5,1,17083,61013.31603135622,82905.95154303226
44005,2020,7,1,44001,298815.6027782429,294931.106640418
20001,2025,5,1,20133,52876.92779389645,47535.00604446207
18057,2025,6,1,18023,322587.401931514,146974.92759641862
37017,2022,5,1,37141,109928.71540595886,247972.91787520857
35053,2020,8,1,35006,115358.23516566206,59449.9129956882
13225,2025,6,1,13193,116923.56398386124,40959.89274088608
05013,2024,3,1,05011,,58086.215795628494
13043,2023,8,2,"13279,13107",99345.06021632766,64974.298211797664
13029,2021,1,1,13031,184898.7368374278,111791.67129635609
01111,2023,6,1,13045,99186.95345072146,194736.050639996
28093,2021,3,1,28009,109730.77935626166,91138.01927067364
20125,2025,7,1,20133,42371.72522972084,47282.79952175517
37061,2025,2,1,37141,95262.08358899064,280435.47727424966
42071,2022,5,1,42043,227635.22997598155,135599.00396782145
56013,2023,9,2,"56017,56039",180009.99218931256,573211.9888483591
13195,2025,6,1,13221,218190.7562351099,191314.39549922768
27173,2021,5,5,"27083,27127,27023,27081,27073",68889.15744418236,77254.01692462273
17191,2023,7,1,17159,62876.29946441537,63235.108094273426
48229,2024,8,2,"48377,48109",,107327.59628932385
55031,2021,6,1,27115,120914.19266954545,100347.76781479485
40115,2021,10,1,40035,60546.70081806386,66532.1946420311
29159,2024,10,4,"29107,29053,29101,29083",103412.97673897368,138258.7933463552
01005,2024,8,1,13061,87401.16569297914,65444.4510614354
46039,2024,6,2,"27173,27073",139773.64420479725,82112.16670647325
19047,2021,8,2,"19093,19193",73718.77493147012,84378.32896944322
31139,2024,7,1,31167,111830.20901607872,153294.68338403493
21041,2025,4,2,"21223,21103",123966.96483438884,155164.87792955074
39023,2024,7,1,39021,109191.9636408704,145679.11091313927
34031,2022,5,1,36087,354906.82104228967,415056.4484624013
13245,2024,5,1,13163,113021.57375424146,60027.80272568416
45005,2021,5,1,45011,32824.45669598825,85315.65801163868
55031,2024,7,1,27075,153758.73120632354,150978.84875852437
41003,2025,8,1,41041,432829.4749831536,303986.51233528875
51041,2025,9,1,51670,306748.2554056787,146875.5230746077
16013,2020,4,2,"16067,16025",298720.5291626271,137706.30505990758
48223,2025,1,1,48379,152232.73691644284,158174.35994229748
13185,2024,11,1,13101,125929.2427262376,86628.86873889291
06043,2025,3,1,06109,288129.97945381823,310225.8925554397
20043,2023,4,2,"29003,31147",67266.82490054742,93535.79968358144
30097,2023,6,1,30107,230919.3160253782,98544.45395450771
29183,2020,7,2,"17013,17083",183636.50606879432,89635.98659034265
04005,2023,7,2,"49037,49025",404756.1838405014,251888.5976143498
20051,2025,7,2,"20163,20141",144418.81182344022,49696.46801185398
06001,2023,3,4,"06013,06075,06085,06081",703948.560140378,854719.7295565654
13151,2022,6,1,13247,257281.73978204167,222222.01986959155
18073,2023,4,2,"18181,18131",159422.08173214356,102097.84212555998
29127,2025,8,2,"29137,29111",96538.3711507055,108658.69244730788
08051,2021,8,3,"08091,08029,08053",306671.98470699944,289093.3588596675
12105,2024,5,2,"12049,12055",229643.38453364512,144222.69180357698
32005,2021,6,1,32510,431328.55824301904,327854.44266114134
37009,2020,1,1,47091,140107.89238582857,92469.385037093
19177,2025,8,4,"29199,19101,19051,19087",80223.36998371892,96685.58907837374
27113,2024,6,2,"27029,27125",116608.31541199311,107788.93332528998
13211,2022,6,3,"13219,13133,13159",249720.19952062704,246685.80092550398
22111,2022,9,1,22067,95975.8001926061,50806.1150351731
29111,2021,5,1,29103,87452.01508718135,61440.82433530561
12023,2025,8,1,12041,154815.48884008636,164914.6683198025
01077,2022,5,1,28141,120637.40666892024,113383.73381506233
51153,2020,9,1,51685,314423.16579782526,254928.05545470407
37193,2025,6,1,37005,109840.86364605855,148240.56103105866
38093,2023,4,1,38003,116317.31576013692,89455.46714764375
56013,2020,8,2,"56017,56029",126172.90078999769,133173.5669843942
37055,2023,8,1,37177,414171.083291277,78832.29196694503
20143,2022,4,1,20123,63501.05516502847,64110.97192707992
27051,2023,7,1,27041,107167.37964199176,182762.86512621693
38067,2024,6,1,38099,73216.67381787293,95730.098253003
32019,2024,7,1,32029,330397.4162537213,336970.0218978422
05135,2024,11,1,05065,84837.49841758242,93702.9885537156
34023,2022,6,1,34021,324960.5506070652,208846.0661458402
17177,2023,7,1,17015,64467.48529596546,53626.23322430748
21035,2023,6,1,47079,101279.18655426073,100570.17800828764
13279,2020,6,1,13283,59742.46911765048,52606.16910547074
28021,2024,2,2,"28063,22107",51322.59733178237,79167.02578571241
34029,2024,7,1,34001,321449.66535073606,213911.2235719506
39023,2021,6,1,39021,82732.45810642569,120879.46825105564
13081,2023,4,2,"13261,13315",47331.33213832192,59571.396200846575
21239,2020,6,1,21005,148340.28017575818,97037.88809866102
08009,2021,8,1,08011,,73213.62300949295
22125,2025,6,1,22029,228276.94190974417,47269.265385149105
06029,2022,12,1,06079,237287.47415709455,598284.0023814373
13237,2023,4,6,"13009,13159,13169,13141,13211,13133",181577.44651734093,155072.97160453282
35049,2022,9,1,35028,357943.76304664026,353300.0922588043
19013,2022,8,1,19023,88776.33092499523,93270.11919320734
12021,2022,5,1,12051,347525.23546141566,164152.60247979886
22097,2021,5,1,22077,78241.07999109833,94667.39132632846
51199,2020,11,1,51735,238910.11970068852,244719.13739266535
31149,2024,8,3,"31103,31017,31115",78960.28486985153,101743.35601820098
19069,2020,6,2,"19079,19067",56026.44432957336,57985.85958928487
39075,2021,5,1,39083,150800.82672318644,122536.7484843682
05095,2024,2,2,"05107,05123",,32628.62304951752
13069,2020,2,1,13017,74026.46429764178,37444.91622470535
37023,2020,8,1,37011,99735.38552856988,102890.9069230085
21231,2021,6,1,47137,66684.23959531928,102273.41857893676
30083,2024,9,1,30109,167627.68924142377,101099.12221178134
29015,2022,5,1,29185,110373.57507354186,93795.4876540904
13239,2022,8,1,13259,57290.94217960555,41028.7427238515
21083,2023,2,1,47079,87057.31371041421,97368.06086412266
13091,2024,8,3,"13315,13175,13271",85708.2202265318,76020.3103665082
17163,2021,8,1,17027,69264.89818777503,99222.90876836953
39091,2024,7,1,39021,144961.28822057883,145679.11091313927
28109,2023,12,1,28131,100655.09750751632,113923.49210428871
51089,2021,6,1,51690,68979.83973696164,40662.169269827646
18023,2021,7,1,18159,100937.15654026516,109268.32172552805
40071,2021,6,1,40103,48047.14086013287,56576.68673744757
55013,2023,4,1,55005,142695.38897614132,141214.71018389933
06097,2021,12,4,"06013,06033,06055,06045",551541.9307378755,446532.57477256353
18083,2025,7,1,17185,88461.53722821636,67298.15716089569
08071,2024,5,1,08023,158826.59453542752,117074.8360888253
40127,2024,5,2,"40023,40005",79704.72552225784,88539.83500498548
51005,2024,7,1,51580,99965.28355083552,54620.629445933075
48251,2020,5,1,48425,168340.901845364,173589.03532587862
29205,2021,4,1,29103,59773.3752720312,60221.13679658802
51119,2021,7,1,51131,180603.08197816345,102099.48533993358
45019,2022,5,1,45043,298999.58884312917,168303.197951344
19017,2020,9,1,19067,109950.99842713104,63256.670777718595
17135,2023,6,2,"17051,17173",53028.889848130384,79595.55788536344
30075,2020,5,1,56033,83310.64208058373,198493.9724866996
16023,2020,5,1,16059,,107114.08896581188
48325,2020,1,1,48507,155014.19889593832,38814.91786812435
01089,2022,10,1,47051,197843.07604248475,175671.50030224895
39089,2025,9,1,39083,208467.5371180486,169872.63618123354
06067,2020,5,3,"06095,06113,06101",306381.1463839949,326959.96636210807
12105,2021,2,1,12055,155471.93801623952,93921.14188044675
30029,2025,5,2,"30053,30047",434368.3546041464,306585.13346683653
04013,2021,12,2,"04012,04027",330211.139247233,143572.76485876107
51683,2021,9,1,51685,282244.76600836264,290526.0877225551
56007,2025,9,1,08107,113817.34650770736,579916.8123940827
48323,2022,4,1,48127,135643.66053162506,94345.18452394156
29155,2021,7,2,"29069,47095",,64681.68926739435
29091,2024,3,1,29149,112834.3736239338,84885.35424998494
30089,2022,8,1,30061,238979.53453291403,224531.8616445739
51149,2024,7,1,51670,259404.27294231075,154027.78271299534
08089,2023,8,1,08011,87507.25117212889,67474.02107982265
48005,2025,5,1,48455,117554.31659927074,97180.00284162824
40083,2023,5,1,40103,160469.13980467213,63590.34407958402
31147,2025,5,1,20043,51624.82731293799,80932.96507644873
37041,2023,7,1,37091,130027.20560862856,61160.788822424605
29007,2025,8,1,29137,96170.90523388336,109952.07672658408
47065,2023,7,4,"13047,13295,13313,13083",215851.65687918535,152987.27851673472
19187,2020,6,1,19079,62503.95412441724,54761.09092540602
16049,2023,5,3,"16035,41063,16003",196981.95558046183,230601.95224506911
48507,2023,4,1,48127,52129.84993034223,85781.12529870617
39077,2022,4,1,39005,95571.1884028958,116587.22469431369
29093,2023,4,2,"29123,29221",79748.16696056625,84989.47059396125
51069,2020,4,1,51840,210023.98229978303,163098.25978226404
01031,2022,4,1,01039,83332.10261883993,78442.62702724435
18077,2023,6,1,21223,135614.54362196437,123974.08425316936
37015,2023,7,1,37091,32229.305398495577,61160.788822424605
04015,2021,7,1,04012,192711.45678383764,110331.24050619952
40023,2023,6,1,40005,71216.96449864331,92650.22280648709
18127,2024,9,1,18149,225098.4629333925,133748.32473984177
48369,2025,6,1,35009,87757.24878092164,94060.7154539472
48353,2022,8,1,48081,75584.85608023811,94370.29944209784
24003,2025,5,2,"24029,24035",368714.0700418152,298611.0516510762
21191,2025,6,1,21097,136884.7869211974,176149.65740176046
13175,2020,6,1,13283,78366.27025641197,52606.16910547074
29017,2024,2,1,29157,103089.31903921448,123288.51375346884
28031,2022,5,1,28065,98327.18120804377,60061.883554577325
27155,2024,7,1,27149,55211.45492475913,119289.27043233647
48247,2025,5,1,48047,42478.25151974976,53196.19757740219
08065,2023,8,3,"08093,08015,08117",346361.318003428,479505.6464581044
47071,2022,5,3,"47109,47039,28141",102060.64764544745,94716.55035180051
48079,2023,10,1,35041,36263.39516733368,76378.10086599523
22105,2023,4,1,28113,148637.9015949547,59115.28181144692
48147,2020,11,1,48119,118778.7799963746,66502.40812494665
28093,2021,7,1,28009,113201.49401087244,90707.31294533628
17025,2020,7,2,"17121,17079",45067.54442257989,69713.48841875032
18019,2020,10,1,21223,130763.75994092556,90745.8735528256
37061,2025,6,1,37141,96884.59371668442,278709.72723095043
20007,2020,8,1,20033,29746.86192727128,37728.22814527533
46115,2023,8,1,46005,61635.25170410159,95600.35331831686
42017,2025,5,1,34021,366593.3560367371,269150.705019966
12061,2025,5,1,12093,244390.4857281451,188764.21395402504
47043,2021,10,1,47083,206508.6688116577,99773.46878369058
22017,2021,5,1,48315,60094.36911888824,69316.07338315716
13289,2021,5,2,"13023,13021",56299.96649142203,58753.88330505014
17049,2021,5,1,17079,89583.26898977399,78795.41930304641
31053,2020,2,6,"31021,31039,31155,31037,31177,31023",97987.84187629628,92990.56944932441
40065,2025,8,1,40057,45533.81517692652,39810.94445015115
47139,2023,1,1,13213,117856.27627492788,158129.77233436206
21161,2025,4,2,"21201,21069",82112.72074283163,105073.79445881593
13287,2023,8,1,13315,68452.86286470709,65167.13569300951
46051,2024,5,1,27073,116152.87023375144,82276.58177098057
29095,2020,5,1,29177,88337.0518203773,90726.54316280402
17203,2025,4,1,17123,125141.85300429496,77376.91405149817
13043,2025,5,1,13109,102143.32942064044,87492.6140097481
13033,2025,4,1,13163,81237.57356895797,56453.15868550154
41011,2024,12,1,41019,250378.5535695312,233599.52986763787
22123,2025,9,1,05017,57013.7229348711,44970.02874228222
12081,2020,7,2,"12027,12049",183278.9175637226,83981.72894928155
16043,2025,5,1,30057,271525.8231037572,423417.67955296487
17051,2024,4,1,17005,82001.22436292096,75281.09376543232
48139,2022,5,1,48217,270212.09935804014,109773.1420337924
26043,2023,7,2,"55075,55037",91401.40856454718,99305.92514904254
41017,2024,7,3,"41035,41043,41031",484972.36154925806,262911.85394860647
29111,2021,9,1,29103,94945.89074076444,66815.46319487589
28135,2025,5,2,"28043,28083",68057.25691804982,49302.99297725105
01019,2023,7,2,"13055,13233",121336.48361630952,102384.8740070744
47157,2021,3,1,05035,86837.1446036444,75540.58159146011
20031,2022,4,1,20207,74553.0382107781,48248.56104335933
26003,2024,6,1,26083,117342.89014622608,95186.64586893584
38093,2023,8,1,38003,119334.95864324288,88735.017845893
29187,2025,4,1,29157,112557.8568313344,131888.1129036069
51161,2024,7,2,"51770,51063",229952.81745693865,156661.76928781244
08103,2021,8,1,08107,155600.34798162174,420068.8629056341
56027,2022,5,1,56009,96120.07631868673,174097.76494203345
17109,2021,12,1,17071,41963.54331898092,67271.70839338786
16019,2023,7,1,56039,281255.04443414847,999496.4779626816
26095,2023,4,1,26097,70194.01121991801,91152.52715930778
35027,2025,7,1,35057,217104.24913096047,129160.38062392909
47009,2021,6,2,"47105,37075",184221.1574023593,131928.49076712792
04007,2024,7,1,04009,234283.64656726344,202804.22885436617
35043,2025,7,1,35028,295810.0464075129,428216.1806805932
01113,2021,10,2,"13053,13259",88393.20990276239,51622.316901034224
46059,2022,7,1,46005,111682.62557779408,94757.07892911111
48087,2024,5,2,"40009,48191",40020.10118406079,49051.64004313831
30041,2023,6,1,30015,126928.39793165604,137174.54055425574
27005,2023,7,1,27159,182300.2726463757,115267.24123395604
17161,2022,9,1,19115,79234.56534341053,82366.56991500866
31185,2023,4,1,31159,113820.2581915132,165819.7937468755
51015,2024,7,1,51790,235160.1910217451,201624.35139671015
48045,2024,4,1,48191,88398.85756795696,36857.178639390135
40141,2022,4,1,40075,26509.88650504198,38567.15095248147
08067,2023,6,3,"08111,08053,35045",383920.5848251294,260639.4321002577
13273,2023,7,2,"13261,13307",42072.51077391078,69827.59482197165
48463,2020,3,1,48507,93718.57749446025,40463.58779066306
46085,2023,7,1,46015,,122099.71315450931
27077,2024,6,1,27071,119373.42062825128,71924.47252835246
53011,2024,8,2,"53059,41009",436674.6228735603,353840.55629016954
42133,2022,6,1,42043,169385.69233703028,136917.2268238488
38035,2024,7,1,38099,172408.043454322,97511.07184912084
30063,2023,8,2,"16035,30061",410387.80541196815,206539.44116100163
48225,2022,3,1,48471,142447.64585316496,159767.95354830113
17183,2021,5,2,"18171,18165",39175.12734048187,74102.58681310552
49045,2025,7,2,"32033,32007",380750.85674813,178766.60906872508
49003,2025,5,1,32007,351623.9706978697,250908.20024818848
12095,2025,5,1,12105,270984.5256690501,219297.57517367983
18073,2020,7,1,18131,120360.95869373564,62475.25772342001
06007,2024,1,1,06011,259977.12167753224,264844.3084088865
48013,2025,6,2,"48163,48493",139250.05326999506,158142.9492844142
01021,2023,6,1,01007,122207.15581556554,152731.42611920883
47153,2024,8,1,47177,152958.6310570307,159556.6405933218
13093,2024,3,3,"13193,13261,13315",64886.03278029929,60059.63766089417
48387,2020,8,1,48119,82826.06562458473,61278.567970036725
08007,2024,7,1,08021,362676.05384397967,117218.57500073587
34013,2024,7,1,34031,422560.57797621615,421636.338468513
48163,2023,3,1,48127,87447.3476897042,84961.62372617367
25007,2024,8,1,25019,992523.6166850808,1687400.163462682
49015,2022,6,1,49039,,237088.4306947582
42073,2021,8,1,39099,65430.60938907293,58830.84333721203
29055,2025,4,1,29073,121343.92723212154,125358.12381376774
48293,2024,6,5,"48395,48145,48161,48309,48289",72705.77070116911,134518.6076876027
12055,2022,3,1,12027,121501.31443648272,151850.07008654196
13069,2023,7,1,13271,99259.1994030402,57014.269822259674
05025,2024,2,1,05011,78996.38622765841,57374.503756303726
41017,2021,6,4,"41035,41043,41037,41031",412576.93232434505,189258.84626915105
55061,2020,9,1,26019,126459.5256712943,154006.12161297
25005,2025,9,1,44005,406812.00874121906,496566.1525217869
01067,2025,5,1,13061,96198.13293537576,56571.72446484565
27023,2023,4,2,"27173,27151",88896.12880977472,80581.17603225575
05141,2020,1,2,"05137,05023",55824.97718441463,85026.51563333892
55075,2024,6,1,55037,108717.52281225233,88582.63621362254
48245,2023,4,1,48071,91914.03350978396,233576.08695176023
55013,2023,8,1,55005,149543.0324944627,147284.99253486504
22083,2025,9,1,22041,94236.64929078624,53475.42562765276
42097,2023,8,1,42093,58391.9165610784,160748.88965245162
37027,2025,6,1,37011,129380.88745907292,208843.2475538057
17129,2024,3,1,17017,97744.72235054616,58740.97787761616
13215,2022,6,1,13053,87909.2518418388,67462.78564538174
48325,2020,5,1,48507,160189.57228293127,43178.44530217324
25003,2023,4,1,50003,214488.44461101992,210322.15041123892
36119,2024,7,1,36005,471810.58417802554,227988.51887403397
32003,2020,5,1,32017,217490.48968181535,101281.6013558226
05071,2021,5,1,05101,95572.94408834662,100028.0847412704
21073,2020,8,1,21005,101802.17913303616,100308.85455525512
48015,2024,2,3,"48477,48089,48481",235646.35727371284,161906.3740975542
18099,2020,5,1,18131,100513.03805634276,61949.93461180719
54013,2023,8,1,54105,45478.160916673834,54685.41999890672
12105,2021,6,1,12055,166428.21854849326,102000.9938384842
35055,2021,5,1,08021,252430.36513799216,100974.30943672937
01101,2024,2,1,01085,73425.16085940549,78497.8198504519
48093,2023,5,1,48193,96147.49132810044,121060.98511056788
47031,2022,4,1,47051,169748.95211159452,174036.6446106246
25005,2024,1,1,25007,379037.02035197633,964917.7090663908
05095,2021,5,1,05123,,40559.19386448773
40049,2021,12,1,40099,55773.897049547835,72182.58343384814
13177,2023,1,1,13261,167848.6540517543,59418.1706801871
30027,2023,7,2,"30015,30107",146736.5387379348,119115.31651043327
47057,2025,5,2,"47173,47067",157063.26203445895,126211.46144330894
17033,2025,6,1,17159,70898.75585864786,59335.44534132332
35001,2020,8,1,35006,162982.30623092884,59449.9129956882
26017,2021,8,1,26011,84740.09386301553,81467.17309223539
08093,2020,6,3,"08019,08065,08119",226481.7774614145,220582.06270452938
26025,2023,8,3,"26149,26023,26059",91887.00198686346,104651.70073969169
41059,2023,6,4,"53005,53071,53013,41063",205939.70795249633,249201.5463957219
41039,2021,12,2,"41019,41035",313873.6746723379,182190.1511329792
04001,2024,6,4,"35031,35006,35003,04009",196164.9309555722,142071.75240237417
51069,2020,8,1,51840,212002.08415465787,165720.966617054
47139,2021,12,1,13111,119632.0551201502,277439.06520706794
21153,2021,4,1,21115,56641.26865082187,61106.18489079663
08071,2021,8,1,08011,118690.03262074445,73213.62300949295
40023,2023,10,1,40005,68459.68039270728,96245.98281370004
17137,2020,5,1,17017,61837.96604868429,50585.92396961443
48343,2021,4,2,"48459,48315",90528.05693183216,90817.65513538293
20055,2024,2,2,"20093,20083",158425.26430470555,85692.97692167076
37111,2025,5,1,37011,146139.25737269098,209907.90846534536
48347,2023,6,1,48405,121648.3492011774,115512.2386466501
29017,2024,6,1,29157,106137.48501063375,127938.84858795891
18133,2022,8,3,"18119,18021,18109",145479.41973000855,129158.84789315036
22105,2023,8,1,28113,143696.5812642219,59239.13215948376
51131,2020,10,1,51735,86734.92510811794,241918.0265459315
42035,2025,7,1,42023,113650.673563381,54250.73429705937
54069,2022,7,1,54009,74549.85155483735,64500.05213793986
17125,2025,4,1,17169,41557.85343878567,79834.22439892993
38103,2024,8,3,"38083,38093,38031",,95814.51086135756
18157,2024,5,2,"18181,18045",192234.0609380117,113231.54016175758
40027,2024,9,1,40017,177801.66040975516,197210.58994047288
13089,2022,6,1,13247,236476.80017806307,222222.01986959155
05139,2024,3,1,05011,62431.06213319692,58086.215795628494
17047,2023,7,1,17159,56200.30260666966,63235.108094273426
47003,2024,6,1,47117,229195.6260919315,209545.96864510505
19023,2020,6,1,19067,70645.27949035694,61210.62825316371
55113,2024,8,1,55003,175111.2247415074,110458.23181468796
13245,2023,4,1,13163,106477.2404094723,52124.27493715936
22077,2025,6,1,22029,82527.28959248599,47269.265385149105
47147,2024,9,2,"21213,21219",275886.29348110216,148183.11110461337
01065,2024,5,1,01063,98423.2913814435,81648.85453501114
32023,2021,6,1,32001,206494.7976577677,227639.32051236983
48005,2022,8,2,"48373,48241",111222.44852311852,108242.65804786437
30013,2023,6,1,30015,202355.5668776465,137174.54055425574
27025,2025,7,1,27065,273174.76877103234,160522.39532407362
27061,2020,7,1,27071,95895.5049014084,55067.55639346019
26019,2023,7,3,"26101,55029,55061",230994.44917089833,170645.97719487155
37089,2021,3,1,37087,217603.3417597447,163792.35793735032
31179,2024,7,3,"31167,31173,31039",138373.52653477786,117288.9298558019
51169,2025,9,1,47067,93009.60439311009,87953.1881420912
29149,2025,6,1,05049,89605.42559884628,105467.68206643069
31075,2023,8,1,31091,,66209.4557606
30077,2024,9,2,"30039,30023",188798.60560341072,221442.58051533473
16003,2024,11,1,16087,268897.8108080861,249714.3772960275
28113,2024,12,1,28147,58409.534044402855,99702.27274464602
54099,2025,3,1,21159,83225.77365001115,64470.59722508788
05005,2021,4,1,05065,104526.88600575134,76721.85768698693
47093,2025,5,1,47173,250338.25154617964,170407.5712486989
29003,2020,5,1,20043,104472.8895003737,53065.345423966995
51013,2020,4,1,51610,394514.3088312925,497647.791507343
47139,2023,5,1,13213,121459.29089881152,158307.09485321963
32023,2024,7,1,32015,217661.22670123875,135335.99544043592
56019,2022,7,2,"56043,56009",233321.68237830244,155850.06345243816
18083,2024,3,1,17033,83688.84055475987,61126.096213921235
53075,2024,6,3,"53023,53021,53013",223295.64711653208,205528.68257323842
51025,2022,5,1,37185,93516.40326826651,116924.47427966516
05091,2022,7,1,05081,91193.72730664432,74808.16056746738
20157,2024,8,1,31095,57747.995595053595,55993.10220745762
12081,2020,11,1,12027,191017.3795288791,105674.66469857877
01075,2022,2,1,01107,93071.91844557389,79124.77137738327
21177,2024,12,1,21219,73452.65930339754,131143.69397347773
27155,2021,10,1,27149,54403.35464915875,108464.14233199264
47019,2024,9,1,37011,150445.13988083915,213769.345701674
16043,2025,9,1,30057,274307.12131673284,422498.7904235089
13261,2025,2,3,"13193,13307,13093",60439.280422653595,62455.8796000137
42033,2025,5,1,42023,72082.14574522643,52741.41833041481
42047,2025,3,1,42023,80367.66925227025,49924.50850225523
48139,2022,9,1,48217,274858.94309900637,114446.67233310682
55043,2025,4,1,17085,135629.3907917825,129324.83813990724
47045,2021,7,1,47095,76376.37730513689,52062.44159627612
53019,2023,4,1,53043,156428.1081055378,174826.9698820678
48371,2024,4,1,48475,89482.0766224385,102104.49034320696
47103,2024,7,1,47117,151976.22534164393,209692.3839468228
17081,2024,3,1,17145,,62481.8958344581
20141,2022,4,1,20123,31108.96311255049,64110.97192707992
42037,2023,7,1,42093,146335.2800604912,160646.76825808504
16031,2023,7,2,"16053,49003",215590.9432295564,293027.726886841
17191,2025,8,1,17159,57943.93149613645,60011.087915215525
04017,2024,8,1,04009,246029.09580729835,202987.5956791075
17113,2022,6,1,17039,122318.6635923418,65794.63635935435
51059,2025,7,1,51610,499076.253955139,625927.2008839268
06071,2024,8,1,06037,393196.11016808497,635783.6272589513
51197,2021,4,1,51021,97427.75762365076,76745.08754486195
47169,2022,5,1,47111,207238.01629245543,137356.7957631511
54085,2024,6,1,54073,64712.21348922645,97412.93821624706
31163,2020,7,1,31077,58753.970232855296,83621.40726280177
39003,2025,6,1,39063,92420.65666499804,150098.1715703814
29141,2024,4,1,29053,155546.99550017726,133856.30568662472
55085,2025,5,1,55041,156013.14488989674,96874.1138993532
28057,2024,6,1,28117,83889.33990665544,92460.54531959636
12097,2023,7,1,12055,296502.70413452905,142268.01722148736
17049,2023,2,2,"17051,17035",102157.16370021744,80024.86824511376
41035,2023,5,5,"06049,41029,41019,41037,41039",181697.97549298228,221023.3349814334
21007,2024,3,1,17003,71224.25741661571,31083.427582552995
40141,2022,8,1,40075,28397.017812537208,38401.00756046912
12051,2025,7,2,"12093,12015",193526.22818504265,200570.9614842693
27127,2023,10,1,27173,79254.4860197071,79454.83499861039
49035,2025,6,1,49043,425137.426982738,648110.5462339385
05147,2023,1,2,"05037,05123",,52145.91957500205
16015,2025,8,1,16045,297643.18007032847,319675.39367589867
47163,2020,3,2,"47091,51520",103197.52091056223,77338.70968941404
29171,2022,3,2,"29197,19185",76573.75522503242,67605.86523511264
48131,2021,5,1,48247,,55264.441537179904
49003,2025,9,1,32007,352321.9948048608,251091.17552722225
51195,2022,6,2,"51720,51167",58823.689667053965,65754.07090912531
48167,2022,12,1,48071,218777.2839704846,232837.30283645552
21195,2020,8,1,21159,51863.94050540499,37586.30304594893
39137,2024,8,2,"39003,39173",139142.49009528762,116287.7748139796
28011,2024,8,2,"05107,28027",71752.65631880994,25497.07639404228
22111,2023,1,1,22067,89060.75995994323,49900.019071493014
49005,2024,8,1,16071,342483.2907881492,226759.8428558519
42123,2023,3,1,42039,63456.74800294531,84137.00579945999
48493,2022,3,1,48013,247046.76066495944,154420.6495492207
47019,2021,8,2,"47171,37121",110576.8426799388,111564.16360412724
12049,2022,7,1,12027,117997.82293968867,170141.57718679102
47135,2023,3,1,47039,82454.16621364241,83286.58306410827
13009,2024,7,1,13141,118611.6061000763,84509.81554209848
08043,2020,7,2,"08109,08119",161483.5277513096,156890.65314810572
50001,2020,10,1,50017,199499.63096288507,139503.24155369334
29203,2021,3,1,29179,63909.84178696681,71135.60047174507
16077,2024,6,1,16071,165106.0820684745,225903.6915902481
13243,2022,11,3,"13037,13307,13259",42626.82412026723,55186.682495169895
47133,2025,5,1,47137,144995.49466660497,126172.47646755708
39029,2024,9,1,39151,82613.15244461947,110212.8444406418
06071,2021,7,1,04012,315881.6609205928,110331.24050619952
48255,2023,7,1,48175,101996.17999885025,130588.3892032656
26063,2021,9,2,"26011,26069",95927.06313759148,83097.49396057076
51165,2023,7,1,51660,234928.2787401052,219040.5361563448
47141,2025,5,1,47159,199672.7941800362,182366.8016663148
28143,2021,3,2,"28027,05035",80923.22881504284,52222.87177175892
01071,2022,5,1,47051,112720.07084040163,175221.27645376904
51199,2021,3,1,51735,244193.6296139144,253923.80667187413
31185,2020,7,2,"31151,31023",85649.28776020155,74163.3684092787
31051,2020,8,1,31027,74123.12737295055,92449.74829891622
22033,2021,9,2,"22047,22121",118690.56544380996,114424.17889937075
08077,2021,9,1,08029,253544.47638719165,227882.4359569169
18067,2022,6,1,18159,88557.55489207477,121842.73358370388
16043,2022,6,3,"30001,30057,30031",294372.3005721445,372640.81631023396
40089,2024,4,1,05133,110436.12731542168,81950.35101698607
31087,2024,7,1,31085,79289.67826872897,120115.83032645138
51103,2023,7,1,51119,183000.7477012003,212832.23621381875
48189,2024,7,1,48153,75285.36781733275,39238.69328415278
19111,2022,9,2,"17071,19087",60683.289402745286,83739.70545435336
29013,2022,6,1,29185,114159.73279938652,95427.89222751278
21165,2021,6,1,21173,44743.890572654745,125902.3519848416
28085,2025,6,1,28147,90100.18543500656,96760.99171394094
17075,2024,8,1,18111,69335.66143765567,120798.6851131181
18051,2025,8,2,"18129,17185",116606.58538531756,105314.56849449835
32013,2022,6,1,32027,190112.90893101977,124760.64157823897
27089,2021,7,1,27135,121612.49461614694,113792.9258529266
12045,2021,4,1,12037,166451.98766892438,180837.01455406065
47023,2025,5,1,47069,73217.22985309486,73091.87794644712
29031,2021,6,1,17181,119617.5088804824,73893.70839066828
41013,2024,7,2,"41069,41031",333682.7782982383,221918.57115499262
27145,2021,4,3,"27009,27153,27067",155528.54992933557,127998.11500433042
20167,2025,8,1,20141,52542.41123669397,42018.2428049245
48325,2025,8,2,"48163,48507",185927.01961303625,69815.96102137213
32007,2023,6,2,"49045,49003",232641.93299266187,347071.48026654497
48457,2021,5,1,48199,94897.22905125529,134590.0076458795
48427,2021,6,1,48247,89864.95981801061,54217.3430464337
47133,2022,4,2,"47027,47087",131932.40452639142,105199.38980457473
39029,2021,8,1,39099,70192.66582715047,58830.84333721203
17001,2025,4,3,"29111,17009,17169",97813.67838009034,88504.50502346666
27031,2022,9,1,26083,223018.82391502536,80328.71358979626
48285,2024,3,2,"48089,48123",134484.38554158047,131000.19948617852
08097,2021,8,1,08065,600304.8043951407,277763.7376445535
19161,2024,7,2,"19151,19093",79158.72154033021,62522.57701334861
08061,2023,5,1,08011,93979.60118233808,64315.03424179457
47141,2022,4,1,47087,179679.78718957675,109257.90071742683
53011,2021,9,1,53059,383148.7777110989,316577.4741262349
13285,2022,6,1,13149,107778.27343791992,141001.9523616707
18007,2023,8,1,18181,106795.9807533804,119100.97193120708
39041,2023,4,3,"39101,39117,39083",318314.1961891989,119842.36047195415
21083,2025,8,3,"21039,21035,21157",92770.74587376654,103543.09582691843
28011,2021,5,1,28027,80903.50618595655,30532.30583382946
28081,2022,5,1,28057,111281.09952025372,91015.8194647281
40151,2021,8,1,40003,50794.573942735326,63838.74675006873
51117,2022,9,1,37185,88366.38390992147,115532.032252164
49005,2021,5,2,"16041,16007",274054.7041321952,210591.7006359468
47095,2025,2,1,29143,60263.46492220528,54406.77346320674
19169,2023,5,1,19079,161221.32927408826,74935.59132223671
19015,2023,5,1,19079,120300.25791405702,74935.59132223671
33019,2023,9,1,33013,220961.2625749618,308493.74256969563
48317,2020,6,1,48165,,129126.97464384894
32031,2024,7,2,"06049,32029",404470.4179641844,219654.47912416107
31127,2022,4,1,31147,70032.61993156034,52689.14592302482
25017,2024,8,1,25025,537061.835859072,527462.4462602598
27099,2023,7,1,19195,107479.1756570792,89041.37313548593
39065,2023,7,2,"39101,39175",90463.40445237391,92190.066202733
45013,2024,5,1,45049,342095.7179701104,83814.6627718297
01041,2024,5,1,01085,65816.53867539059,81835.4133713041
22073,2022,11,2,"22083,22067",83986.82902672574,67982.78451733846
41005,2022,5,3,"41065,41071,41027",457491.5298863883,380610.0929348601
29063,2024,7,3,"29075,29061,29003",117531.76674087752,108242.58834679458
47149,2024,6,1,47117,323920.7512114874,209545.96864510505
28085,2022,5,3,"28063,28037,28077",105866.04105004968,92473.46182413188
21227,2024,9,2,"21213,21061",196900.6201409881,131256.09264530882
26053,2025,8,1,55051,63638.741917316795,98558.08267622226
12115,2020,6,1,12027,185770.54053621215,96143.2227282318
30059,2023,6,1,30107,183281.69558919396,98544.45395450771
05003,2024,8,1,05011,46146.18911967024,61863.636484298295
13311,2020,10,1,13281,102236.67216907356,166060.14116427567
54099,2025,7,1,21159,80736.66219625964,71795.12338681855
18095,2022,6,2,"18159,18065",91888.7292250084,105643.61066478817
47093,2025,9,1,47173,251039.81228634864,175639.5105435362
49049,2020,5,1,49007,278678.8314928393,93840.45489609768
18083,2024,7,1,17033,89428.02461077932,62303.26407689109
17163,2022,6,1,17133,71153.08802354577,173619.05309253742
55125,2025,7,2,"55051,55041",221824.08578434683,99334.58574943259
48143,2020,5,1,48425,122090.86919332307,173589.03532587862
47075,2020,5,1,47069,59250.84914877502,54653.37848585768
47027,2024,7,1,47137,115091.27739468224,115533.48244849558
48331,2021,1,1,48287,129772.24498600648,162641.5343101739
37111,2022,8,1,37199,137821.39535621542,188019.10292676557
54043,2023,9,2,"54045,54059",69133.70947448694,53229.932523437266
20069,2024,7,1,20083,122816.70411587707,76374.27572238202
31175,2020,6,1,31077,58859.75532154763,81770.21836944149
42025,2025,5,1,42089,163982.07429112078,223826.2694842801
45015,2020,4,1,45089,177982.37899268567,42124.25577024
04025,2021,8,1,04012,316169.21512680856,112868.8816229172
36027,2022,7,1,36079,294821.695602176,330808.73786900577
22029,2020,4,1,22077,56036.44303005029,88125.39297294784
39139,2025,4,5,"39083,39117,39005,39033,39077",98222.70283019917,132933.3510843487
55025,2020,7,1,55055,227218.29233914524,160491.645507072
16005,2024,8,1,16071,250336.51496469625,226759.8428558519
20205,2022,6,1,20207,43191.00193424456,45267.788831179096
08091,2020,7,1,08053,305863.6652970868,201451.31155843963
26051,2021,9,2,"26129,26011",96018.4948915716,83486.11895608585
05111,2025,2,1,05067,72239.76139461553,50152.39973404858
18105,2022,4,1,18109,184027.21889281995,175771.01404317518
30067,2022,9,2,"30059,30031",396646.2857497752,331243.1981787566
50027,2020,5,1,50017,149480.86327030516,131275.62101773228
08013,2021,6,1,08047,432384.24937507167,328987.8754478959
35061,2024,7,1,35006,213667.61303703324,86978.40765950823
13315,2020,6,1,13017,,38775.0278555396
51197,2021,8,1,51021,98437.4508031413,78084.00536797497
48051,2021,6,1,48287,164478.5017585403,176245.69793390913
26123,2023,7,1,26105,129623.4628179252,133559.46002719318
54085,2024,10,1,54073,65847.27721975556,101906.19946616502
17055,2021,3,1,17165,57471.38159711147,39362.01140961889
20205,2025,7,1,20133,47854.1109788198,47282.79952175517
39149,2021,8,1,39021,111261.21406207752,121460.52008330775
16079,2024,9,1,16035,178549.99656802454,182740.691251964
47041,2025,5,1,47159,185274.62870842183,182366.8016663148
19163,2025,4,1,19045,139883.12818967458,87486.6353995099
37099,2025,7,1,37113,259540.5806620945,217089.0779596884
35049,2021,12,1,35028,324384.3012870206,323767.2719923077
51199,2024,8,1,51735,318409.7333662047,315263.576592189
46123,2024,8,1,31103,,104463.57779826708
51710,2021,8,1,51131,183997.5495873945,100813.69420852272
05119,2025,6,1,05053,107418.58908451,114780.7079825828
42107,2022,7,3,"42077,42025,42043",59531.97917235,160946.3335998426
26165,2023,7,2,"26101,26079",114155.32027066124,127679.08372933598
47163,2020,7,1,51520,104275.64582226909,62505.2451563288
27111,2024,7,1,27041,171349.77943559593,186264.8698579355
28045,2023,4,1,22087,139095.09148097105,139005.2158162446
31067,2024,8,2,"31097,31095",100606.01776074572,70812.75237529405
51149,2025,5,1,51670,264113.0733381323,150191.3688374375
40113,2024,5,1,40103,100777.72293268848,66740.1123634717
37133,2025,5,1,37141,200807.67120882837,279461.77216716344
29223,2023,7,1,29123,72398.45306189607,80529.33168680251
13267,2023,8,2,"13279,13107",94017.2602290404,64974.298211797664
51027,2025,3,1,21195,48626.034844716814,69612.06553853149
22109,2021,3,1,22007,125147.91673194405,102631.27231716698
22111,2023,5,2,"22067,05003",86051.20976716928,46711.11005034311
47163,2023,8,1,51520,148279.64346857896,99184.9900142058
27155,2023,7,1,27011,55482.017706399456,80736.90187119602
29061,2020,8,1,29117,66812.89422152353,64706.46972520058
31089,2021,8,1,31015,68328.52383615013,108129.88739936992
01077,2023,1,2,"47071,28141",120579.03789181734,104656.82566999788
46057,2023,8,1,46011,153031.9605867715,191884.11466451985
51153,2021,5,1,51685,349842.2085063571,282636.1265889261
13057,2024,8,1,13117,368053.63297309744,457479.46236893255
05129,2024,5,1,05137,100987.88605141857,116779.2588284001
42123,2023,7,2,"42039,42049",67415.85912706869,96642.1361294536
42037,2025,4,1,42093,149387.7133025945,172233.67240913367
51155,2023,9,2,"51021,51750",123282.84620503592,121318.10262542326
47133,2025,9,2,"47049,47137",149265.01465819593,134426.2368790508
01113,2022,2,2,"13053,13259",90639.76265081164,56192.23437702912
56023,2021,7,1,16007,185666.7213016178,176354.60751589746
13147,2023,8,1,13195,168528.28794486023,198383.8658948444
05061,2025,4,2,"05113,05109",75899.88938443101,97031.79445860056
48471,2021,4,1,48455,139604.89158407715,91404.7910608877
08041,2020,5,1,08119,263169.07101247186,221898.71177826557
34041,2025,5,2,"34037,42089",297163.43806302355,267770.0761785122
23005,2020,9,1,23023,249155.46678985035,178572.04140271596
31021,2025,9,1,31173,90272.81960204872,58749.00131758536
22105,2024,2,1,28005,133355.72775550903,77144.72153013192
28093,2022,5,1,28137,111514.74255131274,129941.9763992584
21201,2023,1,1,21069,94944.26531385044,80153.7506235764
26021,2023,4,1,18141,134935.5686018087,109525.67999064956
21181,2021,7,2,"21201,21173",84515.19194848546,105924.11832719074
51199,2021,7,2,"51131,51735",253586.1349233257,183289.24590922976
16039,2024,5,1,16083,255735.71701061664,260612.79026096055
13257,2023,7,1,13011,129997.7522334035,207119.45124734016
13153,2024,6,2,"13193,13225",154320.2870283106,88031.62505154348
06073,2022,8,1,06025,638087.3817601068,223993.83507901916
29186,2025,4,1,29157,144650.7871628546,131888.1129036069
30029,2024,8,1,30053,432890.502408412,259281.57021056497
41035,2020,8,3,"06049,41029,41037",123947.60681266215,135893.70512928552
49035,2022,9,1,49029,425770.9647510489,493376.089831972
28145,2020,2,1,28009,94467.5161303272,77240.42935711906
45029,2024,6,2,"45005,45049",125051.59758904504,63467.29338812892
40121,2024,6,1,40005,72493.00799806097,106281.33374681154
27111,2021,6,3,"27041,27153,27159",141860.6776619761,123416.28092975462
38023,2023,8,1,30091,,98686.40856878336
20077,2023,2,2,"40053,40003",31318.30157450707,58413.97582961361
28059,2025,4,1,28039,129431.50791555898,135841.2584484492
36121,2025,5,1,36037,119423.79352704542,144954.69700835805
27141,2023,8,2,"27009,27095",277060.5171539227,189236.3875990293
51163,2024,3,2,"51678,51530",175867.61061688312,155120.77119037916
47157,2023,9,3,"47167,28033,05035",105148.11403586228,148295.64767818956
20007,2024,7,2,"20097,40003",44231.07058403995,68137.37244467303
28035,2025,8,1,28111,107746.89458142212,84613.38328180577
39167,2024,6,1,54073,94626.6650137017,97412.93821624706
26127,2023,6,1,26105,129121.2977052532,133139.82744405456
20073,2022,6,1,20207,36902.09500768989,45267.788831179096
17159,2021,10,1,17079,56798.914096794375,77644.64151616186
38063,2024,8,1,38099,,98518.7748595507
41011,2023,12,2,"41019,41015",250617.10126052497,271000.47269106284
13175,2021,2,1,13283,86997.05266976634,60668.44461691741
18169,2023,6,1,18103,98133.28973863034,74608.22568280809
26137,2023,6,5,"26079,26135,26119,26031,26029",134127.26458269163,129108.2352268926
18085,2021,8,1,18169,138836.07234347682,83573.52825116138
35037,2025,9,1,35009,60650.96375815489,91211.79424901474
13289,2025,4,3,"13023,13175,13319",48122.118004339245,79690.22690143676
39089,2023,4,1,39083,181099.64425541167,139793.3948892363
51003,2022,6,1,51540,302878.56922088354,305969.87032236817
35053,2024,9,2,"35006,35003",123995.96231667728,109285.20667298118
54095,2025,3,1,54073,62897.77322669781,103422.27663260252
31133,2022,10,1,31147,66345.28480243245,57182.921590050355
48199,2022,1,3,"48457,48373,48241",140709.9556972613,104505.09375199722
13063,2023,2,5,"13151,13089,13113,13255,13121",185851.032570911,246303.4726151097
17001,2025,8,2,"29111,17009",100634.80584590897,94526.06653319183
50023,2020,10,1,50017,170203.63705083882,139503.24155369334
39121,2021,7,1,39115,91856.0202528318,74050.43737168064
06087,2021,12,2,"06069,06085",715241.2869771529,787941.6491087133
29039,2022,5,1,29185,100245.93467792716,93795.4876540904
41051,2021,1,2,"41027,53011",338610.64833139395,361339.05944541504
17095,2021,6,1,17175,45557.03074148701,79562.98717512166
47141,2022,8,1,47087,184574.56506897297,111228.88670186629
34015,2023,9,1,34011,243870.30538392544,157031.2972437455
48479,2024,5,2,"48323,48247",133550.75356543902,99676.99543351748
13153,2021,5,2,"13023,13021",111373.68575510597,58753.88330505014
21103,2020,7,1,21223,96497.31826853566,87041.13475146894
27049,2024,8,1,55091,204390.65726007955,158495.87103376296
30097,2024,6,1,30037,244967.31638456465,127784.19845909953
29021,2020,7,1,20043,69412.70128158026,54883.27730314818
32031,2024,11,1,32029,407526.9866349158,336865.4324032646
54015,2024,2,1,54067,65825.97214333915,77109.76728124567
31127,2022,8,1,31147,73271.91423093027,56758.045192584985
08073,2020,7,1,08025,122914.62554033112,66090.34359932091
29075,2023,6,1,29003,66528.22784738208,136219.20457513424
16057,2022,6,1,16009,306336.57606859226,217638.22844415272
17149,2020,6,1,17013,43645.45630139623,99630.87789594446
13001,2024,7,1,13279,89551.01536882883,79943.21369474682
27143,2024,8,1,27079,158116.07255130273,217633.8453751751
29125,2025,5,2,"29073,29151",130189.27979121928,138363.45496638806
21111,2025,5,1,18043,165855.744626423,183352.6173766536
17195,2025,8,1,19045,82097.0121934826,86420.42284268783
40031,2021,9,1,40033,60751.3431706999,38335.10416113724
28041,2024,8,1,28111,67745.60579990882,90770.1003220142
05017,2022,5,1,22067,,48937.269368131245
18057,2021,12,1,18159,267352.6994149643,112402.54567538603
21057,2022,7,1,47027,87375.85129684008,100185.30936418804
54087,2020,1,2,"54105,54035",50503.395712886995,58936.33478149408
26133,2021,8,1,26113,100675.0865968036,134758.04780399075
17067,2020,11,1,17169,56948.688760191326,88639.46079707268
17175,2025,5,1,17123,74346.08708682466,78079.96831239211
48099,2023,3,1,48193,151410.88905644583,119186.114908971
48041,2020,7,1,48313,158777.7111978681,83230.30376480111
51087,2023,7,1,51036,269023.5522189853,162130.48232635623
13081,2024,4,2,"13261,13315",51863.28793702138,67526.7801010569
45015,2020,8,1,45089,183503.3304140409,42941.36649665729
04025,2021,12,1,04012,331210.71942478925,119758.28306119896
45027,2022,6,1,45089,95202.22249191425,56356.2897795965
51141,2024,4,1,51063,121870.87836351412,161957.20522159364
38017,2023,5,1,38003,205418.65187983649,89225.32939709623
42073,2025,7,1,39099,80054.86105601439,77667.11315060667
28085,2021,1,2,"28147,28005",98332.21208642614,86849.08036458574
37053,2023,7,1,37177,340445.1985433646,79274.51288137845
41019,2020,7,4,"41029,41011,41015,41033",156200.12794309497,216468.4253152783
17021,2023,7,1,17173,62124.362616736245,81247.4316752552
31139,2025,7,2,"31179,31167",113304.67793215154,151842.66670090702
45003,2024,4,1,45011,107104.69808028008,83046.24067995154
08041,2023,10,1,08043,356433.33680787444,229460.4255911311
51191,2022,7,2,"51520,51167",125460.6001682988,78632.190224225
26073,2023,6,1,26111,129547.40386708244,133889.0135522951
19053,2022,11,1,19185,80345.62123760334,54928.88397561694
17055,2021,7,1,17165,55860.536235196974,36985.143567897096
16037,2020,5,1,16059,123667.38285946618,107114.08896581188
26063,2025,4,2,"26011,26069",115795.95806879277,89662.68010665597
19163,2025,8,1,19045,140330.26128449815,86420.42284268783
34003,2024,5,1,36005,508629.5502161205,228243.59556062295
18091,2024,5,1,18149,147589.86045336773,129435.49615015194
29183,2021,7,1,17083,212699.93669250127,93486.73863055743
22097,2020,12,2,"22077,22039",79699.66877735515,78892.91133765531
16027,2022,8,1,16045,360865.27586657787,336094.0884953697
08109,2021,8,4,"08079,08003,08053,08105",117232.9959786284,187526.2011613884
46009,2020,4,1,31107,58637.32924465,59057.694568751554
16001,2023,8,1,16045,388460.3640203327,309919.3387298201
48109,2023,8,1,48243,85093.25154508838,154639.99097219168
13237,2024,6,2,"13133,13141",198486.20282026663,156880.33930008084
34009,2024,8,1,34001,390967.8104765454,215603.3464237507
28133,2021,8,2,"28027,28135",75684.9182980607,50080.282339818965
18053,2023,4,2,"18009,18103",66027.00349573072,63966.30428579296
05001,2024,2,1,05107,51692.36881418602,25362.44646885201
35035,2020,8,1,48141,91968.1260507874,111629.98540464202
47015,2024,7,1,47177,186046.84582071772,158557.84964046298
28077,2021,3,1,28147,76508.54760442484,90980.27511753538
29219,2022,3,1,29073,196140.45869174832,101020.56448598276
30025,2024,7,1,30109,93033.18995722316,101065.24186965082
05081,2021,12,1,05133,75668.82281968741,82290.6664673107
13271,2022,5,1,13309,53289.71371665919,58251.08469217516
42027,2022,5,1,42087,191591.64197631236,84191.05808987822
51153,2021,9,1,51685,358861.65935974725,290526.0877225551
35015,2023,6,1,35005,147273.3726503742,104508.26983863808
39139,2022,7,1,39005,84241.59426411476,120037.40591731592
21159,2021,7,1,21115,50061.55429825268,63035.854757765046
29023,2023,6,2,"29069,05021",79223.20232763652,60085.63098788512
37171,2025,6,1,37005,133483.62254438052,148240.56103105866
27051,2024,7,3,"27041,27149,27121",110427.3636144806,160367.1557574212
19111,2021,3,1,19087,57513.65984771717,90202.48509898876
27013,2022,9,1,27103,173078.1562549176,196348.07252884112
35001,2024,7,1,35006,260508.18055265505,86978.40765950823
01005,2022,7,1,13259,88727.91479209515,41299.58811650955
17109,2022,8,1,17071,44512.95319151133,67229.48388601239
13145,2024,4,1,01017,213787.04502873155,71905.79647402883
29219,2025,4,1,29073,233074.05569010592,125358.12381376774
05111,2022,5,1,05037,68592.56942470591,67691.4664931422
16039,2021,8,3,"16025,16015,16047",225346.9044908388,219444.56650357545
01113,2022,6,2,"13053,13259",92893.80240455228,54560.30560893245
21127,2025,7,3,"21175,21159,21063",95447.86228033809,86521.55004259518
31033,2025,5,1,08115,91948.26132993738,94301.50856509958
05061,2025,8,2,"05113,05109",76764.45563757398,98538.63697647139
39109,2021,8,1,39021,120823.09995147536,121460.52008330775
48183,2021,4,1,48459,95632.91132932152,112493.46375293478
05095,2022,1,1,05123,,39689.11963600528
48423,2021,3,1,48459,128008.78855938176,110659.12768414826
21043,2025,5,2,"21205,21063",105303.25532044595,109289.36440158794
42121,2025,7,1,42039,64222.45124644823,84121.55126627258
41005,2021,1,1,41027,373987.87352549355,383433.8668548819
26021,2023,8,1,18141,136918.86971439715,114369.01303333876
35006,2025,9,1,35003,88506.31819619646,142575.07282754732
33009,2020,7,1,50017,136384.63682105186,133272.78823156256
29127,2020,6,1,29205,59291.827519481485,52124.86676691891
51093,2023,6,2,"51095,51620",240381.50073928255,203344.20431175246
28071,2024,7,2,"28161,28107",241690.19470581017,94334.79777958374
16039,2024,9,1,16083,257677.87126825904,261928.78366848791
06073,2022,12,1,06025,616795.2130540182,218125.37882078465
39075,2022,5,1,39005,163983.1203643477,117874.13637152512
48437,2024,8,1,48153,60447.94838777435,39677.17496539487
12043,2024,7,1,12055,154297.70300080095,151423.5489181939
17135,2024,8,1,17005,53664.99281205632,78023.29673632857
48221,2021,12,1,48143,224528.15075099017,164716.26419038558
13069,2021,2,1,13161,85011.12895585541,61836.4084514584
13029,2025,8,1,13109,295626.83768287016,81735.6480182509
28145,2020,6,1,28009,98968.59500040092,81386.92377733284
27111,2021,10,3,"27041,27153,27159",148012.14337328283,127817.4785714455
55119,2023,10,2,"55107,55069",129130.24330848224,111829.79821206827
29147,2023,5,2,"19145,29003",111234.80206572486,101044.24516696182
08089,2021,9,1,08011,83053.14050311338,72059.225123855
20105,2025,6,2,"20123,20141",45938.047712888925,57563.73272280631
33009,2023,8,3,"33013,50005,50009",238538.8133131382,193730.52013276715
20077,2023,6,2,"40053,40003",32240.072307021484,57610.57685966286
48037,2022,9,1,05081,124454.03156864994,75261.71751190787
22063,2025,6,1,22095,183021.9905181093,134148.32499006935
13239,2023,8,1,13259,56933.24775610116,39354.62579677185
37133,2022,8,1,37141,167532.41414900354,254827.45258721928
21083,2024,2,1,21157,80719.57877313934,123368.4184153062
16005,2021,9,1,16041,207157.35106982585,276628.7724232192
29087,2020,3,4,"31127,20043,31147,29005",73634.20278783904,47523.573902156124
22117,2021,7,2,"28113,28147",72488.81925369434,81647.39148552912
17101,2025,6,2,"17159,17185",59638.36276793486,63228.17327052851
21045,2025,6,1,21199,90545.03236702252,105896.54502279648
26027,2023,6,2,"26149,18141",128282.21718991132,111379.37669270915
27097,2024,8,2,"27009,27095",171886.60057674523,197654.68402149237
55121,2023,10,1,55035,143457.94538035212,204030.25733239693
06065,2023,3,2,"04012,06025",432882.3259789346,176507.5329918246
13121,2024,7,1,13117,256257.41878250343,457407.6150412019
13175,2021,6,2,"13023,13283",89833.734941473,65543.78653370205
19033,2020,3,1,19067,70583.63145759617,60029.32007907821
19003,2023,7,1,19145,53502.699547544034,68949.6846450198
40071,2022,6,1,40053,53257.02817335268,60392.88459448234
17025,2021,7,1,17079,48321.405818038365,78350.52697767846
22125,2020,4,2,"22037,22077",178240.8687974358,108131.4341767081
27051,2021,6,2,"27041,27149",85678.20585341193,136079.87832790343
19007,2021,6,1,29197,53804.04513640725,66681.00319969056
48339,2025,7,1,48407,240926.41428624993,132985.52707042792
13179,2024,5,1,13029,173962.81172756376,289118.72612667916
32001,2025,5,1,32015,284068.55384867865,126420.26211318428
29087,2023,4,2,"29003,31147",91682.4267731974,93535.79968358144
20057,2024,9,2,"20097,20083",137657.16601098736,74000.16400700512
39159,2023,7,1,39101,234587.673203142,81853.60514559895
13145,2021,3,1,13263,168655.32316582592,88723.82030664796
12081,2021,9,1,12027,228502.32647698247,125901.18806148872
05061,2022,7,1,05081,78081.19788861107,74808.16056746738
16075,2024,6,1,16087,291052.4361792626,247362.07451173317
18155,2024,5,1,18115,128781.30783021497,162924.81352176875
26077,2023,3,2,"26149,26023",143354.44907053746,100348.23977849423
29161,2024,11,1,29073,132441.33366807972,121910.03800057866
26055,2022,6,2,"26019,26079",234919.87091533828,171398.21831739024
48281,2022,4,1,48333,179738.31875912755,207722.84034811697
31145,2025,8,1,31065,92571.77148841564,71798.00800367765
05015,2024,3,1,05101,150085.76610625404,133349.24564281126
29095,2024,8,2,"29107,29101",144334.0002187837,151924.25048846935
39167,2023,2,1,39115,88390.16777702751,67872.34138716648
28109,2023,4,3,"28073,28091,28035",92213.16271031176,107894.37206416675
16031,2024,5,2,"16071,16083",223785.68043329613,242602.91408240888
48085,2025,8,1,48231,355729.40335324145,180977.0040201383
12057,2024,5,1,12049,287215.6214096416,137859.52335658003
19089,2020,9,1,19067,66139.72664746414,63256.670777718595
48479,2024,9,2,"48323,48247",132226.6035634208,99660.73361793374
05013,2025,9,3,"05039,05011,05025",,59048.50393701947
51027,2022,4,1,51167,53744.58240500253,69213.04892364777
37115,2023,1,1,47171,227938.04287890697,124842.41924447822
55127,2020,8,1,55055,167129.9406162399,161067.6291445028
06105,2025,7,1,06093,144691.2242895435,176724.7569389533
28033,2021,3,1,05035,163495.79208517665,75540.58159146011
13297,2022,6,3,"13219,13013,13247",264768.69490440213,275857.19599664037
13193,2021,3,1,13249,41260.61378076766,87904.01925594237
48225,2021,7,1,48455,130552.88758512668,93633.56826656712
20105,2022,5,1,20123,40595.95520286584,64845.61321545683
54015,2024,6,1,54067,72189.96189831462,82294.2253795841
49037,2024,6,1,08033,241916.62618316556,178990.54243798705
39031,2021,7,1,39083,71936.5117806341,125740.43122926902
29199,2020,4,1,29103,52789.451381921106,48465.27631218955
55083,2020,8,1,55078,98835.26877807744,114166.00969809052
29019,2024,8,3,"29053,29175,29089",209235.04710161543,108177.53329966891
37121,2024,8,1,37011,128387.2300283534,214027.97831289913
44005,2021,11,1,44001,370624.2956571832,355323.1839267101
18083,2023,6,1,17033,75101.96620789755,60585.30040240187
39137,2025,6,2,"39173,39063",151112.69255856288,143692.01574209408
31133,2024,7,1,31097,70636.40601077705,83652.21446837037
28047,2020,12,1,28109,103701.49612494918,86838.36249892473
54007,2024,6,1,54067,83487.09885051705,82294.2253795841
28147,2024,2,1,28077,94894.57558441388,74400.30017903777
13161,2023,1,2,"13309,13279",67406.1356068851,60878.11435993743
55053,2023,4,2,"55035,55141",111257.09058816108,153487.568419301
19123,2025,6,1,19107,96498.31603748216,69091.18921772331
04003,2023,5,1,04023,161151.54552221755,191491.7838019596
31091,2025,5,1,31171,69872.14503565249,101318.68046776995
08117,2024,6,2,"08019,08065",603094.0961677914,349213.64923722105
41017,2022,8,3,"41037,41035,41013",492858.72572333337,211649.11194115074
46039,2022,9,1,27081,141794.96518088377,81689.60844452365
29169,2024,11,1,29105,134830.35419555928,135135.04196279877
19185,2020,7,1,29129,41798.857359902315,54178.864898185515
54107,2023,7,1,54105,95311.43098526618,55171.98036011762
13233,2024,7,1,13143,127316.1325398765,179007.01143679515
13001,2023,3,1,13279,71705.29367433567,65562.26548399728
39133,2021,5,1,39099,132428.76395467587,56633.3836019222
48049,2020,5,1,48333,73855.72802034408,166178.2341354747
12015,2022,11,1,12027,262233.35623594245,171611.60106819044
01049,2024,9,1,13295,131001.80994764372,151043.15397497264
30001,2025,7,2,"30057,30023",257678.16256294237,300461.12184546195
45003,2024,8,1,45011,110873.0180284502,88104.50695707048
28127,2023,12,1,28077,74964.13140658452,75079.30906482461
30021,2024,6,1,30109,111107.16474563284,101557.85904810992
55095,2023,8,1,55005,184804.24466754487,147284.99253486504
29033,2021,6,1,29107,67050.09814974012,102404.5381923322
37041,2021,6,1,37073,106776.96134527016,108907.46788290418
48215,2025,6,2,"48489,48047",119120.55244234308,68897.49683436604
20131,2022,6,1,31147,83633.80710875012,54924.60936087967
16071,2020,5,2,"49005,16041",115619.06002911596,210632.65739232855
17049,2022,5,1,17079,101856.26663827768,76164.57646214637
26063,2025,8,2,"26011,26069",115146.39171339036,88998.04304013804
49007,2021,7,1,49039,117422.1065394294,190592.47076653855
08077,2022,7,2,"08051,08029",284276.69711238646,314104.91409371677
39039,2025,4,1,39171,113068.12742130786,109370.37620368658
29181,2025,9,1,05121,84300.08473350614,71963.79027862457
34003,2024,9,2,"34031,36005",523730.04409438575,328942.70852462837
13001,2021,10,1,13279,76699.34549510955,69407.18628408124
19113,2025,4,2,"19055,19105",143518.5902108431,117151.18079263647
55003,2020,9,1,27075,78870.86684904041,96116.8846850016
06103,2024,2,1,06105,206833.0667737884,147583.53498072273
28047,2022,5,1,28045,129830.05490415498,144964.70344621842
22051,2025,4,1,22095,163734.60680166355,137418.0385369997
26035,2024,8,1,26143,88370.38458922302,110580.4571889031
46009,2020,8,1,31107,60131.798736433186,64300.1917274397
18073,2024,8,3,"18181,18111,18149",178875.59518429614,127683.86644790559
48427,2020,6,1,48247,68120.165972632,49292.211047599914
08067,2024,8,2,"08033,08111",406388.7524018884,268262.7612029601
16071,2023,6,2,"49003,49005",214684.42777174723,338948.7533950965
17191,2023,3,1,17159,60715.71525937996,64585.24861829836
18099,2024,8,1,18149,157108.75519154183,133204.99835177884
21101,2024,8,1,21233,120073.294396288,71337.82672536401
51121,2024,4,1,51063,217460.34373059365,161957.20522159364
22117,2024,12,1,28147,53759.629826485856,99702.27274464602
47115,2023,7,2,"47061,13083",137474.6994362583,111469.24714286148
55021,2023,4,1,55047,198244.8282802836,129352.17792599306
40123,2021,7,1,40029,83981.27579059765,49239.3702523396
29111,2022,9,1,29103,103171.72621372723,73555.15637648497
49053,2020,6,2,"32017,49021",250754.428631391,136401.89905709564
37029,2021,7,1,37073,196557.88123258413,108651.79272994284
40119,2023,5,1,40103,123302.53599885026,63590.34407958402
22029,2022,5,1,22125,53753.237019152024,205335.84460750376
40059,2020,6,1,20033,34289.78940880297,37214.85855513305
35015,2023,10,1,35005,146503.0966113506,95782.9552259674
19033,2023,8,2,"19189,19195",95098.88186388044,86011.25020458692
46027,2020,6,1,31027,105649.2026887345,89208.96856920642
06099,2025,4,1,06109,381652.54503270815,308993.28533996135
48067,2021,5,1,48315,92919.73401652878,69316.07338315716
29183,2020,3,2,"17013,17083",180559.44484373392,89350.53635651739
01113,2022,10,2,"13053,13259",95235.07765546448,52183.65150098145
48035,2020,5,1,48425,93928.18777278357,173589.03532587862
22115,2021,12,1,22003,76928.71356294413,52500.19706512021
39009,2021,8,1,39115,75054.18515065289,72918.77323487995
48427,2025,5,1,48047,89562.95795525752,53196.19757740219
05095,2022,5,1,05123,,38515.0767028927
21043,2025,9,2,"21205,21063",99572.77212638808,101844.55535181199
48423,2021,7,1,48459,135394.47135714276,119348.79936203308
13221,2024,2,3,"13317,13133,13195",186053.04278897223,169632.31530580888
48215,2022,5,1,48489,96616.38595019642,100461.54602391557
06017,2024,7,1,06005,454156.80516129173,324145.91394856985
13291,2020,6,1,13281,150824.73666507297,158326.98411967087
26103,2024,6,3,"26013,26071,26083",128068.510608943,82150.69113783358
21011,2021,7,1,21173,77262.30019969022,124982.42782487672
30063,2024,8,2,"16035,30039",421826.2668982882,220471.9922469005
55027,2023,5,1,55047,173066.46451353878,131117.6770373843
05095,2025,6,1,05077,,61586.51104301456
51195,2023,2,1,51720,57922.889510716,59464.6930216949
27001,2024,7,2,"27065,27095",135392.3231557353,178110.53284869948
05147,2020,12,1,05123,,43701.91239004524
05133,2024,12,1,05113,89380.05376385718,94517.4739963123
28035,2024,7,1,28111,106385.83252276883,90609.10783814464
13241,2025,6,2,"37113,13281",250349.9120692589,227209.40043041273
19187,2023,5,1,19079,72152.62170176396,74935.59132223671
37069,2022,5,1,37185,226296.2682991876,116924.47427966516
06065,2023,7,1,04012,439147.2544937742,132940.56284264402
45003,2021,5,1,45011,126920.00757039424,85315.65801163868
53043,2024,6,1,53025,181889.28529178211,245135.690694098
37143,2021,6,1,37073,122234.1711070704,108907.46788290418
06029,2022,8,1,06079,238514.11987849625,604510.096469203
19033,2020,7,1,19067,71771.70067603867,61338.42250056253
27051,2021,10,2,"27041,27149",93578.2883073578,136861.75373188313
30069,2022,6,1,30027,,152499.71005277245
01119,2022,2,1,01107,,79124.77137738327
42083,2025,6,1,42023,59576.54657120247,53494.93244579856
32001,2025,9,1,32015,284137.1199062998,124293.23051116992
08071,2025,9,3,"08023,08089,08011",157339.18744167464,87495.56568034634
06071,2022,3,1,04012,364343.2688427977,122879.69213029266
08097,2025,5,5,"08037,08015,08045,08051,08065",800761.3073857819,462591.8957439641
28021,2022,5,1,28063,75647.21170308672,89517.31594903655
05061,2022,11,1,05081,75690.70992413786,74315.21795698146
49045,2020,5,1,32033,250728.79683921995,81743.28913767093
18155,2024,9,1,18115,133970.22781524403,166325.1830401471
37115,2020,4,1,37199,162147.51028551444,117050.86067129554
12029,2024,4,1,12041,117724.66422868602,166363.5641651538
35051,2024,7,1,35003,106962.06272993889,132379.50930436092
45073,2021,4,2,"37113,37099",127626.77224556352,160637.47776275416
22033,2022,5,3,"22037,22047,22121",127810.889354843,123334.65111622521
48101,2022,10,1,48197,33757.842491955846,49981.612438305114
31055,2024,8,1,31053,192981.99841594032,150519.9996802205
16031,2024,9,2,"16071,16083",222199.5024200982,244467.14794997004
32017,2023,3,2,"49001,49027",129104.50857891276,181391.36207243192
49037,2021,9,1,08033,208254.9858057002,147453.20812832864
37175,2021,3,2,"37099,37087",193927.0153672958,167228.22276742003
13139,2024,2,2,"13013,13117",281929.2173970777,365000.068829707
55061,2020,1,1,26019,122032.96397701146,138938.9378139519
40037,2024,5,1,40119,116009.26039826758,128058.24618649251
05101,2025,6,1,05129,151003.52230587232,92996.15518862952
49013,2020,6,1,49007,141724.84752353336,93640.88166605627
18035,2023,6,1,18009,78856.97530576057,56418.70832161469
06039,2025,3,1,06109,323222.0563879822,310225.8925554397
13177,2024,1,1,13261,177411.05815052762,64973.88977331817
28139,2020,1,2,"47069,28009",67925.0386197138,65233.780214538
20105,2022,9,1,20123,42291.166975784494,67157.64357886103
29223,2022,7,1,29093,70546.09015690268,79387.54997956293
30027,2024,7,1,30037,163878.3370571444,127787.95509113296
06039,2020,9,1,06051,216402.24685452133,323855.8432805799
49041,2022,5,1,49039,207553.55507102507,233407.59507271508
21033,2021,6,2,"21233,21143",57387.54239171692,76845.70316238748
05097,2025,6,3,"05113,05019,05109",103562.10027744823,93070.29259438708
34025,2024,5,2,"36085,36081",470654.832180052,454610.84951186075
18075,2021,8,1,18009,63846.61849477823,47201.049788724726
19057,2022,5,1,17071,72756.22045021242,70366.1614881201
21009,2024,6,1,21061,122962.15300884392,100973.2366156165
20201,2020,7,2,"31095,31067",57256.380214435376,50563.535963875984
40073,2023,5,1,40093,118776.52865109449,69818.21298662804
48251,2020,1,1,48425,161070.8813442414,169317.2235267683
06055,2021,1,3,"06033,06095,06113",567451.3291769928,325872.1683227434
21127,2021,2,1,21115,65442.7093496353,59318.66885566519
16049,2024,9,1,16035,206977.58743561932,182740.691251964
48467,2021,3,1,48379,150508.10610654423,129251.65732906386
29199,2020,8,1,29103,57529.64993041184,51203.114481174656
41061,2023,5,1,41063,192256.2138015742,259429.8599987385
53027,2024,7,5,"53067,53049,53041,53045,53031",195372.8058349579,321736.98372832715
29051,2025,5,1,29151,182182.58366919655,152554.36604644996
22099,2021,1,2,"22047,22077",94622.40288514948,97710.5735795912
48115,2020,5,1,48165,,127792.66816729454
17131,2025,8,1,19115,83989.03600536568,86706.59582072533
13119,2024,2,1,13195,158718.73712943387,203753.65085206332
01129,2023,4,2,"28041,01023",,76258.93360146985
13285,2023,2,2,"13199,13145",104884.99654714589,138602.69283012682
39037,2020,5,1,18075,72313.20781464987,53198.11310851895
20011,2024,4,1,20107,55723.919989687325,70293.74282398332
29095,2021,11,1,29107,112768.41883339414,105099.87429570148
17033,2020,4,1,17079,,75276.19397571258
26019,2021,6,1,26089,181795.55944470293,282726.1418827542
47011,2024,8,1,47121,212007.5956975919,161464.04288261748
23011,2024,7,1,23023,217995.60971409208,294342.9255063287
20075,2025,8,1,08099,84219.5844706848,87062.05762164072
45043,2020,4,1,45089,121249.29243666083,42124.25577024
13161,2021,12,2,"13309,13005",66767.63828256734,56820.260426305715
32023,2022,6,1,32001,240830.77686629051,271662.36346042174
56045,2022,7,1,56009,134080.62800560982,176493.14076996446
18127,2024,5,1,18149,222907.68290163783,129435.49615015194
17101,2024,2,1,17033,53170.71044096982,60801.32041463584
39031,2023,4,2,"39075,39083",78880.90794433096,155783.32696659805
32011,2024,9,1,32015,,137259.96723664834
01033,2022,5,1,28141,100347.5286509656,113383.73381506233
19027,2023,8,1,19165,104736.18235691555,106822.46379600473
19113,2025,8,2,"19055,19105",145643.8022350166,116198.55236391045
16043,2023,8,1,56039,267075.6671564434,1012928.147897249
28157,2020,4,1,22037,,128137.47538046836
48157,2020,5,1,48481,197141.88031635975,111726.74087788134
28131,2024,12,2,"28039,28111",121386.94535150925,109848.39486237882
17005,2021,8,1,17027,66165.18201673265,99222.90876836953
06015,2024,11,1,41033,250395.188299483,291294.21878849115
13109,2021,6,1,13031,82897.15751990298,117829.7511898825
13009,2022,8,1,13319,108657.62564591091,69282.6837223855
53041,2021,11,5,"53027,53067,53077,53053,53059",265125.5831759888,295285.83878471924
08043,2024,8,2,"08109,08015",236235.70050006537,290741.78534486284
40119,2023,9,1,40103,124845.48446932364,64335.25886403822
41057,2022,1,1,41071,316248.7071214965,366788.0993581579
10001,2025,5,2,"24029,24035",262469.2427647976,298611.0516510762
35053,2025,7,2,"35057,35003",125577.98156911464,135244.63804876973
31143,2023,7,1,31159,101185.39682396658,170508.66516382108
46027,2020,10,1,31027,110401.89118180086,98072.38393591548
23005,2024,6,1,23023,391248.2473256363,293234.5782289831
54099,2020,1,1,21159,57680.90740870448,34220.26717505708
54085,2025,6,1,54073,59424.58641777337,99628.92607589888
31107,2022,7,2,"46009,46135",79084.33296685018,118956.70419883044
47043,2024,7,2,"47081,47085",251812.02900901265,108263.79305881912
34001,2023,12,1,34011,200998.55581953563,160368.42856878237
39157,2024,4,1,39151,112707.75169476354,105608.00225619318
40063,2021,4,1,40029,45901.26055100281,49178.15890338706
48113,2024,6,1,48397,230281.4896290208,327415.0266887536
18099,2023,4,2,"18131,18141",137862.94149140606,100383.46737950217
06093,2021,1,4,"06049,06023,06015,41033",150360.38428342683,209027.84205428607
51710,2022,4,1,51740,196283.0562380892,162922.91831492365
55129,2023,4,2,"55107,55005",156173.71467994386,119484.42132997516
56037,2023,5,2,"49043,56041",171560.578115708,407132.52443598356
21093,2021,3,1,21163,142600.383087568,120426.76253559184
31023,2025,5,2,"31185,31143",119200.93138183368,122642.41668032983
22013,2021,11,1,22027,,67860.74828023855
29207,2021,6,1,29069,81521.10168189691,77085.5678296056
13291,2020,10,1,13281,160010.1237019238,166060.14116427567
26103,2024,10,1,26083,130031.22480588131,96185.29725767154
21221,2025,1,1,21033,100863.16677249988,77435.74758273085
19027,2020,7,2,"19165,19009",79039.89420319976,65441.361241822815
56019,2020,6,1,56033,169288.21244261236,199359.94650529613
28123,2025,9,2,"28061,28129",66710.00437068527,93693.37283636598
53075,2022,5,4,"16009,53001,53021,53023",209913.7860959828,210639.77609364086
08117,2021,7,2,"08019,08065",525700.1425867727,289138.7068015606
16011,2020,4,1,16029,153333.0333204126,128374.80096537138
37077,2021,4,1,37181,150949.73691642724,75162.5805636976
37061,2022,1,1,37141,70385.82693002542,228941.11943313072
40137,2021,6,1,40033,48193.485447854146,41432.12221079849
48271,2024,5,1,48323,78511.41918704298,155993.0022474871
51067,2024,4,1,51063,190906.459357536,161957.20522159364
13033,2023,7,2,"13163,13107",88699.86654085852,56442.92070812626
17153,2024,8,1,17003,45768.538889757474,34253.37957939375
50023,2021,6,1,50015,191271.1684442775,230090.08356573267
21069,2024,8,1,21201,95895.3276189642,109874.85058997666
19125,2025,6,1,19117,137554.2059793316,87233.1550509099
54023,2023,6,1,54093,93227.80435752822,92978.43800494076
19067,2024,8,1,19069,75691.75345484883,70950.31718584339
38055,2023,9,1,38083,99271.10874311886,70582.04376891111
51155,2024,5,1,51063,124397.56858778364,163320.4418208036
27007,2020,7,1,27071,106286.96995457828,55067.55639346019
20059,2024,5,1,20107,130039.73689885873,70695.25775134511
23005,2021,5,1,23023,291961.4043992119,209363.46102793573
22011,2021,12,1,22003,116012.59428922011,52500.19706512021
19009,2025,7,1,19047,74116.79274226062,92404.50828191348
20013,2023,7,1,31147,63383.13201967089,55175.159169186
41065,2020,6,1,41027,191743.97438106092,349112.35653986776
47181,2022,5,1,47039,72383.84276561142,89006.63932472114
06071,2022,7,1,04012,382219.0032746429,131933.33842017243
31111,2025,5,1,31047,125396.46320889756,119744.595923988
05029,2024,3,1,05141,94900.7132828111,87734.96892725414
29221,2022,5,1,29093,98826.37402475164,78028.20547404437
48273,2025,6,1,48047,76353.50423123491,52401.61571924589
19161,2022,8,5,"19021,19035,19093,19027,19025",72783.33343272364,85540.67681142423
51165,2024,7,1,51660,245938.9835017144,225346.50919929665
13287,2020,3,1,13017,53974.281038084235,37886.72342534529
01075,2023,8,1,28087,89341.5608951571,91749.05711130904
32007,2024,8,2,"16083,32015",242813.76331878593,199258.56312181253
28157,2023,11,1,28005,50982.49277393321,78799.6766804869
12029,2024,8,1,12041,120211.00299605235,168943.0779763095
30081,2024,9,2,"30039,30023",404298.68058032513,221442.58051533473
48221,2022,4,2,"48425,48143",238232.50211272296,203281.72501716643
22033,2022,9,3,"22037,22047,22121",127448.06651610891,121873.99806784194
39125,2021,6,1,39137,65933.69775189947,115096.59361162304
18019,2025,5,3,"18043,18143,21223",186921.17027840353,157357.72047746298
53011,2022,11,3,"53059,41009,41051",421374.27282196394,358464.1407361454
55061,2020,5,1,26019,122872.15053484228,150389.88159403836
47031,2023,8,1,47061,184959.7846333005,98166.34837440428
40089,2025,4,1,05113,108642.0045600642,93935.29239080456
47167,2021,3,1,05035,129276.12658732636,75540.58159146011
05071,2024,4,1,05101,114215.56800377126,136284.6165781989
06097,2020,3,3,"06033,06095,06045",478720.5139040043,287085.7500916198
25005,2020,11,1,44001,274773.289193519,311599.43895405537
13177,2024,5,1,13261,182679.78815609068,67449.21220675437
32007,2021,5,1,32013,216947.59041788205,171208.16472382998
49005,2022,7,2,"49033,16041",355134.9583367049,323929.279654635
37189,2020,8,1,37011,185074.2186826456,102890.9069230085
26129,2022,8,3,"26001,26135,26039",90907.8075173156,90221.91216501452
19135,2022,9,1,19185,82034.88549260382,55269.420070965534
19057,2022,9,3,"19115,17071,19087",74846.75810366844,83281.99360790513
48323,2025,7,1,48507,162989.75891118756,50646.73607905367
30111,2024,9,1,30037,278950.6730643851,129654.4900368883
19061,2025,9,4,"17085,19055,19105,19097",174600.4484864564,120703.91904860732
35039,2021,7,3,"08021,35028,08007",204345.76958903583,237362.46425361736
29051,2025,9,1,29151,187290.61245633705,144782.59742768962
48043,2022,8,1,48377,158096.02633003052,148115.4875156639
31151,2025,8,3,"31059,31185,31169",128063.6353290988,96457.79374381244
27013,2021,9,1,27165,155508.6552200923,59687.78140417697
21205,2020,5,1,21063,89201.39668582845,78905.56704342864
17029,2021,5,1,17139,61100.30757926884,80884.10636377583
51177,2024,8,1,51630,336428.1634022801,318513.81950203684
20029,2024,6,1,20123,50564.23414094633,74605.7179225415
01043,2022,9,1,01133,160804.03858516997,87688.5200722977
26033,2020,4,2,"26097,26095",81463.42903932622,66467.21067195367
27053,2021,4,1,27019,233371.7464743629,279778.7246743186
22103,2021,10,1,28045,184060.30578836615,130848.27632272818
37163,2025,7,1,37141,61102.32475126258,277881.5640667927
47047,2023,8,2,"47167,47075",223179.0945151317,121000.04212779988
08003,2025,9,3,"08021,08105,08023",217886.33599087063,136087.64684643174
39037,2020,9,1,18075,75903.59396130852,54158.81311755497
08049,2023,9,3,"08019,08117,08047",469718.1997671683,445665.56852829625
41063,2024,4,2,"53023,53013",271831.2956916138,141967.32414474094
45057,2021,7,1,37179,184050.98247985783,240987.3121628879
54081,2023,8,1,54089,76833.1837719915,74609.02026843153
27137,2024,7,2,"27075,27071",123169.69294154632,111639.55193176722
17033,2020,8,1,17079,,78458.77776832467
06053,2020,3,3,"06069,06031,06079",427913.4553032029,369149.68479125085
32031,2025,7,2,"41037,32013",406573.70175757137,167544.8929234305
21035,2020,10,1,21221,125449.3647766994,121431.46063843068
45043,2020,8,1,45089,122761.4846079922,42941.36649665729
05003,2022,7,1,22067,44174.38887682351,50703.036620497085
16035,2021,7,4,"16079,16069,16061,16049",140745.645394467,175477.36050018034
47023,2020,3,1,47069,71122.4709691115,53604.77860345578
31059,2023,7,1,31159,78847.37700161281,170508.66516382108
44007,2023,6,2,"44001,44003",305718.1466711113,356783.671884426
13117,2023,4,3,"13139,13121,13135",416897.44694795314,279622.8147162266
48027,2022,11,1,48145,182174.44835090972,83663.66016888666
21171,2022,7,2,"47027,47111",75930.98807227176,118133.45670239013
12115,2021,6,1,12027,222963.437496054,120652.70853749284
37111,2020,7,2,"37199,37121",104497.8436873693,100482.59112961529
48131,2024,4,2,"48247,48047",52029.15306543364,46927.697500267495
53017,2021,8,3,"53007,53025,53037",284872.2941892636,280446.94087536447
36013,2023,6,1,42049,78036.95977299225,106367.45529908716
01033,2022,9,1,28141,101268.03967651758,115272.13829185424
12075,2020,12,1,12017,119490.42172130046,125886.0640813616
48239,2020,5,3,"48285,48321,48481",120648.90829672162,109634.99125072958
51163,2025,5,2,"51678,51530",177397.48691676703,166834.63050833312
27129,2023,8,1,27173,87039.3657603641,81239.188549953
42035,2025,3,1,42023,112295.71261094464,49924.50850225523
16001,2022,11,1,16045,405801.90502568585,315410.715294211
26041,2022,6,1,26153,85165.76771221963,83398.91390742727
06051,2024,9,1,06109,471032.0984923758,306249.3283870776
08123,2025,4,1,08014,396477.1241225664,498381.5474315895
29053,2022,6,1,29135,133329.20097419978,107558.53161770746
17047,2023,3,1,17159,53146.27626430846,64585.24861829836
38015,2024,8,1,38083,221744.28711539996,67026.80388697037
16019,2020,5,2,"16065,16029",189129.31714176352,152979.94116527488
48291,2024,2,2,"48407,48339",147296.4046797311,179710.16007271837
39127,2023,4,1,39115,91898.1549300294,68666.63574771432
28017,2022,5,1,28013,78250.19707924449,61296.284126869934
04025,2022,8,1,04012,366558.0885721422,132704.0164770923
30009,2020,6,1,56029,172305.06020333225,182887.22788397863
48213,2022,11,1,48161,151742.97240494355,123657.78358996694
22029,2021,4,2,"22125,22077",57391.02834681916,139288.1474114652
31169,2020,7,2,"31151,31095",55755.60452497569,53772.962755780594
08089,2020,7,1,08025,60677.00491526897,66090.34359932091
16063,2025,5,1,16047,209781.72561127943,235415.35195823977
31093,2024,4,1,31121,127724.78271209158,111080.57244728145
31081,2024,4,1,31121,164595.7329682372,111080.57244728145
18141,2024,4,1,18149,119828.25755742146,127380.94062589372
21015,2024,9,1,18115,233482.9311978928,166325.1830401471
46123,2022,7,1,31103,,103861.2851238892
18167,2021,8,1,18165,72363.12167260674,64480.22881315984
18037,2025,6,2,"18025,18123",162836.5978103882,103812.65833750623
13311,2020,2,1,13281,94441.9979423699,153540.19894050443
31021,2023,10,2,"19133,31173",78010.42094863892,71146.49599127576
35061,2025,7,1,35057,223846.00475361425,129160.38062392909
45075,2024,5,1,45011,77913.79531610243,84284.5399060727
45053,2024,7,1,45049,261605.29053108403,87770.14694405306
22005,2020,2,1,22093,150431.79564013288,96387.87819416476
29217,2022,5,1,29185,,93795.4876540904
55029,2024,6,1,26089,218414.58076525564,369645.4599844928
37091,2021,8,1,37073,62118.1781419839,108736.3025028568
29045,2021,6,1,29103,145826.85291206717,62447.30915025872
40149,2022,4,1,40075,45043.14884420106,38567.15095248147
12081,2025,8,2,"12049,12105",271655.0275931442,174500.4510304572
55129,2023,8,2,"55107,55005",158483.003794093,123023.63754509825
56037,2023,9,2,"49043,56041",173587.45927483728,414424.4247756855
13169,2021,8,1,13021,117538.716836928,57063.76641503014
31023,2025,9,2,"31185,31143",123697.27355150512,121278.51837724473
05147,2024,5,2,"05037,05123",,58892.1277835605
48181,2024,7,2,"40013,40095",190946.95134767596,127622.04389717008
05021,2021,4,1,29069,48051.33523156857,74510.43265561636
28115,2022,7,1,28013,116421.98927580474,62558.295085165846
28045,2024,4,1,28131,145870.22390069885,116496.81116285372
48277,2024,3,1,40013,98407.20564936916,136390.61157465717
17189,2024,4,1,17145,69442.45820953201,63746.19696349954
17077,2024,8,3,"17199,29157,17145",57526.192324159376,89057.70075269473
20191,2022,11,1,40053,58216.52344991417,60361.17296866803
19025,2021,12,1,19021,63915.261284589746,94664.35217973708
53061,2021,1,3,"53035,53057,53029",403215.0959118006,340358.4946243867
37055,2022,3,1,37095,368037.5969026715,95824.4760028298
17159,2024,5,1,17033,62420.30831755886,62066.15161496885
54025,2024,5,1,54067,102178.14872673331,80916.95528617612
31057,2024,7,1,31085,111286.0419477999,120115.83032645138
17109,2020,3,1,17169,39507.510273021704,73427.98502975015
29099,2022,6,1,17133,173132.2066671281,173619.05309253742
13017,2025,6,2,"13315,13271",57402.76679540671,53800.27777651767
51155,2021,8,1,51021,122023.86828555536,78084.00536797497
29021,2024,10,1,29003,97486.74057579228,150242.5108426053
31089,2022,8,1,31103,74993.93554889462,103821.64506631329
51059,2020,9,2,"51600,51610",389610.26219263807,455604.0264686006
54085,2024,2,1,54073,60762.796587744706,90888.68293813996
17091,2024,6,1,18111,111503.87279197364,120083.90435569716
19081,2022,8,1,19197,84896.22800143862,65349.64946208985
45027,2020,1,1,45089,77220.50513211072,40544.62113815279
17143,2023,5,1,17175,57493.66875098372,75881.51927246728
12097,2023,3,1,12055,292351.42286114604,137220.08418051698
06113,2021,10,2,"06033,06055",430077.3482125204,412381.4809036779
55071,2022,8,1,26105,123374.18567450874,132141.50180880705
35009,2020,8,1,48369,98973.99856026116,72544.57903925896
16085,2022,8,2,"16045,16037",407529.6815865743,261464.42630386725
47169,2025,2,1,47159,216448.6710754365,184461.09515620183
42081,2023,9,1,42093,136792.01896598664,160521.78218210582
13313,2024,8,1,13047,171237.96152393217,206707.41593967596
21231,2020,1,1,21207,49743.58924222764,71966.3574699796
54077,2024,9,1,54093,53179.99720657673,103868.41365022805
06071,2022,11,1,04012,379887.7027412616,130035.37353619048
01125,2023,5,1,01007,139216.42998798596,151977.5181564571
42049,2024,5,1,39007,118964.9387816105,86228.65542483485
29071,2021,6,1,29073,130486.435721629,89483.6625275594
41051,2025,2,3,"53059,41009,41027",382235.1336821419,404310.4580453585
26055,2021,9,2,"26089,26113",211543.8757199975,215042.50303726396
31183,2020,5,3,"31011,31077,31003",,80507.70070263025
12039,2025,2,1,13087,107048.15711543005,80905.45561581965
29121,2021,8,1,29103,72007.06739282118,65126.50024468444
56005,2022,7,1,56009,207535.58984616795,176493.14076996446
40067,2021,6,1,40033,42562.867942066216,41432.12221079849
13167,2020,1,1,13283,44702.936111409545,49439.472623229645
48221,2022,8,1,48425,246517.05703366213,236978.065561382
05147,2021,4,1,05123,,40668.68073352162
05133,2025,4,1,05113,88261.3535110001,93935.29239080456
19025,2023,5,1,19021,64055.41891779319,109092.30470505888
39151,2021,5,1,39099,87753.92452954187,56633.3836019222
16083,2025,5,2,"32007,16047",269266.450216942,243161.77610321413
27141,2024,8,2,"27009,27095",282788.79739510705,197654.68402149237
47031,2023,12,1,47061,187481.97326172385,102399.4942172121
42089,2022,5,2,"42025,42095",199395.95597747772,171294.00566793233
50001,2020,6,1,50017,191506.61109853495,132391.0444249695
06089,2023,6,1,06049,266744.4732497229,99369.8994917305
37177,2025,5,2,"37143,37187",78260.19149637193,94874.91190368733
19029,2023,4,1,19165,70562.40166656948,104125.1724417534
17185,2023,3,1,17159,75804.07247143083,64585.24861829836
31167,2023,9,1,31139,144080.9560938293,104306.19580780691
48351,2022,3,1,48241,79634.66736894644,118253.97035375328
41045,2021,6,4,"16075,32013,41023,41001",160565.7325179915,171037.30889135876
24021,2024,8,1,42055,353201.67098667653,201181.6122803023
22087,2022,7,1,28045,138729.2952245488,148527.11821359344
13181,2024,5,1,13317,116291.929932895,90006.15378601995
48049,2024,4,3,"48093,48133,48333",88518.07707037096,104710.69692862964
35043,2022,6,1,35028,258837.9404669164,349858.3892836485
19197,2024,9,1,19069,65587.76911456425,70625.75705007369
34035,2025,8,1,34021,445668.4279585628,268958.39301158156
06113,2023,3,1,06055,453854.38125128223,653635.9797162642
46125,2021,4,3,"46067,46087,46135",116452.3657046851,109856.26540710386
13085,2024,7,1,13117,339337.508792553,457407.6150412019
31185,2020,3,2,"31151,31023",85247.71561447399,70631.70401265485
51015,2021,6,1,51820,199529.61327402593,163047.30252277595
49007,2025,6,1,49019,180465.2777296139,457641.7949941098
48239,2023,10,1,48481,127385.32983328514,127364.6221518222
12081,2022,5,1,12027,288860.26843510754,163092.4505628609
08099,2023,5,1,08011,91057.11754559596,64315.03424179457
39041,2021,7,1,39083,278150.59495654394,125740.43122926902
12071,2025,8,1,12015,242101.37182072503,209249.1480921141
55061,2025,8,2,"26101,26019",198794.3048480581,200176.3457828086
31125,2020,8,3,"31011,31077,31141",80440.2024377209,103723.72035654419
01061,2022,5,1,01039,87060.03678122403,78179.49891756562
41051,2022,1,2,"53059,41027",380466.1656814068,385213.03040233697
13099,2025,4,1,13061,62232.3368754693,57378.985255820386
06019,2020,4,3,"06069,06031,06051",193899.59612408004,328470.49001669
19147,2023,8,2,"19021,19059",72625.48311924086,148147.5154732769
42091,2022,5,1,42077,282166.3375653887,201557.62689236633
20143,2024,6,1,20123,75100.15528452017,74605.7179225415
47131,2023,8,2,"47045,47095",70188.93904902697,65779.41733326949
19111,2022,5,1,17071,60310.28097309184,70366.1614881201
18177,2022,6,1,18065,81857.26103668554,89444.48774587247
41063,2024,8,2,"53023,53013",277491.2650099785,141954.20117053675
26051,2024,8,1,26143,101042.99115929008,110580.4571889031
28081,2023,9,1,28117,113038.12623153868,89183.83464157833
48075,2024,6,1,48191,54360.66222555659,37385.950995335654
16057,2020,5,3,"16009,16079,16035",209322.5109184487,109052.02866780885
13001,2022,6,1,13005,78978.8411016173,56789.59028999214
12131,2022,6,1,01039,361774.313281351,78990.41655741092
18011,2025,6,1,18023,258868.7270467804,146974.92759641862
25005,2022,8,3,"25001,25007,44005",352183.9518618397,601855.8162388857
40089,2022,7,1,05081,120251.96660264854,74808.16056746738
51041,2024,10,2,"51670,51570",305531.9547553803,187580.28681228476
18099,2025,4,1,18131,160595.64210247292,114019.696305799
27101,2024,7,1,27127,99195.76666510694,83753.96412875952
17001,2020,6,1,17169,90976.2048527148,78867.4277124376
08101,2023,8,1,08043,186187.6234314388,231234.8221928603
47109,2025,5,1,47069,83544.64653868641,73091.87794644712
48043,2024,5,1,48377,136317.08044427977,127959.64173932555
04015,2023,3,1,04012,216225.95762626023,128304.66560885
37039,2023,8,1,13291,126666.35368163556,219748.96301805336
48239,2020,9,2,"48321,48481",128920.18174420371,108075.46683521528
26003,2021,8,1,26095,108534.77694473398,64956.58517349686
29049,2020,5,1,29177,101827.0788046494,90726.54316280402
24025,2025,7,1,24029,286272.7217274472,242866.65246698237
01129,2025,5,2,"28041,01023",,75414.22602555761
32017,2025,9,1,32033,134716.60919079735,108350.44541270362
06083,2021,10,1,06079,477920.1709199722,532294.7964860991
13069,2025,5,1,13271,96381.01606201736,49806.22798780146
48321,2025,6,1,48057,110046.13480016562,114255.78057149662
12071,2022,7,2,"12043,12051",270516.80097955116,153243.40108875153
16019,2020,9,2,"16065,16029",197277.11505628316,160580.2241924681
39099,2024,5,1,39151,72512.44636460628,107082.61822418806
45039,2025,2,1,45023,95727.17644448495,119991.00116451371
47047,2025,5,1,47069,228251.08026835756,73091.87794644712
55035,2024,8,1,55091,213224.1337289008,158495.87103376296
06045,2023,2,1,06097,348195.6223303966,581875.0510021565
48363,2024,3,2,"48237,48133",143532.6284699853,78146.5095875074
31027,2025,7,1,31179,116981.8019769711,145453.9320927137
01005,2025,2,1,13061,85508.53458443978,59285.459132363496
22073,2022,7,2,"22083,22067",84360.23949136256,70345.97346298612
21047,2024,3,1,21107,108774.61980678725,68453.7644047966
48039,2022,5,1,48321,205267.69938179455,110971.0881860282
18141,2024,8,1,18149,123862.62636428156,133204.99835177884
37073,2023,7,1,37091,107471.09864581125,61160.788822424605
29181,2023,4,1,05021,85842.22505168266,55606.58801719886
42013,2024,4,1,42009,82730.34495562238,105823.3239793228
01077,2024,7,1,47071,131005.7108976055,114487.27308738984
05139,2022,10,1,22067,59629.31154230598,50690.59344321298
28127,2024,8,1,28077,80979.26241635253,76155.69888552418
51191,2023,7,1,51520,133767.30678317352,97251.08228951404
45075,2024,9,1,45011,77298.5518372477,88837.77999952326
19033,2024,6,1,19069,100798.9363997512,70463.08889184978
16023,2022,7,1,16037,,188583.30110576705
13085,2021,4,1,13227,234129.56278144932,199073.50564990795
42099,2024,9,1,42055,177121.6850207226,202351.48245557223
01053,2022,7,1,01039,68734.88026956079,79469.0502350558
01117,2023,5,1,01007,237556.5558564323,151977.5181564571
08015,2022,7,3,"08051,08093,08065",461008.6929658832,354740.07177302474
13157,2020,5,1,13059,195311.6242997301,137675.89047151827
12105,2023,4,1,12055,220793.1711769911,137988.88795639324
08013,2024,5,1,08047,491375.96265624854,370018.61658731144
06017,2023,10,1,06005,452207.6208848637,318896.70118025463
08101,2020,7,1,08025,126264.46119626476,66090.34359932091
06093,2021,9,3,"06023,41035,41033",171836.64012707045,251223.97817289666
17157,2023,3,1,29186,72523.09853613631,128306.92082617218
05147,2024,9,2,"05037,05123",,58706.82442589369
55061,2022,5,1,26019,158615.52045772786,211123.92545435217
45049,2023,6,1,45009,82065.54828795846,60765.94691021315
17189,2024,8,1,17145,69687.29799192767,63683.74267091375
13213,2022,6,1,13111,166303.19539569228,304935.6416009055
51163,2022,8,1,51678,170901.7543717431,186295.7222609274
48029,2022,4,1,48013,184825.65849307692,155501.6188701446
19085,2023,9,2,"19133,19165",96346.25246098424,91588.72026608017
13179,2025,5,1,13109,177379.65146572678,87492.6140097481
37043,2025,6,2,"37113,13281",214129.3805200086,227209.40043041273
08113,2022,10,1,08111,640099.6711526666,300753.9181168166
36071,2025,5,1,34037,316988.63669570885,311713.8828727443
21217,2021,2,1,21001,87452.56266718307,96234.38722621716
17109,2020,7,1,17169,39288.42313740409,79349.03602354268
16049,2025,7,4,"16035,16069,16061,41063",212892.25053254407,233390.83026763465
21175,2020,7,1,21063,72593.90339207338,79661.22598384804
48291,2021,5,1,48199,134889.98147191855,134590.0076458795
06065,2022,10,2,"04012,06025",447427.5975223645,175468.56595521866
21225,2021,3,1,21233,50548.11319451381,58661.89614302564
28105,2025,8,1,28019,165566.08305465252,81288.22410467062
48469,2023,10,1,48391,122078.64965671352,72588.4354994815
45027,2020,5,1,45089,77774.27537626344,42427.463378035194
31015,2024,8,1,31103,96560.15869666608,104463.57779826708
27051,2025,7,1,27155,111356.27470654147,54687.58562320921
28153,2024,12,2,"28111,01023",72259.867580788,86556.51483883947
35001,2025,7,1,35057,267910.9106169837,129160.38062392909
31063,2025,7,3,"31073,31047,31065",67548.6937209768,118376.81597870548
40047,2022,4,2,"40093,40003",58721.90204759461,69000.5437119633
22097,2020,4,1,22077,77977.2513570324,88125.39297294784
51169,2022,8,1,51167,81650.99708503869,67849.01535193941
34039,2024,7,1,36085,435825.8202047134,514591.9796088927
38071,2024,5,1,38099,114203.3720519338,93991.29126037094
06029,2023,6,1,06079,238180.40891496852,599649.5653082529
22105,2025,6,1,22095,133780.03376412232,134148.32499006935
53071,2021,6,2,"53005,53021",228497.71040985585,273813.5532268967
40071,2023,8,2,"40053,40103",52434.316800871115,60965.14920211749
28093,2023,9,1,28033,111045.198724843,208221.8554467702
47051,2023,7,1,47061,182827.05278527417,96377.68124410328
47125,2022,4,1,47083,216200.7978517636,110555.80157003348
33009,2021,7,1,50009,176722.12594292077,95558.78158940224
29223,2023,3,1,29123,67541.34692944649,78282.82603535795
55029,2021,9,1,26089,169896.56533790115,298163.10935902357
22097,2023,5,1,22077,77731.84886881731,94081.50218726003
56037,2025,6,2,"49043,49009",190225.99780511603,429332.25330597855
41051,2020,12,2,"41027,53011",333309.7151483945,355242.6380581511
13241,2023,1,1,13281,212765.61329076547,218472.09049652875
38049,2024,9,1,38083,88910.0747039932,66745.48591483542
29113,2022,6,1,17013,180106.24317711694,103616.28767389838
27001,2025,3,1,27065,138902.8703905768,159743.7392685366
36031,2023,9,3,"36033,36019,50001",133981.04378720708,160523.16205557733
20191,2024,8,1,40053,67293.27842970833,58666.59617772309
30031,2021,8,3,"56029,30043,30059",416441.930448845,198338.89353588168
05147,2021,8,1,05123,,39456.66198216097
13303,2022,6,1,13125,81254.6488187134,105222.36120629952
42111,2024,4,1,42009,88947.62506200407,105823.3239793228
19117,2022,11,1,19185,96826.27439883495,54928.88397561694
42103,2025,5,2,"34037,42089",209643.8376974067,267770.0761785122
06029,2020,3,4,"06083,06111,06031,06079",166405.89873514988,370180.11054950673
17121,2023,3,1,17051,63881.83556224033,77132.40588988393
06051,2023,5,1,32019,459233.7235397592,314860.2948522149
19077,2020,6,1,19009,99725.5097074192,52409.96675330817
17185,2023,7,1,17159,72864.38728922172,63235.108094273426
48333,2023,6,1,48193,177542.52551354,122980.34580099168
35025,2023,9,2,"35041,35005",123409.076819757,86808.06886761246
41039,2025,3,1,41019,353797.5815532825,234161.35041548405
01017,2023,8,1,13145,74070.37060912391,204757.7285760264
28033,2022,5,1,28137,197409.7210370952,129941.9763992584
29047,2020,5,1,29177,145135.29530072285,90726.54316280402
12023,2024,7,1,12041,162664.43964731382,168631.8498325203
19173,2023,4,1,19145,55000.70914678621,67095.85713716426
51059,2022,6,2,"51600,51610",453630.0662994363,521707.1633963139
21087,2020,1,1,21169,57056.789407669195,45783.333020461345
31031,2025,5,1,31171,130048.25262748764,101318.68046776995
45075,2021,6,1,45011,71843.79003696016,85583.70417665713
29203,2024,4,1,29149,81629.0318913618,86441.75791948801
21071,2020,6,1,21159,57991.86260129558,35857.460163553835
29175,2021,7,1,29089,65401.17403221843,78718.16773025347
19093,2025,8,1,19047,77240.37912725033,92921.72659409574
12097,2020,6,1,12055,189477.93768810097,83833.55981289071
29047,2023,6,1,20209,205901.58797163796,118269.06909017976
18107,2025,5,1,18023,143856.92504432335,147739.15495676105
49035,2022,5,1,49029,430632.1160576106,494179.8438840374
27037,2021,12,1,27163,258893.8397936312,280047.5941930961
26055,2023,6,2,"26101,26079",248331.78983154448,127247.79134289091
31011,2023,9,1,31003,121387.47548485133,90132.1721356718
06019,2025,2,2,"06069,06031",296292.88147399714,468897.6060349281
21197,2021,7,1,21173,79566.7872988193,124982.42782487672
13099,2025,8,2,"13037,13061",58554.31756071738,47359.725463885086
49033,2025,5,1,49043,335876.5040455177,649085.2872652771
49029,2025,7,1,49043,509954.80950837646,647161.1326790624
16031,2025,5,1,32007,228675.88266705527,250908.20024818848
56037,2022,5,4,"08081,56041,56007,56023",160629.27943330095,161438.53327146368
53003,2020,6,1,53023,186407.55032437947,97655.8918621848
42091,2022,9,1,42077,287638.43918899854,205634.191995074
17073,2023,5,1,17175,64116.654792812034,75881.51927246728
19103,2025,8,2,"19183,19115",186110.6718811382,107446.50464517812
37009,2025,8,1,37005,212180.73445193135,148766.7170377981
13253,2025,2,1,13087,63570.25458852683,80905.45561581965
13057,2021,3,1,13227,252961.40752202948,194493.62281140368
47085,2021,10,1,47083,117065.18577470275,99773.46878369058
28085,2020,12,1,28005,99221.68997923555,82930.18709743548
26075,2023,4,3,"26161,26093,26059",107356.61142818043,193793.00340250973
38077,2025,9,1,27155,113559.53758912285,53285.03087495347
31159,2025,8,3,"31059,31185,31143",184408.4582581058,110518.4488110625
40089,2022,11,1,05081,125302.32012968312,74315.21795698146
17009,2024,6,1,17017,73640.6457086896,61984.178847587136
17057,2020,7,1,17169,39248.66833243645,79349.03602354268
46121,2022,9,1,31103,,102806.18227552186
18099,2025,8,1,18131,160749.21749835747,110407.79982088647
17117,2021,3,1,17083,65159.625756484194,93045.87518656012
01059,2020,8,1,28057,75054.16251466192,79317.36916136087
27151,2024,8,4,"27073,27121,27149,27023",88325.56751480675,119673.25666680624
28121,2025,8,1,28129,183188.11321236423,105620.65022146814
35041,2025,7,1,35009,78345.030314183,93276.25993354108
04015,2023,7,2,"49025,04012",218518.41729989983,203569.85435284371
32015,2020,7,2,"32001,32027",133542.9829622292,139915.8415470434
19193,2020,7,1,19133,91168.05568475187,59253.72452358589
33015,2023,8,1,33013,394023.9572691118,304840.9194952734
48147,2021,5,1,48119,128243.21066208028,75171.24553767199
17167,2020,5,2,"17017,17129",68233.26969956543,76855.06199817438
51131,2022,6,1,51735,114725.81129897588,284437.27953374013
40005,2021,5,1,40029,73431.93948066766,49629.107874365174
13077,2023,5,4,"13199,13113,13121,13255",266425.5634260732,207729.13596940896
13163,2022,5,2,"13125,13301",60754.16003447343,82510.69806457963
45039,2025,6,1,45023,91628.7158808105,120707.80359792996
55095,2021,7,2,"27025,27163",162918.42814617787,256024.02832943748
51650,2020,9,1,51735,130337.034999967,239190.9768201645
17049,2020,4,1,17079,82851.24411145398,75276.19397571258
39161,2024,7,1,39003,107555.5291652513,93192.87247248933
06071,2023,5,1,04012,368537.6760234323,131242.09998859107
20003,2024,7,1,20107,92725.6945874617,70602.18546493426
27091,2021,4,3,"27165,27063,27043",70076.28473378519,59594.83974366432
39069,2021,6,1,39137,100811.86439326126,115096.59361162304
30097,2022,9,1,30059,229812.4092114632,179576.8270562852
48251,2022,11,1,48425,245765.62387042464,236599.0178075283
46059,2021,8,1,46005,94897.99674659978,85215.0748389217
34019,2025,8,1,34021,429795.6850474985,268958.39301158156
21001,2021,12,1,21057,102917.67771770472,75889.07579290798
39157,2023,7,2,"39075,39151",107065.34921155364,138097.82821495115
13015,2021,6,1,13227,182490.1271395301,207480.38910614772
20131,2023,6,1,31147,85041.63784209474,55273.07611560726
18057,2021,8,1,18159,256841.3454642932,110045.37101226304
29143,2021,3,1,29069,38293.61097064055,73414.1982847406
13181,2023,1,1,13317,103016.1298726265,78411.86020715871
13105,2024,7,2,"13317,13195",101360.97226442478,156738.68185827017
16071,2021,5,1,16041,148789.57552824923,256868.9271254834
30107,2022,7,3,"30027,30059,30045",97139.31205795782,159568.72842066904
13157,2020,9,1,13059,199374.13432779713,141884.91895457715
06067,2022,11,1,06013,419534.7101181319,587075.4879300256
48185,2024,2,3,"48313,48477,48339",186596.5012233772,199166.09846565258
13291,2024,7,1,13281,237391.58638915347,245600.4950140786
26061,2020,6,1,26083,71867.67457138374,59878.62796349846
37023,2024,7,1,37011,161196.37620518127,213849.13447578344
38045,2023,4,1,38003,,89455.46714764375
51770,2022,8,1,51775,120512.61431911933,176414.8630178978
48499,2021,4,2,"48459,48379",128202.14086877856,120812.37011038474
48041,2020,3,1,48313,156877.66455247367,78825.14840201406
31051,2025,7,2,"31179,31173",96308.42865425812,103239.09862747428
51173,2022,8,1,51167,77466.70209379333,67849.01535193941
47073,2025,6,1,47067,143235.14723860787,82729.69401440588
22009,2021,9,2,"22125,22077",81592.78850071352,133368.61155513194
12049,2021,4,2,"12027,12055",86359.59407715521,106872.1195462074
18117,2025,8,1,18025,95212.81121570372,88423.71510728802
27137,2020,6,2,"27075,27071",85331.21946730737,75885.96002493615
45067,2022,6,3,"45043,45089,45033",64500.098645981925,96544.10888943342
48243,2022,8,1,48377,177717.06462255958,148115.4875156639
23017,2021,6,1,23007,144408.91920218084,128517.7316444557
17109,2020,11,1,17169,42036.410301763586,88639.46079707268
32031,2021,6,5,"32001,32029,41037,32013,32510",355406.9236605214,231145.8238529142
48069,2020,8,1,48369,,72544.57903925896
48445,2022,8,1,48115,81958.75864567862,64819.96833284082
54055,2021,3,1,51021,54342.02944425152,75398.80255845487
45027,2020,9,1,45089,82254.53449046281,44051.18698225692
48245,2022,5,1,48071,89436.25957100412,232530.7501903471
48223,2021,3,2,"48119,48379",145961.10666723872,100348.7061630718
13197,2022,8,4,"13307,13053,13249,13259",84111.08274698835,72618.57680700952
16003,2020,5,2,"16045,16087",146919.36399771864,164587.83701734114
26089,2023,9,2,"26029,55029",364574.3382943862,214784.78877155343
29183,2021,3,1,17083,201433.1295912522,93045.87518656012
47053,2021,7,1,47183,68053.0911627098,70769.37755365724
22097,2020,8,1,22077,76196.38839269556,89923.88686946772
08007,2020,5,3,"08021,08105,08053",227868.985915278,128416.58461413911
49057,2022,5,2,"49029,49033",347863.06322349515,404125.4287430331
54077,2023,8,1,54093,45558.94995373197,94615.373356471
31107,2023,3,4,"31003,46009,31015,46135",76361.50050881147,106167.12115369478
51185,2023,3,1,51021,57819.74127472075,80706.07829768509
17085,2023,7,1,17015,111863.6857206908,53626.23322430748
38071,2024,9,1,38099,117487.4383077486,98463.39806561744
21161,2021,2,1,21201,54732.4244452661,82223.16133320586
29163,2022,6,1,17013,99295.98987214254,103616.28767389838
13273,2024,1,2,"13261,13307",44403.79539389512,74051.43446814273
16017,2023,1,3,"53051,16079,16055",403783.2646937668,266983.1947342866
45073,2025,5,1,37113,149430.13323643373,216846.4146436276
17083,2022,3,1,17013,86751.6164048889,101192.42272109896
36103,2025,6,1,44009,520119.2829346659,441107.42986194993
29183,2024,4,1,17013,260804.62989684797,106409.46885665724
12105,2020,7,2,"12049,12055",140926.8035830433,77907.7985899535
20091,2023,2,1,20209,285014.9655875273,111833.2422239564
48057,2024,4,2,"48391,48007",118378.3641859918,130985.80185927422
28091,2021,4,1,28147,71920.15592045581,91359.837564969
13297,2025,5,1,13219,282237.0337397737,382714.43114591594
21053,2022,1,1,47027,68958.47758792568,98006.53728377473
30071,2022,8,2,"30027,30005",108460.07566405524,129970.48407796981
27001,2025,7,1,27065,137038.37393750428,160522.39532407362
40093,2021,8,1,40003,63665.778800053704,63838.74675006873
27129,2022,8,1,27103,85943.07918573459,197280.1535911828
48387,2021,2,1,48119,93644.6265551905,70189.4730600176
22089,2025,6,1,22095,173766.6547943843,134148.32499006935
47131,2022,2,1,47053,68509.1861403603,77208.07290174397
42105,2025,5,1,42023,80027.4998163405,52741.41833041481
08113,2024,7,2,"08033,08111",618923.1359172437,267869.73202969704
17099,2025,1,1,17123,97570.2031907243,75878.06411144485
30037,2023,5,1,30107,120444.9262603522,97146.71938256784
13141,2022,6,3,"13133,13125,13301",74912.55071738166,130012.03132305517
06051,2023,9,1,32019,472516.1056180368,318804.82662929397
51730,2024,8,1,51570,136719.13110631623,219367.59585680743
46109,2025,8,1,27155,109076.97870001098,53768.553516938555
05125,2025,8,1,05053,167300.74387075065,115455.723646315
08045,2021,9,1,08107,321421.41624549264,428042.69046032755
06115,2020,5,2,"06057,06101",224510.3432809933,294194.5614806083
35043,2021,5,1,35028,211334.76180421913,309372.49144273944
20167,2024,5,1,20141,50935.03047727909,34078.944839683514
06065,2024,7,1,06059,459840.1895734274,793332.8789501605
31031,2025,9,1,31171,118812.79200996515,92043.47177661998
12067,2024,1,1,12041,135582.63977812568,162171.11722764338
26123,2020,6,1,26133,97782.10478878084,79231.14230640345
06047,2023,3,2,"06069,06085",315625.42067756987,788449.2539047108
40023,2022,11,1,40005,71859.69975926577,88776.27745746383
01097,2025,6,2,"28039,28041",91475.35079207376,104278.9290508205
17067,2022,5,1,17071,51243.76749082277,70366.1614881201
19161,2023,4,3,"19021,19093,19035",70001.13063137792,83124.68870454335
39109,2024,5,1,39021,152219.77748401382,144496.15772676576
29017,2023,7,1,29123,108860.27844270546,80529.33168680251
51013,2025,7,1,51610,426373.797524214,625927.2008839268
51775,2024,5,1,51770,201110.0415115984,147183.80463159244
28067,2023,12,1,28111,76969.470985026,83172.10548141791
35051,2025,7,1,35003,104877.34178765152,141328.89547361035
48201,2025,8,1,48071,195103.74770928905,243139.80580094084
50005,2021,6,3,"50019,50015,50009",128871.50731311516,148477.23026415418
45073,2022,4,2,"13147,13257",144346.69928405248,146991.11561473447
48389,2023,7,1,48243,131840.97106661834,157093.05215395315
18157,2023,6,1,18181,174257.68566299602,116552.27581223234
26103,2022,5,1,26083,114950.4809855334,77054.36134879086
22117,2021,3,2,"28109,28147",82202.83421731243,89444.53237859212
13241,2020,4,1,13281,124570.76533432992,155964.8468131314
26139,2024,6,1,55101,265870.0740348853,178973.8557496346
18181,2025,5,1,18131,134815.50584242216,113469.4008597313
41059,2022,5,2,"53005,41049",203850.31201490143,249228.01201225285
29051,2023,4,1,29135,157615.16779606967,111508.41527121268
20011,2025,6,1,20133,55615.616494599344,47259.356382901984
17061,2021,6,1,17083,56262.84654499725,95199.38566250975
01065,2023,6,1,01007,101918.8138978734,152731.42611920883
26075,2023,8,2,"26093,26059",110108.0793246809,178171.21766455058
22089,2022,5,1,22057,189474.4900432168,120220.0476144852
26053,2024,5,2,"55003,26071",61293.51567304662,85519.16535238182
34005,2025,9,1,34021,296947.1605953519,268608.97479192493
34025,2025,5,1,34021,494625.7700565301,269150.705019966
19057,2023,5,1,19115,73586.77129492174,80739.38208667639
13005,2021,4,1,13161,49405.597316178224,63091.32546982961
18137,2024,7,1,18115,162906.04458576837,164850.79542277762
06065,2021,6,1,04012,358389.8904059876,107946.60910619676
26057,2023,7,3,"26145,26111,26155",91892.61231593024,104929.03172333671
31031,2022,8,2,"31091,31103",108185.17897124284,84546.11148675112
47165,2024,8,1,21213,304992.13463460346,166675.0692502576
13103,2021,8,1,13031,190667.361436735,119526.8419620106
18015,2023,5,1,18181,118490.76256263834,114842.25543084594
55089,2022,6,1,26127,280604.4616325482,128822.6996932244
29123,2025,5,2,"29157,29017",90291.85972695508,122330.9172846922
13161,2024,5,2,"13279,13271",78943.71869322275,68821.8946403348
55127,2020,4,1,55055,165737.49804544012,158741.49081551709
04003,2024,9,1,04009,163928.7688372711,202436.43010263555
40121,2021,5,1,40029,65564.69182630551,49629.107874365174
19083,2022,8,2,"19023,19197",66581.7623605713,79309.8843276486
31111,2024,9,2,"31085,31117",123064.92733710771,138583.14239423102
21215,2020,5,1,21005,140401.09598851483,95945.57370240534
31037,2025,5,1,31167,127869.34538914572,155456.34706296053
21045,2020,6,1,21207,67129.04871790991,76067.2513731633
42085,2021,9,1,39099,75968.85218074698,58278.55549398088
35017,2023,7,2,"35029,35051",127608.74462238736,102518.66123196363
48201,2022,7,1,48071,199696.15266992664,233510.74049561316
29037,2024,8,2,"29101,29083",215109.77869035365,141521.80283259822
08049,2024,5,2,"08019,08047",471370.7491941541,357229.41721813
48005,2021,7,1,48455,107758.7159378728,93633.56826656712
20007,2021,6,1,40003,34530.47363469372,66029.63131729775
27007,2021,9,2,"27135,27029",126322.33924660244,101537.35561906212
16031,2022,8,2,"16053,16083",212089.89248521137,263976.59229080344
16073,2024,5,1,16083,259984.5596357542,260612.79026096055
23015,2024,6,1,23023,279178.3614290972,293234.5782289831
55011,2023,10,1,55035,126820.81486251332,204030.25733239693
31041,2025,7,4,"31163,31175,31047,31019",76534.50788507114,115996.34619543908
55083,2020,4,1,55078,99152.01792136522,97299.95508807314
23027,2021,7,1,23015,158818.3756847302,218516.447872611
08037,2021,8,2,"08065,08107",497457.717227359,348916.30027509376
39175,2025,4,4,"39147,39101,39063,39033",113143.1144078892,109641.37083466521
46121,2024,6,1,31103,,101674.02220097047
22087,2021,7,1,28045,127183.79914915706,127083.58914315088
26007,2021,7,1,26135,92979.91453448618,83694.0028556465
49011,2020,5,1,49029,277510.78771266167,341119.68800414854
22005,2022,6,3,"22047,22093,22007",181914.8655142365,99981.04974708158
33017,2023,9,1,33013,314377.9722944764,308493.74256969563
40063,2022,6,1,40133,50793.96291806787,45341.82327565924
29053,2023,2,1,29135,135918.2879100847,109877.12611517023
46135,2020,5,2,"31107,31027",128948.70237996496,74145.92811739058
31021,2021,5,1,31173,62012.88525108047,71378.91297240845
19155,2023,6,2,"19165,19129",138115.51820214943,126052.10094352574
17093,2022,9,1,17063,230375.56062247205,178278.5645331063
26043,2024,5,2,"55037,26071",100370.64607795708,74390.95491677291
27137,2020,10,1,27071,88987.80116669468,56912.66439289397
31043,2024,7,1,31173,152537.27438261895,71878.14429067475
25023,2022,7,1,25001,409182.04668937105,464504.8031018467
32031,2021,10,5,"32001,32029,41037,32013,32510",375654.3630358696,240898.5490174614
27057,2021,7,2,"27029,27159",144361.71529354286,97529.4413639736
50007,2021,10,1,50015,288370.35499007726,241747.84811319644
18149,2023,6,2,"18131,18141",118651.85487886483,103770.00759181667
06071,2025,2,1,06037,397887.61936127295,647653.6273225095
16047,2022,6,3,"16053,16083,16025",227306.0838566907,253961.449744144
40141,2021,7,1,40033,24144.750875625778,40442.77891986777
13001,2021,6,1,13279,77681.31836648338,69302.45379545468
24005,2025,4,1,24029,252153.0489578832,244524.4183920439
54023,2024,8,1,54093,108433.42386776792,103895.78259162333
49057,2022,9,2,"49029,49033",344871.31797472417,407352.92829686275
51185,2023,7,1,51021,63062.42706976953,83540.89399088078
51800,2021,6,1,37073,197109.66324534343,108907.46788290418
13235,2024,6,1,13315,88683.73880945194,71629.41628886737
21161,2021,6,2,"21201,21023",57922.026316965406,93244.8925670223
13137,2024,12,1,13281,211577.0047299924,243789.01760849767
41047,2023,9,3,"41005,41071,41053",350747.8947525374,402269.064238885
13273,2024,5,2,"13261,13307",46669.82168104491,78059.70193692364
39041,2025,6,3,"39101,39117,39083",342993.92138954246,138568.74224197646
45073,2025,9,1,37113,147691.37027401463,217988.18352480792
54087,2023,7,1,54105,60589.59210161966,55171.98036011762
20091,2023,6,1,20209,294507.53373511037,118269.06909017976
30031,2020,7,2,"56029,30043",316329.87410364597,179528.48923895997
22113,2021,12,1,22045,81458.59574506064,70228.98120760884
37023,2021,10,1,37011,116394.77215296938,146526.69328270564
16043,2021,7,2,"16065,16081",251990.0289277583,326740.69178913056
21161,2024,7,2,"21201,21023",76846.6165065602,114508.25889001499
18033,2025,7,1,39171,156683.92565414045,109714.65087508444
30045,2023,8,2,"30015,30107",142162.16492346185,119955.9738596357
31113,2021,8,1,31117,,142266.7109596546
20073,2021,3,1,20049,32294.713917676778,25632.782557747192
40125,2022,10,1,40133,88913.19192782184,46135.86711135171
56013,2021,8,2,"56017,56029",145196.3006009671,155156.9873316975
55087,2023,5,2,"55135,55015",195906.381870519,170505.8521182171
37047,2025,4,1,37141,103341.586291393,279758.5816183831
48271,2025,5,1,48507,72371.68559607457,50378.90525686761
13033,2024,7,3,"45005,13163,45011",91608.22442779472,63462.67266867127
26017,2025,7,2,"26051,26011",109226.85006292025,90531.0733980318
13069,2024,5,1,13271,99862.03339461453,59752.32025141574
55017,2023,8,3,"55035,55107,55005",178674.31195884096,149227.39371755245
51165,2022,6,1,51660,209744.14573351285,208574.5617600387
38055,2024,9,1,38083,107971.1892622611,66745.48591483542
35039,2025,8,2,"08021,35028",232500.318691131,271550.70472521504
28095,2022,7,1,28057,85994.47155045367,93063.07891657326
31109,2024,7,1,31097,202166.2402599739,83652.21446837037
49049,2022,7,1,49039,427720.742024683,238449.26078967625
12067,2024,5,1,12041,141571.68622780478,167905.25429653618
48107,2024,7,1,48153,40835.793346087215,39238.69328415278
29107,2020,8,2,"29033,29177",81491.32516419061,73175.26315948444
01119,2023,6,2,"28075,01023",,70735.47673844385
12051,2021,5,1,12015,128910.79486109831,177542.33843149932
48221,2020,3,1,48425,168718.57689478106,170722.1749366028
48025,2024,5,1,48391,87315.93846250053,72978.97604575036
13291,2020,2,1,13281,147503.98060743406,153540.19894050443
29205,2022,6,1,29103,65703.41503759207,72130.73704531886
47151,2025,4,3,"21231,47137,21147",99780.54127085798,95809.34075145831
05057,2025,4,1,05109,57767.700064324374,100128.29652639656
12107,2025,6,1,12007,103700.60738181048,147509.29060989662
24041,2025,5,1,24035,317913.13889342727,353167.42243452533
17067,2022,9,1,17071,48903.824554219354,65863.21979073914
19161,2023,8,3,"19021,19093,19035",73352.11297745045,85134.17611048163
21139,2021,7,1,21143,68728.18090903811,91799.3595599719
37031,2021,7,1,37137,212442.90986064143,104508.10559749036
23001,2024,8,1,23023,235671.51475744531,295428.4169037116
45015,2022,6,2,"45043,45089",250568.11882196707,113699.38286842818
41047,2025,2,2,"41065,41071",361209.03621225274,343495.4851406212
29129,2022,6,1,19185,69223.54890224394,53769.00387611997
17017,2022,7,1,17129,56889.60298585175,96570.55801206692
12101,2025,3,1,12105,227491.4905499733,222655.24431554833
26003,2025,7,3,"26153,26095,26083",119615.6342071639,89880.6256385473
18139,2022,6,1,18065,100220.24081044912,89444.48774587247
18041,2022,6,1,18065,72730.02134595193,89444.48774587247
45073,2022,8,3,"13147,13137,37099",151496.04017032243,193419.35373021595
06101,2024,2,1,06011,333686.5530417566,263483.37770536693
26103,2022,9,1,26083,118071.23126488776,80328.71358979626
13241,2020,8,1,13281,127861.45892036772,160525.6052899882
29139,2022,5,2,"29073,29151",123842.93141498973,114983.17616847128
47189,2025,7,1,47159,355243.4220598812,180020.80499597007
28043,2023,12,4,"28161,28135,28083,28015",59732.9236540372,66420.57364852575
29019,2021,6,1,29089,158026.77024440665,78190.02484725935
19001,2020,3,1,19009,71217.8391052453,51725.08012465917
05123,2025,9,1,05077,39236.26432435591,60684.04801279154
08119,2022,8,1,08093,325475.0257088432,351867.6797514544
47133,2021,3,1,47137,110735.59025929713,96500.72917329492
34025,2025,9,1,34021,496974.3578594511,268608.97479192493
19037,2020,7,1,19067,81748.89991806196,61338.42250056253
46025,2021,8,2,"46005,46077",98345.4170153788,95881.39564843188
30093,2025,7,2,"30057,30023",173953.98535323385,300461.12184546195
31071,2025,6,1,31175,114404.55596044588,92537.69611716096
06065,2021,10,2,"04012,06025",383466.8971825911,162759.89223148045
38055,2021,8,1,38083,94155.68377920736,105340.21293474376
35039,2022,7,1,35028,210384.07725472937,352612.4989292368
05137,2021,5,1,05065,98629.4476188566,77562.57792407654
22099,2022,5,2,"22047,22007",98284.09528085562,88128.5792912109
26089,2022,5,3,"26019,26029,26153",336234.0109246441,166612.81396123092
31005,2021,9,1,31117,,141063.55916063895
47159,2024,7,1,47169,191017.10409473896,225314.36080982455
08081,2025,6,2,"49009,08107",193721.488705907,394227.9503596362
27149,2025,7,1,27155,115284.96333694352,54687.58562320921
51153,2023,7,1,51685,401048.83580346435,332386.2132725773
25005,2020,3,1,44001,254299.8666994984,290532.11260326655
28035,2021,2,1,28109,101697.74994564967,87334.84580563485
06039,2020,5,1,06051,209660.03196781556,316492.62748685025
37173,2025,6,1,37113,204896.8366392694,216866.35044463564
01005,2024,5,2,"13239,13061",86474.52753112033,64643.523397529105
29063,2023,6,1,29003,121166.40876802278,136219.20457513424
42061,2022,7,1,42087,88617.34074456937,86070.66174947364
25021,2024,8,1,25025,534629.627325751,527462.4462602598
13059,2024,4,2,"13195,13013",225227.53945404364,247091.251814828
45091,2025,2,1,45023,257881.8489515138,119991.00116451371
55067,2025,7,1,55041,120354.07629183632,98489.4051088193
12085,2025,5,1,12093,256448.31641272188,188764.21395402504
29141,2023,9,1,29135,151377.21596727832,113400.373679079
55117,2022,7,2,"26105,26127",157895.02165498628,131733.8995246385
35049,2025,7,2,"35028,35057",376858.4964328099,278688.2806522611
17131,2025,4,1,19115,82578.26293303282,87942.4791331761
21185,2023,5,1,21223,270846.1453507871,122682.69617034167
55125,2024,6,1,26071,215014.000900622,62216.74192589056
46053,2024,8,1,31103,,104463.57779826708
04005,2023,4,2,"49037,49025",392576.922596315,245323.6288385272
19065,2025,9,1,19055,67671.2904152565,114491.05560647062
05147,2022,6,2,"05037,05123",,53297.79296166799
26165,2022,8,3,"26019,26133,26079",114843.61551262818,147504.46166650156
26091,2025,8,1,39095,137441.53484173157,79504.75391072418
48463,2024,6,1,48323,121110.53803609892,156684.8150377729
17157,2022,6,1,17133,68920.02943677396,173619.05309253742
06059,2025,2,1,06037,818072.2311374437,647653.6273225095
41061,2021,8,3,"41063,41023,41001",167080.44728613124,166631.81643270585
17059,2021,6,1,17165,,37070.58162161298
40009,2025,7,1,40057,66102.46946593493,40547.37212513749
29127,2025,5,2,"29137,29111",95376.3647998288,104262.57854827569
08051,2021,5,3,"08091,08029,08053",287790.74770141375,271503.05850612046
48201,2021,3,1,48071,159890.90621401393,205117.00308594285
48417,2024,4,2,"48429,48133",79539.77747879196,67271.56336975291
06051,2025,9,1,06109,471587.03165840305,300493.6726677909
29053,2023,6,1,29135,132763.53692516874,113020.67935060328
30031,2025,7,1,30057,474290.7744481416,422595.5655035724
47049,2021,10,1,47137,107020.27348872703,106642.10601085176
51161,2022,8,1,51775,205470.70575030567,176414.8630178978
28145,2025,5,1,28139,116788.78608457232,82976.14662737632
18107,2024,5,1,18045,133352.99792534046,100256.85941359845
47163,2022,9,1,51520,136349.18932315768,90121.01930870092
49043,2024,8,1,49009,639095.6399681432,195909.0517679892
31019,2021,4,1,31099,127939.86225502698,102541.43787089882
01077,2022,2,1,28141,117205.38254504382,118563.96599907149
41001,2020,4,1,16087,105000.2365204634,127564.60000445832
53039,2024,7,6,"53005,53077,41027,41049,41065,53059",268124.3225589769,316777.4554141697
51153,2020,6,1,51685,310016.39128806937,251719.65589474584
18169,2025,8,1,18103,115393.90232586804,87327.08426105672
22073,2023,3,2,"22083,22067",80284.99967949493,67036.08985675138
08049,2021,8,3,"08019,08047,08107",394221.15465985774,353470.8375827927
41045,2025,9,5,"16087,16027,16075,32013,41023",203815.9422915959,249562.04329855787
40137,2022,12,1,40019,57353.64759323917,90283.38458135044
54059,2020,2,1,21159,28773.55999081201,34355.91311114914
53015,2023,4,4,"53059,53041,41009,53069",291729.0143936313,294983.5645438295
12077,2021,4,1,12037,76721.60254305553,180837.01455406065
21035,2023,3,1,47079,95759.886858034,97138.6795467875
47175,2024,7,1,47177,131413.940623877,158557.84964046298
13109,2024,5,1,13029,100532.41167457076,289118.72612667916
56003,2022,7,1,56043,144860.39527369686,135206.98613491186
05139,2023,6,2,"05011,05003",62663.46545120643,50798.994639030156
28067,2024,6,1,28111,80073.03894953309,90417.43077985756
41025,2022,9,3,"41013,41037,32031",113726.26924635615,287838.4087593417
13283,2022,5,1,13309,66385.75252043027,58251.08469217516
48181,2022,6,1,40095,183981.933759031,102039.51199420898
21145,2021,3,1,21039,76311.28891155258,53892.93598702268
24005,2025,8,1,24029,253011.1767604016,242298.41504667976
18049,2020,6,1,18131,70900.60594741646,62331.069846558974
48355,2024,7,1,48007,133524.90948028842,189893.0052050999
31039,2025,7,3,"31179,31167,31173",129884.84625506966,121569.86618801631
47093,2021,7,1,47105,165764.01081863896,182093.57398963455
26009,2021,6,3,"26089,26137,26039",142588.31004038398,160168.98070296863
35049,2022,6,1,35028,356802.9407981921,349858.3892836485
39081,2022,11,1,54009,48692.2505470785,62188.81009793436
30035,2023,6,1,30101,89288.80523672717,83941.53668649407
48157,2020,1,1,48481,195133.9314404613,108913.84914906562
51199,2020,8,1,51735,233645.4981134832,236784.8504555742
29045,2022,6,1,29103,134552.45742457945,72130.73704531886
05127,2025,6,1,05113,67843.39823789592,93157.77759391125
29177,2025,7,1,29025,153173.04760210318,110762.62625473276
27059,2024,9,2,"27065,27095",246208.33573077968,177911.79511575022
56005,2020,8,1,56033,184618.70396572456,201721.4172025792
56037,2024,9,1,49009,181691.7910494133,198047.3038265576
30107,2024,8,1,30037,108444.1459974877,128703.22797295934
05135,2021,5,1,05065,77454.33571596497,77562.57792407654
12039,2024,9,1,13087,111839.65531384927,87728.9639888229
12111,2025,5,1,12093,276572.0265789496,188764.21395402504
30083,2024,6,1,30109,171701.39372136592,101557.85904810992
31089,2020,7,2,"31107,31003",60700.40295729926,64236.26851331472
37195,2020,11,1,37079,78161.13039399408,87319.07026467081
48131,2022,3,1,48247,73849.05046437329,47213.68839753475
17183,2022,7,1,18171,43321.97838127535,102446.15597555356
06023,2020,3,3,"06015,06093,06045",285867.18988307245,218247.4918950426
48021,2021,5,1,48287,223087.96806796416,173168.86797836245
29099,2023,6,2,"29221,29186",178745.85411303493,111892.50336191617
37047,2025,8,1,37141,100132.36739366612,275984.72359469946
48291,2022,1,1,48373,139869.6560778684,89944.68081191853
16073,2021,6,1,32013,232919.4616740588,173348.0699916059
22041,2022,5,1,22083,60448.308345037134,88404.56820140984
42041,2022,6,1,42043,198680.469583218,136917.2268238488
13077,2022,5,1,13149,251695.70801224103,140501.00834415367
24015,2025,7,1,24029,270000.9383957658,242866.65246698237
06079,2025,9,1,06031,645741.1815526723,270289.99389265926
12093,2020,5,1,12055,106024.86868433852,83470.25225540076
39003,2021,8,1,39137,77341.96512697736,118311.2740104374
04013,2023,2,2,"04012,04027",343082.27961472445,162045.69319881196
51003,2021,7,1,51540,272189.2445620867,275172.1175927438
08059,2022,7,3,"08019,08047,08093",497444.1465033071,360677.17913152644
39029,2025,7,2,"39099,39151",78537.3392639218,95491.13916127731
39119,2023,2,1,39115,98281.03450029167,67872.34138716648
29101,2021,3,1,29107,139335.3108103733,95615.864853217
13147,2024,2,1,13195,170259.71930517387,203753.65085206332
51005,2024,4,1,51580,95419.11315148712,50234.104075343355
18071,2025,6,1,18143,150184.57064856816,129712.87704939928
26085,2025,4,4,"26105,26101,26165,26133",,137771.68912505233
37131,2022,5,1,37185,48696.946234244235,116924.47427966516
51700,2022,8,1,51740,168884.5979013542,167888.44123348856
05063,2025,9,3,"05065,05137,05067",95728.27625020412,84065.44060430805
17011,2025,5,2,"17155,17123",78667.47833617101,89440.56934006693
47053,2023,8,2,"47033,47045",74373.7419800753,80000.39959982355
17135,2023,3,1,17051,52930.76389079018,77132.40588988393
20117,2020,6,2,"31133,31067",50085.42459396208,59022.45146858542
40121,2023,5,1,40005,67072.78743202485,90906.5821573034
01125,2024,5,1,01063,134286.468539065,81648.85453501114
29071,2022,6,1,29073,143576.52515547664,105597.99249188237
21181,2023,7,1,21069,97505.16609528272,80218.88630234967
21161,2023,3,1,21069,67920.06566136195,79206.1216761401
55029,2022,5,1,26019,184835.29667933745,211123.92545435217
47187,2024,8,1,47117,566421.6053497664,208563.40280588507
48061,2022,7,1,48489,119792.25954139773,98610.11573500423
54107,2025,5,1,54073,103129.71274129236,100555.38611294802
20007,2023,6,1,40003,37393.03225035658,57215.84347686518
39065,2024,5,1,39003,97414.06817288848,92013.12340914772
19039,2025,5,2,"19185,19117",108149.19530593824,70858.91569806231
30107,2021,7,2,"30059,30045",81191.95465442486,134323.0406745677
12001,2025,4,3,"12075,12041,12007",196409.37175202704,164885.6856650634
18135,2020,3,1,18075,55301.4277525359,51614.45890804314
16051,2020,5,1,16065,195026.6576026082,174226.0029122233
21101,2021,7,1,21233,97998.28696136552,60963.38262369254
21069,2024,4,1,21201,90735.24387822754,101834.79788591951
27065,2023,8,1,27095,155341.73638739446,188710.68756165565
21049,2021,6,1,21173,116619.5652042576,125902.3519848416
51059,2020,1,2,"51600,51610",375327.2774960571,436933.5267174223
40113,2023,4,1,40103,94341.57812719798,62172.59355524234
05067,2022,4,1,05037,47419.16527210572,67870.14682713198
34031,2025,7,1,34037,445251.3953507905,313768.3887807872
31051,2024,7,1,31173,101133.8682858944,71878.14429067475
13085,2022,6,1,13111,300823.8522030883,304935.6416009055
29007,2025,5,1,29137,96714.85673830898,103682.74774280944
16013,2023,6,1,16063,484032.72501462937,167943.8589190316
41045,2022,6,1,16087,201015.52463032445,248030.51679369793
40117,2024,4,2,"40119,40103",80305.0410585101,96217.3901750178
48485,2021,6,1,40033,75226.33211481349,41432.12221079849
37143,2024,7,1,37177,139380.19019914497,85817.85211248802
48427,2022,4,1,48247,86724.60911158244,45922.630686708
22099,2022,9,2,"22047,22007",98219.25457837417,85549.57062519333
37155,2022,6,1,45033,57381.591223962685,62233.56093144393
30081,2024,5,2,"30039,30023",400435.93771838146,217369.43898352742
18053,2025,6,1,18103,80458.45878245177,84741.7909553093
17005,2023,2,1,17051,65209.813803805366,76718.45836992322
01111,2023,7,1,13045,99234.3350884164,196662.07576107024
48467,2024,6,1,48379,177505.44028013374,157486.56611346442
18019,2020,7,1,21223,125848.8803553632,87041.13475146894
21053,2024,7,1,47137,91185.40418991583,115533.48244849558
05057,2022,7,1,05081,57876.5846599195,74808.16056746738
48041,2024,2,4,"48313,48051,48395,48477",214828.8237417061,156306.77098297208
13205,2025,2,1,13087,81039.73978418885,80905.45561581965
13199,2021,4,1,13263,76033.75596948789,90137.14224335602
28003,2022,5,3,"28141,47109,28139",102876.14039244242,91951.21114245936
55031,2021,7,1,27115,123520.82675867953,101505.00153463968
40151,2022,6,2,"40093,40003",51965.70353847101,69546.59094125297
44007,2021,9,1,44001,259216.6462936931,357542.187395829
01005,2024,9,1,13061,86610.46504569822,64074.43769035731
37189,2020,4,1,47091,180216.0917150677,95543.43643471591
17153,2021,3,1,17181,63523.13579753299,73459.18774306738
21211,2025,6,1,21103,229118.8459659873,156746.55714718378
48293,2022,5,1,48217,79157.51086220499,109773.1420337924
01113,2024,8,1,13053,101792.23250458408,75623.92710155733
29019,2023,3,1,29135,187837.4114028568,110552.6386809576
32027,2025,7,2,"32013,32015",140173.52635294895,165141.06741965466
39107,2020,9,1,18075,102745.48035757129,54158.81311755497
45091,2025,6,1,45023,252521.97176143609,120707.80359792996
06001,2020,3,1,06099,602032.6774847059,259912.19822987073
31151,2025,4,3,"31059,31185,31169",127433.34157266798,97540.20434294092
13137,2020,5,1,13281,122609.60192220577,157493.36723009872
18091,2023,6,1,18141,138672.0301515285,112332.52684758126
19069,2023,8,1,19079,67339.04115026382,77416.21447480677
26137,2022,5,6,"26079,26135,26119,26039,26031,26029",129098.46449226604,124411.03520559543
21187,2025,4,2,"21103,21081",98646.47870155098,174502.98371543593
21003,2022,2,1,47111,121342.81112762072,137753.5678871776
04005,2023,8,2,"49037,49025",407593.2512514133,250630.43641109177
21231,2024,8,1,47137,92825.20713082235,116156.89035001874
48117,2025,6,1,35009,109762.0178758618,94060.7154539472
13137,2023,6,4,"13139,13011,13311,13281",182589.76845064663,212829.80004217973
22037,2021,2,2,"28005,22121",132194.70097402626,114976.9456081689
48297,2022,4,1,48013,114734.25029568018,155501.6188701446
32019,2021,7,3,"32029,32510,32001",299606.42148143455,294199.9897394857
37009,2020,2,1,47091,140629.86098230063,93163.91179931986
13167,2024,8,3,"13163,13283,13175",67945.32650156568,75322.50548220001
29111,2021,6,1,29103,89178.76652344607,62447.30915025872
51153,2020,10,1,51685,318353.3324161307,258102.37984310885
28127,2022,7,2,"28065,28077",94775.79474356124,73118.58318412649
21229,2020,4,1,21005,85088.37453537174,94712.89278689522
19147,2021,7,3,"19041,19021,19059",68808.40735256951,110448.03648580506
12085,2024,1,1,12093,278488.36785084935,181390.66170631652
29141,2022,5,1,29135,170561.3485372268,106068.0256828299
06027,2020,8,1,06051,248784.31386685965,322793.1217029405
42061,2024,4,2,"42057,42009",93114.9576996116,110477.48971977431
54059,2020,6,1,21159,30121.26929985236,35857.460163553835
29131,2023,2,1,29135,131833.64872071423,109877.12611517023
28149,2024,6,1,22107,75827.06883940434,90796.66715232792
01029,2024,8,1,13143,139775.61367631846,179165.48053776336
21035,2023,7,1,47079,103083.82383608149,101118.10540040552
13279,2020,7,1,13283,59878.18813765928,52661.29834400907
46059,2022,4,1,46005,108031.73124776076,93056.3599674258
13215,2025,4,1,13053,98125.63549197988,70183.37197654115
34029,2024,8,1,34001,323841.23540784745,215603.3464237507
39093,2022,7,1,39005,127814.2890744403,120037.40591731592
29035,2021,7,1,29179,,74470.27394567757
48181,2022,10,1,40095,183210.69504713768,106568.3586218247
27129,2023,4,1,27173,86029.5768614481,80554.1989198359
51199,2025,6,1,51830,323077.1434168036,268051.86337125447
35049,2022,10,1,35028,356100.9303278119,354088.16165881656
41021,2024,8,3,"41065,41069,41049",130295.76343386044,202685.0084422547
48419,2023,6,1,48405,127849.48483380616,115512.2386466501
19013,2022,9,1,19023,89047.14225362994,93306.15353480264
12021,2022,6,1,12051,358570.25917367096,167844.67011199062
28071,2023,8,2,"28161,28107",215939.7598457602,92574.57434871027
51199,2020,12,1,51735,240143.5707426088,247499.05825015364
19069,2020,7,2,"19079,19067",56121.646879977685,58237.638967082006
05001,2023,1,1,05107,54863.362297388034,24060.42665867807
30063,2023,5,2,"16035,30061",398656.49228312814,200898.9441577529
28043,2024,6,2,"28161,28135",63201.106607154456,68776.04395203301
13241,2022,8,2,"13281,13137",222055.0663467519,206600.32242189656
21145,2024,8,1,21139,89120.57575671551,82121.50593913638
47099,2024,3,1,47101,124359.7833450368,139136.25949031833
47047,2020,3,2,"47069,28009",167029.8495102177,65261.58103310245
29015,2022,6,1,29185,108573.88879458544,95427.89222751278
40009,2022,10,1,40075,54906.82747081668,37981.918689437305
20105,2024,7,2,"20123,20141",46459.16255457455,55323.11704087371
06019,2024,11,2,"06069,06031",292857.5487402995,466312.26154023875
47153,2024,5,1,47177,150724.94731693107,155417.35523247227
21083,2023,3,1,47079,86338.20119091595,97138.6795467875
39091,2024,8,1,39021,145531.9565372436,145788.21044160484
13209,2022,5,1,13309,82545.32253759234,58251.08469217516
51029,2020,1,1,51065,110060.23271322204,175067.27837623938
51089,2021,7,1,51690,70461.49163335425,41200.627527437064
16063,2020,7,2,"16067,16025",121142.80810605374,143597.36997167952
17143,2021,8,1,17175,51853.72878919506,78451.43427546066
23011,2021,6,3,"23023,23015,23007",152556.55753830858,185386.3481023955
19131,2023,3,1,19195,94199.82207994652,88256.30269133086
36051,2025,5,1,36037,144544.70100443167,144954.69700835805
01067,2025,2,1,13061,97461.20627999114,59285.459132363496
29065,2022,4,1,29093,81298.68738463736,77092.53297696223
20147,2022,9,1,31061,52899.90418404592,53283.77122530882
35061,2020,9,1,35006,135606.6688546715,60716.241746743115
29171,2021,12,1,29197,72639.90924517757,82645.64113925747
31027,2023,6,3,"31139,46027,46135",120842.40832939884,140344.269689205
48363,2022,2,1,48143,148020.0369907853,169553.89323461807
48381,2023,12,1,48011,170462.63021300765,115800.5612182066
18083,2025,8,1,17185,87885.42360838056,68163.41649949907
17035,2022,6,1,17079,86091.31271732239,74602.30121337315
04021,2022,10,1,04009,316198.5817739096,192526.55852938016
19071,2024,7,1,19145,81291.61403254583,75470.09696591336
44009,2024,5,1,36103,414454.2048289447,477193.12781424186
12079,2025,2,1,12067,96962.32580184234,138057.0557287823
29113,2020,5,1,17013,143684.49277584464,98889.19130593514
48181,2024,3,3,"40013,40085,40095",186118.8858213122,118520.58710283712
55105,2020,11,1,55055,117315.17035215364,167690.30080094433
30075,2020,6,1,56033,83653.35337297931,199359.94650529613
05107,2022,5,1,28027,26895.590010416,28845.612709144523
20117,2020,10,2,"31133,31067",51615.585809698016,64220.453238863425
17119,2024,4,2,"29510,17005",95267.63623166252,75512.93327266227
40121,2023,9,1,40005,68606.53909872244,94390.00628692994
06019,2023,3,2,"06069,06053",268186.45111771656,598774.6873701415
28109,2022,5,2,"28045,28091",94702.82407936089,111979.96142146297
12057,2023,6,2,"12049,12081",277289.84854369285,214560.73408313177
37043,2020,4,1,13281,121643.32513208556,155964.8468131314
13135,2024,8,2,"13013,13117",346630.03286152217,372820.33262679935
18177,2020,11,1,18135,64988.59550870646,58110.13595583723
12001,2025,8,3,"12075,12041,12007",192573.30138369137,162600.00961096468
16051,2020,9,1,16065,206930.34616940512,181568.48576401753
01081,2023,8,1,13145,205900.25326259757,204757.7285760264
31089,2022,4,1,31103,71281.9564932481,99437.78469994184
06007,2020,11,3,"06021,06011,06101",239120.13699313928,222796.43235796565
18179,2021,8,1,18009,111796.96559802564,47201.049788724726
21049,2021,10,1,21173,116499.9644945492,121488.30161317602
51059,2020,5,2,"51600,51610",384880.4507010142,447318.2925558646
48159,2021,3,1,48119,130028.04233846326,71445.75499707973
06015,2021,10,2,"41015,41033",245840.35747383477,279352.92341743445
05107,2020,12,1,28027,28908.613979897153,27330.247408500956
51149,2024,8,1,51670,260577.2808299061,154797.73221700775
39167,2025,4,1,54073,97280.95009862851,101761.62578992885
40113,2023,8,1,40103,95232.21584329192,64304.44124053858
17003,2021,3,1,17181,37816.84472115098,73459.18774306738
06077,2020,5,1,06099,291228.4064109489,262281.93909674353
31143,2020,6,2,"31141,31023",69189.92445753666,98478.66461349608
19027,2025,6,1,19047,112957.21289383908,91942.55287528972
21027,2025,5,1,18123,94207.37101641108,120148.199845133
48483,2023,8,2,"40129,48211",49145.09046383089,88175.90933733372
46023,2020,5,1,31107,,60050.98890759467
18077,2023,7,1,21223,137106.12503085507,125197.17808028145
31015,2022,7,1,31103,106528.45232066192,103861.2851238892
48201,2023,3,2,"48071,48473",199569.7296654624,235684.6331174699
04015,2021,8,1,04012,196574.15442878832,112868.8816229172
21071,2021,6,1,21115,63422.3353445568,62850.78369158334
48369,2025,7,1,35009,87807.55078168656,93276.25993354108
24003,2025,6,2,"24029,24035",368711.5761875175,298177.244860262
47161,2022,2,2,"47083,47005",123443.51524785982,97018.65646731289
06109,2020,8,1,06051,230549.78937778712,322793.1217029405
17005,2023,6,1,17051,67954.9772928877,78964.31577621443
48297,2025,9,1,48255,111292.6148089135,96966.654637357
31101,2024,4,1,31117,132726.63841694212,153468.94407093024
41067,2024,11,3,"41071,41009,41007",445735.0416280587,371677.3378335682
12121,2021,10,1,12041,135055.66535055387,127225.0076174847
19103,2023,7,1,19115,174160.97909625492,82192.00546256933
42085,2025,6,2,"39099,42039",88446.28512421262,80720.92058809602
42017,2022,5,3,"42077,42095,34021",311618.99634580663,204335.0632825467
22105,2023,5,1,28113,148848.54890704682,60337.36000962043
17119,2021,3,2,"17027,17083",80062.51494776095,95072.30080077205
26055,2024,6,1,26089,265734.7456925147,369645.4599844928
46039,2021,10,3,"27081,27073,46011",124941.90799013818,106072.33450188935
05057,2022,11,1,05081,57416.29818258301,74315.21795698146
56035,2022,5,1,56023,204651.1606220639,218887.79265239593
37061,2025,7,1,37141,96666.8758511531,277881.5640667927
06031,2023,12,1,06079,254428.34271424692,629175.6644465668
13199,2021,8,1,13231,79607.61382551062,185928.31007406456
54001,2024,5,1,54093,70763.0157586306,100967.16446930933
28011,2022,7,1,28027,84514.70545350153,29486.04402037025
13181,2024,1,1,13317,110447.13729179902,83869.94852849326
38043,2023,7,1,38083,,75152.08153910072
21149,2024,6,1,21233,110045.9085553922,69896.3536457912
31127,2023,6,1,31147,74879.5482936707,55273.07611560726
28089,2025,6,1,28051,195368.74527050348,41991.99809056273
05049,2024,5,1,05065,100774.45097390276,91070.66814162112
47155,2021,8,1,37087,225814.39510412025,177489.24362331768
19093,2020,6,1,19133,55755.17040222782,58847.12727722156
13289,2021,6,2,"13023,13021",56332.60279997411,60362.3283921672
48223,2025,6,1,48379,158189.19028788913,155967.10656511263
41067,2023,3,5,"41071,41057,41007,41051,41009",436087.2871828689,353419.05455125374
47139,2023,2,1,13213,117559.96293473923,156195.2203233354
48089,2020,1,2,"48285,48481",121834.53675781378,113231.36067177831
51195,2025,4,3,"21133,21195,21095",65117.168312652306,54827.869561812746
46051,2024,6,1,27073,118043.0505087893,83644.44621813008
23001,2020,7,1,23023,130972.12843448196,172833.64688755348
28135,2022,5,1,28027,67567.09795000228,28845.612709144523
32015,2021,7,2,"32013,32001",139017.18161010757,203613.88030890626
12053,2020,12,1,12017,153140.45374700348,125886.0640813616
17203,2025,5,1,17123,126777.18188853182,78079.96831239211
05145,2020,2,1,05023,75453.7397511165,91577.4987036172
55057,2023,4,1,55141,125594.00446408824,112634.63859586616
12081,2020,8,2,"12027,12049",184195.7564011444,85176.31904311785
48231,2021,3,2,"48119,48379",138528.4263968676,100348.7061630718
27067,2023,8,1,27151,149158.16502430488,79851.35117783054
32005,2021,11,1,32510,461840.62721890653,342035.00636093045
49015,2025,8,1,49019,200392.099762628,458365.18335475377
48501,2020,7,1,48165,116723.42898600346,130875.5151377726
27015,2023,8,1,27013,122231.06256108236,181694.93922071072
29139,2024,11,2,"29073,29151",106225.46514704952,134726.53540113487
21175,2023,6,1,21063,98469.14605193632,111113.07044775935
12055,2025,5,4,"12049,12093,12105,12015",145947.54486370247,190830.00684607105
23001,2023,8,1,23023,216522.0179032963,276598.0031774023
13219,2020,6,1,13059,246139.38905667388,138558.54345101895
01019,2023,8,1,13055,121623.41104713564,94296.471029298
49003,2020,7,1,49005,227432.9877337203,224782.59737389663
26003,2024,7,1,26083,118784.64497484991,95257.43525763572
16033,2022,6,2,"30001,16059",155487.97071029086,206789.674709299
27069,2021,6,1,27135,,113818.25732656292
20143,2022,9,1,20123,65928.07994612768,67157.64357886103
06071,2024,5,1,06059,390220.0562396778,784100.2161931641
16019,2023,8,1,56039,282393.99790620833,1012928.147897249
05023,2025,9,1,05137,147373.4207447586,114410.1312826887
37021,2022,8,1,37199,307257.8153027752,188019.10292676557
35027,2025,8,1,35057,216739.74047783273,129464.69665346776
04007,2024,8,1,04009,233392.02532487697,202987.5956791075
48199,2024,11,1,48373,132449.68900805025,94965.98918038084
49019,2022,9,1,49047,425652.203063387,208922.8029283839
21011,2023,7,1,21069,93278.45422536976,80218.88630234967
30041,2023,7,1,30015,127982.25383189433,138574.00024343436
05049,2021,4,1,05065,85778.93537247645,76721.85768698693
41005,2020,6,2,"41027,41067",345228.4784569969,343508.5684546891
21185,2025,6,2,"21223,21103",295749.16386478656,158849.99173812944
13273,2023,8,2,"13261,13307",43140.59626782302,70553.83106647637
29183,2022,5,1,17013,236039.7787751533,103238.4658405065
46085,2023,8,1,46015,,122440.23133302647
53011,2024,9,2,"53059,41009",436905.3338905247,354575.1095315437
48481,2022,5,3,"48015,48321,48239",135135.46861273554,164198.3266858312
18067,2025,4,2,"18103,18023",110819.64405616988,115857.04325119176
42133,2022,7,1,42043,170663.1946977322,137583.49412601534
37023,2025,7,1,37011,155295.20704902825,208012.21076892305
49045,2025,8,2,"32033,32007",380332.12208505534,179009.97836010956
05067,2024,4,2,"05037,05063",48452.38965956696,81576.34357386583
08055,2023,8,3,"08109,08003,08023",143948.52351359613,142081.00552445816
47099,2024,7,1,47101,130198.83767051226,145217.6706025246
39137,2024,5,2,"39003,39173",137453.98888423343,116646.09992923746
37163,2022,6,1,37141,70328.55371965181,251565.1464845039
13243,2024,1,2,"13307,13259",47089.41234729171,63863.431356954425
19109,2022,8,1,19197,83293.61579956807,65349.64946208985
47079,2025,9,1,21035,109978.92997716696,103188.83716781616
47153,2024,9,1,47177,153373.55833033827,159378.52188402935
21083,2023,7,1,47079,87116.46902356388,101118.10540040552
22117,2025,6,1,28147,54928.93693539302,96760.99171394094
48387,2020,9,1,48119,85502.43778935587,62928.49593999613
22007,2020,8,1,22093,101134.93897125933,102988.94651350418
01107,2024,5,1,01063,71777.00850118908,81648.85453501114
12049,2022,4,1,12027,111563.4836188075,158131.54644948247
49015,2022,7,1,49039,,238449.26078967625
29055,2025,5,1,29073,121934.10599017124,124172.5438863262
01047,2024,4,1,01085,38913.67685965953,80894.02347547568
12055,2022,4,2,"12027,12043",124454.68631706855,141187.33930380573
19131,2023,7,1,19195,96206.86640320616,89041.37313548593
48395,2020,5,1,48313,140343.21120893615,81006.56242720214
18023,2021,12,1,18159,101745.67634507654,112402.54567538603
29163,2020,5,1,17013,70586.58247503747,98889.19130593514
28157,2025,7,1,22029,59151.60286172573,47179.17983215821
48339,2024,12,1,48407,241876.4739664219,129015.01523445996
08071,2024,10,1,08023,159342.3675620467,120742.39588639328
27031,2025,7,1,26083,259283.84038956693,97064.40441207278
26063,2021,6,2,"26011,26069",98017.2140533921,82260.28863574761
26069,2024,7,1,26001,96364.27311493072,105840.26670176654
20137,2025,6,3,"20147,31065,31083",53265.79591484705,68968.0571406582
27021,2021,7,2,"27153,27159",127871.66293850704,107101.24833559606
44003,2020,7,1,44001,206563.63584533465,294931.106640418
48257,2024,6,1,48397,245935.1222156425,327415.0266887536
47153,2023,1,1,47061,138728.60303212237,89019.8074944485
37177,2022,3,1,37095,84211.97040817661,95824.4760028298
49047,2025,7,3,"08045,49009,49019",246448.17823275193,364232.59604464535
48015,2024,3,3,"48477,48089,48481",236337.48595191608,162982.63780553013
12011,2022,5,1,12051,209296.2439521103,164152.60247979886
48143,2024,11,1,48093,199728.50394673567,100483.86085582554
13241,2024,5,1,13281,246420.3077265419,243031.8112748552
01101,2024,3,1,01085,73699.12357370126,79383.64972575886
28145,2021,4,1,28009,110402.94966599112,90334.290727557
46109,2023,7,1,27011,113819.16843996424,80736.90187119602
29139,2021,8,1,29073,115609.46585809284,90613.08705635511
37115,2022,6,1,37199,235919.0254879,187715.65155171257
47109,2020,7,1,47069,63399.94241873439,53883.94357391084
08055,2020,7,2,"08109,08003",93878.78947327216,112276.94230384927
06065,2022,6,2,"04012,06025",447554.7886528072,177663.57316917443
53069,2024,12,4,"53049,53041,41009,41007",232198.7965695319,305522.7413324263
30027,2023,8,2,"30015,30107",148242.88214645977,119955.9738596357
48405,2022,3,1,48241,135313.20452114777,118253.97035375328
16005,2022,7,1,16041,240932.3904124536,321768.89069764246
17033,2025,7,1,17159,70157.58073298298,59181.400963776214
17181,2025,9,5,"17153,17199,17087,17003,29157",74361.40659380148,77003.50547640347
39031,2025,6,2,"39075,39083",90839.0122436661,177879.69562541012
37041,2023,12,1,37091,125359.39887685272,62096.22211809015
01047,2021,3,1,01085,39036.57961457462,70799.6942547581
30067,2020,8,1,56029,242425.96427734208,185815.29856131555
47065,2023,12,3,"13047,13313,13083",217681.0222470876,162522.60860523756
19131,2020,6,1,19067,70511.70389240753,61210.62825316371
29005,2023,5,1,19145,70063.71325529904,67794.35914328176
29219,2021,6,1,29073,181995.1906557155,89483.6625275594
22041,2024,6,1,22107,51939.625612913565,90796.66715232792
06029,2023,2,1,06079,234591.22791662745,591652.4596884745
06041,2020,1,1,06095,701701.5629975898,365894.7466816008
19053,2020,6,1,29129,72000.65399711127,53627.031399522144
54019,2023,2,1,54089,60580.523076701946,74454.12387436173
48143,2023,3,1,48193,188326.32412456512,119186.114908971
55073,2023,5,4,"55097,55135,55141,55069",140108.4119669367,137630.27321985728
29177,2021,6,1,29107,113410.15432945522,102404.5381923322
48343,2021,5,2,"48459,48315",90963.49231132928,91987.14165576326
48505,2020,6,1,48247,,49292.211047599914
37111,2025,6,1,37011,145670.85934288907,208843.2475538057
37031,2022,3,1,37095,237531.89519789047,95824.4760028298
17073,2021,8,1,17175,63710.1093605196,78451.43427546066
49035,2023,9,6,"49011,49043,49049,49029,49051,49045",412031.5853427499,480783.4985711426
05013,2024,12,3,"05039,05011,05025",,66773.2833257058
17119,2021,7,2,"17027,17083",81369.64505459036,96441.17957854772
51131,2020,11,1,51735,89053.52678827423,244719.13739266535
29177,2024,7,2,"29033,29107",144256.83845735385,110633.22935943911
12057,2020,9,1,12049,174533.7482299351,74726.34534493108
05081,2024,1,1,05061,82631.70829866287,70060.73014269769
05139,2024,4,1,05011,63350.54000404323,59504.638470604135
13297,2023,4,5,"13247,13211,13135,13217,13013",263311.8481693589,258298.56127730422
22111,2021,4,1,22027,92015.8215939692,85950.29682122883
19023,2020,7,1,19067,71250.53355904622,61338.42250056253
53049,2022,1,1,53027,185261.7610831948,186865.14809286795
51131,2023,12,3,"51119,51199,51735",122047.36154943738,277244.32463275926
47171,2020,7,2,"37199,37121",100272.09472906469,100482.59112961529
37139,2023,7,1,37177,139951.92466777877,79274.51288137845
05075,2024,11,1,05067,68979.97691075555,50317.59687779216
41005,2022,2,3,"41065,41071,41027",438568.8312092698,362268.2542312842
42109,2022,5,1,42087,140177.26504065844,84191.05808987822
29161,2022,6,1,29073,114130.95453774102,105597.99249188237
32023,2021,7,1,32001,210575.9449779668,232798.3092641461
30013,2023,7,1,30015,204827.87477463155,138574.00024343436
37041,2025,5,2,"37143,37187",123077.09655525,94874.91190368733
26053,2025,5,1,55051,63759.75827020544,105272.5441119332
30085,2023,4,1,30091,76987.39692359204,94139.60370684737
13289,2021,10,2,"13023,13021",54868.68848782867,61640.26732046524
06009,2020,4,1,06099,232317.4900340654,261336.0898540197
05013,2023,4,1,05011,,53878.42169771643
26031,2020,7,1,26097,107044.51441846072,81802.5583716194
17133,2023,4,1,29186,174159.41283934982,130426.61618026624
31031,2023,8,2,"31091,31103",110234.5747299304,83980.12176250752
37015,2025,5,1,37187,27596.4226325254,50612.06148820834
47139,2023,6,1,13213,122774.48614089131,159268.75941717977
20065,2025,6,2,"20147,20163",52818.11757510898,56047.640337866935
18083,2024,4,1,17033,85503.90712673201,61817.841827031014
51195,2025,8,2,"21195,21095",64570.1556079066,57200.5986518221
48101,2023,2,1,48197,31487.02821436133,46080.8176095741
51025,2022,6,1,37185,92858.7767632826,117463.42951890126
16031,2020,7,2,"16083,16067",132269.5876811373,149116.06939023914
47011,2023,7,2,"13213,13313",191511.40125256975,157626.29686660302
19103,2025,4,2,"19183,19115",182951.4176024389,108179.45357711706
08001,2025,7,1,08014,396091.63364870986,493069.1906988945
51121,2023,9,2,"51045,51750",212752.96052171415,133467.73024052285
41025,2023,5,1,41037,113885.32497796784,123680.4997112797
36033,2020,3,1,36041,55721.86034565343,75890.78826739786
19081,2024,6,1,19069,87249.35882743607,70463.08889184978
23001,2023,12,1,23023,224289.54216547255,284822.4381725457
31159,2025,4,3,"31059,31185,31143",179446.7613045524,110696.21960014792
48371,2024,5,1,48475,90883.67999939797,103786.8337560509
30019,2023,6,1,30091,90567.9075406866,97383.70398572006
47103,2024,8,1,47117,150873.49056913026,208563.40280588507
17057,2020,3,1,17169,37353.42833913335,73427.98502975015
01019,2023,12,2,"13115,13055",120092.48894464353,114016.27433087799
54107,2024,5,1,54073,100948.3709787987,95844.42015973102
20007,2022,6,1,40003,36862.0448330844,68990.67189087559
42037,2023,8,1,42093,145618.81574798984,160748.88965245162
06089,2020,5,2,"06049,06093",209018.2223598135,101332.5803844936
17191,2025,9,1,17159,58763.86111016965,61217.391848425534
18159,2025,4,1,18023,149943.18545966223,148436.2238610761
16073,2025,5,3,"16027,32013,32007",266694.7598095196,264622.8886738812
46121,2022,5,1,31103,,101284.24729986332
37019,2022,3,1,37141,250666.01792895215,238617.77070176625
51049,2020,1,1,51065,92517.2344649316,175067.27837623938
17113,2022,7,1,17039,124345.10256894983,65638.14852991392
48177,2025,5,1,48493,142925.8704271731,230904.39930432328
30049,2020,5,2,"30077,30043",202926.24113474065,137877.31619486475
06071,2024,9,1,06037,394607.7633677432,640714.404165252
26091,2023,3,3,"26161,39095,26059",126604.5730090572,134362.51014578695
16049,2020,7,3,"16035,16061,16059",125363.84266040348,108282.89466189923
22057,2025,5,2,"22093,22095",100862.54672797908,124142.96941389683
36043,2023,4,1,36041,91053.18810240156,103320.9227730614
48087,2024,10,1,40009,42995.39454940979,63922.22972122937
31131,2024,7,1,31097,130145.78553654371,83652.21446837037
29049,2025,6,2,"29063,29025",161522.62221881686,114230.19316492537
21137,2025,6,2,"21203,21199",108342.73921158002,102361.56573413518
23003,2020,7,1,23029,57514.403292712894,67193.7422789735
27103,2023,8,1,27013,201958.46542856027,181694.93922071072
22021,2022,11,1,22083,,85314.38266931586
39039,2021,8,1,39137,88993.19383970609,118311.2740104374
40113,2024,2,1,40103,97412.47569975637,62941.98281186988
28039,2024,5,2,"28131,28111",122719.995828991,103432.37140509406
13287,2025,6,1,13315,69698.55040814284,57652.59762060223
40055,2022,9,1,40075,41385.605224581355,38244.11144056791
51195,2022,7,2,"51720,51167",59540.144739486794,65726.46426274287
48023,2024,9,3,"48275,48009,48487",,68991.6054105829
51179,2025,5,1,51630,404372.8263939401,322811.4349942547
29027,2025,4,1,29151,146734.51810803908,154733.5105403724
13243,2024,5,3,"13239,13307,13061",49389.432399322024,72652.41282071704
40153,2023,8,2,"40043,40093",72137.06208912091,67895.95797367179
49005,2024,9,1,16071,342261.4807751615,227005.5122314522
29061,2020,5,1,29117,64805.63168204969,62178.23890347744
46057,2023,5,1,46011,148355.6167738087,189473.03118726108
51051,2025,5,1,21195,57853.29747901432,70209.33989427063
06071,2023,1,1,04012,377355.9187001737,128008.13956061535
42123,2023,4,2,"42039,42049",63610.410179676575,94694.3116704507
37187,2023,6,1,37177,50729.20870263653,79725.19249262616
42081,2025,5,1,42093,144995.6202252698,172470.58471172815
35015,2024,8,1,48109,153122.45329600177,85235.53272958749
31103,2021,8,1,31015,83161.03973690652,108129.88739936992
55093,2021,12,1,27163,202009.1362263961,280047.5941930961
27119,2024,8,2,"27029,27125",122469.5766151197,110192.36901465224
51650,2023,6,2,"51199,51735",184114.99939348293,296291.3025030922
39029,2024,10,1,39151,82248.59709212265,110552.27796019745
27139,2024,8,1,27079,308139.83800299914,217633.8453751751
34023,2024,8,1,36085,400771.1346757744,517151.8934745444
37129,2025,7,1,37141,305634.5897083278,277881.5640667927
17029,2023,7,3,"17023,17173,17035",66100.64195202167,78056.56193633948
23005,2020,6,1,23023,241630.33278820672,171736.2027789457
13045,2022,6,1,13149,194145.61225484172,141001.9523616707
01113,2023,8,2,"13053,13259",97104.23455344953,52093.07055367425
55009,2023,5,5,"55083,55071,55015,55061,55029",191886.11731841788,169756.1233612824
51165,2023,8,1,51660,236294.88424370307,220263.09995852297
19035,2024,7,1,19093,75509.35096070723,74642.12931954622
44003,2020,11,1,44001,215263.2688992575,311599.43895405537
27059,2025,5,1,27065,249202.88033334905,158827.05321174345
41035,2020,5,4,"06049,41029,06093,41037",120669.89136228307,133784.19438235788
21169,2021,5,1,21001,64201.22575337698,96802.67800197122
48283,2023,3,1,48127,71964.97152255049,84961.62372617367
18067,2022,7,1,18159,89347.54223128181,122623.17861168238
40069,2021,4,1,40029,51945.826922957254,49178.15890338706
47031,2022,9,1,47051,170960.0684246805,176669.12734193762
16043,2022,7,3,"30001,30057,30031",295521.29713373067,374477.20280809584
29027,2022,3,2,"29151,29051",135077.08852964322,131822.34186477476
28141,2023,8,1,28117,116118.85364974527,90044.21447838674
32007,2020,6,2,"16083,32033",206248.7866552188,122620.15631094167
48029,2025,5,1,48493,170898.07133624284,230904.39930432328
13157,2025,4,1,13219,310112.8741858301,383515.6118972888
18001,2020,7,1,18075,90509.30699282492,53029.06974680984
29085,2022,6,1,29185,100848.29563184603,95427.89222751278
21165,2021,7,1,21173,44522.7445243173,124982.42782487672
20201,2024,6,1,31095,69426.3511843609,54400.57173243752
28085,2025,7,2,"28113,28147",90030.99928955792,76909.73979973416
13309,2024,9,3,"13283,13175,13271",72214.47185421131,73223.52177773746
40127,2023,6,1,40005,80231.48188349088,92650.22280648709
47053,2021,3,1,47183,60343.9032111268,65123.300753566415
48193,2020,1,1,48333,78738.38622792494,154520.092388122
54077,2023,4,1,54093,44444.94632082054,89821.3268157678
19161,2021,7,3,"19021,19093,19035",64160.34161877894,77434.20765087225
36013,2025,8,1,42049,92924.46276300588,126291.18744502096
26101,2022,5,2,"26105,26019",133707.67143626497,172455.17132347904
37039,2025,6,1,37113,133923.2543617906,216866.35044463564
31117,2025,7,1,31171,144766.45874131218,96492.6958062519
32007,2023,7,2,"49045,49003",232687.29278905815,348101.11863251554
22013,2022,3,1,22027,,67441.05903237486
06083,2023,8,1,06079,555571.8247026087,611961.5012349411
19063,2022,8,3,"19041,19059,27063",70218.7294208095,123035.69210643605
42097,2025,6,1,42093,68749.57710167057,172309.42073650347
16015,2022,6,2,"16045,16037",303757.567200995,264673.4957783047
27089,2024,9,1,38099,113848.10876486656,98463.39806561744
20055,2024,7,1,20083,161328.56618312257,76374.27572238202
29003,2025,6,2,"29063,20043",159420.69904152487,99523.31971632876
26103,2020,8,1,26083,86208.11015672311,60888.72479793228
53011,2021,10,1,53059,385365.3204199259,315728.7400873645
29115,2024,10,2,"29079,29211",65575.9817642475,59139.68942470329
47129,2025,9,1,47049,114415.49058948788,141439.42737568566
21099,2024,7,1,21061,100128.08835266111,100315.4368730623
48039,2024,3,1,48481,208399.614087038,123017.1855374332
48005,2024,6,1,48455,117944.44923990389,99650.60035793568
05099,2025,4,2,"05019,05109",,92525.23351549519
13251,2021,7,1,13031,77529.20890656892,118859.0298723284
12057,2025,7,2,"12049,12105",267715.61955874646,174671.2509607132
13129,2023,4,4,"13295,13213,13123,13313",164683.28485214213,172697.8867680272
37073,2025,5,1,37143,133170.41789455808,139137.76231916633
19015,2023,6,1,19079,121031.60709337234,75467.15973926293
39033,2021,5,1,39077,70013.70364420139,90313.378153617
48361,2022,7,1,48241,121896.80222879571,120639.94700724068
41001,2024,7,1,16087,181791.40617778103,246825.4384815327
29131,2025,6,1,29151,158562.54032071977,149807.50086842928
23011,2023,12,1,23023,208980.27135140015,284822.4381725457
53031,2021,1,3,"53035,53055,53029",290362.72501076106,372587.02670295216
55099,2024,5,1,55003,95606.6303495841,110326.96757404796
45013,2024,6,1,45049,342727.4458326562,85668.78180144762
13245,2023,9,1,13163,108598.72614593734,57595.06629573704
29063,2024,8,3,"29075,29061,29003",118776.7577702294,108775.86706199204
31151,2024,7,1,31095,121667.66003715427,55163.32250652809
27139,2021,5,1,27019,272861.78932567453,283899.41659646103
26129,2024,8,2,"26001,26143",97287.82846581998,108630.23787582284
06009,2025,2,1,06109,322068.2627542518,310954.16467141936
48059,2024,3,1,48133,95479.03389387946,59409.64101997685
06087,2020,1,1,06069,568840.966383485,482457.795490189
19187,2022,8,3,"19073,19197,19025",77040.62985996029,67445.06279425044
30085,2023,8,1,30091,79140.15244322836,98686.40856878336
21135,2025,6,2,"21205,21069",73319.19616798103,106057.62192315169
29017,2023,3,1,29123,109040.7276833052,78282.82603535795
21085,2024,2,1,21061,107854.11975652265,95393.1687363957
01033,2021,10,2,"28141,01079",95433.0890615024,120220.95767790332
37039,2022,5,2,"13111,13291",120333.5366349534,261327.9160192118
49049,2020,6,1,49007,279618.5327553507,93640.88166605627
06107,2025,2,1,06031,274387.4932154698,270166.0050768996
18083,2024,8,1,17033,90329.75456080916,62981.75193487768
19085,2025,7,1,19047,106989.7393926377,92404.50828191348
18053,2021,8,3,"18159,18009,18169",61741.52492441511,80273.31635071638
27087,2021,7,1,27029,,91937.08183523756
31175,2020,7,1,31077,59754.37331992396,83621.40726280177
04025,2021,9,1,04012,320267.82660612446,114744.15659305394
45027,2022,3,1,45089,94604.2604148052,54971.60533339164
55025,2020,8,1,55055,228552.07373253416,161067.6291445028
18181,2020,7,1,18131,85341.881573816,62475.25772342001
55043,2025,9,1,17085,138614.0823569123,130562.31430831272
36059,2022,8,1,36005,562182.5725896774,215995.3556359316
18175,2025,6,2,"18025,18143",138100.0007945342,109087.80638138298
20205,2022,7,1,20207,43553.3201072803,45032.59752106426
53019,2023,9,1,53047,155858.28180803047,168034.87180732627
19007,2022,11,1,19185,50000.775830383674,54928.88397561694
54107,2024,9,1,54073,104207.734635789,100950.14318908517
17081,2024,8,1,17145,,63683.74267091375
13105,2021,5,1,13317,72436.88502960581,63918.339971469286
17021,2023,4,1,17173,60695.87558348859,77616.94487697346
01113,2025,4,2,"13053,13259",102623.31768057687,56588.32761935504
29021,2023,6,1,29003,90714.94116417294,136219.20457513424
08013,2021,7,1,08047,439432.3345041799,332445.67745112994
17113,2022,11,1,17147,126522.79350535326,101876.70053935888
13181,2021,8,1,13317,123208.12091998586,65557.51954606474
51175,2023,7,3,"51183,37091,51620",136468.1754376675,89477.76602059358
31031,2022,4,2,"31091,31103",103791.848067527,81305.12206783911
48007,2025,5,1,48057,180824.72917602735,115075.37207652089
21055,2021,7,2,"21233,21143",73884.88378659986,76381.37109183222
20087,2024,3,1,20005,147628.30011424053,78780.5464025456
17055,2021,4,1,17165,57256.07187588646,38722.707256964146
28097,2025,8,2,"28043,28019",70726.60730996658,73154.38562132322
29113,2024,4,1,17013,189389.99472363215,106409.46885665724
17049,2023,7,3,"17051,17173,17035",108004.39008650387,83452.52994972286
05145,2025,9,1,05067,118654.45159478828,48570.72314427657
51710,2021,9,1,51131,183782.05797759013,99199.1146078802
39159,2021,6,1,39021,207827.97928294857,120879.46825105564
21191,2021,6,1,21023,107515.90502872724,99496.12017686096
30031,2023,6,1,56039,462842.2044781482,989419.7919677604
05147,2023,6,1,05123,,39919.68821208474
22103,2022,2,1,28045,190095.3123248187,139915.212993819
48463,2025,6,2,"48163,48507",116968.22588252393,67684.52633268827
38015,2023,7,1,38083,215538.2253872945,75152.08153910072
49043,2022,7,3,"49029,56041,49033",677880.2411519004,334939.9022776925
27111,2024,8,1,27041,172522.1244018095,186772.5894194884
42085,2021,5,1,39099,71637.2881327854,56633.3836019222
16001,2023,5,1,16045,382738.6402341507,306522.69200374675
51149,2025,6,1,51670,263208.58353454625,148349.70345713015
40113,2024,6,1,40103,101545.37355655768,68098.56317090482
22099,2020,4,1,22077,91797.159334762,88125.39297294784
28133,2021,5,1,28027,73539.27562334745,30532.30583382946
26055,2020,5,3,"26089,26019,26009",160935.61283203322,168062.5801098372
37133,2025,6,1,37141,200809.3833228277,278709.72723095043
13103,2024,5,2,"13029,45049",261454.28980312435,186466.69444925443
31129,2022,7,1,20089,56277.10614082913,46114.435810359944
51027,2025,4,1,21195,47922.97047241638,69778.32388569225
36087,2024,7,1,34031,494933.9252525049,421636.338468513
41063,2020,2,1,53023,168722.2780086806,94227.10864141762
17143,2025,5,1,17123,69314.94202326842,78079.96831239211
56031,2022,7,1,56009,136521.8399858321,176493.14076996446
51683,2020,8,1,51685,244456.25716355263,252482.8609219593
47163,2023,9,1,51520,151167.03011111912,100887.7574526472
51059,2024,4,1,51600,484459.40035514225,506653.57468734187
51153,2021,6,1,51685,354482.37563466217,286197.0831395549
42123,2023,8,2,"42039,42049",68957.98546398584,97111.01340555408
05139,2021,5,1,22027,61743.589239953646,80614.84694109189
06029,2025,2,4,"06111,06031,06037,06079",264356.7712768943,563365.6882777713
17013,2021,7,1,17083,104649.426370235,93486.73863055743
55067,2020,5,1,55078,79523.2595829103,103527.37018362065
24001,2024,7,2,"42057,42009",77928.20850593805,112902.58145416618
27007,2024,6,2,"27029,27071",150939.66693305373,87266.46993243831
01041,2021,3,1,01085,53991.27736754348,70799.6942547581
13077,2021,12,1,13149,221892.512581962,129146.32866704935
19193,2025,6,2,"19047,31173",124710.87888419122,77337.90050816919
13107,2025,6,3,"13163,13283,13175",60663.3195943053,64620.962320745886
16039,2021,5,3,"16025,16015,16047",210815.6431808404,201629.79195035715
56023,2021,8,1,16007,187840.06827858996,182235.47496859916
29186,2022,4,1,17133,123919.44663723,170901.34378883636
05061,2025,5,2,"05113,05109",75979.01579688692,96706.75693635017
48471,2021,5,1,48455,139662.98833713846,92420.41601857213
55133,2024,7,1,55101,336147.01847948256,180004.33232722458
06047,2021,12,2,"06069,06085",297308.8508757633,787941.6491087133
06071,2021,12,1,04012,342906.1933813547,119758.28306119896
20071,2025,9,2,"08099,08061",74473.07033587333,94077.22236544898
55067,2023,6,5,"55078,55083,55085,55041,55069",103711.21615303306,118045.13396301081
55009,2023,9,5,"55083,55071,55015,55061,55029",201195.82727378304,176472.98821457458
17023,2022,5,1,17079,69154.66255918716,76164.57646214637
28155,2025,8,2,"28043,28019",98689.50172860287,73154.38562132322
17017,2025,6,1,17009,66023.65803199496,82979.465533355
12097,2025,5,2,"12105,12093",289031.75405167154,204030.89456385243
06019,2022,6,2,"06069,06031",275432.5965680953,454584.71194259025
48205,2023,5,1,35037,148342.49269797467,59270.22730581735
13095,2025,8,1,13037,59180.94505603296,38786.220027035386
27173,2022,8,2,"27081,27083",82031.5749206366,92393.32862493208
51097,2023,6,2,"51119,51095",151324.97996798472,254814.6827866537
29186,2025,5,1,29157,145698.10881916145,131671.3164992924
01119,2024,12,1,01023,67952.8384711609,82652.27489319575
16017,2024,9,1,30053,420033.8421452902,260220.74316903143
47027,2021,5,1,47137,81534.86342429707,100019.00130391958
13017,2024,5,2,"13315,13271",62311.30696850791,64787.37147854398
45029,2024,7,2,"45005,45049",127910.51718252109,64773.80713316967
48163,2022,4,2,"48127,48013",93642.41954157576,124923.40169704307
55119,2023,7,2,"55107,55069",132872.15586633762,111581.29342795456
17087,2024,8,2,"17151,17199",102526.4889808277,76483.69121164529
51163,2024,4,2,"51678,51530",176982.65567582718,156764.5426510913
48477,2021,6,1,48287,192017.74684463776,176245.69793390913
05067,2021,11,1,05037,47753.24583745783,64083.630893609814
30057,2020,6,2,"30043,30093",243070.59920010215,133070.43544639685
26141,2021,9,3,"26033,26097,26031",88494.5309331126,101054.59742978345
48077,2021,5,1,40033,105510.81633239827,41757.816441748735
51051,2022,8,1,51167,54559.016729362345,67849.01535193941
13175,2021,3,2,"13023,13283",87735.2739039597,62279.1754763489
40045,2023,8,3,"40043,40129,48211",47662.92517001765,80849.6200365066
08073,2025,4,2,"08061,08025",153344.09846873864,104947.99956254469
27115,2024,9,1,27065,131180.53339247475,162052.49874925075
55091,2023,8,1,55035,143753.08292970332,201634.90606246088
37027,2024,7,1,37011,132552.96341476767,213849.13447578344
54041,2020,11,1,54021,53506.41671798727,44700.52713328464
48467,2025,6,1,48379,173537.0042132967,155967.10656511263
01125,2022,4,1,01107,129422.0940872399,77009.44119443024
20025,2024,7,2,"20097,40059",41615.90136071184,60749.511958787174
26101,2022,9,2,"26105,26019",134271.39852897133,171338.9639939322
55029,2020,4,2,"26089,26019",145543.11940002674,194915.08872163808
51003,2022,7,1,51540,305417.3394125102,308122.474018485
54095,2025,4,1,54073,61785.52228102847,101761.62578992885
29087,2024,10,1,29003,93258.73029433498,150242.5108426053
01121,2020,8,1,01029,71274.41083958646,98800.251390159
29121,2020,7,2,"29103,29205",59792.189267495465,51385.19385535259
06083,2023,12,1,06079,572587.1266420648,629175.6644465668
47111,2025,4,1,47159,160177.18929638606,183507.41439121263
13215,2024,8,1,13053,99672.82072489853,75623.92710155733
28155,2022,7,1,28013,94014.22409492424,62558.295085165846
21107,2021,4,1,21233,60062.03305603453,59532.519406368025
17165,2024,3,2,"17151,17199",45672.69057212378,74504.33154948468
40113,2021,3,1,40103,89648.59528508298,54652.95209464404
18045,2021,6,1,18165,80267.60940746585,63425.13182941343
17159,2020,3,1,17079,57882.02726809575,72942.22841700706
22033,2023,7,2,"22037,22121",128106.92969757742,142587.75269325252
39065,2025,5,2,"39101,39063",100411.92898807522,121688.82372239693
39103,2022,7,1,39005,191649.24068600513,120037.40591731592
45057,2025,6,1,45023,208220.12978491475,120707.80359792996
41009,2021,1,1,53011,278279.04522806226,339244.2520359482
28013,2025,5,1,28043,77966.16838136234,61657.46469352612
06053,2024,2,1,06079,616254.3579932378,628525.0899910034
39069,2023,4,2,"39173,39095",102042.2431235358,99423.99556447353
19169,2023,10,1,19079,166356.59197816942,80160.10195741303
30097,2024,7,1,30037,245175.38288937835,127787.95509113296
29055,2021,4,1,29073,97363.86895948763,86529.60445430856
48225,2021,4,1,48455,123595.00284036624,91404.7910608877
55051,2024,5,1,55003,104845.85889727226,110326.96757404796
45051,2022,3,2,"45043,45033",189953.26566016627,114380.02392302043
47167,2022,1,1,47097,147328.78932416753,62347.4577441244
06097,2021,1,3,"06033,06095,06045",508091.6644524793,316247.298470368
13311,2022,8,3,"13281,13291,13137",155657.91548443038,210471.54804094683
32031,2024,12,1,32029,409330.242303351,337289.09783305886
05139,2024,12,1,05011,60319.67004117995,57733.884570658665
31127,2022,9,1,31147,73527.07370879992,57205.614218303584
19057,2021,12,1,17071,68279.1271182126,67271.70839338786
12083,2024,6,1,12017,205002.7189932127,201039.88071230208
05067,2023,4,1,05111,44428.44382914942,71311.57970327298
47145,2021,5,1,47105,128129.40811115464,173979.101743608
25005,2021,9,1,44001,310500.39381301176,357542.187395829
13243,2023,1,3,"13037,13307,13259",40059.80160256409,52618.54546666655
29001,2025,7,1,29199,102771.63170787696,73445.41757673745
20103,2023,4,1,20209,181285.55851331193,114977.68881165008
17055,2024,9,2,"17199,17145",48809.3319867824,68500.01526950183
26041,2023,4,1,55029,88167.3813755567,199179.41587372287
20019,2021,3,1,20049,25672.459696482983,25632.782557747192
19079,2024,7,1,19069,83829.0116566445,70902.48158191517
20021,2021,10,1,40035,46976.77708589315,66532.1946420311
06099,2023,3,1,06085,349683.81095525814,958002.2209176732
17149,2020,7,1,17013,43900.001626777965,100504.81998889968
26061,2022,4,1,26083,86587.5983861247,76618.67222046656
48485,2022,6,1,48077,91645.8841200111,120775.98221954056
27139,2021,9,1,27019,284067.2497831131,298691.7998181824
17157,2025,5,1,29157,78375.52716770903,131671.3164992924
21139,2021,3,1,21143,71595.38829817843,93541.22476058942
08085,2021,8,2,"08091,08029",250593.24023539695,308142.0826273544
08023,2021,6,2,"08021,08003",106716.8915278327,129850.14066289872
28003,2020,4,1,47069,80536.14238965175,54378.17452810381
40151,2020,5,1,20033,45922.067891795064,37178.34107929322
20029,2025,4,2,"20089,20123",55357.99845768729,62922.73911101361
39155,2021,12,1,39133,62070.657865753594,133201.5121988708
25023,2024,1,1,25025,440469.0923699449,508211.9652163575
26133,2021,9,1,26113,98838.60672533009,131921.89671550435
17019,2023,4,1,17147,114947.42426606668,103863.08123872044
05123,2025,5,1,05077,39312.11558939746,62789.80429601206
38049,2023,4,1,38083,105729.67463888718,85612.7783931129
45027,2022,7,1,45089,95502.99395981008,56474.72636612821
06091,2020,7,2,"06057,32031",140439.45251196317,315849.2191049436
08027,2023,5,2,"08109,08043",226377.2525700928,175589.75496376745
13309,2020,4,1,13283,,51423.987525780416
18165,2022,8,1,18171,75216.6158952755,102623.43096568598
12015,2022,8,3,"12027,12043,12051",263133.1989500589,160712.31073095792
45003,2024,5,1,45011,108426.5882290754,84284.5399060727
51191,2022,8,2,"51520,51167",126544.1195806593,78872.71779693272
29025,2022,7,1,29033,97886.43573028716,73759.09796654053
13023,2023,4,5,"13175,13153,13091,13235,13319",79182.94247479133,88305.87550399001
29163,2024,4,2,"17013,29173",101407.78784076596,119734.62856460926
06013,2020,4,1,06095,457731.31000260566,371422.1259223626
13245,2025,6,1,13163,105492.33526008746,55256.23194810774
48007,2025,9,1,48057,178736.58710468723,113265.42818113486
06001,2021,3,2,"06013,06077",661259.2829067307,424884.7402144404
31047,2024,4,1,31073,116915.46491326614,153315.88361104697
08095,2025,9,1,08115,161471.09733538632,89748.23402955238
37181,2022,5,1,37185,82628.44521199154,116924.47427966516
48117,2023,5,2,"35009,35037",98777.14601990073,79338.9899212333
41057,2024,11,3,"41071,41009,41007",344091.8166450219,371677.3378335682
42125,2022,9,1,54009,102631.09873927104,62930.47125255185
55003,2020,6,1,27075,75771.38857363646,96457.4340414626
38059,2024,9,1,38089,174383.53036453886,180218.56330338065
35047,2025,7,1,35057,165172.42951535725,129160.38062392909
13303,2024,8,2,"13163,13125",80821.97816206627,90756.67804854506
22103,2022,6,1,28045,196169.29612566656,146820.3911093765
36027,2021,4,1,36079,253016.64520824945,288384.2181554077
47047,2024,4,2,"28009,47075",225870.4594421586,85730.20035136276
18073,2024,5,3,"18181,18111,18149",177186.02360842796,124955.82268059289
42047,2024,4,1,42023,74791.06090001279,39503.058211795345
17163,2024,4,1,29510,70855.18131048817,75744.77277989221
48109,2023,9,1,48243,84968.83167007372,151327.98108693573
13263,2025,5,2,"13053,13197",77176.99047012195,75192.64399983137
37043,2024,7,1,13281,215707.42290957985,245600.4950140786
35035,2020,9,1,48141,93293.62974228604,113123.50825750332
01073,2023,7,1,01007,96047.13420961476,152498.4489938276
49025,2020,7,1,49021,200560.84837747295,171043.3560814009
30025,2024,8,1,30109,91409.42369039926,100981.18774723713
51059,2024,8,1,51600,491711.7293173019,514881.23806385463
42027,2022,6,1,42087,192509.67337647476,85307.54125906368
45009,2024,5,3,"45005,45049,45011",70310.03465036738,69441.13136121485
29023,2023,7,2,"29069,05021",79488.40200152677,59142.510134450655
42037,2025,9,1,42093,152408.9428687912,172813.68058275053
46123,2023,5,1,31103,,101754.24100270677
06061,2021,10,1,32510,500849.1216247049,340742.8201357687
29219,2025,5,1,29073,234363.89498733857,124172.5438863262
31033,2025,6,1,08115,91084.89203764328,92422.6601585687
05147,2022,2,2,"05037,05123",,53798.97139996551
05061,2025,9,2,"05113,05109",76596.90008104236,99312.99969571884
22115,2021,9,1,22003,74525.72943584518,49883.9838172443
48183,2021,5,1,48459,96504.59216658586,114658.20992836938
05095,2022,2,1,05123,,39672.053453049935
21043,2025,6,2,"21205,21063",105248.15135691482,108928.79238938788
26123,2025,5,3,"26105,26133,26117",145287.01800577575,131902.62491786163
13285,2024,7,1,01017,127496.91100106249,74025.48960688003
06067,2023,1,1,06013,407334.9530244006,573261.8095349735
29147,2020,5,1,19145,82208.89143106129,59013.63490932959
04013,2024,8,1,04027,356034.18138809036,210364.78452002633
21083,2021,2,2,"21039,47183",74051.28766665135,58987.909156446985
28071,2024,8,1,28107,244578.39057822045,108381.09713990294
13169,2022,6,1,13159,129936.64019568694,171273.66804760203
06051,2025,5,1,06109,477098.1216586879,307234.4419078442
53065,2023,4,2,"53051,53043",197013.6310958804,181892.65711961017
22009,2020,4,1,22077,95420.3501527857,88125.39297294784
12099,2022,5,2,"12043,12051",246567.1973901726,146238.15350221196
30063,2024,5,2,"16035,30039",420534.4799624437,217052.18555188883
12023,2025,1,2,"12121,12041",156227.05177800913,165545.01009798155
06057,2023,1,1,06091,433464.38545921,194759.0907069144
47163,2022,5,1,51520,134238.04040889218,87464.69206969254
29167,2022,4,1,29185,141853.68337612858,92420.71202555344
47065,2024,8,2,"13047,47121",230154.76354549345,184085.72941114672
47047,2021,3,1,28009,179986.17647047862,91138.01927067364
47135,2022,4,2,"47039,47005",89847.23680855722,87338.80553344238
50017,2023,9,2,"50005,50001",188335.48470517265,219828.40563850477
29147,2023,6,2,"19145,29003",112454.06951801624,102215.41135134295
20105,2025,7,2,"20123,20141",46291.301305156194,57503.23226763511
20077,2023,7,2,"40053,40003",32556.72791325512,57634.307918014165
26099,2023,4,3,"26147,26163,26087",148750.77227264625,124211.92125073138
21083,2024,3,1,21157,81689.84979944001,124346.9902857381
31027,2021,5,3,"31051,46135,46027",104241.17516955688,113144.60731028847
06003,2020,7,2,"32005,06051",216809.63363813175,336931.92397459334
08033,2023,4,2,"49037,08111",169015.4565700743,269621.4881307435
38103,2023,7,1,38083,,75152.08153910072
47049,2024,7,1,47137,146526.56944889284,115533.48244849558
22079,2020,12,1,22039,89026.21166546755,60432.83866684438
31077,2024,4,1,31011,96094.33715921246,127521.7981737168
46115,2021,5,1,46005,52566.81815583873,79934.03262421978
42123,2025,5,2,"42039,42049",73961.04280973568,104541.27746665018
13121,2024,8,1,13117,255077.78995678385,457479.46236893255
28067,2024,2,1,28111,75897.58987166158,84603.51048649632
18037,2021,8,1,18101,127594.52524137493,78023.12842369238
26073,2020,4,1,26133,105863.57770554344,75396.03962208488
20205,2021,3,1,20049,35673.076390520786,25632.782557747192
17025,2021,8,1,17079,47828.69197191008,78196.76063088665
39081,2022,7,1,54009,50307.9910649088,64500.05213793986
55029,2020,8,2,"26089,26019",147266.58922485347,197150.94863683463
56023,2023,5,3,"56039,56041,49033",234156.40977364485,491846.39072724147
16041,2023,6,2,"49033,49005",300534.51162541454,326931.9034872785
12081,2021,10,1,12027,232640.60893026728,127591.06754636706
16075,2024,7,1,16087,291166.3498703439,246825.4384815327
27011,2021,8,2,"27073,27149",69833.88774632971,90735.92523080308
13045,2024,7,1,13143,212326.7641950896,179007.01143679515
17167,2022,7,1,17129,72936.8514121715,96570.55801206692
51131,2024,8,1,51735,131040.93000141883,315263.576592189
31145,2025,9,1,31065,92201.11121581068,70023.30975952286
05075,2025,7,2,"05121,05067",69629.76197412425,61264.51691880075
05015,2024,4,1,05101,151985.33880444235,136284.6165781989
13265,2025,6,2,"13221,13301",62168.91467135429,122378.08377559262
39167,2023,3,1,39115,87304.80522846874,67787.18128525904
28109,2023,5,3,"28073,28091,28035",92660.50756814716,109313.81001121714
40083,2021,5,1,40103,145526.42585596014,56094.279431496194
40113,2021,7,1,40103,95092.2171085634,56435.4049249404
41031,2022,7,2,"41065,41013",302516.2795712243,307613.67589689774
31119,2023,8,2,"31139,31003",145836.68454936668,97034.64106960146
38091,2023,5,1,38003,,89225.32939709623
29099,2023,2,2,"29221,29186",171952.911444469,107637.25054968757
51027,2022,5,1,51167,53561.3486331675,68500.00254639707
19179,2025,7,4,"19007,19107,19101,19051",71790.55150612783,81851.16965637886
21105,2025,1,1,29133,64831.048047234224,54364.434343101464
29021,2025,6,2,"29063,20043",100651.02269661956,99523.31971632876
16051,2021,9,1,16065,280812.64201407845,242868.81000978855
35013,2020,6,1,48141,126043.87174092163,110065.30920135169
28013,2025,9,1,28043,72317.95853138606,65006.34288691136
13239,2025,2,1,13061,54970.74081770027,59285.459132363496
45087,2025,5,1,45023,63491.453292200495,120530.72177720664
20105,2022,6,1,20123,40955.5968822287,65498.200860375415
47167,2022,5,1,47097,149825.91198582723,63825.32901892089
42033,2024,4,1,42023,66653.57606312541,39503.058211795345
32023,2025,4,2,"32033,32015",222197.0017266168,117552.94568292168
49003,2024,10,1,16071,341722.9140958474,228092.96937318277
01013,2021,3,1,01085,56595.8035401837,70799.6942547581
05067,2023,8,1,05111,46045.909792267696,74916.28907230792
49023,2025,8,1,32033,315784.9365726994,107905.86834549032
22045,2021,3,2,"22047,22007",66588.57663143752,99455.01903647729
21079,2025,5,1,21203,188859.72873345783,98046.99483307048
18149,2020,5,1,18131,75425.18408971322,61949.93461180719
31015,2020,6,1,31107,105222.37925199947,61290.13529199837
13107,2021,1,2,"13283,13031",52091.52173819017,85609.24170878503
17149,2025,5,1,17009,53709.91651879618,82471.3756077284
26085,2020,6,1,26133,,79231.14230640345
26061,2022,8,1,26083,86792.84535545732,79199.27525794953
26107,2020,4,1,26133,100575.35223123035,75396.03962208488
35007,2024,7,2,"35055,08023",109254.5878631861,212196.36748553376
56041,2025,7,1,49043,203943.07376785553,647161.1326790624
46009,2023,10,2,"46067,46135",95125.20974411584,134508.14311669613
18017,2023,6,3,"18131,18181,18103",85163.88759028394,95455.99661036418
48471,2020,1,1,48313,121326.72955615404,77009.08308367628
30081,2025,9,1,30023,402390.3021332076,179016.4714839663
47161,2023,2,1,47079,117152.29233672057,97368.06086412266
53065,2020,1,1,53019,133131.01554070428,138528.4431437763
27127,2022,9,3,"27101,27083,27033",82230.94780155383,92451.9087733348
20029,2025,8,2,"20089,20123",54736.719072021864,59321.070536642095
28161,2022,5,1,28013,88831.19161272973,61296.284126869934
12017,2020,2,1,12053,111178.50349828822,135765.27142681088
48001,2024,6,2,"48161,48289",126221.27897012173,153951.2482775109
25023,2024,5,1,25025,450017.6604051809,522845.8909148841
28029,2024,8,2,"28063,28077",72978.32185192809,74745.55034043043
19147,2024,6,1,19151,80325.11291579164,49739.287969585566
51087,2023,12,1,51036,264982.3188448728,165597.94036188212
20143,2025,4,1,20123,76996.44329803553,76605.29119635731
54107,2023,8,1,54105,96211.03422795096,54685.41999890672
38049,2023,8,1,38083,101738.93964716216,72694.76117387235
30047,2020,5,1,30089,194892.02469965376,138670.23190309948
53077,2020,5,4,"53041,53053,53037,53033",168011.28481638466,287518.1568566612
13001,2023,4,1,13279,73758.13597182538,66815.39284688445
26011,2023,8,4,"26129,26063,26017,26069",82952.58488144347,94508.98344672243
25005,2023,6,2,"25007,44001",357611.8928774333,664228.5329686569
48301,2024,5,1,48475,,103786.8337560509
06013,2020,8,1,06095,459231.92651954567,374460.6766436069
16071,2020,6,2,"49005,16041",116741.53473762254,212226.8550088283
06067,2021,12,1,06013,391963.0645903468,565800.3602535225
41053,2024,12,1,41071,376554.2095073957,402041.5338906528
19113,2025,5,2,"19055,19105",143566.96978091434,116636.62392538466
20125,2025,4,1,20133,43375.822467708385,48162.730802378435
21011,2024,9,1,21181,98101.59151363534,108323.85149278631
26131,2025,5,1,26083,68647.01363161816,97762.3020758902
06031,2023,4,2,"06053,06079",241974.10742623053,585221.9389470273
28047,2022,6,1,28045,130844.94244090543,146820.3911093765
23001,2021,7,2,"23023,23007",165274.1298110703,174177.28407922407
41029,2025,7,3,"41019,06093,41033",327373.090458156,233433.43377503566
06037,2020,8,1,06111,456490.0022369346,487387.40103152674
32015,2022,7,2,"32001,32027",124816.76477810966,198474.33805445358
51179,2024,8,1,51630,394733.63584698667,318513.81950203684
26003,2022,6,3,"26153,26095,26083",108715.98749540032,76075.53574160463
47131,2024,4,1,47095,70990.8482638175,61577.42176979146
22099,2020,12,2,"22047,22077",94854.44087858465,98503.22350990481
19063,2021,8,3,"19041,19059,27063",64231.65224551074,106379.00653009953
38069,2024,9,1,38083,,66745.48591483542
30039,2021,7,1,30023,196139.4873983343,115268.54290788998
28075,2025,6,3,"28023,28061,01023",50978.8209238174,73774.58909142499
47115,2023,8,2,"47061,13083",138648.4830887029,113173.51357900273
16019,2021,7,2,"16065,16081",261174.03367055595,326740.69178913056
37021,2020,7,1,37199,215223.13434665752,119520.75408541811
39009,2023,2,1,39115,75142.43579211093,67872.34138716648
48323,2020,5,1,48507,113233.20584567124,43178.44530217324
13271,2022,10,1,13309,51752.50642840818,57012.909930111
08051,2024,8,3,"08029,08015,08109",377846.7539570056,284558.5827816301
21001,2025,5,1,21169,108795.53249774151,103545.965923018
47123,2021,8,2,"47105,37075",129682.62593309286,135913.42630131403
21027,2020,1,1,21091,80710.56035951948,86523.18134643212
44001,2025,7,1,44005,477829.0668401478,493586.7463372108
23007,2025,7,2,"23011,23001",173352.18763629117,229870.69897802177
40059,2020,7,1,20033,34648.57554500241,37387.06170762499
45009,2024,9,3,"45005,45049,45011",69780.84739282081,73644.71120636073
51041,2025,6,1,51670,305257.69214752404,148349.70345713015
46027,2020,7,1,31027,105991.75908695428,90376.52286335726
23005,2024,3,1,23023,385384.0367193604,288058.3630121956
29183,2020,4,2,"17013,17083",181733.604240944,90473.00387322064
12015,2024,5,3,"12027,12115,12055",250849.21754769995,211500.10468336448
06085,2020,3,2,"06069,06099",792201.1175577802,375504.09538262134
40047,2021,9,2,"40103,40003",55363.033600255825,58722.31627103062
51191,2024,5,1,51520,149032.2675537533,110030.22652801474
28143,2025,1,1,05077,95625.9886384848,69813.76453976236
30063,2021,8,2,"30089,16049",346884.85590701,183984.98283588566
45011,2023,1,1,45009,83012.24053160254,58795.040275121595
05095,2022,6,1,05123,,38359.77348672429
51195,2020,2,1,51720,42107.19941686118,42722.23750024601
48423,2021,8,1,48459,137495.05995839328,120530.78193233928
31153,2023,6,1,19129,242747.10486994655,146168.54792122656
29091,2025,8,1,05049,126394.07980587654,106510.68014574274
48117,2020,8,1,48369,85162.32748457252,72544.57903925896
33009,2020,12,1,50017,150835.77771958566,142191.25657163715
26103,2024,7,3,"26013,26071,26083",128924.1339156881,82715.75670514588
35055,2025,7,2,"08021,08023",299817.5231087899,111572.05859827962
49015,2020,6,1,49007,,93640.88166605627
05147,2025,7,1,05067,,48182.52089247294
29055,2023,4,1,29221,114554.20174381208,90987.65318592942
48295,2024,5,1,40045,73143.89282395055,45891.55157764466
05095,2025,7,1,05077,,61075.67050057766
27001,2024,8,2,"27065,27095",136585.55349846077,178179.16774206585
26067,2025,8,1,26117,170933.03710122165,135671.57845703932
56013,2020,5,2,"56017,56029",126334.06038074044,131190.67246271545
13263,2022,8,1,13053,90014.27645962016,66020.50947441165
01005,2021,4,1,13259,81486.20973156458,38583.68596994295
05135,2024,8,1,05065,86392.78374754579,95215.77557399776
19133,2025,8,2,"19047,31173",72642.82513164972,76227.26858527295
28149,2024,2,1,22107,72488.4828647157,90397.4811849355
41039,2024,8,2,"41019,41035",349685.1839186498,212532.24812132076
46025,2023,6,1,46005,93805.51022893364,99406.30156004836
39119,2021,9,1,39115,93018.8052207805,71082.93139080708
37069,2022,6,1,37185,230176.36845565296,117463.42951890126
44009,2022,8,1,44005,377687.5677963191,426118.24594547
38055,2023,6,1,38083,97842.79998131898,78855.68789244896
47013,2025,5,3,"47173,21235,21147",123186.79967343668,109284.71568237785
31117,2023,4,1,31091,154891.45633980134,66478.03110032069
45003,2021,6,1,45011,126858.46824488098,85583.70417665713
44001,2022,6,1,44005,403781.61750697304,423816.82483977755
06029,2022,9,1,06079,238447.9808735575,601740.4074705857
12085,2022,4,1,12043,242088.6190221434,124243.132158129
31181,2022,7,2,"31061,20089",58236.58922871912,49973.18070212057
22125,2020,9,1,22077,182007.40623643415,92146.51164139187
01041,2023,4,1,01013,62672.94861761208,58600.57220360918
22011,2021,9,1,22003,119271.22209438642,49883.9838172443
19009,2025,4,1,19047,73241.79105846812,92784.84808298729
21185,2020,4,1,21223,205693.56448129992,85114.54439374406
53015,2021,11,1,53059,271825.3775895136,316372.1725734785
37153,2021,8,1,37007,59818.692563161545,61862.03754318972
08013,2020,7,1,08047,379923.11399832583,268269.7068544579
06041,2021,3,2,"06013,06095",811946.1554923499,465570.8100954755
28093,2024,7,1,28009,115360.03916415753,83935.0801588564
49045,2020,6,1,32033,252331.968103349,82933.1822330231
12029,2024,5,1,12041,119280.97730234209,167905.25429653618
20099,2025,6,1,20133,41788.54248837653,47259.356382901984
26123,2022,8,3,"26105,26127,26133",131389.92993693938,121146.90682509767
20077,2022,3,1,40003,29678.45816870485,67797.93253030835
35017,2025,9,1,35003,109286.48378536112,142575.07282754732
13239,2022,5,1,13259,56625.907655171235,41997.47077598505
22033,2022,6,3,"22037,22047,22121",128801.78451075788,123466.22935755632
27129,2021,7,3,"27127,27067,27023",77017.73734437111,94393.99581519292
17191,2020,1,1,17121,50860.679685660514,55022.1540802522
39167,2023,7,1,39115,90674.0838342948,72840.90915739856
32033,2023,8,3,"49027,49023,49045",103465.49220120512,294771.4271251695
20207,2025,6,1,20133,45578.82706048275,47259.356382901984
55061,2020,2,1,26019,122552.3473793621,141727.89442131456
49015,2025,9,1,49019,202518.8186511133,460161.1336536317
27111,2023,8,3,"27041,27153,27159",163921.68784260305,140582.53753752625
53001,2024,6,2,"53025,53021",207369.77869140697,288143.50259931013
08055,2021,7,1,08003,127961.8706355318,158532.2358633588
54083,2024,1,1,54093,80249.75170150877,96209.46912594092
06029,2021,1,2,"06083,06111",184476.54446667075,473564.4640428526
17061,2020,7,2,"17013,17083",51084.50819062776,89635.98659034265
45087,2025,9,1,45023,61188.96819642938,119440.57438632422
47167,2022,9,2,"47097,47075",155744.94672930602,71037.75167698933
30027,2024,8,1,30037,164913.2263091584,128703.22797295934
32023,2025,8,2,"32033,32015",218501.28643416657,115497.59040241288
29093,2021,8,1,29179,67989.89556319018,73539.5533494538
18083,2025,4,1,17185,90049.63867158767,66380.3216978794
21009,2024,7,1,21061,121702.98192747786,100315.4368730623
13007,2023,3,1,13037,82542.56904433224,44953.54645901886
48251,2020,2,1,48425,163530.92015238173,169944.97727640954
30111,2024,6,1,30037,277025.18487447914,127784.19845909953
55083,2025,7,1,55041,168893.1597162131,98489.4051088193
08099,2021,6,1,08011,82450.15580899866,72110.93302525005
55133,2020,6,1,55055,243612.7761079817,160313.15110075826
55105,2020,7,1,55055,110021.47768400448,160491.645507072
19017,2020,6,1,19067,108431.35203285624,61210.62825316371
05005,2025,6,4,"05049,05129,05065,05137",143417.52837333755,100742.9151182268
01089,2022,7,1,47051,198080.5581325908,177718.4279759756
48115,2020,6,1,48165,,129126.97464384894
13299,2020,9,1,13005,50748.88713739885,43760.76218499868
48245,2021,4,1,48199,89948.77335473862,133732.31224489037
18013,2022,4,1,18109,196616.6048223366,175771.01404317518
28109,2022,1,2,"28045,28091",93288.85704226606,112267.6763121736
39089,2025,6,1,39083,206739.1798637302,165522.63943765432
50005,2020,5,1,50017,111345.69462300224,131275.62101773228
42011,2022,7,1,42077,164305.42634777227,205504.41128879928
39159,2025,5,1,39101,254704.7974639853,93355.44000397698
22037,2024,5,1,28005,127911.16070944704,80671.41713285644
56007,2025,6,1,08107,112865.6237783052,577901.9403412539
29215,2024,11,1,29105,112332.43336886357,135135.04196279877
48471,2020,5,1,48313,124886.88282805371,81006.56242720214
13189,2022,7,2,"13317,13301",107465.77891215388,68169.4535144136
17167,2024,4,1,17017,84812.10615222318,59664.15800726059
26037,2023,7,1,26155,175051.21719525315,112976.44281450612
22073,2025,1,1,22083,82329.4882842137,94048.32992541172
08089,2023,5,1,08011,90146.54747898033,64315.03424179457
19139,2023,5,1,19115,100186.69417721072,80739.38208667639
37139,2021,6,1,37073,123746.55109062516,108907.46788290418
19151,2021,8,2,"19041,19021",44190.925658785454,89078.54238567952
17033,2020,5,1,17079,,77299.65503977664
34011,2024,7,1,34001,170593.76552565998,213911.2235719506
12043,2023,4,1,12055,138906.4865501437,137988.88795639324
53063,2022,6,1,16009,312458.4257908981,217638.22844415272
05139,2025,4,2,"05011,05003",56239.460314361815,45680.94144441477
13297,2024,4,1,13013,281379.5296221021,283954.51390714286
19133,2022,5,2,"19093,19193",77523.67528775826,90174.62634327318
47065,2023,4,3,"13047,13295,13313",209654.73410984225,156585.54265007962
31041,2024,8,2,"31071,31115",80062.88027251203,120820.25937769277
21135,2023,1,1,21069,81775.72499080609,80153.7506235764
17117,2020,6,1,17083,60371.86486738726,80917.59999390754
08111,2020,6,1,08053,186450.36303568425,199687.62507861463
44005,2020,8,1,44001,300271.6636442592,296248.66560290934
46023,2020,1,1,31107,,57266.75669692355
32023,2022,7,1,32001,241143.4582901144,273143.7679608181
40023,2023,3,1,40005,69867.62219869297,85917.27487548171
13267,2024,5,1,13279,98281.4966224465,77891.46902925386
46121,2023,7,1,31103,,102422.15894867256
06001,2021,11,3,"06013,06075,06085",713579.7034945322,822845.4925664016
35053,2020,9,1,35006,120970.27073199212,60716.241746743115
22071,2023,7,1,22075,156609.134697494,139926.8522786797
05013,2024,4,1,05011,,59504.638470604135
18049,2025,5,2,"18131,18103",118417.2297993596,98625.16887464267
37111,2020,4,2,"37199,37121",108317.76852244488,99235.83977845567
48079,2023,7,1,35041,35186.7937687131,75824.02412304295
13029,2021,2,1,13031,187195.03690114687,113268.54192061716
19027,2023,9,1,19165,105036.24490930884,106991.24097893626
48147,2020,8,1,48119,111940.1704015304,61278.567970036725
31031,2024,8,4,"31091,31103,31017,31171",113569.47808088192,88695.46258249455
53051,2022,6,1,16021,198459.02323229192,311248.83335758623
56029,2022,7,3,"56017,56043,30031",246980.47452911476,244828.73745210748
20125,2025,8,1,20133,42699.63960575821,47469.26224282489
48167,2025,8,1,48071,210967.59286310463,243139.80580094084
16043,2023,9,1,56039,266315.61942849914,1022467.9479333943
37061,2025,3,1,37141,95428.52003979894,280360.5744158963
28163,2025,7,1,28051,54278.76750827188,41419.34921926891
48411,2024,4,2,"48281,48333",,173712.081126106
48279,2020,8,1,48369,67704.71980600008,72544.57903925896
42071,2022,6,1,42043,229508.0172738099,136917.2268238488
49033,2021,7,2,"16041,16007",239775.81010428863,222233.7329903401
51179,2024,12,1,51630,401256.1047755903,323959.83273970213
16031,2021,7,1,16053,173728.44426954127,211710.8509014612
39063,2024,3,2,"39003,39173",143742.81672200726,113658.07927624563
21059,2021,6,1,21091,103570.56968977844,98522.00634897412
46115,2023,5,1,46005,60911.6762299783,99479.34571729838
17079,2023,5,4,"17159,17023,17033,17035",78791.58520898939,69031.27243068427
48075,2025,6,1,40057,56827.81503593215,41263.62845550209
22025,2025,9,2,"22041,22029",,50715.95320878604
40123,2021,12,2,"40133,40099",87010.36330598034,57111.65043439693
30001,2024,4,1,30023,242226.6079261806,176537.48710565126
31139,2024,8,1,31167,112766.62335106138,153845.0154604667
41057,2022,2,1,41071,322139.7296949744,372842.1413830944
22017,2021,2,1,48315,59950.32119800549,67979.54823520179
40059,2020,11,1,20033,38659.83224435105,37765.15135171776
16013,2020,5,2,"16067,16025",301348.8281365367,140447.41265300813
17113,2023,7,1,17147,133933.6998760651,106274.9024937224
19111,2021,12,1,17071,55605.136235207705,67271.70839338786
23005,2024,7,1,23023,391550.6470746005,294342.9255063287
20043,2023,5,2,"29003,31147",68149.93293829872,94749.42725935021
13181,2022,4,1,13317,120036.0995879544,74263.75078475823
08037,2022,2,2,"08065,08107",555008.0613323065,389771.45633504546
29183,2020,8,2,"17013,17083",184832.36661445195,90256.71986158198
27131,2023,8,1,27161,218545.74475819583,150169.0039250182
27091,2023,8,2,"27063,27013",88396.84747785497,139597.39281529744
51185,2022,8,1,51167,59119.11885026011,67849.01535193941
20051,2025,8,2,"20163,20141",145250.36986681304,50457.413767679995
28143,2025,5,1,05077,95096.40712391348,62789.80429601206
48337,2024,3,4,"40085,48237,48077,40067",128054.76155277793,90785.53336474855
31183,2023,3,1,31003,,80930.3798869173
18057,2022,6,1,18159,298655.2568915756,121842.73358370388
51710,2022,5,1,51740,197745.43451504095,164064.04190671243
13221,2024,7,3,"13317,13133,13195",197993.7648654421,181827.45212423732
16017,2022,6,1,16021,440663.99835410545,311248.83335758623
51550,2022,7,1,51740,252085.45861721595,167181.8844126976
27103,2024,8,1,27079,206487.65779081735,217633.8453751751
22123,2025,6,1,05017,59639.029377113875,48305.84596891713
29207,2021,7,1,29069,80946.61362856076,77300.93693851259
32005,2021,7,1,32510,439850.5608421019,334047.81433823745
23025,2021,6,1,23007,100227.55443860286,128517.7316444557
30003,2020,7,1,56033,83341.84805859237,200345.1274653804
26043,2023,4,2,"55075,55037",86780.65675425612,97886.71078316876
51195,2023,7,1,51720,60600.04294574707,63622.72210917346
37193,2025,7,1,37005,110497.74587878278,148547.26754791007
40137,2021,7,1,40033,49268.42772858698,40442.77891986777
20143,2022,5,1,20123,63587.228579515475,64845.61321545683
38067,2024,7,1,38099,74294.88973872703,97511.07184912084
51067,2024,5,1,51063,193502.0592510337,163320.4418208036
13033,2023,8,2,"13163,13107",88871.58574912092,57388.8721210573
29195,2020,4,2,"29033,29089",81026.15298719144,56830.69521295787
50023,2021,7,1,50015,195142.91787830705,236512.21652670403
48129,2024,5,1,48191,,37012.72456593406
49001,2020,7,2,"32017,49021",107642.05653265843,137532.0840064426
34017,2024,7,2,"36047,36085",400997.749904521,521503.3546449916
19187,2023,10,1,19079,72325.34024265151,80160.10195741303
27121,2021,6,3,"27041,27149,27067",150462.61379345608,132738.08154057173
08083,2021,8,1,08033,221786.91234737617,147870.5377733296
26065,2023,6,2,"26093,26155",108463.89488470808,180493.71170303255
01123,2024,7,1,01017,110597.84107343107,74025.48960688003
35039,2024,9,2,"08021,35055",214510.3674792816,210962.01653910277
29125,2021,3,1,29073,99966.02418983023,84560.80427818153
31117,2023,8,1,31091,155795.55622589588,66209.4557606
29023,2025,8,1,29223,82333.797349719,73888.73499604088
48469,2024,12,2,"48057,48391",122995.1359844181,99239.77867685459
26005,2024,6,1,55101,207464.97644095105,178973.8557496346
38003,2024,5,1,38093,90561.77726073704,117581.14102792504
51057,2023,6,1,51119,183714.74469730165,211144.5198604424
21205,2023,7,2,"21069,21063",102067.24547199075,95721.93900237951
27035,2024,7,1,27095,217607.18104983435,194443.89891024385
01119,2022,7,1,01107,,77347.80746385014
27073,2023,4,3,"27173,27151,27011",80268.07759514287,79951.11834332204
29221,2022,6,1,29093,98939.94545108304,78717.43051134126
51165,2024,8,1,51660,246400.56463487344,225474.43249720155
26033,2023,6,2,"26097,26141",103608.77800787723,99168.23580862838
18059,2022,6,1,18065,210679.17442419,89444.48774587247
47111,2024,7,1,47169,161804.9670341308,225314.36080982455
48167,2022,5,1,48071,214948.04987815817,232530.7501903471
44003,2021,11,1,44001,247605.94851919057,355323.1839267101
06103,2021,4,2,"06021,06045",203973.72065552569,292132.3420585473
26035,2020,4,2,"26133,26113",64136.32992195207,93683.02647545701
12021,2025,7,1,12087,332349.15650090267,602062.1493962002
22123,2022,5,2,"22083,22067",61800.57920100028,68670.91878477055
42073,2021,5,1,39099,63876.65920881295,56633.3836019222
27085,2021,4,1,27019,150323.76282618564,279778.7246743186
13139,2024,7,2,"13013,13117",290771.9004903682,372411.4688412413
32013,2020,6,3,"41025,32031,32027",159152.75064522625,149939.05618441387
53031,2025,2,3,"53035,53055,53029",380937.4762099229,470848.7912423932
55061,2020,6,1,26019,122915.7088015433,151522.13630936306
40089,2025,5,1,05113,106083.6089897855,93326.4985345715
21105,2025,9,1,21039,70901.84618570424,67914.33734492808
25005,2020,12,2,"25007,44001",280475.52401191293,480955.86716179637
54083,2024,5,1,54093,84692.42720868898,100967.16446930933
13243,2022,4,2,"13307,13259",46696.401314597555,63290.546096126534
32007,2021,6,1,32013,219093.77809008604,173348.0699916059
13031,2025,3,1,13109,180015.9783907852,91694.5787302173
26141,2022,5,3,"26119,26007,26031",101048.8569458245,112608.69014180801
41023,2020,5,1,41025,107736.65863132878,70087.95019883156
37013,2022,3,1,37095,94391.8439099847,95824.4760028298
39097,2024,7,1,39021,197233.31756633255,145679.11091313927
16015,2020,5,1,16045,177001.9558876031,199925.62849044832
34035,2025,5,1,34021,446742.4105367137,269150.705019966
21157,2025,1,1,21139,127172.50837294884,82455.66100132618
13311,2024,12,1,13281,167511.4872007172,243789.01760849767
45019,2022,6,1,45043,305603.19925517065,171042.47595725986
48043,2022,9,1,48377,156359.49525902528,144338.36635970965
48239,2023,7,1,48481,128902.92047203708,129831.35882580747
01089,2022,11,1,47051,197071.2390380416,174758.0542738455
13129,2021,3,1,13227,133203.07306630345,194493.62281140368
08081,2024,7,1,49009,193802.50277390287,195666.7772901765
48321,2023,10,1,48481,105519.5790935042,127364.6221518222
48323,2022,5,1,48127,135078.13207309035,93912.62231471164
18035,2022,3,1,18065,68105.80046325419,84272.07283465735
28133,2025,8,1,28083,64306.56537506797,37545.48675037891
22029,2024,6,1,22107,50610.28057541646,90796.66715232792
44007,2020,6,1,44001,212688.9542045419,294782.31536843564
41011,2023,1,2,"41019,41015",241281.63621009325,265558.4663076458
06019,2021,10,1,06069,240966.34761796144,614737.1650360852
48495,2024,5,1,48475,,103786.8337560509
26051,2024,5,1,26143,96976.91653745108,107642.00359251734
13051,2024,7,1,13029,245884.85324601832,292285.91235040134
19151,2021,12,2,"19041,19021",43275.23149032168,90287.80241746886
48437,2023,9,2,"48011,48045",59914.0304332494,108918.85812996388
13249,2024,3,2,"13193,13261",106753.48950896876,56450.21342455479
13297,2024,8,1,13013,285232.07824155904,288161.2028846661
47065,2023,8,3,"13047,13313,13083",216764.93890328053,158979.73230864407
39093,2024,5,1,39103,140003.50665538493,212715.83411733512
45043,2020,9,1,45089,124407.75415878464,44051.18698225692
19187,2020,7,1,19079,62562.53899104218,55136.85543360148
48507,2023,5,1,48127,53154.57314037944,86168.61339572317
39077,2022,5,1,39005,95955.179587161,117874.13637152512
17061,2022,4,1,17013,51391.966518931935,102217.67374013596
48377,2023,8,1,48243,127290.6538636975,154639.99097219168
51071,2023,9,3,"54089,51045,51021",111826.77585707788,89465.24302811536
01031,2022,5,1,01039,83651.00775944583,78179.49891756562
51199,2022,10,1,51735,281625.4180406443,287918.5276051205
08101,2023,5,1,08043,184515.9579655168,227964.84650882345
06093,2024,7,3,"06049,41035,41033",181827.8042026233,195993.9998212705
28147,2023,3,4,"28085,28113,28077,28091",89807.02953350008,74318.44958130986
01001,2024,1,1,01085,148432.52723528762,78805.13918484766
13175,2020,7,1,13283,77928.05055262258,52661.29834400907
29017,2024,3,1,29157,103493.0426086657,123998.53220121028
37111,2020,8,3,"37199,37121,37011",105524.6766799573,101984.86429368063
48131,2024,5,2,"48247,48047",53274.19092622659,47566.53065092424
01033,2022,10,1,28141,100716.94318507974,114042.65099570194
17025,2020,8,2,"17121,17079",46331.99924075326,69885.38618094234
51163,2025,6,2,"51678,51530",177768.83086651235,168980.4809798027
42035,2025,4,1,42023,111790.80657236517,51219.58955978035
35035,2024,6,1,48109,144878.32691492297,83984.3763717615
12057,2020,5,1,12049,170506.58644256825,71376.46511424513
47027,2025,8,2,"47137,21053",116368.31588621896,112138.79478603689
25017,2024,1,1,25025,517553.7365979908,508211.9652163575
38015,2024,9,1,38083,222733.51035457384,66745.48591483542
48391,2025,9,1,48057,71506.68314772121,113265.42818113486
48291,2024,3,2,"48407,48339",147374.76302246153,179739.56009460677
46115,2023,9,1,46005,62503.997677916486,93509.06370873838
29137,2024,10,2,"29173,29175",102113.15552669358,111284.6046148439
30009,2020,7,1,56029,172554.05582020365,184168.6287744273
31027,2025,4,1,31179,119913.82081909734,143337.34344230406
51175,2021,6,1,37073,128893.3496219755,108907.46788290418
13245,2023,1,1,13163,107859.62525272102,52427.06098008915
08089,2020,8,1,08025,62401.44670945709,67599.59706186103
30001,2024,8,1,30023,247797.2303754522,182519.236644541
19151,2023,5,1,19021,40312.335337273726,109092.30470505888
01131,2021,3,1,01085,,70799.6942547581
37173,2021,6,3,"37075,37113,37087",155023.55200812395,136890.13741304274
26121,2022,8,1,26127,132779.3395054293,130500.74905259324
04021,2024,8,1,04009,295340.0379907042,202987.5956791075
51169,2025,6,1,47067,92202.89664235633,82729.69401440588
38019,2024,7,1,38099,,97511.07184912084
47025,2025,8,4,"21013,47173,21235,47067",131195.28800918057,103691.51801285266
05139,2022,7,1,22067,60791.59194431288,50703.036620497085
45075,2024,6,1,45011,78455.90531004466,85262.47704450507
54099,2020,6,1,21159,61320.098227599,35857.460163553835
31031,2023,4,2,"31091,31103",108423.04546838508,83171.08298350513
47125,2025,2,1,21219,241516.91898577192,139657.03791073454
16027,2023,5,2,"16045,16075",319139.29026920313,294524.9102670748
13135,2021,12,1,13013,278756.00836072507,223551.82838198144
20157,2024,5,1,31095,53806.58994672313,53400.77956813509
27155,2021,7,1,27149,56995.63013072653,112472.3130892748
28045,2024,5,1,28131,146758.73609197326,117338.2171582775
46057,2021,8,2,"46011,46077",130985.15678112664,137692.69117321516
27147,2023,10,1,27161,179795.75790833562,151039.99313033745
28005,2024,12,1,28037,84916.8385517155,95322.8787900286
20125,2022,11,1,40105,44700.687851273375,70659.3817494187
26043,2023,8,2,"55075,55037",92727.98053804286,98793.16569313187
28133,2022,5,1,28027,73241.41521698542,28845.612709144523
51163,2022,5,1,51678,167074.76789851338,180856.26854356297
48203,2021,5,2,"48459,48315",111354.73369040427,91987.14165576326
31113,2025,7,1,31171,95293.09848782512,96492.6958062519
37061,2022,6,1,37141,79982.11243322172,251565.1464845039
40137,2021,11,1,40033,52332.16707941319,38777.14772675838
51127,2023,6,2,"51095,51036",300098.6814435367,228878.94183611404
29187,2025,5,1,29157,111663.8968040505,131671.3164992924
08103,2021,9,1,08107,155996.80361009735,428042.69046032755
28085,2023,12,3,"28063,28077,28005",84703.72769680992,73366.93539813726
06049,2021,10,2,"41035,41037",90424.0701862951,141734.55981372396
56027,2022,6,1,56009,97788.42112434813,175182.98948030637
21149,2021,5,1,21233,103084.72082861986,60324.123217962006
54085,2024,3,1,54073,61693.05980100664,92175.62165179769
41025,2021,8,3,"41037,32013,41023",93492.99880884204,143497.81949680144
35043,2025,8,1,35028,295539.78619108925,428536.84818866913
17023,2020,4,1,17079,66375.91327358982,75276.19397571258
05121,2023,4,2,"05055,05021",80407.93594795362,82893.19632103793
22057,2020,7,1,22093,123990.07664036215,102912.94008502211
35049,2021,5,1,35028,307707.51034506253,309372.49144273944
27005,2023,8,1,27159,183070.33683542904,114324.03116074832
12097,2023,4,1,12055,292953.9487474557,137988.88795639324
51015,2024,8,1,51790,235234.60820484615,202148.07672430252
47069,2022,2,2,"47109,28139",69919.60864106454,82516.0523828441
06047,2022,12,2,"06069,06085",325735.84832721757,805203.3069875375
23005,2021,10,1,23023,306758.33466196636,221003.10515347644
40065,2022,8,2,"40075,48197",43501.40456303334,45431.00998644151
06071,2022,12,1,04012,379694.22515001305,128847.90177553346
48463,2020,4,1,48507,94336.05114963913,42154.43808982629
01125,2023,6,1,01007,138811.14014296082,152731.42611920883
47165,2022,3,1,47111,286275.2727777991,138801.13511430076
38035,2024,8,1,38099,172307.9562019444,98518.7748595507
48225,2022,4,1,48471,142104.42039990055,162287.9186004397
53075,2021,2,6,"16009,16069,53043,53003,53063,53001",173730.8295551685,177395.13769077588
17183,2021,6,1,18165,39361.31583611707,63425.13182941343
49003,2025,6,1,32007,351113.23877394106,250605.87663607165
13267,2023,1,2,"13279,13107",88878.57700481976,60604.53556588771
46017,2023,6,1,46015,,122262.67956475604
41051,2020,9,2,"41027,53011",316447.4202596113,337451.9451426347
06007,2024,2,1,06011,259718.97875695108,263483.37770536693
40067,2021,7,1,40033,42216.17392564029,40442.77891986777
47163,2023,1,1,51520,136468.4754287405,90584.28518498193
48221,2022,9,1,48425,244923.5301852525,236509.6090228792
30031,2021,5,3,"56029,30043,30059",385914.0151724653,186149.55300551467
04011,2020,6,1,35017,,95141.0032383902
48163,2023,4,1,48127,88971.23590793814,85781.12529870617
49043,2020,6,2,"49029,49033",400753.0136997449,260937.12021067832
47019,2021,5,3,"47171,47163,37121",103604.65365319834,108293.22014884894
53039,2020,5,1,41027,178751.29348232775,348364.22757511743
37121,2025,5,1,37011,125330.74243657153,209907.90846534536
42089,2022,6,2,"42025,42095",203388.98109268272,173264.64977942064
31167,2023,10,1,31139,144196.58162046314,104193.93112433648
47133,2025,2,1,47137,144348.28068275866,125118.50003014375
40117,2023,5,1,40103,72347.39260618055,63590.34407958402
13031,2025,7,1,13109,178245.0405347573,83848.74012783707
26137,2024,7,2,"26029,26119",145167.99271813207,171855.29785788912
13231,2024,2,1,13293,233656.6869837795,89309.19709336951
45075,2021,3,1,45011,70119.58004184342,83847.43317995401
42097,2023,9,1,42093,57767.36441591184,160521.78218210582
35043,2022,7,1,35028,261555.8865421643,352612.4989292368
34035,2025,9,1,34021,446042.6434603385,268608.97479192493
47141,2025,2,1,47159,199075.63952511028,184461.09515620183
47151,2024,7,1,47137,105548.45214718649,115533.48244849558
21071,2020,3,1,21159,55207.344179411535,34539.39021572342
18073,2025,7,1,18131,190399.8707222145,111568.37600964592
35039,2021,12,3,"08021,35028,08007",204687.40352087247,248164.625193499
41049,2023,8,4,"41021,53005,41069,53039",178842.16819298375,209472.93320086115
51015,2021,7,1,51820,200916.8866529699,164813.51300572124
20013,2025,5,1,20043,73430.4279799355,80932.96507644873
08067,2020,6,1,08053,264414.01197004755,199687.62507861463
18099,2020,6,1,18131,100998.78929911768,62331.069846558974
30099,2023,8,1,30015,177856.8244311871,139408.62215486643
22047,2023,9,1,22121,90071.68779989034,152446.45449333906
39041,2021,8,1,39083,279190.21814417135,125506.11920311714
18067,2022,3,1,18159,85262.0307323823,117820.2865751556
48093,2023,6,1,48193,96579.21707088272,122980.34580099168
20037,2025,5,1,20133,67549.68733830829,47535.00604446207
47031,2022,5,1,47051,169880.98257228857,175221.27645376904
13099,2025,5,1,13061,60936.16374656322,56571.72446484565
05095,2021,6,1,05123,,40440.088894241424
54001,2023,2,1,54093,64680.306169559306,90654.4575119441
13185,2025,6,1,13173,122382.8510787281,113716.55386823708
47059,2021,5,1,47171,103893.15834185352,110889.01230701875
20143,2024,7,1,20123,76270.28907945445,75725.7704413459
29007,2024,4,2,"29173,29175",93084.34487885774,106947.24787415995
27059,2023,8,1,27095,238498.90409243145,188710.68756165565
44007,2020,10,1,44001,219651.7993280034,305242.450191169
29013,2022,3,1,29185,112383.27626470765,90980.11013950214
49041,2021,6,1,49039,171335.85984090093,185757.34600804103
17075,2024,5,1,18111,66758.42797792229,119225.75098171
55059,2024,7,1,55101,208747.35246342028,180004.33232722458
48125,2022,8,1,48433,61893.38838621852,73409.56306736683
29055,2022,4,2,"29073,29093",114732.30389951682,89906.50573462405
26017,2021,9,1,26011,84523.75049043594,82143.940406893
29103,2025,6,2,"29199,29111",73318.99938351945,89838.8237485216
27095,2025,6,1,27065,203319.4202468742,159434.96746681773
29031,2021,3,1,17181,115799.88006817728,73459.18774306738
25005,2022,9,3,"25001,25007,44005",350754.20652926894,597911.4941632604
48325,2025,5,2,"48163,48507",188161.1306927573,68053.33347240913
20001,2024,5,1,20107,53959.39122779028,70695.25775134511
01015,2020,8,1,01029,71938.16712829584,98800.251390159
04001,2024,7,4,"35031,35006,35003,04009",195543.7459082846,142143.73856636975
34027,2025,8,1,34037,485786.7818803487,314931.4230690739
01103,2022,2,1,01043,137679.68055962175,156208.21042236502
17055,2025,9,1,17199,49583.82251815192,72953.4724252714
40091,2023,1,1,40063,100001.84694443997,46930.26727452802
12086,2025,7,1,12087,323310.13250466745,602062.1493962002
01031,2022,9,1,01039,85770.70347486997,78759.99719229373
37191,2020,11,1,37079,97357.44491745828,87319.07026467081
19157,2025,6,1,19107,118262.33992929728,69091.18921772331
27031,2022,6,1,26083,217657.08721964888,77531.98167402299
29207,2023,7,1,29069,79453.69692709461,60587.68982407306
01093,2020,8,1,28057,68724.37772341032,79317.36916136087
08101,2023,9,1,08043,186125.88183783105,230808.2876568927
16087,2021,6,3,"16075,41001,16003",182615.3688616052,196302.52310209928
27089,2024,5,1,38099,111951.00542788656,93991.29126037094
30063,2025,7,2,"16035,30047",425897.09702504985,260997.9523111364
01001,2024,5,1,01085,150509.09273711784,81835.4133713041
47151,2021,6,1,47137,86381.90077258267,102273.41857893676
17115,2023,5,2,"17147,17173",43652.25759704379,91618.7434940984
19109,2024,6,2,"19151,27091",86765.11533608905,71883.03245067867
29127,2024,10,1,29173,91609.27756240014,137777.52356351845
40151,2021,5,1,40003,50928.18908775569,64946.43416492416
42073,2023,7,1,39099,72917.85273929991,66186.79699715499
05115,2021,5,1,05101,115333.3159770352,100028.0847412704
48317,2020,3,1,48165,,124403.2514693208
18167,2023,6,1,17023,84435.85630824252,64903.40761544319
08123,2025,9,1,08014,391625.1424163045,494338.6098779018
13069,2025,6,1,13271,94939.69310740962,49947.95793243312
17107,2020,7,1,17129,68726.50525152379,104494.44642754576
23011,2023,8,1,23023,200135.49047484391,276598.0031774023
48093,2020,5,1,48333,73608.86012224854,166178.2341354747
54035,2023,8,1,54105,110095.43011629916,54685.41999890672
39065,2023,4,2,"39101,39175",87874.11182598356,87111.09692015397
22073,2022,8,2,"22083,22067",83884.2143610473,70158.93127794909
41023,2022,7,2,"41013,41049",154054.52501566595,255843.86785060717
27061,2020,8,1,27071,96399.6607775875,55027.84753649309
08027,2024,5,1,08109,238998.21205437244,109037.2943783457
26135,2024,7,3,"26001,26143,26119",89140.26368788212,108521.44022840408
13291,2021,3,2,"13281,37043",177381.65197249406,166659.6599319398
37083,2022,8,1,37185,52783.57007564843,116155.48282811038
18141,2024,9,1,18149,124131.1223712319,133748.32473984177
34003,2022,5,1,36087,446560.1754472904,415056.4484624013
13311,2020,7,1,13281,98281.28435919888,159103.999452799
27021,2023,5,2,"27153,27159",145823.23580371434,118755.66199620595
54099,2025,4,1,21159,82559.92147485624,67686.28193088168
18095,2022,3,2,"18159,18065",86936.55226912955,101046.17970490648
22119,2021,8,1,22027,64376.84946304216,69621.67654065865
16023,2022,8,1,16037,,186834.7641123648
34035,2022,6,1,34021,358480.29938760254,208846.0661458402
04019,2023,5,2,"04023,04027",249064.93379126885,194632.83083396638
16001,2021,8,1,16015,401179.18852098583,258975.7975825482
22005,2020,7,1,22093,154053.1429542495,102912.94008502211
06107,2020,4,1,06031,179541.3137280556,175674.05022219484
55041,2024,6,2,"55037,26071",93157.05995086806,75399.68906975654
35033,2023,7,4,"35047,35049,35055,35039",,259913.87013627074
40149,2022,9,1,40075,46913.63600690089,38244.11144056791
05127,2024,11,1,05113,67525.83756707692,93693.74868046264
08101,2020,8,1,08025,128556.86234064442,67599.59706186103
37023,2024,4,1,37011,154976.31647621666,208509.94473618903
17067,2020,4,1,17169,50449.35883877347,75686.99380539496
37111,2022,5,1,37199,135162.63059441643,184647.44679989511
29081,2020,8,1,29129,34707.41841634797,55392.34707835082
05091,2022,8,1,05081,91311.89751271422,75264.42189747356
05147,2024,10,2,"05037,05123",,58391.197366241875
29179,2025,8,1,29223,90646.0104374021,73888.73499604088
22029,2020,1,1,22077,56126.918504961446,89220.31372853485
42033,2025,6,1,42023,71810.47253034201,53494.93244579856
36081,2022,9,2,"36061,36005",437174.9960833071,448272.3065583636
37043,2025,7,2,"37113,13281",214386.53824416903,227695.9657533831
16031,2023,8,2,"16053,49003",216607.03431228243,293900.7978341277
26051,2021,6,2,"26129,26011",100420.20876511828,83203.58456933932
23011,2020,7,1,23023,119692.93934557254,172833.64688755348
51059,2025,8,1,51610,498514.39279834257,628108.6810598511
13315,2020,3,1,13017,,37886.72342534529
32027,2021,5,2,"32013,32001",103114.44859130548,196905.5064753706
28001,2022,5,2,"28063,28037",81024.21728356248,95834.25146462506
54085,2024,7,1,54073,65610.99282900488,98840.62149403935
28105,2025,9,1,28019,164877.7600330457,79693.2221712142
27145,2024,8,3,"27009,27121,27041",199596.10231656264,187800.38132049423
20005,2025,6,1,20043,86273.19040152499,80840.7907128962
27051,2025,8,1,27155,111743.32294189004,53768.553516938555
39019,2023,7,1,39151,88056.29737176637,99010.11948113404
46123,2024,5,1,31103,,100580.20327981724
49035,2025,7,1,49043,424873.5986749951,647161.1326790624
05147,2023,2,1,05123,,36090.00026732141
12075,2021,2,1,12017,123060.7115279468,130493.8907563978
05095,2023,2,2,"05107,05123",,29877.157548224142
22105,2025,7,2,"28113,22095",132964.34209395616,95127.84198613348
21231,2020,6,1,21207,53459.53504147191,76067.2513731633
53075,2021,6,7,"16009,16069,53043,53003,53063,53001,53021",181801.36459902884,204963.75263415658
29223,2023,4,1,29123,69093.24372133543,78991.28800199307
21107,2025,9,3,"21149,21033,21177",71941.26435187178,86255.54362451386
56037,2025,7,2,"49043,49009",190759.58346076985,429548.645392963
13167,2020,6,1,13283,47547.2579480263,52606.16910547074
30071,2022,5,2,"30027,30005",107144.25237065736,128518.09688471653
53017,2020,5,3,"53007,53047,53037",239719.16605443408,210202.16831205273
27001,2025,4,1,27065,138013.70099388564,158697.05969218237
05133,2025,9,1,05113,89603.61042104552,95189.41239601852
37139,2025,5,1,37143,162514.63765366306,139137.76231916633
39169,2022,7,1,39005,166474.17385926904,120037.40591731592
17165,2025,9,3,"17151,17199,17087",40687.94649541,80930.17356370226
06029,2020,4,4,"06083,06111,06031,06079",167649.24675504974,372648.9017999744
17121,2023,4,1,17051,63857.04841574694,77330.26211140591
31027,2022,5,3,"31051,46135,46027",115079.3772957361,127427.55220758049
37043,2022,6,2,"13291,13281",192301.6193691136,224772.63552527264
29069,2025,8,1,29143,51217.42445069237,55105.9687355219
13107,2020,8,1,13283,45240.721204373054,53038.28751441149
44009,2023,4,1,44003,377798.1029676798,287676.39091149933
51059,2022,7,2,"51600,51610",454349.8755042154,521189.0546233922
06071,2021,8,1,04012,321041.1687788684,112868.8816229172
48089,2022,3,2,"48015,48239",152718.36476831438,189112.72743882943
25001,2023,6,1,25007,479629.66027421807,908882.076251319
37127,2022,6,1,37185,123269.03118441546,117463.42951890126
08057,2021,7,1,08107,,411197.35752609273
36043,2020,3,1,36041,66089.93777656103,75890.78826739786
48281,2020,4,1,48333,129367.1476690112,164442.60207817602
08059,2023,5,3,"08019,08047,08093",468046.562763609,347747.4092634088
21071,2020,7,1,21159,58745.34436442008,36499.051902088715
22035,2025,8,1,05017,37179.3551209199,46102.502965995656
51005,2025,2,1,51580,100791.98451562368,54408.959812467256
48471,2024,2,5,"48313,48339,48407,48455,48225",158555.23166145923,140713.34236392536
08017,2025,6,1,08061,112398.40333072288,111990.051947941
49035,2022,6,1,49029,435202.23825957935,499616.15889470605
12081,2022,10,1,12027,304797.6415946895,171896.57631210645
08099,2023,10,1,08011,89250.77231015424,69722.90325924748
35025,2020,7,1,48165,159501.19715078783,130875.5151377726
40121,2024,3,2,"40005,40029",70215.7107395968,78606.83285042497
13255,2021,5,2,"13231,13171",117000.41944456838,153905.38451863063
06019,2025,3,2,"06069,06031",295899.4175639534,468277.5049132495
31087,2024,8,1,31085,79787.82692098412,120862.78653448122
27117,2021,4,5,"27083,27081,27101,27133,46011",89992.87585902249,104044.72224023535
06019,2020,9,1,06051,201043.26205024627,323855.8432805799
39167,2024,3,1,54073,92992.75808526717,92175.62165179769
28109,2024,5,1,28131,104925.40633869253,117338.2171582775
21023,2025,7,2,"21201,21097",114798.68944731748,140147.84671311715
53063,2020,3,1,16009,202078.0895299135,122504.09710273956
31149,2023,8,2,"31103,31015",81612.74168673443,97596.70248353934
42091,2022,10,1,42077,288449.62055719714,205871.8145968217
38063,2024,5,1,38099,,93991.29126037094
39069,2024,8,1,39173,117020.30197519908,139319.1634814595
50027,2023,9,2,"50021,50001",222230.1948931121,224057.620614862
51159,2023,7,1,51119,121993.43433655475,212832.23621381875
12003,2025,8,1,12007,204181.91435660076,148602.61420696796
29161,2021,3,1,29073,94959.40423430402,84560.80427818153
29031,2021,7,1,17181,120486.63798201784,71854.25807989556
04015,2020,7,1,32017,154665.59457776815,104020.81193148428
17001,2025,5,3,"29111,17009,17169",98851.04933857342,88665.56345524128
50023,2020,7,1,50017,163840.7973278016,133272.78823156256
39051,2023,6,2,"39095,26059",122882.75789543187,87402.48328100707
17001,2020,11,1,17169,95078.476010567,88639.46079707268
19103,2022,6,2,"19095,19183",163904.12681229282,113206.98212219453
48409,2024,3,2,"48391,48007",116400.38045015027,129928.54784849251
35041,2025,8,1,35009,77600.69057128784,92000.63724598188
47141,2022,5,1,47087,180804.76791180065,109036.8765644814
12053,2024,7,1,12017,251887.94927637395,200957.05501402903
35007,2025,7,1,08023,121183.72068834964,108681.9481358956
19147,2022,5,3,"19041,19021,19059",71388.62514381284,123008.89050191718
04015,2023,8,1,49025,218712.9092525048,270649.8362349022
13307,2021,5,1,13259,71885.70606818191,38785.820054795506
21083,2025,9,3,"21039,21035,21157",90887.11007590914,100376.74908524904
51810,2020,2,1,51131,201041.057975204,78938.96797673585
56007,2021,8,1,08107,89459.6834043737,420068.8629056341
28011,2021,6,1,28027,81286.66164348756,31293.099039719134
01111,2024,5,1,01017,97608.59436642868,73220.88566539926
40151,2021,9,1,40003,50284.55589413181,62079.08598266506
16075,2022,6,2,"16045,16087",308975.74654313433,294338.50480244466
53007,2023,1,5,"53057,53037,53033,53061,53017",359776.577446319,413455.96691348945
19169,2023,6,1,19079,163630.9043524073,75467.15973926293
51131,2022,7,1,51735,116779.3811698948,286850.98016443703
32031,2024,8,2,"06049,32029",404856.6027745589,218894.13157777494
05075,2023,6,1,05055,63935.62309541937,113874.05795731216
45039,2025,7,1,45023,91955.29090318394,120336.53136631344
49023,2020,6,1,32033,212653.55628278657,82933.1822330231
47183,2023,8,1,47079,82991.36589693387,101670.44071832063
39065,2023,8,2,"39101,39175",90801.65113272548,93057.1536846947
21047,2024,8,2,"21033,21219",115409.38930524651,104683.04923005153
22073,2022,12,2,"22083,22067",83993.66877281289,67603.66176019202
51650,2020,10,1,51735,132281.37698380134,241918.0265459315
47149,2024,7,1,47117,323467.66453190014,209692.3839468228
27123,2021,9,1,27163,220929.0207290489,276614.3158377825
16057,2022,3,1,16009,292813.20352159947,206314.89685990592
06043,2024,7,3,"06039,06109,06047",294156.4981015369,320793.36035282427
55083,2020,1,2,"55078,55041",97442.59097405798,80853.00373242947
55019,2023,10,2,"55035,55141",101050.56550742712,160820.73665657532
12115,2020,7,1,12027,186268.94845285267,96428.46990215714
30059,2023,7,1,30107,184856.89008903832,99656.6327774322
13123,2021,3,1,13227,197329.897830383,194493.62281140368
19197,2020,5,1,19079,56437.61356296644,54574.36561731097
27021,2023,9,2,"27153,27159",152385.75429039335,118904.00478561319
47023,2022,5,1,47109,78572.40994255034,81759.2779156181
34019,2025,9,1,34021,430694.4865611978,268608.97479192493
18095,2022,7,1,18159,92650.11169509038,122623.17861168238
22119,2021,12,1,22027,63607.518998589185,67342.89902405943
46051,2023,5,1,27011,130312.5059243281,80756.9897200978
17195,2025,5,1,19045,81229.15621893216,87094.89727423422
22051,2023,4,1,22075,156247.59483685438,144391.92572179934
40031,2021,6,1,40033,59906.55842614528,41432.12221079849
28131,2022,8,1,28045,125645.05530898868,149650.28030116335
20131,2023,7,1,31147,85363.8573788478,55175.159169186
29143,2021,4,2,"29069,47095",37904.177579918054,62156.39640977627
16071,2021,6,1,16041,153706.68087790624,262981.56690984225
26041,2021,7,1,26089,79999.49679835908,289496.711624035
21179,2020,4,1,21005,117896.63041671673,94712.89278689522
13157,2020,10,1,13059,202322.578899808,144476.7293592835
08101,2025,6,3,"08043,08089,08025",180376.36492903964,144814.7782849067
26061,2020,7,1,26083,71177.43257969279,60157.291229283146
42097,2022,5,2,"42093,42043",57026.12111493352,143833.44293832948
28091,2024,6,1,28077,77370.40341732065,77635.54966370865
29081,2025,6,1,29061,56571.13523765557,110635.58175999478
37023,2024,8,1,37011,161500.8027374794,214027.97831289913
48499,2021,5,2,"48459,48379",131183.0199744882,122176.34274972399
40039,2022,6,1,40043,68027.77189993038,68050.38751219441
48041,2020,4,1,48313,157558.58286168578,79922.23926210962
40119,2021,5,1,40103,110052.57495375622,56094.279431496194
21057,2025,5,2,"21169,21053",87787.68896988411,102318.20635485795
48179,2023,8,1,48211,46382.239086353016,102883.10073992
18131,2024,7,2,"18181,18149",108652.74287803029,130256.6978551454
55139,2023,4,3,"55135,55015,55047",164435.35558350277,155040.86275250276
17107,2022,4,1,17039,69495.94203579634,65785.35300217285
27137,2020,7,2,"27075,27071",85568.22691427016,75520.11751953795
48243,2022,9,1,48377,174749.87418886652,144338.36635970965
19015,2020,5,1,19079,97015.924027647,54574.36561731097
47181,2023,2,1,47039,72813.78685883265,82577.6189108808
16019,2022,7,1,56023,309458.06748521206,223099.90607444305
12015,2022,4,2,"12027,12043",239470.2352243359,141187.33930380573
48499,2024,6,1,48379,158552.93041659068,157486.56611346442
56003,2020,8,2,"56029,56033",99427.28514472082,193768.35788194736
32031,2021,7,5,"32001,32029,41037,32013,32510",362563.0811470545,235046.9878514817
48445,2022,9,1,48115,80846.02939027503,63866.45176925872
48323,2021,5,1,48507,128977.1946765347,48409.27976671304
47047,2022,9,2,"47069,47075",215486.82325924956,71895.34041011265
47077,2022,5,2,"47039,47017",100115.83778132335,90134.28369059862
26123,2023,8,1,26105,130522.14136691956,134454.16155380197
48245,2022,6,1,48071,89873.14645794156,233443.1446803024
42125,2022,5,1,54009,102538.07195753932,64630.999324021686
19163,2025,5,1,19045,139669.117741509,87094.89727423422
37167,2023,1,1,37007,168049.4231242468,65428.53551424723
29183,2021,4,1,17083,204420.9178776728,95070.82072814228
49057,2022,6,2,"49029,49033",351590.26446515066,411325.2410317174
46085,2022,7,1,46015,,117585.98930444493
21007,2024,8,1,17003,74964.87200742209,34253.37957939375
05095,2023,6,2,"05107,05123",,32459.075944202217
48287,2024,4,2,"48051,48477",190964.88945428297,187698.82659582078
46009,2020,1,1,31107,57949.9302948692,57266.75669692355
32027,2024,10,1,32015,146268.69526219167,136610.96881908874
13273,2024,2,2,"13261,13307",44104.42995088887,74130.14110492023
45073,2025,6,1,37113,148538.31350758075,216866.35044463564
36103,2025,7,1,44009,522832.7713869496,442270.3578925572
21177,2025,1,2,"21149,21219",75295.41237498999,122956.27331798442
19107,2022,6,3,"19095,19101,19183",70559.22915600524,108793.5770540565
13033,2021,3,1,45011,83241.75530164894,83847.43317995401
13293,2021,4,2,"13171,13263",62950.5958482887,109401.3297549379
48057,2024,5,4,"48391,48321,48239,48007",120456.55895660492,124642.07955705211
13241,2023,6,1,13281,224383.3782412708,226027.52373697297
13297,2025,6,1,13219,282214.8395560261,382087.20189109514
22111,2023,6,1,05003,86732.2813011441,44644.376005408405
31089,2021,9,1,31015,65167.38115755094,108923.07443423464
27001,2025,8,1,27065,137263.76040755305,160932.25593802007
26125,2023,4,5,"26163,26093,26049,26161,26087",200885.90369232965,154632.72394633782
48159,2020,8,1,48119,117146.18496190706,61278.567970036725
40093,2021,9,1,40003,62650.53820699933,62079.08598266506
27129,2022,9,1,27103,85636.74220327834,196348.07252884112
29023,2023,3,1,05021,76603.61456300452,54229.084423613785
42035,2024,4,1,42023,110701.56931174856,39503.058211795345
37055,2024,5,1,37177,430356.6053623317,83272.76506374188
48021,2022,7,1,48149,302382.47347833787,234021.9305375257
54083,2023,8,1,54093,81017.4507503791,94615.373356471
06029,2020,8,2,"06083,06111",171360.9741046447,438598.5174918256
22009,2023,3,2,"22029,22077",77440.50693976738,72525.97846427202
22089,2025,7,1,22095,172927.92906280642,132903.71130361743
42105,2025,6,1,42023,78630.69588292892,53494.93244579856
27079,2023,8,2,"27161,27013",211425.2507599164,165931.97157286445
08113,2024,8,2,"08033,08111",618162.8493967382,268262.7612029601
30037,2023,6,1,30107,120725.40522233286,98544.45395450771
01005,2022,4,1,13259,88144.53904448742,42831.635195297575
17109,2022,5,1,17071,44251.760777810414,70366.1614881201
19187,2024,6,1,19151,73042.96869585749,49739.287969585566
16073,2022,8,1,16083,277225.0632913253,267908.8223931704
21127,2025,4,4,"21115,21175,21159,21063",96007.55418357949,87527.03931683194
18023,2022,6,2,"18159,18157",116920.91055756251,144366.43623306986
08041,2020,6,1,08119,263808.63647970004,223232.87526736004
28007,2025,8,2,"28051,28019",65198.56870303676,61100.32773955907
06099,2021,12,1,06085,332619.8160852816,945618.736925128
28001,2024,2,2,"28063,22107",58748.761445534554,79167.02578571241
51013,2022,7,1,51610,411369.47160455,569730.2630524643
13215,2021,6,1,13053,76412.69306630612,65114.25961365097
21181,2021,8,2,"21201,21173",83983.6360558761,104907.02737587047
33009,2020,4,1,50017,133892.10942230726,130128.65292890675
47017,2023,8,2,"47039,47079",92141.57507538336,93446.40959965586
21167,2020,7,1,21005,94237.539464868,98363.11506986614
01097,2025,7,2,"28039,28041",91136.07169172242,104064.45720722515
51005,2025,6,1,51580,96081.3504858824,54935.63032753736
37131,2023,7,1,37091,44075.03161020123,61160.788822424605
13257,2023,8,1,13011,131148.91837357846,208777.06169895604
42069,2025,4,1,42089,141484.84645516545,224780.4999452388
13029,2025,5,1,13109,297633.2929102159,87492.6140097481
27111,2021,7,3,"27041,27153,27159",144384.97086133243,125469.63005661091
16001,2020,4,1,16045,270278.7801957129,197442.77477895844
08089,2021,6,1,08011,82990.5864479568,72110.93302525005
33009,2023,5,2,"50005,50009",226966.79998858608,131901.23037596926
18035,2021,6,1,18009,62552.35872723134,45611.29271913799
29135,2024,4,1,29053,116302.59461620288,133856.30568662472
33001,2023,9,1,33013,298672.3892447394,308493.74256969563
20007,2024,8,2,"20097,40003",45014.947211198654,69192.84994448602
16013,2021,7,1,16025,411908.0170130623,209515.77650920872
17181,2024,8,3,"17003,29157,17199",74847.10890557327,79247.57972218806
38033,2024,5,1,30109,105907.90019324004,101467.25006202263
47189,2025,4,1,47159,355900.5172510234,183507.41439121263
55121,2023,7,1,55035,142565.59042670982,200096.5365823705
47033,2024,8,1,47075,95351.12975718048,94214.31778242164
51197,2023,7,1,51021,116614.76090419028,83540.89399088078
48103,2024,5,1,48475,115825.4602188208,103786.8337560509
27017,2021,4,1,27115,136601.75179498782,97868.18124355272
41059,2022,6,2,"53005,41049",206252.0403142517,251758.30790623385
51071,2021,6,1,51021,97794.66401707106,79264.66684306496
30015,2021,7,2,"30073,30045",126995.80458561948,106477.9687251779
55117,2025,5,1,26105,207147.8147111707,147236.22009875395
17061,2021,7,1,17083,54648.116314782725,93486.73863055743
29161,2021,7,1,29073,101633.1984571251,90235.78668838284
19003,2023,4,1,19145,52372.5334484253,67095.85713716426
19007,2021,3,2,"29197,29171",54659.960498016735,66809.95502192486
17131,2023,8,1,19115,82465.80962753763,82884.79544723696
20057,2024,6,2,"20097,20083",134552.31915181412,72422.88597999478
39089,2023,5,1,39083,183855.27580593168,141762.29631143677
39159,2023,4,1,39101,226591.0910854319,75341.23824331354
47133,2022,9,2,"47027,47087",127357.7244295738,104110.3778760751
29157,2023,7,2,"29123,29186",117987.7934175541,104666.11997667364
48483,2024,6,2,"40009,40129",44739.51217946225,68463.58044663424
08111,2021,8,3,"08091,08033,08053",252082.53642577655,263040.4452193148
40107,2022,5,1,40133,53404.52389280243,45110.536990556
42085,2023,3,2,"39155,42039",75897.10939371763,76002.8433731784
31111,2021,9,1,31117,102242.6532870186,141063.55916063895
39121,2021,8,1,39115,92494.07826499944,72918.77323487995
19089,2020,6,1,19067,63713.030771216894,61210.62825316371
31149,2022,4,1,31103,92843.69933014351,99437.78469994184
39089,2021,12,1,39083,155606.77663870397,125314.53685191384
55089,2022,7,1,26127,281626.7835783187,129882.78790048452
05013,2025,6,3,"05039,05011,05025",,59010.93363777156
12081,2024,7,3,"12027,12049,12115",299635.87666794966,206641.7869336966
19183,2023,5,1,19115,116941.09016054551,80739.38208667639
27049,2024,9,1,55091,204188.8047253104,158272.7264145837
31011,2025,7,2,"31077,31125",135690.63318031273,100191.5069872725
19081,2023,7,2,"19189,19195",84566.43857926714,85965.2307191814
30089,2023,5,2,"16079,30061",230876.2231417616,196165.59287572827
27005,2024,6,1,27029,187962.00279840143,102608.46733652416
39167,2021,6,1,39115,87570.87090764417,74533.36903602292
51683,2025,7,1,51685,354467.92271512613,371439.70196232706
20007,2021,7,1,40003,34689.83006066255,65384.29523529477
55083,2020,5,1,55078,99659.97871061976,103527.37018362065
27091,2021,9,2,"27165,27063",74210.94826255033,70319.10253783625
27033,2023,10,2,"27105,27063",87970.0848183158,109802.00270177776
17023,2024,3,1,17033,59919.89367279792,61126.096213921235
19197,2020,9,1,19079,59730.374128781084,57667.43384482388
21027,2021,7,2,"21163,21091",101579.25336765133,112962.62316628118
48339,2022,3,2,"48185,48471",232823.79543080903,171652.21942830196
13267,2025,5,1,13109,96758.52155107052,87492.6140097481
46121,2024,7,1,31103,,102411.62640587776
17035,2020,1,1,17079,83303.14589521846,71305.24046776547
37013,2021,7,1,37137,92145.1569970668,104508.10559749036
48283,2025,5,1,48163,82880.01126918649,85727.76168795064
37111,2021,4,2,"37199,37121",117410.67181674328,123085.47571544844
17027,2023,2,1,17051,102378.8622475103,76718.45836992322
06007,2021,12,1,06021,266319.62350582966,227794.3136299316
13291,2024,12,1,13281,240255.79444914835,243789.01760849767
39121,2023,1,1,39115,98190.99825740662,68868.48201736844
48001,2024,2,1,48225,122148.47850531804,113166.2429322327
37023,2024,12,1,37011,157601.42161678377,211801.9920149874
30043,2025,7,2,"30057,30023",311043.264488955,300461.12184546195
31095,2025,8,2,"31059,31169",54078.67357443989,79928.5300581396
53013,2021,6,2,"53021,41063",126003.64323758493,241938.32470611262
48041,2020,8,1,48313,159478.94653487988,84391.2967463536
18025,2021,6,1,21163,79041.74482184692,125845.44458353902
40153,2022,9,2,"40043,40093",68112.63497356437,68342.2483615865
46135,2020,6,2,"31107,31027",128723.07795805548,75249.55193060239
51161,2022,5,1,51775,197176.99755719505,169104.54850575485
48479,2021,5,1,48247,128489.14442391392,55264.441537179904
47019,2025,4,1,37011,151706.5807843932,210423.3120752806
05037,2025,8,1,05067,69150.59477153794,48549.13935377547
47147,2025,2,1,21219,276750.5828053821,139657.03791073454
25023,2022,8,1,25001,409026.27043945715,466040.35799163673
31139,2025,8,2,"31179,31167",112366.80316357312,153137.67393158423
54085,2023,6,1,54105,56308.32672012723,54996.939182139315
05043,2023,7,2,"05011,05003",77741.33591640217,51006.79959007079
29195,2021,6,2,"29107,29089",95689.925080865,90297.28151979577
48245,2022,10,1,48071,89768.76563913836,233272.64138637765
53015,2024,10,3,"53059,53041,41009",312571.39533918403,337279.79662070103
38105,2023,8,1,30091,181919.8457054314,98686.40856878336
29205,2025,8,2,"29137,29111",81655.59416810657,108658.69244730788
13001,2021,7,1,13279,77886.88094323872,69760.44971203276
29183,2021,8,1,17083,214092.37784245497,90877.54474589632
27131,2024,8,1,27079,226795.5371392027,217633.8453751751
46059,2023,6,1,46005,114220.58242200511,99406.30156004836
17095,2023,5,1,17175,39767.51136621794,75881.51927246728
51800,2021,7,1,37073,198184.47414227857,108651.79272994284
48061,2025,5,1,48489,128401.34671031292,88173.84471551173
29129,2025,8,1,19185,62583.30483994625,51842.62415587524
53075,2020,5,2,"16009,53023",155464.89498031998,112263.72221268798
26131,2020,7,1,26083,45210.55723615971,60157.291229283146
13015,2023,4,1,13067,226096.9476620003,302213.7592782764
34027,2024,8,1,34031,465571.0098006755,425152.69641731586
46009,2020,5,1,31107,59275.5120314945,60050.98890759467
08067,2024,5,2,"08033,08111",401972.9145883885,267025.17222522345
54039,2024,5,1,54067,82746.4013964999,80916.95528617612
13237,2024,7,2,"13133,13141",200520.01453861504,158257.40409913505
29121,2025,6,1,29137,91433.12221109966,105195.89026708638
13195,2020,5,1,13059,140846.37570612092,137675.89047151827
21171,2021,12,2,"47027,21057",70612.3981317274,85751.45081382088
08077,2025,5,5,"08045,08085,08051,49019,08029",312754.53893899516,368959.4327830772
19107,2022,10,2,"19101,19183",71644.39866690578,107742.74346935347
12105,2020,12,1,12055,150433.27178485805,91324.36954732978
40123,2021,4,1,40029,81619.38791455938,49178.15890338706
01107,2023,8,1,28087,75677.25875956862,91749.05711130904
49053,2020,3,2,"32017,49021",246547.0020130461,132840.51069492323
17051,2020,7,1,17121,78238.4571632278,61577.00811572064
56013,2021,9,2,"56017,56029",146674.632021268,156616.19181370176
37055,2024,9,1,37177,428665.1865923943,85866.85572282432
37171,2025,7,1,37005,134239.69346274136,148547.26754791007
12101,2020,5,1,12053,138301.4999949423,139365.6384787406
26003,2020,9,2,"26095,26083",96007.3664372388,61525.45041752618
16069,2024,9,1,16035,273370.1645947722,182740.691251964
46027,2020,3,1,31027,103127.26901554404,86509.82677732005
47131,2022,7,1,47053,67932.3579895598,75682.39284271559
35035,2023,10,2,"35051,35005",140569.4011010727,98686.7193947275
35001,2024,8,1,35006,260913.41278484385,86349.55211603943
17099,2025,6,2,"17155,17123",101274.96240288204,89692.3639856521
13033,2024,8,3,"45005,13163,45011",91502.86951480662,64040.832511933986
26017,2025,8,2,"26051,26011",109902.25452452293,90638.72111506146
39051,2025,6,2,"39171,39095",142485.05329477854,94536.10777185672
55003,2025,5,1,55051,111170.42486658944,105272.5441119332
13069,2024,6,1,13271,101410.24305062147,60401.475442184215
51165,2022,7,1,51660,210393.17053113345,209820.43669744267
01025,2024,12,1,01023,74390.67684713656,82652.27489319575
48423,2021,4,1,48459,129548.97018631033,112493.46375293478
16081,2020,4,1,16065,286371.6092683731,172584.35119597448
28001,2024,6,2,"28063,22107",60728.49218391548,82228.35964413744
13215,2021,10,1,13053,75883.19123664945,64015.59559043936
22013,2021,4,1,22027,,85950.29682122883
26123,2020,11,1,26133,107448.97108770616,93985.01871460628
33009,2020,8,1,50017,138027.21672443624,134665.1651528325
41011,2024,1,2,"41019,41015",249307.45993410164,270291.3113614346
01119,2023,7,2,"28075,01023",,71402.70582789998
22021,2023,3,2,"22041,22083",,72397.16802391308
28159,2023,12,1,28019,69675.51930765162,72506.77728363499
13189,2025,6,2,"13163,13301",108904.53490693796,54349.00200003265
48437,2024,9,1,48153,60485.98511465275,39818.93803763736
26033,2024,6,2,"26097,26141",109268.74226417764,107042.92819100358
37031,2021,8,1,37137,214935.3705287828,104655.68945807434
18067,2021,6,1,18159,76979.73736705573,107549.6956136044
45015,2022,7,2,"45043,45089",252441.8652005012,114523.1983789388
28157,2024,12,1,28037,56710.978177754056,95322.8787900286
05065,2020,1,1,05137,64391.46921317948,78493.57524314315
33009,2023,9,3,"33013,50005,50009",242092.73524599723,196882.60055496442
17065,2021,7,1,17165,76639.51956284083,36985.143567897096
51077,2025,6,1,37005,110479.0900323009,148240.56103105866
25007,2025,5,1,25019,974357.6511188102,1651717.236344953
19023,2024,6,1,19069,97076.31080340385,70463.08889184978
29139,2022,6,2,"29073,29151",123000.69352826914,116652.21822868742
17101,2025,7,2,"17159,17185",58354.995995465426,63239.77906233595
47055,2024,3,1,47117,139997.54010725475,203123.4619881084
55109,2021,5,1,27163,230493.2738319187,266535.19263608305
01025,2023,4,1,01023,79592.86452058537,85363.17081680348
29019,2021,7,1,29089,160806.6137546139,78718.16773025347
53043,2024,3,1,53025,175480.26335191334,241625.7313390243
17045,2021,8,1,18165,61624.25898633644,64480.22881315984
27061,2024,7,1,27071,130152.01487512584,72300.25510501006
27051,2021,7,2,"27041,27149",88220.80631075795,137339.3532939577
19007,2021,7,1,29197,52459.017569524374,69668.42928126939
31151,2023,8,1,31159,112289.40373966144,171108.8696121969
19077,2022,8,2,"19073,19027",111133.79259534164,83846.76871849934
08071,2025,6,3,"08023,08089,08011",157305.30813664934,89877.67292993247
26143,2021,6,4,"26129,26135,26113,26039",78956.040567239,96225.59827965919
01031,2021,12,1,01039,82687.34312487878,79657.37053540933
30067,2021,6,2,"56029,30059",313830.0674262519,176579.73429404572
20029,2022,6,1,20123,43465.9087280035,65498.200860375415
28157,2023,4,4,"22037,28037,22029,28001",51196.647259970894,84761.60259823452
12029,2024,1,1,12041,115594.0871717082,162171.11722764338
42085,2023,7,3,"39099,42039,39155",78171.35314876553,73968.11515630582
22099,2022,6,2,"22047,22007",98536.38011360254,87771.93181766462
37155,2022,3,1,45033,54958.14709599784,66316.32247921704
48281,2022,5,1,48333,183747.57553624213,207985.5487426822
48085,2025,9,1,48231,354426.0145100469,179462.53018524186
16031,2024,6,2,"16071,16083",224247.83580589227,243282.43498558406
26069,2022,4,2,"26001,26135",88370.98940190212,97415.33847057473
19009,2023,7,1,19165,62154.34472527475,106353.56035135267
55089,2022,11,1,26127,279580.30353269837,131090.64940859846
13187,2022,6,2,"13111,13291",253050.35436730005,262277.7170714335
51153,2023,8,1,51685,404235.636347713,336046.4197253906
13013,2020,2,1,13059,162971.8065316005,132673.54503365565
12119,2025,8,1,12105,288831.4464651428,214103.76893051752
25005,2020,4,1,44001,256042.30230107735,292917.72390487196
29223,2022,4,1,29093,74228.35154474965,77092.53297696223
18157,2025,4,1,18023,202226.25971325953,148436.2238610761
37189,2020,1,1,47091,175630.2380264797,92469.385037093
49037,2024,7,1,08033,240870.80654730703,180821.362748574
16049,2024,6,1,16035,206228.67521384908,180619.03816374764
47085,2023,12,1,47135,130786.54840689106,88139.76392007695
29199,2020,5,1,29103,53988.76679273317,49647.33558615627
48507,2024,5,1,48323,51771.82290135332,155993.0022474871
16035,2022,8,1,30061,175590.88652143988,224531.8616445739
55083,2020,9,1,55078,100345.04304886574,118688.98022821918
13137,2020,2,1,13281,118073.79566190593,153540.19894050443
17131,2025,5,1,19115,83152.31453859282,87837.58722074672
18083,2023,7,1,17033,76168.43857597391,61390.378932086336
29045,2025,8,2,"29199,29111",111136.74029610942,89797.28395128547
08097,2022,1,1,08065,655079.4078857253,291467.50954307016
21231,2024,5,1,47137,88525.51554806542,110909.42530959664
22103,2021,3,2,"28045,28109",172484.1402474611,104031.84206588494
04003,2023,6,1,04023,161237.46875518878,193548.20791598316
48131,2025,5,1,48047,54974.88337532736,53196.19757740219
13263,2024,2,2,"13053,13293",86538.24614386441,78355.59275381026
48039,2020,1,2,"48321,48481",163536.23054085695,102017.62467577275
29095,2021,8,1,29107,113891.36273500464,103926.4581761964
53003,2022,6,1,53023,237368.08051645145,120635.81203394028
23011,2024,4,1,23023,214019.2737202493,290238.1817709166
18107,2024,6,1,18045,133924.67755257012,101637.53930279549
49043,2024,9,1,49009,640488.5337889732,198047.3038265576
53039,2024,8,6,"53005,53077,41027,41049,41065,53059",267353.88386838726,316857.1036606743
40013,2022,7,1,40095,128383.4203302438,103315.94179659606
39015,2024,8,1,21023,151429.7621041081,121177.26083940726
47043,2022,11,1,47083,230606.77506198245,104052.04376300008
27005,2021,9,2,"27029,27159",152791.4754288539,98088.70391196512
26019,2024,4,1,26089,238235.59991640816,366551.2225936265
54059,2020,3,1,21159,29197.59126102245,34539.39021572342
17187,2022,5,1,17071,50410.86578568207,70366.1614881201
30035,2020,6,1,30101,52960.97334256964,57895.255450263736
18147,2021,8,1,21091,104801.50785805075,95690.5066242906
13235,2021,10,2,"13023,13091",64421.569480155704,70403.68843824399
17049,2022,6,1,17079,101802.7182541688,74602.30121337315
29035,2021,4,1,29179,,72536.0884531854
21145,2021,4,1,21039,76287.07985161211,54173.649038863216
08037,2023,6,2,"08045,08117",620952.2122081178,501402.55623964826
19027,2023,5,1,19165,103429.29469315882,105231.31086455676
31031,2024,4,3,"31091,31103,31017",112174.75199405132,77195.02787877896
47093,2021,8,1,47105,166725.90745254717,184669.20333610303
29071,2025,8,1,29073,161287.80268079744,122996.49168206014
22005,2021,3,3,"22047,22093,22007",169290.64930625146,104888.71907013783
55029,2025,7,2,"26089,26019",231116.34535023803,313645.9194045796
26039,2020,7,1,26009,60918.13967416394,112635.0371980339
48061,2025,9,1,48489,126844.54977966251,82609.58023614499
22051,2025,5,1,22095,164305.24979952432,135825.8768635797
55033,2023,8,2,"55035,55005",188947.42982134715,174459.94929866295
08067,2024,9,2,"08033,08111",408055.87311763153,269922.0422571711
42021,2024,6,1,42009,51757.071034969966,108525.96774889792
29187,2023,4,3,"29123,29221,29186",97853.00529471402,100135.18578939624
06007,2023,9,1,06011,265833.55147129076,260158.40913006492
21101,2024,9,3,"21233,18173,21225",120598.45178928104,104140.63070280124
17027,2020,5,1,17121,89544.70881603309,61007.453749076805
31089,2020,8,2,"31107,31003",62038.53068761888,65919.07472061337
51121,2024,5,1,51063,219937.10220789592,163320.4418208036
29211,2021,3,1,29171,,70060.68621680715
26115,2023,4,3,"26161,26163,39095",134226.95382877972,124789.85903274553
49053,2020,7,2,"32017,49021",251400.71750318247,137532.0840064426
37029,2021,8,1,37073,197559.08032550965,108736.3025028568
13261,2021,5,1,13249,52641.80050015138,92680.08127082826
06077,2023,3,1,06013,385556.8187097658,561983.3125116628
29107,2022,6,1,29033,117966.35577085469,73414.98633027308
47133,2024,9,1,47137,143891.6865810165,116676.23948706116
13033,2024,12,1,13163,86740.57868474889,59655.72919421512
54085,2025,3,1,54073,63037.42626482889,103422.27663260252
18149,2025,4,1,18131,135174.01313661397,114019.696305799
13077,2022,6,1,13149,255232.6939760378,141001.9523616707
24015,2025,8,1,24029,269766.19718827837,242298.41504667976
28083,2024,8,1,28135,35145.33292249966,58315.05996310381
18017,2025,4,2,"18131,18103",107421.36752881548,98648.77947355321
10001,2023,9,1,34011,239760.4209148082,157031.2972437455
26085,2025,5,4,"26105,26101,26165,26133",,137738.615642107
53047,2022,6,2,"53057,53073",172020.10677874563,407424.58604244934
06073,2021,8,1,06025,540431.3656226253,205700.3108862053
48143,2022,12,1,48193,184731.3534819759,124310.8235737678
30053,2022,6,1,16021,235292.77293384788,311248.83335758623
13291,2020,7,1,13281,151778.96286918732,159103.999452799
19025,2021,5,1,19021,63173.3655162952,93418.79120957512
20117,2020,7,2,"31133,31067",50763.871846929054,59713.14101620519
48463,2021,4,1,48507,109428.3371275376,47080.11819979923
40121,2023,6,1,40005,67635.7140656699,92650.22280648709
16083,2023,5,2,"16053,16047",252070.36721773507,234370.7635388809
21011,2021,8,1,21173,76817.3788652658,123515.33949797924
28123,2025,6,2,"28061,28129",64618.6716495619,95245.56125526506
23013,2021,10,1,23015,216317.8966335537,220906.74540688712
47187,2024,9,1,47117,567032.7828785735,206923.50153473215
48061,2022,8,1,48489,118982.22097559932,96624.67373639275
48309,2022,8,1,48217,159323.30890035423,114522.91121059326
28035,2024,8,1,28111,106322.930116133,90770.1003220142
20007,2023,7,1,40003,37400.22394268084,57377.68815304177
19091,2024,6,1,19151,77600.51193539934,49739.287969585566
37043,2020,1,1,13281,118161.11867730008,152861.5351156858
12101,2025,8,1,12105,217945.96319399713,214103.76893051752
13237,2021,10,1,13141,172482.29130570372,66789.00969972245
48271,2024,2,1,48323,72917.21078316374,148844.89731391103
13167,2021,2,1,13283,52983.71963006365,60668.44461691741
16051,2020,6,1,16065,196982.81766714144,175578.42583871694
13033,2023,4,2,"13163,13107",84280.34955841888,52749.35480120711
18069,2021,6,1,18169,84565.29667358799,82820.52671212523
50023,2021,3,1,50015,181461.0934159688,217301.28107419747
21069,2024,5,1,21201,93226.54814139457,105007.68889925488
21049,2021,7,1,21173,117286.11569463868,124982.42782487672
51059,2020,2,2,"51600,51610",378487.70064757345,440085.18537641794
18117,2021,8,2,"18101,18093",72342.89702320514,87647.84806459953
18051,2024,12,3,"18129,18125,18173",114359.2185973118,134115.32389760032
05067,2022,5,1,05037,46522.91237458715,67691.4664931422
55109,2021,9,1,27163,241323.80363365455,276614.3158377825
35043,2020,6,2,"35031,35006",176206.56411166888,92069.31335989831
40031,2022,4,1,40075,66308.27522825751,38567.15095248147
37143,2021,7,1,37073,123013.80494940934,108651.79272994284
40117,2024,5,2,"40119,40103",81763.77946439756,97399.1792749821
16033,2020,5,1,16059,87321.3839779037,107114.08896581188
47097,2024,4,1,47075,65160.768896084126,91251.43720278896
55075,2025,7,1,55041,120645.93913624456,98489.4051088193
30069,2022,7,1,30027,,153336.640597448
42081,2023,2,1,42093,131644.32315018898,154819.36827648702
06071,2022,4,1,04012,370820.84961014776,124748.93432116492
48255,2024,4,1,48123,88751.96983340965,115676.75876167788
06035,2022,7,4,"06049,06091,32031,06089",143314.2252928361,251837.31436938667
13131,2025,4,1,13087,100302.34295383362,75385.41696284167
32007,2024,5,2,"16083,32015",237121.2184528629,195513.62350840817
04001,2025,9,2,"35003,08083",195673.72466073348,208188.28627218804
48427,2022,5,1,48247,86223.69692184386,44670.84243318491
06095,2023,1,4,"06013,06097,06041,06055",473002.763946388,676319.1940952346
06075,2021,3,1,06013,932219.0815413096,515669.8284581128
06107,2024,7,1,06031,267916.7302365599,263148.5215224878
05055,2021,3,1,29069,97702.27400126084,73414.1982847406
06073,2023,1,1,06025,611728.9962144719,219684.6677213371
48039,2023,6,1,48481,208157.19293844455,129829.3225577576
16015,2023,4,1,16045,277830.4127457754,306084.41599203314
41063,2022,8,1,53023,259419.58565222833,120621.28739950736
01063,2022,2,1,01107,,79124.77137738327
13219,2023,4,5,"13211,13221,13157,13133,13013",345012.4506199587,233722.5909892805
40089,2025,1,1,05113,109708.7664400286,95219.5883476664
29019,2020,3,1,29089,135967.34805219717,58769.79437420429
51153,2023,12,1,51685,411146.8717508129,344643.53099767974
27001,2021,7,1,27115,118972.69419627763,101505.00153463968
13199,2021,5,2,"13231,13263",77658.99594755092,133374.67916632062
01075,2021,12,1,01107,91390.26927753697,78790.32740662708
13013,2020,6,1,13059,167474.72576537615,138558.54345101895
25005,2020,8,1,44001,260987.92011987907,296248.66560290934
18035,2023,7,1,18009,79710.49783084568,56343.827130419224
12019,2025,8,1,12007,251109.6494155381,148602.61420696796
13177,2024,2,1,13261,177931.26310335565,65062.952868525965
49041,2022,6,1,49039,210785.1838142689,237088.4306947582
41053,2025,2,1,41071,378239.6484312217,403498.8910872638
21033,2021,7,2,"21233,21143",57767.16865324668,76381.37109183222
17153,2021,4,1,17181,62433.88619566007,75105.48107260652
05097,2025,7,3,"05113,05019,05109",103906.51058634731,93613.75382233365
21211,2025,7,1,21103,228547.71743823483,156507.91245744188
16057,2021,6,3,"16009,16079,16069",251241.3311059917,176439.15890270725
20201,2020,8,2,"31095,31067",57683.4026884472,51552.61816476048
05111,2024,8,2,"05037,05035",78334.13769886234,77921.6231584702
29019,2023,4,1,29135,189449.64441264095,111508.41527121268
21041,2025,6,2,"21223,21103",128445.73742705824,158849.99173812944
08093,2021,7,2,"08019,08065",289481.0630544435,289138.7068015606
13311,2024,8,1,13281,168606.70569558887,246693.21726144516
17161,2025,8,2,"19115,19045",87610.36182223109,86563.50933170658
32027,2025,8,2,"32013,32015",141219.46558534112,165652.8031842154
13245,2024,7,1,13163,114249.40984796829,62116.33014678781
54059,2025,3,2,"21159,21195",44153.27061009472,67041.33138180968
20025,2020,5,1,20033,23357.889253271485,37178.34107929322
13031,2023,6,1,13107,151964.07176937687,56027.49840384535
13157,2024,7,2,"13195,13013",305075.4234761587,252922.80559994018
20013,2020,3,2,"20043,31147",39486.70983125897,42468.435053621055
40085,2022,11,2,"40095,40019",104049.11871837052,99191.67626198241
18123,2021,6,2,"21163,21091",85371.86717507006,112183.72546625657
31135,2024,8,1,31085,126615.3391566506,120862.78653448122
21231,2024,9,1,47137,92280.48141867998,116676.23948706116
22103,2021,7,1,28045,180672.4408690336,127083.58914315088
37163,2025,4,1,37141,61974.40315129162,279758.5816183831
18007,2024,5,2,"18181,18111",119526.83381932454,122715.98594581336
48131,2025,9,1,48047,51211.64010780037,49615.4332736528
48117,2025,7,1,35009,109636.75715219713,93276.25993354108
55137,2023,6,4,"55097,55077,55135,55047",129751.67102666828,146033.21008530806
13137,2023,7,4,"13139,13011,13311,13281",186575.94638777545,214422.1760390096
08113,2025,6,2,"08091,08085",605603.7082672454,406667.1944890298
48149,2020,8,1,48285,173834.17880681777,124243.05183055376
32021,2022,7,2,"32019,32001",85006.78315854898,310444.52932342724
48039,2020,5,2,"48321,48481",166114.15859734625,104452.97057063639
30099,2021,7,1,30073,138158.12801760415,90637.8448439929
30061,2024,7,1,16035,244624.64027345148,181753.4347418636
51153,2025,5,1,51685,437907.46775914385,369917.9220824864
13219,2020,3,1,13059,243229.7975897964,134468.34328004648
17105,2022,7,1,17063,70230.40543064663,178737.59377147665
51153,2020,11,1,51685,322823.1256760391,262063.5729941063
31121,2020,6,1,31141,75090.15795034026,121819.20909070988
40013,2022,11,3,"40069,40095,40005",132797.44884336105,88217.6067271725
18035,2020,6,2,"18009,18075",49779.02348815265,46115.5924070771
31059,2023,4,1,31159,75394.01157467748,165819.7937468755
30027,2021,7,1,30045,127783.80762216584,122318.09260636289
51199,2022,6,1,51735,278031.1045790144,284437.27953374013
13221,2021,5,1,13317,146645.27324110453,63918.339971469286
54059,2020,7,1,21159,30302.948461341697,36499.051902088715
17101,2024,3,1,17033,54557.55444615229,61126.096213921235
13279,2020,8,1,13283,60786.72177035352,53038.28751441149
39093,2022,8,1,39005,128286.90974192251,120759.06483684566
29035,2021,8,1,29179,,73539.5533494538
26071,2025,7,1,55041,69851.86051046582,98489.4051088193
41059,2021,6,4,"41063,41023,53005,41049",172363.6871325122,194808.6166407234
37039,2023,1,1,13291,122475.28639797796,205180.6916363859
48181,2022,11,1,40095,182471.75297896063,107608.86088280073
28131,2023,4,2,"28111,28035",115613.29835690408,96615.49522266195
16001,2022,8,1,16045,429697.78689542896,336094.0884953697
51199,2025,7,1,51830,323359.9305969284,267393.05858918256
22005,2021,7,3,"22047,22093,22007",171253.8238158727,101206.40607149161
12097,2024,10,1,12055,298156.3515699202,149503.0693722215
17131,2022,8,2,"19115,17071",76977.31334538832,74753.15983509162
18089,2024,5,1,18111,133893.81976268164,119225.75098171
48157,2020,6,1,48481,197078.72760824737,111610.88195332534
35033,2024,7,1,35055,,306836.127510641
06051,2024,6,2,"06039,06109",476192.0949979769,309693.9683328636
42067,2022,6,2,"42087,42043",129397.33408091088,111112.38404145624
49011,2022,7,1,49029,426307.25917096186,499789.1361584327
17157,2024,4,2,"29157,17145",78768.63495063462,94536.95332982836
13271,2021,5,1,13161,50212.809525322395,63790.567418747465
06015,2024,12,1,41033,249875.7341636972,290894.6504221041
53057,2024,8,4,"53007,53061,53055,53029",402926.85987137834,466512.75717540726
42095,2025,5,1,42089,251831.07574022296,223826.2694842801
53015,2022,1,1,53059,277877.98390831734,323855.2682104588
13209,2022,6,1,13309,82725.5528507344,58032.16618864853
30061,2021,6,2,"30089,16079",176205.40553804816,161281.3701620648
55071,2025,6,2,"26105,26101",168358.85147138574,147342.29746589315
46123,2022,4,1,31103,,99437.78469994184
36051,2025,6,1,36037,144244.32263227887,144986.20711199765
39127,2021,8,1,39115,84477.78701873226,72918.77323487995
54099,2020,2,1,21159,58575.97180208592,34355.91311114914
54085,2025,7,1,54073,58662.128105636606,99893.7780256806
18149,2025,8,1,18131,136935.77456966878,110407.79982088647
16025,2023,8,2,"16063,16047",223686.4912373113,197334.35818547514
18017,2025,8,2,"18131,18103",105294.38501371205,98867.4420409716
06093,2021,2,4,"06049,06023,06015,41033",153384.57597497842,210367.8081969494
54095,2024,9,1,54073,64341.48581058106,100950.14318908517
06095,2021,12,2,"06013,06055",457571.76366530807,591711.9215370255
29113,2020,6,1,17013,144447.10207750287,99630.87789594446
05147,2024,2,1,05123,,39894.79963018303
06073,2021,12,1,06025,554250.6072764216,214987.36963182455
19083,2023,7,1,19079,65852.12407931636,76209.94802111608
28045,2024,1,1,28131,144289.24432417125,113680.76782275469
56043,2021,5,2,"56017,56029",110738.4874187312,147918.21116868974
40121,2023,10,1,40005,69299.83742633631,96245.98281370004
06019,2023,4,2,"06069,06053",268673.496760513,602675.5413221386
53075,2022,6,4,"16009,53001,53021,53023",211551.2057443301,212978.564972736
55027,2023,10,1,55047,179477.85739912497,132867.6724950193
16011,2020,5,1,16029,155209.5530434289,131733.87941832645
13265,2024,7,4,"13317,13133,13141,13301",75618.97584495427,118824.79980593374
37107,2020,11,1,37079,45742.5942888989,87319.07026467081
13153,2025,5,4,"13023,13193,13235,13093",155352.52061561798,67517.16016546577
22051,2022,8,1,22057,167314.93707163414,114922.03738103656
20187,2025,6,1,08099,78672.72501534202,88434.14298492992
12001,2025,9,3,"12075,12041,12007",192149.09109524227,162137.03290070116
29021,2024,7,1,29003,96325.17197992136,149006.10612623394
06065,2022,3,2,"04012,06025",421048.86182625423,171986.4055719725
51059,2020,6,2,"51600,51610",384986.9356329444,447416.25408135296
28153,2024,5,1,28111,69916.12522371767,89526.52565191062
20005,2020,4,1,20043,47858.28119410904,51153.37554924606
12069,2025,5,1,12105,263722.16854492883,219297.57517367983
27057,2023,7,1,27159,168793.13356208263,115267.24123395604
47103,2022,7,1,47051,140320.80500737228,177718.4279759756
40031,2022,8,1,40075,69381.24780673621,38401.00756046912
17003,2021,4,1,17181,37036.96948066486,75105.48107260652
19051,2022,9,2,"29197,19101",100169.90804333983,93566.06239077932
51155,2024,6,1,51063,125742.1043569937,164313.12483457322
13289,2024,8,1,13175,55765.01625696249,95593.87617803454
31143,2020,7,2,"31141,31023",69959.54858615785,99396.50578514549
40117,2024,9,2,"40119,40103",84278.47746788563,99310.81153325408
20059,2024,6,1,20107,131719.88640390904,70727.41503891355
05005,2024,3,2,"05065,05137",136908.00100820142,100567.95350945728
49035,2020,5,1,49029,288368.04408736044,341119.68800414854
42081,2023,6,1,42093,134451.0291602053,160031.43443738404
48485,2021,11,1,40033,79442.07625367964,38777.14772675838
06071,2022,8,1,04012,382120.52468367264,132704.0164770923
31111,2025,6,1,31047,125398.04459691868,120145.77408881429
17199,2021,5,2,"17181,17165",65196.44157556252,56597.997855320544
39081,2023,1,1,54009,47518.53650617171,62363.14274183143
28025,2024,7,1,28017,80682.79572501073,82343.83672664232
48201,2023,4,1,48071,199411.35639099783,233576.08695176023
13287,2020,4,1,13017,54774.50471007832,38406.17529877139
08059,2024,5,2,"08019,08047",483355.85106161394,357229.41721813
32007,2024,9,2,"16083,32015",244027.19145077225,199594.3754525681
21071,2021,7,1,21115,61881.66795540475,63035.854757765046
01091,2023,6,1,01023,76040.14045114687,88989.05396812792
06107,2024,11,1,06031,270094.0125293316,265731.6457628888
47161,2022,3,2,"47083,47005",124055.11630828382,98024.2229534963
05147,2021,1,1,05123,,42645.22201651839
05133,2025,1,1,05113,90506.81650715448,95219.5883476664
16015,2023,8,1,16045,291146.7147250113,309919.3387298201
12043,2020,6,1,12055,80718.169224359,83833.55981289071
37053,2024,6,1,37177,360054.0730395591,84625.20557840636
18019,2025,6,2,"21223,18143",187624.83484600604,145333.1516892372
40109,2024,9,2,"40017,40083",133765.33224619436,178543.75760142657
48499,2025,8,1,48379,160083.88337302228,155154.99880574437
36095,2023,8,1,36093,128265.79738043206,192410.138119644
48225,2020,7,1,48313,112811.0203028571,83230.30376480111
47167,2021,4,1,05035,130350.46221795084,75992.15899738194
47157,2024,6,1,05035,105887.42873722456,79458.54044788693
20007,2025,4,1,40003,44525.461081124486,57044.07703105472
06089,2023,3,1,06049,263690.9546700168,96795.77971840516
18179,2023,2,1,18009,125205.0307733642,55292.01919780546
21069,2021,8,1,21201,63893.28290190155,86298.71525376172
47171,2020,4,2,"37199,37121",97676.21955449278,99235.83977845567
28089,2025,7,1,28051,195490.72147727615,41419.34921926891
48293,2022,10,1,48217,82040.94568585361,113447.14540776957
29161,2022,3,1,29073,109722.8492276635,101020.56448598276
48035,2022,8,2,"48217,48425",144962.75086655954,175750.48838598764
19197,2024,6,1,19069,65268.885707666625,70463.08889184978
06053,2021,12,2,"06069,06079",546793.1135490788,587548.324114406
17121,2021,3,1,17027,62655.98485416409,97098.72641498398
37011,2021,3,1,37121,130074.47252905072,96915.10348896292
54059,2025,7,2,"21159,21195",43080.272921438576,70137.85290071776
13289,2021,7,2,"13023,13021",55866.692223703394,61329.88860862209
31151,2025,9,3,"31059,31185,31169",127655.06455060194,96533.97101307602
06099,2024,1,2,"06109,06009",368883.2874611861,311378.1362861345
13137,2020,10,1,13281,130541.7227948201,166060.14116427567
37013,2025,4,1,37187,117871.8255873928,51436.96771030877
21205,2020,6,1,21063,89756.27742166565,79450.43347014314
48403,2022,3,1,48241,114226.3963286336,118253.97035375328
13161,2022,1,2,"13309,13005",68234.53729997702,58226.43090680071
27037,2021,5,1,27163,246963.25176695173,266535.19263608305
20029,2024,7,1,20123,51846.70431255328,75725.7704413459
28093,2020,1,1,28009,90051.00807798824,77836.49919795914
01093,2021,12,1,28057,75694.67108459162,96801.07731466331
12071,2025,5,1,12015,253144.77759146295,221190.44767439575
21003,2022,7,1,47111,118669.47060056672,136081.6040405922
51195,2025,5,3,"21133,21195,21095",64404.21887220494,55930.04783847974
23001,2020,8,1,23023,132778.62651266585,174926.17127864098
19147,2023,5,2,"19021,19059",70057.09727938556,143799.24340144318
29095,2020,7,1,29177,88018.7915643003,90445.29618089512
32019,2021,12,3,"32029,32510,32001",318858.63363029325,305608.5776149246
54081,2023,9,2,"54089,54109",77905.45280688313,55520.524222863736
16057,2020,2,3,"16009,16079,16035",204642.10498845935,103256.2283707352
27137,2024,8,2,"27075,27071",123289.86200721754,112691.84046569886
21175,2023,7,1,21063,98309.30558079095,111224.99170240936
27121,2023,4,2,"27041,27151",170134.18739075284,129945.53591274066
19047,2020,6,4,"19085,19165,19133,19009",62365.717812268274,66995.4320127016
32031,2025,8,2,"41037,32013",405594.2416982974,168371.84918655915
27141,2021,4,1,27009,237476.68977516695,154640.3965003552
12131,2022,3,1,01039,336825.1945580005,79122.34790670477
36091,2023,7,1,36093,275215.3143638912,190769.4341505405
01077,2022,11,1,28141,121763.67214165976,113283.83924122284
49003,2020,8,1,49005,230217.89125524167,227447.8647596688
47023,2020,4,1,47069,72467.55393987334,54378.17452810381
51041,2024,7,2,"51670,51570",303627.94813809014,186251.51407088136
19147,2021,12,3,"19041,19021,19059",68989.20076978869,112606.87308385332
21009,2020,1,1,21169,96576.16481226993,45783.333020461345
21047,2025,8,3,"21221,21033,21177",123639.53952799532,90774.89823378522
41023,2023,11,1,41069,153058.7407216335,132414.90529443845
12115,2021,7,1,12027,229584.99270102216,122899.47151825287
35027,2025,9,1,35057,216556.29043566048,131352.13837584492
05111,2021,11,1,05037,68998.13948959712,64083.630893609814
27077,2021,7,1,27135,114045.31421221713,113792.9258529266
27165,2023,8,2,"27063,27013",82099.53668474153,139597.39281529744
49019,2022,10,1,49047,423090.15707952325,211723.7950256636
30041,2023,8,1,30015,128909.23733566963,139408.62215486643
39025,2024,6,1,21023,208199.94349561175,118877.61721080012
36013,2023,7,1,42049,79045.68677077128,107718.82644638832
26101,2020,4,1,26019,90384.97534680377,148335.0403906148
29127,2024,6,1,29173,90105.8869354995,135251.50734833285
23003,2020,4,1,23029,56959.676735963854,64497.11885165983
21185,2025,7,2,"21223,21103",296175.13306161953,158551.5009457578
24025,2025,4,1,24029,285359.37228880776,244524.4183920439
32017,2025,6,1,32033,131834.12411353603,106740.79278761066
30081,2021,7,2,"16049,30023",325181.4526765977,143823.7712078212
08077,2024,8,1,08029,305626.355758085,272192.1776551647
28091,2025,6,2,"28065,28147",76831.44733669925,75854.66886251923
05001,2023,6,1,05107,55158.919110022835,24998.4636763197
17125,2020,7,3,"17017,17129,17169",49312.907881087514,78389.40344380213
12071,2022,4,1,12043,247907.91526683653,124243.132158129
22103,2023,4,1,22087,188570.9650109977,139005.2158162446
22065,2022,5,1,22083,,88404.56820140984
47115,2022,7,1,47051,127236.12347243284,177718.4279759756
16019,2020,6,2,"16065,16029",190670.504250583,154921.78838796227
17157,2024,8,2,"29157,17145",78325.44744609746,96199.90607438021
27001,2023,9,1,27095,135860.83670725796,188493.4048138368
08055,2023,9,3,"08109,08003,08023",144326.49158013673,140775.46066681758
22029,2021,5,2,"22125,22077",56025.94639696307,138350.34519888592
31169,2020,8,2,"31151,31095",56984.309053903475,54662.54681056905
51650,2020,2,2,"51131,51735",121875.7888598838,155168.31813727325
53015,2022,5,1,53059,299681.15845878585,358230.00688228774
48251,2022,4,2,"48217,48425",234832.52712351867,170703.88697179302
18141,2024,5,1,18149,121449.06067840128,129435.49615015194
46123,2022,8,1,31103,,103821.64506631329
12015,2023,4,2,"12027,12055",253495.87657111595,151414.02195828242
01077,2024,4,1,47071,126541.5215512336,105617.01920616064
18037,2025,7,2,"18025,18123",163675.68382678193,103410.52741202491
31173,2020,7,3,"19133,31039,31021",67019.69950928213,64794.97995263027
47003,2022,10,1,47127,209868.1962306532,182259.12902251363
51185,2021,3,1,51021,51672.52195497125,75398.80255845487
55007,2020,6,1,27075,105583.7840248155,96457.4340414626
35061,2025,8,1,35057,224409.93211670648,129464.69665346776
22119,2021,4,1,22027,72901.80931833893,85950.29682122883
06029,2021,10,1,06079,208304.09234201713,532294.7964860991
48287,2022,3,1,48477,200782.21463478604,217400.14495140876
01005,2023,6,1,13259,89805.32188036431,38432.601531386965
27011,2025,7,1,27155,76913.29821527837,54687.58562320921
20137,2025,7,3,"20147,31065,31083",52899.22168004344,68006.82376889983
21053,2020,1,1,21207,50483.25319727813,71966.3574699796
17077,2024,9,3,"17199,29157,17145",56713.19570260707,88564.06754017313
35023,2023,7,1,35029,,102917.5500904459
12011,2022,6,1,12051,215137.8845591641,167844.67011199062
21057,2020,3,1,21207,61978.73729185147,73305.43505773939
17033,2022,7,1,17079,63448.9626647669,73372.51617878197
08113,2022,7,1,08111,644863.5685895573,294226.88589425606
17109,2020,4,1,17169,39804.919314484614,75686.99380539496
13017,2025,7,2,"13315,13271",57262.23554405323,53703.980812696245
46109,2023,8,1,27011,112132.6892136491,79223.38256794652
19041,2023,10,5,"19021,19143,19141,19059,19035",97678.17125544064,108417.39143172637
21175,2020,4,1,21063,67500.71177987168,78174.22097188236
21127,2023,3,1,21063,80968.59605129407,109739.56577625968
29015,2024,4,1,29083,94751.02579876527,107341.61100253498
20077,2024,5,2,"40053,40003",36804.36037605703,60597.84688940719
08055,2020,8,2,"08109,08003",95799.5212138417,113516.50907408641
06065,2022,7,2,"04012,06025",451356.5667679312,178759.32112227927
51059,2020,10,2,"51600,51610",393757.91161328135,461256.03797793353
29023,2024,3,1,29181,78272.02067938344,78775.90849278145
45027,2020,2,1,45089,77387.79178164166,41185.3423326244
48407,2022,9,3,"48373,48291,48471",126167.56160475904,138233.3710932535
53057,2021,11,2,"53007,53029",360520.81675340096,382312.22688681394
47017,2021,7,1,47183,79703.35591014865,70769.37755365724
40127,2023,3,1,40005,77892.78927622677,85917.27487548171
22097,2020,1,1,22077,79633.56529103436,89220.31372853485
40031,2022,12,1,40075,70232.36574222652,36596.166496146856
13189,2023,1,3,"13317,13163,13301",108565.83929152516,61890.0418674582
29219,2021,7,1,29073,182632.309465592,90235.78668838284
06029,2023,3,1,06079,234074.60421628112,588776.4478723026
40071,2023,5,2,"40053,40103",51950.34478433492,60740.21366293194
48255,2024,12,1,48493,97118.43583134197,234280.92414717423
13035,2021,5,1,13171,144335.38686381295,131571.23859533307
29071,2021,7,1,29073,131110.63378637334,90235.78668838284
16025,2025,5,1,16047,249326.98442499695,235415.35195823977
55029,2021,6,1,26089,164416.16731856484,282726.1418827542
21153,2021,6,1,21115,58131.75575141874,62850.78369158334
39159,2024,6,1,39021,249515.08446600483,145552.5465305373
26113,2023,7,2,"26143,26079",127337.99158984322,109199.4225111175
29113,2022,3,1,17013,172835.00630566187,101192.42272109896
12001,2024,5,1,12041,200145.68929511783,167905.25429653618
39035,2025,4,6,"39103,39055,39085,39153,39093,39133",117783.32757742268,176190.0332547766
40099,2024,9,1,40069,108722.01485226482,76629.83456212377
20191,2024,5,1,40053,62759.32445233298,58917.104144462464
05147,2021,5,1,05123,,40559.19386448773
05133,2025,5,1,05113,87242.12903541773,93326.4985345715
31101,2024,9,1,31117,133040.8899227465,154957.4985382587
17025,2025,7,1,17159,51068.16984678382,59181.400963776214
17119,2021,8,2,"17027,17083",80871.31891870365,95050.22675713291
41051,2023,10,5,"41005,41027,41067,53059,41009",377559.80301834346,414097.37709899957
47113,2020,3,1,47069,86829.2581276725,53604.77860345578
06097,2020,8,3,"06033,06095,06045",481781.9914804522,291629.91119948734
17185,2023,4,1,17159,76051.70192979752,63811.57530755159
35025,2023,6,2,"35041,35005",131653.03554425234,90433.59811042788
51810,2021,8,1,51131,236543.8834293889,100813.69420852272
48491,2021,3,1,48287,268607.06595394836,167573.71092348965
37019,2025,5,1,37141,284542.2991413088,279461.77216716344
22111,2021,5,1,22027,92360.85623693724,80614.84694109189
18179,2023,6,1,18009,129944.12953426794,56418.70832161469
12023,2024,4,1,12041,157674.2822142897,166363.5641651538
49007,2022,6,2,"49047,49039",145649.23540307712,220048.18332486425
27105,2021,4,5,"27063,19143,27033,27101,27133",99494.56744558662,81086.75794862531
21127,2020,2,2,"21159,21063",50136.53500276289,55079.26146519717
01013,2022,1,1,01039,61712.17788960925,80380.30123972695
12083,2025,8,1,12075,196976.98370302728,174282.7463061236
53043,2020,5,2,"53019,53047",107915.77997842546,130780.59467233186
39149,2024,7,1,39021,128365.83870454798,145679.11091313927
17121,2021,7,1,17027,64616.3016162593,99395.62052653798
13085,2024,8,1,13117,340581.31241210125,457479.46236893255
29033,2025,6,1,29025,86620.33577472527,110254.53761008944
19133,2024,7,2,"19093,31173",82294.12735591414,73260.1368051105
30085,2023,5,1,30091,77849.66043529053,95882.75696984712
12081,2022,6,1,12027,297294.5055326076,167298.19412653623
48147,2024,3,1,40013,143178.78949619154,136390.61157465717
48403,2022,7,1,48241,115395.20297241192,120639.94700724068
05005,2021,6,1,05065,108470.83661111852,78399.86773913534
51075,2020,1,1,51065,229886.466959772,175067.27837623938
27037,2021,9,1,27163,256304.17880276835,276614.3158377825
42121,2023,3,1,42039,55836.273865500814,84137.00579945999
51013,2020,6,1,51610,395465.8588316383,498929.91478191735
48089,2020,6,2,"48285,48481",122215.17086884286,116249.19728947997
20065,2025,7,2,"20147,20163",52454.651132743864,56110.912222519924
01133,2022,2,1,01043,83593.93922434974,156208.21042236502
31011,2023,6,1,31003,118351.97739944584,86403.44478147964
48149,2024,1,2,"48477,48089",229074.4942887818,181643.31689341663
01061,2022,6,1,01039,87889.8831969448,78990.41655741092
39143,2024,5,2,"39173,39123",115006.31698441145,146202.47013171797
35051,2020,6,1,35017,77155.97425461683,95141.0032383902
04013,2022,3,2,"04012,04027",350317.9370795002,151945.703820494
55115,2023,6,4,"55097,55083,55078,55135",123903.33687329727,134037.87878777125
27053,2021,9,1,27019,242461.13244021777,298691.7998181824
06019,2020,5,3,"06069,06031,06051",194862.1338565077,330021.7041941889
23001,2020,12,1,23023,144657.72559752548,190903.9872580256
28109,2024,1,1,28131,101215.511373683,113680.76782275469
08059,2021,8,2,"08019,08047",430447.97319534206,320171.824921372
29189,2022,5,1,17133,128591.8899513814,172699.05544601567
35029,2020,9,1,35017,88428.61744564411,99913.53022798352
47107,2021,8,1,47105,123495.93347395166,184669.20333610303
31055,2020,7,4,"31155,31177,31153,19155",131028.39763097884,143554.04489377246
47011,2023,8,2,"13213,13313",193476.56845274504,158572.9546982684
19039,2022,11,1,19185,91081.29421555184,54928.88397561694
06105,2021,10,1,06045,169192.25424314046,386626.6128369184
48373,2025,6,2,"48407,48455",90119.67602530804,113980.81337603694
30019,2023,7,1,30091,91092.1072977743,98354.82375994648
17057,2020,4,1,17169,37884.88493422523,75686.99380539496
54107,2024,6,1,54073,102234.79505700344,97412.93821624706
51800,2022,7,1,51740,217125.79184467983,167181.8844126976
31141,2025,5,4,"31167,31125,31143,31121",183948.3852587405,125355.88113796545
46121,2022,6,1,31103,,103003.16931042665
23005,2023,8,1,23023,372254.4216356683,276598.0031774023
30049,2020,6,2,"30077,30043",203516.3277245176,137862.4847540608
20043,2022,6,1,31147,66158.27421071868,54924.60936087967
13105,2022,11,4,"13221,13195,13317,13147",81208.37469149727,152501.76209694403
27091,2022,9,1,27063,87210.52824915118,96409.17871617668
13103,2021,1,1,13031,172501.23437662705,111791.67129635609
28155,2023,12,1,28019,86095.06146883473,72506.77728363499
29125,2021,12,1,29073,102327.10612407836,93787.87208570098
13289,2023,4,5,"13175,13169,13153,13319,13021",48071.55048018493,98417.5239507932
39089,2021,4,1,39083,150932.4992051473,120353.51324526948
28047,2021,9,1,28045,117297.80301328591,129391.6356981206
13043,2024,3,1,13279,101563.86481197464,74621.1986738736
23003,2020,8,1,23029,58371.85721887437,68333.27878036934
24025,2025,8,1,24029,286641.184504045,242298.41504667976
17139,2023,2,1,17147,83876.10082074994,103617.2174760288
39123,2021,9,1,39143,129159.80708845066,91929.83197433173
20135,2024,7,1,20083,40718.1603887163,76374.27572238202
41017,2023,5,2,"41037,41039",456936.410538586,232807.3036059345
12071,2022,8,2,"12043,12051",273644.5081778253,155185.59027857467
53013,2022,6,2,"53021,53023",147918.9097981668,218914.6986400856
51179,2025,6,1,51630,404793.3898559048,323065.82805533655
06045,2023,3,1,06097,349023.69853995554,581662.9976272829
40153,2023,9,2,"40043,40093",72097.09835730279,68095.50908887402
56031,2022,4,1,56009,133149.04088683447,173308.31193605505
27119,2021,8,1,27029,110959.109576489,91556.672574714
32005,2023,9,1,32019,468408.2601178849,318804.82662929397
48047,2022,4,1,48247,61076.08328444522,45922.630686708
51051,2025,6,1,21195,57595.96373876677,69704.94032134127
17049,2020,1,1,17079,81973.27634770179,71305.24046776547
27171,2021,4,1,27019,232108.014966145,279778.7246743186
06071,2023,2,1,04012,374195.5812122768,127756.8535775197
40123,2022,6,1,40133,97704.32011884706,45341.82327565924
42081,2025,6,1,42093,145520.2717965624,172309.42073650347
48251,2022,8,2,"48217,48425",246721.28699999544,175750.48838598764
51153,2022,12,1,51683,390162.29184892046,307253.61453105794
28127,2024,9,1,28077,80182.6421515108,75572.03967901027
29071,2023,3,1,29221,144806.4491549039,89572.14323876299
35015,2024,9,1,48109,153677.9747189819,86022.18402499094
34019,2025,5,1,34021,428820.65352200606,269150.705019966
51185,2021,7,1,51021,53359.12889814699,79204.47916989266
47077,2023,9,2,"47023,47039",103642.20090284922,81938.16162253184
19033,2024,7,1,19069,100980.74259376703,70902.48158191517
48325,2022,4,1,48013,205369.27150634225,155501.6188701446
26153,2023,7,2,"26097,26029",89074.7874929647,156758.5649576217
13085,2021,5,1,13227,238698.2373716639,203241.12610932603
39157,2023,4,2,"39075,39151",103757.03943708284,133729.98146672573
18017,2024,7,1,18181,102239.21175196262,128116.95914418338
01117,2023,6,1,01007,239240.12490312973,152731.42611920883
13015,2021,3,1,13227,174414.96516103964,194493.62281140368
08015,2022,8,3,"08051,08093,08065",459942.030653789,355212.8537568876
13105,2024,4,2,"13317,13195",94654.6149004457,148719.48258584787
29195,2022,6,1,29033,84371.08496316812,73414.98633027308
37129,2025,8,1,37141,304660.0279307506,275984.72359469946
53009,2021,1,1,53055,245798.94864797615,410933.54387190094
13157,2020,6,1,13059,195778.22997201164,138558.54345101895
55079,2024,7,1,55101,165272.79530764977,180004.33232722458
12105,2023,5,2,"12081,12055",221388.44125026077,221660.12405286258
20071,2025,6,2,"08099,08061",79521.14340262026,100212.09746643546
28091,2024,2,1,28077,72248.96040962888,74400.30017903777
44003,2020,12,1,44001,218983.2564587011,317800.83493114426
48295,2023,8,1,48211,83715.83660940915,102883.10073992
47005,2024,6,1,47135,95182.18127965405,95568.74505671836
31051,2025,4,2,"31179,31173",96599.72179481352,105130.93505854334
46051,2021,8,1,27073,119297.31050848692,70301.10459876618
13273,2025,6,1,13307,48297.594084298704,74108.07192064541
51035,2024,7,1,51063,104764.9046761602,164346.11935392863
47153,2023,6,1,47061,147198.1894663735,94926.79121686798
51173,2022,5,1,51167,73959.17825813328,68500.00254639707
48029,2022,5,1,48013,187954.1742846622,156601.9476921368
01085,2023,6,1,01013,78879.19831093028,60748.72493188314
13069,2022,5,1,13005,97458.1362631888,56968.11185727892
29137,2020,4,1,29205,64371.61206382403,51429.31118388892
47061,2022,4,1,47051,99396.75583186767,174036.6446106246
48069,2020,5,1,48369,,70597.53027713748
49013,2024,6,1,49009,235662.639523047,196984.4872823181
08055,2025,6,1,08023,148992.18808013122,110983.23381415474
40079,2025,4,1,05113,91281.7056751353,93935.29239080456
29027,2022,4,2,"29151,29051",136176.7144995686,134576.27703908176
06065,2022,11,2,"04012,06025",445015.7742233919,174281.9712603895
13243,2021,5,1,13259,43870.82857358101,38785.820054795506
32007,2020,7,2,"16083,32033",207011.30132052404,123898.14577670155
31017,2023,8,1,31103,57378.79909021728,101750.78776441504
45027,2020,6,1,45089,78056.49327680166,42613.49870215214
48029,2025,6,1,48493,169952.68811551074,230801.3174415524
13157,2025,5,1,13219,309593.83662529686,382714.43114591594
39063,2023,2,2,"39173,39175",129860.75218748368,112388.80829126174
21083,2020,11,1,21039,72557.37511252191,52497.21251102632
01093,2022,6,1,28057,81290.67865004363,92052.1853667816
26089,2023,6,2,"26029,55029",360774.5271346322,209167.3314953269
17035,2021,7,1,17079,91601.8802266193,78350.52697767846
08035,2020,6,1,08119,423987.8574667619,223232.87526736004
37027,2024,4,1,37011,123026.2965429554,208509.94473618903
12015,2020,7,2,"12027,12055",153586.51963918112,90354.5395428291
38071,2024,6,1,38099,115992.95392361828,95730.098253003
51191,2020,7,1,51520,92801.35175456638,62505.2451563288
20183,2022,9,2,"31061,20089",40186.32875531163,49818.24761651794
05005,2024,11,2,"05065,05137",142181.82485530348,106814.06729163627
19053,2025,5,2,"19185,19117",77842.2309393933,70858.91569806231
31117,2025,8,1,31171,140186.58718446383,93903.18268785802
29001,2020,5,1,29103,81302.10074268591,49647.33558615627
47125,2022,5,1,47083,219086.9048536617,109250.42632221384
26143,2022,8,3,"26135,26039,26079",94014.23609089312,98684.64937694151
54019,2023,7,1,54089,68525.3854614924,74907.38248476492
35045,2020,6,1,35031,162536.372032863,126060.61554749776
33009,2021,8,1,50009,179225.84837984177,96183.94928733238
17137,2025,5,1,17009,65095.99857544313,82471.3756077284
23019,2020,7,1,23029,101885.23312168404,67193.7422789735
13297,2025,2,1,13219,282897.98407494015,384775.3537780298
20055,2024,8,1,20083,160864.8039592425,76442.77542732384
26103,2020,9,1,26083,87650.08994925821,62079.59209173249
37115,2021,3,3,"47171,37199,37087",191164.6941786849,138398.91485651318
13285,2022,8,1,13149,110475.48361214309,140614.6195603964
05147,2021,9,1,05123,,38721.53472350664
40093,2021,5,1,40003,65222.301429702005,64946.43416492416
22033,2023,4,2,"22037,22121",127155.93272495928,142504.012188665
13237,2022,6,2,"13133,13159",189982.60912764803,198196.1584854519
38073,2023,4,1,38003,,89455.46714764375
12057,2025,8,2,"12049,12105",265694.72658618866,174500.4510304572
47113,2020,7,1,47069,89475.67847287456,53883.94357391084
06033,2023,3,2,"06097,06055",214144.45038918452,617649.4886717736
37073,2025,6,1,37143,134225.84237396182,139751.42958029118
36071,2022,5,1,36087,263905.3384229575,415056.4484624013
35025,2023,10,2,"35041,35005",120932.73761700362,86080.52804598131
46109,2025,5,1,27155,113532.99337689136,56097.59277206331
48491,2021,7,1,48287,323640.76228425215,179491.46260182498
13249,2023,4,4,"13269,13193,13261,13197",94966.50665331648,60176.05301896223
08045,2021,6,1,08107,307224.4274861398,400558.23497168213
22111,2021,9,1,22027,88987.05403440299,68433.96929574276
29111,2020,5,2,"29103,29205",73985.98730966555,50821.00500272996
05009,2021,5,1,05101,101777.7808425916,100028.0847412704
21127,2020,6,2,"21159,21063",56068.83071451405,57653.94681684849
08037,2024,8,1,08065,683368.3102307258,355839.3614803871
31031,2025,6,1,31171,128160.57527459192,99263.11250034644
21043,2020,4,1,21063,51209.04121111642,78174.22097188236
28157,2021,3,1,28005,62090.41946493825,85366.437163062
36029,2025,5,2,"36063,36037",189469.6116399899,143755.56505970046
56039,2021,8,2,"56029,16081",757798.7888530636,323208.59200798394
13037,2024,6,1,13061,51038.76123174571,66116.4400784634
27139,2021,6,1,27019,276300.5090349515,288198.8814986427
48059,2024,4,1,48133,97193.80788480538,59712.43165313922
29083,2022,5,1,29185,101764.2484375536,93795.4876540904
06093,2023,8,4,"06049,41029,41033,06105",181348.24535944173,216774.47547934653
41059,2025,5,7,"53005,41063,41049,53071,53013,41061,41023",217367.3204176277,230923.50446220566
21191,2024,8,1,21023,138015.7915385136,121177.26083940726
29017,2023,4,1,29123,110065.64324064046,78991.28800199307
42121,2023,7,1,42039,56798.9857981678,85565.44581251887
06107,2025,3,1,06031,274668.6029939617,270227.9048103621
26055,2023,7,2,"26101,26079",252141.14716097817,127679.08372933598
19085,2025,8,1,19047,108396.68722375536,92921.72659409574
21005,2025,5,1,21239,167470.11043443982,240216.263476036
48149,2024,5,2,"48477,48089",235566.17478234557,186886.33677647554
17125,2024,2,1,17017,42978.93012707035,58431.267269200005
34005,2022,5,1,34021,233131.0017866989,206110.42436647497
13241,2020,1,1,13281,118770.17474577256,152861.5351156858
47027,2024,9,1,47137,114649.76850092244,116676.23948706116
51077,2020,4,1,47091,70749.13194093942,95543.43643471591
51153,2024,8,2,"51685,51683",429265.2159115586,349804.7342540247
31001,2021,3,1,31099,105161.79253349568,101569.62342284885
53069,2025,2,4,"53049,53041,41009,41007",231785.47328334628,306546.3492495246
16049,2022,5,1,16059,206033.6724259207,181655.3361305633
18181,2020,8,1,18131,86032.6387869563,62695.534830977944
20077,2021,6,1,40003,27880.881746101415,66029.63131729775
36059,2022,9,1,36005,562639.6939172827,214727.1003054329
31159,2025,9,3,"31059,31185,31143",186599.35340222172,110375.61092620103
17057,2020,8,1,17169,40005.22930115854,81058.41079777075
54107,2024,10,1,54073,104406.1592891679,101906.19946616502
31141,2025,9,4,"31167,31125,31143,31121",188602.57747019795,125682.11864699826
06065,2021,3,1,04012,336550.62084859057,102893.77192814126
21075,2025,1,2,"29133,29143",47278.93036061372,54373.92777123114
48157,2024,3,1,48481,280437.59269165556,123017.1855374332
13169,2025,4,2,"13237,13319",138105.996260114,133344.34949452046
21183,2025,5,1,21149,90142.12530411647,116007.75378935153
48063,2021,5,1,48459,109499.20599174895,114658.20992836938
19193,2020,8,1,19133,92224.71067944204,60530.06410908004
39089,2021,8,1,39083,156470.33692055126,125506.11920311714
05119,2025,8,1,05053,108748.2825013938,115455.723646315
29053,2021,6,1,29089,113593.7042802627,78190.02484725935
51115,2023,6,2,"51119,51199",171524.62764969873,252244.9537183217
13043,2024,7,1,13279,108644.46558382583,79943.21369474682
30031,2023,7,1,56039,465084.5262531504,999496.4779626816
33015,2023,9,1,33013,397861.44589234766,308493.74256969563
48463,2025,7,2,"48163,48507",117590.79473698104,68673.2477863351
38015,2023,8,1,38083,216780.87141880603,72694.76117387235
31049,2025,5,1,08115,84853.93434559823,94301.50856509958
53039,2022,7,7,"53005,53077,41027,41049,41021,41065,53059",273003.53362640744,282110.5676766359
20195,2025,6,1,20163,69667.32379952549,58215.69213235712
17167,2020,6,2,"17017,17129",67821.84224982104,77367.63963409048
19081,2023,3,2,"19189,19195",82032.46644042713,86343.49313397714
27015,2022,9,2,"27103,27033",121595.9852588654,136962.68277176117
13263,2025,2,1,13053,83098.74467057911,72268.18651636019
26055,2020,6,3,"26089,26019,26009",159088.41639618712,168566.541371059
13103,2024,6,2,"13029,45049",263546.7846747506,188257.4532589258
48005,2021,4,1,48455,103170.84088657652,91404.7910608877
37193,2024,12,2,"37005,37009",114099.93529313948,183693.68881483443
27007,2021,6,2,"27135,27029",122855.28280342637,102740.9871339523
19165,2025,7,1,19047,117365.07727197802,92404.50828191348
29027,2025,9,1,29151,142440.83488137228,144782.59742768962
01039,2023,4,2,"01013,01035",72691.51190077393,64644.49986541823
04011,2025,9,1,35003,,142575.07282754732
51161,2023,9,1,51045,220056.63103877447,108905.79573129148
55011,2023,7,1,55035,123903.27229575605,200096.5365823705
48479,2022,9,2,"48247,48127",133360.08060339125,68638.2830520413
20039,2025,8,1,31065,43807.53896665405,71798.00800367765
31075,2022,4,1,31091,,63172.45943573639
06071,2023,6,1,04012,369386.1286479578,132530.16141099198
48129,2023,10,1,48011,,118708.14984327
05023,2024,10,1,05137,145789.4282594673,120936.78632358852
45075,2023,5,1,45009,69873.48546041473,60225.73185638
29141,2023,2,1,29135,162586.55840956367,109877.12611517023
35043,2024,9,2,"35031,35006",290347.8107778382,115245.75192054038
24001,2024,8,2,"42057,42009",78049.77821083316,112934.45317712153
27007,2024,7,2,"27029,27071",150701.79056000206,88285.89102028785
42037,2025,6,1,42093,150920.7000991633,172309.42073650347
19193,2025,7,2,"19047,31173",125267.7558230213,76714.38672207418
39157,2023,8,2,"39075,39151",107752.85797575336,138531.7505182787
13095,2022,8,1,13037,60445.118492026384,48529.86028592468
29045,2020,6,1,29103,,50192.82220995695
48017,2025,6,1,35009,,94060.7154539472
13015,2021,7,1,13227,184402.45564430289,210597.413226389
29186,2022,5,1,17133,125342.01625156798,172699.05544601567
27011,2024,6,2,"27073,27149",76938.12795056366,101167.68044293506
17023,2022,6,1,17079,69369.89714569632,74602.30121337315
47031,2024,7,1,47177,196538.6813925566,158557.84964046298
56043,2020,8,2,"56017,56029",101380.20083144368,133173.5669843942
01071,2022,11,1,47051,113431.81569086756,174758.0542738455
06051,2025,2,1,06109,479708.329801387,310954.16467141936
55115,2020,7,1,55078,90010.27884273733,111777.08175538418
55033,2024,8,1,55091,198571.12951030824,158495.87103376296
47049,2021,3,1,47137,94874.07569975064,96500.72917329492
13153,2024,8,2,"13193,13225",155491.45641052167,88218.19026306701
47163,2022,2,1,51520,130650.43224418227,85139.16740991492
48055,2022,5,2,"48177,48149",227893.100251064,192501.6704442072
04025,2023,1,1,04012,348668.61315750045,128008.13956061535
22107,2025,8,2,"22041,22029",91626.09399246056,50336.13114796579
01101,2024,12,1,01041,74209.16313022097,69406.13223858342
41043,2023,4,3,"41039,41003,41053",274061.773031431,370021.5323265479
13261,2022,5,1,13307,60863.57325532441,83597.6474170098
50007,2021,7,1,50015,283211.7957844792,236512.21652670403
48135,2024,5,1,48475,154625.40203947757,103786.8337560509
30001,2020,6,3,"30093,30023,16059",152578.89739109215,95133.06073645974
38103,2023,4,1,38083,,85612.7783931129
21015,2025,2,1,21081,238687.73552121103,192402.55541465283
31143,2024,4,1,31121,106826.33840022044,111080.57244728145
39029,2023,7,2,"39099,39151",76139.24427286627,82598.45823914451
40141,2021,4,1,40033,23682.332761367375,41789.38148734917
01093,2022,10,4,"01075,01057,28057,01133",82354.06953171045,82779.06953895724
48255,2022,5,3,"48177,48013,48123",118098.85571518302,143395.85365803415
08083,2022,6,1,08111,258920.44920266283,290620.3797579626
37027,2024,8,1,37011,134914.9084189591,214027.97831289913
19161,2021,12,3,"19021,19093,19035",64841.89062829242,78652.36291102819
20025,2024,8,2,"20097,40059",42349.89378118836,61441.810735574836
48245,2025,7,1,48071,92274.73855770985,242978.18259948317
20131,2020,6,2,"31133,31147",68444.47982550801,45211.08581836064
48015,2023,4,1,48481,231046.83666464497,128564.56289186885
17137,2025,9,1,17009,63544.68582019998,81691.13806811985
12121,2025,8,2,"12067,12041",162320.2988552644,150830.2641457247
12105,2020,8,2,"12049,12055",142263.76730327704,78906.4847886124
47111,2025,5,1,47159,160398.82119273662,182366.8016663148
48167,2023,3,1,48071,214002.32187839464,232502.79790575747
13215,2024,9,1,13053,99437.98689612196,75622.82523824256
44003,2022,9,1,44005,283498.2643893967,423743.515812776
37115,2021,7,3,"47171,37199,37087",205488.82055392445,149362.69542314732
40113,2021,4,1,40103,91439.35639690825,55564.78826045039
40125,2022,7,1,40133,87586.76657133763,45481.64102759226
49027,2020,5,2,"32017,32033",140405.98856895184,91512.44524674676
48241,2021,4,1,48199,107635.00651294024,133732.31224489037
17159,2020,4,1,17079,59133.51250077664,75276.19397571258
22033,2023,8,2,"22037,22121",127038.154092507,141946.12482450085
39065,2025,6,2,"39101,39063",101097.39915004582,121852.01693316903
45057,2025,7,1,45023,205613.34992838043,120336.53136631344
41015,2024,12,2,"41019,41033",321990.7651862489,262247.090144871
41045,2020,6,3,"16075,41025,16087",117481.44827895908,123340.69522405668
48073,2024,4,1,48225,125325.82805131124,115058.35847352968
01009,2021,12,1,01043,145652.62037852305,153963.7317376061
12115,2022,5,1,12027,304049.3422585451,163092.4505628609
06053,2024,3,1,06079,618404.9161786691,628851.8429969776
51059,2021,2,1,51600,408720.6506336685,427384.2899467745
29055,2021,5,1,29073,100023.49956211192,88070.98449318796
30065,2022,7,1,30027,129548.33619764024,153336.640597448
46109,2025,9,1,27155,108529.22655107184,53285.03087495347
12083,2024,7,1,12017,204608.82505163745,200957.05501402903
27143,2021,9,1,27019,143522.33114231852,298691.7998181824
54085,2020,1,1,54105,41683.02029223341,39803.9866321895
47145,2021,6,1,47105,130826.16109912866,178376.20381938128
41013,2023,5,1,41069,319237.5172790328,120546.93300140982
20167,2024,6,1,20141,51787.39832560174,34560.41783677281
29075,2023,8,1,29003,67843.5475515274,138592.02064918753
31071,2023,10,1,31089,98141.68468569109,78920.15151786056
53059,2020,9,2,"41027,53011",264084.1822135032,337451.9451426347
20103,2023,5,1,20209,183122.84908914528,116633.03712027497
29107,2020,5,2,"29033,29177",81337.2664006987,72443.95114323059
41005,2022,11,4,"41071,41047,41027,41051",446358.4484741315,398829.0627579812
12115,2025,6,1,12015,276222.08616516594,217197.8615827904
06047,2023,4,2,"06069,06085",315719.25197815493,788672.4856876526
48025,2024,2,1,48391,86239.43938458055,70331.22912092313
55003,2023,8,1,55051,108692.43636464357,109830.37032988168
05035,2025,5,1,05077,72493.62491431921,62789.80429601206
05057,2025,1,1,05109,61973.680769341016,102941.59847597954
19161,2023,5,3,"19021,19093,19035",71059.66885977054,83863.32837139843
08085,2021,9,2,"08091,08029",252045.87138071048,312535.681721829
21085,2024,7,1,21061,108654.7330098036,100315.4368730623
45015,2022,3,2,"45043,45089",240190.81623061365,108707.66535010774
26003,2025,4,3,"26153,26095,26083",120137.28134049206,90900.45006857607
08023,2021,7,2,"08021,08003",108035.9916124476,130665.56428214165
18041,2022,3,1,18065,67757.21213380511,84272.07283465735
05017,2022,7,1,22067,,50703.036620497085
19063,2024,6,1,27091,69675.0092538023,94026.77693177178
40151,2020,6,1,20033,46097.44479580063,37214.85855513305
17011,2023,5,1,17175,66334.37469274177,75881.51927246728
28051,2023,12,2,"28083,28015",31492.829985338496,68885.91770817555
51117,2021,7,1,37181,80932.87144748426,78665.65009027581
48231,2025,1,1,48379,186948.17883382,158174.35994229748
47075,2025,5,1,47069,91025.36765762548,73091.87794644712
39147,2021,5,2,"39077,39143",82441.00462914938,90275.65805049281
18157,2023,7,1,18181,176557.1053156537,117819.28459380008
48243,2024,7,2,"48377,48109",146671.84467738276,107064.07896305385
26103,2022,6,1,26083,115910.86385632335,77531.98167402299
32031,2023,5,4,"06049,32019,41037,32029",385092.62594488246,216769.19414267142
22107,2022,5,1,28063,129079.86813237506,89517.31594903655
17019,2023,5,1,17147,116227.92380236446,104203.03993121463
48099,2023,5,1,48193,152131.51735201225,121060.98511056788
13081,2024,6,2,"13261,13315",53030.208768387536,69809.46363942607
18181,2025,6,1,18131,135121.46002558808,112497.59319515996
18055,2021,3,1,18101,71512.74105217743,71996.84300103046
41055,2024,8,1,41065,,282594.4037701809
05041,2023,1,1,05107,53079.322586283066,24060.42665867807
17161,2023,7,1,19115,84790.40402397595,82192.00546256933
20011,2025,7,1,20133,54569.92326954505,47282.79952175517
53077,2020,2,5,"53037,53033,53041,53053,53059",162499.63564697697,270632.76093845814
17033,2021,7,1,17079,,78350.52697767846
26053,2024,6,2,"55003,26071",62602.50873020369,86431.51762941165
13105,2021,10,1,13317,75873.7704975352,63704.05620051639
31179,2023,9,2,"31139,31173",129285.37008187424,84950.27010073996
05111,2025,8,1,05067,67989.25731625945,48549.13935377547
54061,2022,9,1,54049,144263.41765326087,79623.55199263884
46025,2021,5,2,"46005,46077",103517.60033461056,91383.73030970042
47137,2022,5,1,47027,112326.34113049008,100402.38393697453
18095,2021,4,1,18159,74080.13189469691,103137.07103766118
06065,2021,7,1,04012,366349.6078760363,110331.24050619952
08119,2025,6,1,08043,323617.5346665149,239897.69943184397
31031,2022,9,2,"31091,31103",108237.34945582614,84260.42919882022
17115,2022,4,1,17039,43499.612154950795,65785.35300217285
19097,2023,7,1,17015,114149.21047390936,53626.23322430748
47165,2024,9,1,21213,304450.84573102446,165973.56816423518
48469,2022,7,2,"48057,48239",121899.641479246,127704.2234550972
53043,2022,6,1,53001,177286.48556484483,196446.63416662015
32001,2023,9,1,32019,265299.71619919356,318804.82662929397
22039,2021,9,1,22003,50973.98463332065,49883.9838172443
18091,2024,7,1,18149,149198.03346221475,132396.4365661074
45007,2022,8,1,13147,151294.29090414924,170423.41387189247
51153,2023,4,1,51685,393014.72724791215,323490.9887077732
06031,2023,1,2,"06053,06079",241079.40427780725,589428.1393219759
35047,2025,8,1,35057,165139.99985572943,129464.69665346776
22103,2022,7,1,28045,197019.8958898835,148527.11821359344
26055,2020,10,2,"26089,26019",167204.7458310511,203966.3555049077
48201,2022,8,2,"48071,48291",201079.21614978052,190799.674406019
18053,2023,6,2,"18009,18103",67510.27564168733,65513.467002211386
01073,2023,8,1,01007,95675.53590196256,151126.912244953
16031,2022,9,2,"16053,16083",211855.44094224644,261655.42679758658
28077,2021,5,1,28147,78850.25052557437,92039.83687537244
17047,2025,8,2,"17159,17185",58753.909539120206,64087.2522073573
55007,2024,3,1,55003,156085.61225244286,108461.87295230504
30009,2021,5,1,56029,207752.40522176443,206129.94890754725
49019,2020,5,1,49007,264545.4013524965,93840.45489609768
41025,2025,7,4,"41013,41037,32013,41023",120281.41044845602,206446.94645791175
05129,2024,11,1,05137,105036.67001519087,119925.14602955694
55067,2025,4,1,55041,117948.33148682764,96428.82215940424
28057,2023,8,1,28117,81294.2252829603,90044.21447838674
34025,2022,5,1,34021,406988.3478972511,206110.42436647497
06073,2024,7,1,06059,683970.612131285,793332.8789501605
08013,2023,5,1,08047,484970.8601834237,364487.86004646
05141,2025,9,2,"05129,05137",88140.63579051285,105965.74150222809
23005,2025,9,2,"23023,23001",390860.8842873741,268157.98538791534
19065,2025,6,1,19055,67654.73729643002,115213.15421963677
05147,2022,3,2,"05037,05123",,53772.77628898535
26091,2025,5,1,39095,136119.83801979222,80239.35062382343
16029,2021,9,2,"16041,16007",169976.6318557556,231886.63599316118
17059,2021,3,1,17165,,39362.01140961889
21099,2020,1,1,21169,72000.21080438315,45783.333020461345
20151,2024,7,1,20097,64870.75904312608,69833.23871237488
06015,2022,11,2,"41015,41033",234759.16271640375,299991.18703798193
48117,2020,5,1,48369,81098.19563160735,70597.53027713748
04013,2024,9,1,04027,355370.2906442533,211194.78006557535
26127,2025,5,1,26105,135632.5795121888,147236.22009875395
47075,2022,2,2,"47097,47033",78439.32894736681,74281.45139903817
29053,2023,3,1,29135,133326.54772554548,110552.6386809576
06057,2023,2,1,06091,429913.7955121939,194970.26231875783
47163,2022,6,1,51520,135395.15130706746,88498.88790734638
47065,2024,9,3,"13047,47121,13295",229488.94209173095,172359.41254766227
18169,2025,5,1,18103,113962.573997907,83780.93688955404
21151,2025,5,4,"21109,21049,21065,21203",193643.7425494984,107445.92307029142
32013,2024,9,1,32015,202085.6581403276,137259.96723664834
37139,2024,6,1,37177,156515.27421213026,84625.20557840636
04025,2023,5,1,04012,343806.76787574514,131242.09998859107
26043,2024,6,2,"55037,26071",100875.89718960244,75399.68906975654
20105,2025,8,2,"20123,20141",46618.95265330086,57550.48182643182
48037,2022,11,1,05081,122200.95235182048,74315.21795698146
48411,2022,5,1,48333,,207985.5487426822
08049,2021,5,3,"08019,08047,08107",365533.37200180447,334592.41354990145
48135,2024,9,1,48475,159531.07188517085,107472.63401793824
47049,2024,8,1,47137,147135.88255612657,116156.89035001874
39119,2021,6,1,39115,93153.92754510604,74533.36903602292
56003,2022,4,1,56043,136763.91685309738,130345.12647718396
42123,2025,6,2,"42039,42049",74391.37135506498,104376.71025344517
05139,2023,3,3,"22067,05011,05003",57572.493524245685,48277.918037441654
31021,2024,7,3,"31173,31039,31053",86445.79733108012,116344.24962973926
41025,2022,6,2,"41037,41013",110719.02549790546,229413.43952901082
08073,2025,9,2,"08061,08025",145559.81503661707,97708.23343963915
28113,2020,11,1,28005,66116.81254946752,83087.07546386762
24005,2025,5,1,24029,252096.4930382093,244054.68086762703
29071,2025,4,1,29073,163514.3550039835,125358.12381376774
26029,2020,7,3,"26089,26097,26009",142008.55378929828,145234.1732208055
55113,2023,8,2,"55107,55005",169360.6068079859,123023.63754509825
48371,2023,6,1,48243,85067.627104041,159117.10372813672
32023,2020,6,4,"32017,32021,32033,32001",195245.63708068585,111734.3811664263
22045,2022,12,2,"22047,22007",65151.33391062644,83813.02401886508
51199,2020,5,1,51735,232210.4937212468,234793.5992006912
13265,2022,6,4,"13221,13133,13317,13301",71980.38975035549,131847.93391671206
55029,2020,9,2,"26089,26019",149434.06110027496,200101.48498139402
18063,2022,6,1,18109,235920.5513497994,180717.26171542984
16041,2023,7,2,"49033,49005",300916.06466243876,327855.05503009376
39041,2025,7,3,"39101,39117,39083",343453.9583429444,139411.83371555086
56005,2020,5,1,56033,181638.6456095605,198493.9724866996
56037,2024,6,1,49009,179839.81991622367,196984.4872823181
48283,2022,4,2,"48127,48013",83933.48709241186,124923.40169704307
19083,2024,7,1,19069,71671.96696218298,70902.48158191517
13045,2024,8,1,13143,213180.2329177583,179165.48053776336
54087,2023,8,1,54105,60446.21655154554,54685.41999890672
20191,2023,8,1,40053,59949.53232244408,57625.8571636964
30031,2020,8,2,"56029,30043",318142.2818681108,180842.70555903247
38043,2024,8,2,"38083,38093",,94097.90049136849
31127,2024,7,1,31097,79928.03723061975,83652.21446837037
47111,2025,9,1,47159,162861.36701944863,179009.8594907357
05075,2025,8,2,"05121,05067",70269.26377883904,60849.61438275185
16043,2021,8,2,"16065,16081",256770.2897686212,333661.1585856414
21161,2024,8,2,"21201,21023",77334.76346180205,115526.05571469196
20121,2024,8,1,20107,207804.22509507625,70084.1689615388
32033,2023,5,3,"49027,49023,49045",101546.93541569012,291551.24596092454
29099,2023,3,2,"29221,29186",172783.8233832236,108939.53203246758
37047,2025,5,1,37141,102110.3900027568,279461.77216716344
29021,2025,7,2,"29063,20043",101243.95089691924,99627.87430825732
35013,2020,7,1,48141,126998.09227075808,110694.61966727197
44005,2023,6,2,"44001,44003",436602.1830951711,356783.671884426
28153,2025,5,5,"28061,28041,28111,28023,01023",75518.86526978847,77496.67503365435
24015,2025,4,1,24029,269734.77758118015,244524.4183920439
22045,2021,4,2,"22047,22007",66635.71960743894,98028.59325945406
21079,2025,6,1,21203,190326.72973642097,98826.58644547388
18149,2020,6,1,18131,75860.30309758456,62331.069846558974
31015,2020,7,1,31107,109148.9331965293,62531.23388488862
37017,2025,4,1,37141,79171.25231358666,279758.5816183831
51081,2022,7,1,51595,78890.68196830232,73807.94518269888
